mulai,selesai,durasi_jam,nilai_min,nilai_rata,jam_mulai
2021-02-23 13:30:00,2021-02-23 14:00:00,0.75,9.0,9.200000000000001,13
2021-02-23 22:30:00,2021-02-23 22:45:00,0.5,8.7,8.8,22
2021-02-26 21:15:00,2021-02-26 21:45:00,0.75,9.1,9.333333333333334,21
2021-02-27 22:00:00,2021-02-27 23:30:00,1.75,8.4,8.8,22
2021-02-28 10:45:00,2021-02-28 11:00:00,0.5,8.9,9.0,10
2021-02-28 22:45:00,2021-03-01 01:00:00,2.5,7.8,8.48,22
2021-03-01 12:00:00,2021-03-01 12:45:00,1.0,8.1,8.275,12
2021-03-01 23:30:00,2021-03-02 00:00:00,0.75,8.3,8.466666666666667,23
2021-03-07 12:30:00,2021-03-07 13:30:00,1.25,7.9,8.14,12
2021-03-12 22:00:00,2021-03-12 23:30:00,1.75,7.3,7.7,22
2021-03-13 11:30:00,2021-03-13 12:15:00,1.0,7.2,7.3999999999999995,11
2021-03-13 22:45:00,2021-03-14 02:00:00,3.5,6.6,7.335714285714286,22
2021-03-14 23:15:00,2021-03-15 00:45:00,1.75,7.0,7.471428571428572,23
2021-03-16 12:30:00,2021-03-16 13:15:00,1.0,7.3,7.4750000000000005,12
2021-03-17 00:30:00,2021-03-17 02:15:00,2.0,6.8,7.3125,0
2021-03-17 12:15:00,2021-03-17 12:45:00,0.75,7.5,7.666666666666667,12
2021-03-18 01:15:00,2021-03-18 03:00:00,2.0,6.7,7.225,1
2021-03-18 23:45:00,2021-03-19 00:00:00,0.5,7.3,7.4,23
2021-03-19 02:30:00,2021-03-19 03:00:00,0.75,6.6,6.766666666666666,2
2021-03-25 20:00:00,2021-03-25 21:00:00,1.25,6.6,7.06,20
2021-03-26 08:45:00,2021-03-26 10:00:00,1.5,6.2,6.7,8
2021-03-26 20:45:00,2021-03-26 22:15:00,1.75,6.1,6.728571428571429,20
2021-03-27 09:45:00,2021-03-27 11:00:00,1.5,5.9,6.349999999999999,9
2021-03-27 21:45:00,2021-03-27 23:15:00,1.75,5.8,6.457142857142856,21
2021-03-28 09:45:00,2021-03-28 11:15:00,1.75,6.1,6.671428571428571,9
2021-03-28 22:15:00,2021-03-29 00:00:00,2.0,5.8,6.475,22
2021-03-29 11:45:00,2021-03-29 12:15:00,0.75,6.3,6.466666666666666,11
2021-03-29 23:15:00,2021-03-30 00:30:00,1.5,6.4,6.883333333333334,23
2021-03-30 12:00:00,2021-03-30 12:45:00,1.0,6.3,6.55,12
2021-03-31 00:45:00,2021-03-31 01:45:00,1.25,6.1,6.4799999999999995,0
2021-04-01 00:45:00,2021-04-01 02:30:00,2.0,5.9,6.45,0
2021-04-02 03:00:00,2021-04-02 03:15:00,0.5,6.6,6.699999999999999,3
2021-04-07 08:00:00,2021-04-07 08:45:00,1.0,6.5,6.725,8
2021-04-08 08:45:00,2021-04-08 09:15:00,0.75,6.5,6.7,8
2021-04-08 21:15:00,2021-04-08 22:00:00,1.0,6.2,6.499999999999999,21
2021-04-09 09:45:00,2021-04-09 10:30:00,1.0,6.0,6.3,9
2021-04-09 21:30:00,2021-04-09 23:00:00,1.75,5.6,6.171428571428572,21
2021-04-10 09:30:00,2021-04-10 11:30:00,2.25,5.5,6.177777777777778,9
2021-04-10 13:00:00,2021-04-10 13:30:00,0.75,5.3,5.366666666666667,13
2021-04-10 22:45:00,2021-04-10 23:30:00,1.0,5.7,6.0249999999999995,22
2021-04-11 10:00:00,2021-04-11 11:15:00,1.5,5.8,6.349999999999999,10
2021-04-11 23:00:00,2021-04-12 00:15:00,1.5,5.6,6.1000000000000005,23
2021-04-12 10:15:00,2021-04-12 11:30:00,1.5,6.0,6.483333333333333,10
2021-04-12 23:00:00,2021-04-13 00:30:00,1.75,5.6,6.185714285714286,23
2021-04-13 11:00:00,2021-04-13 12:30:00,1.75,6.1,6.571428571428571,11
2021-04-14 00:00:00,2021-04-14 01:30:00,1.75,5.6,6.128571428571428,0
2021-04-14 11:15:00,2021-04-14 12:45:00,1.75,6.1,6.542857142857143,11
2021-04-15 00:15:00,2021-04-15 02:00:00,2.0,5.8,6.35,0
2021-04-16 00:45:00,2021-04-16 02:15:00,1.75,5.7,6.228571428571429,0
2021-04-16 11:00:00,2021-04-16 11:15:00,0.5,6.3,6.5,11
2021-04-16 12:45:00,2021-04-16 13:45:00,1.25,6.4,6.68,12
2021-04-17 02:45:00,2021-04-17 03:30:00,1.0,5.5,5.8,2
2021-04-17 13:00:00,2021-04-17 13:30:00,0.75,6.3,6.466666666666666,13
2021-04-18 02:30:00,2021-04-18 04:00:00,1.75,5.4,5.957142857142856,2
2021-04-19 03:00:00,2021-04-19 04:45:00,2.0,5.4,6.0,3
2021-04-20 05:15:00,2021-04-20 06:15:00,1.25,5.5,5.8,5
2021-04-21 05:30:00,2021-04-21 06:45:00,1.5,5.4,5.816666666666666,5
2021-04-23 07:45:00,2021-04-23 08:15:00,0.75,6.1,6.266666666666666,7
2021-04-23 19:45:00,2021-04-23 21:15:00,1.75,6.0,6.3999999999999995,19
2021-04-24 08:30:00,2021-04-24 09:30:00,1.25,5.6,5.9399999999999995,8
2021-04-24 20:45:00,2021-04-24 21:45:00,1.25,5.9,6.239999999999999,20
2021-04-25 09:15:00,2021-04-25 10:00:00,1.0,5.8,6.1000000000000005,9
2021-04-25 21:15:00,2021-04-25 23:00:00,2.0,5.6,6.1875,21
2021-04-26 10:15:00,2021-04-26 10:30:00,0.5,6.0,6.1,10
2021-04-26 22:00:00,2021-04-27 00:00:00,2.25,5.6,6.255555555555556,22
2021-04-27 11:00:00,2021-04-27 11:15:00,0.5,5.9,6.0,11
2021-04-27 21:15:00,2021-04-28 00:30:00,3.5,5.6,6.628571428571428,21
2021-04-28 22:15:00,2021-04-29 02:00:00,4.0,5.1,6.2749999999999995,22
2021-04-29 23:00:00,2021-04-30 02:15:00,3.5,5.3,6.235714285714287,23
2021-04-30 11:15:00,2021-04-30 13:15:00,2.25,5.7,6.133333333333334,11
2021-05-01 01:15:00,2021-05-01 03:00:00,2.0,5.2,5.85,1
2021-05-02 02:30:00,2021-05-02 04:15:00,2.0,5.3,5.925000000000001,2
2021-05-02 06:15:00,2021-05-02 06:30:00,0.5,4.4,4.5,6
2021-05-03 04:15:00,2021-05-03 05:15:00,1.25,5.1,5.4799999999999995,4
2021-05-03 15:30:00,2021-05-03 16:15:00,1.0,5.9,6.074999999999999,15
2021-05-04 05:30:00,2021-05-04 06:30:00,1.25,4.9,5.239999999999999,5
2021-05-04 09:00:00,2021-05-04 10:30:00,1.75,4.5,4.700000000000001,9
2021-05-04 16:30:00,2021-05-04 17:15:00,1.0,5.9,6.074999999999999,16
2021-05-05 06:00:00,2021-05-05 07:00:00,1.25,4.9,5.26,6
2021-05-05 18:30:00,2021-05-05 19:45:00,1.5,5.2,5.516666666666667,18
2021-05-06 07:45:00,2021-05-06 08:15:00,0.75,5.0,5.166666666666667,7
2021-05-06 18:45:00,2021-05-06 20:30:00,2.0,5.4,5.925,18
2021-05-07 07:00:00,2021-05-07 09:45:00,3.0,4.7,5.3999999999999995,7
2021-05-07 20:30:00,2021-05-07 21:30:00,1.25,5.4,5.68,20
2021-05-08 08:15:00,2021-05-08 09:15:00,1.25,5.3,5.64,8
2021-05-08 20:30:00,2021-05-08 22:15:00,2.0,5.3,5.7875,20
2021-05-09 21:30:00,2021-05-09 23:15:00,2.0,5.2,5.75,21
2021-05-10 08:45:00,2021-05-10 10:00:00,1.5,5.6,5.933333333333334,8
2021-05-10 22:15:00,2021-05-11 00:00:00,2.0,4.8,5.387499999999999,22
2021-05-11 10:15:00,2021-05-11 10:45:00,0.75,5.1,5.366666666666667,10
2021-05-11 22:30:00,2021-05-12 02:30:00,4.25,4.2,5.005882352941177,22
2021-05-12 10:00:00,2021-05-12 13:00:00,3.25,4.5,5.023076923076924,10
2021-05-12 23:30:00,2021-05-13 01:15:00,2.0,4.8,5.475,23
2021-05-13 09:30:00,2021-05-13 11:45:00,2.5,5.4,5.9399999999999995,9
2021-05-13 14:45:00,2021-05-13 15:00:00,0.5,4.9,5.050000000000001,14
2021-05-14 00:45:00,2021-05-14 01:45:00,1.25,5.0,5.38,0
2021-05-14 15:15:00,2021-05-14 15:45:00,0.75,5.3,5.433333333333334,15
2021-05-15 00:30:00,2021-05-15 02:30:00,2.25,5.1,5.833333333333334,0
2021-05-16 01:00:00,2021-05-16 02:45:00,2.0,5.4,6.0625,1
2021-05-17 01:45:00,2021-05-17 03:30:00,2.0,5.4,6.012499999999999,1
2021-05-18 03:15:00,2021-05-18 04:30:00,1.5,5.2,5.666666666666667,3
2021-05-19 03:30:00,2021-05-19 05:15:00,2.0,5.2,5.800000000000001,3
2021-05-20 05:15:00,2021-05-20 06:00:00,1.0,5.1,5.324999999999999,5
2021-05-21 05:45:00,2021-05-21 07:00:00,1.5,5.1,5.516666666666666,5
2021-05-22 07:00:00,2021-05-22 08:00:00,1.25,5.0,5.34,7
2021-05-22 19:15:00,2021-05-22 20:15:00,1.25,5.4,5.779999999999999,19
2021-05-23 07:15:00,2021-05-23 08:45:00,1.75,4.5,5.071428571428571,7
2021-05-23 20:30:00,2021-05-23 21:30:00,1.25,4.9,5.38,20
2021-05-24 08:15:00,2021-05-24 09:15:00,1.25,4.6,5.06,8
2021-05-24 20:15:00,2021-05-24 23:00:00,3.0,4.4,5.525000000000001,20
2021-05-25 09:15:00,2021-05-25 10:30:00,1.5,4.3,4.766666666666667,9
2021-05-25 21:45:00,2021-05-25 23:30:00,2.0,4.6,5.425,21
2021-05-26 08:15:00,2021-05-26 11:00:00,3.0,4.7,5.533333333333334,8
2021-05-26 21:45:00,2021-05-27 00:30:00,3.0,4.6,5.658333333333332,21
2021-05-27 09:00:00,2021-05-27 09:45:00,1.0,5.3,5.624999999999999,9
2021-05-27 11:15:00,2021-05-27 11:30:00,0.5,4.8,4.9,11
2021-05-27 14:30:00,2021-05-27 15:30:00,1.25,4.4,4.56,14
2021-05-27 21:45:00,2021-05-28 01:15:00,3.75,4.5,5.753333333333334,21
2021-05-28 03:15:00,2021-05-28 03:45:00,0.75,3.4,3.566666666666667,3
2021-05-28 12:15:00,2021-05-28 12:30:00,0.5,4.8,4.9,12
2021-05-29 01:15:00,2021-05-29 02:00:00,1.0,4.9,5.2,1
2021-05-29 04:45:00,2021-05-29 06:00:00,1.5,3.7,4.05,4
2021-05-29 13:00:00,2021-05-29 13:45:00,1.0,4.8,5.025,13
2021-05-29 23:30:00,2021-05-30 00:15:00,1.0,5.6,5.975,23
2021-05-30 02:00:00,2021-05-30 02:45:00,1.0,4.7,5.0,2
2021-05-30 05:00:00,2021-05-30 05:15:00,0.5,3.4,3.5999999999999996,5
2021-05-30 12:00:00,2021-05-30 13:45:00,2.0,5.2,5.6,12
2021-05-31 02:15:00,2021-05-31 04:00:00,2.0,4.7,5.3375,2
2021-05-31 12:45:00,2021-05-31 14:30:00,2.0,5.6,6.0875,12
2021-05-31 18:00:00,2021-05-31 18:15:00,0.5,4.3,4.65,18
2021-06-01 01:15:00,2021-06-01 05:00:00,4.0,4.8,5.86875,1
2021-06-01 07:00:00,2021-06-01 07:30:00,0.75,3.8,4.033333333333334,7
2021-06-01 15:30:00,2021-06-01 16:00:00,0.75,5.6,5.766666666666666,15
2021-06-01 19:00:00,2021-06-01 19:15:00,0.5,4.6,4.699999999999999,19
2021-06-02 04:00:00,2021-06-02 05:45:00,2.0,4.6,5.275,4
2021-06-02 16:00:00,2021-06-02 16:45:00,1.0,5.6,5.85,16
2021-06-03 04:30:00,2021-06-03 06:15:00,2.0,4.6,5.25,4
2021-06-03 17:00:00,2021-06-03 18:45:00,2.0,5.0,5.5125,17
2021-06-04 06:15:00,2021-06-04 07:15:00,1.25,4.6,4.9399999999999995,6
2021-06-04 16:15:00,2021-06-04 16:30:00,0.5,5.8,6.05,16
2021-06-04 18:30:00,2021-06-04 20:00:00,1.75,5.1,5.614285714285714,18
2021-06-04 22:00:00,2021-06-04 22:30:00,0.75,3.7,3.9666666666666663,22
2021-06-05 07:00:00,2021-06-05 08:30:00,1.75,4.5,4.8999999999999995,7
2021-06-05 10:15:00,2021-06-05 10:30:00,0.5,3.4,3.65,10
2021-06-05 17:00:00,2021-06-05 17:15:00,0.5,5.4,5.800000000000001,17
2021-06-05 18:45:00,2021-06-05 20:45:00,2.25,5.0,5.722222222222222,18
2021-06-05 22:15:00,2021-06-05 23:15:00,1.25,3.1,4.0600000000000005,22
2021-06-06 05:15:00,2021-06-06 05:30:00,0.5,4.4,4.85,5
2021-06-06 07:00:00,2021-06-06 09:00:00,2.25,4.5,4.988888888888889,7
2021-06-06 19:30:00,2021-06-06 22:00:00,2.75,4.4,5.327272727272727,19
2021-06-07 05:45:00,2021-06-07 06:00:00,0.5,4.3,4.85,5
2021-06-07 07:45:00,2021-06-07 08:45:00,1.25,4.7,5.02,7
2021-06-07 20:45:00,2021-06-07 22:30:00,2.0,4.3,5.025,20
2021-06-08 08:30:00,2021-06-08 09:30:00,1.25,4.5,4.86,8
2021-06-08 19:30:00,2021-06-08 23:15:00,4.0,4.3,5.637499999999999,19
2021-06-09 09:00:00,2021-06-09 10:45:00,2.0,4.3,4.800000000000001,9
2021-06-09 22:00:00,2021-06-10 00:00:00,2.25,4.3,5.0777777777777775,22
2021-06-10 09:30:00,2021-06-10 10:15:00,1.0,5.1,5.324999999999999,9
2021-06-10 20:45:00,2021-06-11 00:45:00,4.25,4.5,5.741176470588235,20
2021-06-11 11:00:00,2021-06-11 11:30:00,0.75,5.0,5.166666666666667,11
2021-06-11 21:00:00,2021-06-11 22:00:00,1.25,5.8,6.16,21
2021-06-12 00:00:00,2021-06-12 03:00:00,3.25,3.7,4.6692307692307695,0
2021-06-12 12:00:00,2021-06-12 12:30:00,0.75,5.0,5.166666666666667,12
2021-06-13 01:15:00,2021-06-13 02:00:00,1.0,4.5,4.8,1
2021-06-13 10:00:00,2021-06-13 10:15:00,0.5,4.8,5.05,10
2021-06-13 11:45:00,2021-06-13 12:15:00,0.75,5.3,5.433333333333334,11
2021-06-13 13:45:00,2021-06-13 15:00:00,1.5,4.1,4.433333333333334,13
2021-06-13 22:30:00,2021-06-13 22:45:00,0.5,5.6,5.85,22
2021-06-14 00:30:00,2021-06-14 03:00:00,2.75,3.9,4.827272727272728,0
2021-06-14 04:30:00,2021-06-14 04:45:00,0.5,3.0,3.15,4
2021-06-14 17:45:00,2021-06-14 18:45:00,1.25,4.8,4.98,17
2021-06-14 23:15:00,2021-06-15 03:00:00,4.0,4.3,5.625,23
2021-06-15 11:45:00,2021-06-15 14:15:00,2.75,4.9,5.618181818181818,11
2021-06-16 02:30:00,2021-06-16 04:15:00,2.0,4.3,4.8375,2
2021-06-16 14:15:00,2021-06-16 14:30:00,0.5,5.9,6.0,14
2021-06-16 18:15:00,2021-06-16 18:30:00,0.5,4.3,4.449999999999999,18
2021-06-17 03:00:00,2021-06-17 07:00:00,4.25,2.8,4.3999999999999995,3
2021-06-17 15:00:00,2021-06-17 15:15:00,0.5,5.9,6.0,15
2021-06-17 19:00:00,2021-06-17 19:15:00,0.5,4.0,4.5,19
2021-06-18 01:45:00,2021-06-18 05:45:00,4.25,3.9,5.2823529411764705,1
2021-06-18 07:30:00,2021-06-18 07:45:00,0.5,2.8,3.0,7
2021-06-18 14:30:00,2021-06-18 14:45:00,0.5,5.1,5.55,14
2021-06-18 16:15:00,2021-06-18 16:30:00,0.5,5.8,5.9,16
2021-06-18 19:45:00,2021-06-18 20:15:00,0.75,3.6,4.233333333333333,19
2021-06-19 02:45:00,2021-06-19 06:15:00,3.75,4.3,5.3,2
2021-06-19 08:15:00,2021-06-19 08:30:00,0.5,2.7,3.2,8
2021-06-19 17:00:00,2021-06-19 21:00:00,4.25,3.0,4.6000000000000005,17
2021-06-20 03:30:00,2021-06-20 03:45:00,0.5,4.3,4.75,3
2021-06-20 05:30:00,2021-06-20 06:45:00,1.5,4.4,4.8,5
2021-06-20 16:45:00,2021-06-20 18:00:00,1.5,5.7,6.016666666666666,16
2021-06-20 19:45:00,2021-06-20 20:30:00,1.0,5.0,5.225,19
2021-06-20 22:30:00,2021-06-20 23:00:00,0.75,4.2,4.8,22
2021-06-21 00:30:00,2021-06-21 01:30:00,1.25,4.8,5.0,0
2021-06-21 06:15:00,2021-06-21 07:15:00,1.25,4.9,5.140000000000001,6
2021-06-21 10:00:00,2021-06-21 10:30:00,0.75,2.8,3.3666666666666667,10
2021-06-21 20:00:00,2021-06-21 20:45:00,1.0,5.0,5.325,20
2021-06-21 23:30:00,2021-06-21 23:45:00,0.5,2.6,3.3,23
2021-06-22 05:30:00,2021-06-22 05:45:00,0.5,3.5,4.15,5
2021-06-22 07:30:00,2021-06-22 08:30:00,1.25,4.6,4.92,7
2021-06-22 10:00:00,2021-06-22 11:30:00,1.75,2.1,3.414285714285714,10
2021-06-22 20:45:00,2021-06-22 22:00:00,1.5,4.5,5.05,20
2021-06-23 00:00:00,2021-06-23 00:45:00,1.0,2.3,3.0,0
2021-06-23 06:30:00,2021-06-23 06:45:00,0.5,4.0,4.5,6
2021-06-23 08:30:00,2021-06-23 10:45:00,2.5,3.9,4.29,8
2021-06-23 12:45:00,2021-06-23 14:00:00,1.5,3.9,4.083333333333333,12
2021-06-23 22:45:00,2021-06-23 23:30:00,1.0,4.8,5.1000000000000005,22
2021-06-24 10:00:00,2021-06-24 10:45:00,1.0,4.9,5.2,10
2021-06-24 20:45:00,2021-06-25 00:45:00,4.25,4.6,5.670588235294117,20
2021-06-25 10:45:00,2021-06-25 11:30:00,1.0,4.8,5.025,10
2021-06-25 14:15:00,2021-06-25 16:00:00,2.0,4.9,5.199999999999999,14
2021-06-25 21:30:00,2021-06-26 01:00:00,3.75,4.6,5.933333333333334,21
2021-06-26 11:15:00,2021-06-26 12:15:00,1.25,4.8,5.119999999999999,11
2021-06-26 14:30:00,2021-06-26 16:45:00,2.5,4.6,4.94,14
2021-06-26 22:30:00,2021-06-27 02:00:00,3.75,4.4,5.673333333333334,22
2021-06-27 15:30:00,2021-06-27 15:45:00,0.5,4.8,4.9,15
2021-06-27 23:15:00,2021-06-28 02:45:00,3.75,4.5,5.64,23
2021-06-28 11:30:00,2021-06-28 12:00:00,0.75,4.8,5.1000000000000005,11
2021-06-28 13:45:00,2021-06-28 14:30:00,1.0,4.7,4.925,13
2021-06-29 02:15:00,2021-06-29 05:45:00,3.75,3.4,4.34,2
2021-06-29 12:15:00,2021-06-29 14:15:00,2.25,5.3,5.5888888888888895,12
2021-06-29 16:30:00,2021-06-29 17:00:00,0.75,4.7,4.833333333333333,16
2021-06-30 02:45:00,2021-06-30 06:30:00,4.0,3.5,4.3875,2
2021-07-01 04:00:00,2021-07-01 05:15:00,1.5,4.4,4.833333333333333,4
2021-07-01 15:30:00,2021-07-01 16:30:00,1.25,5.7,5.98,15
2021-07-01 19:45:00,2021-07-01 20:15:00,0.75,4.8,4.933333333333334,19
2021-07-02 04:30:00,2021-07-02 05:30:00,1.25,4.8,5.14,4
2021-07-03 18:00:00,2021-07-03 19:45:00,2.0,5.1,5.574999999999999,18
2021-07-04 06:15:00,2021-07-04 08:15:00,2.25,4.3,4.677777777777778,6
2021-07-04 16:30:00,2021-07-04 16:45:00,0.5,5.9,6.050000000000001,16
2021-07-04 18:30:00,2021-07-04 19:30:00,1.25,5.5,5.819999999999999,18
2021-07-05 19:45:00,2021-07-05 20:30:00,1.0,5.3,5.575,19
2021-07-06 07:00:00,2021-07-06 08:15:00,1.5,4.5,4.866666666666666,7
2021-07-06 10:45:00,2021-07-06 11:00:00,0.5,3.6,3.75,10
2021-07-06 20:30:00,2021-07-06 22:00:00,1.75,4.5,5.042857142857143,20
2021-07-07 07:45:00,2021-07-07 09:30:00,2.0,4.1,4.6625,7
2021-07-07 11:45:00,2021-07-07 12:30:00,1.0,3.5,3.7,11
2021-07-07 21:30:00,2021-07-07 22:45:00,1.5,4.3,4.833333333333334,21
2021-07-08 21:15:00,2021-07-08 23:00:00,2.0,4.9,5.512499999999999,21
2021-07-09 07:45:00,2021-07-09 09:45:00,2.25,5.0,5.366666666666666,7
2021-07-09 13:15:00,2021-07-09 13:30:00,0.5,4.2,4.300000000000001,13
2021-07-09 21:45:00,2021-07-09 23:45:00,2.25,4.6,5.388888888888889,21
2021-07-10 09:45:00,2021-07-10 11:00:00,1.5,4.7,5.1,9
2021-07-10 23:15:00,2021-07-11 01:00:00,2.0,4.1,4.7875,23
2021-07-11 09:15:00,2021-07-11 11:30:00,2.5,4.8,5.319999999999999,9
2021-07-11 21:45:00,2021-07-11 22:45:00,1.25,5.9,6.0,21
2021-07-12 00:15:00,2021-07-12 01:00:00,1.0,4.5,4.85,0
2021-07-12 10:00:00,2021-07-12 12:30:00,2.75,4.7,5.3545454545454545,10
2021-07-12 16:30:00,2021-07-12 17:30:00,1.25,4.7,4.880000000000001,16
2021-07-13 00:15:00,2021-07-13 01:45:00,1.75,4.5,5.1571428571428575,0
2021-07-13 12:30:00,2021-07-13 13:45:00,1.5,4.2,4.633333333333334,12
2021-07-13 16:45:00,2021-07-13 17:15:00,0.75,4.0,4.2,16
2021-07-13 23:15:00,2021-07-14 02:45:00,3.75,3.8,5.06,23
2021-07-14 11:30:00,2021-07-14 13:45:00,2.5,4.7,5.330000000000001,11
2021-07-14 17:00:00,2021-07-14 18:00:00,1.25,3.9,4.4399999999999995,17
2021-07-15 01:45:00,2021-07-15 03:30:00,2.0,3.9,4.6125,1
2021-07-15 13:45:00,2021-07-15 15:00:00,1.5,4.9,5.316666666666666,13
2021-07-15 17:45:00,2021-07-15 18:00:00,0.5,4.2,4.35,17
2021-07-16 00:45:00,2021-07-16 04:30:00,4.0,3.9,5.00625,0
2021-07-16 06:00:00,2021-07-16 06:15:00,0.5,3.3,3.4,6
2021-07-16 14:45:00,2021-07-16 15:45:00,1.25,5.3,5.58,14
2021-07-16 18:45:00,2021-07-16 19:00:00,0.5,4.4,4.6,18
2021-07-17 01:30:00,2021-07-17 04:45:00,3.5,4.4,5.228571428571429,1
2021-07-17 15:45:00,2021-07-17 16:45:00,1.25,5.5,5.76,15
2021-07-18 04:30:00,2021-07-18 05:30:00,1.25,4.5,4.779999999999999,4
2021-07-18 17:15:00,2021-07-18 18:30:00,1.5,4.7,5.116666666666666,17
2021-07-18 20:30:00,2021-07-18 21:15:00,1.0,3.6,3.6750000000000003,20
2021-07-19 05:15:00,2021-07-19 07:00:00,2.0,3.7,4.2125,5
2021-07-19 18:15:00,2021-07-19 19:30:00,1.5,4.5,5.0,18
2021-07-19 21:30:00,2021-07-19 22:15:00,1.0,3.1,3.5,21
2021-07-20 06:00:00,2021-07-20 07:30:00,1.75,3.9,4.242857142857142,6
2021-07-20 09:30:00,2021-07-20 10:15:00,1.0,3.2,3.3499999999999996,9
2021-07-20 19:30:00,2021-07-20 21:15:00,2.0,4.0,4.6875,19
2021-07-20 23:15:00,2021-07-20 23:30:00,0.5,3.4,3.5,23
2021-07-21 05:30:00,2021-07-21 08:15:00,3.0,3.9,4.683333333333333,5
2021-07-21 20:15:00,2021-07-21 22:00:00,2.0,4.2,5.075,20
2021-07-22 06:45:00,2021-07-22 09:30:00,3.0,3.8,4.741666666666666,6
2021-07-22 12:00:00,2021-07-22 13:15:00,1.5,3.3,3.466666666666667,12
2021-07-22 15:15:00,2021-07-22 15:45:00,0.75,4.5,4.733333333333333,15
2021-07-22 21:00:00,2021-07-22 23:45:00,3.0,3.4,4.5,21
2021-07-23 09:00:00,2021-07-23 10:45:00,2.0,3.5,4.2625,9
2021-07-23 22:15:00,2021-07-24 00:15:00,2.25,4.0,4.9,22
2021-07-24 10:15:00,2021-07-24 12:00:00,2.0,3.9,4.575,10
2021-07-24 21:15:00,2021-07-25 01:30:00,4.5,3.8,5.283333333333333,21
2021-07-25 11:30:00,2021-07-25 12:00:00,0.75,4.5,4.7,11
2021-07-25 23:00:00,2021-07-26 01:45:00,3.0,4.0,5.1416666666666675,23
2021-07-26 03:45:00,2021-07-26 04:00:00,0.5,3.0,3.15,3
2021-07-26 12:15:00,2021-07-26 12:45:00,0.75,4.5,4.7,12
2021-07-26 15:45:00,2021-07-26 16:00:00,0.5,4.1,4.199999999999999,15
2021-07-27 00:30:00,2021-07-27 02:15:00,2.0,4.0,4.737500000000001,0
2021-07-27 12:30:00,2021-07-27 14:30:00,2.25,3.7,4.333333333333333,12
2021-07-27 16:30:00,2021-07-27 18:00:00,1.75,3.3,3.5000000000000004,16
2021-07-27 23:30:00,2021-07-28 03:00:00,3.75,3.6,4.8999999999999995,23
2021-07-28 13:45:00,2021-07-28 15:00:00,1.5,3.9,4.316666666666666,13
2021-07-29 01:45:00,2021-07-29 04:15:00,2.75,3.2,4.081818181818182,1
2021-07-29 12:45:00,2021-07-29 15:15:00,2.75,4.4,5.1454545454545455,12
2021-07-30 02:30:00,2021-07-30 04:00:00,1.75,3.9,4.385714285714285,2
2021-07-30 13:30:00,2021-07-30 15:45:00,2.5,5.1,5.67,13
2021-07-31 13:15:00,2021-07-31 16:45:00,3.75,5.3,5.906666666666666,13
2021-07-31 18:30:00,2021-07-31 19:30:00,1.25,3.8,4.720000000000001,18
2021-08-01 01:15:00,2021-08-01 02:15:00,1.25,4.9,5.139999999999999,1
2021-08-01 12:30:00,2021-08-01 13:00:00,0.75,5.4,5.5,12
2021-08-01 20:00:00,2021-08-01 21:15:00,1.5,4.5,4.916666666666667,20
2021-08-02 01:30:00,2021-08-02 02:15:00,1.0,5.0,5.15,1
2021-08-02 13:30:00,2021-08-02 15:45:00,2.5,5.4,5.790000000000001,13
2021-08-02 21:30:00,2021-08-02 21:45:00,0.5,4.4,4.75,21
2021-08-03 03:15:00,2021-08-03 03:45:00,0.75,4.3,4.433333333333334,3
2021-08-03 08:30:00,2021-08-03 09:00:00,0.75,4.1,4.2,8
2021-08-03 22:00:00,2021-08-03 22:45:00,1.0,4.0,4.2,22
2021-08-04 04:15:00,2021-08-04 04:45:00,0.75,4.4,4.466666666666667,4
2021-08-04 09:45:00,2021-08-04 10:30:00,1.0,3.6,3.925,9
2021-08-04 13:15:00,2021-08-04 14:00:00,1.0,4.4,4.575,13
2021-08-04 19:15:00,2021-08-04 23:00:00,4.0,3.5,4.425000000000001,19
2021-08-05 05:15:00,2021-08-05 05:30:00,0.5,4.4,4.6,5
2021-08-05 14:45:00,2021-08-05 16:00:00,1.5,4.3,5.166666666666667,14
2021-08-05 20:15:00,2021-08-05 22:30:00,2.5,3.9,4.8,20
2021-08-06 00:00:00,2021-08-06 00:45:00,1.0,3.1,3.25,0
2021-08-06 07:45:00,2021-08-06 09:30:00,2.0,3.8,4.3375,7
2021-08-06 20:45:00,2021-08-06 23:00:00,2.5,3.8,4.83,20
2021-08-07 00:45:00,2021-08-07 01:00:00,0.5,2.9,3.05,0
2021-08-07 08:30:00,2021-08-07 10:15:00,2.0,3.8,4.4125,8
2021-08-07 12:45:00,2021-08-07 13:00:00,0.5,3.0,3.1,12
2021-08-07 20:00:00,2021-08-07 23:30:00,3.75,3.8,5.393333333333333,20
2021-08-08 07:45:00,2021-08-08 08:00:00,0.5,4.6,4.85,7
2021-08-08 09:30:00,2021-08-08 11:00:00,1.75,3.7,4.3428571428571425,9
2021-08-08 12:45:00,2021-08-08 14:30:00,2.0,3.0,3.35,12
2021-08-08 20:30:00,2021-08-08 20:45:00,0.5,5.8,5.949999999999999,20
2021-08-08 22:15:00,2021-08-09 00:30:00,2.5,3.5,4.7700000000000005,22
2021-08-09 10:15:00,2021-08-09 12:15:00,2.25,3.5,4.466666666666666,10
2021-08-09 15:45:00,2021-08-09 16:00:00,0.5,3.5,3.6,15
2021-08-09 21:15:00,2021-08-10 01:15:00,4.25,3.4,5.264705882352942,21
2021-08-10 03:00:00,2021-08-10 03:15:00,0.5,2.0,2.15,3
2021-08-10 09:45:00,2021-08-10 12:45:00,3.25,3.8,4.923076923076923,9
2021-08-10 15:15:00,2021-08-10 16:15:00,1.25,2.9,3.7199999999999998,15
2021-08-10 22:00:00,2021-08-11 01:30:00,3.75,3.7,5.3133333333333335,22
2021-08-11 10:30:00,2021-08-11 13:15:00,3.0,4.3,5.208333333333333,10
2021-08-12 00:15:00,2021-08-12 02:15:00,2.25,3.7,4.677777777777779,0
2021-08-12 11:15:00,2021-08-12 14:00:00,3.0,4.6,5.375,11
2021-08-12 23:15:00,2021-08-13 02:45:00,3.75,3.9,5.180000000000001,23
2021-08-13 05:00:00,2021-08-13 05:15:00,0.5,2.4,2.55,5
2021-08-13 13:45:00,2021-08-13 15:00:00,1.5,4.7,5.2333333333333325,13
2021-08-14 00:15:00,2021-08-14 04:00:00,4.0,3.6,4.85625,0
2021-08-14 05:45:00,2021-08-14 06:15:00,0.75,2.9,3.066666666666667,5
2021-08-14 13:00:00,2021-08-14 13:15:00,0.5,4.6,5.1,13
2021-08-14 14:45:00,2021-08-14 16:30:00,2.0,4.0,4.7375,14
2021-08-15 01:15:00,2021-08-15 04:15:00,3.25,3.4,4.553846153846154,1
2021-08-15 14:00:00,2021-08-15 17:15:00,3.5,4.2,5.278571428571429,14
2021-08-15 19:30:00,2021-08-15 19:45:00,0.5,3.1,3.35,19
2021-08-16 02:15:00,2021-08-16 05:30:00,3.5,3.5,4.5,2
2021-08-16 07:00:00,2021-08-16 07:30:00,0.75,2.5,3.0,7
2021-08-16 15:00:00,2021-08-16 15:15:00,0.5,5.3,5.55,15
2021-08-16 17:00:00,2021-08-16 18:45:00,2.0,4.5,5.225,17
2021-08-17 04:45:00,2021-08-17 06:45:00,2.25,4.0,4.677777777777777,4
2021-08-17 08:45:00,2021-08-17 09:15:00,0.75,2.6,3.0666666666666664,8
2021-08-17 16:00:00,2021-08-17 16:15:00,0.5,4.9,5.25,16
2021-08-17 18:45:00,2021-08-17 20:00:00,1.5,4.5,5.0,18
2021-08-18 06:15:00,2021-08-18 07:00:00,1.0,4.4,4.65,6
2021-08-18 17:00:00,2021-08-18 21:00:00,4.25,4.3,5.6,17
2021-08-19 05:15:00,2021-08-19 05:30:00,0.5,4.6,4.9,5
2021-08-19 07:15:00,2021-08-19 08:45:00,1.75,3.6,4.128571428571429,7
2021-08-19 19:45:00,2021-08-19 22:00:00,2.5,3.7,4.79,19
2021-08-20 06:15:00,2021-08-20 06:30:00,0.5,4.1,4.5,6
2021-08-20 08:00:00,2021-08-20 09:45:00,2.0,3.3,4.025,8
2021-08-20 19:00:00,2021-08-20 19:15:00,0.5,5.1,5.35,19
2021-08-20 21:15:00,2021-08-20 23:15:00,2.25,3.4,4.366666666666667,21
2021-08-21 07:00:00,2021-08-21 10:45:00,4.0,3.2,4.4125,7
2021-08-21 20:00:00,2021-08-21 23:30:00,3.75,3.7,5.113333333333333,20
2021-08-22 01:45:00,2021-08-22 02:00:00,0.5,2.3,2.65,1
2021-08-22 08:30:00,2021-08-22 11:15:00,3.0,3.6,4.575,8
2021-08-22 20:30:00,2021-08-23 00:15:00,4.0,3.6,4.90625,20
2021-08-23 02:45:00,2021-08-23 03:00:00,0.5,2.4,2.65,2
2021-08-23 09:15:00,2021-08-23 12:15:00,3.25,3.5,4.515384615384615,9
2021-08-23 14:45:00,2021-08-23 15:45:00,1.25,2.8,3.2399999999999998,14
2021-08-23 21:45:00,2021-08-24 01:15:00,3.75,3.3,4.813333333333333,21
2021-08-24 09:45:00,2021-08-24 12:45:00,3.25,4.0,4.846153846153846,9
2021-08-24 23:45:00,2021-08-25 01:45:00,2.25,3.6,4.366666666666666,23
2021-08-25 03:45:00,2021-08-25 04:00:00,0.5,2.0,2.25,3
2021-08-25 10:30:00,2021-08-25 13:00:00,2.75,4.2,5.318181818181819,10
2021-08-25 16:00:00,2021-08-25 17:00:00,1.25,3.5,3.8,16
2021-08-25 22:45:00,2021-08-26 04:30:00,6.0,2.3,4.3500000000000005,22
2021-08-26 11:00:00,2021-08-26 14:15:00,3.5,4.7,5.492857142857143,11
2021-08-26 16:15:00,2021-08-26 16:30:00,0.5,3.5,4.0,16
2021-08-26 23:00:00,2021-08-27 03:00:00,4.25,4.0,5.276470588235293,23
2021-08-27 04:30:00,2021-08-27 05:15:00,1.0,2.2,2.7249999999999996,4
2021-08-27 11:30:00,2021-08-27 14:45:00,3.5,4.7,5.685714285714285,11
2021-08-27 17:15:00,2021-08-27 18:15:00,1.25,4.3,4.42,17
2021-08-27 23:45:00,2021-08-28 00:00:00,0.5,5.1,5.3,23
2021-08-28 02:00:00,2021-08-28 03:45:00,2.0,4.2,4.775,2
2021-08-28 12:15:00,2021-08-28 12:30:00,0.5,4.8,5.1,12
2021-08-28 17:45:00,2021-08-28 19:00:00,1.5,4.2,4.65,17
2021-08-29 00:30:00,2021-08-29 00:45:00,0.5,4.2,4.550000000000001,0
2021-08-29 10:00:00,2021-08-29 11:15:00,1.5,5.1,5.45,10
2021-08-29 12:45:00,2021-08-29 13:15:00,0.75,4.8,5.366666666666667,12
2021-08-29 14:45:00,2021-08-29 15:15:00,0.75,6.4,6.466666666666666,14
2021-08-29 18:30:00,2021-08-29 20:00:00,1.75,4.4,5.1000000000000005,18
2021-08-30 00:00:00,2021-08-30 01:30:00,1.75,4.0,5.242857142857142,0
2021-08-30 06:45:00,2021-08-30 07:00:00,0.5,4.0,4.25,6
2021-08-30 09:45:00,2021-08-30 10:15:00,0.75,5.2,5.333333333333333,9
2021-08-30 12:45:00,2021-08-30 14:15:00,1.75,4.8,5.785714285714286,12
2021-08-30 19:45:00,2021-08-30 21:00:00,1.5,5.3,5.449999999999999,19
2021-08-31 00:00:00,2021-08-31 02:15:00,2.5,4.1,5.58,0
2021-08-31 07:30:00,2021-08-31 07:45:00,0.5,4.2,4.35,7
2021-08-31 14:45:00,2021-08-31 15:00:00,0.5,5.1,5.35,14
2021-08-31 20:30:00,2021-08-31 21:00:00,0.75,3.8,4.7,20
2021-09-01 03:00:00,2021-09-01 03:30:00,0.75,3.9,4.666666666666667,3
2021-09-01 15:30:00,2021-09-01 15:45:00,0.5,5.5,5.75,15
2021-09-01 20:15:00,2021-09-01 22:00:00,2.0,4.1,4.85,20
2021-09-02 03:30:00,2021-09-02 04:00:00,0.75,4.8,5.0,3
2021-09-02 13:00:00,2021-09-02 13:45:00,1.0,5.5,5.85,13
2021-09-02 16:30:00,2021-09-02 17:00:00,0.75,4.1,5.033333333333333,16
2021-09-02 21:45:00,2021-09-02 22:15:00,0.75,3.2,3.9,21
2021-09-03 04:45:00,2021-09-03 05:15:00,0.75,3.6,4.433333333333333,4
2021-09-03 20:30:00,2021-09-03 23:30:00,3.25,3.4,4.7153846153846155,20
2021-09-04 06:00:00,2021-09-04 06:15:00,0.5,4.7,4.9,6
2021-09-04 08:15:00,2021-09-04 09:15:00,1.25,4.4,4.720000000000001,8
2021-09-04 20:45:00,2021-09-04 22:45:00,2.25,4.4,5.133333333333333,20
2021-09-05 00:30:00,2021-09-05 00:45:00,0.5,2.4,2.95,0
2021-09-05 08:45:00,2021-09-05 10:15:00,1.75,4.0,4.5285714285714285,8
2021-09-05 15:45:00,2021-09-05 16:00:00,0.5,4.7,4.85,15
2021-09-05 19:30:00,2021-09-05 23:15:00,4.0,3.9,5.35,19
2021-09-06 09:45:00,2021-09-06 11:00:00,1.5,3.8,4.3,9
2021-09-06 20:00:00,2021-09-06 23:45:00,4.0,3.9,5.3875,20
2021-09-07 10:15:00,2021-09-07 12:00:00,2.0,3.7,4.525,10
2021-09-07 21:00:00,2021-09-08 00:30:00,3.75,3.7,5.2,21
2021-09-08 02:30:00,2021-09-08 02:45:00,0.5,2.4,2.65,2
2021-09-08 12:00:00,2021-09-08 12:30:00,0.75,4.4,4.666666666666667,12
2021-09-08 14:45:00,2021-09-08 15:00:00,0.5,3.5,3.7,14
2021-09-08 23:30:00,2021-09-09 01:15:00,2.0,3.9,4.575,23
2021-09-09 03:00:00,2021-09-09 03:30:00,0.75,3.1,3.266666666666666,3
2021-09-09 12:45:00,2021-09-09 13:15:00,0.75,4.5,4.7,12
2021-09-09 22:30:00,2021-09-10 01:45:00,3.5,4.0,5.064285714285714,22
2021-09-10 03:45:00,2021-09-10 04:15:00,0.75,3.1,3.1999999999999997,3
2021-09-10 14:00:00,2021-09-10 14:15:00,0.5,4.9,5.0,14
2021-09-10 16:15:00,2021-09-10 16:45:00,0.75,4.3,4.433333333333334,16
2021-09-11 01:00:00,2021-09-11 02:30:00,1.75,4.2,4.742857142857143,1
2021-09-11 14:45:00,2021-09-11 15:15:00,0.75,5.0,5.166666666666667,14
2021-09-12 02:00:00,2021-09-12 03:15:00,1.5,4.4,4.833333333333333,2
2021-09-12 13:00:00,2021-09-12 15:45:00,3.0,5.3,5.708333333333333,13
2021-09-13 02:30:00,2021-09-13 03:45:00,1.5,4.6,4.966666666666666,2
2021-09-13 16:30:00,2021-09-13 16:45:00,0.5,5.4,5.5,16
2021-09-14 02:00:00,2021-09-14 03:15:00,1.5,5.3,5.483333333333333,2
2021-09-14 17:15:00,2021-09-14 18:15:00,1.25,5.2,5.52,17
2021-09-15 05:00:00,2021-09-15 06:15:00,1.5,4.4,4.783333333333332,5
2021-09-15 18:45:00,2021-09-15 20:00:00,1.5,4.6,5.083333333333333,18
2021-09-16 04:30:00,2021-09-16 08:15:00,4.0,3.6,4.85,4
2021-09-16 19:00:00,2021-09-16 21:00:00,2.25,3.9,4.822222222222222,19
2021-09-17 07:00:00,2021-09-17 09:15:00,2.5,3.1,4.029999999999999,7
2021-09-17 18:15:00,2021-09-17 22:00:00,4.0,3.4,5.13125,18
2021-09-18 07:30:00,2021-09-18 11:30:00,4.25,2.5,3.6235294117647054,7
2021-09-18 21:00:00,2021-09-18 22:45:00,2.0,3.6,4.7625,21
2021-09-19 09:15:00,2021-09-19 11:00:00,2.0,3.5,4.2875,9
2021-09-19 22:00:00,2021-09-19 23:45:00,2.0,4.0,4.8,22
2021-09-20 11:00:00,2021-09-20 11:45:00,1.0,4.6,4.875,11
2021-09-20 22:15:00,2021-09-21 00:00:00,2.0,4.2,5.0125,22
2021-09-21 11:00:00,2021-09-21 12:30:00,1.75,3.9,4.485714285714286,11
2021-09-21 23:15:00,2021-09-22 00:45:00,1.75,3.9,4.585714285714286,23
2021-09-22 10:15:00,2021-09-22 12:30:00,2.5,4.5,5.24,10
2021-09-22 23:00:00,2021-09-23 00:45:00,2.0,4.3,4.987500000000001,23
2021-09-23 12:30:00,2021-09-23 12:45:00,0.5,5.2,5.35,12
2021-09-23 23:45:00,2021-09-24 02:15:00,2.75,4.4,5.018181818181819,23
2021-09-24 13:30:00,2021-09-24 13:45:00,0.5,5.6,5.699999999999999,13
2021-09-25 00:45:00,2021-09-25 02:15:00,1.75,5.1,5.457142857142857,0
2021-09-25 16:45:00,2021-09-25 17:00:00,0.5,5.7,5.800000000000001,16
2021-09-26 12:00:00,2021-09-26 12:45:00,1.0,5.7,6.174999999999999,12
2021-09-26 16:45:00,2021-09-26 17:30:00,1.0,5.5,5.925,16
2021-09-28 00:15:00,2021-09-28 00:45:00,0.75,5.2,5.566666666666666,0
2021-09-29 13:30:00,2021-09-29 14:00:00,0.75,6.2,6.333333333333333,13
2021-09-29 16:00:00,2021-09-29 16:30:00,0.75,6.5,6.6000000000000005,16
2021-09-30 21:00:00,2021-09-30 22:00:00,1.25,4.8,5.04,21
2021-10-01 08:45:00,2021-10-01 09:00:00,0.5,4.3,4.4,8
2021-10-01 12:15:00,2021-10-01 13:30:00,1.5,5.0,5.533333333333334,12
2021-10-01 18:15:00,2021-10-01 18:30:00,0.5,5.7,5.800000000000001,18
2021-10-02 05:00:00,2021-10-02 05:30:00,0.75,5.5,5.633333333333333,5
2021-10-02 07:15:00,2021-10-02 10:15:00,3.25,3.7,4.315384615384616,7
2021-10-02 19:30:00,2021-10-02 23:00:00,3.75,3.8,4.806666666666667,19
2021-10-03 07:30:00,2021-10-03 09:15:00,2.0,4.2,4.8375,7
2021-10-03 20:15:00,2021-10-03 22:30:00,2.5,3.8,4.779999999999999,20
2021-10-04 08:30:00,2021-10-04 10:15:00,2.0,3.6,4.35,8
2021-10-04 19:15:00,2021-10-04 22:45:00,3.75,3.7,5.2666666666666675,19
2021-10-05 09:30:00,2021-10-05 11:00:00,1.75,3.6,4.357142857142857,9
2021-10-05 21:15:00,2021-10-05 23:15:00,2.25,3.6,4.733333333333333,21
2021-10-06 10:00:00,2021-10-06 12:00:00,2.25,3.5,4.555555555555555,10
2021-10-06 22:30:00,2021-10-07 00:15:00,2.0,3.4,4.325,22
2021-10-07 11:45:00,2021-10-07 12:45:00,1.25,4.2,4.699999999999999,11
2021-10-07 21:15:00,2021-10-07 21:30:00,0.5,5.3,5.449999999999999,21
2021-10-07 23:15:00,2021-10-08 00:45:00,1.75,3.8,4.542857142857143,23
2021-10-08 12:00:00,2021-10-08 14:00:00,2.25,3.8,4.533333333333333,12
2021-10-08 23:30:00,2021-10-09 02:00:00,2.75,3.4,4.3909090909090915,23
2021-10-09 13:45:00,2021-10-09 14:30:00,1.0,4.6,4.9,13
2021-10-10 01:00:00,2021-10-10 02:30:00,1.75,4.2,4.685714285714286,1
2021-10-11 15:45:00,2021-10-11 16:15:00,0.75,5.4,5.566666666666667,15
2021-10-12 02:30:00,2021-10-12 03:45:00,1.5,4.9,5.233333333333333,2
2021-10-12 16:15:00,2021-10-12 17:15:00,1.25,5.4,5.779999999999999,16
2021-10-13 02:00:00,2021-10-13 05:00:00,3.25,4.9,5.592307692307693,2
2021-10-13 17:30:00,2021-10-13 18:15:00,1.0,5.6,5.9,17
2021-10-14 03:15:00,2021-10-14 06:15:00,3.25,4.9,5.738461538461538,3
2021-10-14 17:45:00,2021-10-14 19:45:00,2.25,5.0,5.711111111111111,17
2021-10-15 06:00:00,2021-10-15 07:45:00,2.0,4.3,4.925,6
2021-10-15 18:45:00,2021-10-15 20:45:00,2.25,4.5,5.4,18
2021-10-16 06:45:00,2021-10-16 08:30:00,2.0,4.2,4.95,6
2021-10-16 17:45:00,2021-10-16 21:30:00,4.0,4.2,5.699999999999999,17
2021-10-17 08:00:00,2021-10-17 09:30:00,1.75,4.7,5.285714285714286,8
2021-10-17 20:30:00,2021-10-17 22:30:00,2.25,4.5,5.4,20
2021-10-18 09:00:00,2021-10-18 10:30:00,1.75,4.6,5.185714285714286,9
2021-10-18 12:15:00,2021-10-18 12:30:00,0.5,4.1,4.199999999999999,12
2021-10-18 20:30:00,2021-10-18 23:15:00,3.0,4.4,5.591666666666668,20
2021-10-19 09:45:00,2021-10-19 11:00:00,1.5,4.8,5.316666666666666,9
2021-10-19 21:45:00,2021-10-19 23:30:00,2.0,4.6,5.475,21
2021-10-20 10:15:00,2021-10-20 11:45:00,1.75,4.9,5.485714285714286,10
2021-10-20 22:00:00,2021-10-20 23:45:00,2.0,4.9,5.7,22
2021-10-21 10:45:00,2021-10-21 12:15:00,1.75,5.1,5.6571428571428575,10
2021-10-21 21:00:00,2021-10-22 00:15:00,3.5,4.9,5.95,21
2021-10-22 09:15:00,2021-10-22 10:15:00,1.25,6.3,6.5,9
2021-10-22 11:45:00,2021-10-22 12:45:00,1.25,5.2,5.579999999999999,11
2021-10-22 23:15:00,2021-10-23 00:45:00,1.75,5.0,5.414285714285714,23
2021-10-23 10:15:00,2021-10-23 13:15:00,3.25,5.6,6.307692307692307,10
2021-10-23 23:45:00,2021-10-24 01:30:00,2.0,5.2,5.6125,23
2021-10-25 01:15:00,2021-10-25 01:45:00,0.75,5.5,5.666666666666667,1
2021-10-25 14:15:00,2021-10-25 14:45:00,0.75,5.7,5.866666666666667,14
2021-10-29 02:30:00,2021-10-29 02:45:00,0.5,5.9,6.0,2
2021-11-01 08:00:00,2021-11-01 08:45:00,1.0,5.9,6.125,8
2021-11-01 20:45:00,2021-11-01 21:30:00,1.0,5.6,5.85,20
2021-11-02 09:00:00,2021-11-02 10:00:00,1.25,5.3,5.66,9
2021-11-02 20:30:00,2021-11-02 22:00:00,1.75,5.3,5.914285714285713,20
2021-11-03 10:00:00,2021-11-03 10:30:00,0.75,5.7,5.866666666666667,10
2021-11-03 21:30:00,2021-11-03 23:00:00,1.75,5.5,6.085714285714286,21
2021-11-04 22:30:00,2021-11-04 23:15:00,1.0,6.3,6.525,22
2021-11-06 00:30:00,2021-11-06 01:00:00,0.75,6.4,6.533333333333334,0
2021-11-12 04:45:00,2021-11-12 06:15:00,1.75,6.7,7.028571428571429,4
2021-11-13 06:00:00,2021-11-13 07:30:00,1.75,6.4,6.828571428571429,6
2021-11-13 18:30:00,2021-11-13 20:30:00,2.25,6.3,6.844444444444444,18
2021-11-14 07:15:00,2021-11-14 08:45:00,1.75,6.2,6.671428571428571,7
2021-11-14 19:15:00,2021-11-14 21:00:00,2.0,6.3,6.85,19
2021-11-15 20:00:00,2021-11-15 21:30:00,1.75,6.6,7.1,20
2021-11-16 09:30:00,2021-11-16 11:45:00,2.5,5.6,6.24,9
2021-11-16 20:30:00,2021-11-16 23:45:00,3.5,5.7,6.492857142857143,20
2021-11-17 10:00:00,2021-11-17 10:30:00,0.75,6.5,6.666666666666667,10
2021-11-17 21:00:00,2021-11-17 22:45:00,2.0,6.3,6.8375,21
2021-11-18 10:30:00,2021-11-18 11:00:00,0.75,6.5,6.7,10
2021-11-18 12:45:00,2021-11-18 13:15:00,0.75,5.5,5.7,12
2021-11-18 21:45:00,2021-11-19 01:00:00,3.5,5.5,6.235714285714287,21
2021-11-19 11:15:00,2021-11-19 13:45:00,2.75,6.0,6.4363636363636365,11
2021-11-19 22:30:00,2021-11-19 23:30:00,1.25,6.8,7.139999999999999,22
2021-11-20 02:30:00,2021-11-20 04:15:00,2.0,5.8,6.1625,2
2021-11-20 12:30:00,2021-11-20 13:15:00,1.0,7.1,7.275,12
2021-11-21 21:00:00,2021-11-21 21:30:00,0.75,7.5,7.6000000000000005,21
2021-11-23 22:15:00,2021-11-23 23:00:00,1.0,7.7,7.8500000000000005,22
2021-11-24 17:00:00,2021-11-24 18:00:00,1.25,7.3,7.6,17
2021-11-25 05:15:00,2021-11-25 06:15:00,1.25,7.0,7.260000000000001,5
2021-11-25 23:15:00,2021-11-26 00:30:00,1.5,7.8,7.933333333333334,23
2021-11-26 12:30:00,2021-11-26 13:15:00,1.0,7.8,8.025,12
2021-11-26 18:00:00,2021-11-26 20:45:00,3.0,7.5,7.741666666666668,18
2021-11-27 19:30:00,2021-11-27 21:30:00,2.25,7.7,7.911111111111111,19
2021-11-28 14:30:00,2021-11-28 14:45:00,0.5,8.0,8.1,14
2021-11-28 19:30:00,2021-11-28 21:00:00,1.75,7.2,7.614285714285715,19
2021-11-30 22:15:00,2021-11-30 22:30:00,0.5,6.9,7.050000000000001,22
2021-12-08 01:15:00,2021-12-08 02:30:00,1.5,6.8,7.133333333333333,1
2021-12-08 15:00:00,2021-12-08 15:30:00,0.75,6.9,7.066666666666667,15
2021-12-09 15:45:00,2021-12-09 16:30:00,1.0,7.2,7.375,15
2021-12-11 14:15:00,2021-12-11 14:30:00,0.5,7.2,7.4,14
2021-12-12 08:45:00,2021-12-12 09:15:00,0.75,5.9,6.1000000000000005,8
2021-12-13 07:45:00,2021-12-13 09:45:00,2.25,6.3,6.722222222222222,7
2021-12-14 10:00:00,2021-12-14 10:45:00,1.0,6.3,6.4750000000000005,10
2021-12-14 21:00:00,2021-12-14 23:00:00,2.25,5.9,6.566666666666666,21
2021-12-15 08:30:00,2021-12-15 09:30:00,1.25,6.9,7.18,8
2021-12-15 22:45:00,2021-12-16 00:00:00,1.5,6.1,6.416666666666667,22
2021-12-16 09:15:00,2021-12-16 12:30:00,3.5,6.1,6.7142857142857135,9
2021-12-16 21:45:00,2021-12-16 22:30:00,1.0,6.7,6.925,21
2021-12-17 00:00:00,2021-12-17 00:30:00,0.75,6.0,6.133333333333333,0
2021-12-17 07:00:00,2021-12-17 07:15:00,0.5,7.4,7.5,7
2021-12-17 10:15:00,2021-12-17 11:15:00,1.25,6.6,6.9,10
2021-12-17 21:30:00,2021-12-18 00:45:00,3.5,5.8,6.614285714285714,21
2021-12-18 10:45:00,2021-12-18 11:30:00,1.0,6.8,7.075,10
2021-12-18 13:00:00,2021-12-18 14:00:00,1.25,6.0,6.2,13
2021-12-18 22:15:00,2021-12-19 01:30:00,3.5,5.7,6.45,22
2021-12-19 11:30:00,2021-12-19 14:30:00,3.25,5.9,6.361538461538463,11
2021-12-19 22:00:00,2021-12-20 02:00:00,4.25,5.6,6.617647058823529,22
2021-12-20 08:15:00,2021-12-20 09:30:00,1.5,6.7,7.050000000000001,8
2021-12-20 20:30:00,2021-12-20 21:30:00,1.25,7.1,7.42,20
2021-12-21 15:00:00,2021-12-21 16:30:00,1.75,6.6,7.0,15
2021-12-22 22:15:00,2021-12-22 22:30:00,0.5,7.6,7.75,22
2021-12-23 02:45:00,2021-12-23 04:00:00,1.5,6.9,7.216666666666666,2
2021-12-23 23:00:00,2021-12-23 23:30:00,0.75,7.7,7.8999999999999995,23
2021-12-24 03:45:00,2021-12-24 04:30:00,1.0,7.5,7.675,3
2021-12-25 18:00:00,2021-12-25 18:15:00,0.5,7.7,7.9,18
2021-12-26 13:00:00,2021-12-26 13:15:00,0.5,8.1,8.2,13
2021-12-27 06:45:00,2021-12-27 07:00:00,0.5,7.6,7.75,6
2021-12-27 19:45:00,2021-12-27 20:00:00,0.5,7.8,7.9,19
2021-12-28 14:45:00,2021-12-28 15:00:00,0.5,7.9,8.0,14
2021-12-29 09:45:00,2021-12-29 10:00:00,0.5,6.7,6.95,9
2021-12-30 21:30:00,2021-12-30 22:45:00,1.5,6.1,6.6499999999999995,21
2021-12-31 09:30:00,2021-12-31 09:45:00,0.5,7.0,7.1,9
2021-12-31 21:30:00,2021-12-31 21:45:00,0.5,7.0,7.1,21
2021-12-31 23:45:00,2022-01-01 00:15:00,0.75,6.0,6.166666666666667,23
2022-01-01 10:15:00,2022-01-01 10:45:00,0.75,6.9,7.066666666666667,10
2022-01-01 19:30:00,2022-01-01 22:30:00,3.25,6.7,7.407692307692307,19
2022-01-02 23:30:00,2022-01-03 00:00:00,0.75,6.5,6.666666666666667,23
2022-01-11 03:30:00,2022-01-11 03:45:00,0.5,7.5,7.7,3
2022-01-26 20:30:00,2022-01-26 21:15:00,1.0,8.8,8.925,20
2022-01-27 21:45:00,2022-01-27 22:15:00,0.75,8.8,8.9,21
2022-02-25 06:45:00,2022-02-25 07:15:00,0.75,7.2,7.366666666666667,6
2022-02-26 07:15:00,2022-02-26 07:45:00,0.75,7.2,7.366666666666667,7
2022-02-28 10:15:00,2022-02-28 10:30:00,0.5,6.7,6.800000000000001,10
2022-02-28 21:15:00,2022-02-28 22:30:00,1.5,6.9,7.283333333333332,21
2022-03-01 22:00:00,2022-03-01 23:00:00,1.25,7.1,7.38,22
2022-03-02 22:30:00,2022-03-02 23:45:00,1.5,6.9,7.283333333333332,22
2022-03-03 23:15:00,2022-03-04 00:15:00,1.25,7.0,7.279999999999999,23
2022-03-06 00:45:00,2022-03-06 02:00:00,1.5,6.8,7.183333333333333,0
2022-03-07 01:15:00,2022-03-07 03:00:00,2.0,6.4,6.8875,1
2022-03-15 10:15:00,2022-03-15 11:30:00,1.5,6.9,7.116666666666667,10
2022-03-15 21:45:00,2022-03-15 22:15:00,0.75,7.2,7.333333333333333,21
2022-03-16 22:45:00,2022-03-16 23:15:00,0.75,6.6,6.766666666666666,22
2022-03-17 10:30:00,2022-03-17 11:00:00,0.75,6.7,6.866666666666667,10
2022-03-17 22:45:00,2022-03-17 23:45:00,1.25,6.2,6.5200000000000005,22
2022-03-18 11:30:00,2022-03-18 11:45:00,0.5,6.6,6.699999999999999,11
2022-03-18 21:00:00,2022-03-18 21:15:00,0.5,7.1,7.199999999999999,21
2022-03-19 00:15:00,2022-03-19 01:00:00,1.0,6.2,6.45,0
2022-03-20 00:30:00,2022-03-20 00:45:00,0.5,6.5,6.6,0
2022-03-21 00:30:00,2022-03-21 01:45:00,1.5,6.5,6.883333333333334,0
2022-03-22 02:15:00,2022-03-22 02:45:00,0.75,6.5,6.666666666666667,2
2022-03-23 03:00:00,2022-03-23 03:30:00,0.75,6.4,6.566666666666667,3
2022-03-24 04:00:00,2022-03-24 04:30:00,0.75,6.2,6.366666666666667,4
2022-03-25 04:45:00,2022-03-25 05:15:00,0.75,5.9,6.099999999999999,4
2022-03-26 05:30:00,2022-03-26 06:15:00,1.0,6.4,6.625,5
2022-03-28 23:00:00,2022-03-28 23:30:00,0.75,6.5,6.566666666666666,23
2022-04-03 01:00:00,2022-04-03 01:30:00,0.75,6.1,6.266666666666666,1
2022-04-04 01:15:00,2022-04-04 01:30:00,0.5,6.2,6.300000000000001,1
2022-04-05 01:15:00,2022-04-05 02:15:00,1.25,6.2,6.5600000000000005,1
2022-04-11 14:30:00,2022-04-11 15:45:00,1.5,6.9,7.199999999999999,14
2022-04-12 09:30:00,2022-04-12 10:15:00,1.0,6.8,6.9,9
2022-04-14 21:15:00,2022-04-14 22:30:00,1.5,5.9,6.283333333333332,21
2022-04-15 10:00:00,2022-04-15 12:00:00,2.25,5.4,5.811111111111111,10
2022-04-16 11:00:00,2022-04-16 11:15:00,0.5,5.7,5.800000000000001,11
2022-04-16 22:30:00,2022-04-17 00:00:00,1.75,5.5,6.028571428571429,22
2022-04-17 10:45:00,2022-04-17 11:45:00,1.25,5.4,5.720000000000001,10
2022-04-17 23:30:00,2022-04-18 01:00:00,1.75,5.6,6.071428571428571,23
2022-04-18 11:30:00,2022-04-18 13:00:00,1.75,5.3,5.842857142857142,11
2022-04-19 00:00:00,2022-04-19 01:30:00,1.75,5.4,6.0,0
2022-04-19 11:45:00,2022-04-19 13:00:00,1.5,5.8,6.133333333333333,11
2022-04-20 01:00:00,2022-04-20 02:45:00,2.0,5.4,6.050000000000001,1
2022-04-20 12:45:00,2022-04-20 13:45:00,1.25,5.9,6.159999999999999,12
2022-04-20 16:15:00,2022-04-20 17:00:00,1.0,5.9,6.075,16
2022-04-21 03:15:00,2022-04-21 03:30:00,0.5,6.0,6.1,3
2022-04-21 13:15:00,2022-04-21 13:30:00,0.5,6.6,6.699999999999999,13
2022-04-22 03:15:00,2022-04-22 04:15:00,1.25,5.8,6.14,3
2022-04-23 03:30:00,2022-04-23 05:15:00,2.0,5.7,6.25,3
2022-04-23 15:30:00,2022-04-23 15:45:00,0.5,6.5,6.6,15
2022-04-24 04:45:00,2022-04-24 06:30:00,2.0,5.5,6.0625,4
2022-04-24 16:45:00,2022-04-24 17:00:00,0.5,6.5,6.6,16
2022-04-25 05:45:00,2022-04-25 07:45:00,2.25,5.1,5.777777777777779,5
2022-04-25 18:00:00,2022-04-25 18:30:00,0.75,6.1,6.266666666666666,18
2022-04-26 07:00:00,2022-04-26 08:30:00,1.75,5.0,5.557142857142857,7
2022-04-26 19:00:00,2022-04-26 20:45:00,2.0,5.2,5.775,19
2022-04-27 08:15:00,2022-04-27 09:00:00,1.0,5.1,5.4,8
2022-04-27 20:15:00,2022-04-27 22:00:00,2.0,5.0,5.75,20
2022-04-28 08:30:00,2022-04-28 09:45:00,1.5,5.0,5.55,8
2022-04-28 21:00:00,2022-04-28 22:45:00,2.0,4.9,5.6875,21
2022-04-29 09:30:00,2022-04-29 10:45:00,1.5,4.8,5.333333333333333,9
2022-04-29 22:00:00,2022-04-29 23:15:00,1.5,5.0,5.583333333333333,22
2022-04-30 10:00:00,2022-04-30 11:00:00,1.25,5.0,5.4399999999999995,10
2022-04-30 22:30:00,2022-05-01 00:00:00,1.75,4.9,5.6000000000000005,22
2022-05-01 08:45:00,2022-05-01 11:45:00,3.25,4.9,5.753846153846154,8
2022-05-01 23:00:00,2022-05-02 00:45:00,2.0,4.8,5.550000000000001,23
2022-05-02 09:15:00,2022-05-02 11:30:00,2.5,5.3,5.840000000000001,9
2022-05-02 23:45:00,2022-05-03 01:30:00,2.0,4.7,5.325,23
2022-05-03 09:45:00,2022-05-03 12:30:00,3.0,5.2,5.741666666666666,9
2022-05-03 15:15:00,2022-05-03 16:15:00,1.25,4.7,5.2,15
2022-05-04 00:30:00,2022-05-04 01:45:00,1.5,5.0,5.483333333333332,0
2022-05-05 01:00:00,2022-05-05 03:00:00,2.25,4.7,5.311111111111111,1
2022-05-06 02:45:00,2022-05-06 05:15:00,2.75,4.2,4.7272727272727275,2
2022-05-06 13:15:00,2022-05-06 13:30:00,0.5,6.0,6.1,13
2022-05-06 17:15:00,2022-05-06 18:00:00,1.0,5.0,5.15,17
2022-05-07 03:30:00,2022-05-07 04:15:00,1.0,5.1,5.324999999999999,3
2022-05-08 14:00:00,2022-05-08 15:15:00,1.5,5.5,6.233333333333333,14
2022-05-10 06:30:00,2022-05-10 07:15:00,1.0,5.4,5.625,6
2022-05-12 07:15:00,2022-05-12 09:15:00,2.25,5.2,5.711111111111111,7
2022-05-12 20:00:00,2022-05-12 21:45:00,2.0,5.2,5.85,20
2022-05-13 08:00:00,2022-05-13 09:30:00,1.75,4.9,5.5,8
2022-05-13 20:45:00,2022-05-13 22:15:00,1.75,5.1,5.8,20
2022-05-14 08:45:00,2022-05-14 10:00:00,1.5,4.7,5.216666666666667,8
2022-05-14 20:30:00,2022-05-14 23:15:00,3.0,4.6,5.783333333333332,20
2022-05-15 09:15:00,2022-05-15 11:00:00,2.0,4.3,4.975,9
2022-05-15 21:15:00,2022-05-16 00:15:00,3.25,4.3,5.63076923076923,21
2022-05-16 10:30:00,2022-05-16 11:45:00,1.5,4.6,5.05,10
2022-05-16 21:15:00,2022-05-16 22:00:00,1.0,6.4,6.525,21
2022-05-16 23:45:00,2022-05-17 01:15:00,1.75,4.6,5.142857142857143,23
2022-05-17 11:00:00,2022-05-17 12:00:00,1.25,5.1,5.460000000000001,11
2022-05-17 14:15:00,2022-05-17 16:15:00,2.25,4.6,4.8,14
2022-05-17 22:00:00,2022-05-18 01:45:00,4.0,4.6,6.075,22
2022-05-18 12:00:00,2022-05-18 12:45:00,1.0,5.0,5.325,12
2022-05-18 15:15:00,2022-05-18 17:15:00,2.25,4.7,4.844444444444445,15
2022-05-19 00:30:00,2022-05-19 03:00:00,2.75,4.4,5.363636363636364,0
2022-05-19 13:30:00,2022-05-19 13:45:00,0.5,5.1,5.199999999999999,13
2022-05-20 02:15:00,2022-05-20 03:15:00,1.25,4.8,5.16,2
2022-05-20 12:00:00,2022-05-20 14:30:00,2.75,5.3,5.6909090909090905,12
2022-05-21 03:15:00,2022-05-21 04:15:00,1.25,4.6,4.959999999999999,3
2022-05-21 14:15:00,2022-05-21 14:30:00,0.5,5.8,5.9,14
2022-05-22 02:45:00,2022-05-22 05:15:00,2.75,4.6,5.427272727272727,2
2022-05-23 04:15:00,2022-05-23 06:15:00,2.25,4.2,5.0,4
2022-05-23 15:15:00,2022-05-23 18:00:00,3.0,5.1,5.883333333333333,15
2022-05-24 04:30:00,2022-05-24 07:00:00,2.75,4.4,5.281818181818181,4
2022-05-24 17:30:00,2022-05-24 18:45:00,1.5,5.4,5.849999999999999,17
2022-05-25 06:15:00,2022-05-25 07:45:00,1.75,4.5,5.042857142857144,6
2022-05-25 19:00:00,2022-05-25 20:45:00,2.0,5.1,5.675,19
2022-05-26 07:30:00,2022-05-26 08:45:00,1.5,4.5,5.033333333333333,7
2022-05-26 19:00:00,2022-05-26 21:30:00,2.75,4.9,5.781818181818181,19
2022-05-27 07:45:00,2022-05-27 09:15:00,1.75,4.7,5.2857142857142865,7
2022-05-27 21:30:00,2022-05-27 22:15:00,1.0,4.8,5.175,21
2022-05-28 08:45:00,2022-05-28 10:00:00,1.5,4.5,4.883333333333334,8
2022-05-28 21:15:00,2022-05-28 23:00:00,2.0,4.6,5.375,21
2022-05-29 09:30:00,2022-05-29 10:45:00,1.5,4.3,4.7,9
2022-05-29 22:15:00,2022-05-29 23:45:00,1.75,4.4,5.128571428571428,22
2022-05-30 08:15:00,2022-05-30 11:00:00,3.0,4.4,5.033333333333333,8
2022-05-30 22:30:00,2022-05-31 00:30:00,2.25,4.2,5.111111111111111,22
2022-05-31 23:15:00,2022-06-01 01:00:00,2.0,4.2,5.012500000000001,23
2022-06-01 09:30:00,2022-06-01 11:30:00,2.25,4.8,5.188888888888889,9
2022-06-01 22:00:00,2022-06-02 01:45:00,4.0,4.2,5.487500000000001,22
2022-06-02 11:45:00,2022-06-02 13:00:00,1.5,4.8,5.05,11
2022-06-03 00:45:00,2022-06-03 02:15:00,1.75,4.5,5.057142857142856,0
2022-06-04 01:45:00,2022-06-04 03:30:00,2.0,4.3,4.85,1
2022-06-04 17:15:00,2022-06-04 17:30:00,0.5,4.5,4.6,17
2022-06-05 02:30:00,2022-06-05 04:30:00,2.25,4.3,4.8999999999999995,2
2022-06-05 14:15:00,2022-06-05 14:30:00,0.5,5.6,5.699999999999999,14
2022-06-06 02:15:00,2022-06-06 05:00:00,3.0,4.2,5.141666666666667,2
2022-06-06 15:00:00,2022-06-06 15:15:00,0.5,5.6,5.699999999999999,15
2022-06-06 18:45:00,2022-06-06 19:30:00,1.0,4.9,5.025,18
2022-06-07 03:15:00,2022-06-07 05:15:00,2.25,4.4,5.033333333333334,3
2022-06-08 04:15:00,2022-06-08 05:45:00,1.75,4.4,4.871428571428571,4
2022-06-08 16:00:00,2022-06-08 17:30:00,1.75,5.3,5.785714285714286,16
2022-06-09 05:30:00,2022-06-09 06:45:00,1.5,4.3,4.7,5
2022-06-09 18:00:00,2022-06-09 19:30:00,1.75,4.6,5.114285714285714,18
2022-06-10 04:00:00,2022-06-10 04:15:00,0.5,5.2,5.300000000000001,4
2022-06-10 06:00:00,2022-06-10 07:30:00,1.75,4.0,4.5285714285714285,6
2022-06-10 09:30:00,2022-06-10 11:15:00,2.0,3.4,3.7624999999999997,9
2022-06-10 19:30:00,2022-06-10 21:15:00,2.0,4.5,5.175000000000001,19
2022-06-11 05:30:00,2022-06-11 08:45:00,3.5,3.8,5.021428571428571,5
2022-06-11 19:45:00,2022-06-11 21:45:00,2.25,3.8,4.922222222222222,19
2022-06-12 08:00:00,2022-06-12 09:15:00,1.5,3.5,4.05,8
2022-06-12 19:45:00,2022-06-12 22:30:00,3.0,4.3,5.433333333333334,19
2022-06-13 07:15:00,2022-06-13 10:00:00,3.0,3.9,4.741666666666666,7
2022-06-13 20:45:00,2022-06-13 23:30:00,3.0,4.2,5.383333333333333,20
2022-06-14 09:30:00,2022-06-14 11:00:00,1.75,3.9,4.457142857142856,9
2022-06-14 22:15:00,2022-06-15 00:30:00,2.5,3.8,4.859999999999999,22
2022-06-15 09:15:00,2022-06-15 11:45:00,2.75,4.2,5.0,9
2022-06-15 22:45:00,2022-06-16 02:30:00,4.0,3.7,5.05625,22
2022-06-16 11:45:00,2022-06-16 12:45:00,1.25,4.5,4.88,11
2022-06-16 22:45:00,2022-06-17 02:30:00,4.0,3.9,5.45,22
2022-06-17 11:45:00,2022-06-17 13:00:00,1.5,4.8,5.15,11
2022-06-18 00:15:00,2022-06-18 03:00:00,3.0,4.1,5.058333333333334,0
2022-06-18 11:45:00,2022-06-18 13:00:00,1.5,5.2,5.583333333333333,11
2022-06-19 01:45:00,2022-06-19 03:45:00,2.25,4.3,5.111111111111111,1
2022-06-19 14:45:00,2022-06-19 15:30:00,1.0,5.4,5.65,14
2022-06-20 02:00:00,2022-06-20 05:00:00,3.25,4.2,5.207692307692308,2
2022-06-20 13:45:00,2022-06-20 16:00:00,2.5,5.3,5.749999999999999,13
2022-06-21 03:45:00,2022-06-21 05:30:00,2.0,4.3,4.824999999999999,3
2022-06-21 15:00:00,2022-06-21 15:45:00,1.0,5.3,5.624999999999999,15
2022-06-22 05:00:00,2022-06-22 06:15:00,1.5,4.3,4.666666666666667,5
2022-06-22 17:15:00,2022-06-22 18:00:00,1.0,5.5,5.725,17
2022-06-23 19:30:00,2022-06-23 20:00:00,0.75,5.1,5.3,19
2022-06-24 06:15:00,2022-06-24 08:00:00,2.0,4.2,4.6875,6
2022-06-24 20:30:00,2022-06-24 21:15:00,1.0,4.7,4.95,20
2022-06-25 07:45:00,2022-06-25 08:15:00,0.75,4.3,4.466666666666666,7
2022-06-25 21:15:00,2022-06-25 22:00:00,1.0,4.3,4.55,21
2022-06-26 08:15:00,2022-06-26 08:45:00,0.75,4.1,4.266666666666667,8
2022-06-26 21:45:00,2022-06-26 22:30:00,1.0,4.2,4.5,21
2022-06-27 09:00:00,2022-06-27 09:45:00,1.0,3.9,4.125,9
2022-06-27 12:00:00,2022-06-27 12:45:00,1.0,3.3,3.45,12
2022-06-27 21:15:00,2022-06-27 23:45:00,2.75,3.7,4.6454545454545455,21
2022-06-28 09:00:00,2022-06-28 10:15:00,1.5,3.7,4.05,9
2022-06-28 22:15:00,2022-06-29 00:30:00,2.5,3.1,4.08,22
2022-06-29 08:30:00,2022-06-29 11:00:00,2.75,3.3,4.054545454545455,8
2022-06-29 13:30:00,2022-06-29 14:15:00,1.0,2.8,3.1999999999999997,13
2022-06-29 15:45:00,2022-06-29 17:00:00,1.5,3.1,3.633333333333333,15
2022-06-29 22:45:00,2022-06-30 01:00:00,2.5,2.9,3.94,22
2022-06-30 10:30:00,2022-06-30 11:45:00,1.5,3.3,3.8000000000000003,10
2022-06-30 23:30:00,2022-07-01 01:30:00,2.25,3.4,4.466666666666666,23
2022-07-01 09:45:00,2022-07-01 12:30:00,3.0,3.8,4.641666666666667,9
2022-07-01 23:45:00,2022-07-02 01:30:00,2.0,3.9,4.6375,23
2022-07-02 10:45:00,2022-07-02 12:00:00,1.5,4.6,5.0,10
2022-07-03 00:30:00,2022-07-03 02:15:00,2.0,4.0,4.8,0
2022-07-03 12:30:00,2022-07-03 14:00:00,1.75,4.7,5.114285714285715,12
2022-07-04 01:45:00,2022-07-04 03:30:00,2.0,4.0,4.7375,1
2022-07-04 13:15:00,2022-07-04 15:15:00,2.25,5.0,5.611111111111111,13
2022-07-05 02:45:00,2022-07-05 04:00:00,1.5,4.1,4.683333333333334,2
2022-07-05 14:30:00,2022-07-05 16:00:00,1.75,5.3,5.628571428571428,14
2022-07-05 18:15:00,2022-07-05 19:00:00,1.0,5.0,5.2,18
2022-07-06 03:00:00,2022-07-06 04:45:00,2.0,4.3,4.9125,3
2022-07-07 07:45:00,2022-07-07 08:30:00,1.0,3.6,3.9999999999999996,7
2022-07-07 17:30:00,2022-07-07 18:15:00,1.0,4.8,5.025,17
2022-07-08 04:15:00,2022-07-08 05:30:00,1.5,4.2,4.616666666666666,4
2022-07-08 15:45:00,2022-07-08 19:00:00,3.5,4.8,5.6428571428571415,15
2022-07-09 04:45:00,2022-07-09 05:15:00,0.75,4.7,4.866666666666667,4
2022-07-09 18:30:00,2022-07-09 20:00:00,1.75,4.5,5.128571428571429,18
2022-07-10 06:15:00,2022-07-10 06:45:00,0.75,4.3,4.466666666666666,6
2022-07-10 12:15:00,2022-07-10 12:45:00,0.75,4.1,4.233333333333333,12
2022-07-10 19:00:00,2022-07-10 21:00:00,2.25,4.2,5.033333333333334,19
2022-07-10 22:30:00,2022-07-10 23:15:00,1.0,3.4,3.55,22
2022-07-11 07:15:00,2022-07-11 09:00:00,2.0,3.5,4.2749999999999995,7
2022-07-11 20:45:00,2022-07-11 23:45:00,3.25,3.1,4.038461538461538,20
2022-07-12 08:15:00,2022-07-12 10:00:00,2.0,3.3,4.025,8
2022-07-12 19:45:00,2022-07-12 23:15:00,3.75,3.8,5.26,19
2022-07-13 09:15:00,2022-07-13 10:30:00,1.5,3.7,4.183333333333333,9
2022-07-13 21:45:00,2022-07-14 00:00:00,2.5,3.9,4.9,21
2022-07-14 10:45:00,2022-07-14 11:45:00,1.25,3.7,4.04,10
2022-07-14 22:45:00,2022-07-15 01:00:00,2.5,3.7,4.630000000000001,22
2022-07-15 09:45:00,2022-07-15 12:15:00,2.75,3.9,4.6,9
2022-07-15 23:30:00,2022-07-16 04:00:00,4.75,2.8,3.973684210526316,23
2022-07-16 12:15:00,2022-07-16 13:30:00,1.5,3.6,4.066666666666667,12
2022-07-16 15:45:00,2022-07-16 16:45:00,1.25,3.2,3.38,15
2022-07-16 23:15:00,2022-07-17 02:45:00,3.75,3.3,4.846666666666666,23
2022-07-17 13:15:00,2022-07-17 14:30:00,1.5,3.8,4.333333333333333,13
2022-07-18 01:45:00,2022-07-18 03:30:00,2.0,3.5,4.2625,1
2022-07-18 13:45:00,2022-07-18 15:00:00,1.5,4.5,4.8999999999999995,13
2022-07-19 03:00:00,2022-07-19 03:45:00,1.0,4.2,4.4750000000000005,3
2022-07-19 06:30:00,2022-07-19 06:45:00,0.5,3.1,3.2,6
2022-07-19 14:45:00,2022-07-19 15:00:00,0.5,5.5,5.6,14
2022-07-19 19:00:00,2022-07-19 19:15:00,0.5,4.3,4.5,19
2022-07-20 14:15:00,2022-07-20 17:15:00,3.25,4.8,5.5,14
2022-07-21 08:00:00,2022-07-21 08:15:00,0.5,3.6,3.7,8
2022-07-21 17:15:00,2022-07-21 18:45:00,1.75,4.9,5.3,17
2022-07-21 20:30:00,2022-07-21 21:00:00,0.75,4.2,4.366666666666667,20
2022-07-22 03:00:00,2022-07-22 03:30:00,0.75,5.2,5.400000000000001,3
2022-07-22 08:30:00,2022-07-22 08:45:00,0.5,3.9,4.05,8
2022-07-22 17:15:00,2022-07-22 18:45:00,1.75,5.5,5.914285714285714,17
2022-07-22 21:00:00,2022-07-22 22:15:00,1.5,4.4,4.733333333333333,21
2022-07-23 00:30:00,2022-07-23 00:45:00,0.5,4.5,4.6,0
2022-07-24 17:15:00,2022-07-24 17:30:00,0.5,5.6,5.8,17
2022-07-24 23:15:00,2022-07-24 23:30:00,0.5,3.6,3.8499999999999996,23
2022-07-25 20:15:00,2022-07-25 22:00:00,2.0,4.8,5.2625,20
2022-07-25 23:45:00,2022-07-26 00:00:00,0.5,3.6,3.8,23
2022-07-26 05:45:00,2022-07-26 06:30:00,1.0,4.8,4.95,5
2022-07-26 15:00:00,2022-07-26 16:15:00,1.5,5.6,5.95,15
2022-07-26 21:30:00,2022-07-26 22:15:00,1.0,5.0,5.225,21
2022-07-27 00:30:00,2022-07-27 00:45:00,0.5,3.9,4.0,0
2022-07-27 16:30:00,2022-07-27 17:15:00,1.0,5.6,5.875,16
2022-07-27 23:45:00,2022-07-28 01:45:00,2.25,3.5,4.288888888888889,23
2022-07-28 20:00:00,2022-07-28 20:30:00,0.75,4.7,5.333333333333333,20
2022-07-28 23:00:00,2022-07-29 00:15:00,1.5,4.6,4.933333333333334,23
2022-07-29 22:30:00,2022-07-30 03:00:00,4.75,2.8,4.6000000000000005,22
2022-07-30 09:00:00,2022-07-30 11:00:00,2.25,4.7,5.111111111111111,9
2022-07-30 23:30:00,2022-07-31 01:30:00,2.25,4.1,4.777777777777779,23
2022-07-31 03:15:00,2022-07-31 03:30:00,0.5,2.5,2.95,3
2022-07-31 09:30:00,2022-07-31 13:00:00,3.75,4.6,5.166666666666667,9
2022-07-31 14:45:00,2022-07-31 15:15:00,0.75,3.9,4.333333333333334,14
2022-08-01 00:15:00,2022-08-01 02:00:00,2.0,4.3,4.862500000000001,0
2022-08-01 10:45:00,2022-08-01 12:15:00,1.75,4.5,5.585714285714286,10
2022-08-02 01:00:00,2022-08-02 02:30:00,1.75,4.3,4.857142857142857,1
2022-08-02 04:30:00,2022-08-02 04:45:00,0.5,3.4,3.5,4
2022-08-02 12:45:00,2022-08-02 13:15:00,0.75,5.4,5.599999999999999,12
2022-08-02 17:00:00,2022-08-02 18:00:00,1.25,3.8,4.8,17
2022-08-03 02:30:00,2022-08-03 03:00:00,0.75,4.2,4.3999999999999995,2
2022-08-03 13:00:00,2022-08-03 14:45:00,2.0,4.9,5.4625,13
2022-08-04 02:15:00,2022-08-04 03:45:00,1.75,3.8,4.328571428571428,2
2022-08-04 14:30:00,2022-08-04 16:00:00,1.75,5.1,5.457142857142857,14
2022-08-04 18:30:00,2022-08-04 18:45:00,0.5,4.4,4.550000000000001,18
2022-08-05 03:15:00,2022-08-05 04:30:00,1.5,4.1,4.55,3
2022-08-05 14:15:00,2022-08-05 15:30:00,1.5,5.2,5.933333333333334,14
2022-08-05 19:30:00,2022-08-05 19:45:00,0.5,4.0,4.15,19
2022-08-06 04:15:00,2022-08-06 05:45:00,1.75,3.8,4.271428571428571,4
2022-08-06 16:45:00,2022-08-06 18:15:00,1.75,5.1,5.5,16
2022-08-06 20:45:00,2022-08-06 21:15:00,0.75,3.9,4.033333333333333,20
2022-08-07 05:15:00,2022-08-07 06:15:00,1.25,3.9,4.220000000000001,5
2022-08-07 18:00:00,2022-08-07 19:45:00,2.0,4.2,4.9,18
2022-08-08 04:15:00,2022-08-08 07:00:00,3.0,3.5,4.316666666666666,4
2022-08-08 09:15:00,2022-08-08 10:30:00,1.5,2.4,2.8333333333333335,9
2022-08-08 19:00:00,2022-08-08 21:00:00,2.25,3.9,4.866666666666666,19
2022-08-09 07:15:00,2022-08-09 08:15:00,1.25,3.4,3.8200000000000003,7
2022-08-09 11:00:00,2022-08-09 11:15:00,0.5,2.8,2.9,11
2022-08-09 18:30:00,2022-08-09 22:00:00,3.75,3.9,5.373333333333334,18
2022-08-10 08:15:00,2022-08-10 09:30:00,1.5,3.3,3.833333333333334,8
2022-08-10 11:00:00,2022-08-10 13:00:00,2.25,2.8,3.2444444444444445,11
2022-08-10 21:15:00,2022-08-10 23:00:00,2.0,3.6,4.5,21
2022-08-11 07:30:00,2022-08-11 10:30:00,3.25,3.2,4.246153846153846,7
2022-08-11 14:15:00,2022-08-11 15:15:00,1.25,3.4,3.54,14
2022-08-11 20:45:00,2022-08-12 00:00:00,3.5,3.1,4.5857142857142845,20
2022-08-12 08:15:00,2022-08-12 11:15:00,3.25,3.5,4.415384615384616,8
2022-08-12 23:00:00,2022-08-13 01:00:00,2.25,3.2,4.111111111111112,23
2022-08-13 11:30:00,2022-08-13 12:15:00,1.0,4.3,4.6000000000000005,11
2022-08-13 14:30:00,2022-08-13 14:45:00,0.5,3.4,3.65,14
2022-08-13 23:00:00,2022-08-14 01:45:00,3.0,3.8,4.958333333333333,23
2022-08-14 10:30:00,2022-08-14 11:45:00,1.5,4.5,5.283333333333333,10
2022-08-14 15:30:00,2022-08-14 16:30:00,1.25,4.0,4.34,15
2022-08-15 00:30:00,2022-08-15 02:30:00,2.25,3.8,4.644444444444444,0
2022-08-15 23:30:00,2022-08-16 03:15:00,4.0,3.9,5.00625,23
2022-08-16 05:00:00,2022-08-16 05:30:00,0.75,3.2,3.3333333333333335,5
2022-08-17 00:15:00,2022-08-17 03:45:00,3.75,3.9,5.0,0
2022-08-17 14:30:00,2022-08-17 15:30:00,1.25,4.7,5.08,14
2022-08-18 01:15:00,2022-08-18 04:00:00,3.0,3.9,4.866666666666666,1
2022-08-18 13:30:00,2022-08-18 16:45:00,3.5,4.5,5.3571428571428585,13
2022-08-18 19:00:00,2022-08-18 19:15:00,0.5,3.2,3.45,19
2022-08-19 02:00:00,2022-08-19 04:45:00,3.0,3.8,4.658333333333333,2
2022-08-19 15:45:00,2022-08-19 17:15:00,1.75,4.7,5.228571428571429,15
2022-08-19 20:00:00,2022-08-19 21:00:00,1.25,3.1,3.54,20
2022-08-20 03:45:00,2022-08-20 04:30:00,1.0,4.3,4.55,3
2022-08-20 15:15:00,2022-08-20 18:15:00,3.25,4.9,5.738461538461538,15
2022-08-20 20:45:00,2022-08-20 21:00:00,0.5,3.0,3.5,20
2022-08-21 03:15:00,2022-08-21 05:45:00,2.75,4.1,4.7727272727272725,3
2022-08-21 17:30:00,2022-08-21 20:15:00,3.0,4.1,4.983333333333333,17
2022-08-22 06:15:00,2022-08-22 07:15:00,1.25,4.0,4.36,6
2022-08-22 09:15:00,2022-08-22 10:15:00,1.25,3.1,3.3200000000000003,9
2022-08-22 18:45:00,2022-08-22 21:30:00,3.0,3.5,4.316666666666667,18
2022-08-23 05:15:00,2022-08-23 09:30:00,4.5,3.3,4.111111111111111,5
2022-08-23 19:30:00,2022-08-23 22:30:00,3.25,3.2,4.253846153846154,19
2022-08-24 06:30:00,2022-08-24 11:00:00,4.75,2.9,3.8157894736842106,6
2022-08-24 20:00:00,2022-08-24 22:45:00,3.0,3.2,4.5,20
2022-08-25 08:00:00,2022-08-25 10:00:00,2.25,3.2,3.9888888888888894,8
2022-08-25 12:15:00,2022-08-25 13:00:00,1.0,2.3,2.45,12
2022-08-25 21:00:00,2022-08-25 23:15:00,2.5,2.7,4.01,21
2022-08-26 09:00:00,2022-08-26 10:45:00,2.0,2.8,3.8125,9
2022-08-26 14:45:00,2022-08-26 15:15:00,0.75,2.6,2.766666666666667,14
2022-08-26 21:30:00,2022-08-27 00:00:00,2.75,2.8,4.236363636363636,21
2022-08-27 08:30:00,2022-08-27 11:30:00,3.25,3.1,4.423076923076923,8
2022-08-27 22:30:00,2022-08-28 00:30:00,2.25,3.1,4.366666666666667,22
2022-08-28 11:00:00,2022-08-28 12:30:00,1.75,3.4,4.128571428571429,11
2022-08-28 23:15:00,2022-08-29 01:15:00,2.25,3.3,4.333333333333333,23
2022-08-29 11:30:00,2022-08-29 13:15:00,2.0,3.5,4.225,11
2022-08-29 23:45:00,2022-08-30 01:45:00,2.25,3.2,4.144444444444445,23
2022-08-30 03:15:00,2022-08-30 04:00:00,1.0,2.9,3.1,3
2022-08-30 12:15:00,2022-08-30 14:00:00,2.0,3.3,3.9999999999999996,12
2022-08-31 00:00:00,2022-08-31 02:00:00,2.25,3.1,4.011111111111111,0
2022-08-31 12:45:00,2022-08-31 14:30:00,2.0,3.8,4.475,12
2022-09-01 01:00:00,2022-09-01 02:30:00,1.75,3.4,4.071428571428571,1
2022-09-01 13:30:00,2022-09-01 15:15:00,2.0,4.4,5.0125,13
2022-09-02 00:00:00,2022-09-02 03:15:00,3.5,3.8,4.692857142857143,0
2022-09-02 15:30:00,2022-09-02 16:15:00,1.0,4.5,4.8,15
2022-09-03 01:00:00,2022-09-03 05:00:00,4.25,3.4,4.53529411764706,1
2022-09-03 15:30:00,2022-09-03 16:45:00,1.5,4.9,5.316666666666666,15
2022-09-04 02:00:00,2022-09-04 04:30:00,2.75,4.3,4.945454545454545,2
2022-09-04 16:30:00,2022-09-04 18:00:00,1.75,5.0,5.514285714285714,16
2022-09-05 05:00:00,2022-09-05 06:30:00,1.75,3.9,4.371428571428571,5
2022-09-05 09:45:00,2022-09-05 12:15:00,2.75,3.6,4.036363636363637,9
2022-09-05 18:15:00,2022-09-05 19:45:00,1.75,4.2,4.8,18
2022-09-06 06:00:00,2022-09-06 07:30:00,1.75,3.5,4.057142857142856,6
2022-09-06 19:00:00,2022-09-06 21:00:00,2.25,4.0,4.911111111111111,19
2022-09-07 07:00:00,2022-09-07 09:00:00,2.25,3.2,3.9555555555555557,7
2022-09-07 20:00:00,2022-09-07 22:00:00,2.25,3.8,4.888888888888889,20
2022-09-08 07:45:00,2022-09-08 10:15:00,2.75,3.1,4.2,7
2022-09-08 21:15:00,2022-09-08 23:15:00,2.25,3.7,4.566666666666666,21
2022-09-09 10:00:00,2022-09-09 11:15:00,1.5,3.8,4.283333333333334,10
2022-09-09 23:15:00,2022-09-10 00:00:00,1.0,4.2,4.45,23
2022-09-10 10:15:00,2022-09-10 11:45:00,1.75,4.0,4.5857142857142845,10
2022-09-10 14:00:00,2022-09-10 14:30:00,0.75,3.7,3.766666666666667,14
2022-09-10 22:00:00,2022-09-11 00:15:00,2.5,3.7,4.73,22
2022-09-11 11:15:00,2022-09-11 12:30:00,1.5,3.9,4.333333333333333,11
2022-09-11 15:00:00,2022-09-11 16:00:00,1.25,3.6,3.8,15
2022-09-11 21:15:00,2022-09-11 21:30:00,0.5,5.5,5.6,21
2022-09-11 23:00:00,2022-09-12 01:00:00,2.25,3.5,4.455555555555555,23
2022-09-12 11:45:00,2022-09-12 13:15:00,1.75,4.0,4.557142857142857,11
2022-09-12 22:15:00,2022-09-13 01:45:00,3.75,3.5,4.8066666666666675,22
2022-09-13 11:30:00,2022-09-13 13:45:00,2.5,4.4,5.15,11
2022-09-13 22:45:00,2022-09-14 02:15:00,3.75,3.7,4.900000000000001,22
2022-09-14 13:15:00,2022-09-14 14:15:00,1.25,4.9,5.24,13
2022-09-14 16:45:00,2022-09-14 17:45:00,1.25,4.4,4.5,16
2022-09-14 23:45:00,2022-09-15 03:30:00,4.0,3.8,5.012499999999999,23
2022-09-16 02:30:00,2022-09-16 04:00:00,1.75,4.4,4.885714285714285,2
2022-09-19 08:15:00,2022-09-19 08:30:00,0.5,3.7,3.8,8
2022-09-19 21:15:00,2022-09-19 21:30:00,0.5,4.0,4.15,21
2022-09-20 12:45:00,2022-09-20 14:00:00,1.5,5.2,5.683333333333334,12
2022-09-20 20:30:00,2022-09-20 21:00:00,0.75,4.6,4.766666666666667,20
2022-09-21 05:15:00,2022-09-21 08:30:00,3.5,4.1,5.007142857142857,5
2022-09-21 19:45:00,2022-09-21 21:45:00,2.25,4.2,5.011111111111111,19
2022-09-22 07:15:00,2022-09-22 09:30:00,2.5,3.7,4.55,7
2022-09-22 18:45:00,2022-09-22 22:30:00,4.0,3.8,5.300000000000001,18
2022-09-23 09:30:00,2022-09-23 10:45:00,1.5,4.2,4.633333333333334,9
2022-09-23 21:15:00,2022-09-23 23:00:00,2.0,4.3,5.1625000000000005,21
2022-09-24 10:00:00,2022-09-24 11:15:00,1.5,4.0,4.5,10
2022-09-24 19:45:00,2022-09-24 23:30:00,4.0,4.0,5.481249999999999,19
2022-09-25 10:30:00,2022-09-25 11:45:00,1.5,4.0,4.55,10
2022-09-25 22:15:00,2022-09-26 00:00:00,2.0,4.1,4.875,22
2022-09-26 10:45:00,2022-09-26 12:15:00,1.75,4.3,4.857142857142856,10
2022-09-26 22:30:00,2022-09-27 00:30:00,2.25,4.1,4.955555555555556,22
2022-09-27 11:30:00,2022-09-27 12:30:00,1.25,4.8,5.26,11
2022-09-27 21:45:00,2022-09-28 01:00:00,3.5,4.2,5.442857142857143,21
2022-09-28 13:15:00,2022-09-28 14:00:00,1.0,5.0,5.3,13
2022-09-29 01:00:00,2022-09-29 01:45:00,1.0,5.2,5.425,1
2022-10-04 05:30:00,2022-10-04 06:15:00,1.0,5.7,5.8999999999999995,5
2022-10-05 06:15:00,2022-10-05 08:00:00,2.0,5.5,5.9875,6
2022-10-05 19:15:00,2022-10-05 20:45:00,1.75,6.0,6.514285714285714,19
2022-10-06 07:15:00,2022-10-06 09:15:00,2.25,5.1,5.777777777777778,7
2022-10-06 20:00:00,2022-10-06 22:00:00,2.25,5.3,6.21111111111111,20
2022-10-07 07:45:00,2022-10-07 09:45:00,2.25,5.0,5.866666666666666,7
2022-10-07 20:30:00,2022-10-07 22:30:00,2.25,5.0,6.022222222222222,20
2022-10-08 08:45:00,2022-10-08 10:45:00,2.25,4.7,5.5888888888888895,8
2022-10-08 21:00:00,2022-10-08 23:00:00,2.25,4.8,5.8999999999999995,21
2022-10-09 10:15:00,2022-10-09 11:30:00,1.5,5.3,5.8500000000000005,10
2022-10-09 22:15:00,2022-10-10 00:30:00,2.5,4.9,5.720000000000001,22
2022-10-10 11:30:00,2022-10-10 12:30:00,1.25,5.3,5.66,11
2022-10-10 14:00:00,2022-10-10 14:30:00,0.75,4.9,5.000000000000001,14
2022-10-10 23:00:00,2022-10-11 00:45:00,2.0,4.9,5.637499999999999,23
2022-10-11 12:15:00,2022-10-11 13:00:00,1.0,5.7,5.999999999999999,12
2022-10-11 15:15:00,2022-10-11 15:45:00,0.75,4.9,5.066666666666667,15
2022-10-11 23:45:00,2022-10-12 03:00:00,3.5,4.4,5.271428571428571,23
2022-10-12 13:00:00,2022-10-12 13:45:00,1.0,5.5,5.75,13
2022-10-13 01:15:00,2022-10-13 02:00:00,1.0,5.2,5.45,1
2022-10-14 01:45:00,2022-10-14 02:30:00,1.0,5.1,5.324999999999999,1
2022-10-15 13:15:00,2022-10-15 14:00:00,1.0,6.6,6.7749999999999995,13
2022-10-22 08:15:00,2022-10-22 09:45:00,1.75,5.5,5.871428571428572,8
2022-10-22 20:30:00,2022-10-22 22:00:00,1.75,5.6,6.1571428571428575,20
2022-10-23 10:00:00,2022-10-23 10:45:00,1.0,5.4,5.699999999999999,10
2022-10-23 21:00:00,2022-10-23 23:00:00,2.25,5.2,5.9222222222222225,21
2022-10-24 09:45:00,2022-10-24 11:00:00,1.5,5.5,5.966666666666666,9
2022-10-24 21:30:00,2022-10-24 23:30:00,2.25,5.1,5.833333333333333,21
2022-10-25 10:30:00,2022-10-25 11:45:00,1.5,5.6,6.05,10
2022-10-25 22:30:00,2022-10-26 00:00:00,1.75,5.1,5.685714285714286,22
2022-10-26 11:45:00,2022-10-26 12:30:00,1.0,5.7,5.9750000000000005,11
2022-10-26 22:45:00,2022-10-27 00:45:00,2.25,5.0,5.677777777777777,22
2022-10-27 12:45:00,2022-10-27 13:00:00,0.5,6.1,6.199999999999999,12
2022-10-27 23:45:00,2022-10-28 01:15:00,1.75,5.5,5.971428571428571,23
2022-10-28 13:45:00,2022-10-28 14:30:00,1.0,5.9,6.174999999999999,13
2022-10-29 01:00:00,2022-10-29 02:00:00,1.25,5.5,5.86,1
2022-10-29 14:30:00,2022-10-29 15:15:00,1.0,6.0,6.275,14
2022-10-30 15:45:00,2022-10-30 16:00:00,0.5,6.5,6.6,15
2022-10-31 03:00:00,2022-10-31 03:30:00,0.75,6.1,6.266666666666666,3
2022-10-31 16:15:00,2022-10-31 17:15:00,1.25,6.3,6.56,16
2022-11-01 04:00:00,2022-11-01 05:00:00,1.25,5.7,5.999999999999999,4
2022-11-01 17:15:00,2022-11-01 18:00:00,1.0,6.0,6.225,17
2022-11-02 05:15:00,2022-11-02 06:00:00,1.0,5.6,5.824999999999999,5
2022-11-02 17:45:00,2022-11-02 19:15:00,1.75,5.8,6.285714285714285,17
2022-11-03 06:15:00,2022-11-03 07:30:00,1.5,5.4,5.866666666666666,6
2022-11-03 19:00:00,2022-11-03 20:30:00,1.75,5.5,6.171428571428572,19
2022-11-04 07:00:00,2022-11-04 08:45:00,2.0,5.2,5.8875,7
2022-11-04 19:45:00,2022-11-04 21:30:00,2.0,5.2,5.949999999999999,19
2022-11-05 08:00:00,2022-11-05 09:45:00,2.0,5.0,5.7625,8
2022-11-05 20:30:00,2022-11-05 22:00:00,1.75,4.9,5.714285714285714,20
2022-11-06 08:45:00,2022-11-06 10:30:00,2.0,4.9,5.7,8
2022-11-06 19:30:00,2022-11-06 22:30:00,3.25,4.7,6.084615384615384,19
2022-11-07 10:15:00,2022-11-07 11:15:00,1.25,4.7,5.22,10
2022-11-07 21:30:00,2022-11-07 23:45:00,2.5,4.4,5.390000000000001,21
2022-11-08 11:45:00,2022-11-08 12:30:00,1.0,5.3,5.575,11
2022-11-08 23:30:00,2022-11-09 00:30:00,1.25,5.5,5.880000000000001,23
2022-11-20 20:15:00,2022-11-20 21:00:00,1.0,6.6,6.85,20
2022-11-21 09:30:00,2022-11-21 10:00:00,0.75,6.7,6.8999999999999995,9
2022-11-21 20:45:00,2022-11-21 21:45:00,1.25,6.8,7.139999999999999,20
2022-11-22 21:30:00,2022-11-22 22:30:00,1.25,6.9,7.220000000000001,21
2022-11-23 22:45:00,2022-11-23 23:30:00,1.0,6.7,6.95,22
2022-11-24 23:30:00,2022-11-25 00:30:00,1.25,6.6,6.92,23
2022-12-03 07:15:00,2022-12-03 08:00:00,1.0,6.6,6.875,7
2022-12-03 19:15:00,2022-12-03 20:30:00,1.5,6.4,6.733333333333333,19
2022-12-04 07:30:00,2022-12-04 09:15:00,2.0,6.2,6.7250000000000005,7
2022-12-04 19:45:00,2022-12-04 21:30:00,2.0,6.3,6.9125,19
2022-12-05 09:30:00,2022-12-05 10:45:00,1.5,6.1,6.516666666666666,9
2022-12-05 20:30:00,2022-12-05 22:45:00,2.5,5.9,6.65,20
2022-12-06 10:15:00,2022-12-06 11:00:00,1.0,6.2,6.45,10
2022-12-06 19:45:00,2022-12-06 22:30:00,3.0,6.1,6.949999999999999,19
2022-12-07 10:00:00,2022-12-07 11:30:00,1.75,6.1,6.671428571428571,10
2022-12-07 20:30:00,2022-12-07 23:00:00,2.75,5.9,6.645454545454546,20
2022-12-08 11:00:00,2022-12-08 12:00:00,1.25,6.1,6.4399999999999995,11
2022-12-08 21:45:00,2022-12-08 23:45:00,2.25,5.9,6.466666666666667,21
2022-12-09 11:30:00,2022-12-09 13:00:00,1.75,6.1,6.671428571428571,11
2022-12-09 23:30:00,2022-12-10 00:30:00,1.25,6.0,6.319999999999999,23
2022-12-10 12:45:00,2022-12-10 14:00:00,1.5,6.1,6.533333333333332,12
2022-12-11 13:30:00,2022-12-11 14:30:00,1.25,6.5,6.779999999999999,13
2022-12-16 19:15:00,2022-12-16 19:30:00,0.5,7.1,7.199999999999999,19
2023-01-05 21:45:00,2023-01-05 22:30:00,1.0,7.9,8.125,21
2023-01-29 14:15:00,2023-01-29 14:30:00,0.5,8.1,8.25,14
2023-01-29 20:00:00,2023-01-29 20:30:00,0.75,7.8,8.233333333333333,20
2023-02-12 22:00:00,2023-02-12 23:15:00,1.5,7.8,7.966666666666666,22
2023-02-23 01:00:00,2023-02-23 01:45:00,1.0,6.9,7.125,1
2023-02-25 13:45:00,2023-02-25 14:00:00,0.5,7.4,7.550000000000001,13
2023-02-26 14:45:00,2023-02-26 15:00:00,0.5,7.0,7.1,14
2023-02-27 03:30:00,2023-02-27 03:45:00,0.5,7.0,7.1,3
2023-03-01 17:15:00,2023-03-01 19:00:00,2.0,6.7,7.0375000000000005,17
2023-03-02 14:00:00,2023-03-02 14:15:00,0.5,6.7,6.800000000000001,14
2023-03-03 09:15:00,2023-03-03 09:45:00,0.75,5.8,6.0,9
2023-03-03 21:30:00,2023-03-03 21:45:00,0.5,6.3,6.4,21
2023-03-04 08:30:00,2023-03-04 09:45:00,1.5,5.9,6.3500000000000005,8
2023-03-04 20:30:00,2023-03-04 21:45:00,1.5,6.0,6.383333333333334,20
2023-03-05 10:30:00,2023-03-05 10:45:00,0.5,6.0,6.15,10
2023-03-05 21:15:00,2023-03-05 23:15:00,2.25,5.9,6.488888888888889,21
2023-03-06 09:45:00,2023-03-06 11:30:00,2.0,5.9,6.475,9
2023-03-06 22:15:00,2023-03-06 23:45:00,1.75,5.7,6.3,22
2023-03-07 11:15:00,2023-03-07 11:45:00,0.75,5.8,6.066666666666666,11
2023-03-07 22:45:00,2023-03-08 00:15:00,1.75,5.5,6.042857142857144,22
2023-03-08 12:30:00,2023-03-08 12:45:00,0.5,6.2,6.300000000000001,12
2023-03-08 23:30:00,2023-03-09 01:30:00,2.25,5.7,6.355555555555556,23
2023-03-10 01:00:00,2023-03-10 02:00:00,1.25,5.8,6.180000000000001,1
2023-03-10 12:15:00,2023-03-10 13:45:00,1.75,5.9,6.371428571428572,12
2023-03-11 01:45:00,2023-03-11 02:15:00,0.75,5.7,5.8999999999999995,1
2023-03-13 03:30:00,2023-03-13 04:15:00,1.0,5.7,5.95,3
2023-03-14 04:30:00,2023-03-14 05:00:00,0.75,6.1,6.266666666666666,4
2023-03-14 19:00:00,2023-03-14 19:30:00,0.75,5.7,6.3,19
2023-03-18 08:30:00,2023-03-18 09:00:00,0.75,6.7,6.866666666666667,8
2023-03-23 00:15:00,2023-03-23 00:30:00,0.5,6.6,6.699999999999999,0
2023-03-24 00:45:00,2023-03-24 01:15:00,0.75,6.5,6.666666666666667,0
2023-03-24 11:45:00,2023-03-24 12:45:00,1.25,6.8,7.019999999999999,11
2023-03-25 01:30:00,2023-03-25 02:15:00,1.0,6.3,6.575,1
2023-03-25 12:45:00,2023-03-25 13:00:00,0.5,6.8,6.9,12
2023-03-26 02:30:00,2023-03-26 03:00:00,0.75,6.2,6.3999999999999995,2
2023-03-27 02:30:00,2023-03-27 04:15:00,2.0,5.7,6.2875,2
2023-03-28 03:45:00,2023-03-28 05:00:00,1.5,5.5,5.866666666666667,3
2023-03-28 15:15:00,2023-03-28 17:15:00,2.25,5.7,6.0888888888888895,15
2023-03-29 04:45:00,2023-03-29 06:30:00,2.0,5.4,5.762499999999999,4
2023-03-30 06:30:00,2023-03-30 06:45:00,0.5,6.2,6.300000000000001,6
2023-03-31 12:45:00,2023-03-31 13:45:00,1.25,6.4,7.0,12
2023-04-03 11:45:00,2023-04-03 12:45:00,1.25,5.5,5.6,11
2023-04-03 21:30:00,2023-04-03 22:30:00,1.25,5.8,6.119999999999999,21
2023-04-04 09:00:00,2023-04-04 10:45:00,2.0,5.4,5.9125,9
2023-04-04 21:15:00,2023-04-04 23:00:00,2.0,5.4,6.075,21
2023-04-05 09:15:00,2023-04-05 11:15:00,2.25,5.2,5.966666666666667,9
2023-04-05 22:00:00,2023-04-06 00:15:00,2.5,4.8,5.77,22
2023-04-06 08:30:00,2023-04-06 11:15:00,3.0,5.3,6.2749999999999995,8
2023-04-06 22:30:00,2023-04-07 01:00:00,2.75,4.6,5.736363636363635,22
2023-04-07 11:00:00,2023-04-07 12:00:00,1.25,5.2,5.66,11
2023-04-07 14:45:00,2023-04-07 15:00:00,0.5,4.6,4.75,14
2023-04-07 23:45:00,2023-04-08 01:15:00,1.75,5.2,5.857142857142857,23
2023-04-08 12:15:00,2023-04-08 13:30:00,1.5,5.4,5.883333333333333,12
2023-04-10 17:00:00,2023-04-10 17:30:00,0.75,7.0,7.1000000000000005,17
2023-04-11 17:00:00,2023-04-11 18:00:00,1.25,7.0,7.140000000000001,17
2023-04-12 06:15:00,2023-04-12 06:45:00,0.75,6.1,6.166666666666667,6
2023-04-14 05:15:00,2023-04-14 06:45:00,1.75,5.9,6.414285714285714,5
2023-04-15 06:30:00,2023-04-15 07:45:00,1.5,5.7,6.183333333333334,6
2023-04-15 18:30:00,2023-04-15 19:45:00,1.5,6.0,6.383333333333334,18
2023-04-16 07:15:00,2023-04-16 08:45:00,1.75,5.3,5.999999999999999,7
2023-04-16 19:00:00,2023-04-16 20:30:00,1.75,5.9,6.442857142857142,19
2023-04-17 08:30:00,2023-04-17 09:00:00,0.75,5.7,5.866666666666667,8
2023-04-17 20:45:00,2023-04-17 22:00:00,1.5,5.7,6.183333333333334,20
2023-04-18 09:45:00,2023-04-18 10:15:00,0.75,5.8,6.0,9
2023-04-18 22:00:00,2023-04-18 23:00:00,1.25,5.8,6.24,22
2023-04-19 10:00:00,2023-04-19 11:00:00,1.25,5.8,6.180000000000001,10
2023-04-19 21:30:00,2023-04-19 23:45:00,2.5,5.6,6.469999999999999,21
2023-04-20 10:30:00,2023-04-20 11:45:00,1.5,5.6,6.066666666666666,10
2023-04-20 21:15:00,2023-04-21 00:30:00,3.5,5.4,6.664285714285716,21
2023-04-21 11:00:00,2023-04-21 12:15:00,1.5,5.6,6.083333333333333,11
2023-04-21 23:45:00,2023-04-22 01:15:00,1.75,5.4,6.1,23
2023-04-22 11:15:00,2023-04-22 12:30:00,1.5,5.7,6.1000000000000005,11
2023-04-22 23:45:00,2023-04-23 01:45:00,2.25,5.2,5.922222222222222,23
2023-04-23 12:00:00,2023-04-23 12:30:00,0.75,5.9,6.099999999999999,12
2023-04-24 01:00:00,2023-04-24 03:00:00,2.25,5.1,5.933333333333334,1
2023-04-24 11:15:00,2023-04-24 14:00:00,3.0,5.5,6.1000000000000005,11
2023-04-25 01:45:00,2023-04-25 03:45:00,2.25,5.1,5.9,1
2023-04-26 00:45:00,2023-04-26 01:00:00,0.5,6.6,6.699999999999999,0
2023-04-26 03:00:00,2023-04-26 04:45:00,2.0,5.4,5.987500000000001,3
2023-04-26 10:15:00,2023-04-26 11:30:00,1.5,5.8,6.133333333333334,10
2023-04-26 14:30:00,2023-04-26 14:45:00,0.5,6.4,6.5,14
2023-04-27 04:00:00,2023-04-27 05:15:00,1.5,5.6,5.966666666666666,4
2023-04-27 14:45:00,2023-04-27 15:45:00,1.25,6.5,6.8,14
2023-04-28 05:00:00,2023-04-28 06:15:00,1.5,5.6,6.05,5
2023-04-29 05:15:00,2023-04-29 06:45:00,1.75,5.5,5.957142857142857,5
2023-04-29 17:15:00,2023-04-29 17:30:00,0.5,6.6,6.699999999999999,17
2023-04-30 06:45:00,2023-04-30 07:45:00,1.25,5.4,5.76,6
2023-05-01 05:15:00,2023-05-01 05:30:00,0.5,6.3,6.449999999999999,5
2023-05-02 08:15:00,2023-05-02 09:15:00,1.25,5.9,6.12,8
2023-05-03 22:15:00,2023-05-03 22:30:00,0.5,6.3,6.4,22
2023-05-04 21:45:00,2023-05-04 23:15:00,1.75,5.9,6.414285714285714,21
2023-05-05 22:30:00,2023-05-06 00:15:00,2.0,5.3,6.0625,22
2023-05-06 10:45:00,2023-05-06 11:30:00,1.0,5.3,5.6000000000000005,10
2023-05-06 23:15:00,2023-05-07 01:00:00,2.0,5.0,5.824999999999999,23
2023-05-07 11:00:00,2023-05-07 12:15:00,1.5,5.2,5.666666666666667,11
2023-05-07 15:00:00,2023-05-07 15:15:00,0.5,4.8,4.9,15
2023-05-08 00:15:00,2023-05-08 01:45:00,1.75,5.2,5.8428571428571425,0
2023-05-08 11:30:00,2023-05-08 12:30:00,1.25,5.6,5.88,11
2023-05-08 23:00:00,2023-05-09 00:15:00,1.5,6.5,6.7,23
2023-05-09 01:45:00,2023-05-09 02:45:00,1.25,5.2,5.5600000000000005,1
2023-05-09 11:00:00,2023-05-09 13:00:00,2.25,5.9,6.266666666666667,11
2023-05-10 00:00:00,2023-05-10 03:30:00,3.75,5.0,6.113333333333333,0
2023-05-10 13:30:00,2023-05-10 14:45:00,1.5,5.7,6.050000000000001,13
2023-05-10 17:30:00,2023-05-10 18:00:00,0.75,5.3,5.3999999999999995,17
2023-05-11 02:45:00,2023-05-11 04:30:00,2.0,5.1,5.7749999999999995,2
2023-05-11 13:15:00,2023-05-11 14:45:00,1.75,6.3,6.542857142857143,13
2023-05-12 03:45:00,2023-05-12 05:45:00,2.25,4.8,5.51111111111111,3
2023-05-12 15:30:00,2023-05-12 16:00:00,0.75,6.1,6.266666666666666,15
2023-05-13 04:30:00,2023-05-13 06:30:00,2.25,4.9,5.622222222222223,4
2023-05-13 17:15:00,2023-05-13 17:30:00,0.5,6.1,6.199999999999999,17
2023-05-14 05:45:00,2023-05-14 07:15:00,1.75,4.8,5.442857142857142,5
2023-05-14 18:00:00,2023-05-14 19:30:00,1.75,5.3,5.814285714285714,18
2023-05-15 05:15:00,2023-05-15 08:15:00,3.25,4.5,5.661538461538461,5
2023-05-15 20:15:00,2023-05-15 21:15:00,1.25,5.2,5.54,20
2023-05-16 07:45:00,2023-05-16 09:15:00,1.75,4.5,5.171428571428571,7
2023-05-16 19:30:00,2023-05-16 21:45:00,2.5,4.9,5.75,19
2023-05-17 08:45:00,2023-05-17 09:45:00,1.25,4.4,4.82,8
2023-05-17 12:15:00,2023-05-17 12:30:00,0.5,4.1,4.199999999999999,12
2023-05-17 20:45:00,2023-05-17 22:45:00,2.25,4.5,5.388888888888889,20
2023-05-18 09:00:00,2023-05-18 10:45:00,2.0,4.1,4.875,9
2023-05-18 22:15:00,2023-05-19 00:00:00,2.0,4.8,5.35,22
2023-05-19 10:15:00,2023-05-19 11:15:00,1.25,4.7,5.0600000000000005,10
2023-05-19 21:30:00,2023-05-20 00:00:00,2.75,4.5,5.4818181818181815,21
2023-05-20 09:00:00,2023-05-20 11:30:00,2.75,4.4,5.145454545454546,9
2023-05-20 23:00:00,2023-05-21 00:45:00,2.0,4.2,5.15,23
2023-05-21 11:00:00,2023-05-21 12:15:00,1.5,4.0,4.383333333333333,11
2023-05-22 00:00:00,2023-05-22 01:45:00,2.0,3.8,4.8375,0
2023-05-22 11:45:00,2023-05-22 12:45:00,1.25,4.8,5.14,11
2023-05-23 00:30:00,2023-05-23 02:45:00,2.5,4.7,5.51,0
2023-05-23 11:15:00,2023-05-23 12:30:00,1.5,5.7,5.866666666666667,11
2023-05-24 02:30:00,2023-05-24 03:45:00,1.5,4.7,5.133333333333334,2
2023-05-24 13:15:00,2023-05-24 13:30:00,0.5,5.9,6.0,13
2023-05-25 03:15:00,2023-05-25 04:15:00,1.25,4.9,5.26,3
2023-05-25 12:30:00,2023-05-25 13:00:00,0.75,5.6,5.766666666666666,12
2023-05-25 14:45:00,2023-05-25 16:00:00,1.5,5.4,5.633333333333333,14
2023-05-26 03:15:00,2023-05-26 05:15:00,2.25,5.2,5.788888888888889,3
2023-05-26 14:00:00,2023-05-26 16:45:00,3.0,5.4,5.9750000000000005,14
2023-05-27 04:00:00,2023-05-27 05:00:00,1.25,6.1,6.32,4
2023-05-27 17:15:00,2023-05-27 18:00:00,1.0,6.3,6.4750000000000005,17
2023-05-28 20:15:00,2023-05-28 21:00:00,1.0,5.6,5.75,20
2023-05-29 04:45:00,2023-05-29 06:30:00,2.0,5.8,6.175,4
2023-05-29 17:45:00,2023-05-29 19:00:00,1.5,6.2,6.550000000000001,17
2023-05-30 04:30:00,2023-05-30 08:30:00,4.25,5.2,6.247058823529412,4
2023-05-30 19:00:00,2023-05-30 20:15:00,1.5,6.2,6.6499999999999995,19
2023-05-31 05:00:00,2023-05-31 05:15:00,0.5,6.6,6.699999999999999,5
2023-05-31 07:00:00,2023-05-31 10:30:00,3.75,4.9,5.513333333333333,7
2023-05-31 20:45:00,2023-05-31 22:45:00,2.25,5.4,5.922222222222222,20
2023-06-01 08:00:00,2023-06-01 09:30:00,1.75,5.3,5.771428571428571,8
2023-06-01 21:00:00,2023-06-01 22:30:00,1.75,5.6,6.171428571428572,21
2023-06-02 08:15:00,2023-06-02 09:45:00,1.75,5.2,5.785714285714286,8
2023-06-02 21:15:00,2023-06-02 23:45:00,2.75,5.0,5.9,21
2023-06-03 09:00:00,2023-06-03 11:15:00,2.5,4.8,5.4799999999999995,9
2023-06-03 22:15:00,2023-06-04 00:30:00,2.5,4.8,5.619999999999999,22
2023-06-04 09:45:00,2023-06-04 11:30:00,2.0,5.0,5.637500000000001,9
2023-06-04 21:45:00,2023-06-05 01:30:00,4.0,5.0,5.875,21
2023-06-05 23:45:00,2023-06-06 01:45:00,2.25,5.0,5.666666666666667,23
2023-06-06 10:15:00,2023-06-06 11:00:00,1.0,5.5,5.925,10
2023-06-06 22:45:00,2023-06-07 02:30:00,4.0,4.9,5.949999999999999,22
2023-06-07 11:15:00,2023-06-07 13:45:00,2.75,5.4,5.881818181818182,11
2023-06-07 23:30:00,2023-06-08 03:15:00,4.0,4.9,5.875,23
2023-06-08 14:15:00,2023-06-08 15:00:00,1.0,5.4,5.625,14
2023-06-09 02:15:00,2023-06-09 04:45:00,2.75,4.4,5.263636363636365,2
2023-06-09 14:30:00,2023-06-09 16:00:00,1.75,4.8,5.3428571428571425,14
2023-06-10 03:00:00,2023-06-10 05:15:00,2.5,4.1,5.15,3
2023-06-10 14:00:00,2023-06-10 16:45:00,3.0,5.2,5.966666666666666,14
2023-06-11 04:00:00,2023-06-11 06:00:00,2.25,4.3,5.111111111111111,4
2023-06-11 08:00:00,2023-06-11 08:15:00,0.5,3.4,3.55,8
2023-06-11 17:00:00,2023-06-11 18:15:00,1.5,5.0,5.466666666666666,17
2023-06-12 05:00:00,2023-06-12 07:00:00,2.25,4.2,4.977777777777778,5
2023-06-12 17:30:00,2023-06-12 19:15:00,2.0,5.1,5.6125,17
2023-06-12 22:00:00,2023-06-12 22:45:00,1.0,4.3,4.5249999999999995,22
2023-06-13 05:45:00,2023-06-13 07:15:00,1.75,4.5,5.042857142857143,5
2023-06-13 18:45:00,2023-06-13 20:15:00,1.75,5.0,5.585714285714286,18
2023-06-14 06:45:00,2023-06-14 08:00:00,1.5,4.5,4.916666666666667,6
2023-06-14 19:30:00,2023-06-14 21:30:00,2.25,4.8,5.477777777777778,19
2023-06-15 05:45:00,2023-06-15 09:00:00,3.5,4.6,5.3928571428571415,5
2023-06-15 20:30:00,2023-06-15 22:15:00,2.0,4.8,5.3875,20
2023-06-16 09:00:00,2023-06-16 10:00:00,1.25,4.6,4.9399999999999995,9
2023-06-16 21:30:00,2023-06-17 00:00:00,2.75,4.4,5.236363636363636,21
2023-06-17 07:45:00,2023-06-17 10:00:00,2.5,4.8,5.4,7
2023-06-17 13:00:00,2023-06-17 15:00:00,2.25,4.1,4.555555555555555,13
2023-06-17 20:30:00,2023-06-18 01:45:00,5.5,3.9,5.336363636363636,20
2023-06-18 09:45:00,2023-06-18 11:30:00,2.0,4.3,4.9125,9
2023-06-18 22:30:00,2023-06-19 03:00:00,4.75,3.4,4.657894736842106,22
2023-06-19 10:45:00,2023-06-19 12:30:00,2.0,4.2,4.85,10
2023-06-19 14:15:00,2023-06-19 14:30:00,0.5,3.8,4.05,14
2023-06-19 23:15:00,2023-06-20 01:30:00,2.5,4.0,5.010000000000001,23
2023-06-20 11:30:00,2023-06-20 12:45:00,1.5,4.0,4.5,11
2023-06-20 22:15:00,2023-06-20 22:30:00,0.5,5.7,5.85,22
2023-06-21 00:15:00,2023-06-21 04:15:00,4.25,3.3,4.288235294117647,0
2023-06-21 10:45:00,2023-06-21 13:30:00,3.0,4.2,4.9750000000000005,10
2023-06-22 00:15:00,2023-06-22 02:45:00,2.75,4.0,4.909090909090909,0
2023-06-22 12:45:00,2023-06-22 14:00:00,1.5,4.7,5.1,12
2023-06-22 23:30:00,2023-06-22 23:45:00,0.5,5.6,5.8,23
2023-06-23 02:00:00,2023-06-23 03:15:00,1.5,4.7,5.183333333333333,2
2023-06-23 13:30:00,2023-06-23 14:30:00,1.25,5.3,5.6000000000000005,13
2023-06-24 02:15:00,2023-06-24 03:45:00,1.75,4.6,5.185714285714286,2
2023-06-24 05:45:00,2023-06-24 06:00:00,0.5,2.9,3.3499999999999996,5
2023-06-24 12:30:00,2023-06-24 15:45:00,3.5,5.3,5.764285714285714,12
2023-06-24 18:15:00,2023-06-24 19:15:00,1.25,4.7,5.08,18
2023-06-25 03:30:00,2023-06-25 06:45:00,3.5,3.5,4.521428571428571,3
2023-06-25 13:30:00,2023-06-25 15:30:00,2.25,5.8,6.2,13
2023-06-26 04:45:00,2023-06-26 05:00:00,0.5,4.9,5.0,4
2023-06-26 19:30:00,2023-06-26 20:15:00,1.0,4.8,5.075,19
2023-06-27 02:00:00,2023-06-27 02:15:00,0.5,5.1,5.25,2
2023-06-27 15:00:00,2023-06-27 15:15:00,0.5,6.0,6.1,15
2023-06-28 11:15:00,2023-06-28 13:30:00,2.5,5.4,5.74,11
2023-06-29 09:30:00,2023-06-29 13:45:00,4.5,3.6,4.73888888888889,9
2023-06-29 19:15:00,2023-06-29 20:45:00,1.75,4.8,5.228571428571428,19
2023-06-30 06:30:00,2023-06-30 08:15:00,2.0,4.0,4.5249999999999995,6
2023-06-30 10:30:00,2023-06-30 11:00:00,0.75,3.2,3.4,10
2023-06-30 14:15:00,2023-06-30 14:30:00,0.5,4.5,4.95,14
2023-06-30 20:15:00,2023-06-30 21:45:00,1.75,4.5,5.128571428571429,20
2023-07-01 06:15:00,2023-07-01 09:00:00,3.0,3.8,4.691666666666666,6
2023-07-01 11:15:00,2023-07-01 12:00:00,1.0,3.0,3.2249999999999996,11
2023-07-01 15:00:00,2023-07-01 15:15:00,0.5,4.9,5.1,15
2023-07-01 20:45:00,2023-07-01 22:30:00,2.0,4.2,5.0874999999999995,20
2023-07-02 07:00:00,2023-07-02 10:00:00,3.25,3.7,4.684615384615385,7
2023-07-02 16:00:00,2023-07-02 16:15:00,0.5,4.4,4.550000000000001,16
2023-07-02 20:00:00,2023-07-02 23:30:00,3.75,4.1,5.453333333333333,20
2023-07-03 08:15:00,2023-07-03 11:00:00,3.0,3.8,4.675,8
2023-07-03 21:00:00,2023-07-04 00:45:00,4.0,3.8,5.2,21
2023-07-04 10:30:00,2023-07-04 11:45:00,1.5,4.0,4.466666666666667,10
2023-07-04 21:45:00,2023-07-05 01:15:00,3.75,3.6,5.066666666666666,21
2023-07-05 11:30:00,2023-07-05 12:45:00,1.5,3.8,4.3,11
2023-07-05 15:30:00,2023-07-05 15:45:00,0.5,3.6,3.7,15
2023-07-05 22:30:00,2023-07-06 02:15:00,4.0,3.5,5.025,22
2023-07-06 12:15:00,2023-07-06 13:30:00,1.5,4.1,4.583333333333333,12
2023-07-06 16:30:00,2023-07-06 16:45:00,0.5,3.7,3.8,16
2023-07-06 23:30:00,2023-07-07 03:00:00,3.75,3.6,5.113333333333332,23
2023-07-07 12:00:00,2023-07-07 14:30:00,2.75,4.6,5.227272727272727,12
2023-07-08 00:30:00,2023-07-08 03:45:00,3.5,3.7,4.892857142857143,0
2023-07-08 14:15:00,2023-07-08 15:30:00,1.5,4.8,5.266666666666667,14
2023-07-08 18:00:00,2023-07-08 18:30:00,0.75,4.2,4.3,18
2023-07-09 01:15:00,2023-07-09 04:45:00,3.75,3.5,4.8,1
2023-07-09 15:15:00,2023-07-09 16:15:00,1.25,5.1,5.42,15
2023-07-10 02:30:00,2023-07-10 05:30:00,3.25,4.0,4.853846153846154,2
2023-07-10 14:45:00,2023-07-10 18:00:00,3.5,4.4,5.3,14
2023-07-10 20:00:00,2023-07-10 20:30:00,0.75,2.9,3.1666666666666665,20
2023-07-11 03:15:00,2023-07-11 06:30:00,3.5,3.5,4.585714285714286,3
2023-07-11 17:30:00,2023-07-11 19:15:00,2.0,4.7,5.300000000000001,17
2023-07-11 21:00:00,2023-07-11 21:30:00,0.75,3.9,4.2,21
2023-07-12 05:45:00,2023-07-12 06:45:00,1.25,4.0,4.319999999999999,5
2023-07-12 09:45:00,2023-07-12 13:00:00,3.5,3.3,4.164285714285714,9
2023-07-12 18:30:00,2023-07-12 20:00:00,1.75,4.7,5.271428571428572,18
2023-07-13 06:15:00,2023-07-13 07:30:00,1.5,4.0,4.383333333333334,6
2023-07-13 10:15:00,2023-07-13 10:30:00,0.5,3.2,3.35,10
2023-07-13 12:00:00,2023-07-13 12:15:00,0.5,3.6,3.8,12
2023-07-13 13:45:00,2023-07-13 14:00:00,0.5,4.6,4.8,13
2023-07-13 19:15:00,2023-07-13 21:15:00,2.25,4.3,5.066666666666666,19
2023-07-14 05:45:00,2023-07-14 08:15:00,2.75,3.9,4.609090909090909,5
2023-07-14 14:45:00,2023-07-14 15:00:00,0.5,4.8,5.0,14
2023-07-14 19:15:00,2023-07-14 22:15:00,3.25,4.0,5.138461538461538,19
2023-07-15 07:45:00,2023-07-15 08:45:00,1.25,4.1,4.4,7
2023-07-15 12:00:00,2023-07-15 14:00:00,2.25,3.4,4.044444444444444,12
2023-07-15 20:15:00,2023-07-15 22:45:00,2.75,4.2,5.118181818181818,20
2023-07-16 08:15:00,2023-07-16 09:30:00,1.5,4.1,4.433333333333334,8
2023-07-16 12:45:00,2023-07-16 13:00:00,0.5,3.4,3.5,12
2023-07-16 20:45:00,2023-07-16 23:30:00,3.0,4.0,4.941666666666666,20
2023-07-17 09:30:00,2023-07-17 10:15:00,1.0,4.2,4.4,9
2023-07-17 15:15:00,2023-07-17 15:30:00,0.5,4.1,4.199999999999999,15
2023-07-17 22:15:00,2023-07-18 02:15:00,4.25,2.9,3.829411764705883,22
2023-07-18 10:00:00,2023-07-18 10:45:00,1.0,4.0,4.2749999999999995,10
2023-07-18 14:15:00,2023-07-18 16:00:00,2.0,3.2,4.0249999999999995,14
2023-07-18 22:45:00,2023-07-19 00:45:00,2.25,3.7,4.477777777777778,22
2023-07-19 10:30:00,2023-07-19 12:00:00,1.75,3.9,4.3,10
2023-07-19 14:45:00,2023-07-19 16:45:00,2.25,3.9,4.366666666666666,14
2023-07-19 21:45:00,2023-07-20 01:15:00,3.75,3.8,4.913333333333333,21
2023-07-20 10:15:00,2023-07-20 12:30:00,2.5,4.5,4.86,10
2023-07-20 15:00:00,2023-07-20 15:15:00,0.5,3.9,4.1,15
2023-07-20 22:30:00,2023-07-21 01:45:00,3.5,4.1,5.128571428571428,22
2023-07-21 10:45:00,2023-07-21 12:15:00,1.75,4.7,5.057142857142857,10
2023-07-22 00:45:00,2023-07-22 02:30:00,2.0,4.0,4.6125,0
2023-07-22 12:45:00,2023-07-22 14:00:00,1.5,5.0,5.166666666666666,12
2023-07-23 02:45:00,2023-07-23 03:30:00,1.0,3.8,4.05,2
2023-07-23 13:45:00,2023-07-23 14:30:00,1.0,5.1,5.375,13
2023-07-23 18:00:00,2023-07-23 19:15:00,1.5,4.5,4.75,18
2023-07-24 02:00:00,2023-07-24 03:30:00,1.75,4.0,4.471428571428571,2
2023-07-24 05:45:00,2023-07-24 06:30:00,1.0,3.0,3.1,5
2023-07-24 18:15:00,2023-07-24 19:30:00,1.5,4.4,4.583333333333333,18
2023-07-25 01:15:00,2023-07-25 02:00:00,1.0,5.0,5.125,1
2023-07-25 13:45:00,2023-07-25 16:00:00,2.5,5.2,5.500000000000001,13
2023-07-26 19:45:00,2023-07-26 20:00:00,0.5,4.6,4.699999999999999,19
2023-07-27 10:30:00,2023-07-27 12:45:00,2.5,3.7,4.49,10
2023-07-28 18:15:00,2023-07-28 19:45:00,1.75,4.5,4.985714285714286,18
2023-07-29 19:30:00,2023-07-29 21:15:00,2.0,3.8,4.550000000000001,19
2023-07-30 06:00:00,2023-07-30 08:30:00,2.75,3.6,4.209090909090909,6
2023-07-30 20:30:00,2023-07-30 22:30:00,2.25,3.8,4.688888888888887,20
2023-07-31 07:45:00,2023-07-31 09:45:00,2.25,3.3,4.055555555555555,7
2023-07-31 21:30:00,2023-07-31 23:30:00,2.25,3.9,4.644444444444443,21
2023-08-01 07:45:00,2023-08-01 11:00:00,3.5,3.4,4.428571428571429,7
2023-08-01 13:45:00,2023-08-01 15:00:00,1.5,3.3,3.6166666666666667,13
2023-08-01 21:30:00,2023-08-02 00:30:00,3.25,3.6,4.7384615384615385,21
2023-08-02 10:15:00,2023-08-02 11:30:00,1.5,4.1,4.666666666666667,10
2023-08-02 21:45:00,2023-08-03 01:15:00,3.75,3.9,4.973333333333333,21
2023-08-03 11:45:00,2023-08-03 12:45:00,1.25,4.2,4.58,11
2023-08-04 00:00:00,2023-08-04 02:15:00,2.5,3.6,4.45,0
2023-08-04 12:30:00,2023-08-04 13:15:00,1.0,4.0,4.35,12
2023-08-04 23:15:00,2023-08-05 02:30:00,3.5,3.3,4.7,23
2023-08-05 11:30:00,2023-08-05 14:15:00,3.0,4.4,5.1,11
2023-08-06 00:00:00,2023-08-06 03:15:00,3.5,3.5,4.771428571428572,0
2023-08-06 14:15:00,2023-08-06 15:15:00,1.25,4.6,4.9799999999999995,14
2023-08-07 02:00:00,2023-08-07 03:45:00,2.0,4.0,4.625,2
2023-08-07 15:00:00,2023-08-07 15:30:00,0.75,5.5,5.666666666666667,15
2023-08-09 05:15:00,2023-08-09 05:45:00,0.75,4.3,4.433333333333334,5
2023-08-10 03:00:00,2023-08-10 03:15:00,0.5,4.7,4.85,3
2023-08-10 16:30:00,2023-08-10 17:45:00,1.5,5.8,6.066666666666666,16
2023-08-11 03:45:00,2023-08-11 04:00:00,0.5,4.5,4.75,3
2023-08-11 12:00:00,2023-08-11 13:15:00,1.5,4.9,5.266666666666667,12
2023-08-11 17:00:00,2023-08-11 20:45:00,4.0,4.5,5.4125,17
2023-08-11 22:15:00,2023-08-11 22:30:00,0.5,3.6,3.75,22
2023-08-12 11:00:00,2023-08-12 13:00:00,2.25,3.4,4.266666666666667,11
2023-08-12 17:45:00,2023-08-12 21:45:00,4.25,4.2,5.458823529411765,17
2023-08-13 11:15:00,2023-08-13 11:45:00,0.75,3.3,3.6,11
2023-08-13 15:15:00,2023-08-13 15:30:00,0.5,5.3,5.4,15
2023-08-13 19:00:00,2023-08-13 22:15:00,3.5,4.4,5.4071428571428575,19
2023-08-14 08:15:00,2023-08-14 09:30:00,1.5,4.1,4.433333333333334,8
2023-08-14 12:30:00,2023-08-14 12:45:00,0.5,3.6,3.7,12
2023-08-14 19:30:00,2023-08-14 23:15:00,4.0,4.1,5.2,19
2023-08-15 00:45:00,2023-08-15 01:15:00,0.75,3.5,3.5666666666666664,0
2023-08-15 15:00:00,2023-08-15 15:15:00,0.5,4.8,4.949999999999999,15
2023-08-15 20:00:00,2023-08-15 23:30:00,3.75,4.1,5.08,20
2023-08-16 02:15:00,2023-08-16 02:30:00,0.5,3.2,3.35,2
2023-08-16 09:30:00,2023-08-16 10:00:00,0.75,4.6,4.8,9
2023-08-16 13:45:00,2023-08-16 15:15:00,1.75,3.6,4.042857142857144,13
2023-08-16 23:15:00,2023-08-17 00:00:00,1.0,4.4,4.75,23
2023-08-17 09:30:00,2023-08-17 11:30:00,2.25,4.5,4.955555555555555,9
2023-08-17 23:15:00,2023-08-18 00:45:00,1.75,4.1,4.614285714285714,23
2023-08-18 11:00:00,2023-08-18 12:45:00,2.0,4.4,4.7875,11
2023-08-18 15:15:00,2023-08-18 17:00:00,2.0,4.6,5.1625,15
2023-08-18 23:15:00,2023-08-19 03:30:00,4.5,3.3,4.333333333333333,23
2023-08-19 11:45:00,2023-08-19 13:15:00,1.75,4.6,5.057142857142857,11
2023-08-19 15:30:00,2023-08-19 17:30:00,2.25,4.4,4.877777777777777,15
2023-08-20 00:00:00,2023-08-20 02:00:00,2.25,3.9,4.566666666666666,0
2023-08-20 12:15:00,2023-08-20 13:15:00,1.25,4.9,5.159999999999999,12
2023-08-20 16:00:00,2023-08-20 18:15:00,2.5,4.4,4.65,16
2023-08-21 00:30:00,2023-08-21 02:45:00,2.5,3.8,4.489999999999999,0
2023-08-21 13:00:00,2023-08-21 13:45:00,1.0,5.1,5.300000000000001,13
2023-08-21 17:00:00,2023-08-21 18:15:00,1.5,4.5,4.766666666666667,17
2023-08-21 23:30:00,2023-08-22 05:00:00,5.75,3.1,4.386956521739131,23
2023-08-22 13:45:00,2023-08-22 14:15:00,0.75,5.4,5.533333333333334,13
2023-08-23 03:00:00,2023-08-23 04:00:00,1.25,4.1,4.44,3
2023-08-24 03:45:00,2023-08-24 05:30:00,2.0,4.0,4.4875,3
2023-08-24 19:45:00,2023-08-24 20:00:00,0.5,4.4,4.550000000000001,19
2023-08-25 03:30:00,2023-08-25 04:15:00,1.0,4.6,4.824999999999999,3
2023-08-25 10:15:00,2023-08-25 11:30:00,1.5,3.8,4.6000000000000005,10
2023-08-25 17:00:00,2023-08-25 18:30:00,1.75,4.8,5.242857142857142,17
2023-08-26 03:15:00,2023-08-26 06:30:00,3.5,3.6,4.492857142857143,3
2023-08-26 08:45:00,2023-08-26 09:00:00,0.5,3.0,3.1,8
2023-08-26 16:00:00,2023-08-26 16:15:00,0.5,5.6,5.75,16
2023-08-26 18:00:00,2023-08-26 20:00:00,2.25,4.3,5.01111111111111,18
2023-08-27 06:00:00,2023-08-27 07:15:00,1.5,3.6,4.033333333333334,6
2023-08-27 09:30:00,2023-08-27 10:15:00,1.0,2.7,2.7750000000000004,9
2023-08-27 11:45:00,2023-08-27 12:00:00,0.5,3.2,3.4000000000000004,11
2023-08-27 19:30:00,2023-08-27 21:30:00,2.25,3.7,4.48888888888889,19
2023-08-28 06:45:00,2023-08-28 09:00:00,2.5,3.0,3.9500000000000006,6
2023-08-28 11:00:00,2023-08-28 13:00:00,2.25,2.6,2.988888888888889,11
2023-08-28 18:30:00,2023-08-28 22:30:00,4.25,3.5,5.070588235294117,18
2023-08-29 00:00:00,2023-08-29 00:30:00,0.75,2.4,2.6333333333333333,0
2023-08-29 08:15:00,2023-08-29 10:15:00,2.25,2.7,3.7222222222222223,8
2023-08-29 12:45:00,2023-08-29 14:00:00,1.5,2.4,2.75,12
2023-08-29 21:00:00,2023-08-29 23:45:00,3.0,3.0,4.075,21
2023-08-30 09:30:00,2023-08-30 11:00:00,1.75,3.4,3.957142857142857,9
2023-08-31 10:45:00,2023-08-31 11:15:00,0.75,4.4,4.566666666666667,10
2023-08-31 22:00:00,2023-09-01 01:00:00,3.25,3.7,4.86923076923077,22
2023-09-01 12:00:00,2023-09-01 12:30:00,0.75,4.7,4.966666666666666,12
2023-09-01 23:45:00,2023-09-02 02:00:00,2.5,3.9,4.73,23
2023-09-02 13:15:00,2023-09-02 13:45:00,0.75,4.8,4.966666666666666,13
2023-09-02 22:30:00,2023-09-03 02:15:00,4.0,4.0,5.3,22
2023-09-04 00:45:00,2023-09-04 02:30:00,2.0,4.2,4.875,0
2023-09-05 00:15:00,2023-09-05 02:15:00,2.25,4.7,5.288888888888889,0
2023-09-05 13:00:00,2023-09-05 15:30:00,2.75,5.2,5.763636363636364,13
2023-09-06 05:00:00,2023-09-06 06:00:00,1.25,3.4,3.6799999999999997,5
2023-09-06 12:45:00,2023-09-06 17:15:00,4.75,5.1,6.015789473684211,12
2023-09-07 01:45:00,2023-09-07 04:00:00,2.5,4.7,5.19,1
2023-09-07 08:45:00,2023-09-07 09:30:00,1.0,4.1,4.3,8
2023-09-07 16:00:00,2023-09-07 18:15:00,2.5,4.9,5.54,16
2023-09-08 07:15:00,2023-09-08 08:00:00,1.0,3.3,3.4749999999999996,7
2023-09-08 15:15:00,2023-09-08 19:15:00,4.25,4.5,5.435294117647058,15
2023-09-09 04:00:00,2023-09-09 06:00:00,2.25,4.3,4.788888888888888,4
2023-09-09 07:45:00,2023-09-09 09:15:00,1.75,2.7,3.3285714285714283,7
2023-09-09 16:15:00,2023-09-09 16:30:00,0.5,5.5,5.65,16
2023-09-09 18:00:00,2023-09-09 22:00:00,4.25,3.3,4.370588235294117,18
2023-09-10 00:15:00,2023-09-10 01:30:00,1.5,3.4,3.916666666666666,0
2023-09-10 04:45:00,2023-09-10 07:00:00,2.5,4.0,4.6,4
2023-09-10 12:30:00,2023-09-10 13:45:00,1.5,3.5,3.733333333333333,12
2023-09-10 17:00:00,2023-09-10 21:30:00,4.75,3.5,5.1263157894736855,17
2023-09-11 05:45:00,2023-09-11 08:45:00,3.25,3.4,4.392307692307693,5
2023-09-11 10:30:00,2023-09-11 11:30:00,1.25,2.3,2.62,10
2023-09-11 18:30:00,2023-09-11 22:15:00,4.0,3.2,4.99375,18
2023-09-12 00:15:00,2023-09-12 01:15:00,1.25,2.2,2.54,0
2023-09-12 08:00:00,2023-09-12 09:30:00,1.75,3.4,3.9285714285714284,8
2023-10-25 19:45:00,2023-10-25 21:45:00,2.25,5.3,6.133333333333334,19
2023-10-26 08:45:00,2023-10-26 10:00:00,1.5,5.1,5.666666666666667,8
2023-10-26 20:30:00,2023-10-26 22:30:00,2.25,5.1,6.077777777777778,20
2023-10-27 09:15:00,2023-10-27 10:45:00,1.75,5.2,5.828571428571429,9
2023-10-27 21:15:00,2023-10-27 23:00:00,2.0,5.0,5.8375,21
2023-10-28 09:30:00,2023-10-28 11:45:00,2.5,5.2,5.96,9
2023-10-28 20:45:00,2023-10-29 00:00:00,3.5,4.8,6.064285714285714,20
2023-10-29 11:45:00,2023-10-29 12:30:00,1.0,5.4,5.65,11
2023-10-29 23:00:00,2023-10-30 00:30:00,1.75,4.9,5.557142857142857,23
2023-10-30 12:15:00,2023-10-30 12:45:00,0.75,5.8,5.966666666666666,12
2023-10-30 23:15:00,2023-10-31 01:00:00,2.0,5.0,5.6625,23
2023-10-31 13:30:00,2023-10-31 14:00:00,0.75,5.3,5.533333333333334,13
2023-11-01 00:00:00,2023-11-01 01:45:00,2.0,5.1,5.6875,0
2023-11-05 20:00:00,2023-11-05 21:00:00,1.25,5.9,6.279999999999999,20
2023-11-06 20:45:00,2023-11-06 21:30:00,1.0,5.9,6.074999999999999,20
2023-11-07 05:45:00,2023-11-07 07:30:00,2.0,6.2,6.625,5
2023-11-07 15:30:00,2023-11-07 16:00:00,0.75,6.8,7.099999999999999,15
2023-11-07 17:45:00,2023-11-07 19:00:00,1.5,6.6,6.916666666666667,17
2023-11-08 06:30:00,2023-11-08 08:45:00,2.5,5.8,6.369999999999999,6
2023-11-08 18:30:00,2023-11-08 23:00:00,4.75,5.1,6.084210526315789,18
2023-11-09 07:15:00,2023-11-09 11:30:00,4.5,4.6,5.71111111111111,7
2023-11-09 19:15:00,2023-11-09 21:45:00,2.75,5.3,6.2,19
2023-11-10 08:30:00,2023-11-10 11:00:00,2.75,5.0,5.718181818181819,8
2023-11-10 20:00:00,2023-11-10 22:00:00,2.25,5.4,6.177777777777778,20
2023-11-11 09:15:00,2023-11-11 11:15:00,2.25,5.4,6.166666666666667,9
2023-11-11 21:15:00,2023-11-11 22:45:00,1.75,5.6,6.228571428571429,21
2023-11-12 11:00:00,2023-11-12 11:45:00,1.0,5.7,6.075,11
2023-11-12 22:00:00,2023-11-12 23:15:00,1.5,5.8,6.3,22
2023-11-13 11:45:00,2023-11-13 12:15:00,0.75,6.3,6.533333333333334,11
2023-11-13 22:15:00,2023-11-14 00:15:00,2.25,5.8,6.433333333333333,22
2023-11-14 12:00:00,2023-11-14 12:45:00,1.0,6.6,6.85,12
2023-11-14 23:00:00,2023-11-15 00:15:00,1.5,6.5,6.8500000000000005,23
2023-11-16 00:00:00,2023-11-16 01:15:00,1.5,6.5,6.833333333333333,0
2023-11-19 02:45:00,2023-11-19 03:45:00,1.25,6.4,6.659999999999999,2
2023-11-21 06:15:00,2023-11-21 06:45:00,0.75,6.1,6.266666666666666,6
2023-11-21 18:15:00,2023-11-21 19:00:00,1.0,6.1,6.324999999999999,18
2023-11-22 06:45:00,2023-11-22 07:30:00,1.0,5.8,6.05,6
2023-11-23 08:00:00,2023-11-23 10:00:00,2.25,5.7,6.055555555555555,8
2023-11-23 19:30:00,2023-11-23 21:15:00,2.0,5.9,6.475,19
2023-11-24 07:45:00,2023-11-24 09:30:00,2.0,5.9,6.5375,7
2023-11-24 19:45:00,2023-11-24 21:45:00,2.25,5.7,6.466666666666667,19
2023-11-25 09:45:00,2023-11-25 10:15:00,0.75,6.1,6.3,9
2023-11-25 21:15:00,2023-11-25 22:45:00,1.75,5.9,6.485714285714287,21
2023-11-26 10:30:00,2023-11-26 11:30:00,1.25,6.4,6.659999999999999,10
2023-11-26 22:15:00,2023-11-26 23:30:00,1.5,6.1,6.533333333333332,22
2023-11-27 21:45:00,2023-11-27 22:00:00,0.5,7.3,7.4,21
2023-11-28 15:15:00,2023-11-28 15:30:00,0.5,6.4,6.5,15
2023-12-01 04:30:00,2023-12-01 05:15:00,1.0,6.6,6.65,4
2023-12-07 09:00:00,2023-12-07 10:00:00,1.25,6.6,6.779999999999999,9
2023-12-09 08:30:00,2023-12-09 09:15:00,1.0,6.9,7.074999999999999,8
2023-12-10 09:30:00,2023-12-10 10:00:00,0.75,6.7,6.8999999999999995,9
2023-12-10 20:45:00,2023-12-10 21:15:00,0.75,6.7,6.866666666666667,20
2023-12-11 21:30:00,2023-12-11 23:00:00,1.75,6.6,7.014285714285713,21
2023-12-28 12:45:00,2023-12-28 13:00:00,0.5,7.2,7.300000000000001,12
2023-12-31 03:30:00,2023-12-31 04:30:00,1.25,7.6,7.9399999999999995,3
2023-12-31 10:30:00,2023-12-31 11:30:00,1.25,7.8,8.12,10
2023-12-31 16:45:00,2023-12-31 17:15:00,0.75,7.7,8.299999999999999,16
2024-01-02 08:30:00,2024-01-02 09:00:00,0.75,8.2,8.333333333333334,8
2024-01-03 18:30:00,2024-01-03 18:45:00,0.5,8.4,8.600000000000001,18
2024-01-04 13:15:00,2024-01-04 14:00:00,1.0,7.3,7.949999999999999,13
2024-01-04 19:30:00,2024-01-04 20:00:00,0.75,8.4,8.533333333333333,19
2024-01-06 12:45:00,2024-01-06 15:30:00,3.0,8.2,8.391666666666667,12
2024-01-08 11:45:00,2024-01-08 12:00:00,0.5,7.2,7.4,11
2024-01-08 23:45:00,2024-01-09 00:00:00,0.5,7.6,7.699999999999999,23
2024-01-28 00:45:00,2024-01-28 01:15:00,0.75,8.2,8.366666666666665,0
2024-02-11 22:15:00,2024-02-11 23:30:00,1.5,8.4,8.566666666666666,22
2024-02-12 13:15:00,2024-02-12 14:00:00,1.0,7.4,7.625,13
2024-02-13 01:30:00,2024-02-13 02:15:00,1.0,7.4,7.625,1
2024-02-16 06:45:00,2024-02-16 07:15:00,0.75,7.4,7.466666666666666,6
2024-02-16 14:00:00,2024-02-16 15:00:00,1.25,8.2,8.44,14
2024-02-18 09:15:00,2024-02-18 10:00:00,1.0,7.1,7.275,9
2024-02-18 21:00:00,2024-02-18 21:15:00,0.5,6.7,7.050000000000001,21
2024-02-20 10:30:00,2024-02-20 11:15:00,1.0,7.3,7.550000000000001,10
2024-03-02 13:30:00,2024-03-02 13:45:00,0.5,8.1,8.2,13
2024-03-05 05:45:00,2024-03-05 07:45:00,2.25,7.1,7.622222222222222,5
2024-03-06 19:45:00,2024-03-06 20:15:00,0.75,7.2,7.366666666666667,19
2024-03-07 07:30:00,2024-03-07 09:30:00,2.25,6.5,7.322222222222223,7
2024-03-07 20:00:00,2024-03-07 21:30:00,1.75,6.4,6.885714285714286,20
2024-03-08 10:00:00,2024-03-08 10:15:00,0.5,6.7,6.800000000000001,10
2024-03-08 21:30:00,2024-03-08 22:30:00,1.25,6.8,7.1,21
2024-03-14 00:45:00,2024-03-14 02:30:00,2.0,6.8,7.25,0
2024-03-14 13:15:00,2024-03-14 13:30:00,0.5,7.2,7.300000000000001,13
2024-03-15 01:30:00,2024-03-15 03:30:00,2.25,6.6,7.166666666666667,1
2024-03-15 13:45:00,2024-03-15 14:00:00,0.5,7.2,7.300000000000001,13
2024-03-16 02:30:00,2024-03-16 02:45:00,0.5,7.0,7.1,2
2024-03-16 15:00:00,2024-03-16 15:15:00,0.5,6.9,7.0,15
2024-03-17 14:15:00,2024-03-17 15:45:00,1.75,7.0,7.242857142857143,14
2024-03-23 09:30:00,2024-03-23 11:00:00,1.75,6.4,6.828571428571429,9
2024-03-23 21:30:00,2024-03-23 23:00:00,1.75,6.4,6.828571428571429,21
2024-03-28 00:15:00,2024-03-28 02:00:00,2.0,6.1,6.725,0
2024-03-28 11:45:00,2024-03-28 12:45:00,1.25,6.4,6.68,11
2024-03-29 01:00:00,2024-03-29 02:30:00,1.75,6.1,6.642857142857143,1
2024-03-29 12:15:00,2024-03-29 13:30:00,1.5,6.6,6.866666666666667,12
2024-03-30 01:45:00,2024-03-30 03:00:00,1.5,6.2,6.583333333333333,1
2024-03-31 03:00:00,2024-03-31 03:30:00,0.75,6.4,6.566666666666667,3
2024-04-01 04:00:00,2024-04-01 05:15:00,1.5,6.2,6.483333333333334,4
2024-04-01 14:45:00,2024-04-01 15:15:00,0.75,7.1,7.233333333333333,14
2024-04-02 13:15:00,2024-04-02 14:15:00,1.25,6.8,7.119999999999999,13
2024-04-03 05:45:00,2024-04-03 07:00:00,1.5,6.4,6.766666666666666,5
2024-04-05 08:30:00,2024-04-05 08:45:00,0.5,6.5,6.6,8
2024-04-05 20:30:00,2024-04-05 21:00:00,0.75,6.6,6.766666666666666,20
2024-04-07 21:30:00,2024-04-07 22:45:00,1.5,6.5,6.866666666666667,21
2024-04-08 22:30:00,2024-04-08 23:45:00,1.5,6.3,6.683333333333333,22
2024-04-09 11:15:00,2024-04-09 12:00:00,1.0,6.1,6.324999999999999,11
2024-04-09 22:45:00,2024-04-10 00:45:00,2.25,6.0,6.644444444444444,22
2024-04-10 11:45:00,2024-04-10 12:15:00,0.75,6.1,6.266666666666666,11
2024-04-11 00:45:00,2024-04-11 01:30:00,1.0,6.0,6.275,0
2024-04-11 05:45:00,2024-04-11 06:30:00,1.0,5.5,5.675,5
2024-04-14 03:30:00,2024-04-14 04:00:00,0.75,6.3,6.466666666666666,3
2024-04-15 04:30:00,2024-04-15 06:15:00,2.0,5.5,5.9875,4
2024-04-15 13:00:00,2024-04-15 13:45:00,1.0,5.8,6.575,13
2024-04-16 05:30:00,2024-04-16 06:00:00,0.75,6.1,6.266666666666666,5
2024-04-16 13:45:00,2024-04-16 14:45:00,1.25,6.6,6.860000000000001,13
2024-04-16 16:15:00,2024-04-16 16:30:00,0.5,7.0,7.1,16
2024-04-18 07:30:00,2024-04-18 08:00:00,0.75,5.6,5.766666666666666,7
2024-04-18 18:15:00,2024-04-18 19:45:00,1.75,6.2,6.528571428571429,18
2024-04-19 07:45:00,2024-04-19 08:45:00,1.25,5.4,5.779999999999999,7
2024-04-19 13:00:00,2024-04-19 14:00:00,1.25,5.3,5.779999999999999,13
2024-04-19 20:30:00,2024-04-19 21:45:00,1.5,5.3,5.733333333333333,20
2024-04-20 08:45:00,2024-04-20 09:45:00,1.25,4.9,5.26,8
2024-04-20 20:15:00,2024-04-20 22:15:00,2.25,5.0,5.788888888888889,20
2024-04-21 08:45:00,2024-04-21 10:15:00,1.75,4.7,5.3,8
2024-04-21 19:30:00,2024-04-21 23:00:00,3.75,4.7,5.913333333333335,19
2024-04-22 09:00:00,2024-04-22 11:15:00,2.5,5.2,5.790000000000001,9
2024-04-22 23:00:00,2024-04-22 23:45:00,1.0,5.3,5.625,23
2024-04-23 09:30:00,2024-04-23 11:00:00,1.75,5.4,5.857142857142856,9
2024-04-23 22:00:00,2024-04-24 00:15:00,2.5,5.4,6.25,22
2024-04-24 08:30:00,2024-04-24 09:45:00,1.5,5.8,6.516666666666667,8
2024-05-22 21:30:00,2024-05-22 23:45:00,2.5,4.4,5.63,21
2024-05-23 09:15:00,2024-05-23 11:00:00,2.0,4.3,5.050000000000001,9
2024-05-23 21:30:00,2024-05-24 00:15:00,3.0,4.6,5.916666666666667,21
2024-05-24 10:00:00,2024-05-24 11:45:00,2.0,4.5,5.175,10
2024-05-24 22:45:00,2024-05-25 01:15:00,2.75,4.1,5.218181818181818,22
2024-05-25 09:30:00,2024-05-25 12:15:00,3.0,4.2,5.15,9
2024-05-25 23:30:00,2024-05-26 02:00:00,2.75,4.0,5.190909090909091,23
2024-05-26 11:45:00,2024-05-26 13:15:00,1.75,4.5,5.071428571428571,11
2024-05-27 00:00:00,2024-05-27 02:30:00,2.75,4.4,5.490909090909091,0
2024-05-27 11:45:00,2024-05-27 13:15:00,1.75,4.9,5.414285714285714,11
2024-05-28 01:00:00,2024-05-28 03:15:00,2.5,4.3,5.28,1
2024-05-28 13:15:00,2024-05-28 14:30:00,1.5,5.1,5.516666666666666,13
2024-05-29 01:45:00,2024-05-29 04:30:00,3.0,4.2,5.266666666666667,1
2024-05-29 14:30:00,2024-05-29 15:15:00,1.0,5.6,5.775,14
2024-05-30 02:45:00,2024-05-30 05:15:00,2.75,4.4,5.390909090909091,2
2024-05-30 15:30:00,2024-05-30 17:00:00,1.75,5.7,6.171428571428572,15
2024-05-30 19:15:00,2024-05-30 20:00:00,1.0,5.2,5.3999999999999995,19
2024-05-31 04:00:00,2024-05-31 08:15:00,4.5,4.0,4.9,4
2024-05-31 16:30:00,2024-05-31 17:45:00,1.5,5.9,6.316666666666666,16
2024-06-01 04:45:00,2024-06-01 07:15:00,2.75,4.5,5.409090909090909,4
2024-06-01 09:15:00,2024-06-01 10:30:00,1.5,3.7,4.233333333333333,9
2024-06-01 17:30:00,2024-06-01 19:15:00,2.0,5.7,6.3125,17
2024-06-01 21:30:00,2024-06-01 21:45:00,0.5,4.5,4.65,21
2024-06-02 03:45:00,2024-06-02 04:45:00,1.25,6.1,6.319999999999999,3
2024-06-02 06:15:00,2024-06-02 08:00:00,2.0,4.6,5.2875,6
2024-06-02 10:00:00,2024-06-02 10:15:00,0.5,3.1,3.55,10
2024-06-02 18:30:00,2024-06-02 20:30:00,2.25,5.3,6.055555555555555,18
2024-06-02 23:00:00,2024-06-03 00:30:00,1.75,3.6,4.357142857142857,23
2024-06-03 07:15:00,2024-06-03 08:30:00,1.5,4.6,5.1499999999999995,7
2024-06-03 10:30:00,2024-06-03 11:15:00,1.0,3.2,3.7750000000000004,10
2024-06-03 20:00:00,2024-06-03 22:00:00,2.25,4.9,5.644444444444445,20
2024-06-04 00:00:00,2024-06-04 00:15:00,0.5,4.1,4.199999999999999,0
2024-06-04 07:45:00,2024-06-04 09:30:00,2.0,4.2,5.1,7
2024-06-04 20:45:00,2024-06-04 22:30:00,2.0,4.6,5.375,20
2024-06-05 09:30:00,2024-06-05 10:15:00,1.0,4.3,4.625,9
2024-06-05 20:45:00,2024-06-05 23:30:00,3.0,4.4,5.45,20
2024-06-06 10:00:00,2024-06-06 10:45:00,1.0,4.3,4.6000000000000005,10
2024-06-06 21:30:00,2024-06-07 00:15:00,3.0,4.5,5.425000000000001,21
2024-06-07 09:45:00,2024-06-07 11:30:00,2.0,4.4,4.9,9
2024-06-07 23:45:00,2024-06-08 01:00:00,1.5,4.2,4.749999999999999,23
2024-06-08 09:15:00,2024-06-08 12:30:00,3.5,4.5,5.192857142857143,9
2024-06-09 00:00:00,2024-06-09 01:45:00,2.0,4.2,5.074999999999999,0
2024-06-09 11:45:00,2024-06-09 13:15:00,1.75,4.4,4.814285714285715,11
2024-06-09 16:15:00,2024-06-09 17:15:00,1.25,4.6,4.84,16
2024-06-10 00:15:00,2024-06-10 02:30:00,2.5,4.1,4.95,0
2024-06-11 01:00:00,2024-06-11 03:30:00,2.75,3.8,4.863636363636363,1
2024-06-11 13:30:00,2024-06-11 14:00:00,0.75,5.0,5.266666666666667,13
2024-06-11 17:00:00,2024-06-11 18:00:00,1.25,4.4,4.6,17
2024-06-12 02:00:00,2024-06-12 04:00:00,2.25,4.0,4.888888888888889,2
2024-06-12 13:45:00,2024-06-12 14:30:00,1.0,5.5,5.775,13
2024-06-13 02:45:00,2024-06-13 04:45:00,2.25,4.4,5.133333333333333,2
2024-06-13 19:15:00,2024-06-13 20:00:00,1.0,4.2,4.425,19
2024-06-14 04:00:00,2024-06-14 05:45:00,2.0,4.1,4.7375,4
2024-06-14 07:15:00,2024-06-14 08:00:00,1.0,3.3,3.55,7
2024-06-14 16:15:00,2024-06-14 16:30:00,0.5,5.8,5.9,16
2024-06-15 02:30:00,2024-06-15 05:45:00,3.5,4.4,5.257142857142858,2
2024-06-15 17:00:00,2024-06-15 17:15:00,0.5,5.8,5.9,17
2024-06-16 04:45:00,2024-06-16 06:30:00,2.0,4.5,5.0,4
2024-06-16 11:15:00,2024-06-16 11:45:00,0.75,4.3,4.566666666666666,11
2024-06-16 18:45:00,2024-06-16 22:30:00,4.0,3.9,4.75,18
2024-06-17 06:00:00,2024-06-17 07:00:00,1.25,4.4,4.720000000000001,6
2024-06-17 09:30:00,2024-06-17 10:30:00,1.25,3.3,3.62,9
2024-06-17 19:30:00,2024-06-17 20:30:00,1.25,5.0,5.319999999999999,19
2024-06-17 22:30:00,2024-06-17 23:00:00,0.75,4.1,4.233333333333333,22
2024-06-18 07:00:00,2024-06-18 07:45:00,1.0,4.5,4.8,7
2024-06-18 21:00:00,2024-06-18 22:00:00,1.25,4.9,5.239999999999999,21
2024-06-19 07:45:00,2024-06-19 09:45:00,2.25,4.2,4.7444444444444445,7
2024-06-19 22:00:00,2024-06-19 22:45:00,1.0,4.6,4.9,22
2024-06-20 08:15:00,2024-06-20 09:30:00,1.5,4.6,4.966666666666666,8
2024-06-20 12:00:00,2024-06-20 12:30:00,0.75,4.1,4.166666666666666,12
2024-06-20 22:45:00,2024-06-20 23:15:00,0.75,4.7,4.8999999999999995,22
2024-06-21 09:30:00,2024-06-21 10:00:00,0.75,4.9,5.033333333333333,9
2024-06-21 14:00:00,2024-06-21 15:15:00,1.5,4.1,4.416666666666666,14
2024-06-21 22:15:00,2024-06-22 00:15:00,2.25,4.3,5.022222222222222,22
2024-06-22 08:30:00,2024-06-22 11:15:00,3.0,4.3,4.991666666666666,8
2024-06-22 23:45:00,2024-06-23 01:00:00,1.5,4.0,4.499999999999999,23
2024-06-23 10:00:00,2024-06-23 11:45:00,2.0,4.3,4.9125,10
2024-06-23 23:00:00,2024-06-24 01:30:00,2.75,4.2,5.136363636363637,23
2024-06-24 11:30:00,2024-06-24 12:15:00,1.0,4.6,4.9,11
2024-06-25 00:00:00,2024-06-25 02:30:00,2.75,4.3,5.190909090909091,0
2024-06-25 12:15:00,2024-06-25 13:30:00,1.5,4.9,5.316666666666666,12
2024-06-25 23:30:00,2024-06-26 00:15:00,1.0,5.3,5.7,23
2024-06-26 02:00:00,2024-06-26 03:00:00,1.25,4.4,4.88,2
2024-06-26 13:15:00,2024-06-26 14:15:00,1.25,5.2,5.46,13
2024-06-27 00:30:00,2024-06-27 04:00:00,3.75,4.2,5.2,0
2024-06-27 13:00:00,2024-06-27 15:15:00,2.5,5.4,5.8,13
2024-06-28 01:30:00,2024-06-28 04:45:00,3.5,4.1,5.121428571428572,1
2024-06-28 16:00:00,2024-06-28 16:30:00,0.75,5.0,5.2,16
2024-06-29 04:00:00,2024-06-29 05:30:00,1.75,3.9,4.471428571428571,4
2024-06-29 17:00:00,2024-06-29 17:45:00,1.0,5.0,5.25,17
2024-06-30 04:15:00,2024-06-30 06:00:00,2.0,4.1,4.6875,4
2024-06-30 18:00:00,2024-06-30 18:45:00,1.0,5.0,5.325,18
2024-07-01 05:45:00,2024-07-01 07:15:00,1.75,4.0,4.457142857142857,5
2024-07-01 09:15:00,2024-07-01 09:45:00,0.75,3.7,3.766666666666667,9
2024-07-01 16:45:00,2024-07-01 20:00:00,3.5,4.5,5.528571428571428,16
2024-07-02 06:45:00,2024-07-02 08:00:00,1.5,3.8,4.3999999999999995,6
2024-07-02 20:45:00,2024-07-02 21:45:00,1.25,4.2,4.6,20
2024-07-03 06:15:00,2024-07-03 09:00:00,3.0,3.6,4.758333333333333,6
2024-07-03 20:15:00,2024-07-03 22:45:00,2.75,3.9,4.872727272727273,20
2024-07-04 08:30:00,2024-07-04 10:00:00,1.75,3.4,4.057142857142858,8
2024-07-04 12:45:00,2024-07-04 14:15:00,1.75,3.0,3.6,12
2024-07-04 21:45:00,2024-07-04 23:15:00,1.75,3.8,4.514285714285714,21
2024-07-05 09:30:00,2024-07-05 10:45:00,1.5,3.5,4.033333333333333,9
2024-07-05 22:15:00,2024-07-06 00:00:00,2.0,4.0,4.7375,22
2024-07-06 10:00:00,2024-07-06 11:30:00,1.75,3.9,4.385714285714285,10
2024-07-06 23:00:00,2024-07-07 00:30:00,1.75,4.0,4.6571428571428575,23
2024-07-07 10:00:00,2024-07-07 12:15:00,2.5,3.8,4.47,10
2024-07-08 00:15:00,2024-07-08 01:30:00,1.5,3.7,4.333333333333333,0
2024-07-08 10:00:00,2024-07-08 12:45:00,3.0,3.9,4.608333333333333,10
2024-07-08 15:15:00,2024-07-08 17:30:00,2.5,3.8,4.15,15
2024-07-09 00:30:00,2024-07-09 02:15:00,2.0,3.3,4.1375,0
2024-07-09 10:45:00,2024-07-09 13:45:00,3.25,3.8,4.523076923076923,10
2024-07-09 16:30:00,2024-07-09 17:15:00,1.0,3.8,4.05,16
2024-07-10 00:45:00,2024-07-10 02:45:00,2.25,3.5,4.333333333333333,0
2024-07-10 11:30:00,2024-07-10 14:45:00,3.5,4.4,5.1499999999999995,11
2024-07-11 01:45:00,2024-07-11 03:45:00,2.25,3.6,4.2555555555555555,1
2024-07-11 12:00:00,2024-07-11 15:00:00,3.25,4.9,5.423076923076923,12
2024-07-11 18:00:00,2024-07-11 18:30:00,0.75,4.5,4.566666666666666,18
2024-07-12 02:15:00,2024-07-12 04:15:00,2.25,3.9,4.622222222222223,2
2024-07-12 15:15:00,2024-07-12 16:15:00,1.25,4.1,4.4,15
2024-07-13 02:45:00,2024-07-13 04:45:00,2.25,3.3,3.8444444444444446,2
2024-07-13 14:30:00,2024-07-13 17:30:00,3.25,3.9,4.730769230769231,14
2024-07-14 03:45:00,2024-07-14 05:15:00,1.75,3.5,3.942857142857143,3
2024-07-14 16:15:00,2024-07-14 17:45:00,1.75,5.2,5.471428571428572,16
2024-07-15 04:00:00,2024-07-15 04:30:00,0.75,4.8,4.966666666666666,4
2024-07-15 15:30:00,2024-07-15 17:30:00,2.25,5.8,6.111111111111111,15
2024-07-16 08:30:00,2024-07-16 11:30:00,3.25,3.4,4.461538461538461,8
2024-07-17 19:45:00,2024-07-17 21:15:00,1.75,4.8,5.2142857142857135,19
2024-07-18 20:30:00,2024-07-18 21:45:00,1.5,4.5,5.0,20
2024-07-19 08:00:00,2024-07-19 09:00:00,1.25,4.1,4.38,8
2024-07-19 12:00:00,2024-07-19 13:30:00,1.75,3.5,4.0285714285714285,12
2024-07-19 19:00:00,2024-07-19 20:00:00,1.25,5.2,5.42,19
2024-07-19 21:30:00,2024-07-19 22:45:00,1.5,3.7,4.283333333333333,21
2024-07-20 07:00:00,2024-07-20 10:00:00,3.25,3.4,4.107692307692307,7
2024-07-20 13:15:00,2024-07-20 14:30:00,1.5,3.1,3.9,13
2024-07-20 21:45:00,2024-07-20 23:30:00,2.0,3.8,4.5625,21
2024-07-21 10:00:00,2024-07-21 11:00:00,1.25,3.5,3.8,10
2024-07-21 21:00:00,2024-07-22 00:30:00,3.75,3.7,4.94,21
2024-07-22 09:45:00,2024-07-22 11:45:00,2.25,3.6,4.4,9
2024-07-22 15:00:00,2024-07-22 16:30:00,1.75,3.6,3.9999999999999996,15
2024-07-22 23:30:00,2024-07-23 01:15:00,2.0,3.5,4.275,23
2024-07-23 11:45:00,2024-07-23 12:45:00,1.25,3.9,4.279999999999999,11
2024-07-23 22:30:00,2024-07-23 23:15:00,1.0,5.1,5.424999999999999,22
2024-07-24 01:00:00,2024-07-24 02:00:00,1.25,3.8,4.220000000000001,1
2024-07-24 10:45:00,2024-07-24 13:15:00,2.75,4.2,4.8181818181818175,10
2024-07-25 01:00:00,2024-07-25 02:30:00,1.75,3.8,4.385714285714285,1
2024-07-25 11:30:00,2024-07-25 14:00:00,2.75,4.2,4.872727272727273,11
2024-07-26 01:45:00,2024-07-26 03:15:00,1.75,3.6,4.185714285714286,1
2024-07-26 12:30:00,2024-07-26 15:00:00,2.75,4.7,5.245454545454546,12
2024-07-27 01:00:00,2024-07-27 04:00:00,3.25,3.7,4.576923076923077,1
2024-07-27 16:00:00,2024-07-27 16:30:00,0.75,4.6,4.8,16
2024-07-27 18:45:00,2024-07-27 19:15:00,0.75,4.0,4.133333333333334,18
2024-07-28 03:45:00,2024-07-28 05:45:00,2.25,3.4,4.111111111111111,3
2024-07-28 17:30:00,2024-07-28 17:45:00,0.5,4.9,5.0,17
2024-07-29 02:45:00,2024-07-29 05:45:00,3.25,4.0,4.892307692307693,2
2024-07-29 17:45:00,2024-07-29 18:30:00,1.0,4.6,5.0,17
2024-07-29 21:15:00,2024-07-29 21:30:00,0.5,3.3,3.45,21
2024-07-30 03:30:00,2024-07-30 06:15:00,3.0,3.9,4.608333333333333,3
2024-07-30 09:00:00,2024-07-30 09:15:00,0.5,2.8,2.9,9
2024-07-30 16:30:00,2024-07-30 16:45:00,0.5,5.1,5.5,16
2024-07-30 18:30:00,2024-07-30 19:45:00,1.5,4.7,5.3,18
2024-07-30 22:00:00,2024-07-30 22:30:00,0.75,3.4,3.6333333333333333,22
2024-07-31 06:00:00,2024-07-31 07:30:00,1.75,3.9,4.3428571428571425,6
2024-07-31 10:15:00,2024-07-31 10:30:00,0.5,3.1,3.2,10
2024-07-31 19:30:00,2024-07-31 21:00:00,1.75,4.3,5.014285714285714,19
2024-08-01 07:15:00,2024-08-01 08:15:00,1.25,4.0,4.34,7
2024-08-01 11:15:00,2024-08-01 11:45:00,0.75,3.2,3.3000000000000003,11
2024-08-01 20:30:00,2024-08-01 22:15:00,2.0,4.0,4.7375,20
2024-08-02 08:15:00,2024-08-02 09:30:00,1.5,3.8,4.233333333333333,8
2024-08-02 20:15:00,2024-08-02 23:15:00,3.25,3.7,4.884615384615385,20
2024-08-03 09:00:00,2024-08-03 10:15:00,1.5,3.9,4.316666666666666,9
2024-08-03 20:00:00,2024-08-03 23:30:00,3.75,4.0,5.286666666666666,20
2024-08-04 09:30:00,2024-08-04 11:15:00,2.0,3.6,4.1875,9
2024-08-04 22:45:00,2024-08-05 01:00:00,2.5,3.4,4.2299999999999995,22
2024-08-05 10:30:00,2024-08-05 14:30:00,4.25,3.0,3.8529411764705883,10
2024-08-06 04:45:00,2024-08-06 05:30:00,1.0,5.1,5.175000000000001,4
2024-08-07 00:00:00,2024-08-07 01:45:00,2.0,4.6,5.0625,0
2024-08-07 10:45:00,2024-08-07 12:15:00,1.75,5.0,5.3,10
2024-08-08 03:45:00,2024-08-08 04:15:00,0.75,3.6,3.966666666666667,3
2024-08-08 10:45:00,2024-08-08 12:30:00,2.0,5.0,5.6375,10
2024-08-09 00:15:00,2024-08-09 02:30:00,2.5,4.5,5.130000000000001,0
2024-08-09 11:15:00,2024-08-09 15:15:00,4.25,4.7,5.482352941176471,11
2024-08-09 19:30:00,2024-08-09 20:30:00,1.25,4.7,5.140000000000001,19
2024-08-10 13:45:00,2024-08-10 14:30:00,1.0,5.4,5.75,13
2024-08-10 20:15:00,2024-08-10 21:00:00,1.0,4.8,5.025,20
2024-08-10 23:45:00,2024-08-11 00:00:00,0.5,4.8,4.949999999999999,23
2024-08-11 03:45:00,2024-08-11 05:45:00,2.25,3.1,4.011111111111111,3
2024-08-11 08:15:00,2024-08-11 08:45:00,0.75,4.4,4.466666666666667,8
2024-08-11 14:30:00,2024-08-11 15:45:00,1.5,5.3,5.616666666666667,14
2024-08-11 20:00:00,2024-08-11 21:30:00,1.75,4.6,4.957142857142857,20
2024-08-12 15:15:00,2024-08-12 16:30:00,1.5,4.9,5.1499999999999995,15
2024-08-12 19:15:00,2024-08-12 20:30:00,1.5,4.0,4.55,19
2024-08-12 22:15:00,2024-08-12 22:45:00,0.75,4.1,4.3,22
2024-08-13 10:00:00,2024-08-13 10:30:00,0.75,3.6,3.733333333333333,10
2024-08-13 16:30:00,2024-08-13 18:00:00,1.75,4.3,4.685714285714285,16
2024-08-14 02:45:00,2024-08-14 04:30:00,2.0,3.9,4.6125,2
2024-08-14 08:00:00,2024-08-14 08:15:00,0.5,2.7,2.85,8
2024-08-14 17:30:00,2024-08-14 19:15:00,2.0,4.4,5.0,17
2024-08-15 03:30:00,2024-08-15 05:15:00,2.0,4.0,4.725,3
2024-08-15 11:30:00,2024-08-15 12:15:00,1.0,3.4,3.65,11
2024-08-15 18:15:00,2024-08-15 22:30:00,4.5,2.6,4.311111111111111,18
2024-08-16 05:00:00,2024-08-16 06:45:00,2.0,3.9,4.65,5
2024-08-16 12:15:00,2024-08-16 12:45:00,0.75,3.4,3.566666666666667,12
2024-08-16 19:30:00,2024-08-16 22:00:00,2.75,3.4,4.6454545454545455,19
2024-08-17 06:15:00,2024-08-17 09:15:00,3.25,2.9,4.06923076923077,6
2024-08-17 11:30:00,2024-08-17 14:00:00,2.75,2.3,2.936363636363636,11
2024-08-17 18:45:00,2024-08-17 22:30:00,4.0,3.3,5.043749999999999,18
2024-08-18 07:15:00,2024-08-18 09:45:00,2.75,3.0,4.0181818181818185,7
2024-08-18 21:15:00,2024-08-18 23:30:00,2.5,3.3,4.27,21
2024-08-19 08:00:00,2024-08-19 10:45:00,3.0,3.2,4.258333333333334,8
2024-08-19 20:30:00,2024-08-20 00:00:00,3.75,3.3,4.513333333333334,20
2024-08-20 10:15:00,2024-08-20 12:00:00,2.0,3.1,3.7625,10
2024-08-20 21:30:00,2024-08-21 01:00:00,3.75,3.1,4.666666666666666,21
2024-08-21 11:30:00,2024-08-21 13:15:00,2.0,3.8,4.612500000000001,11
2024-08-22 00:15:00,2024-08-22 02:15:00,2.25,3.7,4.6000000000000005,0
2024-08-22 12:30:00,2024-08-22 14:15:00,2.0,4.2,4.925,12
2024-08-23 00:45:00,2024-08-23 02:30:00,2.0,4.0,4.925,0
2024-08-23 13:45:00,2024-08-23 15:00:00,1.5,4.8,5.283333333333334,13
2024-08-24 00:00:00,2024-08-24 03:15:00,3.5,4.2,5.45,0
2024-08-24 14:45:00,2024-08-24 16:00:00,1.5,4.8,5.2666666666666675,14
2024-08-25 00:45:00,2024-08-25 04:15:00,3.75,4.1,5.3,0
2024-08-25 15:15:00,2024-08-25 17:00:00,2.0,4.5,5.2625,15
2024-08-26 01:30:00,2024-08-26 05:15:00,4.0,3.7,4.949999999999999,1
2024-08-26 16:15:00,2024-08-26 18:15:00,2.25,4.4,5.222222222222222,16
2024-08-27 02:30:00,2024-08-27 05:30:00,3.25,4.0,5.023076923076924,2
2024-08-27 17:00:00,2024-08-27 19:00:00,2.25,4.4,5.266666666666667,17
2024-08-28 03:15:00,2024-08-28 06:15:00,3.25,4.0,4.946153846153847,3
2024-08-28 11:00:00,2024-08-28 13:30:00,2.75,3.5,4.7272727272727275,11
2024-08-28 18:00:00,2024-08-28 20:30:00,2.75,4.0,5.027272727272727,18
2024-08-29 06:00:00,2024-08-29 08:00:00,2.25,3.5,4.188888888888889,6
2024-08-29 12:00:00,2024-08-29 12:30:00,0.75,3.7,3.8666666666666667,12
2024-08-29 17:00:00,2024-08-29 21:15:00,4.5,3.8,5.544444444444444,17
2024-08-30 06:45:00,2024-08-30 08:45:00,2.25,3.3,4.144444444444444,6
2024-08-30 12:30:00,2024-08-30 13:30:00,1.25,3.4,3.6,12
2024-08-30 20:00:00,2024-08-30 22:15:00,2.5,3.3,4.459999999999999,20
2024-08-31 06:15:00,2024-08-31 09:30:00,3.5,3.1,4.621428571428572,6
2024-08-31 20:30:00,2024-09-01 00:30:00,4.25,2.4,3.994117647058824,20
2024-09-01 07:15:00,2024-09-01 10:30:00,3.5,3.0,4.671428571428571,7
2024-09-01 12:30:00,2024-09-01 13:00:00,0.75,2.5,2.6333333333333333,12
2024-09-01 14:30:00,2024-09-01 15:15:00,1.0,3.0,3.1249999999999996,14
2024-09-01 21:15:00,2024-09-01 23:30:00,2.5,3.1,4.52,21
2024-09-02 08:00:00,2024-09-02 11:15:00,3.5,2.9,4.435714285714286,8
2024-09-02 13:15:00,2024-09-02 13:45:00,0.75,2.3,2.4,13
2024-09-02 20:15:00,2024-09-03 00:00:00,4.0,2.7,4.81875,20
2024-09-03 10:30:00,2024-09-03 12:30:00,2.25,3.8,4.622222222222222,10
2024-09-03 22:45:00,2024-09-04 01:00:00,2.5,4.0,4.97,22
2024-09-04 11:30:00,2024-09-04 12:45:00,1.5,4.8,5.233333333333333,11
2024-09-04 23:45:00,2024-09-05 01:45:00,2.25,4.4,5.133333333333333,23
2024-09-05 10:15:00,2024-09-05 10:30:00,0.5,4.7,5.2,10
2024-09-05 12:30:00,2024-09-05 13:45:00,1.5,4.8,5.220000000000001,12
2024-09-06 00:00:00,2024-09-06 02:00:00,2.25,4.2,4.98888888888889,0
2024-09-06 12:45:00,2024-09-06 14:30:00,2.0,4.4,5.1125,12
2024-09-07 00:15:00,2024-09-07 02:45:00,2.75,3.9,4.790909090909091,0
2024-09-07 13:00:00,2024-09-07 14:45:00,2.0,4.4,5.1625,13
2024-09-08 00:30:00,2024-09-08 02:45:00,2.5,3.8,4.709999999999999,0
2024-09-08 14:00:00,2024-09-08 17:15:00,3.5,3.3,4.357142857142856,14
2024-09-09 01:15:00,2024-09-09 05:15:00,4.25,3.2,4.129411764705883,1
2024-09-09 15:15:00,2024-09-09 18:15:00,3.25,4.1,5.107692307692308,15
2024-09-10 02:45:00,2024-09-10 04:00:00,1.5,4.6,5.05,2
2024-09-10 05:45:00,2024-09-10 06:15:00,0.75,3.5,3.6666666666666665,5
2024-09-10 13:15:00,2024-09-10 17:15:00,4.25,5.5,6.435294117647059,13
2024-09-11 03:15:00,2024-09-11 04:45:00,1.75,5.0,5.471428571428571,3
2024-09-11 06:15:00,2024-09-11 07:00:00,1.0,3.6,4.175000000000001,6
2024-09-11 17:00:00,2024-09-11 18:15:00,1.5,5.8,6.183333333333333,17
2024-09-11 20:00:00,2024-09-11 20:15:00,0.5,4.8,4.9,20
2024-09-12 04:30:00,2024-09-12 07:45:00,3.5,3.7,5.014285714285714,4
2024-09-12 17:45:00,2024-09-12 20:45:00,3.25,4.5,5.43076923076923,17
2024-09-13 05:00:00,2024-09-13 07:00:00,2.25,4.6,5.266666666666667,5
2024-09-13 18:15:00,2024-09-13 22:15:00,4.25,3.9,5.18235294117647,18
2024-09-14 06:15:00,2024-09-14 09:45:00,3.75,3.5,4.5,6
2024-09-14 20:00:00,2024-09-14 22:15:00,2.5,4.5,5.4799999999999995,20
2024-09-15 07:30:00,2024-09-15 11:45:00,4.5,3.8,4.688888888888889,7
2024-09-15 21:15:00,2024-09-15 23:00:00,2.0,5.1,5.675,21
2024-09-16 09:00:00,2024-09-16 10:30:00,1.75,5.1,5.585714285714286,9
2024-09-16 21:15:00,2024-09-16 23:00:00,2.0,5.1,5.8125,21
2024-09-17 10:30:00,2024-09-17 11:00:00,0.75,5.0,5.2,10
2024-09-17 22:00:00,2024-09-18 00:00:00,2.25,4.7,5.48888888888889,22
2024-09-18 11:15:00,2024-09-18 11:45:00,0.75,5.0,5.2,11
2024-09-18 22:30:00,2024-09-19 00:45:00,2.5,4.3,5.24,22
2024-09-19 11:30:00,2024-09-19 12:45:00,1.5,4.9,5.333333333333333,11
2024-09-19 23:15:00,2024-09-20 01:30:00,2.5,4.1,5.0600000000000005,23
2024-09-20 12:30:00,2024-09-20 13:15:00,1.0,5.4,5.6,12
2024-09-21 00:15:00,2024-09-21 02:15:00,2.25,4.3,5.166666666666667,0
2024-09-21 23:15:00,2024-09-21 23:30:00,0.5,5.5,5.7,23
2024-09-22 01:15:00,2024-09-22 02:45:00,1.75,4.5,5.1000000000000005,1
2024-09-22 04:45:00,2024-09-22 05:30:00,1.0,3.4,3.525,4
2024-09-22 15:00:00,2024-09-22 15:30:00,0.75,5.4,5.566666666666667,15
2024-09-22 17:30:00,2024-09-22 18:15:00,1.0,4.0,4.45,17
2024-09-23 00:00:00,2024-09-23 03:45:00,4.0,4.3,5.28125,0
2024-09-23 05:15:00,2024-09-23 05:30:00,0.5,3.3,3.45,5
2024-09-23 12:45:00,2024-09-23 13:00:00,0.5,4.9,5.35,12
2024-09-23 14:30:00,2024-09-23 16:30:00,2.25,5.4,5.966666666666666,14
2024-09-23 18:15:00,2024-09-23 18:45:00,0.75,4.4,4.6,18
2024-09-24 02:15:00,2024-09-24 05:15:00,3.25,4.1,4.984615384615385,2
2024-09-24 13:30:00,2024-09-24 14:00:00,0.75,5.8,6.0,13
2024-09-24 16:45:00,2024-09-24 17:30:00,1.0,5.4,5.625,16
2024-09-24 19:15:00,2024-09-24 19:45:00,0.75,4.1,4.4,19
2024-09-25 03:45:00,2024-09-25 07:45:00,4.25,3.0,4.376470588235294,3
2024-09-25 17:00:00,2024-09-25 18:30:00,1.75,5.0,5.557142857142857,17
2024-09-25 20:15:00,2024-09-25 20:45:00,0.75,4.0,4.2,20
2024-09-26 03:15:00,2024-09-26 03:30:00,0.5,5.5,5.6,3
2024-09-26 05:00:00,2024-09-26 08:45:00,4.0,3.5,4.425,5
2024-09-26 15:30:00,2024-09-26 15:45:00,0.5,5.1,5.3,15
2024-09-26 18:00:00,2024-09-26 20:00:00,2.25,4.2,4.911111111111111,18
2024-09-27 18:45:00,2024-09-27 19:30:00,1.0,5.6,5.800000000000001,18
2024-09-28 06:45:00,2024-09-28 08:15:00,1.75,4.7,5.1571428571428575,6
2024-09-28 20:15:00,2024-09-28 23:30:00,3.5,3.5,4.457142857142857,20
2024-09-29 08:15:00,2024-09-29 09:30:00,1.5,4.2,4.7,8
2024-09-29 20:45:00,2024-09-29 22:45:00,2.25,4.0,4.811111111111111,20
2024-09-30 06:30:00,2024-09-30 07:00:00,0.75,4.6,5.266666666666667,6
2024-09-30 08:30:00,2024-09-30 10:30:00,2.25,3.9,4.766666666666667,8
2024-09-30 20:45:00,2024-09-30 23:00:00,2.5,4.0,5.15,20
2024-10-01 00:45:00,2024-10-01 01:00:00,0.5,3.1,3.2,0
2024-10-01 07:30:00,2024-10-01 07:45:00,0.5,5.3,5.5,7
2024-10-01 09:30:00,2024-10-01 11:30:00,2.25,3.6,4.555555555555555,9
2024-10-01 21:30:00,2024-10-02 01:00:00,3.75,3.0,4.040000000000001,21
2024-10-02 10:30:00,2024-10-02 12:00:00,1.75,4.0,4.742857142857143,10
2024-10-02 22:15:00,2024-10-03 00:30:00,2.5,3.7,4.79,22
2024-10-03 11:45:00,2024-10-03 12:30:00,1.0,4.6,4.925000000000001,11
2024-10-03 23:00:00,2024-10-04 00:45:00,2.0,4.2,5.0375,23
2024-10-04 12:15:00,2024-10-04 13:15:00,1.25,4.6,5.040000000000001,12
2024-10-04 21:45:00,2024-10-05 01:30:00,4.0,3.9,5.2437499999999995,21
2024-10-05 13:00:00,2024-10-05 14:00:00,1.25,4.7,5.04,13
2024-10-05 22:15:00,2024-10-06 01:45:00,3.75,4.1,5.2333333333333325,22
2024-10-06 13:15:00,2024-10-06 14:45:00,1.75,4.8,5.2714285714285705,13
2024-10-06 22:45:00,2024-10-07 02:15:00,3.75,4.2,5.286666666666666,22
2024-10-07 13:45:00,2024-10-07 14:45:00,1.25,5.3,5.680000000000001,13
2024-10-07 16:45:00,2024-10-07 17:15:00,0.75,4.6,4.733333333333333,16
2024-10-08 01:00:00,2024-10-08 02:15:00,1.5,4.9,5.216666666666666,1
2024-10-08 04:15:00,2024-10-08 05:00:00,1.0,3.7,3.925,4
2024-10-08 15:15:00,2024-10-08 15:45:00,0.75,5.6,5.8,15
2024-10-09 00:15:00,2024-10-09 03:00:00,3.0,5.3,5.816666666666666,0
2024-10-09 16:00:00,2024-10-09 17:00:00,1.25,5.3,5.619999999999999,16
2024-10-10 06:30:00,2024-10-10 06:45:00,0.5,4.4,4.5,6
2024-10-10 15:15:00,2024-10-10 16:00:00,1.0,6.7,6.7749999999999995,15
2024-10-10 17:30:00,2024-10-10 18:15:00,1.0,6.0,6.225,17
2024-10-11 20:15:00,2024-10-11 20:45:00,0.75,5.2,5.366666666666667,20
2024-10-12 03:15:00,2024-10-12 03:30:00,0.5,6.1,6.25,3
2024-10-12 05:00:00,2024-10-12 06:45:00,2.0,5.3,5.75,5
2024-10-12 08:15:00,2024-10-12 09:00:00,1.0,4.3,4.525,8
2024-10-12 18:15:00,2024-10-12 19:30:00,1.5,5.7,6.150000000000001,18
2024-10-12 21:15:00,2024-10-12 21:30:00,0.5,4.7,4.85,21
2024-10-13 04:15:00,2024-10-13 07:30:00,3.5,5.0,6.042857142857144,4
2024-10-13 16:45:00,2024-10-13 17:00:00,0.5,6.9,7.0,16
2024-10-13 19:00:00,2024-10-13 21:15:00,2.5,4.9,5.67,19
2024-10-14 06:45:00,2024-10-14 08:30:00,2.0,4.8,5.487500000000001,6
2024-10-14 10:15:00,2024-10-14 10:45:00,0.75,4.3,4.3999999999999995,10
2024-10-14 17:45:00,2024-10-14 18:00:00,0.5,6.7,6.800000000000001,17
2024-10-14 19:30:00,2024-10-14 21:45:00,2.5,4.7,5.6000000000000005,19
2024-10-15 08:45:00,2024-10-15 10:00:00,1.5,4.9,5.449999999999999,8
2024-10-15 11:30:00,2024-10-15 11:45:00,0.5,4.0,4.15,11
2024-10-15 20:45:00,2024-10-16 00:00:00,3.5,4.3,5.228571428571428,20
2024-10-16 09:45:00,2024-10-16 10:30:00,1.0,5.2,5.45,9
2024-10-16 21:45:00,2024-10-16 23:15:00,1.75,5.3,5.8999999999999995,21
2024-10-17 11:15:00,2024-10-17 11:30:00,0.5,6.0,6.1,11
2024-10-17 20:30:00,2024-10-17 20:45:00,0.5,6.9,7.0,20
2024-10-17 22:30:00,2024-10-17 23:45:00,1.5,5.7,6.216666666666668,22
2024-10-18 23:15:00,2024-10-19 00:30:00,1.5,5.9,6.333333333333332,23
2024-10-19 13:00:00,2024-10-19 13:30:00,0.75,6.4,6.566666666666667,13
2024-10-20 00:00:00,2024-10-20 01:15:00,1.5,6.1,6.5,0
2024-10-23 19:15:00,2024-10-23 20:30:00,1.5,5.8,6.0,19
2024-10-24 19:30:00,2024-10-24 21:30:00,2.25,5.3,5.833333333333333,19
2024-10-25 06:45:00,2024-10-25 08:30:00,2.0,4.9,5.4625,6
2024-10-25 17:15:00,2024-10-25 18:30:00,1.5,6.4,6.666666666666667,17
2024-10-25 20:45:00,2024-10-25 21:30:00,1.0,5.2,5.4,20
2024-10-26 05:15:00,2024-10-26 07:15:00,2.25,5.6,6.144444444444444,5
2024-10-26 15:30:00,2024-10-26 16:00:00,0.75,6.2,6.7,15
2024-10-26 21:45:00,2024-10-26 22:00:00,0.5,4.7,4.800000000000001,21
2024-10-27 07:15:00,2024-10-27 09:30:00,2.5,4.9,5.57,7
2024-10-27 17:15:00,2024-10-27 17:30:00,0.5,6.5,6.6,17
2024-10-27 19:30:00,2024-10-27 23:15:00,4.0,4.3,5.518750000000001,19
2024-10-28 07:15:00,2024-10-28 09:30:00,2.5,5.2,5.99,7
2024-10-28 20:15:00,2024-10-29 00:00:00,4.0,4.0,5.18125,20
2024-10-29 06:30:00,2024-10-29 12:00:00,5.75,4.2,5.717391304347826,6
2024-10-29 20:30:00,2024-10-30 00:15:00,4.0,3.7,4.9875,20
2024-10-30 06:45:00,2024-10-30 07:15:00,0.75,6.2,6.3999999999999995,6
2024-10-30 09:00:00,2024-10-30 10:45:00,2.0,4.7,5.5125,9
2024-10-30 12:15:00,2024-10-30 13:00:00,1.0,3.9,4.075,12
2024-10-30 19:15:00,2024-10-30 22:45:00,3.75,4.6,6.086666666666667,19
2024-10-31 00:30:00,2024-10-31 00:45:00,0.5,3.6,3.75,0
2024-10-31 09:45:00,2024-10-31 13:30:00,4.0,4.0,4.93125,9
2024-10-31 21:15:00,2024-11-01 01:30:00,4.5,3.7,4.961111111111112,21
2024-11-01 10:30:00,2024-11-01 14:00:00,3.75,3.8,5.006666666666666,10
2024-11-01 20:00:00,2024-11-02 00:00:00,4.25,4.5,5.905882352941177,20
2024-11-02 01:30:00,2024-11-02 01:45:00,0.5,3.1,3.5,1
2024-11-02 08:45:00,2024-11-02 09:00:00,0.5,5.8,6.05,8
2024-11-02 11:00:00,2024-11-02 12:30:00,1.75,5.0,5.614285714285715,11
2024-11-02 22:30:00,2024-11-03 00:30:00,2.25,4.7,5.477777777777778,22
2024-11-03 02:15:00,2024-11-03 02:30:00,0.5,3.6,3.7,2
2024-11-03 12:45:00,2024-11-03 13:30:00,1.0,5.6,5.9,12
2024-11-03 15:00:00,2024-11-03 15:15:00,0.5,4.7,4.95,15
2024-11-03 23:30:00,2024-11-04 01:15:00,2.0,5.4,6.012499999999999,23
2024-11-05 00:00:00,2024-11-05 01:45:00,2.0,5.6,6.050000000000001,0
2024-11-05 03:15:00,2024-11-05 03:45:00,0.75,4.6,4.833333333333333,3
2024-11-05 13:45:00,2024-11-05 15:00:00,1.5,6.0,6.316666666666666,13
2024-11-05 16:30:00,2024-11-05 16:45:00,0.5,5.4,5.550000000000001,16
2024-11-06 00:45:00,2024-11-06 02:15:00,1.75,5.5,5.928571428571429,0
2024-11-06 04:00:00,2024-11-06 05:15:00,1.5,4.1,4.566666666666666,4
2024-11-06 14:30:00,2024-11-06 15:15:00,1.0,5.8,6.05,14
2024-11-06 23:45:00,2024-11-07 03:30:00,4.0,5.1,5.85,23
2024-11-07 05:00:00,2024-11-07 06:00:00,1.25,4.2,4.499999999999999,5
2024-11-07 14:45:00,2024-11-07 16:15:00,1.75,5.0,5.6000000000000005,14
2024-11-08 00:30:00,2024-11-08 03:15:00,3.0,4.9,5.608333333333333,0
2024-11-08 15:30:00,2024-11-08 17:30:00,2.25,4.8,5.455555555555555,15
2024-11-08 19:00:00,2024-11-08 20:00:00,1.25,3.7,4.08,19
2024-11-09 01:45:00,2024-11-09 05:00:00,3.5,4.6,5.607142857142857,1
2024-11-09 14:00:00,2024-11-09 14:45:00,1.0,5.9,6.15,14
2024-11-09 17:15:00,2024-11-09 18:15:00,1.25,5.6,5.959999999999999,17
2024-11-09 20:15:00,2024-11-09 20:30:00,0.5,4.5,4.65,20
2024-11-10 05:15:00,2024-11-10 07:00:00,2.0,5.1,5.762499999999999,5
2024-11-10 15:15:00,2024-11-10 15:45:00,0.75,6.0,6.266666666666667,15
2024-11-10 17:45:00,2024-11-10 19:30:00,2.0,5.1,5.7125,17
2024-11-11 05:45:00,2024-11-11 07:45:00,2.25,4.6,5.377777777777777,5
2024-11-11 09:30:00,2024-11-11 09:45:00,0.5,3.8,3.9,9
2024-11-11 18:15:00,2024-11-11 20:15:00,2.25,4.7,5.566666666666667,18
2024-11-12 05:00:00,2024-11-12 05:15:00,0.5,5.7,5.9,5
2024-11-12 06:45:00,2024-11-12 08:45:00,2.25,4.4,5.311111111111111,6
2024-11-12 19:15:00,2024-11-12 21:15:00,2.25,4.6,5.677777777777778,19
2024-11-13 09:15:00,2024-11-13 09:45:00,0.75,5.3,5.5,9
2024-11-13 20:45:00,2024-11-13 22:00:00,1.5,5.5,6.016666666666666,20
2024-11-29 10:15:00,2024-11-29 10:45:00,0.75,6.2,6.366666666666667,10
2024-12-01 11:45:00,2024-12-01 12:15:00,0.75,6.4,6.566666666666667,11
2024-12-11 08:00:00,2024-12-11 08:30:00,0.75,7.3,7.433333333333334,8
2024-12-18 03:30:00,2024-12-18 04:15:00,1.0,6.6,6.700000000000001,3
2024-12-20 17:45:00,2024-12-20 18:00:00,0.5,6.8,6.949999999999999,17
2024-12-28 09:45:00,2024-12-28 10:15:00,0.75,7.8,7.966666666666668,9
2024-12-29 11:00:00,2024-12-29 11:30:00,0.75,7.6,7.766666666666666,11
2024-12-29 21:15:00,2024-12-29 22:15:00,1.25,7.6,7.9399999999999995,21
2024-12-30 11:00:00,2024-12-30 11:45:00,1.0,7.4,7.65,11
2024-12-30 22:30:00,2024-12-30 23:15:00,1.0,7.3,7.575,22
2024-12-31 12:00:00,2024-12-31 12:30:00,0.75,7.6,7.766666666666666,12
2024-12-31 22:45:00,2024-12-31 23:30:00,1.0,7.6,7.824999999999999,22
2025-01-30 17:45:00,2025-01-30 19:00:00,1.5,10.0,10.183333333333332,17
2025-02-08 23:00:00,2025-02-08 23:15:00,0.5,7.5,7.6,23
2025-02-10 22:00:00,2025-02-10 22:30:00,0.75,7.7,7.833333333333333,22
2025-02-12 23:00:00,2025-02-13 00:00:00,1.25,7.3,7.6,23
2025-03-21 09:45:00,2025-03-21 10:00:00,0.5,7.6,7.699999999999999,9
2025-03-24 00:15:00,2025-03-24 00:45:00,0.75,7.6,7.766666666666666,0
2025-03-24 14:30:00,2025-03-24 15:00:00,0.75,7.5,7.666666666666667,14
2025-03-29 20:45:00,2025-03-30 00:00:00,3.5,6.3,7.135714285714285,20
2025-03-30 23:15:00,2025-03-31 00:45:00,1.75,6.2,6.6000000000000005,23
2025-04-01 01:30:00,2025-04-01 01:45:00,0.5,6.0,6.1,1
2025-04-01 12:00:00,2025-04-01 13:00:00,1.25,6.3,6.539999999999999,12
2025-04-02 02:00:00,2025-04-02 02:30:00,0.75,6.0,6.166666666666667,2
2025-04-03 02:00:00,2025-04-03 03:45:00,2.0,5.9,6.4375,2
2025-04-04 03:15:00,2025-04-04 04:15:00,1.25,5.9,6.239999999999999,3
2025-04-05 04:30:00,2025-04-05 05:45:00,1.5,5.5,5.916666666666667,4
2025-04-05 19:45:00,2025-04-05 20:15:00,0.75,5.3,5.5,19
2025-04-06 21:00:00,2025-04-06 21:45:00,1.0,5.5,5.6499999999999995,21
2025-04-08 04:00:00,2025-04-08 04:45:00,1.0,6.4,6.449999999999999,4
2025-04-08 10:15:00,2025-04-08 11:00:00,1.0,5.6,5.675000000000001,10
2025-04-10 21:15:00,2025-04-10 22:15:00,1.25,6.1,6.42,21
2025-04-11 21:45:00,2025-04-11 23:00:00,1.5,5.9,6.316666666666666,21
2025-04-12 22:30:00,2025-04-13 00:00:00,1.75,5.8,6.314285714285715,22
2025-04-13 10:15:00,2025-04-13 11:30:00,1.5,6.0,6.3500000000000005,10
2025-04-13 23:45:00,2025-04-14 00:45:00,1.25,5.8,6.119999999999999,23
2025-04-15 00:45:00,2025-04-15 01:15:00,0.75,6.0,6.166666666666667,0
2025-04-15 12:30:00,2025-04-15 15:30:00,3.25,5.7,6.115384615384615,12
2025-04-15 22:15:00,2025-04-15 22:30:00,0.5,6.2,6.550000000000001,22
2025-04-16 02:15:00,2025-04-16 04:00:00,2.0,4.9,5.4625,2
2025-04-16 11:45:00,2025-04-16 16:00:00,4.5,5.7,6.322222222222222,11
2025-04-17 02:00:00,2025-04-17 04:00:00,2.25,5.3,5.8999999999999995,2
2025-04-17 14:15:00,2025-04-17 16:15:00,2.25,5.3,5.933333333333333,14
2025-04-18 01:30:00,2025-04-18 04:00:00,2.75,5.5,6.172727272727273,1
2025-04-18 16:45:00,2025-04-18 17:00:00,0.5,5.2,5.550000000000001,16
2025-04-19 03:00:00,2025-04-19 04:15:00,1.5,5.7,6.066666666666666,3
2025-04-19 05:45:00,2025-04-19 06:00:00,0.5,4.0,4.45,5
2025-04-19 11:15:00,2025-04-19 12:15:00,1.25,5.6,6.32,11
2025-04-20 04:15:00,2025-04-20 06:45:00,2.75,4.7,5.663636363636363,4
2025-04-20 12:15:00,2025-04-20 13:00:00,1.0,4.7,6.1,12
2025-04-20 14:45:00,2025-04-20 18:30:00,4.0,4.3,6.2125,14
2025-04-21 02:00:00,2025-04-21 02:15:00,0.5,6.0,6.2,2
2025-04-21 06:00:00,2025-04-21 08:00:00,2.25,4.1,5.277777777777778,6
2025-04-21 19:15:00,2025-04-21 19:45:00,0.75,4.5,5.3,19
2025-04-22 08:00:00,2025-04-22 08:45:00,1.0,4.3,5.0249999999999995,8
2025-04-22 15:15:00,2025-04-22 15:30:00,0.5,5.8,5.949999999999999,15
2025-04-22 20:30:00,2025-04-22 21:00:00,0.75,4.9,5.5,20
2025-04-23 07:15:00,2025-04-23 08:00:00,1.0,5.4,5.625,7
2025-04-24 07:30:00,2025-04-24 08:30:00,1.25,5.2,5.579999999999999,7
2025-04-24 19:30:00,2025-04-24 21:30:00,2.25,5.1,5.733333333333333,19
2025-04-25 08:00:00,2025-04-25 09:30:00,1.75,4.7,5.357142857142857,8
2025-04-25 20:15:00,2025-04-25 22:00:00,2.0,4.9,5.6875,20
2025-04-26 08:45:00,2025-04-26 10:15:00,1.75,4.6,5.185714285714286,8
2025-04-26 20:15:00,2025-04-26 23:00:00,3.0,4.8,5.824999999999999,20
2025-04-27 08:00:00,2025-04-27 10:30:00,2.75,4.9,5.618181818181818,8
2025-04-27 22:15:00,2025-04-28 00:00:00,2.0,5.2,5.737500000000001,22
2025-04-28 11:00:00,2025-04-28 11:30:00,0.75,5.4,5.599999999999999,11
2025-04-28 21:30:00,2025-04-29 00:45:00,3.5,5.3,6.135714285714286,21
2025-04-29 11:30:00,2025-04-29 11:45:00,0.5,5.4,5.5,11
2025-04-30 00:00:00,2025-04-30 01:15:00,1.5,5.1,5.666666666666667,0
2025-04-30 10:30:00,2025-04-30 12:30:00,2.25,5.3,5.766666666666667,10
2025-05-01 00:45:00,2025-05-01 02:15:00,1.75,5.1,5.6571428571428575,0
2025-05-02 00:00:00,2025-05-02 00:30:00,0.75,6.3,6.3999999999999995,0
2025-05-02 02:30:00,2025-05-02 03:00:00,0.75,5.2,5.3999999999999995,2
2025-05-03 03:15:00,2025-05-03 04:15:00,1.25,5.0,5.34,3
2025-05-04 04:30:00,2025-05-04 04:45:00,0.5,5.3,5.4,4
2025-05-04 19:30:00,2025-05-04 20:00:00,0.75,5.0,5.1000000000000005,19
2025-05-05 04:45:00,2025-05-05 06:00:00,1.5,5.1,5.483333333333333,4
2025-05-05 20:45:00,2025-05-05 21:00:00,0.5,3.6,4.4,20
2025-05-06 03:15:00,2025-05-06 07:30:00,4.5,4.9,5.738888888888889,3
2025-05-06 17:15:00,2025-05-06 19:45:00,2.75,5.6,6.136363636363637,17
2025-05-07 17:00:00,2025-05-07 21:30:00,4.75,4.6,5.726315789473684,17
2025-05-08 06:30:00,2025-05-08 10:30:00,4.25,3.7,4.694117647058824,6
2025-05-08 19:30:00,2025-05-08 22:00:00,2.75,4.3,5.190909090909091,19
2025-05-09 07:30:00,2025-05-09 09:15:00,2.0,4.3,4.85,7
2025-05-09 10:45:00,2025-05-09 11:15:00,0.75,3.3,3.5,10
2025-05-09 20:15:00,2025-05-09 22:30:00,2.5,4.3,5.279999999999999,20
2025-05-10 07:00:00,2025-05-10 10:00:00,3.25,4.2,5.2153846153846155,7
2025-05-10 11:45:00,2025-05-10 12:30:00,1.0,2.9,3.35,11
2025-05-10 22:00:00,2025-05-11 00:45:00,3.0,3.5,4.558333333333334,22
2025-05-11 02:15:00,2025-05-11 03:30:00,1.5,3.2,3.933333333333333,2
2025-05-11 07:15:00,2025-05-11 10:15:00,3.25,4.5,5.2846153846153845,7
2025-05-11 22:15:00,2025-05-12 00:00:00,2.0,4.5,5.25,22
2025-05-12 08:15:00,2025-05-12 11:00:00,3.0,4.6,5.433333333333334,8
2025-05-12 12:45:00,2025-05-12 13:30:00,1.0,3.5,3.925,12
2025-05-12 22:45:00,2025-05-13 00:15:00,1.75,4.8,5.471428571428571,22
2025-05-13 02:00:00,2025-05-13 02:30:00,0.75,3.2,3.733333333333333,2
2025-05-13 08:30:00,2025-05-13 11:00:00,2.75,4.9,5.6,8
2025-05-13 21:15:00,2025-05-14 01:00:00,4.0,4.7,5.824999999999999,21
2025-05-14 02:45:00,2025-05-14 03:15:00,0.75,3.8,4.033333333333334,2
2025-05-14 11:00:00,2025-05-14 11:45:00,1.0,5.0,5.25,11
2025-05-14 14:00:00,2025-05-14 14:45:00,1.0,3.0,4.0,14
2025-05-14 21:45:00,2025-05-14 22:45:00,1.25,5.9,6.42,21
2025-05-15 00:15:00,2025-05-15 01:30:00,1.5,4.8,5.333333333333333,0
2025-05-15 10:00:00,2025-05-15 12:30:00,2.75,5.1,5.7272727272727275,10
2025-05-15 22:15:00,2025-05-15 22:30:00,0.5,5.6,5.949999999999999,22
2025-05-16 00:15:00,2025-05-16 02:30:00,2.5,4.6,5.46,0
2025-05-16 12:15:00,2025-05-16 13:00:00,1.0,5.5,5.7,12
2025-05-16 15:30:00,2025-05-16 15:45:00,0.5,4.6,4.8,15
2025-05-17 01:30:00,2025-05-17 04:45:00,3.5,3.0,4.871428571428572,1
2025-05-17 10:45:00,2025-05-17 11:00:00,0.5,5.1,5.5,10
2025-05-17 16:15:00,2025-05-17 16:30:00,0.5,4.3,4.6,16
2025-05-17 23:45:00,2025-05-18 00:00:00,0.5,5.5,5.7,23
2025-05-18 02:30:00,2025-05-18 05:45:00,3.5,3.0,4.671428571428572,2
2025-05-18 16:45:00,2025-05-18 17:30:00,1.0,3.0,4.125,16
2025-05-19 03:45:00,2025-05-19 06:30:00,3.0,3.4,4.575,3
2025-05-19 17:45:00,2025-05-19 18:15:00,0.75,4.2,4.833333333333333,17
2025-05-20 01:30:00,2025-05-20 01:45:00,0.5,4.9,5.35,1
2025-05-20 04:30:00,2025-05-20 07:30:00,3.25,2.6,4.553846153846154,4
2025-05-20 15:30:00,2025-05-20 16:30:00,1.25,6.2,6.36,15
2025-05-20 19:00:00,2025-05-20 19:30:00,0.75,3.0,4.366666666666667,19
2025-05-21 02:15:00,2025-05-21 02:45:00,0.75,4.9,5.400000000000001,2
2025-05-21 05:30:00,2025-05-21 06:15:00,1.0,5.0,5.225,5
2025-05-21 07:45:00,2025-05-21 08:30:00,1.0,2.9,3.85,7
2025-05-21 19:30:00,2025-05-21 21:00:00,1.75,2.8,4.8999999999999995,19
2025-05-22 03:15:00,2025-05-22 03:30:00,0.5,4.5,5.1,3
2025-05-22 08:30:00,2025-05-22 09:15:00,1.0,3.5,4.1,8
2025-05-22 12:30:00,2025-05-22 12:45:00,0.5,6.0,6.15,12
2025-05-23 13:30:00,2025-05-23 13:45:00,0.5,5.5,5.7,13
2025-05-23 19:30:00,2025-05-23 20:15:00,1.0,5.6,5.875,19
2025-05-24 21:15:00,2025-05-24 22:15:00,1.25,5.0,5.34,21
2025-05-25 08:15:00,2025-05-25 09:45:00,1.75,4.4,4.971428571428571,8
2025-05-25 21:45:00,2025-05-25 23:00:00,1.5,4.5,4.966666666666667,21
2025-05-26 08:30:00,2025-05-26 10:00:00,1.75,4.4,4.8999999999999995,8
2025-05-26 16:00:00,2025-05-26 16:15:00,0.5,4.6,4.699999999999999,16
2025-05-26 21:45:00,2025-05-26 23:30:00,2.0,4.8,5.5125,21
2025-05-27 10:15:00,2025-05-27 11:30:00,1.5,4.6,5.1499999999999995,10
2025-05-27 22:45:00,2025-05-28 00:30:00,2.0,4.9,5.65,22
2025-05-28 09:15:00,2025-05-28 11:00:00,2.0,5.1,5.55,9
2025-05-28 23:30:00,2025-05-29 01:15:00,2.0,4.4,5.2,23
2025-05-29 11:15:00,2025-05-29 12:15:00,1.25,4.8,5.2,11
2025-05-29 23:30:00,2025-05-30 02:00:00,2.75,4.2,5.200000000000001,23
2025-05-31 00:45:00,2025-05-31 02:15:00,1.75,4.9,5.442857142857142,0
2025-05-31 13:15:00,2025-05-31 14:15:00,1.25,5.5,5.76,13
2025-06-01 02:15:00,2025-06-01 03:45:00,1.75,5.0,5.457142857142857,2
2025-06-01 13:00:00,2025-06-01 14:45:00,2.0,6.0,6.35,13
2025-06-02 03:00:00,2025-06-02 04:30:00,1.75,5.1,5.542857142857143,3
2025-06-02 15:15:00,2025-06-02 15:45:00,0.75,6.2,6.3999999999999995,15
2025-06-03 02:00:00,2025-06-03 05:15:00,3.5,5.1,5.885714285714285,2
2025-06-04 05:30:00,2025-06-04 06:15:00,1.0,5.0,5.225,5
2025-06-04 17:00:00,2025-06-04 18:30:00,1.75,5.5,5.871428571428572,17
2025-06-05 18:30:00,2025-06-05 19:00:00,0.75,5.5,5.666666666666667,18
2025-06-06 13:00:00,2025-06-06 13:30:00,0.75,5.5,5.633333333333333,13
2025-06-06 18:45:00,2025-06-06 20:00:00,1.5,5.6,5.983333333333333,18
2025-06-07 10:30:00,2025-06-07 10:45:00,0.5,4.6,4.699999999999999,10
2025-06-07 19:30:00,2025-06-07 20:15:00,1.0,5.8,6.05,19
2025-06-07 23:00:00,2025-06-07 23:45:00,1.0,4.6,4.775,23
2025-06-08 13:30:00,2025-06-08 13:45:00,0.5,5.1,5.199999999999999,13
2025-06-09 08:30:00,2025-06-09 09:15:00,1.0,5.0,5.2,8
2025-06-09 20:30:00,2025-06-09 20:45:00,0.5,6.0,6.1,20
2025-06-10 22:00:00,2025-06-11 00:00:00,2.25,4.4,5.111111111111111,22
2025-06-11 13:15:00,2025-06-11 13:30:00,0.5,4.1,4.199999999999999,13
2025-06-11 16:45:00,2025-06-11 18:00:00,1.5,5.6,5.8999999999999995,16
2025-06-11 22:15:00,2025-06-12 00:15:00,2.25,4.5,5.322222222222222,22
2025-06-12 08:15:00,2025-06-12 08:30:00,0.5,5.2,5.300000000000001,8
2025-06-12 10:15:00,2025-06-12 11:45:00,1.75,4.6,5.014285714285714,10
2025-06-12 23:15:00,2025-06-13 01:15:00,2.25,4.4,5.277777777777777,23
2025-06-13 10:45:00,2025-06-13 12:00:00,1.5,4.8,5.116666666666666,10
2025-06-13 22:00:00,2025-06-13 22:15:00,0.5,6.1,6.199999999999999,22
2025-06-14 00:00:00,2025-06-14 02:00:00,2.25,4.4,5.0777777777777775,0
2025-06-14 11:30:00,2025-06-14 12:45:00,1.5,5.0,5.333333333333333,11
2025-06-15 01:00:00,2025-06-15 03:00:00,2.25,4.0,4.699999999999999,1
2025-06-15 10:15:00,2025-06-15 14:00:00,4.0,4.6,5.1625000000000005,10
2025-06-16 01:30:00,2025-06-16 03:15:00,2.0,4.1,4.7749999999999995,1
2025-06-16 13:15:00,2025-06-16 14:00:00,1.0,5.3,5.525,13
2025-06-16 17:00:00,2025-06-16 17:45:00,1.0,4.7,5.025,17
2025-06-17 02:15:00,2025-06-17 04:00:00,2.0,4.4,4.9625,2
2025-06-17 14:15:00,2025-06-17 15:00:00,1.0,5.5,5.75,14
2025-06-18 15:15:00,2025-06-18 16:00:00,1.0,5.7,5.9750000000000005,15
2025-06-19 08:30:00,2025-06-19 09:45:00,1.5,4.3,4.7,8
2025-06-19 16:15:00,2025-06-19 16:45:00,0.75,6.1,6.2,16
2025-06-21 11:30:00,2025-06-21 13:00:00,1.75,4.5,5.000000000000001,11
2025-06-21 19:00:00,2025-06-21 20:00:00,1.25,4.9,5.26,19
2025-06-22 07:00:00,2025-06-22 08:00:00,1.25,3.9,4.239999999999999,7
2025-06-22 12:15:00,2025-06-22 12:30:00,0.5,3.6,3.75,12
2025-06-22 19:30:00,2025-06-22 21:15:00,2.0,4.4,5.1625,19
2025-06-22 23:30:00,2025-06-22 23:45:00,0.5,3.5,3.65,23
2025-06-23 06:00:00,2025-06-23 08:45:00,3.0,3.8,4.583333333333333,6
2025-06-23 11:45:00,2025-06-23 13:30:00,2.0,3.2,3.9125,11
2025-06-23 18:45:00,2025-06-23 22:30:00,4.0,4.0,5.39375,18
2025-06-24 07:00:00,2025-06-24 09:45:00,3.0,3.6,4.433333333333334,7
2025-06-24 15:45:00,2025-06-24 16:00:00,0.5,4.2,4.35,15
2025-06-24 21:00:00,2025-06-24 23:30:00,2.75,3.6,4.718181818181818,21
2025-06-25 09:15:00,2025-06-25 10:45:00,1.75,3.6,4.1571428571428575,9
2025-06-25 14:00:00,2025-06-25 15:00:00,1.25,3.8,4.24,14
2025-06-25 22:00:00,2025-06-26 00:15:00,2.5,3.9,4.869999999999999,22
2025-06-26 10:00:00,2025-06-26 11:15:00,1.5,4.0,4.433333333333334,10
2025-06-26 14:45:00,2025-06-26 17:30:00,3.0,4.2,4.458333333333333,14
2025-06-26 21:30:00,2025-06-27 01:00:00,3.75,3.9,5.266666666666667,21
2025-06-27 11:00:00,2025-06-27 12:15:00,1.5,4.2,4.6,11
2025-06-27 16:30:00,2025-06-27 17:00:00,0.75,4.7,4.8999999999999995,16
2025-06-27 22:15:00,2025-06-28 01:45:00,3.75,4.0,5.319999999999999,22
2025-06-28 12:00:00,2025-06-28 13:15:00,1.5,4.3,4.683333333333333,12
2025-06-28 23:15:00,2025-06-29 02:30:00,3.5,4.0,5.171428571428572,23
2025-06-29 11:45:00,2025-06-29 14:00:00,2.5,4.6,5.2,11
2025-06-29 18:00:00,2025-06-29 19:15:00,1.5,4.6,4.8999999999999995,18
2025-06-30 00:00:00,2025-06-30 03:30:00,3.75,3.9,4.959999999999999,0
2025-06-30 13:45:00,2025-06-30 14:45:00,1.25,5.0,5.279999999999999,13
2025-07-01 02:30:00,2025-07-01 03:45:00,1.5,4.4,4.8,2
2025-07-01 15:00:00,2025-07-01 15:45:00,1.0,5.6,5.75,15
2025-07-03 16:45:00,2025-07-03 17:45:00,1.25,5.5,5.68,16
2025-07-05 08:45:00,2025-07-05 09:15:00,0.75,3.5,3.733333333333333,8
2025-07-05 20:30:00,2025-07-05 21:15:00,1.0,4.7,4.925,20
2025-07-06 19:15:00,2025-07-06 21:45:00,2.75,4.3,5.054545454545455,19
2025-07-07 20:00:00,2025-07-07 22:00:00,2.25,4.5,5.2555555555555555,20
2025-07-08 21:00:00,2025-07-08 22:45:00,2.0,4.5,5.1875,21
2025-07-09 08:15:00,2025-07-09 09:30:00,1.5,4.4,4.816666666666666,8
2025-07-09 14:15:00,2025-07-09 15:00:00,1.0,4.3,4.6499999999999995,14
2025-07-09 21:30:00,2025-07-09 23:30:00,2.25,4.0,4.900000000000001,21
2025-07-10 01:30:00,2025-07-10 02:15:00,1.0,3.1,3.35,1
2025-07-10 09:00:00,2025-07-10 10:30:00,1.75,3.8,4.385714285714285,9
2025-07-10 15:15:00,2025-07-10 15:30:00,0.5,3.9,4.0,15
2025-07-10 22:00:00,2025-07-11 00:00:00,2.25,3.5,4.48888888888889,22
2025-07-11 08:15:00,2025-07-11 11:00:00,3.0,3.8,4.675,8
2025-07-11 21:15:00,2025-07-12 01:00:00,4.0,3.5,5.09375,21
2025-07-12 09:00:00,2025-07-12 12:15:00,3.5,3.8,4.871428571428572,9
2025-07-12 14:45:00,2025-07-12 15:15:00,0.75,3.8,3.933333333333333,14
2025-07-12 23:30:00,2025-07-13 01:45:00,2.5,3.4,4.5200000000000005,23
2025-07-13 11:15:00,2025-07-13 13:15:00,2.25,3.9,4.677777777777778,11
2025-07-13 15:45:00,2025-07-13 16:30:00,1.0,3.8,4.175,15
2025-07-14 00:15:00,2025-07-14 02:15:00,2.25,3.6,4.633333333333333,0
2025-07-14 11:00:00,2025-07-14 13:45:00,3.0,4.3,5.183333333333333,11
2025-07-15 01:15:00,2025-07-15 03:00:00,2.0,3.5,4.449999999999999,1
2025-07-15 11:45:00,2025-07-15 14:15:00,2.75,4.6,5.309090909090909,11
2025-07-16 02:00:00,2025-07-16 03:30:00,1.75,4.0,4.728571428571429,2
2025-07-16 12:30:00,2025-07-16 15:15:00,3.0,4.8,5.391666666666667,12
2025-07-17 02:15:00,2025-07-17 04:45:00,2.75,3.9,4.672727272727273,2
2025-07-17 14:45:00,2025-07-17 16:15:00,1.75,5.2,5.6000000000000005,14
2025-07-18 16:15:00,2025-07-18 17:30:00,1.5,4.8,5.216666666666667,16
2025-07-19 04:30:00,2025-07-19 05:30:00,1.25,4.1,4.4799999999999995,4
2025-07-19 17:30:00,2025-07-19 18:30:00,1.25,5.1,5.4799999999999995,17
2025-07-19 21:00:00,2025-07-19 21:15:00,0.5,4.1,4.25,21
2025-07-20 05:15:00,2025-07-20 06:15:00,1.25,4.4,4.720000000000001,5
2025-07-20 16:45:00,2025-07-20 19:30:00,3.0,5.2,5.991666666666667,16
2025-07-21 06:45:00,2025-07-21 07:30:00,1.0,4.2,4.425,6
2025-07-21 10:15:00,2025-07-21 11:30:00,1.5,3.5,3.966666666666667,10
2025-07-21 19:30:00,2025-07-21 23:00:00,3.75,3.6,4.713333333333334,19
2025-07-22 07:45:00,2025-07-22 09:15:00,1.75,3.6,4.128571428571429,7
2025-07-22 20:30:00,2025-07-22 22:45:00,2.5,3.7,4.74,20
2025-07-23 07:15:00,2025-07-23 10:30:00,3.5,3.3,4.535714285714286,7
2025-07-23 21:45:00,2025-07-24 00:15:00,2.75,3.6,4.490909090909091,21
2025-07-24 09:30:00,2025-07-24 10:45:00,1.5,3.7,4.1499999999999995,9
2025-07-24 20:45:00,2025-07-25 00:15:00,3.75,3.6,5.14,20
2025-07-25 08:45:00,2025-07-25 11:30:00,3.0,3.7,4.625,8
2025-07-25 14:15:00,2025-07-25 16:15:00,2.25,3.8,4.300000000000001,14
2025-07-25 21:15:00,2025-07-26 01:00:00,4.0,3.7,5.1875,21
2025-07-26 09:45:00,2025-07-26 12:00:00,2.5,4.2,4.9,9
2025-07-26 15:00:00,2025-07-26 15:30:00,0.75,4.2,4.466666666666666,15
2025-07-26 22:00:00,2025-07-27 01:30:00,3.75,3.7,5.1000000000000005,22
2025-07-27 10:30:00,2025-07-27 12:30:00,2.25,4.6,5.2,10
2025-07-27 16:00:00,2025-07-27 18:00:00,2.25,4.6,4.977777777777778,16
2025-07-27 22:45:00,2025-07-28 02:00:00,3.5,3.9,5.114285714285714,22
2025-07-28 12:15:00,2025-07-28 13:45:00,1.75,4.6,5.057142857142857,12
2025-07-28 17:00:00,2025-07-28 18:45:00,2.0,4.7,4.9875,17
2025-07-28 23:15:00,2025-07-29 02:45:00,3.75,3.9,5.033333333333332,23
2025-07-29 13:15:00,2025-07-29 14:30:00,1.5,4.8,5.216666666666667,13
2025-07-30 00:00:00,2025-07-30 03:00:00,3.25,4.4,5.1461538461538465,0
2025-07-30 12:45:00,2025-07-30 14:45:00,2.25,5.1,5.577777777777778,12
2025-07-31 00:15:00,2025-07-31 00:30:00,0.5,4.6,4.949999999999999,0
2025-07-31 06:00:00,2025-07-31 06:15:00,0.5,2.9,3.2,6
2025-08-01 06:45:00,2025-08-01 07:00:00,0.5,3.3,3.4,6
2025-08-01 14:00:00,2025-08-01 14:15:00,0.5,4.4,5.0,14
2025-08-01 19:00:00,2025-08-01 19:45:00,1.0,4.4,5.175000000000001,19
2025-08-02 03:45:00,2025-08-02 04:00:00,0.5,4.8,4.949999999999999,3
2025-08-02 07:00:00,2025-08-02 07:30:00,0.75,3.8,4.1000000000000005,7
2025-08-03 02:30:00,2025-08-03 03:00:00,0.75,4.1,4.7,2
2025-08-03 08:15:00,2025-08-03 08:30:00,0.5,3.8,4.0,8
2025-08-03 15:30:00,2025-08-03 16:15:00,1.0,4.9,5.550000000000001,15
2025-08-03 21:30:00,2025-08-03 21:45:00,0.5,3.8,4.15,21
2025-08-04 16:45:00,2025-08-04 17:00:00,0.5,4.2,4.800000000000001,16
2025-08-04 19:15:00,2025-08-04 19:30:00,0.5,5.2,5.300000000000001,19
2025-08-05 04:45:00,2025-08-05 05:30:00,1.0,4.9,5.075,4
2025-08-05 07:00:00,2025-08-05 08:15:00,1.5,3.9,4.25,7
2025-08-05 09:45:00,2025-08-05 10:15:00,0.75,3.2,3.266666666666667,9
2025-08-05 11:45:00,2025-08-05 14:15:00,2.75,3.5,4.381818181818182,11
2025-08-05 17:45:00,2025-08-05 18:00:00,0.5,5.0,5.2,17
2025-08-05 19:30:00,2025-08-05 21:00:00,1.75,4.7,5.371428571428572,19
2025-08-05 22:45:00,2025-08-05 23:15:00,0.75,3.3,3.6999999999999997,22
2025-08-06 10:00:00,2025-08-06 11:15:00,1.5,3.6,3.866666666666667,10
2025-08-06 14:30:00,2025-08-06 15:30:00,1.25,4.7,5.5,14
2025-08-06 20:15:00,2025-08-06 22:15:00,2.25,4.1,5.1,20
2025-08-07 06:30:00,2025-08-07 09:00:00,2.75,4.1,4.881818181818182,6
2025-08-07 19:30:00,2025-08-07 19:45:00,0.5,5.8,5.9,19
2025-08-07 21:15:00,2025-08-07 23:15:00,2.25,4.0,4.977777777777778,21
2025-08-08 07:30:00,2025-08-08 12:30:00,5.25,3.2,4.504761904761904,7
2025-08-08 22:15:00,2025-08-09 00:15:00,2.25,3.9,4.866666666666667,22
2025-08-09 10:00:00,2025-08-09 11:30:00,1.75,4.1,4.7,10
2025-08-09 22:45:00,2025-08-10 01:15:00,2.75,3.8,4.6454545454545455,22
2025-08-10 09:15:00,2025-08-10 12:30:00,3.5,3.9,4.978571428571429,9
2025-08-10 14:30:00,2025-08-10 15:00:00,0.75,3.4,3.466666666666667,14
2025-08-10 21:30:00,2025-08-10 21:45:00,0.5,4.8,5.15,21
2025-08-10 23:30:00,2025-08-11 01:15:00,2.0,3.8,4.6,23
2025-08-11 11:30:00,2025-08-11 13:00:00,1.75,4.0,4.542857142857143,11
2025-08-12 00:00:00,2025-08-12 01:45:00,2.0,3.6,4.4875,0
2025-08-12 10:30:00,2025-08-12 13:30:00,3.25,4.1,5.061538461538461,10
2025-08-12 17:15:00,2025-08-12 17:45:00,0.75,4.1,4.2,17
2025-08-12 23:00:00,2025-08-13 02:45:00,4.0,3.5,5.15625,23
2025-08-13 11:30:00,2025-08-13 14:15:00,3.0,4.7,5.575,11
2025-08-13 23:30:00,2025-08-14 03:00:00,3.75,3.9,5.166666666666666,23
2025-08-14 12:00:00,2025-08-14 15:15:00,3.5,4.8,5.642857142857143,12
2025-08-15 00:30:00,2025-08-15 03:30:00,3.25,4.1,4.9923076923076914,0
2025-08-15 13:15:00,2025-08-15 16:00:00,3.0,5.0,5.75,13
2025-08-15 18:30:00,2025-08-15 18:45:00,0.5,4.3,4.4,18
2025-08-16 03:15:00,2025-08-16 04:15:00,1.25,4.2,4.52,3
2025-08-16 14:00:00,2025-08-16 14:15:00,0.5,5.7,5.800000000000001,14
2025-08-16 16:00:00,2025-08-16 17:45:00,2.0,4.4,5.0,16
2025-08-17 02:30:00,2025-08-17 05:45:00,3.5,3.7,4.5928571428571425,2
2025-08-17 17:30:00,2025-08-17 19:15:00,2.0,4.1,4.8625,17
2025-08-17 20:45:00,2025-08-17 21:15:00,0.75,3.3,3.4666666666666663,20
2025-08-18 03:30:00,2025-08-18 07:15:00,4.0,3.3,4.48125,3
2025-08-18 12:30:00,2025-08-18 12:45:00,0.5,4.2,4.35,12
2025-08-18 18:15:00,2025-08-18 20:15:00,2.25,4.4,5.355555555555555,18
2025-08-19 04:45:00,2025-08-19 08:00:00,3.5,3.7,4.838461538461538,4
2025-08-19 13:45:00,2025-08-19 14:00:00,0.5,4.5,4.6,13
2025-08-19 20:45:00,2025-08-19 22:00:00,1.5,4.2,4.783333333333333,20
2025-08-20 08:00:00,2025-08-20 09:45:00,2.0,3.7,4.3374999999999995,8
2025-08-20 22:15:00,2025-08-20 23:00:00,1.0,4.1,4.4,22
2025-08-21 09:45:00,2025-08-21 11:00:00,1.5,3.4,3.8333333333333335,9
2025-08-21 12:30:00,2025-08-21 12:45:00,0.5,3.0,3.15,12
2025-08-21 19:45:00,2025-08-21 23:45:00,4.25,3.8,4.994117647058823,19
2025-08-22 10:00:00,2025-08-22 11:15:00,1.5,3.8,4.283333333333334,10
2025-08-22 15:15:00,2025-08-22 16:00:00,1.0,3.9,4.05,15
2025-08-22 22:30:00,2025-08-23 02:00:00,3.75,3.3,4.22,22
2025-08-23 10:30:00,2025-08-23 12:30:00,2.25,3.9,4.655555555555555,10
2025-08-23 21:30:00,2025-08-24 01:30:00,4.25,3.8,4.958823529411765,21
2025-08-24 11:30:00,2025-08-24 12:45:00,1.5,4.3,4.816666666666667,11
2025-08-24 21:45:00,2025-08-25 01:45:00,4.25,3.7,5.252941176470588,21
2025-08-25 03:15:00,2025-08-25 03:30:00,0.5,2.9,3.05,3
2025-08-25 10:15:00,2025-08-25 13:30:00,3.5,4.2,5.257142857142858,10
2025-08-25 22:00:00,2025-08-26 01:45:00,4.0,3.7,5.1937500000000005,22
2025-08-26 03:30:00,2025-08-26 04:00:00,0.75,2.9,3.066666666666667,3
2025-08-26 12:30:00,2025-08-26 13:45:00,1.5,4.5,5.1000000000000005,12
2025-08-26 16:00:00,2025-08-26 16:30:00,0.75,4.1,4.233333333333333,16
2025-08-26 22:45:00,2025-08-27 02:15:00,3.75,3.8,5.260000000000001,22
2025-08-27 13:00:00,2025-08-27 14:30:00,1.75,4.8,5.328571428571428,13
2025-08-27 23:15:00,2025-08-28 03:00:00,4.0,4.1,5.2375,23
2025-08-28 04:30:00,2025-08-28 04:45:00,0.5,3.1,3.25,4
2025-08-28 13:45:00,2025-08-28 14:15:00,0.75,5.4,5.599999999999999,13
2025-08-29 02:00:00,2025-08-29 05:15:00,3.5,2.9,4.25,2
2025-08-29 14:15:00,2025-08-29 15:45:00,1.75,5.2,5.614285714285715,14
2025-08-29 17:30:00,2025-08-29 18:00:00,0.75,4.5,4.633333333333334,17
2025-08-30 02:45:00,2025-08-30 03:15:00,0.75,4.7,4.866666666666667,2
2025-08-30 04:45:00,2025-08-30 07:45:00,3.25,2.9,3.476923076923077,4
2025-08-30 13:15:00,2025-08-30 13:30:00,0.5,4.7,5.1,13
2025-08-30 15:00:00,2025-08-30 16:45:00,2.0,4.7,5.1875,15
2025-08-30 18:30:00,2025-08-30 18:45:00,0.5,3.8,4.0,18
2025-08-31 02:00:00,2025-08-31 03:30:00,1.75,5.0,5.4,2
2025-08-31 05:30:00,2025-08-31 07:15:00,2.0,2.8,3.65,5
2025-08-31 14:30:00,2025-08-31 14:45:00,0.5,4.8,5.05,14
2025-08-31 17:00:00,2025-08-31 17:30:00,0.75,5.5,5.666666666666667,17
2025-08-31 19:15:00,2025-08-31 20:00:00,1.0,3.7,4.425,19
2025-09-01 04:00:00,2025-09-01 04:45:00,1.0,5.1,5.324999999999999,4
2025-09-01 18:30:00,2025-09-01 19:30:00,1.25,5.5,5.819999999999999,18
2025-09-01 21:15:00,2025-09-01 21:30:00,0.5,4.6,4.699999999999999,21
2025-09-02 03:15:00,2025-09-02 03:30:00,0.5,5.2,5.550000000000001,3
2025-09-02 06:00:00,2025-09-02 07:15:00,1.5,4.7,5.033333333333333,6
2025-09-02 16:15:00,2025-09-02 16:30:00,0.5,5.9,6.1,16
2025-09-02 18:45:00,2025-09-02 22:15:00,3.75,4.6,5.566666666666666,18
2025-09-03 06:30:00,2025-09-03 08:00:00,1.75,4.6,5.033333333333334,6
2025-09-03 19:30:00,2025-09-03 22:45:00,3.5,4.3,5.2142857142857135,19
2025-09-04 07:15:00,2025-09-04 08:45:00,1.75,4.1,4.771428571428571,7
2025-09-04 19:45:00,2025-09-04 22:00:00,2.5,4.2,5.43,19
2025-09-05 06:15:00,2025-09-05 09:45:00,3.75,3.5,4.973333333333333,6
2025-09-05 13:30:00,2025-09-05 14:15:00,1.0,3.5,3.675,13
2025-09-05 19:15:00,2025-09-05 22:45:00,3.75,3.8,5.7,19
2025-09-06 08:30:00,2025-09-06 10:30:00,2.25,3.4,4.566666666666666,8
2025-09-06 14:15:00,2025-09-06 14:30:00,0.5,3.3,3.45,14
2025-09-06 21:15:00,2025-09-06 23:15:00,2.25,3.7,5.133333333333334,21
2025-09-07 09:30:00,2025-09-07 11:15:00,2.0,3.5,4.5375,9
2025-09-07 13:45:00,2025-09-07 14:45:00,1.25,2.9,3.3,13
2025-09-07 20:30:00,2025-09-08 00:15:00,4.0,3.5,5.356249999999999,20
2025-09-08 10:45:00,2025-09-08 12:15:00,1.75,4.1,4.9142857142857155,10
2025-09-08 21:00:00,2025-09-08 21:30:00,0.75,5.1,5.633333333333333,21
2025-09-08 23:00:00,2025-09-09 01:30:00,2.75,3.8,4.8545454545454545,23
2025-09-09 12:30:00,2025-09-09 13:30:00,1.25,5.0,5.34,12
2025-09-10 00:00:00,2025-09-10 02:00:00,2.25,4.3,5.0777777777777775,0
2025-09-10 13:15:00,2025-09-10 13:45:00,0.75,5.0,5.2,13
2025-09-11 00:30:00,2025-09-11 02:15:00,2.0,4.2,4.949999999999999,0
2025-09-11 13:30:00,2025-09-11 14:45:00,1.5,4.8,5.366666666666666,13
2025-09-12 01:15:00,2025-09-12 03:15:00,2.25,4.0,4.833333333333333,1
2025-09-12 15:15:00,2025-09-12 15:30:00,0.5,5.6,5.75,15
2025-09-13 02:15:00,2025-09-13 06:00:00,4.0,3.6,4.76875,2
2025-09-13 16:30:00,2025-09-13 16:45:00,0.5,5.8,5.9,16
2025-09-14 03:45:00,2025-09-14 05:00:00,1.5,4.8,5.183333333333333,3
2025-09-14 17:30:00,2025-09-14 17:45:00,0.5,5.8,5.9,17
2025-09-14 20:00:00,2025-09-14 20:15:00,0.5,4.6,4.699999999999999,20
2025-09-15 04:15:00,2025-09-15 05:30:00,1.5,5.0,5.383333333333333,4
2025-09-15 18:00:00,2025-09-15 19:00:00,1.25,5.4,5.76,18
2025-09-15 20:45:00,2025-09-15 21:15:00,0.75,4.4,4.566666666666667,20
2025-09-16 05:45:00,2025-09-16 07:15:00,1.75,4.5,4.928571428571429,5
2025-09-16 18:15:00,2025-09-16 20:30:00,2.5,4.7,5.53,18
2025-09-17 04:45:00,2025-09-17 08:00:00,3.5,4.2,5.264285714285714,4
2025-09-17 17:15:00,2025-09-17 17:30:00,0.5,5.9,6.15,17
2025-09-17 19:15:00,2025-09-17 21:15:00,2.25,4.4,5.266666666666667,19
2025-09-17 23:15:00,2025-09-17 23:30:00,0.5,3.2,3.35,23
2025-09-18 07:30:00,2025-09-18 09:00:00,1.75,3.9,4.557142857142857,7
2025-09-18 18:15:00,2025-09-18 18:30:00,0.5,5.6,5.9,18
2025-09-18 20:00:00,2025-09-18 22:15:00,2.5,3.9,5.0,20
2025-09-19 08:00:00,2025-09-19 10:30:00,2.75,3.3,4.3909090909090915,8
2025-09-19 19:00:00,2025-09-19 19:15:00,0.5,5.7,5.95,19
2025-09-19 20:45:00,2025-09-19 23:00:00,2.5,3.6,4.87,20
2025-09-20 07:15:00,2025-09-20 07:30:00,0.5,4.5,5.0,7
2025-09-20 09:00:00,2025-09-20 12:45:00,4.0,2.8,3.91875,9
2025-09-20 21:30:00,2025-09-21 01:45:00,4.5,2.7,3.994444444444444,21
2025-09-21 08:15:00,2025-09-21 08:30:00,0.5,5.1,5.199999999999999,8
2025-09-21 10:15:00,2025-09-21 12:00:00,2.0,3.8,4.6,10
2025-09-21 13:30:00,2025-09-21 14:15:00,1.0,3.1,3.3249999999999997,13
2025-09-21 20:00:00,2025-09-21 20:30:00,0.75,5.2,5.7,20
2025-09-21 22:30:00,2025-09-22 00:30:00,2.25,3.8,4.7555555555555555,22
2025-09-22 02:00:00,2025-09-22 02:45:00,1.0,2.5,2.875,2
2025-09-22 11:15:00,2025-09-22 12:30:00,1.5,4.3,4.833333333333334,11
2025-09-22 14:30:00,2025-09-22 15:15:00,1.0,3.0,3.275,14
2025-09-22 21:00:00,2025-09-22 21:15:00,0.5,4.6,5.05,21
2025-09-22 22:45:00,2025-09-23 03:15:00,4.75,2.7,4.0894736842105255,22
2025-09-23 11:30:00,2025-09-23 12:45:00,1.5,4.4,4.883333333333333,11
2025-09-23 21:15:00,2025-09-23 21:45:00,0.75,4.3,4.866666666666667,21
2025-09-23 23:15:00,2025-09-24 01:30:00,2.5,3.5,4.340000000000001,23
2025-09-24 12:15:00,2025-09-24 13:15:00,1.25,4.4,4.8,12
2025-09-24 23:30:00,2025-09-25 01:45:00,2.5,3.7,4.5200000000000005,23
2025-09-25 10:30:00,2025-09-25 14:00:00,3.75,4.5,5.293333333333334,10
2025-09-26 00:00:00,2025-09-26 01:30:00,1.75,4.3,4.814285714285714,0
2025-09-26 03:00:00,2025-09-26 05:00:00,2.25,2.8,3.1444444444444444,3
2025-09-26 11:15:00,2025-09-26 11:30:00,0.5,5.1,5.3,11
2025-09-26 13:30:00,2025-09-26 14:30:00,1.25,4.9,5.279999999999999,13
2025-09-26 16:30:00,2025-09-26 16:45:00,0.5,3.9,4.05,16
2025-09-26 22:30:00,2025-09-26 23:00:00,0.75,4.8,5.133333333333334,22
2025-09-27 00:30:00,2025-09-27 01:45:00,1.5,4.5,4.8999999999999995,0
2025-09-27 03:45:00,2025-09-27 04:45:00,1.25,2.7,3.2600000000000002,3
2025-09-27 11:45:00,2025-09-27 12:00:00,0.5,4.5,4.95,11
2025-09-27 14:15:00,2025-09-27 17:30:00,3.5,2.9,4.378571428571428,14
2025-09-28 01:30:00,2025-09-28 03:45:00,2.5,3.6,4.3,1
2025-09-28 15:15:00,2025-09-28 16:30:00,1.5,4.4,4.833333333333333,15
2025-09-28 18:00:00,2025-09-28 18:15:00,0.5,2.9,3.3,18
2025-09-29 02:45:00,2025-09-29 03:45:00,1.25,4.2,4.54,2
2025-09-29 05:30:00,2025-09-29 06:15:00,1.0,2.5,3.15,5
2025-09-29 17:00:00,2025-09-29 19:15:00,2.5,3.4,4.35,17
2025-09-30 02:00:00,2025-09-30 02:15:00,0.5,4.8,5.05,2
2025-09-30 07:30:00,2025-09-30 08:00:00,0.75,3.3,3.4333333333333336,7
2025-09-30 14:45:00,2025-09-30 15:15:00,0.75,4.4,5.066666666666667,14
2025-10-01 03:00:00,2025-10-01 03:30:00,0.75,4.6,4.999999999999999,3
2025-10-01 05:45:00,2025-10-01 06:00:00,0.5,4.8,4.9,5
2025-10-01 15:45:00,2025-10-01 16:00:00,0.5,5.2,5.4,15
2025-10-01 19:15:00,2025-10-01 19:45:00,0.75,5.1,5.266666666666667,19
2025-10-02 04:15:00,2025-10-02 07:30:00,3.5,4.6,5.35,4
2025-10-02 20:15:00,2025-10-02 21:15:00,1.25,4.8,5.16,20
2025-10-02 22:45:00,2025-10-02 23:00:00,0.5,4.0,4.1,22
2025-10-03 07:00:00,2025-10-03 08:30:00,1.75,4.7,5.228571428571429,7
2025-10-03 20:00:00,2025-10-03 21:45:00,2.0,4.8,5.6125,20
2025-10-03 23:30:00,2025-10-03 23:45:00,0.5,3.9,4.0,23
2025-10-04 08:15:00,2025-10-04 10:00:00,2.0,4.4,5.112500000000001,8
2025-10-04 18:30:00,2025-10-04 18:45:00,0.5,5.8,6.05,18
2025-10-04 20:45:00,2025-10-05 00:00:00,3.5,4.2,5.128571428571429,20
2025-10-05 09:45:00,2025-10-05 10:30:00,1.0,4.8,5.1000000000000005,9
2025-10-05 21:45:00,2025-10-05 23:00:00,1.5,4.6,5.2,21
2025-10-06 10:30:00,2025-10-06 11:15:00,1.0,4.7,5.05,10
2025-10-06 22:00:00,2025-10-07 00:00:00,2.25,4.4,5.366666666666666,22
2025-10-07 01:30:00,2025-10-07 01:45:00,0.5,3.7,3.8,1
2025-10-07 11:15:00,2025-10-07 12:00:00,1.0,5.1,5.425000000000001,11
2025-10-07 22:45:00,2025-10-08 00:30:00,2.0,4.3,5.0875,22
2025-10-08 12:15:00,2025-10-08 13:00:00,1.0,4.9,5.15,12
2025-10-08 23:00:00,2025-10-09 01:00:00,2.25,4.3,5.199999999999999,23
2025-10-09 13:30:00,2025-10-09 14:15:00,1.0,5.0,5.225,13
2025-10-10 01:15:00,2025-10-10 02:15:00,1.25,4.8,5.180000000000001,1
2025-10-12 06:00:00,2025-10-12 06:15:00,0.5,5.1,5.25,6
2025-10-14 04:30:00,2025-10-14 06:00:00,1.75,5.5,5.942857142857143,4
2025-10-14 17:45:00,2025-10-14 19:00:00,1.5,5.7,6.1000000000000005,17
2025-10-15 05:45:00,2025-10-15 08:45:00,3.25,4.7,5.4,5
2025-10-15 19:00:00,2025-10-15 20:15:00,1.5,5.6,6.066666666666666,19
2025-10-16 06:30:00,2025-10-16 08:30:00,2.25,5.0,5.766666666666667,6
2025-10-16 19:15:00,2025-10-16 21:30:00,2.5,5.1,5.97,19
2025-10-17 07:45:00,2025-10-17 09:45:00,2.25,4.7,5.5,7
2025-10-17 19:45:00,2025-10-17 22:00:00,2.5,4.9,5.9,19
2025-10-18 08:15:00,2025-10-18 10:15:00,2.25,4.7,5.555555555555555,8
2025-10-18 20:30:00,2025-10-18 22:15:00,2.0,4.8,5.725,20
2025-10-19 08:45:00,2025-10-19 11:00:00,2.5,4.6,5.61,8
2025-10-19 21:00:00,2025-10-19 23:00:00,2.25,4.7,5.622222222222224,21
2025-10-20 01:00:00,2025-10-20 01:15:00,0.5,3.7,3.9,1
2025-10-20 10:00:00,2025-10-20 11:30:00,1.75,5.0,5.585714285714286,10
2025-10-20 21:30:00,2025-10-20 23:45:00,2.5,4.7,5.74,21
2025-10-21 10:15:00,2025-10-21 12:00:00,2.0,5.2,5.9875,10
2025-10-21 21:45:00,2025-10-21 23:45:00,2.25,5.1,5.9,21
2025-10-22 11:15:00,2025-10-22 12:30:00,1.5,5.3,5.766666666666667,11
2025-10-22 22:00:00,2025-10-23 00:00:00,2.25,5.3,5.988888888888889,22
2025-10-23 11:45:00,2025-10-23 13:15:00,1.75,5.6,6.057142857142857,11
2025-10-23 22:45:00,2025-10-24 00:45:00,2.25,5.4,5.922222222222222,22
2025-10-24 12:15:00,2025-10-24 13:00:00,1.0,6.0,6.25,12
2025-10-25 00:15:00,2025-10-25 00:30:00,0.5,5.8,5.9,0
2025-11-01 06:30:00,2025-11-01 07:30:00,1.25,6.6,6.88,6
2025-11-01 19:15:00,2025-11-01 20:45:00,1.75,6.4,6.914285714285714,19
2025-11-02 07:00:00,2025-11-02 10:15:00,3.5,5.9,6.478571428571429,7
2025-11-02 20:00:00,2025-11-02 21:30:00,1.75,6.1,6.771428571428572,20
2025-11-03 08:45:00,2025-11-03 09:45:00,1.25,6.1,6.5,8
2025-11-03 20:15:00,2025-11-03 22:15:00,2.25,5.9,6.577777777777778,20
2025-11-04 09:30:00,2025-11-04 10:45:00,1.5,6.2,6.650000000000001,9
2025-11-04 21:15:00,2025-11-04 22:45:00,1.75,6.3,6.942857142857143,21
2025-11-05 10:45:00,2025-11-05 11:30:00,1.0,6.5,6.8,10
2025-11-05 22:00:00,2025-11-05 23:15:00,1.5,6.2,6.683333333333334,22
2025-11-06 11:45:00,2025-11-06 12:15:00,0.75,6.4,6.599999999999999,11
2025-11-06 23:00:00,2025-11-07 00:45:00,2.0,6.0,6.574999999999999,23
2025-11-07 12:30:00,2025-11-07 13:00:00,0.75,6.8,6.966666666666666,12
2025-11-08 00:00:00,2025-11-08 01:30:00,1.75,6.0,6.485714285714286,0
2025-11-08 13:45:00,2025-11-08 14:00:00,0.5,6.3,6.4,13
2025-11-09 00:30:00,2025-11-09 02:15:00,2.0,5.8,6.300000000000001,0
2025-11-12 20:15:00,2025-11-12 21:00:00,1.0,6.8,6.95,20
2025-11-13 21:15:00,2025-11-13 21:30:00,0.5,6.8,6.9,21
2025-11-14 09:30:00,2025-11-14 09:45:00,0.5,6.5,6.6,9
2025-11-15 08:00:00,2025-11-15 08:30:00,0.75,7.0,7.133333333333333,8
2025-11-15 16:45:00,2025-11-15 17:00:00,0.5,7.6,7.699999999999999,16
2025-11-15 20:15:00,2025-11-15 21:00:00,1.0,6.9,7.125,20
2025-11-16 08:00:00,2025-11-16 09:30:00,1.75,6.9,7.242857142857143,8
2025-11-16 20:30:00,2025-11-16 20:45:00,0.5,7.3,7.4,20
2025-11-16 22:45:00,2025-11-16 23:30:00,1.0,6.3,6.500000000000001,22
2025-11-17 10:00:00,2025-11-17 10:45:00,1.0,6.9,7.125,10
2025-11-17 21:15:00,2025-11-17 22:15:00,1.25,6.9,7.220000000000001,21
2025-11-18 10:15:00,2025-11-18 10:30:00,0.5,7.0,7.1,10
2025-11-18 22:00:00,2025-11-18 22:15:00,0.5,6.9,7.0,22
2025-11-19 11:00:00,2025-11-19 11:45:00,1.0,6.5,6.7,11
2025-11-19 13:30:00,2025-11-19 14:00:00,0.75,6.1,6.2,13
2025-11-19 21:30:00,2025-11-19 22:30:00,1.25,6.8,7.08,21
2025-11-20 11:30:00,2025-11-20 12:00:00,0.75,6.7,6.866666666666667,11
2025-11-20 13:45:00,2025-11-20 14:30:00,1.0,6.1,6.325000000000001,13
2025-11-20 23:00:00,2025-11-20 23:30:00,0.75,6.7,6.866666666666667,23
2025-11-21 12:00:00,2025-11-21 12:30:00,0.75,6.7,6.866666666666667,12
2025-11-21 23:00:00,2025-11-21 23:30:00,0.75,6.7,6.866666666666667,23
2025-11-22 12:15:00,2025-11-22 12:45:00,0.75,6.7,6.866666666666667,12
2025-11-23 13:30:00,2025-11-23 14:15:00,1.0,6.4,6.625,13
2025-11-24 00:15:00,2025-11-24 01:45:00,1.75,6.1,6.571428571428571,0
2025-11-25 01:00:00,2025-11-25 01:30:00,0.75,6.7,6.866666666666667,1
2025-11-25 14:30:00,2025-11-25 15:15:00,1.0,6.6,6.85,14
2025-11-26 01:30:00,2025-11-26 02:15:00,1.0,6.6,6.824999999999999,1
2025-12-01 08:00:00,2025-12-01 08:30:00,0.75,6.9,7.033333333333334,8
2025-12-02 20:00:00,2025-12-02 20:45:00,1.0,6.9,7.15,20
2025-12-03 20:45:00,2025-12-03 21:30:00,1.0,7.1,7.375,20
2025-12-04 10:45:00,2025-12-04 11:15:00,0.75,6.9,7.066666666666667,10
2025-12-04 22:00:00,2025-12-04 23:00:00,1.25,6.9,7.220000000000001,22
2025-12-05 11:15:00,2025-12-05 11:45:00,0.75,7.1,7.266666666666666,11
2025-12-05 22:45:00,2025-12-05 23:30:00,1.0,6.9,7.125,22
2025-12-06 12:15:00,2025-12-06 13:00:00,1.0,6.9,7.125,12
2025-12-13 08:45:00,2025-12-13 09:00:00,0.5,7.7,7.800000000000001,8
2025-12-14 15:15:00,2025-12-14 16:30:00,1.5,8.3,8.5,15
2025-12-17 12:00:00,2025-12-17 12:15:00,0.5,8.4,8.5,12
2025-12-22 02:30:00,2025-12-22 02:45:00,0.5,8.5,8.65,2
2025-12-23 03:30:00,2025-12-23 03:45:00,0.5,8.6,8.7,3
2025-12-26 18:00:00,2025-12-26 18:15:00,0.5,8.7,8.8,18
2026-02-22 02:30:00,2026-02-22 03:15:00,1.0,7.2,7.4750000000000005,2
2026-03-06 00:00:00,2026-03-06 01:30:00,1.75,7.3,7.7,0
2026-03-07 01:30:00,2026-03-07 02:00:00,0.75,7.2,7.366666666666667,1
2026-03-08 01:15:00,2026-03-08 03:15:00,2.25,7.0,7.533333333333333,1
2026-03-11 22:30:00,2026-03-11 23:00:00,0.75,7.2,7.333333333333333,22
2026-03-12 14:30:00,2026-03-12 15:00:00,0.75,6.8,7.033333333333334,14
2026-03-12 16:30:00,2026-03-12 16:45:00,0.5,7.3,7.4,16
2026-03-13 09:00:00,2026-03-13 10:45:00,2.0,6.0,6.387499999999999,9
2026-03-14 07:00:00,2026-03-14 08:15:00,1.5,6.7,7.033333333333334,7
2026-03-15 08:15:00,2026-03-15 09:30:00,1.5,6.4,6.783333333333332,8
2026-03-15 20:30:00,2026-03-15 22:00:00,1.75,6.3,6.7142857142857135,20
2026-03-16 09:30:00,2026-03-16 10:00:00,0.75,6.5,6.666666666666667,9
2026-03-21 00:30:00,2026-03-21 01:15:00,1.0,6.8,7.025,0
2026-03-22 00:15:00,2026-03-22 01:30:00,1.5,6.9,7.266666666666667,0
2026-03-23 02:00:00,2026-03-23 02:30:00,0.75,6.7,6.866666666666667,2
2026-03-24 03:00:00,2026-03-24 03:30:00,0.75,6.6,6.766666666666666,3
2026-03-25 05:00:00,2026-03-25 05:15:00,0.5,6.7,6.800000000000001,5
2026-03-26 05:15:00,2026-03-26 06:00:00,1.0,6.4,6.674999999999999,5
2026-03-26 15:45:00,2026-03-26 17:00:00,1.5,6.9,7.166666666666667,15
2026-03-27 06:00:00,2026-03-27 06:45:00,1.0,6.5,6.775,6
2026-03-28 07:45:00,2026-03-28 08:15:00,0.75,6.4,6.6000000000000005,7
2026-03-28 20:45:00,2026-03-28 21:15:00,0.75,6.8,6.933333333333334,20
2026-03-30 09:15:00,2026-03-30 09:45:00,0.75,6.7,6.866666666666667,9
2026-03-30 21:00:00,2026-03-30 22:15:00,1.5,6.6,7.05,21
2026-03-31 09:30:00,2026-03-31 10:45:00,1.5,6.2,6.616666666666667,9
2026-03-31 21:45:00,2026-03-31 23:00:00,1.5,6.2,6.750000000000001,21
2026-04-01 09:45:00,2026-04-01 11:15:00,1.75,5.9,6.442857142857143,9
2026-04-01 22:30:00,2026-04-02 00:15:00,2.0,5.6,6.3125,22
2026-04-02 10:15:00,2026-04-02 11:30:00,1.5,5.8,6.266666666666667,10
2026-04-02 23:00:00,2026-04-03 00:30:00,1.75,5.7,6.4,23
2026-04-03 09:15:00,2026-04-03 12:00:00,3.0,5.7,6.508333333333334,9
2026-04-03 23:45:00,2026-04-04 01:30:00,2.0,5.3,6.0,23
2026-04-04 11:15:00,2026-04-04 12:30:00,1.5,5.8,6.166666666666667,11
2026-04-05 00:15:00,2026-04-05 02:00:00,2.0,5.4,6.15,0
2026-04-06 01:30:00,2026-04-06 02:30:00,1.25,5.3,5.66,1
2026-04-06 11:45:00,2026-04-06 13:00:00,1.5,6.5,6.666666666666667,11
2026-04-07 02:00:00,2026-04-07 04:45:00,3.0,5.0,5.791666666666667,2
2026-04-08 04:45:00,2026-04-08 05:45:00,1.25,5.0,5.5,4
2026-04-08 13:00:00,2026-04-08 14:00:00,1.25,6.7,6.779999999999999,13
2026-04-10 06:45:00,2026-04-10 07:30:00,1.0,5.9,6.1,6
2026-04-10 18:30:00,2026-04-10 19:30:00,1.25,6.5,6.68,18
2026-04-12 08:45:00,2026-04-12 09:15:00,0.75,5.7,5.8,8
2026-04-12 16:15:00,2026-04-12 16:30:00,0.5,6.9,7.0,16
2026-04-12 20:00:00,2026-04-12 21:15:00,1.5,5.3,6.1000000000000005,20
2026-04-13 07:45:00,2026-04-13 08:45:00,1.25,5.8,6.119999999999999,7
2026-04-13 20:15:00,2026-04-13 21:00:00,1.0,6.0,6.225,20
2026-04-13 22:30:00,2026-04-13 22:45:00,0.5,5.3,5.4,22
2026-04-14 08:15:00,2026-04-14 09:15:00,1.25,5.6,5.9399999999999995,8
2026-04-14 20:45:00,2026-04-14 22:15:00,1.75,5.5,5.928571428571429,20
2026-04-15 08:30:00,2026-04-15 10:15:00,2.0,5.2,5.7875,8
2026-04-15 21:30:00,2026-04-15 23:00:00,1.75,5.2,5.671428571428572,21
2026-04-16 00:30:00,2026-04-16 00:45:00,0.5,4.4,4.6,0
2026-04-16 07:30:00,2026-04-16 10:15:00,3.0,5.5,6.133333333333334,7
2026-04-16 21:00:00,2026-04-16 23:15:00,2.5,5.4,6.21,21
2026-04-17 10:30:00,2026-04-17 11:00:00,0.75,5.3,5.533333333333334,10
2026-04-17 22:30:00,2026-04-18 00:45:00,2.5,4.9,5.659999999999999,22
2026-04-18 10:30:00,2026-04-18 12:00:00,1.75,5.2,5.742857142857143,10
2026-04-18 23:30:00,2026-04-19 01:30:00,2.25,5.0,5.711111111111112,23
2026-04-19 11:45:00,2026-04-19 12:30:00,1.0,5.2,5.4750000000000005,11
2026-04-20 00:00:00,2026-04-20 02:00:00,2.25,5.2,5.944444444444445,0
2026-04-20 12:45:00,2026-04-20 13:30:00,1.0,5.7,5.925,12
2026-04-21 02:00:00,2026-04-21 02:45:00,1.0,5.5,5.8,2
2026-04-22 02:00:00,2026-04-22 03:30:00,1.75,5.6,6.1571428571428575,2
2026-04-22 14:00:00,2026-04-22 14:45:00,1.0,5.8,6.05,14
2026-04-23 03:45:00,2026-04-23 04:45:00,1.25,5.3,5.64,3
2026-04-23 06:45:00,2026-04-23 07:00:00,0.5,4.6,4.699999999999999,6
2026-04-23 18:45:00,2026-04-23 19:00:00,0.5,5.0,5.25,18
2026-04-24 04:15:00,2026-04-24 05:45:00,1.75,5.3,5.785714285714286,4
2026-04-24 20:00:00,2026-04-24 20:15:00,0.5,4.6,5.0,20
2026-04-25 06:00:00,2026-04-25 06:45:00,1.0,5.3,5.55,6
2026-04-25 08:30:00,2026-04-25 09:00:00,0.75,4.7,4.8,8
2026-04-25 15:45:00,2026-04-25 16:00:00,0.5,6.0,6.15,15
2026-04-26 06:30:00,2026-04-26 08:00:00,1.75,4.9,5.428571428571428,6
2026-04-26 19:00:00,2026-04-26 21:00:00,2.25,4.9,5.499999999999999,19
2026-04-27 07:30:00,2026-04-27 09:00:00,1.75,5.0,5.571428571428571,7
2026-04-27 20:15:00,2026-04-27 21:45:00,1.75,5.1,5.757142857142858,20
2026-04-28 08:15:00,2026-04-28 10:00:00,2.0,4.7,5.3,8
2026-04-28 20:45:00,2026-04-28 22:30:00,2.0,4.9,5.6,20
2026-04-29 08:30:00,2026-04-29 10:00:00,1.75,4.6,5.185714285714286,8
2026-04-29 21:30:00,2026-04-29 23:00:00,1.75,4.7,5.3999999999999995,21
2026-04-30 09:00:00,2026-04-30 10:30:00,1.75,4.7,5.271428571428571,9
2026-04-30 22:00:00,2026-05-01 00:00:00,2.25,4.5,5.4,22
2026-05-01 09:45:00,2026-05-01 11:30:00,2.0,4.5,5.225,9
2026-05-01 23:30:00,2026-05-02 00:30:00,1.25,4.5,5.0600000000000005,23
2026-05-02 11:00:00,2026-05-02 12:00:00,1.25,4.6,5.06,11
2026-05-02 23:45:00,2026-05-03 01:15:00,1.75,4.7,5.385714285714286,23
2026-05-03 11:15:00,2026-05-03 12:00:00,1.0,5.2,5.45,11
2026-05-04 00:30:00,2026-05-04 01:30:00,1.25,5.0,5.38,0
2026-05-04 09:45:00,2026-05-04 10:00:00,0.5,5.7,5.800000000000001,9
2026-05-05 00:30:00,2026-05-05 02:00:00,1.75,5.2,5.757142857142857,0
2026-05-05 04:15:00,2026-05-05 04:30:00,0.5,4.3,4.449999999999999,4
2026-05-06 01:00:00,2026-05-06 02:30:00,1.75,5.4,5.942857142857142,1
2026-05-06 12:45:00,2026-05-06 13:45:00,1.25,5.6,5.76,12
2026-05-07 02:30:00,2026-05-07 03:15:00,1.0,5.4,5.674999999999999,2
2026-05-07 05:30:00,2026-05-07 05:45:00,0.5,4.3,4.4,5
2026-05-07 17:45:00,2026-05-07 18:15:00,0.75,4.9,5.066666666666667,17
2026-05-08 05:45:00,2026-05-08 06:00:00,0.5,4.3,4.55,5
2026-05-08 12:30:00,2026-05-08 12:45:00,0.5,5.5,5.85,12
2026-05-08 18:15:00,2026-05-08 18:30:00,0.5,4.2,4.75,18
2026-05-09 04:30:00,2026-05-09 07:00:00,2.75,4.6,5.199999999999999,4
2026-05-09 18:30:00,2026-05-09 19:30:00,1.25,4.1,4.660000000000001,18
2026-05-10 02:00:00,2026-05-10 02:15:00,0.5,5.6,5.9,2
2026-05-10 05:15:00,2026-05-10 05:45:00,0.75,5.0,5.166666666666667,5
2026-05-10 07:45:00,2026-05-10 08:15:00,0.75,3.5,4.033333333333333,7
2026-05-10 16:00:00,2026-05-10 17:15:00,1.5,5.8,6.05,16
2026-05-10 20:00:00,2026-05-10 20:15:00,0.5,4.8,4.949999999999999,20
2026-05-11 02:45:00,2026-05-11 03:00:00,0.5,5.7,5.9,2
2026-05-11 18:30:00,2026-05-11 21:00:00,2.75,4.6,5.290909090909091,18
2026-05-12 06:45:00,2026-05-12 10:15:00,3.75,4.1,5.0266666666666655,6
2026-05-12 20:00:00,2026-05-12 20:15:00,0.5,5.6,5.699999999999999,20
2026-05-12 22:15:00,2026-05-12 22:30:00,0.5,4.7,4.800000000000001,22
2026-05-13 07:30:00,2026-05-13 09:00:00,1.75,4.9,5.428571428571428,7
2026-05-13 19:45:00,2026-05-13 21:15:00,1.75,5.1,5.757142857142857,19
2026-05-14 07:30:00,2026-05-14 09:30:00,2.25,4.6,5.311111111111112,7
2026-05-14 20:30:00,2026-05-14 22:00:00,1.75,5.1,5.757142857142857,20
2026-05-15 08:30:00,2026-05-15 10:15:00,2.0,4.9,5.5375,8
2026-05-15 21:30:00,2026-05-15 23:00:00,1.75,5.3,5.928571428571429,21
2026-05-16 09:30:00,2026-05-16 10:15:00,1.0,5.2,5.55,9
2026-05-16 22:00:00,2026-05-17 00:00:00,2.25,5.0,5.800000000000001,22
2026-05-17 10:30:00,2026-05-17 11:30:00,1.25,4.8,5.220000000000001,10
2026-05-17 23:00:00,2026-05-18 01:15:00,2.5,4.5,5.37,23
2026-05-18 11:30:00,2026-05-18 12:00:00,0.75,4.9,5.133333333333334,11
2026-05-18 23:30:00,2026-05-19 02:00:00,2.75,4.4,5.445454545454544,23
2026-05-19 12:45:00,2026-05-19 13:00:00,0.5,4.9,5.0,12
2026-05-19 23:15:00,2026-05-20 02:45:00,3.75,4.4,5.613333333333333,23
2026-05-20 13:30:00,2026-05-20 14:00:00,0.75,4.9,5.066666666666667,13
2026-05-21 02:00:00,2026-05-21 04:00:00,2.25,4.2,4.844444444444445,2
2026-05-21 12:15:00,2026-05-21 13:45:00,1.75,5.4,5.628571428571428,12
2026-05-22 02:45:00,2026-05-22 04:00:00,1.5,4.6,5.083333333333333,2
2026-05-22 13:30:00,2026-05-22 15:00:00,1.75,5.5,5.8,13
2026-05-23 04:15:00,2026-05-23 05:00:00,1.0,4.6,4.9,4
2026-05-23 14:30:00,2026-05-23 15:30:00,1.25,5.3,5.72,14
2026-05-24 04:30:00,2026-05-24 06:00:00,1.75,4.4,4.942857142857142,4
2026-05-24 08:15:00,2026-05-24 08:30:00,0.5,3.5,3.6,8
2026-05-24 16:45:00,2026-05-24 18:30:00,2.0,5.2,5.65,16
2026-05-25 03:30:00,2026-05-25 06:45:00,3.5,4.6,5.3928571428571415,3
2026-05-26 06:45:00,2026-05-26 08:00:00,1.5,4.6,4.933333333333334,6
2026-05-26 17:15:00,2026-05-26 17:30:00,0.5,5.9,6.050000000000001,17
2026-05-26 20:00:00,2026-05-26 21:00:00,1.25,5.3,5.619999999999999,20
2026-05-27 07:30:00,2026-05-27 08:45:00,1.5,4.7,4.999999999999999,7
2026-05-27 20:45:00,2026-05-27 21:45:00,1.25,4.8,5.14,20
2026-05-28 07:45:00,2026-05-28 08:45:00,1.25,4.6,4.9399999999999995,7
2026-05-28 21:00:00,2026-05-28 22:45:00,2.0,4.1,4.875,21
2026-05-29 09:30:00,2026-05-29 10:00:00,0.75,4.0,4.166666666666667,9
2026-05-29 22:15:00,2026-05-29 23:30:00,1.5,4.1,4.6499999999999995,22
2026-05-30 09:00:00,2026-05-30 09:45:00,1.0,4.2,4.45,9
2026-05-30 22:15:00,2026-05-31 00:00:00,2.0,3.7,4.4375,22
2026-05-31 10:00:00,2026-05-31 11:15:00,1.5,4.2,4.6,10
2026-05-31 23:45:00,2026-06-01 00:45:00,1.25,3.9,4.4,23
2026-06-01 09:15:00,2026-06-01 12:15:00,3.25,3.9,4.669230769230769,9
2026-06-01 23:15:00,2026-06-02 01:15:00,2.25,4.0,4.766666666666667,23
2026-06-02 11:15:00,2026-06-02 12:00:00,1.0,4.6,4.875,11
2026-06-03 01:15:00,2026-06-03 02:15:00,1.25,4.5,4.9,1
2026-06-03 10:30:00,2026-06-03 12:00:00,1.75,5.5,5.742857142857143,10
2026-06-04 01:00:00,2026-06-04 02:45:00,2.0,4.9,5.525,1
2026-06-04 11:15:00,2026-06-04 12:45:00,1.75,5.6,5.957142857142857,11
2026-06-05 01:30:00,2026-06-05 03:00:00,1.75,5.1,5.5857142857142845,1
2026-06-05 17:00:00,2026-06-05 17:30:00,0.75,5.3,5.633333333333333,17
2026-06-06 02:15:00,2026-06-06 03:45:00,1.75,5.1,5.6,2
2026-06-06 12:15:00,2026-06-06 13:45:00,1.75,5.1,6.171428571428571,12
2026-06-06 17:30:00,2026-06-06 17:45:00,0.5,4.6,4.949999999999999,17
2026-06-07 03:30:00,2026-06-07 04:30:00,1.25,5.0,5.319999999999999,3
2026-06-07 13:00:00,2026-06-07 13:15:00,0.5,5.2,5.5,13
2026-06-07 14:45:00,2026-06-07 16:00:00,1.5,5.9,6.1000000000000005,14
2026-06-07 18:30:00,2026-06-07 18:45:00,0.5,4.7,5.0,18
2026-06-08 04:45:00,2026-06-08 05:30:00,1.0,4.8,5.025,4
2026-06-08 14:00:00,2026-06-08 15:45:00,2.0,5.5,6.2125,14
2026-06-08 19:15:00,2026-06-08 19:45:00,0.75,4.8,4.966666666666666,19
2026-06-09 08:00:00,2026-06-09 08:15:00,0.5,3.8,3.9,8
2026-06-10 03:15:00,2026-06-10 03:30:00,0.5,4.1,4.75,3
2026-06-10 06:00:00,2026-06-10 07:00:00,1.25,4.4,4.720000000000001,6
2026-06-10 18:15:00,2026-06-10 18:45:00,0.75,5.7,5.866666666666667,18
2026-06-11 06:30:00,2026-06-11 07:15:00,1.0,4.7,4.925,6
2026-06-11 19:30:00,2026-06-11 20:00:00,0.75,5.4,5.599999999999999,19
2026-06-12 06:45:00,2026-06-12 08:45:00,2.25,4.2,4.722222222222223,6
2026-06-12 20:45:00,2026-06-12 21:45:00,1.25,4.4,4.8,20
2026-06-13 08:15:00,2026-06-13 09:15:00,1.25,4.0,4.34,8
2026-06-13 19:00:00,2026-06-13 22:45:00,4.0,4.1,5.34375,19
2026-06-14 09:15:00,2026-06-14 10:00:00,1.0,3.9,4.2,9
2026-06-14 12:45:00,2026-06-14 13:45:00,1.25,3.7,4.16,12
2026-06-14 19:45:00,2026-06-14 20:45:00,1.25,5.4,5.68,19
2026-06-14 22:30:00,2026-06-14 23:30:00,1.25,3.9,4.38,22
2026-06-15 08:30:00,2026-06-15 10:45:00,2.5,4.2,4.7700000000000005,8
2026-06-15 22:15:00,2026-06-16 00:45:00,2.75,3.9,4.854545454545455,22
2026-06-16 11:00:00,2026-06-16 12:15:00,1.5,3.8,4.283333333333334,11
2026-06-16 22:00:00,2026-06-17 01:45:00,4.0,3.6,4.88125,22
2026-06-17 11:15:00,2026-06-17 12:45:00,1.75,4.3,4.757142857142857,11
2026-06-18 00:30:00,2026-06-18 02:15:00,2.0,4.1,4.725,0
2026-06-18 13:45:00,2026-06-18 14:00:00,0.5,4.4,4.5,13
2026-06-18 17:00:00,2026-06-18 17:15:00,0.5,3.8,3.9499999999999997,17
2026-06-19 02:30:00,2026-06-19 03:15:00,1.0,4.0,4.3,2
2026-06-19 13:15:00,2026-06-19 14:15:00,1.25,4.7,4.98,13
2026-06-20 00:30:00,2026-06-20 03:45:00,3.5,4.3,5.207142857142856,0
2026-06-20 15:00:00,2026-06-20 15:15:00,0.5,5.3,5.4,15
2026-06-21 03:00:00,2026-06-21 04:45:00,2.0,4.2,4.9375,3
2026-06-21 14:15:00,2026-06-21 17:15:00,3.25,5.1,5.946153846153845,14
2026-06-21 20:00:00,2026-06-21 21:00:00,1.25,4.3,4.68,20
2026-06-22 04:15:00,2026-06-22 05:00:00,1.0,4.5,4.825,4
2026-06-22 14:45:00,2026-06-22 17:15:00,2.75,5.8,6.236363636363635,14
2026-06-23 15:45:00,2026-06-23 16:45:00,1.25,5.8,6.44,15
2026-06-23 21:15:00,2026-06-23 22:15:00,1.25,5.0,5.42,21
2026-06-24 08:45:00,2026-06-24 09:30:00,1.0,4.7,4.949999999999999,8
2026-06-25 10:00:00,2026-06-25 10:45:00,1.0,4.7,4.8,10
2026-06-25 12:45:00,2026-06-25 13:15:00,0.75,5.4,5.599999999999999,12
2026-06-26 20:45:00,2026-06-26 22:00:00,1.5,4.9,5.3,20
2026-06-27 00:00:00,2026-06-27 00:15:00,0.5,3.8,4.0,0
2026-06-27 11:45:00,2026-06-27 12:15:00,0.75,4.1,4.366666666666666,11
2026-06-27 21:00:00,2026-06-27 22:45:00,2.0,4.7,5.2625,21
2026-06-28 00:30:00,2026-06-28 00:45:00,0.5,3.9,4.0,0
2026-06-28 22:00:00,2026-06-29 01:00:00,3.25,4.0,4.7153846153846155,22
2026-06-29 12:00:00,2026-06-29 12:45:00,1.0,4.1,4.225,12
2026-06-29 23:00:00,2026-06-30 00:15:00,1.5,4.1,4.633333333333333,23
2026-06-30 11:00:00,2026-06-30 11:45:00,1.0,3.9,4.1499999999999995,11
2026-07-01 00:00:00,2026-07-01 01:00:00,1.25,4.0,4.4,0
2026-07-01 03:00:00,2026-07-01 03:15:00,0.5,3.2,3.3,3
2026-07-01 21:45:00,2026-07-01 22:00:00,0.5,5.3,5.449999999999999,21
2026-07-02 00:00:00,2026-07-02 01:15:00,1.5,4.2,4.75,0
2026-07-02 09:45:00,2026-07-02 11:15:00,1.75,4.4,4.971428571428572,9
2026-07-03 00:15:00,2026-07-03 02:00:00,2.0,4.1,4.7875,0
2026-07-03 15:30:00,2026-07-03 16:15:00,1.0,4.3,4.5249999999999995,15
2026-07-04 01:00:00,2026-07-04 02:45:00,2.0,4.0,4.612500000000001,1
2026-07-04 11:15:00,2026-07-04 12:45:00,1.75,4.5,5.0857142857142845,11
2026-07-04 16:30:00,2026-07-04 17:15:00,1.0,4.6,4.9,16
2026-07-05 01:45:00,2026-07-05 03:15:00,1.75,4.0,4.471428571428571,1
2026-07-05 11:45:00,2026-07-05 12:00:00,0.5,4.5,4.7,11
2026-07-05 17:15:00,2026-07-05 17:45:00,0.75,3.9,4.2,17
2026-07-06 03:15:00,2026-07-06 03:30:00,0.5,4.2,4.300000000000001,3
2026-07-06 06:00:00,2026-07-06 06:15:00,0.5,2.9,3.05,6
2026-07-06 17:45:00,2026-07-06 18:15:00,0.75,4.4,4.733333333333333,17
2026-07-07 13:45:00,2026-07-07 16:15:00,2.75,5.3,5.881818181818181,13
2026-07-07 19:15:00,2026-07-07 19:30:00,0.5,4.6,4.9,19
2026-07-08 06:45:00,2026-07-08 07:30:00,1.0,3.4,3.875,6
2026-07-08 14:45:00,2026-07-08 17:00:00,2.5,5.5,5.970000000000001,14
2026-07-08 19:30:00,2026-07-08 20:15:00,1.0,4.2,4.675,19
2026-07-10 09:00:00,2026-07-10 09:15:00,0.5,3.5,3.65,9
2026-07-10 19:00:00,2026-07-10 20:00:00,1.25,4.9,5.239999999999999,19
2026-07-10 22:00:00,2026-07-10 22:15:00,0.5,3.7,3.8,22
2026-07-11 06:15:00,2026-07-11 07:30:00,1.5,4.0,4.316666666666666,6
2026-07-11 17:30:00,2026-07-11 17:45:00,0.5,5.1,5.35,17
2026-07-11 20:15:00,2026-07-11 21:15:00,1.25,4.3,4.7,20
2026-07-12 05:30:00,2026-07-12 05:45:00,0.5,3.3,3.9,5
2026-07-12 08:00:00,2026-07-12 08:30:00,0.75,3.8,3.9666666666666663,8
2026-07-12 11:00:00,2026-07-12 11:45:00,1.0,2.7,3.3,11
2026-07-12 20:45:00,2026-07-12 22:30:00,2.0,3.7,4.5,20
2026-07-13 07:15:00,2026-07-13 12:15:00,5.25,2.8,4.219047619047619,7
2026-07-13 20:45:00,2026-07-13 23:30:00,3.0,3.6,4.591666666666666,20
2026-07-14 10:00:00,2026-07-14 11:15:00,1.5,3.1,3.5833333333333335,10
2026-07-14 20:45:00,2026-07-15 00:45:00,4.25,3.0,4.294117647058823,20
2026-07-15 11:15:00,2026-07-15 11:45:00,0.75,3.5,3.6999999999999997,11
2026-07-15 21:45:00,2026-07-16 01:30:00,4.0,3.0,4.3625,21
2026-07-16 11:15:00,2026-07-16 12:45:00,1.75,3.5,3.9999999999999996,11
2026-07-16 22:15:00,2026-07-17 02:00:00,4.0,3.2,4.48125,22
2026-07-17 12:15:00,2026-07-17 13:15:00,1.25,4.0,4.34,12
2026-07-17 16:30:00,2026-07-17 17:15:00,1.0,4.0,4.375,16
2026-07-17 23:00:00,2026-07-18 02:30:00,3.75,3.5,4.6066666666666665,23
2026-07-18 13:15:00,2026-07-18 14:15:00,1.25,4.3,4.6,13
2026-07-18 19:15:00,2026-07-18 19:45:00,0.75,4.5,4.633333333333334,19
2026-07-19 02:15:00,2026-07-19 02:45:00,0.75,4.2,4.366666666666667,2
2026-07-20 19:00:00,2026-07-20 20:15:00,1.5,5.1,5.383333333333333,19
2026-07-21 06:45:00,2026-07-21 07:00:00,0.5,3.5,3.85,6
2026-07-21 20:00:00,2026-07-21 20:15:00,0.5,4.9,5.15,20
2026-07-22 02:00:00,2026-07-22 02:15:00,0.5,4.9,5.1,2
2026-07-22 08:00:00,2026-07-22 08:15:00,0.5,4.3,4.449999999999999,8
2026-07-22 20:45:00,2026-07-22 21:00:00,0.5,4.6,4.85,20
2026-07-23 02:30:00,2026-07-23 02:45:00,0.5,4.6,4.9,2
2026-07-23 08:30:00,2026-07-23 08:45:00,0.5,4.0,4.3,8
2026-07-23 18:45:00,2026-07-23 19:30:00,1.0,5.6,5.775,18
2026-07-24 09:00:00,2026-07-24 09:30:00,0.75,3.4,4.066666666666667,9
2026-07-24 17:00:00,2026-07-24 18:15:00,1.5,5.4,6.066666666666666,17
2026-07-24 19:45:00,2026-07-24 22:00:00,2.5,4.2,4.890000000000001,19
2026-07-25 09:15:00,2026-07-25 10:15:00,1.25,3.1,3.8400000000000007,9
2026-07-25 19:15:00,2026-07-25 23:15:00,4.25,3.1,4.770588235294118,19
2026-07-26 07:30:00,2026-07-26 09:00:00,1.75,3.9,4.3,7
2026-07-26 10:45:00,2026-07-26 11:45:00,1.25,3.1,3.3200000000000003,10
2026-07-26 18:30:00,2026-07-26 18:45:00,0.5,5.1,5.3,18
2026-07-26 21:15:00,2026-07-27 00:15:00,3.25,3.0,4.3,21
2026-07-27 06:15:00,2026-07-27 06:45:00,0.75,4.2,4.566666666666666,6
2026-07-27 08:30:00,2026-07-27 10:15:00,2.0,3.5,4.125,8
2026-07-27 22:00:00,2026-07-27 23:15:00,1.5,3.7,4.249999999999999,22
2026-07-28 08:45:00,2026-07-28 10:15:00,1.75,3.5,3.9857142857142853,8
2026-07-28 12:45:00,2026-07-28 13:00:00,0.5,3.0,3.15,12
2026-07-28 22:00:00,2026-07-29 00:00:00,2.25,3.7,4.566666666666666,22
2026-07-29 08:00:00,2026-07-29 09:15:00,1.5,4.1,4.55,8
2026-07-29 13:15:00,2026-07-29 14:00:00,1.0,3.0,3.425,13
2026-07-29 22:30:00,2026-07-30 00:30:00,2.25,3.8,4.644444444444444,22
2026-07-30 10:30:00,2026-07-30 12:00:00,1.75,4.0,4.4714285714285715,10
2026-07-30 13:45:00,2026-07-30 14:00:00,0.5,3.5,3.6,13
2026-07-30 21:00:00,2026-07-30 21:15:00,0.5,5.3,5.449999999999999,21
2026-07-30 23:15:00,2026-07-31 02:45:00,3.75,2.4,4.0200000000000005,23
2026-07-31 11:15:00,2026-07-31 12:15:00,1.25,4.1,4.4399999999999995,11
2026-07-31 14:45:00,2026-07-31 16:00:00,1.5,3.9,4.1,14
2026-07-31 21:45:00,2026-07-31 22:00:00,0.5,4.3,4.8,21
2026-08-01 00:00:00,2026-08-01 01:30:00,1.75,3.8,4.428571428571429,0
2026-08-01 03:00:00,2026-08-01 03:30:00,0.75,2.6,3.033333333333333,3
2026-08-01 11:30:00,2026-08-01 12:30:00,1.25,4.3,4.5600000000000005,11
2026-08-01 15:15:00,2026-08-01 15:30:00,0.5,3.3,3.65,15
2026-08-01 22:30:00,2026-08-02 02:30:00,4.25,3.6,4.676470588235294,22
2026-08-02 10:15:00,2026-08-02 10:30:00,0.5,4.3,4.449999999999999,10
2026-08-02 12:00:00,2026-08-02 13:15:00,1.5,4.4,4.6499999999999995,12
2026-08-02 16:30:00,2026-08-02 16:45:00,0.5,3.1,3.45,16
2026-08-02 23:00:00,2026-08-02 23:30:00,0.75,4.3,4.5,23
2026-08-03 01:30:00,2026-08-03 02:30:00,1.25,3.7,4.119999999999999,1
2026-08-03 04:45:00,2026-08-03 05:45:00,1.25,2.7,2.92,4
2026-08-03 11:45:00,2026-08-03 14:45:00,3.25,3.4,4.753846153846154,11
2026-08-03 16:45:00,2026-08-03 19:00:00,2.5,3.1,3.6099999999999994,16
2026-08-03 23:45:00,2026-08-04 00:00:00,0.5,4.0,4.4,23
2026-08-04 01:30:00,2026-08-04 03:15:00,2.0,3.5,4.15,1
2026-08-04 05:15:00,2026-08-04 05:30:00,0.5,2.2,2.55,5
2026-08-04 13:45:00,2026-08-04 15:00:00,1.5,4.4,4.783333333333332,13
2026-08-04 17:45:00,2026-08-04 18:00:00,0.5,3.2,3.4000000000000004,17
2026-08-05 00:15:00,2026-08-05 00:30:00,0.5,3.8,4.25,0
2026-08-05 02:45:00,2026-08-05 03:15:00,0.75,4.1,4.266666666666667,2
2026-08-05 05:45:00,2026-08-05 06:30:00,1.0,2.6,2.85,5
2026-08-05 13:15:00,2026-08-05 16:00:00,3.0,4.4,5.1000000000000005,13
2026-08-06 00:45:00,2026-08-06 01:15:00,0.75,3.6,4.3999999999999995,0
2026-08-06 03:00:00,2026-08-06 03:45:00,1.0,4.2,4.45,3
2026-08-06 06:45:00,2026-08-06 07:30:00,1.0,2.5,3.075,6
2026-08-06 15:30:00,2026-08-06 17:30:00,2.25,4.3,5.122222222222222,15
2026-08-06 19:45:00,2026-08-06 20:00:00,0.5,2.5,2.9,19
2026-08-07 03:45:00,2026-08-07 05:00:00,1.5,3.9,4.333333333333333,3
2026-08-07 07:45:00,2026-08-07 08:15:00,0.75,2.5,2.766666666666667,7
2026-08-07 15:00:00,2026-08-07 15:15:00,0.5,5.2,5.550000000000001,15
2026-08-07 17:15:00,2026-08-07 18:30:00,1.5,4.8,5.283333333333333,17
2026-08-07 20:45:00,2026-08-07 21:15:00,0.75,3.8,4.033333333333334,20
2026-08-08 05:00:00,2026-08-08 05:45:00,1.0,4.3,4.575,5
2026-08-08 08:30:00,2026-08-08 09:45:00,1.5,3.0,3.4,8
2026-08-08 18:30:00,2026-08-08 20:15:00,2.0,3.9,4.55,18
2026-08-08 22:00:00,2026-08-08 22:15:00,0.5,2.2,2.35,22
2026-08-09 04:30:00,2026-08-09 08:00:00,3.75,3.2,4.140000000000001,4
2026-08-09 09:30:00,2026-08-09 10:00:00,0.75,2.5,2.766666666666667,9
2026-08-09 19:30:00,2026-08-09 21:15:00,2.0,3.6,4.3625,19
2026-08-10 05:45:00,2026-08-10 08:30:00,3.0,3.3,4.091666666666666,5
2026-08-10 11:30:00,2026-08-10 12:30:00,1.25,2.3,2.8,11
2026-08-10 18:15:00,2026-08-10 18:30:00,0.5,5.0,5.25,18
2026-08-10 20:30:00,2026-08-10 22:45:00,2.5,3.2,4.12,20
2026-08-11 06:45:00,2026-08-11 10:30:00,4.0,2.9,4.03125,6
2026-08-11 19:30:00,2026-08-11 23:15:00,4.0,3.4,5.09375,19
2026-08-12 09:30:00,2026-08-12 11:00:00,1.75,3.4,4.128571428571428,9
2026-08-12 20:15:00,2026-08-13 00:15:00,4.25,3.4,5.176470588235294,20
2026-08-13 10:45:00,2026-08-13 12:00:00,1.5,3.8,4.433333333333333,10
2026-08-13 14:30:00,2026-08-13 16:00:00,1.75,3.7,3.9285714285714284,14
2026-08-13 22:30:00,2026-08-14 01:00:00,2.75,3.3,4.445454545454545,22
2026-08-14 11:15:00,2026-08-14 12:45:00,1.75,3.9,4.557142857142857,11
2026-08-14 22:00:00,2026-08-15 01:15:00,3.5,3.5,4.8428571428571425,22
2026-08-15 10:30:00,2026-08-15 13:15:00,3.0,4.2,5.016666666666667,10
2026-08-16 00:00:00,2026-08-16 02:00:00,2.25,3.6,4.466666666666667,0
2026-08-16 04:15:00,2026-08-16 04:30:00,0.5,2.5,2.6,4
2026-08-16 11:15:00,2026-08-16 11:30:00,0.5,4.8,5.05,11
2026-08-16 13:15:00,2026-08-16 14:00:00,1.0,4.6,4.925,13
2026-08-17 01:00:00,2026-08-17 02:45:00,2.0,3.6,4.2250000000000005,1
2026-08-17 04:45:00,2026-08-17 05:00:00,0.5,2.4,2.75,4
2026-08-17 12:00:00,2026-08-17 14:15:00,2.5,4.5,5.32,12
2026-08-18 05:30:00,2026-08-18 05:45:00,0.5,3.0,3.25,5
2026-08-20 07:15:00,2026-08-20 07:30:00,0.5,2.5,3.1,7
2026-08-20 14:15:00,2026-08-20 14:30:00,0.5,5.3,5.5,14
2026-08-20 20:00:00,2026-08-20 20:30:00,0.75,3.4,4.4,20
2026-08-21 15:15:00,2026-08-21 15:30:00,0.5,4.5,5.0,15
2026-08-21 21:00:00,2026-08-21 22:30:00,1.75,3.2,4.557142857142858,21
2026-08-22 02:45:00,2026-08-22 04:00:00,1.5,4.7,5.05,2
2026-08-22 08:30:00,2026-08-22 09:15:00,1.0,3.5,3.875,8
2026-08-22 21:15:00,2026-08-22 22:30:00,1.5,2.6,4.166666666666667,21
2026-08-23 00:00:00,2026-08-23 00:30:00,0.75,4.2,4.566666666666666,0
2026-08-23 03:15:00,2026-08-23 04:15:00,1.25,2.7,4.22,3
2026-08-23 10:00:00,2026-08-23 10:15:00,0.5,3.9,4.0,10
2026-08-23 16:45:00,2026-08-23 17:15:00,0.75,2.8,4.366666666666667,16
2026-08-23 18:45:00,2026-08-23 19:30:00,1.0,5.3,5.55,18
2026-08-23 21:15:00,2026-08-23 23:00:00,2.0,1.5,3.5250000000000004,21
2026-08-24 05:00:00,2026-08-24 05:15:00,0.5,2.7,3.45,5
2026-08-24 06:45:00,2026-08-24 07:30:00,1.0,4.2,4.45,6
2026-08-24 10:45:00,2026-08-24 11:00:00,0.5,3.0,3.1,10
2026-08-24 12:45:00,2026-08-24 13:45:00,1.25,4.2,4.659999999999999,12
2026-08-24 17:15:00,2026-08-24 18:00:00,1.0,4.3,5.175,17
2026-08-24 20:00:00,2026-08-24 21:45:00,2.0,4.2,4.8125,20
2026-08-24 23:15:00,2026-08-24 23:30:00,0.5,2.6,2.95,23
2026-08-25 05:45:00,2026-08-25 06:15:00,0.75,2.9,3.9000000000000004,5
2026-08-25 07:45:00,2026-08-25 08:45:00,1.25,3.9,4.18,7
2026-08-25 11:00:00,2026-08-25 11:45:00,1.0,2.6,3.15,11
2026-08-25 13:30:00,2026-08-25 14:15:00,1.0,4.0,4.3,13
2026-08-25 20:45:00,2026-08-25 22:30:00,2.0,3.7,4.375,20
2026-08-26 00:00:00,2026-08-26 00:30:00,0.75,2.4,2.8333333333333335,0
2026-08-26 06:30:00,2026-08-26 09:45:00,3.5,3.2,4.135714285714286,6
2026-08-26 11:30:00,2026-08-26 14:15:00,3.0,2.4,2.9416666666666664,11
2026-08-26 19:45:00,2026-08-26 23:15:00,3.75,2.9,4.5200000000000005,19
2026-08-27 09:00:00,2026-08-27 10:30:00,1.75,2.9,3.628571428571429,9
2026-08-27 15:00:00,2026-08-27 15:30:00,0.75,2.9,3.1333333333333333,15
2026-08-27 20:15:00,2026-08-27 23:30:00,3.5,3.3,4.642857142857143,20
2026-08-28 07:45:00,2026-08-28 11:15:00,3.75,3.2,4.24,7
2026-08-28 20:45:00,2026-08-29 00:15:00,3.75,2.8,4.3933333333333335,20
2026-08-29 09:00:00,2026-08-29 12:45:00,4.0,2.6,4.0,9
2026-08-29 21:15:00,2026-08-30 01:00:00,4.0,2.6,4.3,21
2026-08-30 02:45:00,2026-08-30 03:00:00,0.5,1.4,1.8,2
2026-08-30 09:45:00,2026-08-30 13:00:00,3.5,3.1,4.628571428571428,9
2026-08-30 15:00:00,2026-08-30 15:15:00,0.5,2.1,2.5,15
2026-08-30 22:00:00,2026-08-31 01:45:00,4.0,2.8,4.574999999999999,22
2026-08-31 10:15:00,2026-08-31 10:30:00,0.5,3.8,4.65,10
2026-08-31 12:15:00,2026-08-31 13:45:00,1.75,3.6,4.371428571428572,12
2026-08-31 22:45:00,2026-09-01 02:15:00,3.75,3.1,4.786666666666666,22
2026-09-01 11:15:00,2026-09-01 14:15:00,3.25,4.4,5.376923076923077,11
2026-09-01 16:30:00,2026-09-01 16:45:00,0.5,3.7,3.9,16
2026-09-01 23:15:00,2026-09-02 02:30:00,3.5,3.8,4.885714285714285,23
2026-09-02 05:00:00,2026-09-02 05:15:00,0.5,2.3,2.4,5
2026-09-02 14:15:00,2026-09-02 15:00:00,1.0,4.8,5.1000000000000005,14
2026-09-03 00:00:00,2026-09-03 03:00:00,3.25,4.2,4.915384615384616,0
2026-09-03 06:00:00,2026-09-03 06:15:00,0.5,1.8,2.2,6
2026-09-03 13:00:00,2026-09-03 13:15:00,0.5,3.5,4.45,13
2026-09-03 15:15:00,2026-09-03 16:00:00,1.0,5.0,5.275,15
2026-09-04 19:30:00,2026-09-04 20:45:00,1.5,4.0,4.766666666666667,19
2026-09-05 02:00:00,2026-09-05 02:15:00,0.5,4.3,4.5,2
2026-09-05 08:00:00,2026-09-05 08:30:00,0.75,3.2,3.466666666666667,8
2026-09-05 17:45:00,2026-09-05 18:00:00,0.5,5.3,5.4,17
2026-09-05 20:45:00,2026-09-05 21:00:00,0.5,3.7,4.25,20
2026-09-06 16:15:00,2026-09-06 16:30:00,0.5,4.7,5.300000000000001,16
2026-09-06 19:00:00,2026-09-06 20:00:00,1.25,4.7,5.1,19
2026-09-07 04:45:00,2026-09-07 08:00:00,3.5,3.7,4.892857142857144,4
2026-09-07 20:45:00,2026-09-07 21:15:00,0.75,4.7,4.933333333333334,20
2026-09-08 06:00:00,2026-09-08 09:45:00,4.0,3.8,4.96875,6
2026-09-08 20:45:00,2026-09-08 22:15:00,1.75,4.4,5.0,20
