mulai,selesai,durasi_jam,nilai_min,nilai_rata,jam_mulai
2021-01-02 00:30:00,2021-01-02 01:15:00,1.0,8.4,8.775,0
2021-01-02 14:15:00,2021-01-02 15:00:00,1.0,8.0,8.274999999999999,14
2021-01-03 01:15:00,2021-01-03 02:45:00,1.75,7.2,7.742857142857143,1
2021-01-03 04:45:00,2021-01-03 05:15:00,0.75,6.2,6.466666666666666,4
2021-01-03 15:15:00,2021-01-03 17:30:00,2.5,7.5,8.010000000000002,15
2021-01-04 02:15:00,2021-01-04 03:00:00,1.0,8.0,8.25,2
2021-01-04 04:30:00,2021-01-04 05:45:00,1.5,6.9,7.083333333333333,4
2021-01-04 18:15:00,2021-01-04 18:30:00,0.5,8.0,8.2,18
2021-01-13 07:15:00,2021-01-13 08:45:00,1.75,8.5,8.928571428571429,7
2021-01-14 09:30:00,2021-01-14 10:00:00,0.75,8.7,8.866666666666665,9
2021-01-15 10:15:00,2021-01-15 10:30:00,0.5,8.9,9.0,10
2021-01-16 11:45:00,2021-01-16 12:30:00,1.0,8.6,8.875,11
2021-01-19 00:15:00,2021-01-19 00:45:00,0.75,9.8,9.966666666666667,0
2021-01-19 11:45:00,2021-01-19 12:00:00,0.5,9.5,9.65,11
2021-01-19 17:45:00,2021-01-19 18:00:00,0.5,9.9,10.0,17
2021-01-20 00:15:00,2021-01-20 00:45:00,0.75,9.9,10.033333333333333,0
2021-01-20 13:15:00,2021-01-20 15:00:00,2.0,9.2,9.425,13
2021-01-20 18:15:00,2021-01-20 18:30:00,0.5,9.1,9.2,18
2021-01-20 23:45:00,2021-01-21 02:30:00,3.0,9.0,9.508333333333335,23
2021-01-21 07:15:00,2021-01-21 08:00:00,1.0,8.7,8.975,7
2021-01-22 01:45:00,2021-01-22 02:15:00,0.75,9.3,9.4,1
2021-01-22 13:00:00,2021-01-22 14:00:00,1.25,9.1,9.4,13
2021-01-22 19:30:00,2021-01-22 21:15:00,2.0,8.1,8.6375,19
2021-01-23 02:00:00,2021-01-23 03:15:00,1.5,8.8,8.950000000000001,2
2021-01-23 21:15:00,2021-01-23 23:15:00,2.25,8.3,8.5,21
2021-01-25 21:00:00,2021-01-25 21:30:00,0.75,8.2,8.433333333333334,21
2021-01-26 10:15:00,2021-01-26 10:45:00,0.75,8.1,8.266666666666667,10
2021-01-26 13:00:00,2021-01-26 13:15:00,0.5,7.2,7.300000000000001,13
2021-01-26 21:15:00,2021-01-27 00:45:00,3.75,6.5,7.5600000000000005,21
2021-01-27 11:00:00,2021-01-27 11:15:00,0.5,8.0,8.1,11
2021-01-27 12:45:00,2021-01-27 13:45:00,1.25,7.4,7.5200000000000005,12
2021-01-27 22:45:00,2021-01-28 00:45:00,2.25,7.2,7.677777777777777,22
2021-01-29 01:30:00,2021-01-29 02:15:00,1.0,7.9,7.975,1
2021-02-01 04:45:00,2021-02-01 05:00:00,0.5,8.0,8.1,4
2021-02-03 06:30:00,2021-02-03 07:00:00,0.75,9.7,9.8,6
2021-02-03 18:30:00,2021-02-03 19:00:00,0.75,10.5,10.700000000000001,18
2021-02-05 20:30:00,2021-02-05 21:15:00,1.0,9.2,9.45,20
2021-02-09 12:15:00,2021-02-09 13:15:00,1.25,8.8,9.02,12
2021-02-09 20:30:00,2021-02-09 22:30:00,2.25,8.6,9.055555555555555,20
2021-02-10 00:30:00,2021-02-10 01:00:00,0.75,7.7,7.966666666666666,0
2021-02-10 23:00:00,2021-02-10 23:30:00,0.75,8.5,8.666666666666666,23
2021-02-11 15:00:00,2021-02-11 15:15:00,0.5,8.5,8.6,15
2021-02-16 17:30:00,2021-02-16 17:45:00,0.5,8.2,8.649999999999999,17
2021-02-19 19:00:00,2021-02-19 20:15:00,1.5,8.6,8.716666666666667,19
2021-02-20 20:00:00,2021-02-20 20:45:00,1.0,8.7,8.925,20
2021-02-22 21:30:00,2021-02-22 23:15:00,2.0,7.8,8.175,21
2021-02-23 07:30:00,2021-02-23 08:15:00,1.0,8.4,8.8,7
2021-02-23 11:00:00,2021-02-23 11:15:00,0.5,7.3,7.55,11
2021-02-24 08:45:00,2021-02-24 09:00:00,0.5,8.8,8.9,8
2021-02-24 20:15:00,2021-02-24 21:15:00,1.25,8.2,8.5,20
2021-02-24 23:15:00,2021-02-25 00:00:00,1.0,6.6,7.074999999999999,23
2021-02-25 12:45:00,2021-02-25 13:15:00,0.75,7.4,7.833333333333333,12
2021-02-25 21:45:00,2021-02-25 22:45:00,1.25,7.8,8.219999999999999,21
2021-02-26 22:45:00,2021-02-26 23:00:00,0.5,8.2,8.3,22
2021-02-27 01:30:00,2021-02-27 02:15:00,1.0,6.9,7.15,1
2021-02-27 22:15:00,2021-02-28 03:15:00,5.25,6.3,7.419047619047619,22
2021-02-28 23:15:00,2021-03-01 00:30:00,1.5,7.4,7.716666666666666,23
2021-03-01 03:45:00,2021-03-01 04:15:00,0.75,5.5,5.766666666666667,3
2021-03-01 15:45:00,2021-03-01 16:45:00,1.25,6.4,6.82,15
2021-03-02 01:15:00,2021-03-02 02:15:00,1.25,6.5,6.779999999999999,1
2021-03-04 18:00:00,2021-03-04 18:45:00,1.0,7.7,7.8500000000000005,18
2021-03-05 19:00:00,2021-03-05 19:15:00,0.5,7.0,7.2,19
2021-03-09 22:45:00,2021-03-09 23:15:00,0.75,7.3,7.3999999999999995,22
2021-03-10 12:15:00,2021-03-10 12:45:00,0.75,7.7,7.8,12
2021-03-10 20:00:00,2021-03-10 21:30:00,1.75,7.8,8.12857142857143,20
2021-03-11 22:30:00,2021-03-11 23:00:00,0.75,7.4,7.599999999999999,22
2021-03-12 00:30:00,2021-03-12 01:45:00,1.5,6.4,6.816666666666666,0
2021-03-12 23:00:00,2021-03-13 02:30:00,3.75,5.9,6.786666666666666,23
2021-03-13 22:30:00,2021-03-14 03:30:00,5.25,6.0,6.833333333333333,22
2021-03-14 15:00:00,2021-03-14 15:45:00,1.0,6.3,6.95,15
2021-03-14 23:00:00,2021-03-15 01:00:00,2.25,6.6,7.0777777777777775,23
2021-03-15 02:30:00,2021-03-15 03:15:00,1.0,5.8,5.925,2
2021-03-16 01:00:00,2021-03-16 01:15:00,0.5,7.0,7.1,1
2021-03-17 02:00:00,2021-03-17 02:30:00,0.75,6.2,6.333333333333333,2
2021-03-17 16:00:00,2021-03-17 17:00:00,1.25,6.2,6.779999999999999,16
2021-03-18 17:15:00,2021-03-18 19:45:00,2.75,5.5,6.063636363636363,17
2021-03-19 02:15:00,2021-03-19 03:15:00,1.25,5.5,5.96,2
2021-03-19 05:45:00,2021-03-19 06:00:00,0.5,4.9,5.050000000000001,5
2021-03-19 11:45:00,2021-03-19 14:00:00,2.5,5.6,6.14,11
2021-03-20 19:30:00,2021-03-20 21:00:00,1.75,6.9,7.085714285714286,19
2021-03-21 05:00:00,2021-03-21 05:30:00,0.75,6.9,7.066666666666667,5
2021-03-21 15:45:00,2021-03-21 17:00:00,1.5,7.2,7.383333333333334,15
2021-03-21 20:15:00,2021-03-21 21:30:00,1.5,7.0,7.133333333333334,20
2021-03-23 06:30:00,2021-03-23 07:15:00,1.0,6.6,6.85,6
2021-03-24 07:30:00,2021-03-24 08:00:00,0.75,6.0,6.2,7
2021-03-24 21:45:00,2021-03-24 23:15:00,1.75,4.4,4.971428571428572,21
2021-03-25 08:00:00,2021-03-25 08:45:00,1.0,5.8,6.1000000000000005,8
2021-03-25 12:00:00,2021-03-25 13:15:00,1.5,5.2,5.516666666666667,12
2021-03-25 19:15:00,2021-03-25 21:30:00,2.5,5.3,6.0600000000000005,19
2021-03-25 23:15:00,2021-03-26 00:00:00,1.0,4.1,4.4,23
2021-03-26 09:15:00,2021-03-26 09:45:00,0.75,5.9,6.066666666666667,9
2021-03-26 12:30:00,2021-03-26 12:45:00,0.5,4.4,4.6,12
2021-03-26 20:00:00,2021-03-26 22:30:00,2.75,5.3,6.145454545454546,20
2021-03-27 00:15:00,2021-03-27 00:30:00,0.5,4.1,4.3,0
2021-03-27 13:15:00,2021-03-27 13:30:00,0.5,4.7,4.9,13
2021-03-27 21:15:00,2021-03-28 02:15:00,5.25,3.4,4.942857142857143,21
2021-03-28 13:15:00,2021-03-28 14:30:00,1.5,4.5,4.866666666666666,13
2021-03-28 23:00:00,2021-03-28 23:45:00,1.0,5.4,5.699999999999999,23
2021-03-29 01:45:00,2021-03-29 03:15:00,1.75,3.6,4.114285714285714,1
2021-03-29 14:15:00,2021-03-29 15:00:00,1.0,5.2,5.75,14
2021-03-29 23:00:00,2021-03-30 00:30:00,1.75,5.6,6.0,23
2021-03-30 04:00:00,2021-03-30 05:15:00,1.5,4.5,5.083333333333333,4
2021-03-30 15:00:00,2021-03-30 16:15:00,1.5,5.1,5.466666666666666,15
2021-03-31 15:15:00,2021-03-31 17:00:00,2.0,5.0,5.6625,15
2021-04-01 04:30:00,2021-04-01 06:00:00,1.75,4.1,4.428571428571428,4
2021-04-01 11:15:00,2021-04-01 12:15:00,1.25,5.3,5.5600000000000005,11
2021-04-01 17:15:00,2021-04-01 17:45:00,0.75,5.2,5.733333333333333,17
2021-04-01 22:30:00,2021-04-01 22:45:00,0.5,5.8,5.949999999999999,22
2021-04-02 01:45:00,2021-04-02 02:45:00,1.25,5.9,6.14,1
2021-04-02 23:00:00,2021-04-02 23:30:00,0.75,6.4,6.599999999999999,23
2021-04-03 02:30:00,2021-04-03 03:30:00,1.25,6.4,6.640000000000001,2
2021-04-03 18:15:00,2021-04-03 19:15:00,1.25,6.6,7.0,18
2021-04-04 15:00:00,2021-04-04 15:15:00,0.5,5.7,6.050000000000001,15
2021-04-04 19:00:00,2021-04-04 20:30:00,1.75,6.4,6.557142857142857,19
2021-04-05 02:00:00,2021-04-05 02:15:00,0.5,6.6,6.699999999999999,2
2021-04-05 04:15:00,2021-04-05 04:30:00,0.5,5.9,6.1,4
2021-04-05 08:15:00,2021-04-05 09:15:00,1.25,5.7,5.9799999999999995,8
2021-04-05 20:15:00,2021-04-05 20:30:00,0.5,5.9,6.050000000000001,20
2021-04-06 09:15:00,2021-04-06 10:15:00,1.25,5.7,5.9399999999999995,9
2021-04-06 17:15:00,2021-04-06 17:30:00,0.5,6.2,6.300000000000001,17
2021-04-06 21:15:00,2021-04-06 23:15:00,2.25,5.3,5.622222222222222,21
2021-04-07 07:45:00,2021-04-07 08:30:00,1.0,6.0,6.25,7
2021-04-07 10:00:00,2021-04-07 11:00:00,1.25,5.3,5.4399999999999995,10
2021-04-07 18:30:00,2021-04-07 18:45:00,0.5,6.0,6.2,18
2021-04-07 20:15:00,2021-04-07 20:30:00,0.5,6.2,6.35,20
2021-04-07 22:30:00,2021-04-08 00:00:00,1.75,4.7,4.9,22
2021-04-08 07:15:00,2021-04-08 07:30:00,0.5,5.6,5.85,7
2021-04-08 09:15:00,2021-04-08 12:00:00,3.0,4.9,5.633333333333333,9
2021-04-08 21:15:00,2021-04-09 00:45:00,3.75,4.4,5.320000000000001,21
2021-04-09 12:00:00,2021-04-09 13:15:00,1.5,4.7,5.266666666666667,12
2021-04-09 20:45:00,2021-04-09 22:45:00,2.25,5.6,6.022222222222222,20
2021-04-10 00:15:00,2021-04-10 02:00:00,2.0,4.5,4.887499999999999,0
2021-04-10 09:00:00,2021-04-10 09:15:00,0.5,4.7,5.15,9
2021-04-10 12:30:00,2021-04-10 13:00:00,0.75,5.4,5.6000000000000005,12
2021-04-10 21:30:00,2021-04-10 23:00:00,1.75,5.9,6.2,21
2021-04-11 01:30:00,2021-04-11 02:00:00,0.75,4.4,4.733333333333333,1
2021-04-11 13:00:00,2021-04-11 14:00:00,1.25,4.1,5.0,13
2021-04-11 22:30:00,2021-04-11 23:45:00,1.5,5.8,5.983333333333333,22
2021-04-12 01:45:00,2021-04-12 03:30:00,2.0,4.4,4.762499999999999,1
2021-04-12 13:30:00,2021-04-12 14:45:00,1.5,4.9,5.25,13
2021-04-13 02:00:00,2021-04-13 03:30:00,1.75,3.7,4.528571428571429,2
2021-04-13 14:45:00,2021-04-13 17:15:00,2.75,5.4,6.218181818181819,14
2021-04-13 23:00:00,2021-04-14 00:15:00,1.5,5.8,6.016666666666666,23
2021-04-14 03:45:00,2021-04-14 04:00:00,0.5,4.3,4.449999999999999,3
2021-04-14 15:30:00,2021-04-14 18:00:00,2.75,5.3,6.3090909090909095,15
2021-04-15 04:00:00,2021-04-15 05:30:00,1.75,4.4,4.771428571428571,4
2021-04-16 00:00:00,2021-04-16 00:15:00,0.5,4.8,5.25,0
2021-04-16 02:00:00,2021-04-16 05:00:00,3.25,3.9,4.792307692307692,2
2021-04-17 00:30:00,2021-04-17 02:45:00,2.5,5.1,5.76,0
2021-04-17 05:30:00,2021-04-17 07:00:00,1.75,4.6,4.928571428571429,5
2021-04-17 17:30:00,2021-04-17 19:30:00,2.25,6.0,6.377777777777777,17
2021-04-18 05:45:00,2021-04-18 07:15:00,1.75,3.6,4.385714285714285,5
2021-04-18 17:45:00,2021-04-18 19:00:00,1.5,4.5,5.316666666666666,17
2021-04-18 22:15:00,2021-04-18 22:30:00,0.5,5.1,5.25,22
2021-04-19 07:15:00,2021-04-19 08:15:00,1.25,4.0,4.18,7
2021-04-19 11:00:00,2021-04-19 11:15:00,0.5,4.9,5.0,11
2021-04-19 14:15:00,2021-04-19 14:30:00,0.5,4.8,4.949999999999999,14
2021-04-19 19:00:00,2021-04-19 19:45:00,1.0,5.0,5.425,19
2021-04-20 03:30:00,2021-04-20 05:00:00,1.75,5.0,5.5,3
2021-04-20 07:45:00,2021-04-20 09:30:00,2.0,4.1,4.5,7
2021-04-20 15:15:00,2021-04-20 15:30:00,0.5,4.7,5.0,15
2021-04-20 20:00:00,2021-04-20 21:15:00,1.5,4.4,5.083333333333334,20
2021-04-21 04:15:00,2021-04-21 06:00:00,2.0,5.1,5.525,4
2021-04-21 08:45:00,2021-04-21 10:15:00,1.75,3.9,4.457142857142857,8
2021-04-21 12:45:00,2021-04-21 13:00:00,0.5,4.9,5.0,12
2021-04-21 21:15:00,2021-04-21 21:30:00,0.5,4.6,4.9,21
2021-04-22 01:45:00,2021-04-22 02:45:00,1.25,5.4,5.739999999999999,1
2021-04-22 05:15:00,2021-04-22 06:15:00,1.25,5.3,5.859999999999999,5
2021-04-22 22:00:00,2021-04-22 22:30:00,0.75,4.8,5.3999999999999995,22
2021-04-23 10:45:00,2021-04-23 12:00:00,1.5,5.0,5.633333333333333,10
2021-04-23 22:45:00,2021-04-23 23:45:00,1.25,5.1,5.6,22
2021-04-24 11:15:00,2021-04-24 13:30:00,2.5,5.4,5.6,11
2021-04-25 00:00:00,2021-04-25 02:45:00,3.0,5.0,5.675,0
2021-04-25 12:30:00,2021-04-25 14:00:00,1.75,5.3,5.528571428571429,12
2021-04-25 21:00:00,2021-04-25 22:00:00,1.25,5.8,6.0,21
2021-04-26 01:15:00,2021-04-26 02:00:00,1.0,5.0,5.05,1
2021-04-26 09:00:00,2021-04-26 09:15:00,0.5,5.1,5.25,9
2021-04-26 13:15:00,2021-04-26 14:15:00,1.25,5.6,6.040000000000001,13
2021-04-27 02:30:00,2021-04-27 03:00:00,0.75,4.6,4.8,2
2021-04-27 14:30:00,2021-04-27 16:30:00,2.25,5.6,6.344444444444445,14
2021-04-27 19:00:00,2021-04-27 19:15:00,0.5,5.9,6.0,19
2021-04-28 03:45:00,2021-04-28 04:15:00,0.75,3.9,4.2,3
2021-04-28 14:30:00,2021-04-28 15:15:00,1.0,4.8,5.7250000000000005,14
2021-04-28 23:30:00,2021-04-29 00:45:00,1.5,5.2,5.383333333333333,23
2021-04-29 04:30:00,2021-04-29 05:45:00,1.5,3.9,4.3,4
2021-04-29 11:30:00,2021-04-29 11:45:00,0.5,4.0,4.35,11
2021-04-29 15:00:00,2021-04-29 16:15:00,1.5,5.0,5.5,15
2021-04-29 18:00:00,2021-04-29 18:30:00,0.75,5.9,6.0,18
2021-04-30 00:15:00,2021-04-30 01:30:00,1.5,5.1,5.283333333333333,0
2021-04-30 05:00:00,2021-04-30 05:15:00,0.5,3.9,4.0,5
2021-04-30 12:15:00,2021-04-30 12:30:00,0.5,3.7,4.15,12
2021-04-30 16:00:00,2021-04-30 17:00:00,1.25,4.8,5.28,16
2021-05-01 01:15:00,2021-05-01 02:45:00,1.75,4.6,5.1,1
2021-05-02 02:15:00,2021-05-02 03:30:00,1.5,5.0,5.383333333333334,2
2021-05-02 07:30:00,2021-05-02 08:30:00,1.25,4.3,4.540000000000001,7
2021-05-02 14:00:00,2021-05-02 14:15:00,0.5,4.4,4.65,14
2021-05-02 18:30:00,2021-05-02 19:15:00,1.0,3.9,5.1,18
2021-05-03 03:15:00,2021-05-03 05:15:00,2.25,4.8,5.211111111111111,3
2021-05-03 15:00:00,2021-05-03 15:15:00,0.5,3.8,4.449999999999999,15
2021-05-03 18:45:00,2021-05-03 21:15:00,2.75,3.3,4.463636363636363,18
2021-05-04 04:15:00,2021-05-04 09:00:00,5.0,2.7,4.34,4
2021-05-04 17:45:00,2021-05-04 21:15:00,3.75,3.1,4.0600000000000005,17
2021-05-05 02:00:00,2021-05-05 02:15:00,0.5,4.7,4.800000000000001,2
2021-05-05 04:30:00,2021-05-05 07:45:00,3.5,3.5,4.585714285714286,4
2021-05-05 09:15:00,2021-05-05 09:45:00,0.75,2.2,2.7000000000000006,9
2021-05-05 19:00:00,2021-05-05 19:15:00,0.5,4.6,4.699999999999999,19
2021-05-05 20:45:00,2021-05-05 22:00:00,1.5,3.1,3.5500000000000003,20
2021-05-06 02:30:00,2021-05-06 02:45:00,0.5,4.3,4.65,2
2021-05-06 05:30:00,2021-05-06 08:00:00,2.75,4.1,4.8999999999999995,5
2021-05-06 14:15:00,2021-05-06 14:45:00,0.75,4.7,5.0,14
2021-05-06 18:30:00,2021-05-06 21:00:00,2.75,4.5,5.172727272727273,18
2021-05-07 06:45:00,2021-05-07 07:00:00,0.5,3.9,4.35,6
2021-05-07 08:30:00,2021-05-07 08:45:00,0.5,4.5,4.6,8
2021-05-07 12:00:00,2021-05-07 13:45:00,2.0,4.3,4.775,12
2021-05-07 19:15:00,2021-05-07 20:15:00,1.25,5.1,5.58,19
2021-05-07 22:30:00,2021-05-08 00:45:00,2.5,4.0,4.55,22
2021-05-08 12:00:00,2021-05-08 14:30:00,2.75,4.1,5.199999999999999,12
2021-05-08 19:45:00,2021-05-08 21:00:00,1.5,5.0,5.8,19
2021-05-08 23:45:00,2021-05-09 01:00:00,1.5,3.8,4.683333333333334,23
2021-05-09 12:00:00,2021-05-09 15:15:00,3.5,4.4,5.635714285714286,12
2021-05-09 20:30:00,2021-05-10 01:00:00,4.75,4.2,5.636842105263159,20
2021-05-10 06:30:00,2021-05-10 06:45:00,0.5,5.4,5.5,6
2021-05-10 08:15:00,2021-05-10 08:30:00,0.5,5.2,5.45,8
2021-05-10 12:15:00,2021-05-10 12:30:00,0.5,4.5,4.65,12
2021-05-10 15:45:00,2021-05-10 16:15:00,0.75,5.5,5.7,15
2021-05-10 18:00:00,2021-05-10 18:15:00,0.5,6.0,6.15,18
2021-05-10 21:00:00,2021-05-11 02:00:00,5.25,3.7,5.152380952380953,21
2021-05-11 07:15:00,2021-05-11 09:00:00,2.0,5.1,5.487500000000001,7
2021-05-11 15:00:00,2021-05-11 18:00:00,3.25,5.6,6.223076923076923,15
2021-05-11 22:00:00,2021-05-12 01:15:00,3.5,4.7,5.642857142857144,22
2021-05-12 02:45:00,2021-05-12 04:45:00,2.25,3.4,4.21111111111111,2
2021-05-12 10:00:00,2021-05-12 12:00:00,2.25,4.0,4.977777777777778,10
2021-05-12 14:30:00,2021-05-12 15:00:00,0.75,3.0,3.533333333333333,14
2021-05-12 22:45:00,2021-05-13 00:45:00,2.25,5.0,5.433333333333334,22
2021-05-13 03:15:00,2021-05-13 05:00:00,2.0,4.2,4.675000000000001,3
2021-05-13 14:45:00,2021-05-13 17:00:00,2.5,5.4,6.290000000000001,14
2021-05-13 18:45:00,2021-05-13 19:45:00,1.25,5.6,6.06,18
2021-05-13 23:15:00,2021-05-14 01:00:00,2.0,5.5,5.9875,23
2021-05-14 04:00:00,2021-05-14 05:30:00,1.75,4.5,5.042857142857143,4
2021-05-14 15:45:00,2021-05-14 20:00:00,4.5,6.0,6.994444444444444,15
2021-05-15 00:00:00,2021-05-15 01:45:00,2.0,5.6,6.125,0
2021-05-15 04:30:00,2021-05-15 06:15:00,2.0,4.8,5.225,4
2021-05-15 11:30:00,2021-05-15 11:45:00,0.5,5.3,5.449999999999999,11
2021-05-15 15:45:00,2021-05-15 18:30:00,3.0,6.9,7.3999999999999995,15
2021-05-15 20:00:00,2021-05-15 20:45:00,1.0,6.0,6.425,20
2021-05-16 00:30:00,2021-05-16 02:00:00,1.75,5.4,6.114285714285714,0
2021-05-16 05:00:00,2021-05-16 05:30:00,0.75,4.5,4.8999999999999995,5
2021-05-16 09:15:00,2021-05-16 10:30:00,1.5,5.3,5.433333333333334,9
2021-05-16 16:15:00,2021-05-16 19:30:00,3.5,7.4,7.992857142857142,16
2021-05-16 21:00:00,2021-05-16 21:45:00,1.0,6.0,6.550000000000001,21
2021-05-17 05:45:00,2021-05-17 06:00:00,0.5,4.9,5.050000000000001,5
2021-05-17 09:45:00,2021-05-17 11:00:00,1.5,5.4,5.583333333333333,9
2021-05-17 12:45:00,2021-05-17 13:00:00,0.5,5.0,5.3,12
2021-05-17 17:30:00,2021-05-17 18:00:00,0.75,6.9,7.333333333333333,17
2021-05-17 20:00:00,2021-05-17 22:45:00,3.0,5.8,7.175,20
2021-05-18 02:00:00,2021-05-18 03:15:00,1.5,5.2,5.949999999999999,2
2021-05-18 06:30:00,2021-05-18 07:45:00,1.5,4.7,5.033333333333332,6
2021-05-18 17:30:00,2021-05-18 19:00:00,1.75,7.0,7.3428571428571425,17
2021-05-18 21:30:00,2021-05-18 23:15:00,2.0,6.1,6.9,21
2021-05-19 02:45:00,2021-05-19 04:30:00,2.0,5.1,5.9375,2
2021-05-19 09:00:00,2021-05-19 10:00:00,1.25,4.8,4.9,9
2021-05-19 11:30:00,2021-05-19 12:45:00,1.5,5.2,5.533333333333334,11
2021-05-19 19:30:00,2021-05-19 20:45:00,1.5,6.0,6.483333333333333,19
2021-05-20 00:00:00,2021-05-20 00:30:00,0.75,5.8,6.066666666666666,0
2021-05-20 03:30:00,2021-05-20 13:30:00,10.25,4.2,5.378048780487805,3
2021-05-20 15:45:00,2021-05-20 16:00:00,0.5,4.9,5.45,15
2021-05-20 19:15:00,2021-05-20 21:45:00,2.75,4.9,5.872727272727272,19
2021-05-21 00:45:00,2021-05-21 01:15:00,0.75,6.0,6.2,0
2021-05-21 06:00:00,2021-05-21 06:45:00,1.0,5.2,5.375,6
2021-05-21 08:30:00,2021-05-21 11:30:00,3.25,3.8,4.853846153846154,8
2021-05-21 13:00:00,2021-05-21 14:15:00,1.5,5.5,5.6499999999999995,13
2021-05-21 17:15:00,2021-05-21 22:30:00,5.5,3.2,5.477272727272727,17
2021-05-22 05:30:00,2021-05-22 08:00:00,2.75,3.7,5.172727272727273,5
2021-05-22 09:30:00,2021-05-22 12:30:00,3.25,3.8,4.230769230769231,9
2021-05-22 18:00:00,2021-05-22 23:30:00,5.75,2.9,4.891304347826088,18
2021-05-23 06:15:00,2021-05-23 09:00:00,3.0,4.1,4.833333333333333,6
2021-05-23 10:45:00,2021-05-23 11:30:00,1.0,2.3,3.1500000000000004,10
2021-05-23 15:00:00,2021-05-23 15:30:00,0.75,5.3,5.433333333333334,15
2021-05-23 19:30:00,2021-05-23 21:30:00,2.25,4.9,5.477777777777778,19
2021-05-24 07:15:00,2021-05-24 07:30:00,0.5,3.7,4.25,7
2021-05-24 09:00:00,2021-05-24 09:15:00,0.5,4.5,4.6,9
2021-05-24 11:00:00,2021-05-24 12:00:00,1.25,2.2,3.1399999999999997,11
2021-05-24 20:15:00,2021-05-24 22:15:00,2.25,4.4,5.0555555555555545,20
2021-05-25 00:30:00,2021-05-25 01:45:00,1.5,2.5,3.0999999999999996,0
2021-05-25 06:00:00,2021-05-25 06:15:00,0.5,4.4,4.5,6
2021-05-25 11:45:00,2021-05-25 13:00:00,1.5,2.7,3.733333333333334,11
2021-05-25 15:00:00,2021-05-25 15:15:00,0.5,4.5,4.65,15
2021-05-25 16:45:00,2021-05-25 17:45:00,1.25,5.3,5.36,16
2021-05-25 21:30:00,2021-05-25 22:45:00,1.5,4.0,4.6499999999999995,21
2021-05-26 01:30:00,2021-05-26 03:45:00,2.5,2.2,3.2099999999999995,1
2021-05-26 12:30:00,2021-05-26 16:00:00,3.75,2.0,3.873333333333333,12
2021-05-27 02:30:00,2021-05-27 04:45:00,2.5,2.0,2.99,2
2021-05-27 10:00:00,2021-05-27 10:15:00,0.5,2.4,2.95,10
2021-05-27 12:45:00,2021-05-27 15:15:00,2.75,2.6,3.4909090909090916,12
2021-05-27 17:15:00,2021-05-27 19:45:00,2.75,4.8,5.190909090909091,17
2021-05-27 23:15:00,2021-05-28 01:15:00,2.25,3.4,4.155555555555555,23
2021-05-28 03:15:00,2021-05-28 04:45:00,1.75,2.2,2.8,3
2021-05-28 14:00:00,2021-05-28 15:15:00,1.5,2.7,3.9666666666666663,14
2021-05-28 17:00:00,2021-05-28 18:15:00,1.5,5.4,5.800000000000001,17
2021-05-29 04:30:00,2021-05-29 07:00:00,2.75,2.5,3.1636363636363636,4
2021-05-29 14:45:00,2021-05-29 17:00:00,2.5,3.2,4.04,14
2021-05-30 01:00:00,2021-05-30 02:15:00,1.5,4.3,4.616666666666666,1
2021-05-30 04:45:00,2021-05-30 06:15:00,1.75,2.2,3.1,4
2021-05-30 16:45:00,2021-05-30 19:30:00,3.0,3.5,5.1000000000000005,16
2021-05-31 02:00:00,2021-05-31 04:00:00,2.25,4.2,4.699999999999999,2
2021-05-31 06:15:00,2021-05-31 07:00:00,1.0,3.4,3.825,6
2021-05-31 14:00:00,2021-05-31 14:15:00,0.5,3.4,3.9000000000000004,14
2021-06-01 03:00:00,2021-06-01 04:15:00,1.5,4.8,5.083333333333333,3
2021-06-01 07:30:00,2021-06-01 09:15:00,2.0,3.5,4.0625,7
2021-06-01 19:45:00,2021-06-01 20:00:00,0.5,3.5,3.7,19
2021-06-02 05:15:00,2021-06-02 05:30:00,0.5,4.3,4.4,5
2021-06-02 20:45:00,2021-06-02 21:30:00,1.0,2.8,3.7249999999999996,20
2021-06-03 04:15:00,2021-06-03 10:00:00,6.0,2.5,3.7541666666666664,4
2021-06-03 16:45:00,2021-06-03 22:00:00,5.5,1.4,3.790909090909092,16
2021-06-04 05:00:00,2021-06-04 08:00:00,3.25,3.2,4.038461538461538,5
2021-06-04 09:45:00,2021-06-04 10:15:00,0.75,1.9,2.3000000000000003,9
2021-06-04 13:45:00,2021-06-04 14:30:00,1.0,4.0,4.25,13
2021-06-04 18:00:00,2021-06-04 19:30:00,1.75,3.1,4.6000000000000005,18
2021-06-04 21:00:00,2021-06-04 22:45:00,2.0,2.0,3.125,21
2021-06-05 06:00:00,2021-06-05 11:30:00,5.75,2.1,3.369565217391304,6
2021-06-05 18:30:00,2021-06-05 20:30:00,2.25,4.1,4.7,18
2021-06-05 22:15:00,2021-06-05 23:45:00,1.75,1.9,3.157142857142857,22
2021-06-06 06:30:00,2021-06-06 08:15:00,2.0,3.4,4.1,6
2021-06-06 10:45:00,2021-06-06 13:45:00,3.25,0.9,2.6384615384615384,10
2021-06-06 15:45:00,2021-06-06 16:00:00,0.5,3.9,4.15,15
2021-06-06 19:15:00,2021-06-07 00:15:00,5.25,1.6,3.676190476190475,19
2021-06-07 06:45:00,2021-06-07 09:30:00,3.0,3.1,3.891666666666667,6
2021-06-07 11:15:00,2021-06-07 12:30:00,1.5,1.4,1.9666666666666668,11
2021-06-07 14:15:00,2021-06-07 16:30:00,2.5,3.8,4.319999999999999,14
2021-06-07 20:00:00,2021-06-08 01:45:00,6.0,2.2,3.834782608695652,20
2021-06-08 07:45:00,2021-06-08 09:30:00,2.0,3.8,4.1875,7
2021-06-08 11:45:00,2021-06-08 12:00:00,0.5,3.4,3.5,11
2021-06-08 14:00:00,2021-06-08 17:00:00,3.25,3.5,4.392307692307693,14
2021-06-08 21:00:00,2021-06-08 22:45:00,2.0,4.2,4.95,21
2021-06-09 08:45:00,2021-06-09 09:15:00,0.75,4.3,4.433333333333334,8
2021-06-09 15:00:00,2021-06-09 15:45:00,1.0,4.1,4.45,15
2021-06-09 22:30:00,2021-06-10 00:00:00,1.75,3.8,4.328571428571428,22
2021-06-10 11:30:00,2021-06-10 12:00:00,0.75,3.8,3.8666666666666667,11
2021-06-10 17:45:00,2021-06-10 18:45:00,1.25,4.5,4.86,17
2021-06-10 22:15:00,2021-06-11 01:15:00,3.25,3.6,4.592307692307693,22
2021-06-11 18:30:00,2021-06-11 19:00:00,0.75,4.5,4.8,18
2021-06-11 23:45:00,2021-06-12 00:30:00,1.0,4.3,4.699999999999999,23
2021-06-12 02:00:00,2021-06-12 03:00:00,1.25,3.5,3.6799999999999997,2
2021-06-12 10:45:00,2021-06-12 11:15:00,0.75,4.2,4.333333333333333,10
2021-06-12 18:30:00,2021-06-12 19:15:00,1.0,4.4,4.925000000000001,18
2021-06-13 00:15:00,2021-06-13 02:15:00,2.25,3.7,4.28888888888889,0
2021-06-13 11:45:00,2021-06-13 14:00:00,2.5,3.6,4.1,11
2021-06-14 01:30:00,2021-06-14 02:30:00,1.25,3.9,4.26,1
2021-06-14 15:30:00,2021-06-14 16:30:00,1.25,3.9,4.24,15
2021-06-15 02:00:00,2021-06-15 02:45:00,1.0,3.9,4.2,2
2021-06-15 20:00:00,2021-06-15 20:45:00,1.0,4.9,5.05,20
2021-06-15 22:30:00,2021-06-15 23:30:00,1.25,4.6,4.799999999999999,22
2021-06-16 01:45:00,2021-06-16 04:00:00,2.5,3.5,4.15,1
2021-06-16 17:45:00,2021-06-16 19:00:00,1.5,3.7,4.083333333333333,17
2021-06-17 02:45:00,2021-06-17 06:00:00,3.5,3.0,3.785714285714286,2
2021-06-17 17:45:00,2021-06-17 19:45:00,2.25,3.4,4.233333333333333,17
2021-06-18 04:45:00,2021-06-18 05:00:00,0.5,3.8,3.9,4
2021-06-18 11:00:00,2021-06-18 12:00:00,1.25,3.4,3.88,11
2021-06-18 16:15:00,2021-06-18 20:45:00,4.75,3.4,4.247368421052633,16
2021-06-19 04:15:00,2021-06-19 09:00:00,5.0,2.5,3.4900000000000007,4
2021-06-19 12:45:00,2021-06-19 14:00:00,1.5,3.7,3.9833333333333325,12
2021-06-19 17:00:00,2021-06-19 18:00:00,1.25,4.2,4.36,17
2021-06-19 20:00:00,2021-06-19 21:00:00,1.25,3.1,3.3200000000000003,20
2021-06-20 05:15:00,2021-06-20 10:00:00,5.0,2.7,3.41,5
2021-06-20 18:30:00,2021-06-20 20:00:00,1.75,4.6,4.914285714285714,18
2021-06-20 23:00:00,2021-06-21 00:00:00,1.25,3.9,4.26,23
2021-06-21 06:00:00,2021-06-21 08:00:00,2.25,3.7,4.233333333333333,6
2021-06-21 10:00:00,2021-06-21 11:00:00,1.25,2.7,3.2399999999999998,10
2021-06-21 19:15:00,2021-06-21 22:45:00,3.75,3.3,4.173333333333334,19
2021-06-22 07:15:00,2021-06-22 09:30:00,2.5,3.0,3.75,7
2021-06-22 20:15:00,2021-06-22 21:15:00,1.25,4.3,4.5,20
2021-06-23 00:00:00,2021-06-23 01:00:00,1.25,2.8,3.12,0
2021-06-23 09:30:00,2021-06-23 09:45:00,0.5,3.6,3.7,9
2021-06-23 14:00:00,2021-06-23 14:45:00,1.0,3.9,3.975,14
2021-06-23 17:15:00,2021-06-23 17:45:00,0.75,4.2,4.433333333333334,17
2021-06-24 02:15:00,2021-06-24 03:45:00,1.75,3.2,3.485714285714286,2
2021-06-24 22:15:00,2021-06-24 23:30:00,1.5,4.2,4.466666666666667,22
2021-06-25 04:15:00,2021-06-25 04:45:00,0.75,3.4,3.566666666666667,4
2021-06-25 13:30:00,2021-06-25 16:15:00,3.0,4.3,4.658333333333333,13
2021-06-25 23:00:00,2021-06-26 00:15:00,1.5,4.1,4.3999999999999995,23
2021-06-26 14:00:00,2021-06-26 18:00:00,4.25,4.1,4.858823529411765,14
2021-06-27 00:00:00,2021-06-27 01:30:00,1.75,4.0,4.371428571428571,0
2021-06-27 15:30:00,2021-06-27 18:00:00,2.75,4.3,5.236363636363635,15
2021-06-27 20:00:00,2021-06-27 21:15:00,1.5,4.6,4.8500000000000005,20
2021-06-28 02:00:00,2021-06-28 03:00:00,1.25,3.7,3.999999999999999,2
2021-06-29 02:45:00,2021-06-29 03:15:00,0.75,3.9,4.1,2
2021-06-29 16:30:00,2021-06-29 18:45:00,2.5,4.0,4.55,16
2021-06-30 02:00:00,2021-06-30 04:00:00,2.25,3.7,4.333333333333333,2
2021-06-30 06:15:00,2021-06-30 07:00:00,1.0,3.0,3.1,6
2021-06-30 17:15:00,2021-06-30 19:30:00,2.5,3.5,3.9199999999999995,17
2021-07-01 04:30:00,2021-07-01 05:30:00,1.25,3.1,3.4400000000000004,4
2021-07-01 07:00:00,2021-07-01 07:45:00,1.0,2.4,2.6,7
2021-07-01 15:30:00,2021-07-01 16:00:00,0.75,3.7,3.766666666666667,15
2021-07-01 17:45:00,2021-07-01 21:30:00,4.0,2.9,3.5625,17
2021-07-02 02:45:00,2021-07-02 03:30:00,1.0,3.8,4.25,2
2021-07-02 05:00:00,2021-07-02 08:30:00,3.75,2.2,2.8400000000000003,5
2021-07-02 18:00:00,2021-07-02 20:30:00,2.75,2.7,3.1363636363636362,18
2021-07-03 01:15:00,2021-07-03 01:30:00,0.5,3.3,3.45,1
2021-07-03 04:15:00,2021-07-03 06:15:00,2.25,2.8,3.5888888888888886,4
2021-07-03 08:00:00,2021-07-03 08:45:00,1.0,1.7,2.15,8
2021-07-03 10:30:00,2021-07-03 10:45:00,0.5,2.7,2.8,10
2021-07-03 12:45:00,2021-07-03 13:00:00,0.5,3.3,3.5,12
2021-07-03 17:15:00,2021-07-03 18:45:00,1.75,4.0,4.3428571428571425,17
2021-07-03 20:15:00,2021-07-03 23:15:00,3.25,2.7,3.0999999999999996,20
2021-07-04 05:00:00,2021-07-04 07:30:00,2.75,2.7,3.4272727272727277,5
2021-07-04 13:30:00,2021-07-04 13:45:00,0.5,3.0,3.2,13
2021-07-04 18:00:00,2021-07-04 20:30:00,2.75,3.4,4.281818181818182,18
2021-07-05 06:00:00,2021-07-05 09:00:00,3.25,2.4,3.130769230769231,6
2021-07-05 14:00:00,2021-07-05 14:30:00,0.75,3.1,3.4,14
2021-07-05 19:00:00,2021-07-05 21:15:00,2.5,3.5,4.430000000000001,19
2021-07-05 23:15:00,2021-07-05 23:45:00,0.75,2.4,2.8333333333333335,23
2021-07-06 06:45:00,2021-07-06 08:45:00,2.25,2.6,3.288888888888889,6
2021-07-06 15:00:00,2021-07-06 15:30:00,0.75,3.1,3.3000000000000003,15
2021-07-06 19:45:00,2021-07-06 21:30:00,2.0,3.6,4.35,19
2021-07-07 01:45:00,2021-07-07 02:00:00,0.5,2.9,3.0,1
2021-07-07 07:30:00,2021-07-07 09:00:00,1.75,3.1,3.4857142857142853,7
2021-07-07 21:45:00,2021-07-07 22:15:00,0.75,3.8,4.033333333333334,21
2021-07-08 05:00:00,2021-07-08 05:15:00,0.5,5.3,5.4,5
2021-07-08 07:00:00,2021-07-08 07:30:00,0.75,4.6,4.766666666666667,7
2021-07-08 11:45:00,2021-07-08 12:45:00,1.25,4.0,4.659999999999999,11
2021-07-08 21:15:00,2021-07-09 00:00:00,3.0,4.0,4.716666666666666,21
2021-07-09 10:00:00,2021-07-09 11:30:00,1.75,3.6,3.942857142857143,10
2021-07-09 21:30:00,2021-07-10 00:15:00,3.0,3.8,4.508333333333334,21
2021-07-10 09:45:00,2021-07-10 11:00:00,1.5,4.1,4.25,9
2021-07-10 22:30:00,2021-07-11 00:15:00,2.0,4.0,4.512499999999999,22
2021-07-11 13:30:00,2021-07-11 14:15:00,1.0,3.5,4.0249999999999995,13
2021-07-11 16:00:00,2021-07-11 17:15:00,1.5,4.6,4.733333333333333,16
2021-07-11 19:30:00,2021-07-11 20:30:00,1.25,4.8,5.02,19
2021-07-11 23:00:00,2021-07-12 00:30:00,1.75,4.3,4.714285714285714,23
2021-07-13 00:00:00,2021-07-13 01:30:00,1.75,4.2,4.571428571428571,0
2021-07-13 04:00:00,2021-07-13 05:15:00,1.5,3.3,3.5500000000000003,4
2021-07-13 13:30:00,2021-07-13 15:00:00,1.75,3.3,3.757142857142857,13
2021-07-13 22:00:00,2021-07-13 22:30:00,0.75,4.2,4.366666666666667,22
2021-07-14 15:30:00,2021-07-14 17:15:00,2.0,4.1,4.475,15
2021-07-14 22:15:00,2021-07-14 23:15:00,1.25,4.3,4.64,22
2021-07-15 13:30:00,2021-07-15 13:45:00,0.5,3.5,3.6,13
2021-07-15 16:30:00,2021-07-15 18:30:00,2.25,3.4,3.933333333333333,16
2021-07-16 00:00:00,2021-07-16 00:15:00,0.5,4.2,4.300000000000001,0
2021-07-16 04:45:00,2021-07-16 07:15:00,2.75,2.7,3.1545454545454548,4
2021-07-16 17:00:00,2021-07-16 19:45:00,3.0,3.5,4.133333333333334,17
2021-07-17 00:30:00,2021-07-17 01:15:00,1.0,4.4,4.625,0
2021-07-17 04:30:00,2021-07-17 05:15:00,1.0,3.4,3.675,4
2021-07-17 07:00:00,2021-07-17 08:00:00,1.25,2.3,2.7,7
2021-07-17 18:00:00,2021-07-17 20:00:00,2.25,3.0,3.577777777777778,18
2021-07-18 03:30:00,2021-07-18 06:45:00,3.5,2.5,3.535714285714286,3
2021-07-18 19:00:00,2021-07-18 19:45:00,1.0,3.2,3.425,19
2021-07-18 21:15:00,2021-07-18 21:30:00,0.5,2.1,2.5,21
2021-07-19 04:30:00,2021-07-19 07:30:00,3.25,2.5,3.261538461538462,4
2021-07-20 05:30:00,2021-07-20 07:15:00,2.0,3.0,3.4124999999999996,5
2021-07-20 19:00:00,2021-07-20 20:00:00,1.25,3.6,3.84,19
2021-07-21 16:30:00,2021-07-21 16:45:00,0.5,3.9,4.0,16
2021-07-21 20:00:00,2021-07-21 21:15:00,1.5,3.5,3.766666666666667,20
2021-07-23 02:15:00,2021-07-23 03:15:00,1.25,2.6,3.0799999999999996,2
2021-07-23 13:30:00,2021-07-23 14:45:00,1.5,3.0,3.6166666666666667,13
2021-07-24 03:15:00,2021-07-24 04:45:00,1.75,2.4,2.957142857142857,3
2021-07-24 14:15:00,2021-07-24 15:00:00,1.0,3.9,4.025,14
2021-07-25 04:45:00,2021-07-25 05:15:00,0.75,3.1,3.266666666666666,4
2021-07-25 14:45:00,2021-07-25 15:30:00,1.0,3.3,4.05,14
2021-07-26 16:00:00,2021-07-26 16:30:00,0.75,3.8,4.0,16
2021-07-27 00:15:00,2021-07-27 01:30:00,1.5,2.9,3.5833333333333335,0
2021-07-27 16:30:00,2021-07-27 17:00:00,0.75,3.1,3.266666666666667,16
2021-07-28 05:15:00,2021-07-28 07:00:00,2.0,2.8,3.0625,5
2021-07-28 23:15:00,2021-07-28 23:30:00,0.5,3.4,3.5,23
2021-07-29 13:15:00,2021-07-29 14:15:00,1.25,2.6,2.92,13
2021-07-29 17:45:00,2021-07-29 18:45:00,1.25,3.2,3.5,17
2021-07-30 00:30:00,2021-07-30 02:15:00,2.0,2.6,3.3375000000000004,0
2021-07-30 03:45:00,2021-07-30 04:15:00,0.75,3.2,3.366666666666667,3
2021-07-30 06:15:00,2021-07-30 07:00:00,1.0,2.0,2.4749999999999996,6
2021-07-30 13:15:00,2021-07-30 14:45:00,1.75,2.5,3.2857142857142856,13
2021-07-30 18:30:00,2021-07-30 19:30:00,1.25,2.8,3.16,18
2021-07-31 03:30:00,2021-07-31 04:15:00,1.0,3.2,3.55,3
2021-07-31 06:00:00,2021-07-31 08:00:00,2.25,1.8,2.155555555555556,6
2021-07-31 17:15:00,2021-07-31 20:15:00,3.25,1.7,2.661538461538462,17
2021-08-01 01:15:00,2021-08-01 01:30:00,0.5,3.0,3.15,1
2021-08-01 03:30:00,2021-08-01 05:00:00,1.75,2.7,3.0285714285714285,3
2021-08-01 06:45:00,2021-08-01 08:45:00,2.25,1.5,1.911111111111111,6
2021-08-01 12:45:00,2021-08-01 13:30:00,1.0,2.9,3.075,12
2021-08-02 01:45:00,2021-08-02 04:00:00,2.5,2.6,3.03,1
2021-08-02 05:45:00,2021-08-02 06:00:00,0.5,2.3,2.5999999999999996,5
2021-08-02 12:45:00,2021-08-02 14:00:00,1.5,3.0,3.216666666666667,12
2021-08-02 17:30:00,2021-08-02 18:45:00,1.5,3.4,3.5833333333333335,17
2021-08-03 06:30:00,2021-08-03 07:00:00,0.75,2.4,2.6333333333333333,6
2021-08-03 13:30:00,2021-08-03 14:00:00,0.75,2.6,2.766666666666666,13
2021-08-04 11:00:00,2021-08-04 11:45:00,1.0,2.4,2.475,11
2021-08-04 23:30:00,2021-08-05 01:00:00,1.75,2.6,2.871428571428571,23
2021-08-06 12:15:00,2021-08-06 14:00:00,2.0,2.7,3.1125000000000003,12
2021-08-07 02:00:00,2021-08-07 02:15:00,0.5,2.6,2.8,2
2021-08-07 12:45:00,2021-08-07 13:15:00,0.75,2.5,2.733333333333333,12
2021-08-08 12:45:00,2021-08-08 14:15:00,1.75,3.0,3.2857142857142856,12
2021-08-08 19:00:00,2021-08-08 19:30:00,0.75,3.4,3.566666666666667,19
2021-08-09 14:45:00,2021-08-09 16:00:00,1.5,3.7,3.983333333333333,14
2021-08-10 15:30:00,2021-08-10 16:30:00,1.25,3.7,4.04,15
2021-08-11 11:45:00,2021-08-11 12:00:00,0.5,2.4,2.5999999999999996,11
2021-08-11 16:15:00,2021-08-11 18:30:00,2.5,3.4,4.2299999999999995,16
2021-08-12 04:45:00,2021-08-12 05:15:00,0.75,3.0,3.1,4
2021-08-12 12:15:00,2021-08-12 12:45:00,0.75,2.4,2.6333333333333333,12
2021-08-13 04:45:00,2021-08-13 06:00:00,1.5,3.0,3.15,4
2021-08-13 12:45:00,2021-08-13 13:45:00,1.25,2.3,2.6,12
2021-08-13 17:45:00,2021-08-13 18:45:00,1.25,3.3,3.56,17
2021-08-15 06:45:00,2021-08-15 07:45:00,1.25,2.4,2.6000000000000005,6
2021-08-17 09:30:00,2021-08-17 11:30:00,2.25,3.0,3.5333333333333337,9
2021-08-18 10:15:00,2021-08-18 10:30:00,0.5,2.4,2.5,10
2021-08-18 18:45:00,2021-08-18 20:00:00,1.5,3.6,3.8166666666666664,18
2021-08-19 06:45:00,2021-08-19 08:00:00,1.5,2.9,3.283333333333333,6
2021-08-19 11:00:00,2021-08-19 11:30:00,0.75,2.0,2.3333333333333335,11
2021-08-19 16:45:00,2021-08-19 17:15:00,0.75,3.3,3.4666666666666663,16
2021-08-20 17:15:00,2021-08-20 18:00:00,1.0,3.0,3.2,17
2021-08-21 01:45:00,2021-08-21 03:30:00,2.0,2.5,2.8875,1
2021-08-22 13:15:00,2021-08-22 14:00:00,1.0,3.0,3.1,13
2021-08-23 14:00:00,2021-08-23 15:00:00,1.25,2.7,3.04,14
2021-08-24 03:30:00,2021-08-24 04:15:00,1.0,2.6,2.8499999999999996,3
2021-08-24 15:45:00,2021-08-24 16:30:00,1.0,3.6,3.85,15
2021-08-24 21:00:00,2021-08-24 21:30:00,0.75,3.4,3.533333333333333,21
2021-08-25 03:15:00,2021-08-25 04:30:00,1.5,2.3,2.8333333333333335,3
2021-08-25 16:30:00,2021-08-25 18:45:00,2.5,3.3,3.9199999999999995,16
2021-08-26 04:30:00,2021-08-26 05:00:00,0.75,2.4,2.6333333333333333,4
2021-08-26 16:30:00,2021-08-26 18:00:00,1.75,3.4,3.657142857142857,16
2021-08-27 17:15:00,2021-08-27 18:15:00,1.25,3.3,3.72,17
2021-08-28 02:45:00,2021-08-28 03:15:00,0.75,3.3,3.4666666666666663,2
2021-08-28 06:00:00,2021-08-28 06:15:00,0.5,2.4,2.55,6
2021-08-28 18:30:00,2021-08-28 19:15:00,1.0,2.8,3.2,18
2021-08-29 00:45:00,2021-08-29 02:00:00,1.5,2.7,3.4166666666666665,0
2021-08-29 06:15:00,2021-08-29 06:45:00,0.75,2.4,2.566666666666667,6
2021-08-29 19:00:00,2021-08-29 19:30:00,0.75,2.9,3.0999999999999996,19
2021-08-30 15:30:00,2021-08-30 15:45:00,0.5,2.6,2.95,15
2021-08-31 05:15:00,2021-08-31 05:30:00,0.5,2.7,2.8,5
2021-08-31 08:00:00,2021-08-31 08:45:00,1.0,1.9,2.1500000000000004,8
2021-08-31 21:00:00,2021-08-31 21:15:00,0.5,2.1,2.35,21
2021-09-01 04:00:00,2021-09-01 05:00:00,1.25,2.8,3.12,4
2021-09-01 06:30:00,2021-09-01 06:45:00,0.5,2.7,2.8,6
2021-09-01 09:15:00,2021-09-01 09:30:00,0.5,1.4,1.65,9
2021-09-01 17:00:00,2021-09-01 17:15:00,0.5,3.0,3.2,17
2021-09-01 21:00:00,2021-09-01 22:30:00,1.75,2.0,2.3714285714285714,21
2021-09-02 04:15:00,2021-09-02 05:15:00,1.25,1.9,2.2199999999999998,4
2021-09-02 09:30:00,2021-09-02 09:45:00,0.5,1.5,1.75,9
2021-09-02 13:45:00,2021-09-02 15:00:00,1.5,3.1,3.4166666666666665,13
2021-09-02 21:45:00,2021-09-02 23:15:00,1.75,2.6,2.8285714285714287,21
2021-09-03 08:00:00,2021-09-03 08:15:00,0.5,3.1,3.2,8
2021-09-03 19:30:00,2021-09-03 21:00:00,1.75,3.6,3.985714285714286,19
2021-09-04 12:00:00,2021-09-04 12:45:00,1.0,2.7,3.3000000000000003,12
2021-09-04 20:15:00,2021-09-04 21:30:00,1.5,3.9,4.033333333333332,20
2021-09-05 12:00:00,2021-09-05 14:00:00,2.25,2.9,3.5444444444444447,12
2021-09-06 09:00:00,2021-09-06 09:15:00,0.5,2.7,2.95,9
2021-09-06 13:30:00,2021-09-06 14:00:00,0.75,2.5,3.033333333333333,13
2021-09-07 13:45:00,2021-09-07 14:45:00,1.25,2.6,3.1399999999999997,13
2021-09-08 15:00:00,2021-09-08 15:15:00,0.5,3.7,3.8,15
2021-09-08 23:00:00,2021-09-08 23:15:00,0.5,2.6,2.95,23
2021-09-09 03:30:00,2021-09-09 04:15:00,1.0,2.9,3.075,3
2021-09-09 16:15:00,2021-09-09 17:30:00,1.5,3.6,4.066666666666666,16
2021-09-10 04:15:00,2021-09-10 05:00:00,1.0,3.2,3.375,4
2021-09-10 17:45:00,2021-09-10 19:00:00,1.5,4.1,4.383333333333334,17
2021-09-11 00:45:00,2021-09-11 01:00:00,0.5,3.5,3.6,0
2021-09-11 05:00:00,2021-09-11 05:45:00,1.0,3.3,3.6000000000000005,5
2021-09-12 18:30:00,2021-09-12 18:45:00,0.5,4.1,4.199999999999999,18
2021-09-13 06:30:00,2021-09-13 07:15:00,1.0,3.1,3.35,6
2021-09-13 19:30:00,2021-09-13 20:30:00,1.25,3.7,3.8200000000000003,19
2021-09-14 03:00:00,2021-09-14 03:15:00,0.5,2.9,3.3499999999999996,3
2021-09-14 04:45:00,2021-09-14 05:15:00,0.75,3.4,3.566666666666667,4
2021-09-14 20:45:00,2021-09-14 21:00:00,0.5,3.3,3.4,20
2021-09-15 04:15:00,2021-09-15 04:30:00,0.5,2.7,3.1500000000000004,4
2021-09-15 08:30:00,2021-09-15 10:15:00,2.0,2.6,2.8625,8
2021-09-18 00:15:00,2021-09-18 00:30:00,0.5,2.7,2.9000000000000004,0
2021-09-18 11:15:00,2021-09-18 12:15:00,1.25,2.0,2.88,11
2021-09-18 14:45:00,2021-09-18 16:15:00,1.75,3.0,3.4857142857142853,14
2021-09-19 01:30:00,2021-09-19 03:15:00,2.0,3.1,3.4375,1
2021-09-20 02:45:00,2021-09-20 03:45:00,1.25,2.5,3.3200000000000003,2
2021-09-20 15:15:00,2021-09-20 16:45:00,1.75,3.9,4.3428571428571425,15
2021-09-20 22:00:00,2021-09-20 22:15:00,0.5,3.8,3.9,22
2021-09-21 02:45:00,2021-09-21 03:00:00,0.5,3.1,3.2,2
2021-09-21 16:30:00,2021-09-21 17:30:00,1.25,3.7,3.9200000000000004,16
2021-09-22 15:15:00,2021-09-22 15:30:00,0.5,3.7,3.8,15
2021-09-22 22:45:00,2021-09-22 23:00:00,0.5,3.8,3.9499999999999997,22
2021-09-23 15:30:00,2021-09-23 16:30:00,1.25,4.0,4.340000000000001,15
2021-09-24 03:30:00,2021-09-24 04:30:00,1.25,3.4,3.6,3
2021-09-24 15:45:00,2021-09-24 16:45:00,1.25,4.6,4.9,15
2021-09-25 03:30:00,2021-09-25 04:45:00,1.5,3.9,4.116666666666666,3
2021-09-25 16:15:00,2021-09-25 17:45:00,1.75,4.4,5.014285714285714,16
2021-09-26 00:30:00,2021-09-26 00:45:00,0.5,4.1,4.199999999999999,0
2021-09-26 16:45:00,2021-09-26 18:00:00,1.5,4.7,4.999999999999999,16
2021-09-27 05:15:00,2021-09-27 06:00:00,1.0,3.6,3.85,5
2021-09-30 04:15:00,2021-09-30 04:30:00,0.5,3.8,3.9,4
2021-10-01 06:00:00,2021-10-01 06:45:00,1.0,3.3,3.575,6
2021-10-01 13:00:00,2021-10-01 13:15:00,0.5,3.1,3.2,13
2021-10-03 20:00:00,2021-10-03 21:15:00,1.5,3.8,4.1499999999999995,20
2021-10-04 00:45:00,2021-10-04 01:45:00,1.25,3.6,3.9,0
2021-10-05 02:15:00,2021-10-05 03:00:00,1.0,3.8,3.9749999999999996,2
2021-10-06 02:00:00,2021-10-06 03:45:00,2.0,3.8,4.112500000000001,2
2021-10-06 15:00:00,2021-10-06 16:15:00,1.5,3.7,4.1499999999999995,15
2021-10-18 13:30:00,2021-10-18 15:45:00,2.5,5.3,5.63,13
2021-10-19 15:15:00,2021-10-19 15:45:00,0.75,5.9,6.033333333333334,15
2021-10-20 09:15:00,2021-10-20 09:45:00,0.75,4.4,4.533333333333333,9
2021-10-22 15:30:00,2021-10-22 16:00:00,0.75,5.2,5.3999999999999995,15
2021-10-22 21:15:00,2021-10-22 22:45:00,1.75,5.0,5.414285714285714,21
2021-10-24 11:45:00,2021-10-24 12:15:00,0.75,4.7,4.833333333333333,11
2021-10-25 02:00:00,2021-10-25 03:00:00,1.25,4.8,5.0200000000000005,2
2021-10-25 06:15:00,2021-10-25 06:45:00,0.75,4.5,4.633333333333333,6
2021-10-25 16:45:00,2021-10-25 19:45:00,3.25,4.7,5.038461538461538,16
2021-10-26 02:00:00,2021-10-26 03:15:00,1.5,4.2,4.583333333333333,2
2021-10-26 05:15:00,2021-10-26 07:00:00,2.0,3.9,4.0375,5
2021-10-29 05:30:00,2021-10-29 06:15:00,1.0,4.8,5.075,5
2021-10-31 04:45:00,2021-10-31 05:45:00,1.25,5.5,5.680000000000001,4
2021-10-31 13:30:00,2021-10-31 14:00:00,0.75,5.5,5.566666666666666,13
2021-11-05 08:00:00,2021-11-05 08:15:00,0.5,6.1,6.199999999999999,8
2021-11-18 00:30:00,2021-11-18 01:15:00,1.0,6.9,7.074999999999999,0
2021-11-19 14:30:00,2021-11-19 15:15:00,1.0,7.3,7.375,14
2021-11-19 19:15:00,2021-11-19 20:30:00,1.5,7.2,7.483333333333333,19
2021-11-23 04:15:00,2021-11-23 04:45:00,0.75,6.8,6.966666666666668,4
2021-11-24 23:30:00,2021-11-25 00:45:00,1.5,8.1,8.416666666666668,23
2021-11-25 09:30:00,2021-11-25 10:45:00,1.5,8.2,8.433333333333332,9
2021-11-26 00:15:00,2021-11-26 01:30:00,1.5,8.2,8.616666666666667,0
2021-11-26 18:30:00,2021-11-26 18:45:00,0.5,8.2,8.35,18
2021-11-27 07:30:00,2021-11-27 08:00:00,0.75,7.7,7.8,7
2021-11-27 20:30:00,2021-11-27 21:00:00,0.75,8.5,8.7,20
2021-11-28 03:45:00,2021-11-28 04:00:00,0.5,7.5,7.65,3
2021-11-28 19:30:00,2021-11-28 20:45:00,1.5,7.9,8.216666666666667,19
2021-11-29 08:45:00,2021-11-29 09:30:00,1.0,7.2,7.55,8
2021-11-29 21:15:00,2021-11-29 22:15:00,1.25,7.2,7.660000000000001,21
2021-11-30 22:00:00,2021-11-30 23:15:00,1.5,7.9,8.033333333333333,22
2021-12-02 05:30:00,2021-12-02 06:30:00,1.25,7.9,8.22,5
2021-12-03 06:45:00,2021-12-03 07:45:00,1.25,7.6,7.9,6
2021-12-03 18:45:00,2021-12-03 19:00:00,0.5,8.4,8.5,18
2021-12-04 06:30:00,2021-12-04 07:45:00,1.5,7.5,7.966666666666668,6
2021-12-04 19:30:00,2021-12-04 20:15:00,1.0,8.1,8.375,19
2021-12-05 07:30:00,2021-12-05 08:45:00,1.5,7.4,7.866666666666667,7
2021-12-05 20:30:00,2021-12-05 21:00:00,0.75,8.2,8.366666666666665,20
2021-12-06 09:15:00,2021-12-06 09:45:00,0.75,7.2,7.433333333333334,9
2021-12-07 10:45:00,2021-12-07 11:00:00,0.5,7.3,7.4,10
2021-12-08 05:45:00,2021-12-08 07:00:00,1.5,6.9,7.2,5
2021-12-09 01:15:00,2021-12-09 01:30:00,0.5,6.5,6.9,1
2021-12-11 20:00:00,2021-12-11 21:45:00,2.0,6.9,7.175,20
2021-12-12 06:00:00,2021-12-12 10:30:00,4.75,5.5,6.526315789473684,6
2021-12-12 13:30:00,2021-12-12 13:45:00,0.5,7.3,7.4,13
2021-12-12 21:15:00,2021-12-12 21:45:00,0.75,6.3,6.533333333333334,21
2021-12-13 17:30:00,2021-12-13 17:45:00,0.5,7.2,7.35,17
2021-12-13 23:15:00,2021-12-13 23:45:00,0.75,6.3,6.7,23
2021-12-14 22:30:00,2021-12-15 00:45:00,2.5,6.6,6.839999999999999,22
2021-12-15 21:00:00,2021-12-15 22:30:00,1.75,7.2,7.457142857142857,21
2021-12-16 00:30:00,2021-12-16 01:15:00,1.0,5.8,6.675,0
2021-12-17 00:00:00,2021-12-17 02:00:00,2.25,5.9,6.7,0
2021-12-17 13:15:00,2021-12-17 13:45:00,0.75,6.7,7.066666666666666,13
2021-12-17 22:30:00,2021-12-18 01:00:00,2.75,6.2,6.863636363636365,22
2021-12-18 09:15:00,2021-12-18 09:30:00,0.5,6.7,6.9,9
2021-12-18 14:15:00,2021-12-18 15:30:00,1.5,6.9,7.483333333333334,14
2021-12-18 22:45:00,2021-12-19 02:00:00,3.5,6.0,6.864285714285715,22
2021-12-19 07:45:00,2021-12-19 10:00:00,2.5,7.0,7.55,7
2021-12-19 13:30:00,2021-12-19 15:15:00,2.0,6.1,6.8375,13
2021-12-19 23:30:00,2021-12-20 00:15:00,1.0,6.8,7.1000000000000005,23
2021-12-20 01:45:00,2021-12-20 02:45:00,1.25,6.2,6.32,1
2021-12-21 03:15:00,2021-12-21 04:45:00,1.75,7.6,7.928571428571429,3
2021-12-21 17:15:00,2021-12-21 18:00:00,1.0,8.4,8.5,17
2021-12-22 03:00:00,2021-12-22 05:00:00,2.25,7.9,7.98888888888889,3
2021-12-23 18:30:00,2021-12-23 20:30:00,2.25,9.8,9.944444444444445,18
2021-12-23 22:15:00,2021-12-23 22:45:00,0.75,9.5,9.633333333333333,22
2021-12-24 05:45:00,2021-12-24 06:30:00,1.0,9.0,9.149999999999999,5
2021-12-24 17:15:00,2021-12-24 18:15:00,1.25,10.0,10.26,17
2021-12-24 23:30:00,2021-12-24 23:45:00,0.5,9.7,9.899999999999999,23
2021-12-25 06:00:00,2021-12-25 07:00:00,1.25,9.3,9.4,6
2021-12-25 17:30:00,2021-12-25 18:45:00,1.5,9.9,10.15,17
2021-12-26 00:15:00,2021-12-26 02:00:00,2.0,8.5,9.175,0
2021-12-26 05:30:00,2021-12-26 07:00:00,1.75,8.5,9.042857142857143,5
2021-12-26 18:15:00,2021-12-26 20:00:00,2.0,9.0,9.375,18
2021-12-26 23:30:00,2021-12-26 23:45:00,0.5,9.2,9.3,23
2021-12-27 03:15:00,2021-12-27 03:45:00,0.75,8.5,8.6,3
2021-12-27 07:00:00,2021-12-27 08:15:00,1.5,6.9,7.6000000000000005,7
2021-12-27 20:15:00,2021-12-27 21:00:00,1.0,7.6,7.875,20
2021-12-28 04:15:00,2021-12-28 06:45:00,2.75,7.9,8.481818181818182,4
2021-12-28 09:00:00,2021-12-28 10:00:00,1.25,6.6,6.9799999999999995,9
2021-12-28 17:45:00,2021-12-28 18:30:00,1.0,7.8,8.1,17
2021-12-28 20:00:00,2021-12-28 21:30:00,1.75,5.6,6.857142857142857,20
2021-12-29 07:15:00,2021-12-29 10:30:00,3.5,6.3,7.35,7
2021-12-29 17:15:00,2021-12-29 20:00:00,3.0,7.1,7.966666666666666,17
2021-12-29 22:00:00,2021-12-29 22:45:00,1.0,5.5,6.15,22
2021-12-30 06:45:00,2021-12-30 10:00:00,3.5,7.3,7.742857142857142,6
2021-12-30 18:30:00,2021-12-30 21:00:00,2.75,6.8,7.6,18
2021-12-30 23:00:00,2021-12-30 23:45:00,1.0,5.9,6.25,23
2021-12-31 12:00:00,2021-12-31 13:00:00,1.25,6.7,6.980000000000001,12
2021-12-31 21:45:00,2022-01-01 01:00:00,3.5,5.7,6.435714285714285,21
2022-01-01 08:15:00,2022-01-01 09:00:00,1.0,6.8,6.95,8
2022-01-01 14:00:00,2022-01-01 15:45:00,2.0,7.1,7.262499999999999,14
2022-01-02 01:00:00,2022-01-02 02:00:00,1.25,5.8,6.000000000000001,1
2022-01-02 14:30:00,2022-01-02 15:00:00,0.75,7.0,7.266666666666667,14
2022-01-03 01:00:00,2022-01-03 03:15:00,2.5,5.6,6.209999999999999,1
2022-01-03 09:15:00,2022-01-03 10:45:00,1.75,7.2,7.757142857142858,9
2022-01-03 21:45:00,2022-01-03 22:45:00,1.25,7.4,7.68,21
2022-01-04 03:15:00,2022-01-04 03:45:00,0.75,5.9,6.7,3
2022-01-04 16:45:00,2022-01-04 18:15:00,1.75,7.9,8.400000000000002,16
2022-01-05 18:00:00,2022-01-05 19:15:00,1.5,8.1,8.35,18
2022-01-08 06:15:00,2022-01-08 07:30:00,1.5,8.4,8.583333333333332,6
2022-01-08 19:30:00,2022-01-08 20:00:00,0.75,9.4,9.5,19
2022-01-09 08:15:00,2022-01-09 09:00:00,1.0,9.0,9.075,8
2022-01-09 19:30:00,2022-01-09 21:15:00,2.0,8.8,9.0625,19
2022-01-10 06:15:00,2022-01-10 06:45:00,0.75,8.2,8.366666666666665,6
2022-01-14 11:45:00,2022-01-14 12:30:00,1.0,8.2,8.274999999999999,11
2022-01-15 23:45:00,2022-01-16 02:00:00,2.5,8.2,8.5,23
2022-01-17 13:15:00,2022-01-17 14:15:00,1.25,8.7,8.919999999999998,13
2022-01-18 06:45:00,2022-01-18 07:00:00,0.5,9.5,9.6,6
2022-01-18 15:00:00,2022-01-18 15:15:00,0.5,9.7,9.8,15
2022-01-21 04:15:00,2022-01-21 05:00:00,1.0,9.0,9.125,4
2022-01-21 09:00:00,2022-01-21 09:15:00,0.5,9.5,9.6,9
2022-01-22 10:00:00,2022-01-22 10:30:00,0.75,9.3,9.5,10
2022-01-22 22:30:00,2022-01-22 23:00:00,0.75,9.8,9.966666666666667,22
2022-01-23 11:00:00,2022-01-23 11:30:00,0.75,9.6,9.799999999999999,11
2022-01-24 12:00:00,2022-01-24 12:15:00,0.5,9.9,10.0,12
2022-01-25 00:30:00,2022-01-25 01:00:00,0.75,10.1,10.266666666666667,0
2022-01-25 13:00:00,2022-01-25 13:30:00,0.75,9.9,10.066666666666665,13
2022-01-26 01:15:00,2022-01-26 01:45:00,0.75,10.1,10.266666666666667,1
2022-01-26 20:30:00,2022-01-26 21:15:00,1.0,9.5,9.600000000000001,20
2022-01-28 03:15:00,2022-01-28 03:45:00,0.75,9.7,9.9,3
2022-01-30 05:15:00,2022-01-30 06:30:00,1.5,9.6,9.95,5
2022-01-31 07:30:00,2022-01-31 08:00:00,0.75,9.7,9.933333333333334,7
2022-02-01 08:00:00,2022-02-01 08:30:00,0.75,9.4,9.6,8
2022-02-02 09:00:00,2022-02-02 09:30:00,0.75,9.4,9.6,9
2022-02-03 10:15:00,2022-02-03 10:30:00,0.5,9.2,9.3,10
2022-02-03 16:45:00,2022-02-03 17:00:00,0.5,9.3,9.5,16
2022-02-04 04:00:00,2022-02-04 05:00:00,1.25,7.5,8.02,4
2022-02-04 16:15:00,2022-02-04 17:30:00,1.5,8.7,9.0,16
2022-02-05 00:30:00,2022-02-05 02:45:00,2.5,8.2,9.05,0
2022-02-05 05:15:00,2022-02-05 06:30:00,1.5,7.2,7.55,5
2022-02-09 08:30:00,2022-02-09 09:00:00,0.75,8.8,8.866666666666667,8
2022-02-12 22:30:00,2022-02-12 23:45:00,1.5,8.0,8.183333333333332,22
2022-02-13 03:15:00,2022-02-13 04:30:00,1.5,8.7,8.799999999999999,3
2022-02-14 04:15:00,2022-02-14 05:30:00,1.5,8.7,8.816666666666665,4
2022-02-15 00:15:00,2022-02-15 01:30:00,1.5,8.0,8.3,0
2022-02-15 05:00:00,2022-02-15 05:45:00,1.0,8.9,9.1,5
2022-02-15 13:45:00,2022-02-15 14:15:00,0.75,8.7,9.0,13
2022-02-16 02:00:00,2022-02-16 02:15:00,0.5,8.0,8.15,2
2022-02-17 02:15:00,2022-02-17 03:00:00,1.0,8.1,8.25,2
2022-02-17 15:15:00,2022-02-17 15:45:00,0.75,8.8,9.066666666666666,15
2022-02-18 00:30:00,2022-02-18 01:15:00,1.0,8.2,8.425,0
2022-02-18 14:30:00,2022-02-18 16:15:00,2.0,7.3,7.925000000000001,14
2022-02-19 00:30:00,2022-02-19 01:45:00,1.5,7.4,7.8500000000000005,0
2022-02-19 16:00:00,2022-02-19 16:45:00,1.0,8.1,8.424999999999999,16
2022-02-20 04:30:00,2022-02-20 04:45:00,0.5,7.5,7.6,4
2022-02-21 17:00:00,2022-02-21 18:00:00,1.25,8.5,8.8,17
2022-02-22 01:30:00,2022-02-22 03:45:00,2.5,8.0,8.38,1
2022-02-22 06:00:00,2022-02-22 07:00:00,1.25,6.9,7.18,6
2022-02-22 17:15:00,2022-02-22 18:30:00,1.5,7.5,7.816666666666666,17
2022-02-23 02:30:00,2022-02-23 05:00:00,2.75,7.2,7.927272727272728,2
2022-02-23 06:30:00,2022-02-23 08:00:00,1.75,6.1,6.4,6
2022-02-23 17:45:00,2022-02-23 18:45:00,1.25,6.6,7.0,17
2022-02-24 00:00:00,2022-02-24 00:15:00,0.5,7.7,7.800000000000001,0
2022-02-24 05:00:00,2022-02-24 08:30:00,3.75,5.4,6.3533333333333335,5
2022-02-24 16:45:00,2022-02-24 17:15:00,0.75,7.0,7.166666666666667,16
2022-02-24 19:00:00,2022-02-24 21:00:00,2.25,5.5,5.855555555555556,19
2022-02-25 05:00:00,2022-02-25 09:45:00,5.0,4.8,6.470000000000001,5
2022-02-25 17:45:00,2022-02-25 21:30:00,4.0,4.7,5.83125,17
2022-02-26 05:45:00,2022-02-26 08:45:00,3.25,5.5,6.738461538461539,5
2022-02-26 10:15:00,2022-02-26 11:45:00,1.75,4.2,5.214285714285714,10
2022-02-26 18:00:00,2022-02-26 21:15:00,3.5,5.4,6.514285714285713,18
2022-02-27 20:45:00,2022-02-27 21:30:00,1.0,5.9,6.15,20
2022-03-03 02:00:00,2022-03-03 03:15:00,1.5,5.6,6.166666666666667,2
2022-03-03 14:15:00,2022-03-03 15:45:00,1.75,6.1,7.328571428571429,14
2022-03-04 03:00:00,2022-03-04 03:30:00,0.75,5.9,6.066666666666667,3
2022-03-04 16:00:00,2022-03-04 16:30:00,0.75,6.5,7.1000000000000005,16
2022-03-05 04:00:00,2022-03-05 04:45:00,1.0,5.8,6.2250000000000005,4
2022-03-05 16:15:00,2022-03-05 16:30:00,0.5,6.9,7.0,16
2022-03-06 16:00:00,2022-03-06 17:30:00,1.75,6.7,6.857142857142857,16
2022-03-07 02:15:00,2022-03-07 05:45:00,3.75,3.9,5.526666666666667,2
2022-03-07 12:30:00,2022-03-07 12:45:00,0.5,6.1,6.199999999999999,12
2022-03-07 17:00:00,2022-03-07 17:15:00,0.5,4.8,5.25,17
2022-03-07 22:30:00,2022-03-07 22:45:00,0.5,6.8,6.9,22
2022-03-08 02:45:00,2022-03-08 06:30:00,4.0,3.6,5.3062499999999995,2
2022-03-08 11:15:00,2022-03-08 11:45:00,0.75,5.3,5.833333333333333,11
2022-03-08 16:15:00,2022-03-08 17:45:00,1.75,4.7,5.6000000000000005,16
2022-03-08 22:00:00,2022-03-08 22:45:00,1.0,6.2,6.3999999999999995,22
2022-03-09 01:45:00,2022-03-09 02:00:00,0.5,5.9,6.15,1
2022-03-09 03:30:00,2022-03-09 07:30:00,4.25,3.5,4.952941176470588,3
2022-03-09 13:30:00,2022-03-09 14:30:00,1.25,5.6,6.0,13
2022-03-09 17:00:00,2022-03-09 19:15:00,2.5,4.3,4.81,17
2022-03-09 23:00:00,2022-03-09 23:15:00,0.5,5.7,5.800000000000001,23
2022-03-10 02:30:00,2022-03-10 02:45:00,0.5,5.4,5.800000000000001,2
2022-03-10 04:30:00,2022-03-10 08:00:00,3.75,4.3,5.013333333333334,4
2022-03-10 14:30:00,2022-03-10 16:30:00,2.25,4.9,5.6,14
2022-03-10 18:00:00,2022-03-10 19:00:00,1.25,4.3,4.680000000000001,18
2022-03-11 04:00:00,2022-03-11 06:30:00,2.75,5.0,5.754545454545454,4
2022-03-11 14:30:00,2022-03-11 16:45:00,2.5,5.4,5.67,14
2022-03-11 21:00:00,2022-03-11 22:00:00,1.25,4.6,4.92,21
2022-03-12 07:00:00,2022-03-12 08:00:00,1.25,5.3,5.64,7
2022-03-12 12:45:00,2022-03-12 13:15:00,0.75,5.4,5.5,12
2022-03-12 20:15:00,2022-03-12 23:00:00,3.0,6.1,6.591666666666668,20
2022-03-13 03:30:00,2022-03-13 05:30:00,2.25,6.5,6.888888888888889,3
2022-03-13 13:30:00,2022-03-13 14:30:00,1.25,6.7,7.159999999999999,13
2022-03-13 16:45:00,2022-03-13 18:30:00,2.0,6.1,6.525,16
2022-03-13 22:30:00,2022-03-13 23:15:00,1.0,6.7,6.825,22
2022-03-14 03:00:00,2022-03-14 04:00:00,1.25,6.8,7.019999999999999,3
2022-03-14 11:30:00,2022-03-14 14:00:00,2.75,6.6,7.036363636363637,11
2022-03-14 15:30:00,2022-03-14 16:45:00,1.5,6.7,6.966666666666668,15
2022-03-15 11:30:00,2022-03-15 12:45:00,1.5,5.8,6.449999999999999,11
2022-03-16 22:15:00,2022-03-16 23:15:00,1.25,6.1,6.4399999999999995,22
2022-03-17 13:45:00,2022-03-17 14:15:00,0.75,5.7,6.1000000000000005,13
2022-03-17 23:00:00,2022-03-17 23:45:00,1.0,5.9,6.15,23
2022-03-18 14:30:00,2022-03-18 15:00:00,0.75,5.4,5.900000000000001,14
2022-03-19 00:30:00,2022-03-19 00:45:00,0.5,6.1,6.199999999999999,0
2022-03-19 02:45:00,2022-03-19 03:30:00,1.0,4.6,5.125,2
2022-03-19 14:30:00,2022-03-19 15:30:00,1.25,5.6,6.0600000000000005,14
2022-03-19 23:15:00,2022-03-20 01:15:00,2.25,6.1,6.566666666666666,23
2022-03-21 04:00:00,2022-03-21 04:45:00,1.0,5.4,5.65,4
2022-03-21 15:15:00,2022-03-21 17:00:00,2.0,7.0,7.2375,15
2022-03-21 21:15:00,2022-03-21 21:30:00,0.5,7.0,7.2,21
2022-03-22 17:30:00,2022-03-22 17:45:00,0.5,6.1,6.5,17
2022-03-23 06:15:00,2022-03-23 07:00:00,1.0,5.5,5.725,6
2022-03-23 17:30:00,2022-03-23 19:00:00,1.75,5.6,5.8,17
2022-03-24 04:00:00,2022-03-24 07:00:00,3.25,5.0,5.684615384615384,4
2022-03-24 13:00:00,2022-03-24 14:30:00,1.75,5.6,6.014285714285714,13
2022-03-24 17:30:00,2022-03-24 19:15:00,2.0,4.1,4.949999999999999,17
2022-03-25 07:15:00,2022-03-25 08:45:00,1.75,4.5,4.857142857142857,7
2022-03-25 18:00:00,2022-03-25 21:00:00,3.25,5.0,5.5307692307692315,18
2022-03-26 06:15:00,2022-03-26 06:30:00,0.5,6.1,6.199999999999999,6
2022-03-26 08:45:00,2022-03-26 09:30:00,1.0,4.8,5.15,8
2022-03-26 19:30:00,2022-03-26 21:45:00,2.5,5.9,6.140000000000001,19
2022-03-27 02:45:00,2022-03-27 03:00:00,0.5,6.7,6.800000000000001,2
2022-03-27 21:15:00,2022-03-27 21:30:00,0.5,6.1,6.25,21
2022-03-28 11:30:00,2022-03-28 12:00:00,0.75,5.8,6.133333333333334,11
2022-03-28 23:45:00,2022-03-29 00:00:00,0.5,5.5,5.6,23
2022-03-30 00:15:00,2022-03-30 00:45:00,0.75,6.1,6.2,0
2022-03-30 22:45:00,2022-03-30 23:30:00,1.0,6.2,6.3999999999999995,22
2022-03-31 01:15:00,2022-03-31 02:15:00,1.25,5.1,5.3,1
2022-03-31 22:00:00,2022-04-01 00:00:00,2.25,6.0,6.688888888888889,22
2022-04-01 02:00:00,2022-04-01 02:45:00,1.0,4.7,5.025,2
2022-04-01 09:30:00,2022-04-01 09:45:00,0.5,6.3,6.4,9
2022-04-01 13:00:00,2022-04-01 14:15:00,1.5,5.6,5.949999999999999,13
2022-04-01 19:45:00,2022-04-01 20:30:00,1.0,6.7,6.8999999999999995,19
2022-04-02 02:00:00,2022-04-02 03:30:00,1.75,5.0,5.314285714285715,2
2022-04-02 14:30:00,2022-04-02 15:30:00,1.25,5.6,6.159999999999999,14
2022-04-04 04:00:00,2022-04-04 04:45:00,1.0,5.4,5.549999999999999,4
2022-04-05 00:30:00,2022-04-05 02:00:00,1.75,6.0,6.385714285714286,0
2022-04-05 16:15:00,2022-04-05 17:15:00,1.25,4.8,5.500000000000001,16
2022-04-06 00:00:00,2022-04-06 00:15:00,0.5,5.9,6.1,0
2022-04-06 02:00:00,2022-04-06 06:15:00,4.5,4.5,5.066666666666666,2
2022-04-06 13:00:00,2022-04-06 13:30:00,0.75,5.4,5.5,13
2022-04-06 15:00:00,2022-04-06 18:30:00,3.75,4.0,4.746666666666666,15
2022-04-07 03:00:00,2022-04-07 06:30:00,3.75,3.5,4.526666666666667,3
2022-04-07 08:00:00,2022-04-07 10:45:00,3.0,4.0,4.791666666666667,8
2022-04-07 13:15:00,2022-04-07 15:00:00,2.0,5.3,5.5625,13
2022-04-07 18:15:00,2022-04-07 19:30:00,1.5,4.5,4.716666666666667,18
2022-04-08 04:00:00,2022-04-08 04:45:00,1.0,4.9,5.15,4
2022-04-08 06:30:00,2022-04-08 07:00:00,0.75,4.1,4.233333333333333,6
2022-04-08 16:30:00,2022-04-08 20:00:00,3.75,4.5,5.540000000000001,16
2022-04-08 21:30:00,2022-04-09 01:00:00,3.75,5.4,5.819999999999999,21
2022-04-09 06:15:00,2022-04-09 08:00:00,2.0,4.6,5.0625,6
2022-04-09 11:30:00,2022-04-09 14:45:00,3.5,5.2,5.514285714285714,11
2022-04-09 17:30:00,2022-04-09 20:00:00,2.75,5.4,6.1090909090909085,17
2022-04-09 21:30:00,2022-04-10 03:45:00,6.5,5.0,6.046153846153847,21
2022-04-10 08:30:00,2022-04-10 10:15:00,2.0,4.7,5.7125,8
2022-04-10 12:15:00,2022-04-10 16:00:00,4.0,5.1,5.80625,12
2022-04-10 20:15:00,2022-04-10 21:45:00,1.75,6.1,6.542857142857144,20
2022-04-11 00:30:00,2022-04-11 02:00:00,1.75,5.6,6.428571428571429,0
2022-04-11 09:00:00,2022-04-11 09:45:00,1.0,5.4,5.549999999999999,9
2022-04-11 13:15:00,2022-04-11 14:15:00,1.25,6.0,6.279999999999999,13
2022-04-11 21:00:00,2022-04-11 23:00:00,2.25,5.1,6.288888888888889,21
2022-04-12 10:45:00,2022-04-12 11:30:00,1.0,5.0,5.375,10
2022-04-12 14:15:00,2022-04-12 15:30:00,1.5,6.0,6.316666666666667,14
2022-04-12 17:30:00,2022-04-12 18:45:00,1.5,5.8,6.150000000000001,17
2022-04-13 11:45:00,2022-04-13 12:30:00,1.0,6.0,6.175000000000001,11
2022-04-13 14:00:00,2022-04-13 14:15:00,0.5,6.0,6.1,14
2022-04-13 19:30:00,2022-04-13 21:30:00,2.25,5.8,6.244444444444444,19
2022-04-13 23:30:00,2022-04-14 00:15:00,1.0,4.5,4.8,23
2022-04-14 09:15:00,2022-04-14 09:30:00,0.5,5.7,5.800000000000001,9
2022-04-14 12:30:00,2022-04-14 14:45:00,2.5,5.1,5.7700000000000005,12
2022-04-14 20:15:00,2022-04-14 22:45:00,2.75,5.2,5.827272727272727,20
2022-04-15 00:30:00,2022-04-15 01:15:00,1.0,4.2,4.575,0
2022-04-15 07:45:00,2022-04-15 08:45:00,1.25,4.6,5.32,7
2022-04-15 14:00:00,2022-04-15 15:15:00,1.5,6.0,6.233333333333333,14
2022-04-15 21:30:00,2022-04-15 23:30:00,2.25,5.6,6.111111111111111,21
2022-04-16 14:00:00,2022-04-16 15:00:00,1.25,4.6,5.4,14
2022-04-17 03:00:00,2022-04-17 04:00:00,1.25,4.0,4.68,3
2022-04-17 10:00:00,2022-04-17 10:15:00,0.5,4.3,4.449999999999999,10
2022-04-17 14:30:00,2022-04-17 14:45:00,0.5,4.9,5.1,14
2022-04-18 04:00:00,2022-04-18 05:00:00,1.25,4.5,4.8,4
2022-04-19 05:00:00,2022-04-19 05:30:00,0.75,4.4,5.066666666666666,5
2022-04-19 15:15:00,2022-04-19 16:15:00,1.25,5.7,5.9799999999999995,15
2022-04-20 16:00:00,2022-04-20 17:15:00,1.5,6.1,6.266666666666667,16
2022-04-21 17:00:00,2022-04-21 18:15:00,1.5,4.9,5.766666666666667,17
2022-04-21 23:30:00,2022-04-21 23:45:00,0.5,5.7,5.800000000000001,23
2022-04-22 18:15:00,2022-04-22 19:00:00,1.0,5.0,5.2,18
2022-04-23 07:45:00,2022-04-23 08:00:00,0.5,4.4,4.5,7
2022-04-23 19:45:00,2022-04-23 20:15:00,0.75,3.5,4.0,19
2022-04-24 09:00:00,2022-04-24 09:15:00,0.5,3.8,4.1,9
2022-04-24 18:15:00,2022-04-24 19:00:00,1.0,4.9,5.125,18
2022-04-24 20:30:00,2022-04-24 21:45:00,1.5,3.6,4.233333333333333,20
2022-04-25 19:30:00,2022-04-25 20:00:00,0.75,4.7,4.866666666666667,19
2022-04-25 21:30:00,2022-04-25 22:45:00,1.5,3.5,3.966666666666667,21
2022-04-26 10:45:00,2022-04-26 11:15:00,0.75,3.9,4.066666666666667,10
2022-04-26 20:15:00,2022-04-26 21:00:00,1.0,4.6,4.875,20
2022-04-26 22:45:00,2022-04-26 23:45:00,1.25,3.6,3.9,22
2022-04-27 11:30:00,2022-04-27 12:00:00,0.75,3.6,3.8000000000000003,11
2022-04-27 20:00:00,2022-04-27 21:00:00,1.25,5.0,5.279999999999999,20
2022-04-28 12:45:00,2022-04-28 13:30:00,1.0,4.5,5.0,12
2022-04-29 12:30:00,2022-04-29 13:30:00,1.25,4.2,4.92,12
2022-04-30 02:00:00,2022-04-30 02:30:00,0.75,4.4,4.566666666666666,2
2022-04-30 13:45:00,2022-04-30 14:15:00,0.75,3.8,4.0,13
2022-05-01 09:45:00,2022-05-01 10:00:00,0.5,3.8,4.3,9
2022-05-02 02:45:00,2022-05-02 03:15:00,0.75,3.9,4.3,2
2022-05-02 10:00:00,2022-05-02 10:15:00,0.5,4.7,4.800000000000001,10
2022-05-02 14:00:00,2022-05-02 15:15:00,1.5,4.2,4.6000000000000005,14
2022-05-02 20:45:00,2022-05-02 21:00:00,0.5,5.4,5.5,20
2022-05-02 23:00:00,2022-05-02 23:15:00,0.5,4.8,4.9,23
2022-05-03 01:30:00,2022-05-03 04:15:00,3.0,2.9,4.058333333333333,1
2022-05-03 10:15:00,2022-05-03 12:15:00,2.25,4.7,4.922222222222222,10
2022-05-03 14:30:00,2022-05-03 15:15:00,1.0,3.8,4.225,14
2022-05-03 16:45:00,2022-05-03 18:00:00,1.5,4.7,4.866666666666666,16
2022-05-04 01:15:00,2022-05-04 04:15:00,3.25,3.6,4.2153846153846155,1
2022-05-04 15:45:00,2022-05-04 16:30:00,1.0,2.9,3.4,15
2022-05-04 20:45:00,2022-05-04 21:30:00,1.0,4.9,5.025,20
2022-05-05 02:15:00,2022-05-05 02:45:00,0.75,4.2,4.366666666666667,2
2022-05-05 16:30:00,2022-05-05 17:00:00,0.75,4.2,4.5,16
2022-05-05 18:45:00,2022-05-05 19:15:00,0.75,4.6,4.733333333333333,18
2022-05-05 20:45:00,2022-05-05 21:45:00,1.25,4.6,4.76,20
2022-05-06 00:45:00,2022-05-06 03:30:00,3.0,3.8,4.483333333333333,0
2022-05-06 05:45:00,2022-05-06 06:15:00,0.75,3.2,3.4000000000000004,5
2022-05-06 17:00:00,2022-05-06 18:30:00,1.75,3.7,4.671428571428572,17
2022-05-06 20:00:00,2022-05-06 23:00:00,3.25,4.5,4.915384615384616,20
2022-05-07 01:30:00,2022-05-07 01:45:00,0.5,4.1,4.25,1
2022-05-07 03:45:00,2022-05-07 04:15:00,0.75,4.0,4.2,3
2022-05-07 18:00:00,2022-05-07 19:15:00,1.5,4.5,5.283333333333333,18
2022-05-07 22:30:00,2022-05-07 23:30:00,1.25,4.6,5.360000000000001,22
2022-05-08 02:15:00,2022-05-08 03:15:00,1.25,4.0,4.92,2
2022-05-08 05:15:00,2022-05-08 06:00:00,1.0,4.6,4.775,5
2022-05-08 14:45:00,2022-05-08 15:00:00,0.5,4.4,4.65,14
2022-05-08 19:15:00,2022-05-08 19:30:00,0.5,4.4,4.7,19
2022-05-08 21:00:00,2022-05-08 22:45:00,2.0,5.0,5.3375,21
2022-05-09 03:45:00,2022-05-09 05:15:00,1.75,5.2,5.542857142857144,3
2022-05-09 20:15:00,2022-05-09 22:15:00,2.25,4.7,5.133333333333333,20
2022-05-10 04:45:00,2022-05-10 05:00:00,0.5,5.1,5.35,4
2022-05-10 11:15:00,2022-05-10 11:30:00,0.5,4.8,4.9,11
2022-05-11 12:15:00,2022-05-11 12:30:00,0.5,5.2,5.300000000000001,12
2022-05-13 12:30:00,2022-05-13 13:15:00,1.0,4.8,5.1000000000000005,12
2022-05-14 21:15:00,2022-05-14 22:15:00,1.25,4.2,4.6,21
2022-05-15 09:00:00,2022-05-15 09:15:00,0.5,3.0,3.45,9
2022-05-15 12:45:00,2022-05-15 16:00:00,3.5,2.2,4.807142857142857,12
2022-05-15 22:00:00,2022-05-15 23:15:00,1.5,4.0,4.433333333333333,22
2022-05-16 03:00:00,2022-05-16 03:15:00,0.5,3.0,3.35,3
2022-05-16 10:00:00,2022-05-16 10:15:00,0.5,2.7,3.2,10
2022-05-16 14:00:00,2022-05-16 14:45:00,1.0,3.6,4.25,14
2022-05-17 04:15:00,2022-05-17 05:00:00,1.0,3.4,3.6500000000000004,4
2022-05-17 14:30:00,2022-05-17 17:15:00,3.0,3.6,5.041666666666666,14
2022-05-17 23:15:00,2022-05-18 00:45:00,1.75,3.6,4.3999999999999995,23
2022-05-18 15:15:00,2022-05-18 18:30:00,3.5,4.1,5.25,15
2022-05-18 20:45:00,2022-05-18 21:15:00,0.75,4.7,4.833333333333333,20
2022-05-19 06:00:00,2022-05-19 06:45:00,1.0,3.2,3.6,6
2022-05-19 16:30:00,2022-05-19 17:30:00,1.25,3.6,4.5200000000000005,16
2022-05-20 01:30:00,2022-05-20 02:30:00,1.25,4.1,4.5,1
2022-05-20 16:45:00,2022-05-20 18:30:00,2.0,3.0,4.487500000000001,16
2022-05-21 17:45:00,2022-05-21 20:30:00,3.0,3.8,4.566666666666666,17
2022-05-22 03:00:00,2022-05-22 03:30:00,0.75,3.9,4.266666666666667,3
2022-05-22 07:45:00,2022-05-22 08:00:00,0.5,3.2,3.35,7
2022-05-22 11:45:00,2022-05-22 12:45:00,1.25,3.7,4.18,11
2022-05-22 19:30:00,2022-05-22 21:00:00,1.75,3.7,4.085714285714285,19
2022-05-23 16:45:00,2022-05-23 18:00:00,1.5,4.3,4.766666666666667,16
2022-05-24 05:00:00,2022-05-24 05:15:00,0.5,3.9,4.05,5
2022-05-24 06:45:00,2022-05-24 11:30:00,5.0,3.0,3.5750000000000006,6
2022-05-24 17:30:00,2022-05-24 19:45:00,2.5,4.1,4.569999999999999,17
2022-05-24 21:45:00,2022-05-24 22:45:00,1.25,3.1,3.34,21
2022-05-25 05:45:00,2022-05-25 08:00:00,2.5,3.6,4.11,5
2022-05-25 10:00:00,2022-05-25 13:30:00,3.75,2.5,3.526666666666667,10
2022-05-25 18:30:00,2022-05-25 20:30:00,2.25,4.2,4.633333333333334,18
2022-05-26 06:45:00,2022-05-26 08:45:00,2.25,3.8,4.211111111111111,6
2022-05-26 11:00:00,2022-05-26 13:30:00,2.75,2.2,3.590909090909091,11
2022-05-26 19:30:00,2022-05-26 21:15:00,2.0,3.9,4.6125,19
2022-05-27 00:30:00,2022-05-27 01:30:00,1.25,3.3,3.56,0
2022-05-27 07:30:00,2022-05-27 08:45:00,1.5,3.7,4.45,7
2022-05-27 11:30:00,2022-05-27 12:45:00,1.5,3.6,3.9166666666666665,11
2022-05-27 20:30:00,2022-05-27 22:00:00,1.75,4.5,4.885714285714286,20
2022-05-28 00:30:00,2022-05-28 02:30:00,2.25,3.0,3.677777777777778,0
2022-05-28 08:00:00,2022-05-28 09:15:00,1.5,3.2,4.15,8
2022-05-28 12:30:00,2022-05-28 14:00:00,1.75,3.4,3.8571428571428577,12
2022-05-28 21:00:00,2022-05-28 22:45:00,2.0,4.2,4.800000000000001,21
2022-05-29 08:45:00,2022-05-29 10:00:00,1.5,3.5,4.066666666666666,8
2022-05-29 13:00:00,2022-05-29 14:15:00,1.5,2.7,3.6,13
2022-05-29 15:45:00,2022-05-29 17:00:00,1.5,4.3,4.583333333333333,15
2022-05-29 21:15:00,2022-05-29 23:30:00,2.5,4.2,4.83,21
2022-05-30 02:45:00,2022-05-30 03:45:00,1.25,3.0,3.62,2
2022-05-30 09:15:00,2022-05-30 09:30:00,0.5,3.1,3.55,9
2022-05-30 12:45:00,2022-05-30 17:30:00,5.0,2.9,4.65,12
2022-05-30 22:15:00,2022-05-31 00:00:00,2.0,4.3,4.9624999999999995,22
2022-05-31 03:15:00,2022-05-31 04:15:00,1.25,3.4,3.66,3
2022-05-31 14:30:00,2022-05-31 19:00:00,4.75,3.7,5.063157894736842,14
2022-05-31 22:45:00,2022-06-01 00:45:00,2.25,4.0,4.800000000000001,22
2022-06-01 14:30:00,2022-06-01 19:45:00,5.5,4.7,5.7272727272727275,14
2022-06-01 23:30:00,2022-06-02 01:30:00,2.25,4.2,4.655555555555555,23
2022-06-02 03:45:00,2022-06-02 04:30:00,1.0,3.5,3.875,3
2022-06-02 11:15:00,2022-06-02 11:30:00,0.5,3.0,3.5,11
2022-06-02 16:00:00,2022-06-02 21:45:00,6.0,4.8,6.575,16
2022-06-03 01:30:00,2022-06-03 01:45:00,0.5,4.6,4.699999999999999,1
2022-06-03 04:00:00,2022-06-03 06:15:00,2.5,3.1,3.97,4
2022-06-03 10:30:00,2022-06-03 12:30:00,2.25,3.9,4.311111111111112,10
2022-06-03 16:00:00,2022-06-03 17:00:00,1.25,5.6,7.08,16
2022-06-03 18:45:00,2022-06-03 21:15:00,2.75,4.7,6.2727272727272725,18
2022-06-03 22:45:00,2022-06-03 23:00:00,0.5,5.1,5.199999999999999,22
2022-06-04 00:30:00,2022-06-04 00:45:00,0.5,3.6,4.05,0
2022-06-04 04:00:00,2022-06-04 05:15:00,1.5,3.8,4.266666666666667,4
2022-06-04 12:45:00,2022-06-04 13:00:00,0.5,3.8,4.0,12
2022-06-04 17:30:00,2022-06-04 18:00:00,0.75,3.8,4.3999999999999995,17
2022-06-04 20:00:00,2022-06-04 21:30:00,1.75,4.6,4.885714285714286,20
2022-06-05 01:45:00,2022-06-05 03:45:00,2.25,4.0,4.477777777777778,1
2022-06-05 06:30:00,2022-06-05 08:15:00,2.0,3.1,3.4000000000000004,6
2022-06-05 18:15:00,2022-06-05 18:30:00,0.5,3.7,4.0,18
2022-06-06 07:45:00,2022-06-06 09:00:00,1.5,3.2,3.5500000000000003,7
2022-06-06 19:00:00,2022-06-06 20:45:00,2.0,3.3,4.2124999999999995,19
2022-06-07 03:15:00,2022-06-07 05:15:00,2.25,3.9,4.366666666666667,3
2022-06-07 07:30:00,2022-06-07 09:15:00,2.0,2.9,3.5,7
2022-06-07 15:30:00,2022-06-07 15:45:00,0.5,2.8,3.3499999999999996,15
2022-06-07 20:00:00,2022-06-07 20:30:00,0.75,3.6,4.133333333333334,20
2022-06-08 03:45:00,2022-06-08 04:00:00,0.5,3.6,3.8,3
2022-06-08 08:45:00,2022-06-08 11:45:00,3.25,2.9,3.515384615384615,8
2022-06-08 21:00:00,2022-06-08 23:00:00,2.25,3.4,3.8333333333333326,21
2022-06-09 04:00:00,2022-06-09 06:45:00,3.0,3.6,4.1499999999999995,4
2022-06-09 08:45:00,2022-06-09 09:45:00,1.25,2.5,3.0200000000000005,8
2022-06-09 12:00:00,2022-06-09 14:30:00,2.75,3.8,4.163636363636363,12
2022-06-09 19:00:00,2022-06-09 22:30:00,3.75,2.4,3.686666666666667,19
2022-06-10 05:15:00,2022-06-10 07:45:00,2.75,3.3,3.9999999999999996,5
2022-06-10 09:45:00,2022-06-10 10:00:00,0.5,1.8,2.1,9
2022-06-10 13:45:00,2022-06-10 14:00:00,0.5,3.9,4.0,13
2022-06-10 18:45:00,2022-06-10 20:45:00,2.25,4.2,4.655555555555556,18
2022-06-10 23:45:00,2022-06-11 00:45:00,1.25,3.3,3.6000000000000005,23
2022-06-11 06:45:00,2022-06-11 08:30:00,2.0,3.3,3.8499999999999996,6
2022-06-11 11:45:00,2022-06-11 12:45:00,1.25,3.3,3.8,11
2022-06-11 19:30:00,2022-06-11 19:45:00,0.5,3.7,3.9,19
2022-06-12 12:45:00,2022-06-12 14:45:00,2.25,2.6,3.922222222222222,12
2022-06-13 12:45:00,2022-06-13 17:15:00,4.75,2.9,4.231578947368422,12
2022-06-14 02:00:00,2022-06-14 02:45:00,1.0,2.4,2.975,2
2022-06-14 15:30:00,2022-06-14 16:15:00,1.0,4.3,4.55,15
2022-06-14 22:15:00,2022-06-14 23:45:00,1.75,3.5,3.757142857142857,22
2022-06-15 10:15:00,2022-06-15 10:30:00,0.5,2.8,3.0,10
2022-06-15 13:45:00,2022-06-15 15:00:00,1.5,3.9,4.666666666666666,13
2022-06-15 16:30:00,2022-06-15 17:15:00,1.0,5.1,5.25,16
2022-06-15 19:15:00,2022-06-15 19:30:00,0.5,4.6,4.699999999999999,19
2022-06-15 23:30:00,2022-06-16 00:30:00,1.25,3.7,3.9,23
2022-06-16 05:00:00,2022-06-16 06:15:00,1.5,2.8,3.1666666666666665,5
2022-06-16 15:30:00,2022-06-16 17:45:00,2.5,4.4,5.199999999999999,15
2022-06-17 00:15:00,2022-06-17 01:30:00,1.5,3.7,4.083333333333333,0
2022-06-17 05:00:00,2022-06-17 06:45:00,2.0,3.0,3.2625,5
2022-06-17 15:30:00,2022-06-17 17:15:00,2.0,4.4,4.925000000000001,15
2022-06-18 07:00:00,2022-06-18 07:45:00,1.0,3.0,3.25,7
2022-06-18 16:15:00,2022-06-18 19:30:00,3.5,4.0,5.321428571428572,16
2022-06-18 22:15:00,2022-06-18 22:30:00,0.5,4.8,4.9,22
2022-06-19 02:00:00,2022-06-19 04:15:00,2.5,3.6,4.14,2
2022-06-19 06:30:00,2022-06-19 07:00:00,0.75,2.8,3.1666666666666665,6
2022-06-19 14:15:00,2022-06-19 14:30:00,0.5,3.9,4.05,14
2022-06-19 19:00:00,2022-06-19 21:00:00,2.25,4.5,4.7444444444444445,19
2022-06-20 03:00:00,2022-06-20 04:45:00,2.0,3.4,4.225,3
2022-06-20 07:15:00,2022-06-20 08:00:00,1.0,3.3,3.4749999999999996,7
2022-06-20 19:15:00,2022-06-20 20:00:00,1.0,4.3,4.6000000000000005,19
2022-06-21 03:45:00,2022-06-21 05:45:00,2.25,3.6,4.21111111111111,3
2022-06-21 07:30:00,2022-06-21 08:45:00,1.5,3.0,3.3499999999999996,7
2022-06-21 19:15:00,2022-06-21 21:00:00,2.0,3.8,4.3125,19
2022-06-22 06:00:00,2022-06-22 06:30:00,0.75,3.8,4.0,6
2022-06-22 08:30:00,2022-06-22 09:30:00,1.25,2.7,3.22,8
2022-06-22 18:45:00,2022-06-22 19:45:00,1.25,4.4,4.7,18
2022-06-22 21:15:00,2022-06-23 00:15:00,3.25,3.2,3.884615384615384,21
2022-06-23 05:00:00,2022-06-23 06:45:00,2.0,3.4,4.15,5
2022-06-23 08:45:00,2022-06-23 10:30:00,2.0,2.5,3.0875000000000004,8
2022-06-23 13:15:00,2022-06-23 14:15:00,1.25,3.8,4.46,13
2022-06-23 18:30:00,2022-06-23 20:00:00,1.75,4.5,4.871428571428571,18
2022-06-23 22:45:00,2022-06-23 23:00:00,0.5,3.0,3.1,22
2022-06-24 07:30:00,2022-06-24 08:00:00,0.75,3.3,3.533333333333333,7
2022-06-24 11:45:00,2022-06-24 12:15:00,0.75,3.4,3.6666666666666665,11
2022-06-24 14:00:00,2022-06-24 14:30:00,0.75,3.6,3.9000000000000004,14
2022-06-24 19:15:00,2022-06-24 21:30:00,2.5,3.9,4.529999999999999,19
2022-06-24 23:30:00,2022-06-25 01:15:00,2.0,2.9,3.3625,23
2022-06-25 11:30:00,2022-06-25 12:45:00,1.5,2.9,3.4999999999999996,11
2022-06-25 14:15:00,2022-06-25 15:00:00,1.0,3.7,4.125,14
2022-06-25 20:45:00,2022-06-25 21:45:00,1.25,4.0,4.34,20
2022-06-26 07:45:00,2022-06-26 08:45:00,1.25,3.2,3.6800000000000006,7
2022-06-26 12:15:00,2022-06-26 17:00:00,5.0,2.9,4.07,12
2022-06-26 20:30:00,2022-06-26 22:15:00,2.0,4.0,4.449999999999999,20
2022-06-27 01:15:00,2022-06-27 01:45:00,0.75,2.3,2.866666666666667,1
2022-06-27 16:30:00,2022-06-27 17:30:00,1.25,4.4,4.94,16
2022-06-27 21:15:00,2022-06-27 23:00:00,2.0,4.1,4.6125,21
2022-06-28 02:15:00,2022-06-28 03:00:00,1.0,3.0,3.325,2
2022-06-28 17:00:00,2022-06-28 19:15:00,2.5,4.0,4.19,17
2022-06-29 13:45:00,2022-06-29 14:45:00,1.25,2.7,3.3,13
2022-06-29 18:00:00,2022-06-29 18:15:00,0.5,4.1,4.199999999999999,18
2022-06-29 22:30:00,2022-06-29 23:15:00,1.0,3.6,3.7750000000000004,22
2022-06-30 03:30:00,2022-06-30 04:45:00,1.5,2.8,3.0999999999999996,3
2022-06-30 14:15:00,2022-06-30 19:15:00,5.25,2.7,4.180952380952381,14
2022-06-30 23:15:00,2022-07-01 00:45:00,1.75,3.7,4.185714285714285,23
2022-07-01 15:30:00,2022-07-01 16:00:00,0.75,3.8,4.066666666666666,15
2022-07-01 19:00:00,2022-07-01 20:15:00,1.5,4.2,4.816666666666667,19
2022-07-01 23:15:00,2022-07-02 01:00:00,2.0,4.1,4.5875,23
2022-07-02 04:45:00,2022-07-02 06:00:00,1.5,3.1,3.483333333333334,4
2022-07-02 16:15:00,2022-07-02 18:15:00,2.25,4.8,5.2444444444444445,16
2022-07-02 20:00:00,2022-07-02 20:30:00,0.75,4.4,4.8,20
2022-07-03 00:00:00,2022-07-03 01:15:00,1.5,4.3,4.566666666666667,0
2022-07-03 04:45:00,2022-07-03 06:30:00,2.0,3.2,3.5,4
2022-07-03 16:45:00,2022-07-03 17:00:00,0.5,5.1,5.199999999999999,16
2022-07-03 21:00:00,2022-07-03 21:45:00,1.0,4.5,4.9750000000000005,21
2022-07-04 00:45:00,2022-07-04 04:15:00,3.75,3.6,4.293333333333333,0
2022-07-04 16:15:00,2022-07-04 18:00:00,2.0,3.4,4.9,16
2022-07-05 01:30:00,2022-07-05 02:45:00,1.5,3.8,4.3999999999999995,1
2022-07-05 04:15:00,2022-07-05 04:45:00,0.75,3.5,3.6333333333333333,4
2022-07-05 18:45:00,2022-07-05 19:15:00,0.75,4.1,4.366666666666666,18
2022-07-06 01:00:00,2022-07-06 04:45:00,4.0,3.6,4.449999999999999,1
2022-07-06 07:15:00,2022-07-06 11:15:00,4.25,1.8,3.3294117647058825,7
2022-07-06 14:45:00,2022-07-06 15:00:00,0.5,3.2,3.85,14
2022-07-06 17:45:00,2022-07-06 20:00:00,2.5,3.1,4.470000000000001,17
2022-07-07 00:15:00,2022-07-07 00:30:00,0.5,4.7,4.800000000000001,0
2022-07-07 02:30:00,2022-07-07 02:45:00,0.5,4.3,4.65,2
2022-07-07 04:15:00,2022-07-07 05:15:00,1.25,3.5,4.04,4
2022-07-07 06:45:00,2022-07-07 08:30:00,2.0,1.8,2.65,6
2022-07-07 11:45:00,2022-07-07 12:45:00,1.25,3.4,4.24,11
2022-07-07 15:30:00,2022-07-07 21:00:00,5.75,2.3,4.030434782608696,15
2022-07-08 01:00:00,2022-07-08 01:15:00,0.5,4.1,4.25,1
2022-07-08 03:00:00,2022-07-08 06:00:00,3.25,3.2,4.123076923076923,3
2022-07-08 08:00:00,2022-07-08 10:45:00,3.0,1.7,2.516666666666667,8
2022-07-08 12:30:00,2022-07-08 13:30:00,1.25,3.2,4.28,12
2022-07-08 17:15:00,2022-07-08 22:15:00,5.25,2.8,3.880952380952381,17
2022-07-09 00:45:00,2022-07-09 07:45:00,7.25,2.8,4.0,0
2022-07-09 09:15:00,2022-07-09 10:00:00,1.0,1.4,1.5750000000000002,9
2022-07-09 13:15:00,2022-07-09 14:15:00,1.25,3.8,4.4,13
2022-07-09 17:45:00,2022-07-09 18:00:00,0.5,4.0,4.35,17
2022-07-09 19:30:00,2022-07-09 22:45:00,3.5,2.3,3.85,19
2022-07-10 05:15:00,2022-07-10 07:15:00,2.25,3.4,3.855555555555555,5
2022-07-10 09:15:00,2022-07-10 11:30:00,2.5,2.1,2.6900000000000004,9
2022-07-10 14:15:00,2022-07-10 15:00:00,1.0,4.0,4.2,14
2022-07-10 19:00:00,2022-07-10 21:00:00,2.25,3.8,4.177777777777777,19
2022-07-11 07:00:00,2022-07-11 07:15:00,0.5,2.5,2.8,7
2022-07-12 13:15:00,2022-07-12 14:30:00,1.5,3.0,3.516666666666666,13
2022-07-13 02:00:00,2022-07-13 02:30:00,0.75,2.3,2.6333333333333333,2
2022-07-13 13:00:00,2022-07-13 14:15:00,1.5,2.4,3.266666666666666,13
2022-07-13 18:30:00,2022-07-13 19:45:00,1.5,3.8,3.983333333333334,18
2022-07-14 02:30:00,2022-07-14 03:45:00,1.5,2.3,2.6333333333333333,2
2022-07-14 09:45:00,2022-07-14 10:00:00,0.5,2.4,2.65,9
2022-07-14 14:30:00,2022-07-14 17:00:00,2.75,3.2,4.018181818181818,14
2022-07-14 19:30:00,2022-07-14 20:45:00,1.5,3.6,3.9500000000000006,19
2022-07-15 03:15:00,2022-07-15 04:15:00,1.25,1.7,2.5,3
2022-07-15 14:45:00,2022-07-15 17:45:00,3.25,3.1,3.7615384615384615,14
2022-07-16 04:15:00,2022-07-16 06:15:00,2.25,2.3,3.066666666666667,4
2022-07-16 11:30:00,2022-07-16 12:15:00,1.0,2.5,2.7750000000000004,11
2022-07-16 15:30:00,2022-07-16 17:00:00,1.75,3.1,3.6,15
2022-07-17 05:15:00,2022-07-17 07:15:00,2.25,2.6,3.266666666666667,5
2022-07-17 17:45:00,2022-07-17 19:15:00,1.75,2.8,4.1,17
2022-07-18 17:30:00,2022-07-18 19:00:00,1.75,3.2,3.8285714285714283,17
2022-07-19 01:30:00,2022-07-19 02:15:00,1.0,2.8,3.425,1
2022-07-19 18:30:00,2022-07-19 19:15:00,1.0,3.3,3.5,18
2022-07-20 02:45:00,2022-07-20 05:00:00,2.5,3.2,3.69,2
2022-07-20 06:30:00,2022-07-20 08:00:00,1.75,2.1,2.557142857142857,6
2022-07-20 15:15:00,2022-07-20 15:30:00,0.5,3.1,3.3,15
2022-07-20 18:30:00,2022-07-20 20:30:00,2.25,2.9,3.3777777777777778,18
2022-07-21 05:00:00,2022-07-21 08:30:00,3.75,2.0,2.8533333333333335,5
2022-07-21 18:45:00,2022-07-21 19:00:00,0.5,3.4,3.5,18
2022-07-21 20:45:00,2022-07-21 22:30:00,2.0,2.5,2.9125,20
2022-07-22 05:15:00,2022-07-22 05:45:00,0.75,3.2,3.4,5
2022-07-22 09:00:00,2022-07-22 09:15:00,0.5,2.0,2.1,9
2022-07-22 18:45:00,2022-07-22 20:15:00,1.75,2.9,3.4285714285714284,18
2022-07-22 23:00:00,2022-07-22 23:45:00,1.0,3.4,3.75,23
2022-07-23 05:30:00,2022-07-23 07:00:00,1.75,2.9,3.514285714285714,5
2022-07-23 08:45:00,2022-07-23 09:30:00,1.0,2.3,2.4749999999999996,8
2022-07-23 19:45:00,2022-07-23 20:00:00,0.5,3.2,3.3,19
2022-07-23 22:15:00,2022-07-23 23:15:00,1.25,2.3,2.46,22
2022-07-24 07:00:00,2022-07-24 10:30:00,3.75,1.4,2.2133333333333334,7
2022-07-24 20:45:00,2022-07-24 22:15:00,1.75,2.5,2.8857142857142857,20
2022-07-25 06:15:00,2022-07-25 08:15:00,2.25,2.5,3.0444444444444443,6
2022-07-25 10:30:00,2022-07-25 11:45:00,1.5,1.5,1.9000000000000001,10
2022-07-25 19:45:00,2022-07-26 00:15:00,4.75,2.2,3.1105263157894734,19
2022-07-26 11:45:00,2022-07-26 12:45:00,1.25,1.5,1.8,11
2022-07-26 20:45:00,2022-07-27 01:30:00,5.0,2.2,3.1450000000000005,20
2022-07-27 07:30:00,2022-07-27 09:30:00,2.25,1.6,2.9333333333333336,7
2022-07-27 21:00:00,2022-07-27 23:30:00,2.75,3.2,3.7636363636363637,21
2022-07-28 01:15:00,2022-07-28 02:15:00,1.25,2.2,2.5799999999999996,1
2022-07-28 08:15:00,2022-07-28 10:15:00,2.25,3.1,3.466666666666667,8
2022-07-28 12:30:00,2022-07-28 13:15:00,1.0,1.6,2.1,12
2022-07-28 21:45:00,2022-07-29 02:30:00,5.0,2.6,3.3849999999999993,21
2022-07-29 13:00:00,2022-07-29 14:30:00,1.75,1.9,2.5428571428571423,13
2022-07-29 22:30:00,2022-07-30 03:15:00,5.0,1.7,3.3500000000000005,22
2022-07-30 14:00:00,2022-07-30 15:00:00,1.25,2.3,2.66,14
2022-07-30 23:00:00,2022-07-31 01:15:00,2.5,3.3,3.8299999999999996,23
2022-07-31 03:45:00,2022-07-31 04:00:00,0.5,2.4,2.5,3
2022-07-31 11:00:00,2022-07-31 11:15:00,0.5,3.0,3.1,11
2022-07-31 12:45:00,2022-07-31 13:15:00,0.75,3.3,3.4,12
2022-07-31 14:45:00,2022-07-31 15:45:00,1.25,2.8,3.1,14
2022-07-31 23:45:00,2022-08-01 01:00:00,1.5,3.7,3.966666666666667,23
2022-08-01 03:45:00,2022-08-01 04:45:00,1.25,2.7,2.9,3
2022-08-01 11:45:00,2022-08-01 12:00:00,0.5,2.8,3.0999999999999996,11
2022-08-01 15:45:00,2022-08-01 17:00:00,1.5,2.7,3.283333333333333,15
2022-08-02 16:15:00,2022-08-02 17:30:00,1.5,2.8,3.283333333333333,16
2022-08-03 00:45:00,2022-08-03 01:00:00,0.5,3.3,3.45,0
2022-08-03 05:45:00,2022-08-03 06:45:00,1.25,2.0,2.5999999999999996,5
2022-08-04 18:45:00,2022-08-04 19:15:00,0.75,3.3,3.4333333333333336,18
2022-08-05 04:00:00,2022-08-05 04:15:00,0.5,3.2,3.3,4
2022-08-05 19:30:00,2022-08-05 20:15:00,1.0,2.9,3.025,19
2022-08-06 03:15:00,2022-08-06 04:45:00,1.75,3.1,3.342857142857143,3
2022-08-06 08:15:00,2022-08-06 09:00:00,1.0,2.2,2.4,8
2022-08-06 16:45:00,2022-08-06 17:45:00,1.25,3.3,3.72,16
2022-08-07 05:45:00,2022-08-07 06:15:00,0.75,2.7,2.866666666666667,5
2022-08-08 14:00:00,2022-08-08 15:45:00,2.0,3.3,3.5625,14
2022-08-09 08:30:00,2022-08-09 10:15:00,2.0,2.6,2.7,8
2022-08-09 12:15:00,2022-08-09 13:15:00,1.25,2.7,2.8600000000000003,12
2022-08-09 15:00:00,2022-08-09 17:00:00,2.25,3.4,3.677777777777778,15
2022-08-10 12:00:00,2022-08-10 12:45:00,1.0,2.7,2.95,12
2022-08-10 16:45:00,2022-08-10 18:30:00,2.0,3.4,3.7249999999999996,16
2022-08-11 00:45:00,2022-08-11 01:30:00,1.0,2.8,3.05,0
2022-08-11 06:45:00,2022-08-11 08:30:00,2.0,2.5,2.8625000000000003,6
2022-08-11 12:45:00,2022-08-11 14:00:00,1.5,2.9,3.1999999999999993,12
2022-08-11 17:45:00,2022-08-11 19:00:00,1.5,3.3,3.8000000000000007,17
2022-08-12 01:30:00,2022-08-12 02:45:00,1.5,2.8,3.1166666666666667,1
2022-08-12 07:15:00,2022-08-12 07:30:00,0.5,3.2,3.4000000000000004,7
2022-08-12 13:00:00,2022-08-12 13:30:00,0.75,3.5,3.6666666666666665,13
2022-08-12 19:15:00,2022-08-12 19:45:00,0.75,3.5,3.766666666666667,19
2022-08-13 08:00:00,2022-08-13 08:15:00,0.5,3.0,3.1,8
2022-08-13 15:45:00,2022-08-13 17:30:00,2.0,4.0,4.625,15
2022-08-13 19:45:00,2022-08-13 20:15:00,0.75,3.6,3.8000000000000003,19
2022-08-14 05:00:00,2022-08-14 05:45:00,1.0,3.0,3.375,5
2022-08-14 17:00:00,2022-08-14 18:00:00,1.25,4.4,4.6,17
2022-08-15 17:15:00,2022-08-15 17:45:00,0.75,4.0,4.266666666666667,17
2022-08-16 18:30:00,2022-08-16 19:45:00,1.5,3.7,4.1499999999999995,18
2022-08-17 19:00:00,2022-08-17 19:15:00,0.5,3.7,3.8,19
2022-08-19 07:30:00,2022-08-19 08:00:00,0.75,2.6,2.8333333333333335,7
2022-08-19 20:15:00,2022-08-19 22:00:00,2.0,2.3,3.35,20
2022-08-20 03:15:00,2022-08-20 04:45:00,1.75,3.0,3.6285714285714286,3
2022-08-20 12:15:00,2022-08-20 12:30:00,0.5,3.2,3.35,12
2022-08-20 21:30:00,2022-08-20 22:45:00,1.5,2.5,2.8166666666666664,21
2022-08-21 04:15:00,2022-08-21 05:00:00,1.0,2.7,3.15,4
2022-08-21 09:15:00,2022-08-21 09:45:00,0.75,1.8,2.033333333333333,9
2022-08-21 13:00:00,2022-08-21 14:00:00,1.25,2.9,3.0200000000000005,13
2022-08-21 22:15:00,2022-08-21 23:30:00,1.5,2.3,2.6666666666666665,22
2022-08-22 05:45:00,2022-08-22 06:45:00,1.25,3.0,3.2600000000000002,5
2022-08-22 10:30:00,2022-08-22 11:15:00,1.0,1.6,2.1,10
2022-08-22 13:45:00,2022-08-22 15:45:00,2.25,3.0,3.3666666666666667,13
2022-08-22 20:45:00,2022-08-22 22:45:00,2.25,2.6,2.822222222222222,20
2022-08-23 06:00:00,2022-08-23 06:15:00,0.5,2.4,2.7,6
2022-08-23 10:45:00,2022-08-23 11:00:00,0.5,1.6,1.8,10
2022-08-23 14:45:00,2022-08-23 16:00:00,1.5,3.3,3.466666666666667,14
2022-08-23 22:15:00,2022-08-24 00:00:00,2.0,2.2,2.8125,22
2022-08-24 15:45:00,2022-08-24 16:00:00,0.5,3.4,3.5,15
2022-08-24 20:00:00,2022-08-24 21:30:00,1.75,2.8,3.4,20
2022-08-25 00:45:00,2022-08-25 02:00:00,1.5,2.5,2.75,0
2022-08-25 09:15:00,2022-08-25 09:30:00,0.5,2.9,3.0,9
2022-08-25 13:15:00,2022-08-25 17:00:00,4.0,2.3,2.875,13
2022-08-25 22:00:00,2022-08-25 22:30:00,0.75,3.0,3.1666666666666665,22
2022-08-26 02:45:00,2022-08-26 03:45:00,1.25,3.0,3.16,2
2022-08-27 14:00:00,2022-08-27 14:45:00,1.0,3.2,3.3499999999999996,14
2022-08-28 04:15:00,2022-08-28 04:30:00,0.5,3.0,3.1,4
2022-08-28 10:15:00,2022-08-28 10:45:00,0.75,2.5,2.6999999999999997,10
2022-08-28 14:30:00,2022-08-28 17:30:00,3.25,3.1,3.8153846153846156,14
2022-08-28 23:00:00,2022-08-29 00:00:00,1.25,3.0,3.6,23
2022-08-30 18:00:00,2022-08-30 18:45:00,1.0,3.8,3.8499999999999996,18
2022-08-31 11:45:00,2022-08-31 12:45:00,1.25,2.5,2.8200000000000003,11
2022-08-31 17:00:00,2022-08-31 17:30:00,0.75,3.1,3.3666666666666667,17
2022-09-01 00:30:00,2022-09-01 00:45:00,0.5,2.9,3.0,0
2022-09-01 10:45:00,2022-09-01 11:15:00,0.75,3.2,3.366666666666667,10
2022-09-01 18:00:00,2022-09-01 18:30:00,0.75,3.7,3.766666666666667,18
2022-09-02 05:30:00,2022-09-02 06:15:00,1.0,3.0,3.075,5
2022-09-05 04:00:00,2022-09-05 05:45:00,2.0,3.2,3.475,4
2022-09-06 05:15:00,2022-09-06 05:30:00,0.5,2.5,2.9,5
2022-09-07 06:15:00,2022-09-07 06:30:00,0.5,2.9,3.0,6
2022-09-07 11:30:00,2022-09-07 12:00:00,0.75,2.7,2.8333333333333335,11
2022-09-08 05:15:00,2022-09-08 05:30:00,0.5,2.3,2.5,5
2022-09-08 21:00:00,2022-09-08 22:15:00,1.5,3.2,3.4666666666666663,21
2022-09-09 03:00:00,2022-09-09 03:15:00,0.5,3.2,3.3,3
2022-09-09 14:15:00,2022-09-09 15:30:00,1.5,3.1,3.733333333333334,14
2022-09-10 14:45:00,2022-09-10 16:15:00,1.75,3.5,3.9285714285714284,14
2022-09-11 15:00:00,2022-09-11 17:00:00,2.25,2.5,3.822222222222222,15
2022-09-13 03:45:00,2022-09-13 04:30:00,1.0,2.9,3.025,3
2022-09-13 16:30:00,2022-09-13 17:00:00,0.75,2.9,3.266666666666667,16
2022-09-14 04:00:00,2022-09-14 04:30:00,0.75,3.2,3.266666666666667,4
2022-09-14 17:30:00,2022-09-14 18:00:00,0.75,3.5,3.8000000000000003,17
2022-09-17 15:30:00,2022-09-17 16:30:00,1.25,4.4,4.6,15
2022-09-17 19:45:00,2022-09-17 20:00:00,0.5,3.4,3.55,19
2022-09-18 04:15:00,2022-09-18 05:00:00,1.0,3.5,3.7,4
2022-09-18 17:45:00,2022-09-18 18:30:00,1.0,3.8,4.025,17
2022-09-19 04:00:00,2022-09-19 06:00:00,2.25,3.2,3.822222222222222,4
2022-09-19 17:00:00,2022-09-19 18:45:00,2.0,3.7,4.1875,17
2022-09-20 05:45:00,2022-09-20 07:00:00,1.5,3.0,3.4333333333333336,5
2022-09-20 18:00:00,2022-09-20 20:15:00,2.5,3.2,3.87,18
2022-09-21 06:30:00,2022-09-21 08:00:00,1.75,3.0,3.414285714285714,6
2022-09-21 19:15:00,2022-09-21 21:00:00,2.0,3.4,4.0125,19
2022-09-23 01:15:00,2022-09-23 02:30:00,1.5,2.8,3.3000000000000003,1
2022-09-23 13:00:00,2022-09-23 13:15:00,0.5,3.5,3.6,13
2022-09-23 21:00:00,2022-09-23 22:30:00,1.75,4.0,4.414285714285714,21
2022-09-24 13:30:00,2022-09-24 15:00:00,1.75,4.2,4.757142857142858,13
2022-09-25 14:15:00,2022-09-25 14:45:00,0.75,4.4,4.533333333333334,14
2022-09-26 14:45:00,2022-09-26 15:15:00,0.75,4.2,4.4,14
2022-09-28 18:15:00,2022-09-28 18:30:00,0.5,5.1,5.199999999999999,18
2022-09-30 08:30:00,2022-09-30 09:15:00,1.0,5.7,6.0,8
2022-09-30 19:00:00,2022-09-30 20:00:00,1.25,6.0,6.16,19
2022-10-02 03:30:00,2022-10-02 04:30:00,1.25,5.1,5.4399999999999995,3
2022-10-03 04:45:00,2022-10-03 05:00:00,0.5,5.2,5.300000000000001,4
2022-10-07 12:45:00,2022-10-07 13:30:00,1.0,5.4,5.825,12
2022-10-08 13:30:00,2022-10-08 15:00:00,1.75,4.9,5.6000000000000005,13
2022-10-09 01:45:00,2022-10-09 02:15:00,0.75,4.7,4.833333333333333,1
2022-10-11 23:30:00,2022-10-12 00:45:00,1.5,5.2,5.366666666666667,23
2022-10-13 05:15:00,2022-10-13 06:15:00,1.25,5.2,5.319999999999999,5
2022-10-14 00:30:00,2022-10-14 02:00:00,1.75,5.0,5.314285714285715,0
2022-10-17 18:45:00,2022-10-17 19:45:00,1.25,4.3,4.48,18
2022-10-17 21:15:00,2022-10-17 21:30:00,0.5,3.7,4.050000000000001,21
2022-10-18 06:30:00,2022-10-18 07:30:00,1.25,3.8,3.96,6
2022-10-18 16:15:00,2022-10-18 17:15:00,1.25,5.0,5.28,16
2022-10-19 12:45:00,2022-10-19 13:00:00,0.5,4.7,4.800000000000001,12
2022-10-20 05:45:00,2022-10-20 06:45:00,1.25,5.2,5.36,5
2022-10-22 12:30:00,2022-10-22 13:30:00,1.25,6.2,6.36,12
2022-10-24 14:15:00,2022-10-24 15:30:00,1.5,6.6,6.8999999999999995,14
2022-10-25 07:30:00,2022-10-25 08:15:00,1.0,5.4,5.625,7
2022-10-25 15:15:00,2022-10-25 16:15:00,1.25,6.4,6.839999999999999,15
2022-10-26 20:15:00,2022-10-26 20:30:00,0.5,6.0,6.1,20
2022-11-01 04:45:00,2022-11-01 05:15:00,0.75,5.3,5.466666666666666,4
2022-11-02 04:30:00,2022-11-02 06:00:00,1.75,5.0,5.5,4
2022-11-02 09:30:00,2022-11-02 10:30:00,1.25,4.6,5.0200000000000005,9
2022-11-04 12:45:00,2022-11-04 13:15:00,0.75,5.5,5.633333333333333,12
2022-11-11 17:45:00,2022-11-11 20:15:00,2.75,5.2,5.390909090909091,17
2022-11-12 01:15:00,2022-11-12 03:00:00,2.0,4.3,4.762499999999999,1
2022-11-12 08:45:00,2022-11-12 09:15:00,0.75,5.1,5.366666666666667,8
2022-11-12 15:45:00,2022-11-12 17:00:00,1.5,4.9,5.3999999999999995,15
2022-11-12 23:00:00,2022-11-12 23:45:00,1.0,5.4,5.65,23
2022-11-13 01:45:00,2022-11-13 05:45:00,4.25,4.0,4.711764705882352,1
2022-11-13 09:00:00,2022-11-13 10:00:00,1.25,4.9,5.2,9
2022-11-13 16:30:00,2022-11-13 17:00:00,0.75,5.9,6.033333333333334,16
2022-11-13 21:15:00,2022-11-13 21:45:00,0.75,6.1,6.233333333333333,21
2022-11-15 02:15:00,2022-11-15 02:45:00,0.75,6.4,6.5,2
2022-11-15 07:30:00,2022-11-15 08:30:00,1.25,5.5,5.76,7
2022-11-15 21:15:00,2022-11-15 22:00:00,1.0,6.0,6.1,21
2022-11-16 04:00:00,2022-11-16 09:00:00,5.25,5.0,5.438095238095237,4
2022-11-16 10:45:00,2022-11-16 11:00:00,0.5,5.8,5.9,10
2022-11-16 21:00:00,2022-11-16 23:00:00,2.25,5.8,5.944444444444445,21
2022-11-17 22:45:00,2022-11-17 23:45:00,1.25,6.4,6.5,22
2022-11-18 13:00:00,2022-11-18 13:30:00,0.75,6.7,6.833333333333333,13
2022-11-25 16:30:00,2022-11-25 16:45:00,0.5,6.7,6.85,16
2022-11-26 09:30:00,2022-11-26 10:00:00,0.75,6.9,7.066666666666667,9
2022-11-28 02:15:00,2022-11-28 02:45:00,0.75,6.5,6.7,2
2022-11-28 09:15:00,2022-11-28 10:15:00,1.25,6.9,7.08,9
2022-12-01 06:15:00,2022-12-01 08:30:00,2.5,6.2,6.470000000000001,6
2022-12-05 13:45:00,2022-12-05 14:30:00,1.0,7.5,7.65,13
2022-12-16 19:15:00,2022-12-16 19:45:00,0.75,7.4,7.6000000000000005,19
2022-12-17 08:30:00,2022-12-17 09:00:00,0.75,6.8,7.066666666666666,8
2022-12-18 08:45:00,2022-12-18 10:00:00,1.5,7.0,7.266666666666667,8
2022-12-19 12:30:00,2022-12-19 13:15:00,1.0,8.0,8.149999999999999,12
2022-12-22 01:45:00,2022-12-22 02:45:00,1.25,8.6,8.7,1
2022-12-22 06:15:00,2022-12-22 07:00:00,1.0,8.2,8.425,6
2022-12-23 14:45:00,2022-12-23 15:00:00,0.5,8.9,9.05,14
2022-12-24 07:15:00,2022-12-24 07:45:00,0.75,9.5,9.733333333333333,7
2022-12-24 20:45:00,2022-12-24 21:00:00,0.5,9.8,9.9,20
2022-12-25 08:00:00,2022-12-25 10:30:00,2.75,9.1,9.718181818181817,8
2022-12-25 21:30:00,2022-12-25 21:45:00,0.5,10.1,10.2,21
2022-12-26 09:15:00,2022-12-26 11:45:00,2.75,9.1,9.736363636363636,9
2022-12-26 22:30:00,2022-12-26 22:45:00,0.5,10.2,10.3,22
2022-12-27 10:30:00,2022-12-27 12:15:00,2.0,9.6,10.087499999999999,10
2022-12-27 23:30:00,2022-12-28 00:00:00,0.75,10.2,10.366666666666665,23
2022-12-28 11:30:00,2022-12-28 12:15:00,1.0,10.1,10.35,11
2022-12-29 00:15:00,2022-12-29 00:30:00,0.5,10.5,10.6,0
2022-12-29 12:30:00,2022-12-29 13:00:00,0.75,10.2,10.4,12
2022-12-30 01:00:00,2022-12-30 01:30:00,0.75,10.3,10.466666666666667,1
2022-12-31 07:00:00,2022-12-31 07:45:00,1.0,9.3,9.524999999999999,7
2022-12-31 18:00:00,2022-12-31 18:30:00,0.75,9.2,9.4,18
2022-12-31 21:30:00,2022-12-31 21:45:00,0.5,8.1,8.2,21
2023-01-01 07:15:00,2023-01-01 08:15:00,1.25,8.6,9.02,7
2023-01-01 18:45:00,2023-01-01 21:45:00,3.25,7.5,8.392307692307693,18
2023-01-02 02:30:00,2023-01-02 03:15:00,1.0,9.4,9.6,2
2023-01-02 08:15:00,2023-01-02 10:45:00,2.75,7.8,8.454545454545453,8
2023-01-02 20:00:00,2023-01-02 21:45:00,2.0,7.7,8.325,20
2023-01-03 10:00:00,2023-01-03 10:30:00,0.75,8.5,8.666666666666666,10
2023-01-03 21:00:00,2023-01-03 21:45:00,1.0,8.1,8.425,21
2023-01-04 21:00:00,2023-01-04 22:45:00,2.0,7.5,8.1875,21
2023-01-05 10:15:00,2023-01-05 13:15:00,3.25,6.9,7.784615384615386,10
2023-01-05 22:00:00,2023-01-05 23:15:00,1.5,7.2,7.783333333333334,22
2023-01-06 01:00:00,2023-01-06 01:45:00,1.0,6.2,6.55,1
2023-01-06 22:45:00,2023-01-06 23:00:00,0.5,8.2,8.3,22
2023-01-14 19:15:00,2023-01-14 20:45:00,1.75,9.0,9.357142857142858,19
2023-01-14 23:15:00,2023-01-14 23:45:00,0.75,8.6,8.966666666666667,23
2023-01-17 21:45:00,2023-01-17 22:30:00,1.0,8.6,8.725,21
2023-01-18 02:30:00,2023-01-18 03:30:00,1.25,8.9,8.940000000000001,2
2023-01-18 20:00:00,2023-01-18 20:15:00,0.5,8.2,8.3,20
2023-01-18 22:30:00,2023-01-18 23:30:00,1.25,7.0,7.359999999999999,22
2023-01-19 21:00:00,2023-01-20 00:30:00,3.75,7.0,7.499999999999999,21
2023-01-20 13:15:00,2023-01-20 13:45:00,0.75,7.5,7.666666666666667,13
2023-01-20 20:30:00,2023-01-21 01:00:00,4.75,7.1,7.984210526315789,20
2023-01-22 02:15:00,2023-01-22 03:00:00,1.0,7.8,7.95,2
2023-01-22 16:15:00,2023-01-22 16:45:00,0.75,7.9,8.233333333333333,16
2023-01-24 03:45:00,2023-01-24 04:15:00,0.75,7.9,8.0,3
2023-01-24 17:00:00,2023-01-24 17:30:00,0.75,9.3,9.466666666666667,17
2023-01-24 21:45:00,2023-01-24 22:00:00,0.5,9.0,9.1,21
2023-01-26 02:30:00,2023-01-26 03:15:00,1.0,8.0,8.225000000000001,2
2023-01-26 10:15:00,2023-01-26 11:30:00,1.5,7.9,8.216666666666667,10
2023-01-27 11:30:00,2023-01-27 11:45:00,0.5,8.7,8.8,11
2023-01-27 18:30:00,2023-01-27 18:45:00,0.5,9.2,9.35,18
2023-01-28 00:15:00,2023-01-28 00:30:00,0.5,8.9,9.05,0
2023-01-29 00:30:00,2023-01-29 00:45:00,0.5,9.0,9.2,0
2023-01-29 08:00:00,2023-01-29 08:30:00,0.75,8.6,8.766666666666667,8
2023-01-29 20:00:00,2023-01-29 20:45:00,1.0,8.5,8.649999999999999,20
2023-01-30 21:00:00,2023-01-30 21:30:00,0.75,7.3,7.5,21
2023-01-31 19:30:00,2023-01-31 23:00:00,3.75,6.3,7.099999999999999,19
2023-02-01 08:45:00,2023-02-01 09:00:00,0.5,7.4,7.5,8
2023-02-01 17:00:00,2023-02-01 18:45:00,2.0,7.1,7.4,17
2023-02-01 20:15:00,2023-02-01 23:15:00,3.25,6.0,6.707692307692307,20
2023-02-02 21:30:00,2023-02-02 22:30:00,1.25,6.5,6.859999999999999,21
2023-02-03 22:00:00,2023-02-03 22:30:00,0.75,7.1,7.266666666666666,22
2023-02-04 14:00:00,2023-02-04 14:15:00,0.5,8.2,8.35,14
2023-02-06 13:45:00,2023-02-06 14:45:00,1.25,8.1,8.4,13
2023-02-06 20:45:00,2023-02-06 22:00:00,1.5,8.0,8.233333333333334,20
2023-02-07 15:00:00,2023-02-07 15:45:00,1.0,8.6,8.675,15
2023-02-08 02:30:00,2023-02-08 03:15:00,1.0,7.5,7.65,2
2023-02-08 15:00:00,2023-02-08 16:15:00,1.5,8.2,8.5,15
2023-02-08 22:00:00,2023-02-08 22:15:00,0.5,8.4,8.5,22
2023-02-09 01:15:00,2023-02-09 01:45:00,0.75,7.9,8.066666666666665,1
2023-02-09 15:45:00,2023-02-09 16:30:00,1.0,8.0,8.175,15
2023-02-10 01:45:00,2023-02-10 03:00:00,1.5,7.3,7.733333333333333,1
2023-02-10 04:30:00,2023-02-10 05:00:00,0.75,6.4,6.666666666666667,4
2023-02-10 14:00:00,2023-02-10 15:30:00,1.75,7.1,7.499999999999999,14
2023-02-11 01:00:00,2023-02-11 03:15:00,2.5,6.6,7.519999999999999,1
2023-02-12 18:30:00,2023-02-12 19:30:00,1.25,7.4,7.62,18
2023-02-13 05:30:00,2023-02-13 08:00:00,2.75,7.2,7.427272727272729,5
2023-02-13 18:15:00,2023-02-13 18:45:00,0.75,7.7,7.833333333333333,18
2023-02-14 08:00:00,2023-02-14 08:30:00,0.75,6.7,6.933333333333334,8
2023-02-14 19:15:00,2023-02-14 19:45:00,0.75,7.5,7.666666666666667,19
2023-02-16 10:15:00,2023-02-16 10:45:00,0.75,6.3,6.566666666666666,10
2023-02-16 21:30:00,2023-02-16 22:30:00,1.25,5.5,5.88,21
2023-02-17 11:15:00,2023-02-17 12:15:00,1.25,5.5,6.12,11
2023-02-17 19:00:00,2023-02-17 19:45:00,1.0,7.1,7.275,19
2023-02-18 20:30:00,2023-02-18 21:45:00,1.5,7.4,7.683333333333334,20
2023-02-20 15:15:00,2023-02-20 15:30:00,0.5,7.1,7.25,15
2023-02-21 02:15:00,2023-02-21 02:45:00,0.75,6.5,6.666666666666667,2
2023-02-21 14:45:00,2023-02-21 15:45:00,1.25,6.8,7.039999999999999,14
2023-02-21 23:15:00,2023-02-22 00:30:00,1.5,7.1,7.3,23
2023-02-23 04:00:00,2023-02-23 04:45:00,1.0,5.7,5.975,4
2023-02-23 15:45:00,2023-02-23 16:45:00,1.25,6.1,6.340000000000001,15
2023-02-24 02:00:00,2023-02-24 03:00:00,1.25,6.0,6.34,2
2023-02-24 05:00:00,2023-02-24 05:30:00,0.75,5.1,5.3,5
2023-02-24 17:00:00,2023-02-24 17:15:00,0.5,5.0,5.3,17
2023-02-25 01:45:00,2023-02-25 04:45:00,3.25,5.3,6.130769230769231,1
2023-02-25 15:15:00,2023-02-25 15:45:00,0.75,5.8,6.0,15
2023-02-26 02:30:00,2023-02-26 04:45:00,2.5,5.3,6.0,2
2023-02-26 15:00:00,2023-02-26 15:30:00,0.75,5.7,5.833333333333333,15
2023-02-26 18:30:00,2023-02-26 19:15:00,1.0,4.6,4.949999999999999,18
2023-02-27 03:15:00,2023-02-27 06:15:00,3.25,4.6,5.561538461538461,3
2023-02-28 05:30:00,2023-02-28 07:00:00,1.75,4.5,5.014285714285714,5
2023-02-28 08:30:00,2023-02-28 09:00:00,0.75,3.9,4.0,8
2023-02-28 19:45:00,2023-02-28 21:00:00,1.5,4.1,4.283333333333334,19
2023-03-01 05:00:00,2023-03-01 07:45:00,3.0,4.4,5.408333333333334,5
2023-03-01 09:30:00,2023-03-01 10:15:00,1.0,3.9,4.05,9
2023-03-01 17:00:00,2023-03-01 18:00:00,1.25,5.3,5.5,17
2023-03-01 19:45:00,2023-03-01 21:30:00,2.0,3.6,4.2250000000000005,19
2023-03-02 07:30:00,2023-03-02 08:45:00,1.5,4.3,4.816666666666667,7
2023-03-02 15:15:00,2023-03-02 16:30:00,1.5,4.6,4.783333333333334,15
2023-03-02 18:00:00,2023-03-02 18:30:00,0.75,4.3,4.5,18
2023-03-02 21:00:00,2023-03-02 22:15:00,1.5,3.8,3.966666666666667,21
2023-03-03 07:15:00,2023-03-03 11:45:00,4.75,4.1,5.0473684210526315,7
2023-03-03 21:30:00,2023-03-03 23:00:00,1.75,4.4,4.857142857142857,21
2023-03-04 07:45:00,2023-03-04 12:30:00,5.0,4.3,5.055,7
2023-03-04 20:00:00,2023-03-05 01:00:00,5.25,3.7,4.690476190476191,20
2023-03-05 13:30:00,2023-03-05 15:15:00,2.0,4.9,5.699999999999999,13
2023-03-05 22:45:00,2023-03-05 23:00:00,0.5,5.4,5.5,22
2023-03-06 00:45:00,2023-03-06 02:00:00,1.5,4.6,4.800000000000001,0
2023-03-06 21:45:00,2023-03-06 23:30:00,2.0,5.3,5.6875,21
2023-03-08 03:00:00,2023-03-08 03:15:00,0.5,4.4,4.5,3
2023-03-09 23:45:00,2023-03-10 01:00:00,1.5,6.0,6.2,23
2023-03-15 00:30:00,2023-03-15 00:45:00,0.5,6.8,6.9,0
2023-03-18 12:15:00,2023-03-18 12:30:00,0.5,5.8,5.9,12
2023-03-18 20:45:00,2023-03-18 21:30:00,1.0,6.6,6.85,20
2023-03-18 23:45:00,2023-03-19 00:15:00,0.75,5.7,5.833333333333333,23
2023-03-19 05:00:00,2023-03-19 05:15:00,0.5,7.3,7.4,5
2023-03-26 03:00:00,2023-03-26 04:00:00,1.25,5.7,6.02,3
2023-03-27 03:30:00,2023-03-27 05:00:00,1.75,5.2,5.628571428571428,3
2023-03-28 04:00:00,2023-03-28 04:45:00,1.0,5.0,5.3,4
2023-03-28 11:45:00,2023-03-28 12:00:00,0.5,5.0,5.1,11
2023-03-28 15:00:00,2023-03-28 15:30:00,0.75,5.5,5.733333333333333,15
2023-03-29 04:45:00,2023-03-29 05:15:00,0.75,5.2,5.3999999999999995,4
2023-03-30 05:45:00,2023-03-30 07:45:00,2.25,5.2,5.611111111111112,5
2023-03-31 21:15:00,2023-03-31 22:30:00,1.5,5.4,5.566666666666666,21
2023-04-01 08:00:00,2023-04-01 08:15:00,0.5,5.7,5.800000000000001,8
2023-04-02 04:00:00,2023-04-02 05:00:00,1.25,6.0,6.24,4
2023-04-02 10:00:00,2023-04-02 11:00:00,1.25,5.3,5.6000000000000005,10
2023-04-02 13:00:00,2023-04-02 13:45:00,1.0,5.5,5.575,13
2023-04-02 15:30:00,2023-04-02 15:45:00,0.5,6.3,6.449999999999999,15
2023-04-02 21:15:00,2023-04-02 21:30:00,0.5,5.9,6.0,21
2023-04-03 09:30:00,2023-04-03 10:15:00,1.0,5.9,6.074999999999999,9
2023-04-03 21:45:00,2023-04-03 22:45:00,1.25,5.4,5.739999999999999,21
2023-04-04 22:30:00,2023-04-04 23:30:00,1.25,5.0,5.34,22
2023-04-05 14:30:00,2023-04-05 15:45:00,1.5,5.7,5.766666666666667,14
2023-04-05 22:45:00,2023-04-05 23:30:00,1.0,5.2,5.499999999999999,22
2023-04-06 15:00:00,2023-04-06 16:15:00,1.5,5.8,5.933333333333334,15
2023-04-06 23:45:00,2023-04-07 00:30:00,1.0,4.9,5.15,23
2023-04-07 17:15:00,2023-04-07 17:30:00,0.5,5.5,5.6,17
2023-04-08 00:30:00,2023-04-08 01:15:00,1.0,4.9,5.15,0
2023-04-09 06:30:00,2023-04-09 07:00:00,0.75,5.6,5.733333333333333,6
2023-04-14 05:45:00,2023-04-14 07:00:00,1.5,5.4,5.766666666666666,5
2023-04-15 07:15:00,2023-04-15 08:30:00,1.5,4.9,5.216666666666666,7
2023-04-16 20:30:00,2023-04-16 21:00:00,0.75,5.1,5.266666666666667,20
2023-04-17 08:45:00,2023-04-17 09:15:00,0.75,5.1,5.3,8
2023-04-20 15:45:00,2023-04-20 16:45:00,1.25,6.3,6.5,15
2023-04-20 19:15:00,2023-04-20 19:30:00,0.5,5.5,5.65,19
2023-04-23 21:45:00,2023-04-23 22:00:00,0.5,5.2,5.300000000000001,21
2023-04-24 22:15:00,2023-04-24 22:30:00,0.5,5.1,5.199999999999999,22
2023-04-26 02:30:00,2023-04-26 03:45:00,1.5,5.3,5.683333333333334,2
2023-04-27 08:15:00,2023-04-27 09:30:00,1.5,4.4,4.566666666666667,8
2023-04-28 05:15:00,2023-04-28 06:15:00,1.25,4.8,5.16,5
2023-04-28 16:30:00,2023-04-28 21:30:00,5.25,3.7,4.60952380952381,16
2023-04-29 06:00:00,2023-04-29 07:00:00,1.25,4.2,4.52,6
2023-04-29 08:45:00,2023-04-29 10:45:00,2.25,3.0,3.5222222222222226,8
2023-04-29 20:30:00,2023-04-29 23:45:00,3.5,3.1,3.835714285714286,20
2023-04-30 07:00:00,2023-04-30 07:30:00,0.75,4.5,4.666666666666667,7
2023-04-30 09:15:00,2023-04-30 10:45:00,1.75,3.3,3.871428571428571,9
2023-04-30 14:00:00,2023-04-30 16:00:00,2.25,4.2,4.555555555555556,14
2023-04-30 17:30:00,2023-04-30 18:00:00,0.75,4.6,4.833333333333333,17
2023-04-30 20:00:00,2023-04-30 22:15:00,2.5,3.9,4.7,20
2023-05-01 03:45:00,2023-05-01 04:30:00,1.0,4.9,5.275,3
2023-05-01 08:45:00,2023-05-01 12:00:00,3.5,3.9,4.492857142857143,8
2023-05-01 20:30:00,2023-05-02 00:45:00,4.5,4.2,4.666666666666666,20
2023-05-02 04:15:00,2023-05-02 04:30:00,0.5,5.0,5.15,4
2023-05-02 07:00:00,2023-05-02 10:15:00,3.5,3.9,5.157142857142858,7
2023-05-02 21:15:00,2023-05-02 22:00:00,1.0,5.4,5.674999999999999,21
2023-05-02 23:45:00,2023-05-03 00:30:00,1.0,4.5,4.725,23
2023-05-03 07:15:00,2023-05-03 07:30:00,0.5,5.6,5.75,7
2023-05-03 22:00:00,2023-05-03 22:15:00,0.5,6.0,6.1,22
2023-05-04 13:45:00,2023-05-04 14:30:00,1.0,6.0,6.3,13
2023-05-04 21:30:00,2023-05-04 22:45:00,1.5,6.0,6.25,21
2023-05-06 23:00:00,2023-05-07 00:15:00,1.5,5.3,5.599999999999999,23
2023-05-08 09:30:00,2023-05-08 10:15:00,1.0,4.8,5.125,9
2023-05-08 15:30:00,2023-05-08 15:45:00,0.5,5.5,5.6,15
2023-05-08 21:30:00,2023-05-08 21:45:00,0.5,5.7,5.800000000000001,21
2023-05-09 05:00:00,2023-05-09 05:30:00,0.75,4.1,4.333333333333333,5
2023-05-09 16:00:00,2023-05-09 17:00:00,1.25,5.1,5.38,16
2023-05-09 21:30:00,2023-05-09 22:15:00,1.0,5.6,5.775,21
2023-05-10 05:15:00,2023-05-10 06:15:00,1.25,4.1,4.300000000000001,5
2023-05-10 16:30:00,2023-05-10 18:00:00,1.75,5.6,5.757142857142858,16
2023-05-11 03:30:00,2023-05-11 04:30:00,1.25,4.9,5.220000000000001,3
2023-05-11 18:15:00,2023-05-11 19:30:00,1.5,5.0,5.433333333333334,18
2023-05-12 04:15:00,2023-05-12 05:00:00,1.0,4.9,5.2,4
2023-05-13 05:30:00,2023-05-13 06:00:00,0.75,4.7,4.866666666666667,5
2023-05-13 17:00:00,2023-05-13 18:00:00,1.25,5.1,5.3,17
2023-05-15 11:00:00,2023-05-15 12:45:00,2.0,3.8,4.2125,11
2023-05-15 20:15:00,2023-05-15 21:15:00,1.25,4.4,4.68,20
2023-05-16 11:45:00,2023-05-16 13:15:00,1.75,4.3,4.785714285714286,11
2023-05-16 21:00:00,2023-05-16 21:15:00,0.5,4.5,4.6,21
2023-05-17 20:45:00,2023-05-17 22:30:00,2.0,4.2,4.5625,20
2023-05-18 14:30:00,2023-05-18 16:15:00,2.0,5.0,5.2749999999999995,14
2023-05-18 21:45:00,2023-05-18 23:00:00,1.5,4.5,4.716666666666667,21
2023-05-19 03:15:00,2023-05-19 03:30:00,0.5,3.4,3.55,3
2023-05-21 14:45:00,2023-05-21 15:15:00,0.75,3.5,3.8333333333333335,14
2023-05-21 23:45:00,2023-05-22 01:30:00,2.0,4.0,4.2875,23
2023-05-22 16:00:00,2023-05-22 16:30:00,0.75,4.9,5.1,16
2023-05-23 00:30:00,2023-05-23 03:00:00,2.75,4.3,4.890909090909091,0
2023-05-23 21:15:00,2023-05-23 21:30:00,0.5,5.2,5.300000000000001,21
2023-05-24 01:00:00,2023-05-24 03:30:00,2.75,4.6,5.254545454545454,1
2023-05-24 06:30:00,2023-05-24 07:45:00,1.5,3.8,4.183333333333334,6
2023-05-24 13:00:00,2023-05-24 13:15:00,0.5,4.6,4.75,13
2023-05-24 16:45:00,2023-05-24 17:45:00,1.25,5.8,5.96,16
2023-05-25 01:45:00,2023-05-25 04:15:00,2.75,4.6,5.199999999999999,1
2023-05-25 09:30:00,2023-05-25 10:15:00,1.0,4.1,4.5,9
2023-05-25 13:45:00,2023-05-25 14:45:00,1.25,4.5,4.8,13
2023-05-25 18:45:00,2023-05-25 20:00:00,1.5,4.3,4.933333333333334,18
2023-05-26 03:00:00,2023-05-26 04:30:00,1.75,5.2,5.514285714285714,3
2023-05-26 09:00:00,2023-05-26 09:45:00,1.0,4.3,4.475,9
2023-05-26 19:45:00,2023-05-26 20:45:00,1.25,4.6,4.779999999999999,19
2023-05-27 08:15:00,2023-05-27 08:45:00,0.75,5.2,5.266666666666667,8
2023-05-27 17:00:00,2023-05-27 17:30:00,0.75,6.1,6.2,17
2023-05-27 20:45:00,2023-05-27 22:15:00,1.75,5.2,5.371428571428571,20
2023-05-28 03:45:00,2023-05-28 06:15:00,2.75,5.4,5.954545454545454,3
2023-05-29 06:00:00,2023-05-29 10:30:00,4.75,4.2,4.71578947368421,6
2023-05-29 13:00:00,2023-05-29 13:45:00,1.0,5.0,5.375,13
2023-05-29 16:45:00,2023-05-29 22:30:00,6.0,4.4,5.4125000000000005,16
2023-05-30 05:45:00,2023-05-30 08:30:00,3.0,4.6,5.358333333333333,5
2023-05-30 10:00:00,2023-05-30 10:30:00,0.75,2.8,3.3666666666666667,10
2023-05-30 20:00:00,2023-05-30 22:30:00,2.75,4.7,5.2727272727272725,20
2023-05-31 08:00:00,2023-05-31 12:30:00,4.75,3.7,4.531578947368421,8
2023-05-31 21:00:00,2023-05-31 21:45:00,1.0,5.3,5.55,21
2023-05-31 23:45:00,2023-06-01 01:00:00,1.5,4.3,4.483333333333333,23
2023-06-02 12:45:00,2023-06-02 13:15:00,0.75,4.6,4.733333333333333,12
2023-06-03 02:30:00,2023-06-03 03:15:00,1.0,3.2,3.95,2
2023-06-03 13:45:00,2023-06-03 14:45:00,1.25,4.6,5.0600000000000005,13
2023-06-03 22:00:00,2023-06-03 23:15:00,1.5,4.5,4.8,22
2023-06-04 14:45:00,2023-06-04 16:15:00,1.75,4.3,4.828571428571428,14
2023-06-04 23:15:00,2023-06-05 00:30:00,1.5,4.3,4.666666666666667,23
2023-06-05 15:15:00,2023-06-05 16:00:00,1.0,5.2,5.7749999999999995,15
2023-06-05 20:15:00,2023-06-05 20:30:00,0.5,5.2,5.300000000000001,20
2023-06-05 23:45:00,2023-06-06 01:00:00,1.5,4.2,4.75,23
2023-06-06 05:15:00,2023-06-06 06:00:00,1.0,3.8,4.025,5
2023-06-06 15:00:00,2023-06-06 16:30:00,1.75,5.0,5.328571428571428,15
2023-06-06 20:45:00,2023-06-06 21:15:00,0.75,4.9,5.166666666666667,20
2023-06-07 05:30:00,2023-06-07 06:00:00,0.75,3.4,3.6666666666666665,5
2023-06-07 15:15:00,2023-06-07 16:15:00,1.25,4.9,5.279999999999999,15
2023-06-07 18:00:00,2023-06-07 18:45:00,1.0,4.3,5.075,18
2023-06-07 21:45:00,2023-06-07 22:00:00,0.5,4.9,5.0,21
2023-06-08 00:45:00,2023-06-08 01:00:00,0.5,4.3,4.5,0
2023-06-08 05:45:00,2023-06-08 07:30:00,2.0,2.8,3.2750000000000004,5
2023-06-08 13:00:00,2023-06-08 13:45:00,1.0,3.6,3.875,13
2023-06-08 17:15:00,2023-06-08 19:30:00,2.5,3.3,4.21,17
2023-06-14 11:00:00,2023-06-14 11:30:00,0.75,2.5,2.8666666666666667,11
2023-06-14 19:45:00,2023-06-14 20:45:00,1.25,4.5,4.64,19
2023-06-15 01:30:00,2023-06-15 02:15:00,1.0,3.4,3.7249999999999996,1
2023-06-15 07:45:00,2023-06-15 09:00:00,1.5,3.9,4.083333333333333,7
2023-06-15 11:45:00,2023-06-15 12:15:00,0.75,3.3,3.3666666666666667,11
2023-06-15 20:15:00,2023-06-15 21:45:00,1.75,4.3,4.742857142857143,20
2023-06-16 00:45:00,2023-06-16 02:00:00,1.5,3.3,3.483333333333333,0
2023-06-16 12:00:00,2023-06-16 15:30:00,3.75,2.9,3.94,12
2023-06-16 21:15:00,2023-06-16 23:15:00,2.25,4.1,4.5888888888888895,21
2023-06-17 08:45:00,2023-06-17 09:00:00,0.5,3.6,3.8,8
2023-06-17 13:00:00,2023-06-17 15:00:00,2.25,3.5,3.966666666666667,13
2023-06-17 23:15:00,2023-06-18 00:15:00,1.25,3.9,4.220000000000001,23
2023-06-18 13:15:00,2023-06-18 15:30:00,2.5,3.5,4.260000000000001,13
2023-06-18 22:30:00,2023-06-19 00:45:00,2.5,3.9,4.49,22
2023-06-19 16:30:00,2023-06-19 17:15:00,1.0,4.2,4.325,16
2023-06-20 04:15:00,2023-06-20 05:45:00,1.75,2.7,3.228571428571428,4
2023-06-20 14:30:00,2023-06-20 17:45:00,3.5,3.6,4.214285714285714,14
2023-06-21 01:30:00,2023-06-21 02:00:00,0.75,4.0,4.133333333333334,1
2023-06-21 05:15:00,2023-06-21 06:00:00,1.0,3.2,3.45,5
2023-06-21 16:15:00,2023-06-21 17:00:00,1.0,4.1,4.325,16
2023-06-21 21:45:00,2023-06-21 22:00:00,0.5,4.5,4.6,21
2023-06-22 05:00:00,2023-06-22 06:30:00,1.75,2.5,3.1714285714285717,5
2023-06-22 12:15:00,2023-06-22 12:30:00,0.5,3.4,3.55,12
2023-06-22 17:00:00,2023-06-22 18:00:00,1.25,2.7,3.3200000000000003,17
2023-06-23 01:00:00,2023-06-23 01:15:00,0.5,4.3,4.4,1
2023-06-23 03:15:00,2023-06-23 07:15:00,4.25,3.1,3.729411764705883,3
2023-06-23 16:15:00,2023-06-23 17:30:00,1.5,4.1,4.300000000000001,16
2023-06-24 03:30:00,2023-06-24 07:00:00,3.75,2.4,3.3200000000000003,3
2023-06-24 10:45:00,2023-06-24 11:45:00,1.25,3.6,3.9,10
2023-06-24 17:00:00,2023-06-24 19:00:00,2.25,3.8,4.333333333333332,17
2023-06-25 03:45:00,2023-06-25 05:30:00,2.0,3.3,3.8125,3
2023-06-25 07:00:00,2023-06-25 07:30:00,0.75,2.2,2.566666666666667,7
2023-06-25 11:15:00,2023-06-25 11:30:00,0.5,3.7,3.8,11
2023-06-25 18:00:00,2023-06-25 20:00:00,2.25,3.1,4.1,18
2023-06-26 04:30:00,2023-06-26 06:00:00,1.75,3.1,3.6571428571428575,4
2023-06-26 07:30:00,2023-06-26 08:15:00,1.0,1.7,2.4,7
2023-06-26 12:30:00,2023-06-26 12:45:00,0.5,3.3,3.5,12
2023-06-26 15:45:00,2023-06-26 16:00:00,0.5,3.8,4.0,15
2023-06-26 18:45:00,2023-06-26 20:30:00,2.0,3.4,3.7749999999999995,18
2023-06-27 03:30:00,2023-06-27 05:45:00,2.5,3.3,4.26,3
2023-06-27 08:15:00,2023-06-27 09:00:00,1.0,2.0,2.5,8
2023-06-27 11:00:00,2023-06-27 11:45:00,1.0,3.1,3.25,11
2023-06-27 16:15:00,2023-06-27 16:45:00,0.75,3.5,4.166666666666667,16
2023-06-27 18:15:00,2023-06-27 22:30:00,4.5,2.9,3.5388888888888888,18
2023-06-28 04:15:00,2023-06-28 07:00:00,3.0,2.8,3.8666666666666667,4
2023-06-28 08:30:00,2023-06-28 10:30:00,2.25,2.0,2.2666666666666666,8
2023-06-28 17:45:00,2023-06-28 21:00:00,3.5,3.1,4.0857142857142845,17
2023-06-29 05:15:00,2023-06-29 05:30:00,0.5,3.4,3.5999999999999996,5
2023-06-29 07:00:00,2023-06-29 08:15:00,1.5,2.5,2.9499999999999997,7
2023-06-29 11:15:00,2023-06-29 11:30:00,0.5,2.1,2.2,11
2023-06-29 18:45:00,2023-06-29 20:30:00,2.0,3.6,4.075,18
2023-06-30 06:15:00,2023-06-30 06:45:00,0.75,2.5,2.8000000000000003,6
2023-06-30 11:30:00,2023-06-30 12:30:00,1.25,2.4,2.62,11
2023-07-01 00:30:00,2023-07-01 00:45:00,0.5,2.4,2.5,0
2023-07-01 11:45:00,2023-07-01 12:30:00,1.0,1.9,2.4,11
2023-07-01 20:15:00,2023-07-01 20:30:00,0.5,2.7,2.95,20
2023-07-02 01:15:00,2023-07-02 02:00:00,1.0,1.8,2.35,1
2023-07-02 08:15:00,2023-07-02 08:30:00,0.5,2.0,2.3,8
2023-07-02 11:45:00,2023-07-02 13:45:00,2.25,1.9,2.822222222222222,11
2023-07-03 03:00:00,2023-07-03 03:30:00,0.75,2.2,2.766666666666667,3
2023-07-03 13:15:00,2023-07-03 16:15:00,3.25,2.0,3.2769230769230777,13
2023-07-04 03:45:00,2023-07-04 04:30:00,1.0,2.1,2.55,3
2023-07-04 15:00:00,2023-07-04 15:15:00,0.5,2.2,2.4000000000000004,15
2023-07-05 04:30:00,2023-07-05 05:30:00,1.25,1.9,2.4799999999999995,4
2023-07-05 15:30:00,2023-07-05 16:30:00,1.25,2.6,3.0599999999999996,15
2023-07-05 20:45:00,2023-07-05 21:00:00,0.5,3.4,3.5,20
2023-07-06 05:00:00,2023-07-06 05:45:00,1.0,1.9,2.3,5
2023-07-06 16:00:00,2023-07-06 17:00:00,1.25,1.9,2.8,16
2023-07-06 22:15:00,2023-07-06 22:30:00,0.5,3.0,3.15,22
2023-07-07 06:15:00,2023-07-07 07:45:00,1.75,2.5,2.785714285714286,6
2023-07-07 17:15:00,2023-07-07 18:00:00,1.0,2.6,2.85,17
2023-07-07 23:30:00,2023-07-08 00:00:00,0.75,2.9,3.1,23
2023-07-08 06:15:00,2023-07-08 06:45:00,0.75,2.1,2.3333333333333335,6
2023-07-08 18:30:00,2023-07-08 19:00:00,0.75,2.8,3.0666666666666664,18
2023-07-09 19:15:00,2023-07-09 21:15:00,2.25,2.6,2.977777777777778,19
2023-07-10 02:30:00,2023-07-10 03:45:00,1.5,2.6,2.9000000000000004,2
2023-07-10 07:30:00,2023-07-10 08:15:00,1.0,2.2,2.3499999999999996,7
2023-07-10 21:00:00,2023-07-10 22:15:00,1.5,2.5,2.9,21
2023-07-11 03:30:00,2023-07-11 04:45:00,1.5,2.2,2.6166666666666667,3
2023-07-11 08:00:00,2023-07-11 09:00:00,1.25,2.1,2.44,8
2023-07-11 17:00:00,2023-07-11 17:15:00,0.5,2.6,2.85,17
2023-07-11 22:15:00,2023-07-11 22:45:00,0.75,2.5,2.733333333333333,22
2023-07-12 05:00:00,2023-07-12 05:15:00,0.5,2.1,2.2,5
2023-07-12 09:45:00,2023-07-12 10:15:00,0.75,1.7,1.9666666666666668,9
2023-07-12 18:15:00,2023-07-12 19:00:00,1.0,2.9,3.2,18
2023-07-13 11:00:00,2023-07-13 11:30:00,0.75,1.8,1.9333333333333333,11
2023-07-13 16:00:00,2023-07-13 16:15:00,0.5,3.0,3.15,16
2023-07-13 19:00:00,2023-07-13 20:00:00,1.25,3.1,3.3600000000000003,19
2023-07-14 20:00:00,2023-07-14 21:30:00,1.75,2.7,3.1714285714285713,20
2023-07-15 11:45:00,2023-07-15 14:15:00,2.75,1.7,2.2454545454545456,11
2023-07-15 17:45:00,2023-07-15 18:00:00,0.5,3.2,3.3,17
2023-07-15 20:45:00,2023-07-15 22:15:00,1.75,3.2,3.4999999999999996,20
2023-07-16 01:30:00,2023-07-16 04:00:00,2.75,2.4,2.709090909090909,1
2023-07-16 07:00:00,2023-07-16 08:00:00,1.25,2.6,2.8,7
2023-07-16 12:30:00,2023-07-16 13:00:00,0.75,2.1,2.3333333333333335,12
2023-07-17 01:45:00,2023-07-17 03:00:00,1.5,1.5,2.3333333333333335,1
2023-07-17 09:00:00,2023-07-17 09:15:00,0.5,2.4,2.5,9
2023-07-17 12:30:00,2023-07-17 14:00:00,1.75,1.9,2.5,12
2023-07-17 22:00:00,2023-07-17 23:15:00,1.5,3.0,3.3000000000000003,22
2023-07-18 03:15:00,2023-07-18 04:30:00,1.5,2.4,2.466666666666667,3
2023-07-18 13:45:00,2023-07-18 15:30:00,2.0,2.2,2.5375,13
2023-07-18 22:45:00,2023-07-18 23:45:00,1.25,2.7,3.18,22
2023-07-19 03:00:00,2023-07-19 04:00:00,1.25,2.2,2.4800000000000004,3
2023-07-19 14:45:00,2023-07-19 17:30:00,3.0,2.7,3.0749999999999997,14
2023-07-19 19:45:00,2023-07-19 20:15:00,0.75,3.6,3.6999999999999997,19
2023-07-20 09:00:00,2023-07-20 09:30:00,0.75,2.8,2.9333333333333336,9
2023-07-20 11:00:00,2023-07-20 11:15:00,0.5,2.1,2.55,11
2023-07-20 14:15:00,2023-07-20 16:15:00,2.25,2.7,3.1444444444444444,14
2023-07-20 19:45:00,2023-07-20 20:15:00,0.75,3.2,3.366666666666667,19
2023-07-21 17:00:00,2023-07-21 20:45:00,4.0,2.7,4.01875,17
2023-07-22 17:30:00,2023-07-22 21:45:00,4.5,3.5,4.344444444444444,17
2023-07-23 01:00:00,2023-07-23 01:15:00,0.5,3.1,3.2,1
2023-07-23 18:45:00,2023-07-23 20:45:00,2.25,4.0,4.233333333333333,18
2023-07-23 23:15:00,2023-07-23 23:45:00,0.75,3.6,3.8333333333333335,23
2023-07-24 05:45:00,2023-07-24 07:15:00,1.75,2.3,2.585714285714286,5
2023-07-24 13:45:00,2023-07-24 14:00:00,0.5,2.5,2.7,13
2023-07-24 18:00:00,2023-07-24 18:30:00,0.75,2.5,2.9,18
2023-07-24 21:30:00,2023-07-24 22:45:00,1.5,3.0,3.1833333333333336,21
2023-07-25 06:45:00,2023-07-25 07:45:00,1.25,1.6,2.1399999999999997,6
2023-07-26 11:45:00,2023-07-26 12:00:00,0.5,2.5,2.65,11
2023-07-27 09:15:00,2023-07-27 09:30:00,0.5,1.2,1.5499999999999998,9
2023-07-27 12:15:00,2023-07-27 13:00:00,1.0,2.5,2.975,12
2023-07-28 04:00:00,2023-07-28 04:15:00,0.5,2.8,2.95,4
2023-07-28 06:00:00,2023-07-28 07:00:00,1.25,2.5,2.7,6
2023-07-28 08:45:00,2023-07-28 10:30:00,2.0,1.9,2.1125000000000003,8
2023-07-28 13:15:00,2023-07-28 14:00:00,1.0,2.7,3.2249999999999996,13
2023-07-28 23:15:00,2023-07-29 01:00:00,2.0,2.6,2.7874999999999996,23
2023-07-29 04:00:00,2023-07-29 05:30:00,1.75,2.6,2.9142857142857146,4
2023-07-29 10:45:00,2023-07-29 11:30:00,1.0,1.7,2.175,10
2023-07-29 15:00:00,2023-07-29 16:30:00,1.75,3.3,3.371428571428571,15
2023-07-29 19:00:00,2023-07-29 20:30:00,1.75,3.3,3.5571428571428574,19
2023-07-29 23:30:00,2023-07-30 00:00:00,0.75,2.3,2.6666666666666665,23
2023-07-30 05:15:00,2023-07-30 06:30:00,1.5,2.5,2.966666666666667,5
2023-07-30 08:00:00,2023-07-30 08:30:00,0.75,2.8,2.9666666666666663,8
2023-07-30 15:45:00,2023-07-30 17:15:00,1.75,3.0,3.457142857142857,15
2023-07-31 00:45:00,2023-07-31 02:45:00,2.25,2.9,3.0777777777777775,0
2023-07-31 13:00:00,2023-07-31 14:30:00,1.75,2.7,3.1714285714285717,13
2023-07-31 16:15:00,2023-07-31 17:45:00,1.75,3.0,3.3428571428571425,16
2023-08-01 02:45:00,2023-08-01 04:00:00,1.5,2.3,2.983333333333333,2
2023-08-01 13:15:00,2023-08-01 18:15:00,5.25,3.4,4.1000000000000005,13
2023-08-02 03:45:00,2023-08-02 04:30:00,1.0,2.1,2.7750000000000004,3
2023-08-02 14:45:00,2023-08-02 16:45:00,2.25,3.8,4.288888888888889,14
2023-08-03 04:30:00,2023-08-03 05:30:00,1.25,2.8,3.0599999999999996,4
2023-08-03 15:45:00,2023-08-03 16:15:00,0.75,3.8,3.9666666666666663,15
2023-08-03 21:45:00,2023-08-03 22:00:00,0.5,3.2,3.3,21
2023-08-04 11:00:00,2023-08-04 12:15:00,1.5,2.4,2.65,11
2023-08-04 16:30:00,2023-08-04 18:15:00,2.0,2.3,3.4375,16
2023-08-05 04:45:00,2023-08-05 05:30:00,1.0,2.4,2.825,4
2023-08-05 17:00:00,2023-08-05 17:45:00,1.0,3.1,3.6,17
2023-08-06 12:15:00,2023-08-06 14:00:00,2.0,1.9,2.7625,12
2023-08-06 18:00:00,2023-08-06 18:30:00,0.75,3.4,3.6999999999999997,18
2023-08-07 01:45:00,2023-08-07 02:15:00,0.75,3.0,3.1999999999999997,1
2023-08-07 06:15:00,2023-08-07 06:45:00,0.75,2.0,2.4,6
2023-08-07 18:30:00,2023-08-07 19:45:00,1.5,2.5,3.3000000000000003,18
2023-08-08 02:30:00,2023-08-08 03:00:00,0.75,3.3,3.5,2
2023-08-08 04:30:00,2023-08-08 05:00:00,0.75,3.1,3.266666666666666,4
2023-08-08 06:45:00,2023-08-08 07:30:00,1.0,1.8,2.325,6
2023-08-08 18:30:00,2023-08-08 20:30:00,2.25,2.0,2.8666666666666667,18
2023-08-09 04:45:00,2023-08-09 07:30:00,3.0,1.8,2.783333333333333,4
2023-08-10 04:00:00,2023-08-10 06:45:00,3.0,2.3,3.125,4
2023-08-10 18:00:00,2023-08-10 19:15:00,1.5,3.8,4.033333333333333,18
2023-08-10 21:45:00,2023-08-10 22:30:00,1.0,2.6,2.8,21
2023-08-11 04:00:00,2023-08-11 05:00:00,1.25,2.7,3.04,4
2023-08-11 06:45:00,2023-08-11 07:00:00,0.5,2.9,3.0,6
2023-08-11 09:15:00,2023-08-11 11:00:00,2.0,1.7,2.1500000000000004,9
2023-08-11 14:15:00,2023-08-11 14:30:00,0.5,2.9,3.05,14
2023-08-11 22:30:00,2023-08-11 23:00:00,0.75,2.4,2.6333333333333333,22
2023-08-12 07:00:00,2023-08-12 08:00:00,1.25,2.8,3.06,7
2023-08-12 10:15:00,2023-08-12 10:30:00,0.5,1.8,1.9,10
2023-08-12 14:45:00,2023-08-12 15:15:00,0.75,2.9,3.1666666666666665,14
2023-08-12 20:30:00,2023-08-12 20:45:00,0.5,3.2,3.3,20
2023-08-13 00:00:00,2023-08-13 00:45:00,1.0,2.1,2.4250000000000003,0
2023-08-13 08:30:00,2023-08-13 08:45:00,0.5,2.5,2.6,8
2023-08-13 11:00:00,2023-08-13 12:00:00,1.25,1.6,2.08,11
2023-08-13 16:00:00,2023-08-13 16:15:00,0.5,2.8,2.95,16
2023-08-13 21:30:00,2023-08-13 22:00:00,0.75,3.0,3.1666666666666665,21
2023-08-14 09:30:00,2023-08-14 10:00:00,0.75,2.5,2.6666666666666665,9
2023-08-14 11:45:00,2023-08-14 13:00:00,1.5,2.2,2.3833333333333333,11
2023-08-14 16:15:00,2023-08-14 17:15:00,1.25,3.2,3.54,16
2023-08-14 21:00:00,2023-08-14 22:15:00,1.5,3.5,3.816666666666667,21
2023-08-15 12:45:00,2023-08-15 15:30:00,3.0,2.0,2.716666666666667,12
2023-08-15 17:00:00,2023-08-15 17:45:00,1.0,3.4,3.725,17
2023-08-16 01:30:00,2023-08-16 02:15:00,1.0,2.4,2.575,1
2023-08-16 14:45:00,2023-08-16 18:15:00,3.75,2.5,3.513333333333333,14
2023-08-17 02:30:00,2023-08-17 05:00:00,2.75,2.7,3.4818181818181815,2
2023-08-17 10:15:00,2023-08-17 10:30:00,0.5,3.2,3.3,10
2023-08-17 14:15:00,2023-08-17 17:15:00,3.25,3.1,3.7846153846153845,14
2023-08-18 10:30:00,2023-08-18 10:45:00,0.5,2.5,2.85,10
2023-08-18 14:30:00,2023-08-18 15:15:00,1.0,3.3,3.825,14
2023-08-18 16:45:00,2023-08-18 18:00:00,1.5,4.4,4.566666666666666,16
2023-08-18 20:15:00,2023-08-18 21:00:00,1.0,4.0,4.325,20
2023-08-19 02:30:00,2023-08-19 04:00:00,1.75,2.6,3.042857142857143,2
2023-08-19 10:30:00,2023-08-19 11:30:00,1.25,3.0,3.3200000000000003,10
2023-08-19 15:15:00,2023-08-19 16:00:00,1.0,3.1,3.6,15
2023-08-19 21:00:00,2023-08-19 22:00:00,1.25,3.7,4.04,21
2023-08-20 02:15:00,2023-08-20 03:30:00,1.5,2.8,3.0500000000000003,2
2023-08-20 10:45:00,2023-08-20 12:00:00,1.5,2.7,3.1,10
2023-08-20 16:30:00,2023-08-20 18:30:00,2.25,3.1,4.288888888888889,16
2023-08-20 21:30:00,2023-08-21 00:00:00,2.75,3.5,4.036363636363637,21
2023-08-21 02:15:00,2023-08-21 02:45:00,0.75,3.3,3.4666666666666663,2
2023-08-21 04:30:00,2023-08-21 05:30:00,1.25,1.8,2.56,4
2023-08-21 11:30:00,2023-08-21 12:45:00,1.5,2.9,3.1333333333333333,11
2023-08-21 15:45:00,2023-08-21 18:00:00,2.5,3.5,4.34,15
2023-08-21 22:30:00,2023-08-22 00:30:00,2.25,3.4,3.9444444444444438,22
2023-08-22 02:15:00,2023-08-22 05:00:00,3.0,2.6,3.233333333333334,2
2023-08-22 17:45:00,2023-08-22 18:30:00,1.0,4.0,4.625,17
2023-08-22 22:30:00,2023-08-22 22:45:00,0.5,3.8,4.0,22
2023-08-23 01:30:00,2023-08-23 01:45:00,0.5,3.1,3.25,1
2023-08-23 10:15:00,2023-08-23 10:30:00,0.5,3.2,3.3,10
2023-08-23 19:15:00,2023-08-23 21:00:00,2.0,3.9,4.0,19
2023-08-24 07:45:00,2023-08-24 08:45:00,1.25,2.7,2.8600000000000003,7
2023-08-24 20:00:00,2023-08-24 21:45:00,2.0,3.4,3.6,20
2023-08-25 03:00:00,2023-08-25 03:15:00,0.5,3.3,3.5,3
2023-08-25 04:45:00,2023-08-25 05:15:00,0.75,2.9,3.1,4
2023-08-25 08:00:00,2023-08-25 08:15:00,0.5,1.9,2.0,8
2023-08-25 11:30:00,2023-08-25 12:45:00,1.5,2.9,3.3166666666666664,11
2023-08-25 21:15:00,2023-08-25 22:45:00,1.75,3.0,3.1714285714285717,21
2023-08-26 05:45:00,2023-08-26 06:00:00,0.5,3.0,3.1,5
2023-08-26 09:15:00,2023-08-26 09:30:00,0.5,1.8,2.0,9
2023-08-26 12:45:00,2023-08-26 13:45:00,1.25,3.0,3.3200000000000003,12
2023-08-27 00:00:00,2023-08-27 00:45:00,1.0,3.0,3.1,0
2023-08-27 07:00:00,2023-08-27 08:00:00,1.25,2.4,2.6799999999999997,7
2023-08-27 10:30:00,2023-08-27 11:30:00,1.25,2.0,2.54,10
2023-08-27 13:45:00,2023-08-27 15:45:00,2.25,3.2,3.411111111111111,13
2023-08-28 06:45:00,2023-08-28 07:00:00,0.5,2.2,2.45,6
2023-08-28 11:15:00,2023-08-28 12:30:00,1.5,2.2,2.8333333333333335,11
2023-08-29 01:15:00,2023-08-29 02:15:00,1.25,2.1,2.6399999999999997,1
2023-08-29 13:30:00,2023-08-29 14:45:00,1.5,3.0,3.3000000000000003,13
2023-08-30 02:30:00,2023-08-30 03:30:00,1.25,1.9,2.52,2
2023-08-30 14:15:00,2023-08-30 15:15:00,1.25,3.2,3.62,14
2023-08-31 03:15:00,2023-08-31 05:00:00,2.0,1.7,2.3875,3
2023-08-31 13:45:00,2023-08-31 14:45:00,1.25,1.4,2.36,13
2023-08-31 19:00:00,2023-08-31 20:00:00,1.25,3.1,3.3400000000000007,19
2023-09-01 03:45:00,2023-09-01 04:45:00,1.25,2.2,2.7,3
2023-09-02 04:45:00,2023-09-02 05:45:00,1.25,3.0,3.4,4
2023-09-02 17:00:00,2023-09-02 17:15:00,0.5,4.0,4.15,17
2023-09-04 18:30:00,2023-09-04 18:45:00,0.5,4.2,4.300000000000001,18
2023-09-05 05:45:00,2023-09-05 06:30:00,1.0,2.9,3.075,5
2023-09-05 13:00:00,2023-09-05 14:30:00,1.75,3.2,3.757142857142857,13
2023-09-05 18:45:00,2023-09-05 19:15:00,0.75,3.4,3.966666666666667,18
2023-09-06 02:00:00,2023-09-06 04:00:00,2.25,3.7,4.155555555555556,2
2023-09-06 06:30:00,2023-09-06 07:00:00,0.75,2.1,2.5666666666666664,6
2023-09-06 13:30:00,2023-09-06 15:30:00,2.25,3.5,3.8333333333333335,13
2023-09-06 19:30:00,2023-09-06 20:00:00,0.75,2.8,3.4666666666666663,19
2023-09-07 03:00:00,2023-09-07 05:00:00,2.25,3.3,3.9333333333333322,3
2023-09-07 07:15:00,2023-09-07 07:45:00,0.75,2.4,2.5,7
2023-09-07 14:00:00,2023-09-07 14:30:00,0.75,3.8,3.9666666666666663,14
2023-09-07 20:30:00,2023-09-07 21:15:00,1.0,3.0,3.125,20
2023-09-08 03:45:00,2023-09-08 05:30:00,2.0,3.3,3.775,3
2023-09-08 07:00:00,2023-09-08 09:00:00,2.25,2.3,2.6,7
2023-09-09 06:45:00,2023-09-09 07:00:00,0.5,3.2,3.35,6
2023-09-09 09:00:00,2023-09-09 12:30:00,3.75,2.2,2.8266666666666667,9
2023-09-09 15:30:00,2023-09-09 16:00:00,0.75,3.7,3.8333333333333335,15
2023-09-10 06:00:00,2023-09-10 07:45:00,2.0,3.0,3.5875,6
2023-09-10 10:30:00,2023-09-10 10:45:00,0.5,1.9,2.2,10
2023-09-11 08:15:00,2023-09-11 08:45:00,0.75,3.1,3.3000000000000003,8
2023-09-11 11:15:00,2023-09-11 11:30:00,0.5,1.9,2.05,11
2023-09-11 17:15:00,2023-09-11 18:00:00,1.0,3.2,3.425,17
2023-09-12 07:30:00,2023-09-12 09:45:00,2.5,3.1,3.5199999999999996,7
2023-09-12 18:00:00,2023-09-12 18:15:00,0.5,3.6,3.7,18
2023-09-13 02:00:00,2023-09-13 03:00:00,1.25,3.2,3.54,2
2023-09-13 10:00:00,2023-09-13 10:30:00,0.75,3.1,3.3000000000000003,10
2023-09-13 12:30:00,2023-09-13 13:45:00,1.5,2.5,2.75,12
2023-09-13 18:45:00,2023-09-13 19:15:00,0.75,3.2,3.4,18
2023-09-14 08:45:00,2023-09-14 09:00:00,0.5,2.7,2.8,8
2023-09-14 13:30:00,2023-09-14 14:30:00,1.25,2.4,2.9200000000000004,13
2023-09-14 19:15:00,2023-09-14 19:30:00,0.5,3.3,3.4,19
2023-09-15 02:45:00,2023-09-15 04:30:00,2.0,3.1,3.575,2
2023-09-16 15:15:00,2023-09-16 15:45:00,0.75,3.8,4.166666666666667,15
2023-09-18 10:00:00,2023-09-18 10:15:00,0.5,3.6,3.7,10
2023-09-19 10:00:00,2023-09-19 10:30:00,0.75,3.6,3.8333333333333335,10
2023-09-19 16:45:00,2023-09-19 17:30:00,1.0,4.0,4.2250000000000005,16
2023-09-19 22:45:00,2023-09-19 23:15:00,0.75,4.1,4.266666666666667,22
2023-09-20 10:30:00,2023-09-20 11:00:00,0.75,3.9,4.1,10
2023-09-20 18:00:00,2023-09-20 18:45:00,1.0,4.2,4.3999999999999995,18
2023-09-21 05:45:00,2023-09-21 06:45:00,1.25,3.3,3.4200000000000004,5
2023-09-22 20:00:00,2023-09-22 20:30:00,0.75,4.0,4.066666666666666,20
2023-09-23 04:00:00,2023-09-23 05:15:00,1.5,4.0,4.333333333333333,4
2023-09-23 17:30:00,2023-09-23 17:45:00,0.5,4.8,4.9,17
2023-09-24 05:45:00,2023-09-24 06:15:00,0.75,3.8,3.9666666666666663,5
2023-09-24 12:30:00,2023-09-24 13:30:00,1.25,4.0,4.140000000000001,12
2023-09-24 17:45:00,2023-09-24 18:45:00,1.25,4.2,4.58,17
2023-09-25 05:45:00,2023-09-25 08:30:00,3.0,3.5,4.066666666666667,5
2023-09-25 23:15:00,2023-09-25 23:30:00,0.5,3.4,3.5,23
2023-09-26 06:45:00,2023-09-26 07:00:00,0.5,3.7,3.8,6
2023-09-28 02:30:00,2023-09-28 03:15:00,1.0,3.6,4.1,2
2023-09-28 14:30:00,2023-09-28 15:30:00,1.25,4.3,4.74,14
2023-09-30 16:15:00,2023-09-30 16:30:00,0.5,4.5,4.65,16
2023-10-01 04:15:00,2023-10-01 05:00:00,1.0,3.6,4.175,4
2023-10-05 02:15:00,2023-10-05 04:00:00,2.0,4.4,4.775,2
2023-10-06 03:00:00,2023-10-06 04:30:00,1.75,4.2,4.6000000000000005,3
2023-10-06 07:45:00,2023-10-06 08:45:00,1.25,3.4,3.6,7
2023-10-07 04:00:00,2023-10-07 05:30:00,1.75,3.9,4.3,4
2023-10-07 10:45:00,2023-10-07 12:15:00,1.75,3.5,3.885714285714286,10
2023-10-07 21:15:00,2023-10-07 23:30:00,2.5,3.6,3.81,21
2023-10-08 18:45:00,2023-10-08 19:15:00,0.75,4.5,4.7,18
2023-10-09 00:00:00,2023-10-09 01:30:00,1.75,4.0,4.1,0
2023-10-09 13:45:00,2023-10-09 14:45:00,1.25,4.4,4.539999999999999,13
2023-10-09 18:00:00,2023-10-09 18:30:00,0.75,4.5,4.766666666666667,18
2023-10-16 03:00:00,2023-10-16 03:15:00,0.5,4.7,4.800000000000001,3
2023-10-20 00:45:00,2023-10-20 01:15:00,0.75,6.1,6.333333333333333,0
2023-10-20 19:45:00,2023-10-20 20:30:00,1.0,5.7,6.074999999999999,19
2023-10-21 03:30:00,2023-10-21 04:15:00,1.0,5.5,5.75,3
2023-10-21 19:30:00,2023-10-21 20:00:00,0.75,5.8,6.0,19
2023-10-22 00:00:00,2023-10-22 00:45:00,1.0,6.0,6.1,0
2023-10-22 02:30:00,2023-10-22 03:00:00,0.75,5.8,6.0,2
2023-10-22 04:45:00,2023-10-22 05:00:00,0.5,5.7,5.800000000000001,4
2023-10-22 11:45:00,2023-10-22 12:00:00,0.5,5.6,5.699999999999999,11
2023-10-23 09:30:00,2023-10-23 10:45:00,1.5,5.1,5.416666666666667,9
2023-10-25 12:45:00,2023-10-25 13:30:00,1.0,6.1,6.275,12
2023-10-26 13:45:00,2023-10-26 14:30:00,1.0,6.3,6.45,13
2023-10-27 14:00:00,2023-10-27 15:15:00,1.5,6.0,6.3999999999999995,14
2023-10-28 06:15:00,2023-10-28 07:45:00,1.75,4.8,5.114285714285714,6
2023-10-28 14:45:00,2023-10-28 15:00:00,0.5,5.8,5.9,14
2023-10-29 07:00:00,2023-10-29 07:15:00,0.5,3.9,4.25,7
2023-10-29 15:30:00,2023-10-29 17:00:00,1.75,5.7,6.071428571428571,15
2023-10-29 19:45:00,2023-10-29 20:00:00,0.5,5.5,5.6,19
2023-10-30 09:00:00,2023-10-30 09:15:00,0.5,4.6,4.699999999999999,9
2023-10-30 16:30:00,2023-10-30 17:45:00,1.5,5.4,6.016666666666667,16
2023-11-02 23:15:00,2023-11-02 23:30:00,0.5,6.9,7.0,23
2023-11-08 10:30:00,2023-11-08 11:00:00,0.75,5.7,5.900000000000001,10
2023-11-08 13:30:00,2023-11-08 14:15:00,1.0,6.5,6.825,13
2023-11-08 21:30:00,2023-11-08 23:30:00,2.25,4.9,5.688888888888888,21
2023-11-09 11:00:00,2023-11-09 11:30:00,0.75,5.1,5.466666666666666,11
2023-11-09 13:00:00,2023-11-09 14:00:00,1.25,6.3,6.540000000000001,13
2023-11-09 22:00:00,2023-11-09 23:15:00,1.5,5.5,5.816666666666667,22
2023-11-10 21:15:00,2023-11-11 00:30:00,3.5,4.5,5.55,21
2023-11-18 02:30:00,2023-11-18 03:45:00,1.5,6.2,6.633333333333334,2
2023-11-19 03:30:00,2023-11-19 04:15:00,1.0,6.2,6.45,3
2023-11-22 19:15:00,2023-11-22 22:30:00,3.5,4.4,5.271428571428571,19
2023-11-23 02:45:00,2023-11-23 03:15:00,0.75,5.9,6.099999999999999,2
2023-11-24 12:15:00,2023-11-24 13:30:00,1.5,6.3,6.683333333333333,12
2023-11-29 21:00:00,2023-11-29 21:30:00,0.75,8.2,8.366666666666665,21
2023-12-02 02:15:00,2023-12-02 02:45:00,0.75,8.2,8.366666666666665,2
2023-12-02 04:30:00,2023-12-02 05:45:00,1.5,7.3,7.683333333333334,4
2023-12-03 03:00:00,2023-12-03 03:45:00,1.0,7.1,7.4,3
2023-12-04 04:30:00,2023-12-04 06:45:00,2.5,5.6,6.3,4
2023-12-05 06:45:00,2023-12-05 07:15:00,0.75,6.2,6.366666666666667,6
2023-12-06 12:15:00,2023-12-06 12:30:00,0.5,7.3,7.4,12
2023-12-10 21:15:00,2023-12-10 22:00:00,1.0,6.9,7.199999999999999,21
2023-12-12 19:15:00,2023-12-12 19:30:00,0.5,8.1,8.2,19
2023-12-14 20:45:00,2023-12-14 21:15:00,0.75,8.8,9.0,20
2023-12-17 10:45:00,2023-12-17 11:15:00,0.75,8.3,8.466666666666667,10
2023-12-18 03:30:00,2023-12-18 03:45:00,0.5,7.6,7.699999999999999,3
2023-12-18 11:00:00,2023-12-18 11:45:00,1.0,7.8,7.9750000000000005,11
2023-12-18 18:15:00,2023-12-18 19:45:00,1.75,7.4,7.857142857142857,18
2023-12-19 06:30:00,2023-12-19 07:30:00,1.25,7.0,7.480000000000001,6
2023-12-19 11:30:00,2023-12-19 11:45:00,0.5,8.3,8.4,11
2023-12-21 21:45:00,2023-12-21 22:00:00,0.5,9.1,9.25,21
2023-12-22 03:00:00,2023-12-22 03:15:00,0.5,8.9,9.0,3
2023-12-23 22:45:00,2023-12-23 23:45:00,1.25,8.3,8.6,22
2023-12-25 06:15:00,2023-12-25 06:45:00,0.75,8.4,8.566666666666665,6
2023-12-26 00:30:00,2023-12-26 02:00:00,1.75,7.1,7.6000000000000005,0
2023-12-26 23:15:00,2023-12-27 02:45:00,3.75,6.6,7.3999999999999995,23
2023-12-27 23:30:00,2023-12-28 00:15:00,1.0,7.3,7.6000000000000005,23
2023-12-28 01:45:00,2023-12-28 03:00:00,1.5,6.6,6.716666666666666,1
2023-12-28 14:45:00,2023-12-28 15:00:00,0.5,7.4,7.550000000000001,14
2023-12-29 00:00:00,2023-12-29 00:15:00,0.5,7.8,7.9,0
2023-12-29 02:15:00,2023-12-29 03:15:00,1.25,7.0,7.18,2
2023-12-30 03:15:00,2023-12-30 03:30:00,0.5,7.8,7.949999999999999,3
2023-12-31 16:15:00,2023-12-31 17:15:00,1.25,9.4,9.72,16
2024-01-01 04:15:00,2024-01-01 04:45:00,0.75,9.2,9.266666666666667,4
2024-01-01 10:30:00,2024-01-01 10:45:00,0.5,8.5,8.65,10
2024-01-01 23:45:00,2024-01-02 00:15:00,0.75,8.7,8.9,23
2024-01-02 04:30:00,2024-01-02 07:00:00,2.75,8.9,9.2,4
2024-01-02 10:00:00,2024-01-02 10:15:00,0.5,8.3,8.4,10
2024-01-04 00:30:00,2024-01-04 00:45:00,0.5,9.2,9.3,0
2024-01-04 20:00:00,2024-01-04 21:15:00,1.5,9.4,9.616666666666667,20
2024-01-08 03:30:00,2024-01-08 03:45:00,0.5,9.1,9.2,3
2024-01-09 21:15:00,2024-01-09 21:45:00,0.75,8.5,8.666666666666666,21
2024-01-10 22:15:00,2024-01-10 23:00:00,1.0,8.5,8.8,22
2024-01-11 01:30:00,2024-01-11 01:45:00,0.5,7.4,7.5,1
2024-01-12 08:00:00,2024-01-12 08:15:00,0.5,8.8,8.9,8
2024-01-23 05:00:00,2024-01-23 05:15:00,0.5,9.8,9.9,5
2024-01-24 00:45:00,2024-01-24 01:15:00,0.75,8.9,9.0,0
2024-01-24 06:00:00,2024-01-24 07:30:00,1.75,9.4,9.771428571428572,6
2024-01-24 22:00:00,2024-01-24 22:45:00,1.0,9.1,9.45,22
2024-01-25 07:15:00,2024-01-25 07:45:00,0.75,9.8,9.933333333333334,7
2024-01-25 11:15:00,2024-01-25 12:00:00,1.0,9.0,9.35,11
2024-01-25 22:15:00,2024-01-26 00:00:00,2.0,8.1,8.8875,22
2024-01-26 01:30:00,2024-01-26 01:45:00,0.5,7.0,7.2,1
2024-01-26 12:00:00,2024-01-26 13:00:00,1.25,8.3,8.779999999999998,12
2024-01-26 23:15:00,2024-01-27 02:45:00,3.75,6.4,7.513333333333334,23
2024-01-27 12:45:00,2024-01-27 15:45:00,3.25,7.3,7.7846153846153845,12
2024-01-28 00:15:00,2024-01-28 04:00:00,4.0,6.1,7.0,0
2024-01-28 12:45:00,2024-01-28 13:15:00,0.75,7.9,8.1,12
2024-01-28 22:00:00,2024-01-29 00:30:00,2.75,8.0,8.50909090909091,22
2024-01-30 01:45:00,2024-01-30 02:15:00,0.75,8.2,8.366666666666665,1
2024-02-02 23:45:00,2024-02-03 00:15:00,0.75,8.4,8.566666666666665,23
2024-02-12 03:30:00,2024-02-12 04:15:00,1.0,6.9,7.174999999999999,3
2024-02-12 17:00:00,2024-02-12 17:15:00,0.5,6.7,6.85,17
2024-02-13 05:15:00,2024-02-13 06:00:00,1.0,6.0,6.2749999999999995,5
2024-02-13 16:45:00,2024-02-13 17:15:00,0.75,7.2,7.466666666666666,16
2024-02-13 23:15:00,2024-02-13 23:30:00,0.5,8.3,8.4,23
2024-02-14 04:45:00,2024-02-14 05:45:00,1.25,7.3,7.4,4
2024-02-14 17:45:00,2024-02-14 18:30:00,1.0,8.2,8.524999999999999,17
2024-02-15 17:45:00,2024-02-15 18:30:00,1.0,8.4,8.6,17
2024-02-16 19:30:00,2024-02-16 20:00:00,0.75,7.4,7.5,19
2024-02-17 20:30:00,2024-02-17 21:00:00,0.75,6.4,6.599999999999999,20
2024-02-23 21:00:00,2024-02-24 01:00:00,4.25,7.1,8.023529411764706,21
2024-02-24 23:30:00,2024-02-25 00:15:00,1.0,7.9,8.15,23
2024-02-25 14:30:00,2024-02-25 16:15:00,2.0,8.5,8.75,14
2024-02-28 01:15:00,2024-02-28 04:00:00,3.0,6.8,7.658333333333334,1
2024-02-29 00:00:00,2024-02-29 02:30:00,2.75,7.3,8.136363636363635,0
2024-03-01 03:00:00,2024-03-01 03:45:00,1.0,7.7,7.925,3
2024-03-01 18:00:00,2024-03-01 19:00:00,1.25,7.4,7.779999999999999,18
2024-03-02 02:00:00,2024-03-02 04:15:00,2.5,7.3,7.88,2
2024-03-02 05:45:00,2024-03-02 07:15:00,1.75,6.7,6.828571428571428,5
2024-03-02 13:30:00,2024-03-02 14:30:00,1.25,7.2,7.540000000000001,13
2024-03-03 03:45:00,2024-03-03 05:30:00,2.0,6.1,6.699999999999999,3
2024-03-03 14:15:00,2024-03-03 15:15:00,1.25,7.0,7.24,14
2024-03-03 19:00:00,2024-03-03 19:30:00,0.75,5.7,5.933333333333334,19
2024-03-04 05:15:00,2024-03-04 06:30:00,1.5,5.9,6.3999999999999995,5
2024-03-05 06:30:00,2024-03-05 08:00:00,1.75,5.6,6.142857142857143,6
2024-03-05 21:30:00,2024-03-05 22:00:00,0.75,5.2,5.366666666666667,21
2024-03-06 06:15:00,2024-03-06 08:00:00,2.0,6.4,6.8625,6
2024-03-06 11:45:00,2024-03-06 12:15:00,0.75,5.6,5.733333333333333,11
2024-03-06 20:00:00,2024-03-06 20:45:00,1.0,5.5,5.75,20
2024-03-07 08:15:00,2024-03-07 09:00:00,1.0,5.9,6.199999999999999,8
2024-03-07 19:30:00,2024-03-07 21:30:00,2.25,5.3,5.911111111111111,19
2024-03-07 23:15:00,2024-03-08 00:15:00,1.25,4.5,4.680000000000001,23
2024-03-08 21:45:00,2024-03-08 22:15:00,0.75,6.1,6.3,21
2024-03-09 15:00:00,2024-03-09 15:45:00,1.0,5.9,6.125,15
2024-03-10 14:45:00,2024-03-10 15:00:00,0.5,5.8,5.9,14
2024-03-11 16:00:00,2024-03-11 17:00:00,1.25,6.6,7.0600000000000005,16
2024-03-12 15:45:00,2024-03-12 17:00:00,1.5,6.2,6.6000000000000005,15
2024-03-13 16:00:00,2024-03-13 17:15:00,1.5,6.0,6.433333333333334,16
2024-03-14 17:00:00,2024-03-14 17:30:00,0.75,6.2,6.266666666666667,17
2024-03-15 17:15:00,2024-03-15 17:45:00,0.75,5.6,5.833333333333333,17
2024-03-16 02:00:00,2024-03-16 02:15:00,0.5,6.0,6.1,2
2024-03-16 03:45:00,2024-03-16 04:45:00,1.25,5.4,5.739999999999999,3
2024-03-16 15:30:00,2024-03-16 15:45:00,0.5,5.7,5.800000000000001,15
2024-03-17 05:15:00,2024-03-17 06:00:00,1.0,5.2,5.4750000000000005,5
2024-03-17 15:00:00,2024-03-17 16:00:00,1.25,5.7,5.84,15
2024-03-18 05:45:00,2024-03-18 06:45:00,1.25,4.9,5.359999999999999,5
2024-03-18 21:15:00,2024-03-18 22:00:00,1.0,4.6,4.800000000000001,21
2024-03-23 22:45:00,2024-03-23 23:30:00,1.0,5.8,6.075,22
2024-03-25 23:00:00,2024-03-26 00:15:00,1.5,6.7,7.0,23
2024-04-02 00:45:00,2024-04-02 01:00:00,0.5,6.3,6.4,0
2024-04-02 05:00:00,2024-04-02 05:15:00,0.5,5.9,6.0,5
2024-04-03 06:15:00,2024-04-03 07:15:00,1.25,5.5,5.8999999999999995,6
2024-04-03 15:30:00,2024-04-03 16:30:00,1.25,5.9,6.08,15
2024-04-04 07:00:00,2024-04-04 08:15:00,1.5,5.3,5.8,7
2024-04-04 19:15:00,2024-04-04 19:30:00,0.5,6.2,6.35,19
2024-04-13 02:30:00,2024-04-13 03:15:00,1.0,6.1,6.4,2
2024-04-13 12:00:00,2024-04-13 13:30:00,1.75,6.4,6.5,12
2024-04-16 05:30:00,2024-04-16 05:45:00,0.5,5.5,5.6,5
2024-04-16 13:45:00,2024-04-16 14:00:00,0.5,5.5,5.6,13
2024-04-17 06:15:00,2024-04-17 07:30:00,1.5,4.9,5.266666666666666,6
2024-04-18 07:00:00,2024-04-18 08:30:00,1.75,4.5,4.928571428571429,7
2024-04-18 20:00:00,2024-04-18 21:45:00,2.0,4.2,4.675000000000001,20
2024-04-19 08:00:00,2024-04-19 08:45:00,1.0,4.4,4.825,8
2024-04-19 20:45:00,2024-04-19 22:00:00,1.5,4.1,4.6000000000000005,20
2024-04-20 08:45:00,2024-04-20 09:45:00,1.25,4.1,4.5200000000000005,8
2024-04-20 21:30:00,2024-04-20 22:30:00,1.25,4.1,4.5,21
2024-04-21 09:15:00,2024-04-21 10:00:00,1.0,4.1,4.425000000000001,9
2024-04-21 22:00:00,2024-04-21 23:15:00,1.5,4.3,4.633333333333334,22
2024-04-26 00:15:00,2024-04-26 01:00:00,1.0,5.3,5.533333333333334,0
2024-04-27 01:00:00,2024-04-27 01:45:00,1.0,5.5,5.8,1
2024-04-28 01:15:00,2024-04-28 03:00:00,2.0,5.0,5.4375,1
2024-04-28 17:30:00,2024-04-28 18:15:00,1.0,5.4,5.625,17
2024-04-28 21:15:00,2024-04-28 21:30:00,0.5,5.5,5.6,21
2024-04-29 02:00:00,2024-04-29 03:00:00,1.25,5.2,5.52,2
2024-04-29 22:00:00,2024-04-29 22:30:00,0.75,5.5,5.7,22
2024-04-30 23:00:00,2024-04-30 23:30:00,0.75,5.5,5.666666666666667,23
2024-05-01 11:45:00,2024-05-01 12:00:00,0.5,5.1,5.199999999999999,11
2024-05-01 19:15:00,2024-05-01 20:15:00,1.25,5.1,5.32,19
2024-05-02 04:15:00,2024-05-02 06:45:00,2.75,4.5,5.172727272727273,4
2024-05-03 05:30:00,2024-05-03 07:15:00,2.0,4.6,5.0875,5
2024-05-04 12:00:00,2024-05-04 13:15:00,1.5,4.3,4.500000000000001,12
2024-05-04 19:00:00,2024-05-04 20:00:00,1.25,4.5,5.0600000000000005,19
2024-05-04 23:00:00,2024-05-04 23:15:00,0.5,3.9,4.0,23
2024-05-05 11:15:00,2024-05-05 12:15:00,1.25,4.2,4.36,11
2024-05-06 12:45:00,2024-05-06 13:15:00,0.75,4.0,4.2,12
2024-05-07 01:00:00,2024-05-07 01:30:00,0.75,3.5,3.6999999999999997,1
2024-05-07 08:45:00,2024-05-07 09:00:00,0.5,3.4,3.7,8
2024-05-07 12:30:00,2024-05-07 15:15:00,3.0,4.0,4.858333333333333,12
2024-05-07 17:00:00,2024-05-07 18:15:00,1.5,5.1,5.333333333333333,17
2024-05-08 13:30:00,2024-05-08 16:30:00,3.25,3.4,4.8,13
2024-05-08 22:30:00,2024-05-08 23:45:00,1.5,4.4,4.599999999999999,22
2024-05-09 03:00:00,2024-05-09 03:45:00,1.0,3.2,3.3,3
2024-05-09 15:45:00,2024-05-09 16:15:00,0.75,3.7,4.0,15
2024-05-09 23:15:00,2024-05-10 00:15:00,1.25,4.0,4.4399999999999995,23
2024-05-10 03:30:00,2024-05-10 05:45:00,2.5,3.2,3.5599999999999996,3
2024-05-10 14:30:00,2024-05-10 15:30:00,1.25,4.3,4.4399999999999995,14
2024-05-11 00:15:00,2024-05-11 02:00:00,2.0,4.3,4.7125,0
2024-05-11 05:00:00,2024-05-11 06:00:00,1.25,3.9,4.140000000000001,5
2024-05-11 17:00:00,2024-05-11 18:45:00,2.0,5.4,5.7625,17
2024-05-12 01:00:00,2024-05-12 02:15:00,1.5,4.5,4.933333333333333,1
2024-05-12 17:45:00,2024-05-12 18:45:00,1.25,5.2,5.459999999999999,17
2024-05-14 19:15:00,2024-05-14 20:45:00,1.75,4.4,4.685714285714285,19
2024-05-15 04:45:00,2024-05-15 05:45:00,1.25,4.3,4.619999999999999,4
2024-05-15 20:45:00,2024-05-15 21:15:00,0.75,3.6,4.133333333333334,20
2024-05-16 04:15:00,2024-05-16 06:30:00,2.5,4.3,5.15,4
2024-05-16 12:45:00,2024-05-16 13:00:00,0.5,4.5,4.65,12
2024-05-16 18:15:00,2024-05-16 21:45:00,3.75,3.3,4.673333333333333,18
2024-05-17 04:45:00,2024-05-17 07:30:00,3.0,3.9,4.891666666666667,4
2024-05-17 19:15:00,2024-05-17 20:30:00,1.5,4.0,4.483333333333333,19
2024-05-18 07:30:00,2024-05-18 08:30:00,1.25,3.6,3.96,7
2024-05-18 10:30:00,2024-05-18 12:45:00,2.5,2.9,3.38,10
2024-05-18 20:15:00,2024-05-18 20:45:00,0.75,4.0,4.2,20
2024-05-18 23:30:00,2024-05-19 00:00:00,0.75,2.9,3.2000000000000006,23
2024-05-19 08:30:00,2024-05-19 08:45:00,0.5,3.9,4.0,8
2024-05-20 00:15:00,2024-05-20 01:15:00,1.25,3.4,3.5799999999999996,0
2024-05-20 22:00:00,2024-05-20 23:15:00,1.5,4.1,4.383333333333333,22
2024-05-21 21:00:00,2024-05-21 22:30:00,1.75,4.7,5.0,21
2024-05-22 08:45:00,2024-05-22 10:00:00,1.5,4.2,4.5,8
2024-05-22 12:15:00,2024-05-22 14:30:00,2.5,4.3,4.659999999999999,12
2024-05-22 21:15:00,2024-05-22 23:45:00,2.75,4.4,5.0200000000000005,21
2024-05-23 13:30:00,2024-05-23 16:15:00,3.0,3.4,4.674999999999999,13
2024-05-23 22:15:00,2024-05-24 00:15:00,2.25,4.4,4.866666666666666,22
2024-05-24 13:45:00,2024-05-24 14:45:00,1.25,4.5,4.819999999999999,13
2024-05-25 00:30:00,2024-05-25 01:30:00,1.25,4.0,4.3,0
2024-05-25 13:30:00,2024-05-25 17:45:00,4.5,2.2,4.3055555555555545,13
2024-05-25 23:45:00,2024-05-26 01:30:00,2.0,4.2,4.725,23
2024-05-26 15:30:00,2024-05-26 16:15:00,1.0,3.7,4.475,15
2024-05-26 18:15:00,2024-05-26 18:30:00,0.5,5.2,5.300000000000001,18
2024-05-27 00:15:00,2024-05-27 02:45:00,2.75,3.9,4.536363636363637,0
2024-05-27 16:15:00,2024-05-27 19:30:00,3.5,3.9,4.678571428571428,16
2024-05-28 01:15:00,2024-05-28 03:45:00,2.75,3.7,4.363636363636363,1
2024-05-28 06:15:00,2024-05-28 06:30:00,0.5,2.5,2.9,6
2024-05-28 13:00:00,2024-05-28 13:15:00,0.5,3.6,3.8,13
2024-05-28 17:00:00,2024-05-28 19:30:00,2.75,4.8,5.118181818181818,17
2024-05-29 02:00:00,2024-05-29 03:45:00,2.0,4.2,4.6125,2
2024-05-29 07:00:00,2024-05-29 09:00:00,2.25,3.0,3.577777777777778,7
2024-05-29 18:15:00,2024-05-29 19:00:00,1.0,4.9,5.35,18
2024-05-30 03:00:00,2024-05-30 04:45:00,2.0,4.2,4.6000000000000005,3
2024-05-30 20:15:00,2024-05-30 20:30:00,0.5,4.2,4.4,20
2024-05-31 04:00:00,2024-05-31 05:15:00,1.5,4.3,4.666666666666667,4
2024-05-31 10:00:00,2024-05-31 11:00:00,1.25,3.8,3.9,10
2024-05-31 21:30:00,2024-05-31 22:45:00,1.5,3.7,4.1499999999999995,21
2024-06-01 10:45:00,2024-06-01 12:00:00,1.5,4.0,4.1,10
2024-06-01 22:30:00,2024-06-01 22:45:00,0.5,3.8,4.05,22
2024-06-02 10:15:00,2024-06-02 11:00:00,1.0,3.8,3.95,10
2024-06-02 12:30:00,2024-06-02 12:45:00,0.5,4.0,4.1,12
2024-06-03 19:30:00,2024-06-03 20:45:00,1.5,4.6,4.783333333333333,19
2024-06-04 00:15:00,2024-06-04 01:00:00,1.0,3.2,3.6,0
2024-06-04 12:00:00,2024-06-04 14:15:00,2.5,3.6,4.42,12
2024-06-05 01:30:00,2024-06-05 02:00:00,0.75,3.1,3.4333333333333336,1
2024-06-05 12:45:00,2024-06-05 15:00:00,2.5,3.5,4.6899999999999995,12
2024-06-05 16:30:00,2024-06-05 19:00:00,2.75,4.8,4.945454545454545,16
2024-06-06 02:45:00,2024-06-06 04:45:00,2.25,3.0,4.0,2
2024-06-06 12:45:00,2024-06-06 15:15:00,2.75,3.1,4.3090909090909095,12
2024-06-06 22:15:00,2024-06-06 23:30:00,1.5,4.0,4.183333333333334,22
2024-06-07 03:00:00,2024-06-07 03:45:00,1.0,2.3,2.825,3
2024-06-07 08:15:00,2024-06-07 08:30:00,0.5,2.8,2.95,8
2024-06-07 15:00:00,2024-06-07 16:45:00,2.0,4.9,5.225,15
2024-06-07 18:15:00,2024-06-07 20:00:00,2.0,4.4,4.9875,18
2024-06-07 23:00:00,2024-06-08 00:45:00,2.0,3.4,3.9999999999999996,23
2024-06-08 10:45:00,2024-06-08 11:00:00,0.5,3.1,3.25,10
2024-06-08 16:45:00,2024-06-08 20:45:00,4.25,4.5,5.729411764705882,16
2024-06-08 23:45:00,2024-06-09 01:45:00,2.25,3.9,4.288888888888889,23
2024-06-09 05:00:00,2024-06-09 06:00:00,1.25,2.9,3.3,5
2024-06-09 11:30:00,2024-06-09 11:45:00,0.5,2.9,3.25,11
2024-06-09 16:15:00,2024-06-09 22:00:00,6.0,5.0,6.183333333333334,16
2024-06-10 00:30:00,2024-06-10 02:00:00,1.75,4.2,4.585714285714286,0
2024-06-10 16:30:00,2024-06-10 19:45:00,3.5,5.6,6.064285714285714,16
2024-06-11 01:15:00,2024-06-11 03:00:00,2.0,3.9,4.425000000000001,1
2024-06-11 16:15:00,2024-06-11 22:45:00,6.75,4.9,6.0703703703703695,16
2024-06-12 01:45:00,2024-06-12 03:30:00,2.0,4.2,4.6875,1
2024-06-12 09:45:00,2024-06-12 11:00:00,1.5,3.7,4.2,9
2024-06-12 14:00:00,2024-06-12 14:15:00,0.5,3.6,3.95,14
2024-06-12 23:00:00,2024-06-12 23:30:00,0.75,5.0,5.233333333333333,23
2024-06-13 02:45:00,2024-06-13 04:30:00,2.0,4.1,4.5875,2
2024-06-13 06:45:00,2024-06-13 09:15:00,2.75,2.0,3.3909090909090907,6
2024-06-13 11:30:00,2024-06-13 12:00:00,0.75,4.1,4.266666666666667,11
2024-06-13 20:00:00,2024-06-13 20:45:00,1.0,4.5,4.625,20
2024-06-14 03:30:00,2024-06-14 05:15:00,2.0,3.7,4.35,3
2024-06-14 07:30:00,2024-06-14 09:30:00,2.25,2.5,3.2111111111111112,7
2024-06-14 12:00:00,2024-06-14 12:30:00,0.75,4.0,4.366666666666666,12
2024-06-14 20:15:00,2024-06-14 20:45:00,0.75,4.2,4.6000000000000005,20
2024-06-15 05:15:00,2024-06-15 06:00:00,1.0,3.6,3.9250000000000003,5
2024-06-15 08:15:00,2024-06-15 08:45:00,0.75,2.6,2.8333333333333335,8
2024-06-15 12:15:00,2024-06-15 13:30:00,1.5,3.7,4.8166666666666655,12
2024-06-15 21:45:00,2024-06-15 22:45:00,1.25,4.0,4.28,21
2024-06-16 04:15:00,2024-06-16 07:45:00,3.75,3.1,4.093333333333334,4
2024-06-16 09:30:00,2024-06-16 10:30:00,1.25,2.9,3.44,9
2024-06-16 12:00:00,2024-06-16 13:45:00,2.0,3.5,4.8999999999999995,12
2024-06-16 19:00:00,2024-06-16 19:45:00,1.0,4.4,4.675,19
2024-06-16 22:15:00,2024-06-16 22:30:00,0.5,3.0,3.3,22
2024-06-17 05:30:00,2024-06-17 07:30:00,2.25,3.1,3.811111111111111,5
2024-06-17 10:00:00,2024-06-17 14:45:00,5.0,2.8,3.7550000000000003,10
2024-06-17 18:45:00,2024-06-17 20:30:00,2.0,4.4,4.9375,18
2024-06-18 06:15:00,2024-06-18 08:15:00,2.25,3.3,3.8444444444444437,6
2024-06-18 11:15:00,2024-06-18 15:30:00,4.5,2.9,4.366666666666667,11
2024-06-18 20:45:00,2024-06-18 21:45:00,1.25,4.3,4.64,20
2024-06-19 00:15:00,2024-06-19 00:30:00,0.5,3.2,3.45,0
2024-06-19 09:00:00,2024-06-19 09:15:00,0.5,3.6,3.7,9
2024-06-19 11:45:00,2024-06-19 15:45:00,4.25,2.7,4.117647058823529,11
2024-06-19 20:30:00,2024-06-19 22:30:00,2.25,4.2,4.7666666666666675,20
2024-06-20 13:45:00,2024-06-20 14:45:00,1.25,4.1,4.5200000000000005,13
2024-06-20 16:15:00,2024-06-20 17:00:00,1.0,4.4,4.6,16
2024-06-20 22:45:00,2024-06-20 23:15:00,0.75,4.3,4.466666666666666,22
2024-06-21 02:30:00,2024-06-21 03:30:00,1.25,3.5,3.7,2
2024-06-21 13:45:00,2024-06-21 15:45:00,2.25,3.2,4.488888888888889,13
2024-06-21 22:00:00,2024-06-21 23:45:00,2.0,4.2,4.65,22
2024-06-22 13:45:00,2024-06-22 16:15:00,2.75,3.8,4.490909090909091,13
2024-06-23 04:00:00,2024-06-23 05:15:00,1.5,3.0,3.266666666666666,4
2024-06-23 10:15:00,2024-06-23 10:30:00,0.5,3.2,3.3,10
2024-06-23 14:45:00,2024-06-23 16:15:00,1.75,3.1,3.8428571428571425,14
2024-06-23 18:30:00,2024-06-23 20:30:00,2.25,4.2,4.366666666666666,18
2024-06-24 08:45:00,2024-06-24 09:15:00,0.75,3.3,3.4,8
2024-06-24 14:45:00,2024-06-24 16:00:00,1.5,4.6,4.766666666666667,14
2024-06-24 18:15:00,2024-06-24 20:45:00,2.75,4.6,5.081818181818182,18
2024-06-25 05:00:00,2024-06-25 05:15:00,0.5,2.6,2.7,5
2024-06-25 16:00:00,2024-06-25 17:15:00,1.5,4.9,5.25,16
2024-06-25 21:15:00,2024-06-25 21:30:00,0.5,5.1,5.199999999999999,21
2024-06-26 02:15:00,2024-06-26 03:00:00,1.0,3.8,4.025,2
2024-06-26 05:30:00,2024-06-26 06:15:00,1.0,2.9,3.0500000000000003,5
2024-06-26 18:00:00,2024-06-26 18:15:00,0.5,4.9,5.0,18
2024-06-27 17:45:00,2024-06-27 19:30:00,2.0,3.8,4.325,17
2024-06-28 03:00:00,2024-06-28 06:15:00,3.5,2.7,3.4928571428571433,3
2024-06-28 19:30:00,2024-06-28 21:30:00,2.25,3.1,3.5,19
2024-06-29 05:15:00,2024-06-29 06:45:00,1.75,2.7,3.0428571428571423,5
2024-06-29 19:30:00,2024-06-29 22:30:00,3.25,2.6,3.3076923076923075,19
2024-06-30 05:45:00,2024-06-30 07:30:00,2.0,2.2,2.75,5
2024-06-30 10:15:00,2024-06-30 13:30:00,3.5,2.5,3.014285714285714,10
2024-06-30 19:45:00,2024-06-30 21:00:00,1.5,3.3,3.6333333333333333,19
2024-06-30 22:30:00,2024-07-01 00:00:00,1.75,2.8,3.114285714285714,22
2024-07-01 05:15:00,2024-07-01 10:15:00,5.25,2.3,2.8523809523809525,5
2024-07-01 20:00:00,2024-07-01 20:15:00,0.5,3.7,3.8,20
2024-07-01 22:45:00,2024-07-02 01:00:00,2.5,2.9,3.13,22
2024-07-02 11:00:00,2024-07-02 12:45:00,2.0,2.4,3.025,11
2024-07-02 19:30:00,2024-07-02 22:00:00,2.75,3.5,4.0636363636363635,19
2024-07-03 00:30:00,2024-07-03 02:00:00,1.75,2.7,3.1,0
2024-07-04 13:00:00,2024-07-04 14:15:00,1.5,3.3,3.5499999999999994,13
2024-07-04 16:15:00,2024-07-04 17:30:00,1.5,4.0,4.166666666666667,16
2024-07-05 13:45:00,2024-07-05 15:15:00,1.75,3.5,4.128571428571428,13
2024-07-05 17:00:00,2024-07-05 18:15:00,1.5,4.5,4.633333333333334,17
2024-07-06 14:00:00,2024-07-06 14:45:00,1.0,3.8,4.125,14
2024-07-06 16:15:00,2024-07-06 18:00:00,2.0,4.6,4.9875,16
2024-07-07 03:00:00,2024-07-07 03:45:00,1.0,2.8,2.9749999999999996,3
2024-07-07 10:15:00,2024-07-07 10:30:00,0.5,3.3,3.45,10
2024-07-07 13:00:00,2024-07-07 19:00:00,6.25,4.2,5.0040000000000004,13
2024-07-08 15:15:00,2024-07-08 18:30:00,3.5,3.7,4.8999999999999995,15
2024-07-09 01:45:00,2024-07-09 02:30:00,1.0,3.4,3.625,1
2024-07-09 14:00:00,2024-07-09 21:15:00,7.5,3.5,4.616666666666665,14
2024-07-10 02:00:00,2024-07-10 06:45:00,5.0,2.1,2.85,2
2024-07-10 14:45:00,2024-07-10 17:30:00,3.0,2.8,3.866666666666666,14
2024-07-10 21:00:00,2024-07-10 21:45:00,1.0,4.1,4.275,21
2024-07-11 01:00:00,2024-07-11 03:45:00,3.0,2.8,3.6,1
2024-07-11 05:30:00,2024-07-11 07:45:00,2.5,1.8,2.5599999999999996,5
2024-07-11 09:45:00,2024-07-11 10:00:00,0.5,3.1,3.2,9
2024-07-11 13:15:00,2024-07-11 13:45:00,0.75,3.1,3.633333333333333,13
2024-07-11 15:30:00,2024-07-11 18:30:00,3.25,4.1,4.630769230769231,15
2024-07-11 20:00:00,2024-07-11 20:30:00,0.75,4.7,4.866666666666667,20
2024-07-12 01:45:00,2024-07-12 07:45:00,6.25,2.0,3.188,1
2024-07-12 10:15:00,2024-07-12 10:30:00,0.5,3.3,3.4,10
2024-07-12 13:45:00,2024-07-12 14:30:00,1.0,3.4,3.6999999999999997,13
2024-07-12 17:45:00,2024-07-12 20:00:00,2.5,1.5,2.84,17
2024-07-13 01:30:00,2024-07-13 03:00:00,1.75,2.9,3.342857142857143,1
2024-07-13 05:15:00,2024-07-13 07:45:00,2.75,1.3,1.9181818181818187,5
2024-07-13 11:15:00,2024-07-13 12:00:00,1.0,2.6,2.9,11
2024-07-13 17:00:00,2024-07-13 18:00:00,1.25,3.0,3.2399999999999998,17
2024-07-13 23:45:00,2024-07-14 00:45:00,1.25,2.8,2.9800000000000004,23
2024-07-14 02:15:00,2024-07-14 03:15:00,1.25,1.9,2.9000000000000004,2
2024-07-14 05:00:00,2024-07-14 07:45:00,3.0,0.8,1.875,5
2024-07-14 11:30:00,2024-07-14 12:00:00,0.75,2.4,2.8000000000000003,11
2024-07-14 15:15:00,2024-07-14 15:45:00,0.75,2.6,2.8666666666666667,15
2024-07-14 17:30:00,2024-07-14 21:00:00,3.75,1.7,3.0933333333333337,17
2024-07-15 00:45:00,2024-07-15 04:15:00,3.75,2.2,3.0933333333333337,0
2024-07-15 05:45:00,2024-07-15 06:45:00,1.25,2.2,2.54,5
2024-07-15 12:00:00,2024-07-15 13:15:00,1.5,2.7,3.1999999999999997,12
2024-07-15 16:45:00,2024-07-15 22:45:00,6.25,1.9,3.14,16
2024-07-16 02:45:00,2024-07-16 06:15:00,3.75,2.2,2.8400000000000003,2
2024-07-16 08:45:00,2024-07-16 10:45:00,2.25,1.2,1.7333333333333332,8
2024-07-16 13:00:00,2024-07-16 14:00:00,1.25,2.7,3.3200000000000003,13
2024-07-16 18:00:00,2024-07-17 00:15:00,6.5,1.6,3.411538461538461,18
2024-07-17 02:30:00,2024-07-17 05:45:00,3.5,2.4,3.057142857142857,2
2024-07-17 07:15:00,2024-07-17 10:45:00,3.75,2.0,2.566666666666667,7
2024-07-17 13:30:00,2024-07-17 15:00:00,1.75,3.4,4.285714285714286,13
2024-07-17 18:30:00,2024-07-18 01:45:00,7.5,2.8,3.6599999999999997,18
2024-07-18 03:45:00,2024-07-18 06:00:00,2.5,2.8,3.1900000000000004,3
2024-07-18 08:00:00,2024-07-18 08:30:00,0.75,2.6,2.8000000000000003,8
2024-07-18 11:00:00,2024-07-18 15:30:00,4.75,1.7,3.1473684210526316,11
2024-07-18 19:45:00,2024-07-18 22:15:00,2.75,3.4,4.290909090909091,19
2024-07-19 00:15:00,2024-07-19 00:30:00,0.5,1.9,2.2,0
2024-07-19 07:00:00,2024-07-19 07:15:00,0.5,3.0,3.1,7
2024-07-19 09:00:00,2024-07-19 09:15:00,0.5,2.9,3.0,9
2024-07-19 12:15:00,2024-07-19 12:45:00,0.75,1.6,2.0666666666666664,12
2024-07-19 14:45:00,2024-07-19 16:30:00,2.0,3.2,3.8375000000000004,14
2024-07-19 20:30:00,2024-07-19 22:00:00,1.75,2.9,3.8000000000000003,20
2024-07-20 00:30:00,2024-07-20 02:45:00,2.5,2.7,2.81,0
2024-07-20 12:15:00,2024-07-20 14:30:00,2.5,2.3,2.8999999999999995,12
2024-07-20 16:30:00,2024-07-20 17:30:00,1.25,3.5,3.8200000000000003,16
2024-07-21 01:45:00,2024-07-21 04:15:00,2.75,2.3,2.790909090909091,1
2024-07-21 09:00:00,2024-07-21 09:15:00,0.5,2.5,2.65,9
2024-07-21 13:15:00,2024-07-21 14:00:00,1.0,2.5,2.825,13
2024-07-22 02:30:00,2024-07-22 03:15:00,1.0,2.2,2.6499999999999995,2
2024-07-22 10:00:00,2024-07-22 10:15:00,0.5,2.6,2.7,10
2024-07-22 13:00:00,2024-07-22 17:00:00,4.25,2.2,3.4411764705882355,13
2024-07-23 03:30:00,2024-07-23 06:00:00,2.75,2.2,2.6,3
2024-07-24 00:00:00,2024-07-24 02:00:00,2.25,3.1,3.4,0
2024-07-24 04:15:00,2024-07-24 04:45:00,0.75,2.3,2.6,4
2024-07-24 12:00:00,2024-07-24 12:15:00,0.5,2.5,2.6,12
2024-07-24 17:15:00,2024-07-24 18:45:00,1.75,3.7,4.214285714285714,17
2024-07-25 05:00:00,2024-07-25 06:00:00,1.25,1.8,2.2600000000000002,5
2024-07-25 12:15:00,2024-07-25 13:00:00,1.0,2.0,2.75,12
2024-07-25 15:45:00,2024-07-25 20:15:00,4.75,3.1,4.126315789473684,15
2024-07-26 01:30:00,2024-07-26 03:15:00,2.0,2.8,3.525,1
2024-07-26 04:45:00,2024-07-26 06:45:00,2.25,1.9,2.288888888888889,4
2024-07-26 17:15:00,2024-07-26 20:45:00,3.75,3.1,3.5466666666666664,17
2024-07-27 03:45:00,2024-07-27 05:00:00,1.5,2.6,2.9333333333333336,3
2024-07-27 19:00:00,2024-07-27 21:15:00,2.5,3.1,3.6,19
2024-07-28 03:15:00,2024-07-28 03:30:00,0.5,2.3,2.9,3
2024-07-28 08:00:00,2024-07-28 09:30:00,1.75,2.2,2.8000000000000003,8
2024-07-28 20:30:00,2024-07-28 22:15:00,2.0,2.8,3.3375,20
2024-07-29 04:15:00,2024-07-29 05:45:00,1.75,2.9,3.414285714285714,4
2024-07-29 21:15:00,2024-07-29 22:15:00,1.25,3.0,3.2,21
2024-07-30 09:45:00,2024-07-30 14:15:00,4.75,1.9,3.205263157894737,9
2024-07-30 22:30:00,2024-07-31 00:30:00,2.25,2.4,3.0555555555555554,22
2024-07-31 05:30:00,2024-07-31 07:45:00,2.5,2.4,2.9099999999999997,5
2024-07-31 10:45:00,2024-07-31 15:15:00,4.75,1.7,3.2736842105263158,10
2024-07-31 19:15:00,2024-07-31 20:45:00,1.75,3.1,3.728571428571428,19
2024-07-31 23:15:00,2024-08-01 00:00:00,1.0,2.5,2.85,23
2024-08-01 08:45:00,2024-08-01 09:00:00,0.5,2.6,2.7,8
2024-08-01 14:00:00,2024-08-01 17:15:00,3.5,3.1,4.014285714285714,14
2024-08-01 20:00:00,2024-08-01 21:30:00,1.75,3.7,4.071428571428571,20
2024-08-01 23:45:00,2024-08-02 02:45:00,3.25,2.8,3.0846153846153848,23
2024-08-02 07:30:00,2024-08-02 07:45:00,0.5,2.7,3.1,7
2024-08-02 11:30:00,2024-08-02 17:15:00,6.0,2.2,3.233333333333334,11
2024-08-02 20:45:00,2024-08-02 22:00:00,1.5,3.4,3.85,20
2024-08-03 00:15:00,2024-08-03 01:00:00,1.0,1.7,2.3,0
2024-08-03 08:15:00,2024-08-03 08:30:00,0.5,2.5,2.9,8
2024-08-03 12:15:00,2024-08-03 12:30:00,0.5,2.5,2.7,12
2024-08-03 15:45:00,2024-08-03 17:00:00,1.5,3.2,3.8000000000000003,15
2024-08-03 21:30:00,2024-08-03 23:00:00,1.75,3.9,4.216666666666667,21
2024-08-04 08:45:00,2024-08-04 09:15:00,0.75,2.8,3.1666666666666665,8
2024-08-04 12:15:00,2024-08-04 16:45:00,4.75,2.4,3.3473684210526318,12
2024-08-04 22:00:00,2024-08-04 23:15:00,1.5,3.1,3.716666666666667,22
2024-08-05 03:15:00,2024-08-05 05:00:00,2.0,2.2,3.0,3
2024-08-05 14:30:00,2024-08-05 17:00:00,2.75,2.8,3.5363636363636357,14
2024-08-07 00:00:00,2024-08-07 02:15:00,2.5,3.8,4.46,0
2024-08-07 04:30:00,2024-08-07 05:15:00,1.0,3.2,3.45,4
2024-08-07 16:30:00,2024-08-07 17:00:00,0.75,3.5,3.6333333333333333,16
2024-08-08 03:30:00,2024-08-08 04:00:00,0.75,3.4,3.5,3
2024-08-08 15:45:00,2024-08-08 16:45:00,1.25,3.2,3.7399999999999998,15
2024-08-09 02:00:00,2024-08-09 02:30:00,0.75,3.9,4.1,2
2024-08-09 05:15:00,2024-08-09 06:15:00,1.25,2.5,3.1,5
2024-08-09 15:30:00,2024-08-09 17:45:00,2.5,1.9,3.12,15
2024-08-10 00:45:00,2024-08-10 02:30:00,2.0,3.0,3.4875,0
2024-08-10 04:45:00,2024-08-10 06:00:00,1.5,1.8,2.1666666666666665,4
2024-08-10 13:15:00,2024-08-10 13:30:00,0.5,3.0,3.15,13
2024-08-10 16:15:00,2024-08-10 18:15:00,2.25,2.5,2.933333333333333,16
2024-08-11 00:30:00,2024-08-11 02:45:00,2.5,2.7,3.11,0
2024-08-11 04:30:00,2024-08-11 07:15:00,3.0,1.8,2.0500000000000003,4
2024-08-12 01:30:00,2024-08-12 03:00:00,1.75,2.6,3.042857142857143,1
2024-08-12 06:00:00,2024-08-12 07:15:00,1.5,1.2,1.6166666666666665,6
2024-08-12 16:30:00,2024-08-12 17:00:00,0.75,2.7,2.9333333333333336,16
2024-08-12 18:30:00,2024-08-12 20:30:00,2.25,1.1,2.1333333333333337,18
2024-08-13 02:30:00,2024-08-13 03:45:00,1.5,2.3,2.6333333333333333,2
2024-08-13 06:15:00,2024-08-13 07:45:00,1.75,0.9,1.5000000000000002,6
2024-08-13 18:15:00,2024-08-13 20:15:00,2.25,2.2,2.966666666666667,18
2024-08-14 04:45:00,2024-08-14 05:30:00,1.0,2.6,2.9,4
2024-08-14 09:15:00,2024-08-14 10:30:00,1.5,1.8,2.1999999999999997,9
2024-08-14 22:00:00,2024-08-14 22:30:00,0.75,2.6,2.6666666666666665,22
2024-08-15 09:15:00,2024-08-15 10:00:00,1.0,1.9,2.275,9
2024-08-17 00:15:00,2024-08-17 01:30:00,1.5,2.6,3.0333333333333337,0
2024-08-18 01:30:00,2024-08-18 02:30:00,1.25,2.6,2.96,1
2024-08-19 03:15:00,2024-08-19 03:45:00,0.75,2.9,3.033333333333333,3
2024-08-19 13:30:00,2024-08-19 15:00:00,1.75,2.6,3.1571428571428575,13
2024-08-20 03:00:00,2024-08-20 04:30:00,1.75,2.5,2.842857142857143,3
2024-08-20 14:30:00,2024-08-20 16:15:00,2.0,2.8,3.275,14
2024-08-21 04:45:00,2024-08-21 05:15:00,0.75,2.9,3.066666666666667,4
2024-08-21 16:00:00,2024-08-21 17:15:00,1.5,3.3,3.633333333333333,16
2024-08-22 05:15:00,2024-08-22 06:00:00,1.0,3.0,3.4,5
2024-08-23 05:30:00,2024-08-23 06:45:00,1.5,3.2,3.65,5
2024-08-27 21:00:00,2024-08-27 21:45:00,1.0,2.5,2.7249999999999996,21
2024-08-28 17:45:00,2024-08-28 19:15:00,1.75,2.8,3.185714285714286,17
2024-08-29 18:45:00,2024-08-29 19:30:00,1.0,2.4,2.875,18
2024-08-30 10:00:00,2024-08-30 11:45:00,2.0,1.3,1.9375,10
2024-08-30 19:45:00,2024-08-30 21:00:00,1.5,2.7,2.9499999999999997,19
2024-08-30 23:45:00,2024-08-31 00:15:00,0.75,2.4,2.466666666666667,23
2024-08-31 10:15:00,2024-08-31 12:00:00,2.0,1.7,2.2375,10
2024-08-31 21:45:00,2024-08-31 22:15:00,0.75,2.6,2.766666666666666,21
2024-09-01 02:45:00,2024-09-01 03:15:00,0.75,2.7,2.7999999999999994,2
2024-09-01 12:15:00,2024-09-01 14:15:00,2.25,2.4,2.7555555555555555,12
2024-09-01 21:15:00,2024-09-01 22:45:00,1.75,2.8,3.1,21
2024-09-03 01:45:00,2024-09-03 02:45:00,1.25,2.5,2.7,1
2024-09-03 15:45:00,2024-09-03 16:30:00,1.0,3.8,3.9749999999999996,15
2024-09-03 22:45:00,2024-09-04 00:30:00,2.0,3.6,4.1000000000000005,22
2024-09-04 15:30:00,2024-09-04 15:45:00,0.5,3.7,3.8,15
2024-09-04 23:30:00,2024-09-05 01:45:00,2.5,3.6,4.1899999999999995,23
2024-09-06 00:45:00,2024-09-06 01:30:00,1.0,3.7,3.9750000000000005,0
2024-09-07 00:15:00,2024-09-07 01:45:00,1.75,3.5,3.8571428571428568,0
2024-09-08 00:30:00,2024-09-08 01:45:00,1.5,3.4,3.683333333333333,0
2024-09-09 14:30:00,2024-09-09 15:45:00,1.5,3.7,4.216666666666667,14
2024-09-10 15:00:00,2024-09-10 16:15:00,1.5,4.3,4.633333333333334,15
2024-09-11 04:00:00,2024-09-11 04:30:00,0.75,3.5,3.6999999999999997,4
2024-09-11 16:00:00,2024-09-11 18:30:00,2.75,4.0,4.636363636363637,16
2024-09-12 04:00:00,2024-09-12 05:45:00,2.0,3.5,4.0874999999999995,4
2024-09-12 18:30:00,2024-09-12 19:15:00,1.0,4.0,4.275,18
2024-09-12 22:00:00,2024-09-12 23:15:00,1.5,3.3,3.6333333333333333,22
2024-09-13 04:45:00,2024-09-13 06:30:00,2.0,3.5,4.114285714285715,4
2024-09-13 18:00:00,2024-09-13 20:45:00,3.0,3.5,4.2,18
2024-09-14 06:00:00,2024-09-14 07:45:00,2.0,3.4,3.9375000000000004,6
2024-09-14 19:15:00,2024-09-14 21:00:00,2.0,4.2,4.612500000000001,19
2024-09-15 01:15:00,2024-09-15 01:45:00,0.75,3.4,3.533333333333333,1
2024-09-15 13:45:00,2024-09-15 14:00:00,0.5,3.8,3.9499999999999997,13
2024-09-15 21:45:00,2024-09-15 22:00:00,0.5,4.6,4.699999999999999,21
2024-09-16 22:15:00,2024-09-16 23:00:00,1.0,4.3,4.525,22
2024-09-17 02:15:00,2024-09-17 03:30:00,1.5,3.6,4.066666666666666,2
2024-09-18 03:00:00,2024-09-18 03:45:00,1.0,3.4,3.925,3
2024-09-19 04:00:00,2024-09-19 04:30:00,0.75,3.2,3.733333333333333,4
2024-09-19 16:30:00,2024-09-19 17:30:00,1.25,3.9,4.4,16
2024-09-23 01:45:00,2024-09-23 03:15:00,1.75,3.7,4.057142857142857,1
2024-09-24 02:45:00,2024-09-24 04:30:00,2.0,3.4,3.7625,2
2024-09-25 03:30:00,2024-09-25 05:45:00,2.5,3.0,3.55,3
2024-09-26 06:30:00,2024-09-26 06:45:00,0.5,3.3,3.4,6
2024-09-27 18:45:00,2024-09-27 21:15:00,2.75,3.4,4.3181818181818175,18
2024-09-27 23:00:00,2024-09-27 23:30:00,0.75,2.1,2.4,23
2024-09-28 06:15:00,2024-09-28 08:45:00,2.75,2.8,3.6454545454545455,6
2024-09-28 10:45:00,2024-09-28 11:30:00,1.0,2.1,2.3,10
2024-09-28 19:30:00,2024-09-29 00:15:00,5.0,2.3,3.4549999999999996,19
2024-09-29 07:30:00,2024-09-29 09:15:00,2.0,3.1,3.675,7
2024-09-29 11:45:00,2024-09-29 12:15:00,0.75,2.0,2.3333333333333335,11
2024-09-29 20:15:00,2024-09-29 22:15:00,2.25,3.5,4.044444444444444,20
2024-09-30 00:30:00,2024-09-30 01:00:00,0.75,2.9,3.0,0
2024-10-01 15:15:00,2024-10-01 15:45:00,0.75,3.5,3.5666666666666664,15
2024-10-05 23:30:00,2024-10-05 23:45:00,0.5,3.9,4.0,23
2024-10-06 01:15:00,2024-10-06 01:30:00,0.5,3.7,3.8,1
2024-10-06 17:30:00,2024-10-06 18:30:00,1.25,4.0,4.26,17
2024-10-08 04:45:00,2024-10-08 05:30:00,1.0,3.0,3.125,4
2024-10-09 16:00:00,2024-10-09 16:30:00,0.75,4.2,4.333333333333333,16
2024-10-10 16:15:00,2024-10-10 19:15:00,3.25,4.4,5.092307692307693,16
2024-10-10 20:45:00,2024-10-10 23:00:00,2.5,4.2,4.33,20
2024-10-11 05:00:00,2024-10-11 06:00:00,1.25,4.1,4.44,5
2024-10-11 09:00:00,2024-10-11 09:45:00,1.0,3.0,3.55,9
2024-10-11 16:45:00,2024-10-11 18:15:00,1.75,4.8,5.214285714285714,16
2024-10-12 04:45:00,2024-10-12 06:15:00,1.75,4.3,4.5857142857142845,4
2024-10-14 23:15:00,2024-10-15 00:15:00,1.25,4.0,4.1,23
2024-10-15 12:15:00,2024-10-15 12:45:00,0.75,4.5,4.8,12
2024-10-17 15:00:00,2024-10-17 16:30:00,1.75,5.2,6.342857142857142,15
2024-10-18 16:15:00,2024-10-18 17:15:00,1.25,6.4,6.74,16
2024-10-19 02:45:00,2024-10-19 04:00:00,1.5,5.2,5.766666666666667,2
2024-10-20 03:30:00,2024-10-20 06:00:00,2.75,5.7,5.836363636363637,3
2024-10-22 02:45:00,2024-10-22 03:30:00,1.0,5.6,5.824999999999999,2
2024-10-23 03:30:00,2024-10-23 04:00:00,0.75,5.3,5.466666666666666,3
2024-10-24 03:15:00,2024-10-24 05:00:00,2.0,4.7,5.2625,3
2024-10-24 17:00:00,2024-10-24 17:30:00,0.75,5.5,5.666666666666667,17
2024-10-25 04:00:00,2024-10-25 05:45:00,2.0,4.6,5.1875,4
2024-10-25 16:15:00,2024-10-25 20:15:00,4.25,4.1,5.088235294117647,16
2024-10-26 05:45:00,2024-10-26 07:30:00,2.0,3.7,4.487500000000001,5
2024-10-26 10:00:00,2024-10-26 10:45:00,1.0,3.5,3.6500000000000004,10
2024-10-26 18:45:00,2024-10-26 21:00:00,2.5,4.0,4.470000000000001,18
2024-10-26 23:00:00,2024-10-26 23:15:00,0.5,3.4,3.55,23
2024-10-27 07:15:00,2024-10-27 08:45:00,1.75,3.9,4.3999999999999995,7
2024-10-27 10:15:00,2024-10-27 10:45:00,0.75,3.2,3.4,10
2024-10-27 18:45:00,2024-10-27 21:15:00,2.75,4.4,5.1000000000000005,18
2024-10-28 23:30:00,2024-10-29 01:45:00,2.5,4.1,4.33,23
2024-10-30 13:45:00,2024-10-30 16:30:00,3.0,4.9,5.308333333333334,13
2024-10-31 13:45:00,2024-10-31 14:30:00,1.0,4.9,5.074999999999999,13
2024-11-01 09:45:00,2024-11-01 10:00:00,0.5,4.3,4.449999999999999,9
2024-11-03 00:15:00,2024-11-03 01:00:00,1.0,4.7,4.875,0
2024-11-05 00:00:00,2024-11-05 02:30:00,2.75,4.8,5.454545454545454,0
2024-11-06 00:15:00,2024-11-06 03:00:00,3.0,4.4,5.166666666666667,0
2024-11-06 05:00:00,2024-11-06 06:15:00,1.5,3.8,4.066666666666666,5
2024-11-06 19:15:00,2024-11-06 19:30:00,0.5,3.9,4.1,19
2024-11-07 02:30:00,2024-11-07 03:00:00,0.75,4.5,4.7,2
2024-11-07 05:45:00,2024-11-07 06:45:00,1.25,3.7,4.1,5
2024-11-07 15:45:00,2024-11-07 19:45:00,4.25,3.8,4.329411764705882,15
2024-11-08 02:45:00,2024-11-08 04:00:00,1.5,3.7,4.216666666666667,2
2024-11-09 03:00:00,2024-11-09 05:30:00,2.75,3.5,4.2727272727272725,3
2024-11-10 06:00:00,2024-11-10 06:45:00,1.0,4.6,4.875,6
2024-11-10 17:15:00,2024-11-10 19:15:00,2.25,4.6,5.0,17
2024-11-11 06:45:00,2024-11-11 07:00:00,0.5,4.5,4.6,6
2024-11-13 13:00:00,2024-11-13 14:45:00,2.0,5.8,6.1875,13
2024-11-26 02:45:00,2024-11-26 04:00:00,1.5,6.5,6.666666666666667,2
2024-11-26 10:00:00,2024-11-26 10:30:00,0.75,5.8,5.8999999999999995,10
2024-11-26 16:00:00,2024-11-26 16:15:00,0.5,6.5,6.65,16
2024-11-27 09:15:00,2024-11-27 09:45:00,0.75,6.1,6.266666666666666,9
2024-11-27 20:30:00,2024-11-27 21:00:00,0.75,6.1,6.3,20
2024-11-28 20:00:00,2024-11-28 21:45:00,2.0,5.9,6.3875,20
2024-12-01 07:00:00,2024-12-01 07:15:00,0.5,7.2,7.300000000000001,7
2024-12-03 08:45:00,2024-12-03 09:15:00,0.75,7.5,7.666666666666667,8
2024-12-03 21:15:00,2024-12-03 23:00:00,2.0,7.5,7.9,21
2024-12-04 08:00:00,2024-12-04 08:30:00,0.75,7.9,8.1,8
2024-12-04 22:00:00,2024-12-04 22:30:00,0.75,8.0,8.266666666666666,22
2024-12-05 17:00:00,2024-12-05 17:15:00,0.5,8.8,8.9,17
2024-12-06 03:00:00,2024-12-06 03:30:00,0.75,8.6,8.666666666666666,3
2024-12-06 09:00:00,2024-12-06 10:15:00,1.5,7.9,8.4,9
2024-12-09 20:15:00,2024-12-09 21:00:00,1.0,8.0,8.225000000000001,20
2024-12-10 07:00:00,2024-12-10 09:15:00,2.5,7.4,7.910000000000001,7
2024-12-10 18:30:00,2024-12-10 18:45:00,0.5,8.0,8.1,18
2024-12-10 20:45:00,2024-12-10 22:00:00,1.5,6.6,6.966666666666668,20
2024-12-11 09:00:00,2024-12-11 09:15:00,0.5,7.5,7.6,9
2024-12-11 16:15:00,2024-12-11 17:00:00,1.0,7.8,7.925,16
2024-12-12 04:15:00,2024-12-12 05:15:00,1.25,8.2,8.52,4
2024-12-13 04:30:00,2024-12-13 05:45:00,1.5,8.0,8.283333333333333,4
2024-12-14 05:30:00,2024-12-14 05:45:00,0.5,8.2,8.3,5
2024-12-17 00:30:00,2024-12-17 01:30:00,1.25,7.5,7.76,0
2024-12-17 15:30:00,2024-12-17 16:30:00,1.25,7.8,8.059999999999999,15
2024-12-18 00:45:00,2024-12-18 03:00:00,2.5,7.0,7.45,0
2024-12-19 01:45:00,2024-12-19 02:00:00,0.5,7.6,7.699999999999999,1
2024-12-20 03:00:00,2024-12-20 03:15:00,0.5,7.4,7.5,3
2024-12-20 06:00:00,2024-12-20 06:15:00,0.5,6.5,6.6,6
2024-12-21 10:45:00,2024-12-21 11:45:00,1.25,7.4,7.56,10
2024-12-24 04:45:00,2024-12-24 05:15:00,0.75,8.0,8.133333333333333,4
2024-12-28 21:30:00,2024-12-28 22:45:00,1.5,7.3,7.716666666666666,21
2024-12-29 00:45:00,2024-12-29 01:30:00,1.0,7.1,7.2749999999999995,0
2024-12-29 05:00:00,2024-12-29 06:00:00,1.25,8.1,8.5,5
2024-12-29 22:15:00,2024-12-29 23:45:00,1.75,7.1,7.499999999999999,22
2024-12-30 13:00:00,2024-12-30 14:45:00,2.0,7.5,7.8500000000000005,13
2024-12-30 23:00:00,2024-12-31 01:15:00,2.5,7.0,7.44,23
2024-12-31 06:00:00,2024-12-31 07:00:00,1.25,8.0,8.219999999999999,6
2024-12-31 23:30:00,2025-01-01 00:45:00,1.5,7.2,7.733333333333334,23
2025-01-02 00:00:00,2025-01-02 02:15:00,2.5,7.8,8.17,0
2025-01-03 04:15:00,2025-01-03 04:30:00,0.5,8.2,8.3,4
2025-01-04 23:15:00,2025-01-04 23:30:00,0.5,9.1,9.2,23
2025-01-05 11:00:00,2025-01-05 11:30:00,0.75,8.7,8.9,11
2025-01-05 17:00:00,2025-01-05 18:15:00,1.5,10.0,10.166666666666666,17
2025-01-05 22:30:00,2025-01-06 00:00:00,1.75,9.2,9.614285714285714,22
2025-01-07 12:30:00,2025-01-07 12:45:00,0.5,9.1,9.2,12
2025-01-07 19:30:00,2025-01-07 20:45:00,1.5,9.2,9.450000000000001,19
2025-01-08 00:45:00,2025-01-08 01:15:00,0.75,9.1,9.266666666666667,0
2025-01-08 09:15:00,2025-01-08 09:30:00,0.5,8.9,9.0,9
2025-01-09 02:30:00,2025-01-09 03:00:00,0.75,9.2,9.366666666666665,2
2025-01-12 04:45:00,2025-01-12 05:15:00,0.75,9.7,9.866666666666665,4
2025-01-13 06:15:00,2025-01-13 07:30:00,1.5,9.4,9.75,6
2025-01-14 20:15:00,2025-01-14 21:00:00,1.0,10.0,10.25,20
2025-01-15 08:45:00,2025-01-15 09:45:00,1.25,9.8,10.040000000000001,8
2025-01-15 20:45:00,2025-01-15 21:15:00,0.75,10.3,10.5,20
2025-01-16 08:45:00,2025-01-16 09:30:00,1.0,10.0,10.274999999999999,8
2025-01-16 22:00:00,2025-01-16 23:15:00,1.5,10.2,10.549999999999999,22
2025-01-17 03:45:00,2025-01-17 04:00:00,0.5,10.1,10.2,3
2025-01-17 09:15:00,2025-01-17 09:45:00,0.75,10.4,10.633333333333333,9
2025-01-17 16:00:00,2025-01-17 16:30:00,0.75,11.3,11.4,16
2025-01-17 21:45:00,2025-01-17 22:45:00,1.25,10.3,10.66,21
2025-01-18 09:30:00,2025-01-18 10:00:00,0.75,10.2,10.333333333333334,9
2025-01-19 04:15:00,2025-01-19 06:30:00,2.5,9.2,9.52,4
2025-01-19 18:15:00,2025-01-19 19:00:00,1.0,9.6,9.75,18
2025-01-19 22:45:00,2025-01-20 02:30:00,4.0,9.3,10.075,22
2025-01-20 04:30:00,2025-01-20 06:30:00,2.25,9.2,9.544444444444444,4
2025-01-20 17:45:00,2025-01-20 18:15:00,0.75,10.2,10.3,17
2025-01-20 22:30:00,2025-01-21 00:00:00,1.75,9.7,10.085714285714285,22
2025-01-21 05:30:00,2025-01-21 06:15:00,1.0,9.6,9.825,5
2025-01-21 10:45:00,2025-01-21 11:45:00,1.25,9.8,9.919999999999998,10
2025-01-21 14:30:00,2025-01-21 15:15:00,1.0,9.1,9.2,14
2025-01-21 18:45:00,2025-01-21 19:45:00,1.25,10.3,10.459999999999999,18
2025-01-21 23:45:00,2025-01-22 00:30:00,1.0,9.6,10.024999999999999,23
2025-01-22 20:15:00,2025-01-22 22:30:00,2.5,10.4,10.850000000000001,20
2025-01-23 00:30:00,2025-01-23 01:45:00,1.5,9.8,10.216666666666667,0
2025-01-23 19:00:00,2025-01-23 20:30:00,1.75,10.8,11.114285714285716,19
2025-01-24 01:45:00,2025-01-24 02:30:00,1.0,10.0,10.225000000000001,1
2025-01-24 15:00:00,2025-01-24 15:15:00,0.5,10.3,10.4,15
2025-01-24 21:00:00,2025-01-24 22:45:00,2.0,10.6,11.1,21
2025-01-25 02:45:00,2025-01-25 03:30:00,1.0,10.1,10.3,2
2025-01-25 12:45:00,2025-01-25 13:15:00,0.75,10.7,10.766666666666666,12
2025-01-25 22:45:00,2025-01-25 23:15:00,0.75,10.5,10.666666666666666,22
2025-01-26 03:00:00,2025-01-26 04:15:00,1.5,10.6,11.066666666666665,3
2025-01-26 22:30:00,2025-01-26 23:15:00,1.0,10.7,10.850000000000001,22
2025-01-27 04:15:00,2025-01-27 05:00:00,1.0,10.9,11.15,4
2025-01-27 23:30:00,2025-01-28 00:00:00,0.75,10.1,10.200000000000001,23
2025-01-29 13:45:00,2025-01-29 14:30:00,1.0,10.5,10.675,13
2025-01-29 23:00:00,2025-01-29 23:45:00,1.0,10.4,10.725,23
2025-01-30 01:15:00,2025-01-30 02:00:00,1.0,9.5,9.75,1
2025-01-30 07:45:00,2025-01-30 08:45:00,1.25,10.7,10.940000000000001,7
2025-01-30 14:45:00,2025-01-30 15:45:00,1.25,10.6,10.76,14
2025-01-31 00:15:00,2025-01-31 03:30:00,3.5,9.4,9.835714285714285,0
2025-01-31 15:15:00,2025-01-31 16:30:00,1.5,9.6,9.933333333333335,15
2025-02-01 00:45:00,2025-02-01 04:30:00,4.0,7.9,8.9625,0
2025-02-01 15:00:00,2025-02-01 17:00:00,2.25,8.3,9.144444444444444,15
2025-02-02 01:30:00,2025-02-02 03:45:00,2.5,7.9,8.72,1
2025-02-02 16:00:00,2025-02-02 17:30:00,1.75,9.0,9.357142857142858,16
2025-02-03 05:15:00,2025-02-03 05:45:00,0.75,7.9,8.1,5
2025-02-03 17:15:00,2025-02-03 18:00:00,1.0,8.7,9.075,17
2025-02-04 02:30:00,2025-02-04 07:15:00,5.0,7.5,8.635,2
2025-02-04 16:30:00,2025-02-04 19:00:00,2.75,7.3,8.6,16
2025-02-05 04:30:00,2025-02-05 07:45:00,3.5,7.4,8.064285714285715,4
2025-02-05 19:15:00,2025-02-05 20:15:00,1.25,7.3,7.9,19
2025-02-06 05:30:00,2025-02-06 07:00:00,1.75,7.7,8.128571428571428,5
2025-02-06 08:30:00,2025-02-06 09:15:00,1.0,6.8,7.075,8
2025-02-06 19:00:00,2025-02-06 21:00:00,2.25,7.0,7.411111111111111,19
2025-02-07 04:30:00,2025-02-07 05:15:00,1.0,7.9,8.25,4
2025-02-07 06:45:00,2025-02-07 07:45:00,1.25,7.1,7.5,6
2025-02-07 09:15:00,2025-02-07 09:30:00,0.5,6.4,6.5,9
2025-02-07 17:00:00,2025-02-07 18:15:00,1.5,7.0,7.316666666666667,17
2025-02-07 20:00:00,2025-02-07 21:45:00,2.0,5.7,6.375,20
2025-02-08 07:45:00,2025-02-08 09:15:00,1.75,6.6,7.128571428571428,7
2025-02-08 19:00:00,2025-02-08 23:00:00,4.25,5.4,6.51764705882353,19
2025-02-09 08:45:00,2025-02-09 12:15:00,3.75,5.2,6.153333333333333,8
2025-02-09 19:15:00,2025-02-09 21:45:00,2.75,5.9,6.763636363636365,19
2025-02-09 23:15:00,2025-02-10 00:15:00,1.25,4.5,5.0,23
2025-02-10 08:15:00,2025-02-10 11:45:00,3.75,5.7,6.693333333333333,8
2025-02-10 20:30:00,2025-02-10 22:45:00,2.5,6.1,6.95,20
2025-02-11 00:45:00,2025-02-11 01:15:00,0.75,5.0,5.3,0
2025-02-11 09:15:00,2025-02-11 09:30:00,0.5,7.2,7.35,9
2025-02-11 21:45:00,2025-02-11 23:00:00,1.5,7.1,7.366666666666666,21
2025-02-12 21:15:00,2025-02-12 22:00:00,1.0,7.4,7.449999999999999,21
2025-02-13 22:30:00,2025-02-14 00:30:00,2.25,6.4,6.9111111111111105,22
2025-02-14 14:45:00,2025-02-14 16:00:00,1.5,7.7,7.933333333333334,14
2025-02-15 16:30:00,2025-02-15 16:45:00,0.5,7.3,7.4,16
2025-02-16 05:00:00,2025-02-16 05:15:00,0.5,6.2,6.300000000000001,5
2025-02-16 16:15:00,2025-02-16 17:15:00,1.25,6.5,6.859999999999999,16
2025-02-16 23:00:00,2025-02-16 23:30:00,0.75,6.7,7.1000000000000005,23
2025-02-17 02:30:00,2025-02-17 05:30:00,3.25,6.3,6.653846153846154,2
2025-02-17 10:00:00,2025-02-17 10:30:00,0.75,7.1,7.3,10
2025-02-17 21:45:00,2025-02-17 22:15:00,0.75,7.6,7.766666666666666,21
2025-02-18 04:15:00,2025-02-18 06:00:00,2.0,6.6,6.85,4
2025-02-18 21:45:00,2025-02-18 22:45:00,1.25,7.5,7.859999999999999,21
2025-02-19 04:45:00,2025-02-19 06:15:00,1.75,6.8,7.014285714285713,4
2025-02-20 19:45:00,2025-02-20 20:30:00,1.0,7.7,7.925,19
2025-02-20 23:00:00,2025-02-21 00:00:00,1.25,7.6,7.82,23
2025-02-21 12:00:00,2025-02-21 13:00:00,1.25,7.5,7.6,12
2025-02-21 14:30:00,2025-02-21 15:15:00,1.0,7.3,7.4750000000000005,14
2025-02-21 17:45:00,2025-02-21 18:45:00,1.25,8.0,8.18,17
2025-02-22 00:30:00,2025-02-22 01:45:00,1.5,7.5,7.7,0
2025-02-22 13:15:00,2025-02-22 15:45:00,2.75,7.6,7.981818181818183,13
2025-02-22 20:45:00,2025-02-22 21:15:00,0.75,8.0,8.266666666666667,20
2025-02-23 01:45:00,2025-02-23 02:30:00,1.0,8.0,8.175,1
2025-02-23 05:15:00,2025-02-23 05:45:00,0.75,8.0,8.1,5
2025-02-23 19:30:00,2025-02-23 20:45:00,1.5,8.2,8.35,19
2025-02-24 21:30:00,2025-02-24 23:15:00,2.0,7.0,7.4375,21
2025-02-25 03:15:00,2025-02-25 03:30:00,0.5,8.2,8.3,3
2025-02-25 21:15:00,2025-02-25 22:15:00,1.25,7.7,8.02,21
2025-02-27 01:00:00,2025-02-27 01:30:00,0.75,6.8,6.966666666666666,1
2025-02-27 13:45:00,2025-02-27 14:30:00,1.0,7.5,7.8500000000000005,13
2025-02-28 00:45:00,2025-02-28 02:30:00,2.0,6.3,7.0,0
2025-02-28 14:30:00,2025-02-28 15:15:00,1.0,7.7,7.925,14
2025-03-01 02:15:00,2025-03-01 03:15:00,1.25,7.0,7.280000000000001,2
2025-03-01 15:00:00,2025-03-01 15:45:00,1.0,7.9,8.175,15
2025-03-02 03:15:00,2025-03-02 04:30:00,1.5,7.0,7.166666666666667,3
2025-03-02 16:15:00,2025-03-02 16:30:00,0.5,8.0,8.25,16
2025-03-03 16:15:00,2025-03-03 17:15:00,1.25,8.4,8.94,16
2025-03-03 20:30:00,2025-03-03 21:45:00,1.5,8.6,8.833333333333332,20
2025-03-04 17:15:00,2025-03-04 18:15:00,1.25,8.3,8.459999999999999,17
2025-03-05 06:30:00,2025-03-05 09:00:00,2.75,6.5,7.181818181818182,6
2025-03-05 18:45:00,2025-03-05 19:30:00,1.0,7.5,7.625,18
2025-03-06 04:15:00,2025-03-06 04:30:00,0.5,7.5,7.6,4
2025-03-06 07:45:00,2025-03-06 08:15:00,0.75,7.0,7.133333333333333,7
2025-03-06 13:00:00,2025-03-06 14:30:00,1.75,7.8,7.928571428571429,13
2025-03-06 19:00:00,2025-03-06 20:15:00,1.5,7.5,7.816666666666666,19
2025-03-07 00:00:00,2025-03-07 00:30:00,0.75,8.3,8.433333333333334,0
2025-03-07 08:00:00,2025-03-07 08:30:00,0.75,6.8,7.066666666666666,8
2025-03-07 19:30:00,2025-03-07 20:15:00,1.0,7.3,7.55,19
2025-03-08 06:15:00,2025-03-08 10:00:00,4.0,6.7,7.25,6
2025-03-08 21:15:00,2025-03-08 21:30:00,0.5,6.7,6.9,21
2025-03-09 07:30:00,2025-03-09 08:00:00,0.75,7.4,7.566666666666667,7
2025-03-09 09:30:00,2025-03-09 12:00:00,2.75,6.5,6.763636363636363,9
2025-03-09 19:15:00,2025-03-09 23:45:00,4.75,6.3,6.905263157894736,19
2025-03-10 19:00:00,2025-03-10 21:00:00,2.25,6.9,7.355555555555556,19
2025-03-12 22:45:00,2025-03-12 23:00:00,0.5,7.3,7.4,22
2025-03-13 21:45:00,2025-03-14 02:30:00,5.0,6.1,7.055,21
2025-03-15 00:00:00,2025-03-15 03:15:00,3.5,5.7,6.392857142857143,0
2025-03-15 14:15:00,2025-03-15 15:45:00,1.75,6.9,7.171428571428571,14
2025-03-15 23:00:00,2025-03-16 04:00:00,5.25,5.5,6.566666666666667,23
2025-03-16 11:15:00,2025-03-16 13:45:00,2.75,6.2,6.936363636363637,11
2025-03-16 15:15:00,2025-03-16 15:45:00,0.75,5.6,5.8,15
2025-03-17 00:30:00,2025-03-17 04:45:00,4.5,4.6,5.550000000000001,0
2025-03-17 10:15:00,2025-03-17 12:30:00,2.5,5.5,6.1899999999999995,10
2025-03-17 15:30:00,2025-03-17 16:00:00,0.75,5.9,6.0,15
2025-03-17 21:00:00,2025-03-17 21:15:00,0.5,6.9,7.0,21
2025-03-17 23:00:00,2025-03-18 04:45:00,6.0,4.7,6.425,23
2025-03-18 15:30:00,2025-03-18 16:00:00,0.75,6.7,6.833333333333333,15
2025-03-18 20:45:00,2025-03-18 21:00:00,0.5,7.2,7.300000000000001,20
2025-03-19 02:15:00,2025-03-19 03:15:00,1.25,6.3,6.56,2
2025-03-19 12:30:00,2025-03-19 13:00:00,0.75,6.4,6.8,12
2025-03-19 15:30:00,2025-03-19 17:15:00,2.0,6.6,6.8625,15
2025-03-19 21:00:00,2025-03-19 21:45:00,1.0,6.9,7.074999999999999,21
2025-03-20 02:45:00,2025-03-20 04:15:00,1.75,6.0,6.414285714285714,2
2025-03-20 13:15:00,2025-03-20 13:45:00,0.75,6.3,6.633333333333333,13
2025-03-20 17:45:00,2025-03-20 18:30:00,1.0,6.0,6.3,17
2025-03-21 02:00:00,2025-03-21 04:15:00,2.5,6.3,6.739999999999999,2
2025-03-21 10:15:00,2025-03-21 13:00:00,3.0,6.0,6.7749999999999995,10
2025-03-21 17:45:00,2025-03-21 18:00:00,0.5,7.1,7.199999999999999,17
2025-03-21 22:30:00,2025-03-21 23:45:00,1.5,6.3,6.8,22
2025-03-22 06:30:00,2025-03-22 07:30:00,1.25,5.9,6.18,6
2025-03-22 14:00:00,2025-03-22 15:00:00,1.25,6.2,6.380000000000001,14
2025-03-22 19:00:00,2025-03-22 23:00:00,4.25,6.7,7.305882352941175,19
2025-03-23 01:00:00,2025-03-23 03:30:00,2.75,6.0,6.536363636363637,1
2025-03-23 07:45:00,2025-03-23 08:30:00,1.0,5.8,6.125,7
2025-03-23 12:30:00,2025-03-23 13:30:00,1.25,6.5,7.08,12
2025-03-23 15:15:00,2025-03-23 15:30:00,0.5,5.7,5.95,15
2025-03-23 18:45:00,2025-03-23 21:00:00,2.5,6.7,7.260000000000001,18
2025-03-24 01:30:00,2025-03-24 01:45:00,0.5,6.6,6.85,1
2025-03-24 14:45:00,2025-03-24 15:00:00,0.5,6.5,6.6,14
2025-03-24 19:45:00,2025-03-24 22:00:00,2.5,5.7,6.24,19
2025-03-25 02:15:00,2025-03-25 03:15:00,1.25,6.8,6.9799999999999995,2
2025-03-25 12:00:00,2025-03-25 12:30:00,0.75,6.3,6.466666666666666,12
2025-03-25 15:15:00,2025-03-25 15:30:00,0.5,6.5,6.7,15
2025-03-25 21:45:00,2025-03-25 22:15:00,0.75,6.1,6.2,21
2025-03-26 08:30:00,2025-03-26 08:45:00,0.5,6.5,6.6,8
2025-03-26 12:00:00,2025-03-26 13:00:00,1.25,6.4,6.540000000000001,12
2025-03-26 20:30:00,2025-03-26 21:15:00,1.0,6.4,6.699999999999999,20
2025-03-28 22:30:00,2025-03-28 23:00:00,0.75,6.2,6.366666666666667,22
2025-04-01 01:15:00,2025-04-01 01:45:00,0.75,5.4,5.566666666666667,1
2025-04-03 03:00:00,2025-04-03 03:30:00,0.75,5.2,5.366666666666667,3
2025-04-04 04:00:00,2025-04-04 05:00:00,1.25,4.7,5.04,4
2025-04-04 19:15:00,2025-04-04 19:30:00,0.5,4.5,4.6,19
2025-04-05 00:15:00,2025-04-05 00:30:00,0.5,5.7,5.800000000000001,0
2025-04-05 05:00:00,2025-04-05 06:00:00,1.25,4.5,4.9,5
2025-04-05 15:30:00,2025-04-05 15:45:00,0.5,5.2,5.35,15
2025-04-05 17:15:00,2025-04-05 18:45:00,1.75,4.9,5.228571428571429,17
2025-04-06 01:15:00,2025-04-06 02:00:00,1.0,5.7,5.8500000000000005,1
2025-04-06 05:45:00,2025-04-06 07:15:00,1.75,4.4,4.971428571428571,5
2025-04-06 11:30:00,2025-04-06 12:15:00,1.0,4.3,4.425,11
2025-04-06 15:00:00,2025-04-06 16:45:00,2.0,5.1,5.2875,15
2025-04-06 18:30:00,2025-04-06 20:00:00,1.75,4.5,5.128571428571429,18
2025-04-07 03:00:00,2025-04-07 03:30:00,0.75,6.1,6.166666666666667,3
2025-04-07 06:45:00,2025-04-07 08:15:00,1.75,4.4,5.057142857142857,6
2025-04-07 15:45:00,2025-04-07 16:00:00,0.5,5.4,5.7,15
2025-04-07 19:45:00,2025-04-07 21:00:00,1.5,5.0,5.5,19
2025-04-08 06:00:00,2025-04-08 08:45:00,3.0,4.6,5.566666666666666,6
2025-04-08 12:45:00,2025-04-08 15:30:00,3.0,4.4,5.299999999999999,12
2025-04-08 20:00:00,2025-04-08 21:45:00,2.0,4.8,5.362500000000001,20
2025-04-09 21:30:00,2025-04-09 22:15:00,1.0,5.5,5.75,21
2025-04-10 22:00:00,2025-04-10 23:15:00,1.5,5.2,5.5,22
2025-04-12 12:45:00,2025-04-12 13:45:00,1.25,5.7,5.799999999999999,12
2025-04-12 23:00:00,2025-04-12 23:30:00,0.75,5.6,5.766666666666666,23
2025-04-14 16:00:00,2025-04-14 17:30:00,1.75,6.2,6.471428571428571,16
2025-04-15 00:30:00,2025-04-15 01:00:00,0.75,5.8,5.966666666666666,0
2025-04-15 09:00:00,2025-04-15 10:45:00,2.0,5.5,5.7,9
2025-04-15 20:30:00,2025-04-15 21:00:00,0.75,6.3,6.666666666666667,20
2025-04-16 01:15:00,2025-04-16 01:45:00,0.75,5.9,6.099999999999999,1
2025-04-16 16:15:00,2025-04-16 18:15:00,2.25,6.5,6.733333333333333,16
2025-04-16 19:45:00,2025-04-16 20:30:00,1.0,6.2,6.3500000000000005,19
2025-04-17 12:00:00,2025-04-17 12:15:00,0.5,5.8,5.9,12
2025-04-17 18:45:00,2025-04-17 21:30:00,3.0,6.2,6.625000000000001,18
2025-04-18 19:30:00,2025-04-18 19:45:00,0.5,6.5,6.65,19
2025-04-18 21:30:00,2025-04-18 22:30:00,1.25,6.3,6.539999999999999,21
2025-04-19 11:30:00,2025-04-19 11:45:00,0.5,5.5,5.6,11
2025-04-19 13:15:00,2025-04-19 13:30:00,0.5,5.8,5.9,13
2025-04-19 17:45:00,2025-04-19 18:30:00,1.0,7.4,7.575,17
2025-04-19 20:15:00,2025-04-19 20:30:00,0.5,7.0,7.1,20
2025-04-19 22:45:00,2025-04-20 00:00:00,1.5,5.9,6.416666666666667,22
2025-04-20 06:30:00,2025-04-20 07:00:00,0.75,5.2,5.333333333333333,6
2025-04-20 11:30:00,2025-04-20 12:00:00,0.75,6.0,6.166666666666667,11
2025-04-20 17:45:00,2025-04-20 18:45:00,1.25,7.7,7.92,17
2025-04-20 23:30:00,2025-04-21 00:45:00,1.5,5.6,6.516666666666667,23
2025-04-21 12:00:00,2025-04-21 15:15:00,3.5,5.8,6.1499999999999995,12
2025-04-21 20:00:00,2025-04-21 20:45:00,1.0,6.3,7.025,20
2025-04-22 00:30:00,2025-04-22 01:45:00,1.5,5.9,6.633333333333333,0
2025-04-22 08:30:00,2025-04-22 09:45:00,1.5,5.2,5.366666666666666,8
2025-04-22 13:00:00,2025-04-22 13:45:00,1.0,5.9,6.324999999999999,13
2025-04-22 20:00:00,2025-04-22 21:30:00,1.75,5.7,6.014285714285714,20
2025-04-23 06:45:00,2025-04-23 08:15:00,1.75,5.0,5.557142857142857,6
2025-04-23 19:15:00,2025-04-23 20:00:00,1.0,5.6,5.85,19
2025-04-23 21:45:00,2025-04-23 22:00:00,0.5,4.8,4.9,21
2025-04-24 08:00:00,2025-04-24 09:00:00,1.25,4.8,5.2,8
2025-04-24 11:15:00,2025-04-24 13:45:00,2.75,4.3,4.927272727272727,11
2025-04-24 20:15:00,2025-04-24 21:30:00,1.5,4.9,5.316666666666666,20
2025-04-25 11:45:00,2025-04-25 13:00:00,1.5,4.4,4.683333333333333,11
2025-04-26 13:30:00,2025-04-26 15:15:00,2.0,4.6,5.1,13
2025-04-27 02:00:00,2025-04-27 03:15:00,1.5,3.8,4.1000000000000005,2
2025-04-27 13:15:00,2025-04-27 14:15:00,1.25,4.2,4.74,13
2025-04-29 04:30:00,2025-04-29 05:00:00,0.75,3.8,4.266666666666667,4
2025-04-29 16:00:00,2025-04-29 17:15:00,1.5,5.1,5.866666666666666,16
2025-04-30 04:00:00,2025-04-30 04:30:00,0.75,3.7,4.033333333333334,4
2025-04-30 15:45:00,2025-04-30 16:45:00,1.25,4.1,5.4,15
2025-04-30 18:15:00,2025-04-30 18:30:00,0.5,6.0,6.1,18
2025-04-30 21:00:00,2025-04-30 21:15:00,0.5,5.2,5.35,21
2025-05-01 16:00:00,2025-05-01 19:30:00,3.75,5.5,6.073333333333334,16
2025-05-01 21:30:00,2025-05-01 22:45:00,1.5,5.2,5.6000000000000005,21
2025-05-02 17:00:00,2025-05-02 18:15:00,1.5,5.8,6.116666666666667,17
2025-05-03 09:00:00,2025-05-03 09:30:00,0.75,4.4,4.533333333333333,9
2025-05-03 19:45:00,2025-05-03 20:45:00,1.25,5.6,5.92,19
2025-05-04 08:00:00,2025-05-04 09:00:00,1.25,3.3,4.279999999999999,8
2025-05-04 12:30:00,2025-05-04 13:00:00,0.75,4.7,4.866666666666667,12
2025-05-04 15:00:00,2025-05-04 15:30:00,0.75,5.0,5.166666666666667,15
2025-05-04 19:30:00,2025-05-04 22:00:00,2.75,5.3,5.536363636363637,19
2025-05-05 05:15:00,2025-05-05 05:30:00,0.5,5.0,5.1,5
2025-05-05 08:15:00,2025-05-05 08:30:00,0.5,3.3,3.8,8
2025-05-05 10:15:00,2025-05-05 13:15:00,3.25,4.5,4.86923076923077,10
2025-05-05 20:45:00,2025-05-05 21:00:00,0.5,4.6,4.85,20
2025-05-06 04:45:00,2025-05-06 06:15:00,1.75,4.9,5.214285714285714,4
2025-05-06 13:30:00,2025-05-06 14:00:00,0.75,4.8,5.266666666666667,13
2025-05-06 22:30:00,2025-05-06 22:45:00,0.5,5.1,5.199999999999999,22
2025-05-07 07:00:00,2025-05-07 07:30:00,0.75,4.6,4.766666666666667,7
2025-05-07 14:00:00,2025-05-07 15:00:00,1.25,4.7,5.66,14
2025-05-08 07:45:00,2025-05-08 08:15:00,0.75,4.4,4.566666666666667,7
2025-05-08 12:00:00,2025-05-08 15:45:00,4.0,4.3,5.0687500000000005,12
2025-05-09 01:30:00,2025-05-09 02:15:00,1.0,4.1,4.25,1
2025-05-09 13:00:00,2025-05-09 16:15:00,3.5,4.5,5.121428571428572,13
2025-05-09 20:00:00,2025-05-09 21:00:00,1.25,5.0,5.119999999999999,20
2025-05-09 23:30:00,2025-05-10 00:45:00,1.5,4.4,4.616666666666666,23
2025-05-10 13:45:00,2025-05-10 14:30:00,1.0,4.1,4.3,13
2025-05-10 21:00:00,2025-05-10 22:00:00,1.25,4.7,4.880000000000001,21
2025-05-11 03:45:00,2025-05-11 04:30:00,1.0,4.5,4.9,3
2025-05-11 06:30:00,2025-05-11 06:45:00,0.5,4.5,4.6,6
2025-05-11 14:15:00,2025-05-11 15:30:00,1.5,4.9,5.1499999999999995,14
2025-05-11 22:45:00,2025-05-11 23:30:00,1.0,4.6,4.824999999999999,22
2025-05-12 14:15:00,2025-05-12 15:30:00,1.5,4.3,4.566666666666666,14
2025-05-12 23:30:00,2025-05-13 00:00:00,0.75,4.6,4.766666666666667,23
2025-05-13 09:30:00,2025-05-13 09:45:00,0.5,4.2,4.4,9
2025-05-14 08:30:00,2025-05-14 08:45:00,0.5,4.1,4.199999999999999,8
2025-05-14 19:15:00,2025-05-14 19:30:00,0.5,4.9,5.0,19
2025-05-15 00:30:00,2025-05-15 01:00:00,0.75,4.7,4.866666666666667,0
2025-05-15 09:15:00,2025-05-15 09:30:00,0.5,4.0,4.15,9
2025-05-15 14:45:00,2025-05-15 15:45:00,1.25,4.1,4.5,14
2025-05-15 18:15:00,2025-05-15 20:15:00,2.25,5.1,5.5777777777777775,18
2025-05-16 01:15:00,2025-05-16 03:00:00,2.0,4.0,4.574999999999999,1
2025-05-16 09:45:00,2025-05-16 10:00:00,0.5,4.2,4.5,9
2025-05-16 11:30:00,2025-05-16 12:15:00,1.0,4.6,4.875,11
2025-05-16 15:30:00,2025-05-16 17:15:00,2.0,4.0,4.6875,15
2025-05-16 18:45:00,2025-05-16 19:00:00,0.5,5.2,5.300000000000001,18
2025-05-16 20:30:00,2025-05-16 21:00:00,0.75,5.2,5.3999999999999995,20
2025-05-17 02:00:00,2025-05-17 03:15:00,1.5,4.2,4.616666666666666,2
2025-05-17 09:45:00,2025-05-17 10:45:00,1.25,4.1,4.44,9
2025-05-17 17:00:00,2025-05-17 17:45:00,1.0,3.9,4.3,17
2025-05-17 21:15:00,2025-05-17 22:00:00,1.0,4.8,5.075,21
2025-05-18 02:45:00,2025-05-18 06:15:00,3.75,3.2,3.86,2
2025-05-18 16:15:00,2025-05-18 18:30:00,2.5,3.2,4.39,16
2025-05-18 22:15:00,2025-05-18 23:00:00,1.0,4.8,5.175,22
2025-05-19 02:00:00,2025-05-19 04:30:00,2.75,4.2,4.881818181818183,2
2025-05-19 06:00:00,2025-05-19 07:15:00,1.5,2.1,3.1,6
2025-05-19 10:45:00,2025-05-19 12:00:00,1.5,4.2,4.6499999999999995,10
2025-05-19 18:00:00,2025-05-19 18:45:00,1.0,3.6,4.1000000000000005,18
2025-05-19 22:45:00,2025-05-19 23:15:00,0.75,5.0,5.166666666666667,22
2025-05-20 04:30:00,2025-05-20 07:30:00,3.25,3.1,3.838461538461538,4
2025-05-20 11:30:00,2025-05-20 12:30:00,1.25,4.1,4.4,11
2025-05-20 17:15:00,2025-05-20 20:15:00,3.25,3.1,3.776923076923077,17
2025-05-21 04:00:00,2025-05-21 09:00:00,5.25,2.2,3.676190476190477,4
2025-05-21 16:30:00,2025-05-21 22:30:00,6.25,2.7,4.012,16
2025-05-22 04:45:00,2025-05-22 07:15:00,2.75,3.4,4.199999999999999,4
2025-05-22 08:45:00,2025-05-22 09:15:00,0.75,2.4,2.766666666666667,8
2025-05-22 17:45:00,2025-05-22 21:15:00,3.75,3.5,4.533333333333333,17
2025-05-23 07:00:00,2025-05-23 07:45:00,1.0,3.7,4.0,7
2025-05-23 18:45:00,2025-05-23 20:00:00,1.5,4.3,4.616666666666666,18
2025-05-23 23:00:00,2025-05-23 23:45:00,1.0,3.3,3.4000000000000004,23
2025-05-24 10:15:00,2025-05-24 11:00:00,1.0,3.4,3.475,10
2025-05-24 19:45:00,2025-05-24 21:15:00,1.75,4.2,4.499999999999999,19
2025-05-25 00:45:00,2025-05-25 01:45:00,1.25,3.5,3.7199999999999998,0
2025-05-25 12:00:00,2025-05-25 13:00:00,1.25,2.2,3.28,12
2025-05-25 20:45:00,2025-05-25 22:00:00,1.5,3.7,4.066666666666666,20
2025-05-26 02:15:00,2025-05-26 02:45:00,0.75,2.6,3.533333333333333,2
2025-05-26 11:45:00,2025-05-26 15:30:00,4.0,2.7,3.875,11
2025-05-27 02:45:00,2025-05-27 03:45:00,1.25,2.9,3.46,2
2025-05-27 13:30:00,2025-05-27 17:00:00,3.75,2.5,3.8799999999999994,13
2025-05-28 03:45:00,2025-05-28 04:30:00,1.0,2.6,3.525,3
2025-05-28 13:30:00,2025-05-28 17:00:00,3.75,2.7,3.9866666666666664,13
2025-05-28 20:15:00,2025-05-28 21:00:00,1.0,3.8,4.05,20
2025-05-28 23:15:00,2025-05-29 00:45:00,1.75,3.7,3.8857142857142857,23
2025-05-29 03:45:00,2025-05-29 04:15:00,0.75,3.0,3.1666666666666665,3
2025-05-29 11:15:00,2025-05-29 11:30:00,0.5,3.1,3.25,11
2025-05-29 14:30:00,2025-05-29 16:30:00,2.25,2.5,3.488888888888889,14
2025-05-29 21:00:00,2025-05-29 21:45:00,1.0,3.7,3.925,21
2025-05-30 04:00:00,2025-05-30 05:00:00,1.25,2.9,3.1599999999999997,4
2025-05-30 16:30:00,2025-05-30 17:15:00,1.0,3.9,4.15,16
2025-05-30 22:15:00,2025-05-30 22:45:00,0.75,4.2,4.3999999999999995,22
2025-05-31 04:15:00,2025-05-31 04:45:00,0.75,3.1,3.466666666666667,4
2025-05-31 11:00:00,2025-05-31 13:15:00,2.5,3.8,4.069999999999999,11
2025-05-31 15:45:00,2025-05-31 18:15:00,2.75,2.7,4.0181818181818185,15
2025-06-01 05:15:00,2025-06-01 06:00:00,1.0,3.0,3.575,5
2025-06-01 17:00:00,2025-06-01 19:00:00,2.25,3.4,3.9444444444444446,17
2025-06-02 04:45:00,2025-06-02 06:45:00,2.25,3.2,3.7888888888888896,4
2025-06-02 14:45:00,2025-06-02 15:15:00,0.75,3.1,3.733333333333333,14
2025-06-02 17:30:00,2025-06-02 20:30:00,3.25,2.8,3.5461538461538455,17
2025-06-03 05:15:00,2025-06-03 06:15:00,1.25,3.4,3.7600000000000002,5
2025-06-03 07:45:00,2025-06-03 08:30:00,1.0,2.2,2.55,7
2025-06-03 15:30:00,2025-06-03 16:00:00,0.75,3.3,3.9666666666666663,15
2025-06-03 18:15:00,2025-06-03 19:15:00,1.25,3.3,3.84,18
2025-06-03 20:45:00,2025-06-03 21:00:00,0.5,3.0,3.15,20
2025-06-04 05:45:00,2025-06-04 06:45:00,1.25,3.3,3.72,5
2025-06-04 08:15:00,2025-06-04 09:00:00,1.0,2.0,2.525,8
2025-06-04 17:00:00,2025-06-04 17:15:00,0.5,3.0,3.7,17
2025-06-04 19:15:00,2025-06-04 22:30:00,3.5,2.5,3.592857142857143,19
2025-06-05 08:00:00,2025-06-05 08:45:00,1.0,3.3,3.6000000000000005,8
2025-06-05 17:30:00,2025-06-05 18:00:00,0.75,3.3,4.166666666666667,17
2025-06-05 19:30:00,2025-06-05 21:00:00,1.75,3.1,3.9714285714285715,19
2025-06-05 22:45:00,2025-06-05 23:15:00,0.75,2.7,3.0666666666666664,22
2025-06-06 05:00:00,2025-06-06 11:00:00,6.25,2.1,3.3360000000000003,5
2025-06-06 18:45:00,2025-06-06 21:30:00,3.0,3.2,4.066666666666666,18
2025-06-06 23:00:00,2025-06-06 23:45:00,1.0,1.9,2.325,23
2025-06-07 04:00:00,2025-06-07 05:45:00,2.0,3.1,3.9749999999999996,4
2025-06-07 07:15:00,2025-06-07 08:15:00,1.25,3.0,3.4200000000000004,7
2025-06-07 20:45:00,2025-06-07 23:45:00,3.25,2.7,3.338461538461539,20
2025-06-08 06:15:00,2025-06-08 06:30:00,0.5,2.8,3.15,6
2025-06-08 08:00:00,2025-06-08 13:00:00,5.25,1.4,2.6761904761904765,8
2025-06-08 16:45:00,2025-06-08 17:30:00,1.0,4.2,4.275,16
2025-06-08 20:15:00,2025-06-09 01:30:00,5.5,1.7,3.4181818181818184,20
2025-06-09 07:15:00,2025-06-09 12:15:00,5.25,1.1,3.152380952380952,7
2025-06-09 22:15:00,2025-06-10 00:30:00,2.5,2.6,3.47,22
2025-06-10 07:15:00,2025-06-10 07:45:00,0.75,3.7,3.9333333333333336,7
2025-06-10 09:15:00,2025-06-10 13:30:00,4.5,1.8,3.122222222222222,9
2025-06-10 21:30:00,2025-06-11 04:15:00,7.0,2.2,3.567857142857143,21
2025-06-11 08:15:00,2025-06-11 08:30:00,0.5,3.6,3.7,8
2025-06-11 11:45:00,2025-06-11 14:00:00,2.5,2.1,2.8,11
2025-06-11 22:00:00,2025-06-12 01:30:00,3.75,3.0,3.94,22
2025-06-12 08:30:00,2025-06-12 11:30:00,3.25,3.6,3.9923076923076914,8
2025-06-12 13:00:00,2025-06-12 16:00:00,3.25,2.1,3.369230769230769,13
2025-06-13 02:30:00,2025-06-13 04:00:00,1.75,2.8,3.185714285714286,2
2025-06-13 14:45:00,2025-06-13 17:15:00,2.75,2.8,3.5454545454545454,14
2025-06-14 01:15:00,2025-06-14 02:00:00,1.0,3.6,3.8249999999999997,1
2025-06-14 03:30:00,2025-06-14 04:00:00,0.75,2.8,3.0,3
2025-06-14 12:30:00,2025-06-14 12:45:00,0.5,3.6,3.7,12
2025-06-14 15:30:00,2025-06-14 17:15:00,2.0,3.2,3.4625000000000004,15
2025-06-14 22:15:00,2025-06-14 22:30:00,0.5,4.4,4.5,22
2025-06-15 00:15:00,2025-06-15 05:00:00,5.0,2.4,3.3649999999999998,0
2025-06-15 11:45:00,2025-06-15 17:30:00,6.0,2.1,3.320833333333333,11
2025-06-16 01:00:00,2025-06-16 01:15:00,0.5,3.4,3.5999999999999996,1
2025-06-16 02:45:00,2025-06-16 06:00:00,3.5,2.1,3.0000000000000004,2
2025-06-16 16:15:00,2025-06-16 17:30:00,1.5,2.4,3.033333333333333,16
2025-06-17 03:30:00,2025-06-17 04:00:00,0.75,3.6,3.8000000000000003,3
2025-06-17 06:00:00,2025-06-17 06:30:00,0.75,2.3,2.6,6
2025-06-17 13:45:00,2025-06-17 14:00:00,0.5,3.8,3.9,13
2025-06-17 15:30:00,2025-06-17 18:45:00,3.5,2.5,3.4714285714285715,15
2025-06-18 01:00:00,2025-06-18 02:30:00,1.75,3.5,4.157142857142857,1
2025-06-18 04:00:00,2025-06-18 07:45:00,4.0,2.4,3.1187500000000004,4
2025-06-18 13:45:00,2025-06-18 15:15:00,1.75,3.5,4.057142857142857,13
2025-06-18 16:45:00,2025-06-18 19:45:00,3.25,2.9,3.423076923076923,16
2025-06-19 04:45:00,2025-06-19 05:30:00,1.0,3.2,3.5250000000000004,4
2025-06-19 07:15:00,2025-06-19 08:30:00,1.5,1.1,2.1333333333333333,7
2025-06-19 14:15:00,2025-06-19 14:45:00,0.75,4.3,4.3999999999999995,14
2025-06-19 18:00:00,2025-06-19 21:00:00,3.25,2.6,3.2076923076923074,18
2025-06-20 04:00:00,2025-06-20 05:45:00,2.0,3.1,3.8375,4
2025-06-20 07:15:00,2025-06-20 09:00:00,2.0,1.1,2.1500000000000004,7
2025-06-20 17:15:00,2025-06-20 22:15:00,5.25,2.7,3.5714285714285716,17
2025-06-21 06:45:00,2025-06-21 07:15:00,0.75,2.9,3.1,6
2025-06-21 09:00:00,2025-06-21 10:30:00,1.75,1.3,2.1,9
2025-06-21 15:00:00,2025-06-21 15:30:00,0.75,3.7,3.8333333333333335,15
2025-06-21 18:15:00,2025-06-21 20:00:00,2.0,3.4,3.875,18
2025-06-22 06:00:00,2025-06-22 06:15:00,0.5,2.5,2.7,6
2025-06-22 19:15:00,2025-06-22 20:45:00,1.75,3.3,3.6142857142857143,19
2025-06-22 23:15:00,2025-06-23 00:30:00,1.5,2.6,2.816666666666667,23
2025-06-23 10:15:00,2025-06-23 13:45:00,3.75,1.4,2.473333333333333,10
2025-06-24 00:45:00,2025-06-24 01:45:00,1.25,2.3,2.4800000000000004,0
2025-06-24 12:00:00,2025-06-24 15:45:00,4.0,1.9,2.9375,12
2025-06-24 18:15:00,2025-06-24 18:30:00,0.5,2.9,3.0999999999999996,18
2025-06-25 02:00:00,2025-06-25 04:00:00,2.25,2.2,2.766666666666667,2
2025-06-25 12:30:00,2025-06-25 15:30:00,3.25,2.3,3.261538461538462,12
2025-06-25 18:45:00,2025-06-25 19:30:00,1.0,3.0,3.175,18
2025-06-26 13:30:00,2025-06-26 17:15:00,4.0,2.3,3.51875,13
2025-06-26 19:30:00,2025-06-26 20:15:00,1.0,3.1,3.425,19
2025-06-27 04:15:00,2025-06-27 05:45:00,1.75,1.8,2.8714285714285714,4
2025-06-27 14:00:00,2025-06-27 18:00:00,4.25,2.9,3.911764705882353,14
2025-06-27 20:30:00,2025-06-27 21:15:00,1.0,3.4,3.65,20
2025-06-28 04:30:00,2025-06-28 05:00:00,0.75,2.6,2.6999999999999997,4
2025-06-28 15:30:00,2025-06-28 19:00:00,3.75,3.5,4.446666666666667,15
2025-06-28 21:15:00,2025-06-28 22:00:00,1.0,3.7,3.9000000000000004,21
2025-06-29 00:45:00,2025-06-29 02:00:00,1.5,3.2,3.6333333333333333,0
2025-06-29 04:45:00,2025-06-29 05:15:00,0.75,2.7,2.966666666666667,4
2025-06-29 16:45:00,2025-06-29 17:45:00,1.25,3.4,4.1,16
2025-06-30 01:30:00,2025-06-30 02:15:00,1.0,3.5,3.75,1
2025-06-30 05:15:00,2025-06-30 06:15:00,1.25,2.8,3.04,5
2025-06-30 17:00:00,2025-06-30 17:45:00,1.0,2.9,3.6999999999999997,17
2025-07-01 06:00:00,2025-07-01 06:15:00,0.5,2.8,2.9,6
2025-07-01 13:45:00,2025-07-01 14:45:00,1.25,3.2,3.54,13
2025-07-01 18:00:00,2025-07-01 18:45:00,1.0,3.4,3.65,18
2025-07-02 02:45:00,2025-07-02 04:45:00,2.25,3.4,3.9777777777777774,2
2025-07-02 06:45:00,2025-07-02 07:45:00,1.25,1.5,2.2600000000000002,6
2025-07-02 19:30:00,2025-07-02 20:45:00,1.5,1.7,2.733333333333334,19
2025-07-03 04:00:00,2025-07-03 07:45:00,4.0,2.4,3.1812500000000004,4
2025-07-03 12:15:00,2025-07-03 12:30:00,0.5,3.1,3.5,12
2025-07-03 16:15:00,2025-07-03 16:30:00,0.5,3.4,3.5,16
2025-07-03 19:15:00,2025-07-03 21:15:00,2.25,2.3,2.7555555555555555,19
2025-07-04 04:00:00,2025-07-04 06:00:00,2.25,2.8,3.377777777777778,4
2025-07-04 12:30:00,2025-07-04 12:45:00,0.5,3.0,3.25,12
2025-07-04 17:30:00,2025-07-04 19:00:00,1.75,3.9,4.299999999999999,17
2025-07-05 05:00:00,2025-07-05 06:45:00,2.0,2.9,3.4749999999999996,5
2025-07-05 13:30:00,2025-07-05 13:45:00,0.5,3.0,3.1,13
2025-07-05 18:30:00,2025-07-05 20:45:00,2.5,3.7,4.380000000000001,18
2025-07-05 23:15:00,2025-07-06 00:30:00,1.5,2.7,3.0500000000000003,23
2025-07-06 05:45:00,2025-07-06 07:30:00,2.0,2.7,3.3375000000000004,5
2025-07-06 14:15:00,2025-07-06 15:15:00,1.25,2.9,3.34,14
2025-07-06 19:00:00,2025-07-06 20:45:00,2.0,3.4,3.8750000000000004,19
2025-07-07 00:00:00,2025-07-07 00:45:00,1.0,2.4,2.8,0
2025-07-07 02:45:00,2025-07-07 06:00:00,3.5,2.1,3.014285714285714,2
2025-07-07 08:30:00,2025-07-07 11:45:00,3.5,2.1,2.507142857142857,8
2025-07-07 14:15:00,2025-07-07 15:30:00,1.5,3.1,4.15,14
2025-07-07 19:45:00,2025-07-07 21:30:00,2.0,2.8,3.875,19
2025-07-07 23:00:00,2025-07-08 00:45:00,2.0,1.7,2.65,23
2025-07-08 05:00:00,2025-07-08 07:30:00,2.75,3.1,3.2818181818181817,5
2025-07-08 09:00:00,2025-07-08 11:30:00,2.75,1.5,2.6,9
2025-07-08 14:45:00,2025-07-08 16:15:00,1.75,3.3,4.357142857142857,14
2025-07-08 20:30:00,2025-07-08 22:00:00,1.75,3.9,4.457142857142857,20
2025-07-09 01:15:00,2025-07-09 01:45:00,0.75,2.8,3.0333333333333337,1
2025-07-09 07:45:00,2025-07-09 08:00:00,0.5,3.4,3.5,7
2025-07-09 13:00:00,2025-07-09 14:00:00,1.25,2.3,2.8,13
2025-07-09 16:15:00,2025-07-09 17:15:00,1.25,3.6,4.26,16
2025-07-09 21:00:00,2025-07-09 22:30:00,1.75,3.6,4.1571428571428575,21
2025-07-10 01:30:00,2025-07-10 02:45:00,1.5,2.5,2.783333333333333,1
2025-07-10 10:15:00,2025-07-10 10:30:00,0.5,3.1,3.2,10
2025-07-10 12:15:00,2025-07-10 13:45:00,1.75,1.5,2.242857142857143,12
2025-07-10 16:00:00,2025-07-10 18:15:00,2.5,3.0,3.5100000000000002,16
2025-07-11 02:30:00,2025-07-11 03:15:00,1.0,2.2,2.55,2
2025-07-11 09:00:00,2025-07-11 09:30:00,0.75,2.5,3.0,9
2025-07-11 12:45:00,2025-07-11 18:30:00,6.0,1.9,3.4583333333333335,12
2025-07-11 22:30:00,2025-07-11 23:45:00,1.5,3.7,4.000000000000001,22
2025-07-12 02:15:00,2025-07-12 03:45:00,1.75,2.1,2.8428571428571425,2
2025-07-12 13:15:00,2025-07-12 16:00:00,3.0,2.4,3.3250000000000006,13
2025-07-12 19:30:00,2025-07-12 20:45:00,1.5,3.8,3.9166666666666665,19
2025-07-13 14:30:00,2025-07-13 15:30:00,1.25,4.0,4.119999999999999,14
2025-07-13 17:15:00,2025-07-13 17:30:00,0.5,3.6,3.8,17
2025-07-13 20:30:00,2025-07-13 21:30:00,1.25,3.7,4.02,20
2025-07-14 15:45:00,2025-07-14 18:45:00,3.25,3.9,4.253846153846153,15
2025-07-14 21:15:00,2025-07-14 21:30:00,0.5,3.7,3.8,21
2025-07-15 05:00:00,2025-07-15 07:15:00,2.5,2.8,3.02,5
2025-07-15 16:45:00,2025-07-15 17:30:00,1.0,3.6,3.975,16
2025-07-15 22:30:00,2025-07-15 22:45:00,0.5,3.9,4.0,22
2025-07-16 18:45:00,2025-07-16 19:00:00,0.5,3.7,4.0,18
2025-07-17 05:45:00,2025-07-17 07:30:00,2.0,2.2,2.9125,5
2025-07-17 18:30:00,2025-07-17 19:45:00,1.5,3.4,3.9666666666666663,18
2025-07-18 02:30:00,2025-07-18 02:45:00,0.5,3.7,4.0,2
2025-07-18 04:15:00,2025-07-18 08:00:00,4.0,1.9,3.08125,4
2025-07-18 12:30:00,2025-07-18 13:45:00,1.5,4.1,4.3,12
2025-07-18 18:15:00,2025-07-18 20:30:00,2.5,3.3,3.7800000000000002,18
2025-07-19 03:30:00,2025-07-19 03:45:00,0.5,3.6,3.7,3
2025-07-19 05:15:00,2025-07-19 06:00:00,1.0,3.0,3.2750000000000004,5
2025-07-19 07:45:00,2025-07-19 08:45:00,1.25,1.6,2.2800000000000002,7
2025-07-20 06:15:00,2025-07-20 06:30:00,0.5,3.0,3.1,6
2025-07-20 08:45:00,2025-07-20 10:00:00,1.5,2.3,2.4333333333333336,8
2025-07-20 22:15:00,2025-07-20 22:30:00,0.5,2.7,2.8,22
2025-07-21 05:45:00,2025-07-21 06:00:00,0.5,2.9,3.0999999999999996,5
2025-07-21 07:30:00,2025-07-21 07:45:00,0.5,2.9,3.0,7
2025-07-21 15:30:00,2025-07-21 16:00:00,0.75,3.8,3.9666666666666663,15
2025-07-21 23:45:00,2025-07-22 00:15:00,0.75,2.6,2.766666666666666,23
2025-07-22 07:15:00,2025-07-22 07:30:00,0.5,2.4,2.65,7
2025-07-22 17:15:00,2025-07-22 17:30:00,0.5,3.4,3.5,17
2025-07-23 02:15:00,2025-07-23 02:45:00,0.75,2.7,2.866666666666667,2
2025-07-23 12:30:00,2025-07-23 12:45:00,0.5,2.7,2.85,12
2025-07-24 03:00:00,2025-07-24 03:45:00,1.0,2.5,2.875,3
2025-07-24 13:30:00,2025-07-24 15:00:00,1.75,2.0,2.9285714285714284,13
2025-07-25 02:45:00,2025-07-25 03:15:00,0.75,2.1,2.5,2
2025-07-25 13:30:00,2025-07-25 17:00:00,3.75,2.4,3.313333333333333,13
2025-07-26 03:30:00,2025-07-26 04:00:00,0.75,2.6,2.6999999999999997,3
2025-07-26 10:45:00,2025-07-26 11:00:00,0.5,2.4,2.55,10
2025-07-26 14:15:00,2025-07-26 15:45:00,1.75,2.6,3.257142857142857,14
2025-07-26 20:45:00,2025-07-26 21:00:00,0.5,3.2,3.3,20
2025-07-26 23:30:00,2025-07-27 00:30:00,1.25,2.7,3.22,23
2025-07-27 04:15:00,2025-07-27 06:15:00,2.25,2.2,2.8111111111111113,4
2025-07-27 15:00:00,2025-07-27 16:15:00,1.5,2.6,3.4333333333333336,15
2025-07-27 21:30:00,2025-07-27 21:45:00,0.5,3.2,3.3,21
2025-07-28 00:15:00,2025-07-28 01:15:00,1.25,3.0,3.2600000000000002,0
2025-07-28 15:45:00,2025-07-28 17:30:00,2.0,3.6,4.0249999999999995,15
2025-07-28 21:45:00,2025-07-28 22:15:00,0.75,3.0,3.3000000000000003,21
2025-07-29 16:45:00,2025-07-29 18:15:00,1.75,2.0,2.3000000000000003,16
2025-07-30 00:45:00,2025-07-30 01:30:00,1.0,2.3,2.45,0
2025-07-30 17:30:00,2025-07-30 18:45:00,1.5,2.7,2.9499999999999997,17
2025-07-30 23:15:00,2025-07-31 00:15:00,1.25,2.8,2.96,23
2025-07-31 06:30:00,2025-07-31 07:00:00,0.75,1.7,1.8,6
2025-07-31 19:15:00,2025-07-31 19:45:00,0.75,1.9,2.6666666666666665,19
2025-08-01 02:15:00,2025-08-01 02:45:00,0.75,2.9,3.0,2
2025-08-01 11:00:00,2025-08-01 11:30:00,0.75,2.7,3.1333333333333333,11
2025-08-01 20:00:00,2025-08-01 21:45:00,2.0,2.1,3.075,20
2025-08-02 00:30:00,2025-08-02 01:00:00,0.75,2.9,2.966666666666667,0
2025-08-02 04:00:00,2025-08-02 05:45:00,2.0,2.0,2.675,4
2025-08-02 10:45:00,2025-08-02 12:30:00,2.0,2.7,3.2625,10
2025-08-02 20:30:00,2025-08-02 22:30:00,2.25,2.6,3.022222222222222,20
2025-08-03 04:30:00,2025-08-03 06:15:00,2.0,3.0,3.375,4
2025-08-03 08:00:00,2025-08-03 10:15:00,2.5,2.2,2.54,8
2025-08-03 17:45:00,2025-08-03 20:00:00,2.5,3.5,4.12,17
2025-08-03 23:30:00,2025-08-04 00:00:00,0.75,2.9,3.033333333333333,23
2025-08-04 05:30:00,2025-08-04 07:15:00,2.0,2.8,3.3125,5
2025-08-04 12:15:00,2025-08-04 14:00:00,2.0,2.4,2.8875,12
2025-08-04 18:30:00,2025-08-04 20:15:00,2.0,3.5,4.0,18
2025-08-05 06:15:00,2025-08-05 07:45:00,1.75,2.8,3.1714285714285717,6
2025-08-05 14:00:00,2025-08-05 15:15:00,1.5,2.9,3.5666666666666664,14
2025-08-06 08:30:00,2025-08-06 08:45:00,0.5,3.0,3.1,8
2025-08-06 14:45:00,2025-08-06 16:00:00,1.5,3.2,4.1499999999999995,14
2025-08-07 00:00:00,2025-08-07 01:00:00,1.25,3.0,3.1399999999999997,0
2025-08-07 04:30:00,2025-08-07 05:30:00,1.25,3.3,3.44,4
2025-08-07 09:15:00,2025-08-07 09:30:00,0.5,3.0,3.1,9
2025-08-07 16:30:00,2025-08-07 16:45:00,0.5,3.4,3.55,16
2025-08-08 01:15:00,2025-08-08 02:45:00,1.75,2.8,3.2857142857142856,1
2025-08-08 15:00:00,2025-08-08 15:30:00,0.75,3.7,3.766666666666667,15
2025-08-09 02:45:00,2025-08-09 04:15:00,1.75,3.0,3.3857142857142857,2
2025-08-10 03:30:00,2025-08-10 03:45:00,0.5,2.8,3.0,3
2025-08-10 15:00:00,2025-08-10 17:00:00,2.25,3.2,3.9000000000000004,15
2025-08-11 04:00:00,2025-08-11 04:15:00,0.5,2.9,3.0999999999999996,4
2025-08-11 15:45:00,2025-08-11 16:15:00,0.75,3.0,3.5,15
2025-08-12 03:45:00,2025-08-12 04:30:00,1.0,2.9,3.125,3
2025-08-12 10:45:00,2025-08-12 12:00:00,1.5,2.8,3.3000000000000003,10
2025-08-12 15:45:00,2025-08-12 17:00:00,1.5,2.8,3.4166666666666665,15
2025-08-12 22:30:00,2025-08-12 23:00:00,0.75,3.6,3.733333333333333,22
2025-08-13 04:45:00,2025-08-13 05:15:00,0.75,2.2,2.5333333333333337,4
2025-08-13 10:00:00,2025-08-13 11:15:00,1.5,3.4,3.6333333333333333,10
2025-08-13 16:45:00,2025-08-13 18:00:00,1.5,3.3,3.6666666666666665,16
2025-08-14 00:45:00,2025-08-14 01:00:00,0.5,3.1,3.25,0
2025-08-14 10:45:00,2025-08-14 12:00:00,1.5,3.4,3.683333333333333,10
2025-08-14 17:30:00,2025-08-14 18:45:00,1.5,2.8,3.1166666666666667,17
2025-08-15 03:15:00,2025-08-15 04:45:00,1.75,2.7,3.0428571428571423,3
2025-08-15 06:15:00,2025-08-15 06:45:00,0.75,1.8,2.0333333333333337,6
2025-08-15 12:00:00,2025-08-15 12:15:00,0.5,3.2,3.3,12
2025-08-15 18:45:00,2025-08-15 19:15:00,0.75,2.6,2.9333333333333336,18
2025-08-16 04:00:00,2025-08-16 04:30:00,0.75,2.9,3.066666666666667,4
2025-08-16 06:45:00,2025-08-16 07:45:00,1.25,1.8,2.24,6
2025-08-16 19:45:00,2025-08-16 20:00:00,0.5,2.7,2.85,19
2025-08-17 23:15:00,2025-08-17 23:45:00,0.75,3.0,3.1333333333333333,23
2025-08-21 13:00:00,2025-08-21 14:45:00,2.0,3.0,3.3874999999999997,13
2025-08-22 14:45:00,2025-08-22 18:15:00,3.75,3.4,4.306666666666667,14
2025-08-23 03:45:00,2025-08-23 05:00:00,1.5,3.3,3.7000000000000006,3
2025-08-23 15:45:00,2025-08-23 16:45:00,1.25,3.4,3.66,15
2025-08-23 23:00:00,2025-08-24 00:15:00,1.5,3.0,3.25,23
2025-08-25 16:15:00,2025-08-25 16:45:00,0.75,3.1,3.3666666666666667,16
2025-08-26 11:15:00,2025-08-26 12:15:00,1.25,2.7,2.84,11
2025-08-26 16:30:00,2025-08-26 17:00:00,0.75,3.3,3.6,16
2025-08-27 17:00:00,2025-08-27 17:15:00,0.5,3.5,3.65,17
2025-08-29 17:45:00,2025-08-29 18:30:00,1.0,3.0,3.2750000000000004,17
2025-08-30 11:00:00,2025-08-30 11:15:00,0.5,3.2,3.35,11
2025-08-31 16:15:00,2025-08-31 17:30:00,1.5,4.3,4.533333333333333,16
2025-09-01 03:45:00,2025-09-01 05:30:00,2.0,3.3,3.7875,3
2025-09-01 08:45:00,2025-09-01 11:00:00,2.5,2.8,2.99,8
2025-09-01 18:00:00,2025-09-01 19:15:00,1.5,4.1,4.533333333333334,18
2025-09-01 22:00:00,2025-09-01 23:00:00,1.25,3.3,3.6,22
2025-09-02 06:00:00,2025-09-02 06:45:00,1.0,3.3,3.5999999999999996,6
2025-09-02 19:00:00,2025-09-02 20:15:00,1.5,4.0,4.433333333333334,19
2025-09-03 06:00:00,2025-09-03 07:30:00,1.75,3.4,3.871428571428571,6
2025-09-03 20:15:00,2025-09-03 20:30:00,0.5,4.0,4.1,20
2025-09-05 11:30:00,2025-09-05 12:00:00,0.75,2.1,2.6666666666666665,11
2025-09-06 12:30:00,2025-09-06 13:00:00,0.75,2.7,3.0333333333333337,12
2025-09-07 02:00:00,2025-09-07 02:30:00,0.75,2.6,2.9,2
2025-09-07 13:30:00,2025-09-07 13:45:00,0.5,3.1,3.4000000000000004,13
2025-09-08 03:00:00,2025-09-08 04:15:00,1.5,2.7,3.316666666666667,3
2025-09-09 04:15:00,2025-09-09 05:15:00,1.25,3.4,3.7600000000000002,4
2025-09-09 16:45:00,2025-09-09 17:45:00,1.25,4.0,4.62,16
2025-09-09 23:30:00,2025-09-09 23:45:00,0.5,3.6,3.9000000000000004,23
2025-09-14 04:30:00,2025-09-14 04:45:00,0.5,4.0,4.1,4
2025-09-14 21:00:00,2025-09-14 21:15:00,0.5,4.0,4.1,21
2025-09-15 21:45:00,2025-09-15 22:00:00,0.5,3.7,3.85,21
2025-09-16 04:45:00,2025-09-16 05:00:00,0.5,3.6,3.8499999999999996,4
2025-09-16 09:30:00,2025-09-16 10:45:00,1.5,3.2,3.5833333333333335,9
2025-09-18 14:30:00,2025-09-18 16:30:00,2.25,3.9,4.166666666666667,14
2025-09-18 20:00:00,2025-09-18 21:15:00,1.5,3.9,4.166666666666667,20
2025-09-21 16:15:00,2025-09-21 16:45:00,0.75,4.9,4.966666666666667,16
2025-09-26 01:15:00,2025-09-26 01:45:00,0.75,3.9,4.1,1
2025-09-26 16:30:00,2025-09-26 17:00:00,0.75,4.4,4.5,16
2025-09-27 01:45:00,2025-09-27 02:15:00,0.75,3.7,3.866666666666667,1
2025-09-27 17:00:00,2025-09-27 17:30:00,0.75,2.9,3.233333333333333,17
2025-09-28 02:45:00,2025-09-28 03:15:00,0.75,3.0,3.1666666666666665,2
2025-09-28 19:30:00,2025-09-28 20:30:00,1.25,3.3,3.56,19
2025-09-29 03:45:00,2025-09-29 06:15:00,2.75,2.5,2.8545454545454545,3
2025-09-29 21:15:00,2025-09-29 21:45:00,0.75,3.1,3.266666666666666,21
2025-09-30 03:45:00,2025-09-30 07:45:00,4.25,2.7,3.2764705882352945,3
2025-10-01 05:45:00,2025-10-01 06:45:00,1.25,3.4,3.7600000000000002,5
2025-10-02 05:45:00,2025-10-02 07:30:00,2.0,3.7,4.0375,5
2025-10-02 10:30:00,2025-10-02 11:45:00,1.5,3.6,3.766666666666667,10
2025-10-02 18:45:00,2025-10-02 20:15:00,1.75,4.0,4.485714285714286,18
2025-10-04 20:30:00,2025-10-04 21:30:00,1.25,4.4,4.7,20
2025-10-08 16:00:00,2025-10-08 16:30:00,0.75,4.3,4.466666666666666,16
2025-10-13 04:00:00,2025-10-13 04:30:00,0.75,4.9,5.066666666666667,4
2025-10-13 15:30:00,2025-10-13 15:45:00,0.5,5.5,5.6,15
2025-10-14 05:30:00,2025-10-14 05:45:00,0.5,5.1,5.199999999999999,5
2025-10-23 10:45:00,2025-10-23 11:15:00,0.75,5.1,5.3,10
2025-10-24 17:45:00,2025-10-24 18:30:00,1.0,7.6,7.775,17
2025-10-25 02:00:00,2025-10-25 02:30:00,0.75,6.3,6.3999999999999995,2
2025-10-25 16:45:00,2025-10-25 17:15:00,0.75,7.8,7.8999999999999995,16
2025-10-25 22:00:00,2025-10-25 22:45:00,1.0,6.5,6.75,22
2025-10-27 05:15:00,2025-10-27 07:45:00,2.75,5.4,5.881818181818182,5
2025-10-28 03:30:00,2025-10-28 03:45:00,0.5,5.8,5.9,3
2025-11-05 06:00:00,2025-11-05 07:30:00,1.75,6.2,6.571428571428571,6
2025-11-07 08:45:00,2025-11-07 09:00:00,0.5,6.1,6.199999999999999,8
2025-11-07 16:15:00,2025-11-07 16:45:00,0.75,6.8,7.033333333333334,16
2025-11-08 09:00:00,2025-11-08 10:00:00,1.25,6.1,6.3,9
2025-11-09 17:15:00,2025-11-09 18:15:00,1.25,6.6,6.68,17
2025-11-10 02:15:00,2025-11-10 02:45:00,0.75,6.0,6.2,2
2025-11-10 10:15:00,2025-11-10 10:45:00,0.75,6.1,6.366666666666667,10
2025-11-11 04:45:00,2025-11-11 05:30:00,1.0,7.2,7.325,4
2025-11-11 11:15:00,2025-11-11 11:30:00,0.5,7.1,7.199999999999999,11
2025-11-12 20:00:00,2025-11-12 21:15:00,1.5,7.2,7.550000000000001,20
2025-11-13 13:00:00,2025-11-13 13:45:00,1.0,7.5,7.65,13
2025-11-13 20:15:00,2025-11-13 21:15:00,1.25,7.0,7.2,20
2025-11-16 21:15:00,2025-11-16 21:30:00,0.5,6.9,7.0,21
2025-11-17 03:30:00,2025-11-17 03:45:00,0.5,7.2,7.300000000000001,3
2025-11-19 22:30:00,2025-11-19 22:45:00,0.5,7.1,7.199999999999999,22
2025-11-21 23:45:00,2025-11-22 00:00:00,0.5,6.8,6.9,23
2025-11-22 15:30:00,2025-11-22 16:15:00,1.0,7.0,7.075,15
2025-11-23 07:00:00,2025-11-23 07:30:00,0.75,6.7,6.833333333333333,7
2025-11-23 15:15:00,2025-11-23 17:00:00,2.0,6.5,6.6625000000000005,15
2025-11-24 01:15:00,2025-11-24 01:45:00,0.75,6.1,6.266666666666666,1
2025-11-25 03:30:00,2025-11-25 04:45:00,1.5,6.1,6.283333333333334,3
2025-11-26 02:30:00,2025-11-26 03:45:00,1.5,6.1,6.366666666666667,2
2025-11-27 04:15:00,2025-11-27 04:45:00,0.75,6.1,6.233333333333333,4
2025-11-27 10:00:00,2025-11-27 10:30:00,0.75,6.5,6.633333333333333,10
2025-11-27 18:00:00,2025-11-27 19:15:00,1.5,6.8,7.166666666666667,18
2025-11-27 20:45:00,2025-11-27 21:30:00,1.0,7.3,7.4,20
2025-11-28 11:15:00,2025-11-28 11:30:00,0.5,6.9,7.0,11
2025-11-29 12:30:00,2025-11-29 12:45:00,0.5,7.4,7.5,12
2025-11-30 10:30:00,2025-11-30 11:45:00,1.5,7.5,7.683333333333334,10
2025-12-02 13:45:00,2025-12-02 14:30:00,1.0,7.1,7.199999999999999,13
2025-12-05 07:45:00,2025-12-05 08:00:00,0.5,7.0,7.1,7
2025-12-06 07:45:00,2025-12-06 08:45:00,1.25,7.0,7.280000000000001,7
2025-12-07 16:45:00,2025-12-07 17:00:00,0.5,6.9,7.050000000000001,16
2025-12-11 02:00:00,2025-12-11 02:15:00,0.5,8.8,8.9,2
2025-12-12 12:15:00,2025-12-12 13:00:00,1.0,8.8,9.024999999999999,12
2025-12-12 19:15:00,2025-12-12 20:00:00,1.0,9.1,9.225,19
2025-12-13 01:45:00,2025-12-13 02:00:00,0.5,8.7,8.85,1
2025-12-14 01:45:00,2025-12-14 02:30:00,1.0,8.5,8.775,1
2025-12-14 08:30:00,2025-12-14 10:30:00,2.25,8.0,8.166666666666666,8
2025-12-15 02:30:00,2025-12-15 03:15:00,1.0,8.3,8.7,2
2025-12-16 03:00:00,2025-12-16 04:30:00,1.75,8.7,8.985714285714286,3
2025-12-17 03:45:00,2025-12-17 05:00:00,1.5,9.1,9.283333333333335,3
2025-12-19 13:45:00,2025-12-19 14:45:00,1.25,7.4,8.1,13
2025-12-19 19:45:00,2025-12-19 20:45:00,1.25,8.6,8.959999999999999,19
2025-12-20 00:30:00,2025-12-20 01:30:00,1.25,7.8,8.079999999999998,0
2025-12-20 06:00:00,2025-12-20 06:15:00,0.5,9.1,9.25,6
2025-12-21 02:15:00,2025-12-21 02:30:00,0.5,8.1,8.2,2
2025-12-21 15:30:00,2025-12-21 15:45:00,0.5,9.1,9.2,15
2025-12-25 05:15:00,2025-12-25 05:30:00,0.5,7.7,7.9,5
2025-12-26 02:45:00,2025-12-26 03:30:00,1.0,8.5,8.75,2
2025-12-28 05:30:00,2025-12-28 06:15:00,1.0,7.7,7.925,5
2025-12-29 21:15:00,2025-12-29 21:30:00,0.5,6.7,6.95,21
2025-12-30 02:15:00,2025-12-30 02:45:00,0.75,7.8,8.0,2
2026-01-01 18:45:00,2026-01-01 20:00:00,1.5,8.4,8.6,18
2026-01-03 15:00:00,2026-01-03 15:15:00,0.5,8.4,8.5,15
2026-01-03 21:30:00,2026-01-03 22:00:00,0.75,7.8,7.933333333333334,21
2026-01-06 22:30:00,2026-01-06 22:45:00,0.5,8.8,8.9,22
2026-01-08 05:00:00,2026-01-08 05:30:00,0.75,7.6,7.7,5
2026-01-08 23:30:00,2026-01-08 23:45:00,0.5,8.7,8.8,23
2026-01-09 04:00:00,2026-01-09 06:15:00,2.5,7.5,8.05,4
2026-01-09 17:30:00,2026-01-09 18:30:00,1.25,8.2,8.479999999999999,17
2026-01-10 07:30:00,2026-01-10 08:00:00,0.75,6.9,7.033333333333334,7
2026-01-10 20:00:00,2026-01-10 20:45:00,1.0,7.4,7.525,20
2026-01-11 06:30:00,2026-01-11 06:45:00,0.5,7.1,7.199999999999999,6
2026-01-11 08:45:00,2026-01-11 09:00:00,0.5,6.2,6.300000000000001,8
2026-01-11 15:15:00,2026-01-11 16:00:00,1.0,7.4,7.475,15
2026-01-11 19:30:00,2026-01-11 23:45:00,4.5,7.1,7.6000000000000005,19
2026-01-12 21:30:00,2026-01-12 22:45:00,1.5,7.7,7.866666666666666,21
2026-01-13 14:15:00,2026-01-13 15:15:00,1.25,7.6,7.82,14
2026-01-14 11:00:00,2026-01-14 11:30:00,0.75,7.4,7.466666666666666,11
2026-01-15 22:00:00,2026-01-15 23:15:00,1.5,8.1,8.333333333333334,22
2026-01-16 17:00:00,2026-01-16 17:30:00,0.75,8.6,8.766666666666667,17
2026-01-18 06:30:00,2026-01-18 06:45:00,0.5,8.8,8.9,6
2026-01-19 06:45:00,2026-01-19 07:15:00,0.75,8.8,9.0,6
2026-01-20 20:15:00,2026-01-20 20:30:00,0.5,9.4,9.5,20
2026-01-21 21:15:00,2026-01-21 21:30:00,0.5,9.8,9.9,21
2026-01-22 22:00:00,2026-01-22 22:15:00,0.5,9.9,10.0,22
2026-01-23 22:45:00,2026-01-23 23:15:00,0.75,9.6,9.766666666666667,22
2026-01-27 01:00:00,2026-01-27 01:30:00,0.75,9.3,9.6,1
2026-01-27 13:00:00,2026-01-27 13:30:00,0.75,9.4,9.633333333333333,13
2026-01-28 02:15:00,2026-01-28 02:45:00,0.75,9.5,9.733333333333333,2
2026-01-28 14:15:00,2026-01-28 14:45:00,0.75,9.9,10.066666666666665,14
2026-01-29 03:15:00,2026-01-29 03:30:00,0.5,9.7,9.85,3
2026-01-29 22:45:00,2026-01-29 23:30:00,1.0,9.4,9.65,22
2026-02-01 19:30:00,2026-02-01 20:00:00,0.75,10.3,10.466666666666667,19
2026-02-02 07:15:00,2026-02-02 07:30:00,0.5,10.5,10.6,7
2026-02-02 20:15:00,2026-02-02 20:30:00,0.5,10.4,10.600000000000001,20
2026-02-03 08:30:00,2026-02-03 09:30:00,1.25,10.1,10.32,8
2026-02-03 21:00:00,2026-02-03 21:15:00,0.5,10.7,10.85,21
2026-02-06 23:00:00,2026-02-06 23:45:00,1.0,10.5,10.774999999999999,23
2026-02-07 22:15:00,2026-02-07 22:45:00,0.75,10.6,10.799999999999999,22
2026-02-08 23:30:00,2026-02-09 00:00:00,0.75,10.7,10.9,23
2026-02-09 19:30:00,2026-02-09 22:00:00,2.75,11.2,11.563636363636364,19
2026-02-09 23:30:00,2026-02-09 23:45:00,0.5,10.8,10.9,23
2026-02-11 01:45:00,2026-02-11 02:00:00,0.5,10.3,10.4,1
2026-02-11 16:15:00,2026-02-11 16:30:00,0.5,9.7,9.85,16
2026-02-11 21:45:00,2026-02-11 23:00:00,1.5,9.3,9.766666666666666,21
2026-02-12 02:45:00,2026-02-12 03:15:00,0.75,9.8,9.9,2
2026-02-12 21:45:00,2026-02-12 22:45:00,1.25,8.7,8.940000000000001,21
2026-02-13 08:15:00,2026-02-13 08:45:00,0.75,9.2,9.366666666666665,8
2026-02-13 18:45:00,2026-02-13 19:15:00,0.75,9.5,9.633333333333333,18
2026-02-14 19:45:00,2026-02-14 20:30:00,1.0,9.5,9.675,19
2026-02-15 20:30:00,2026-02-15 22:45:00,2.5,8.2,9.07,20
2026-02-16 00:30:00,2026-02-16 02:15:00,2.0,7.3,7.487500000000001,0
2026-02-16 11:00:00,2026-02-16 11:15:00,0.5,8.8,8.9,11
2026-02-16 13:00:00,2026-02-16 14:00:00,1.25,7.8,8.139999999999999,13
2026-02-16 21:30:00,2026-02-17 00:00:00,2.75,8.0,8.763636363636364,21
2026-02-18 22:45:00,2026-02-19 01:00:00,2.5,7.9,8.55,22
2026-02-19 15:45:00,2026-02-19 16:15:00,0.75,7.7,7.833333333333333,15
2026-02-20 00:45:00,2026-02-20 04:15:00,3.75,6.2,7.373333333333334,0
2026-02-20 15:45:00,2026-02-20 16:00:00,0.5,7.7,7.800000000000001,15
2026-02-21 00:15:00,2026-02-21 04:30:00,4.5,5.9,7.238888888888888,0
2026-02-21 15:30:00,2026-02-21 17:00:00,1.75,6.6,7.142857142857144,15
2026-02-22 01:15:00,2026-02-22 06:15:00,5.25,5.4,6.752380952380953,1
2026-02-23 03:00:00,2026-02-23 05:00:00,2.25,6.9,7.255555555555556,3
2026-02-23 23:30:00,2026-02-24 00:00:00,0.75,7.7,7.8999999999999995,23
2026-02-24 03:00:00,2026-02-24 04:00:00,1.25,8.0,8.18,3
2026-02-24 07:15:00,2026-02-24 07:45:00,0.75,7.4,7.533333333333334,7
2026-02-25 09:00:00,2026-02-25 09:45:00,1.0,7.6,7.949999999999999,9
2026-02-25 20:15:00,2026-02-25 20:45:00,0.75,8.0,8.333333333333334,20
2026-02-26 09:45:00,2026-02-26 10:15:00,0.75,7.2,7.533333333333332,9
2026-02-26 20:45:00,2026-02-26 21:30:00,1.0,7.2,7.475,20
2026-02-27 07:45:00,2026-02-27 08:45:00,1.25,7.6,7.88,7
2026-02-27 10:15:00,2026-02-27 11:45:00,1.75,6.9,7.085714285714286,10
2026-02-27 19:15:00,2026-02-27 23:30:00,4.5,5.5,6.727777777777778,19
2026-02-28 19:30:00,2026-02-28 21:30:00,2.25,7.0,7.555555555555555,19
2026-03-01 12:45:00,2026-03-01 13:00:00,0.5,6.9,7.050000000000001,12
2026-03-01 22:00:00,2026-03-01 22:45:00,1.0,6.9,7.15,22
2026-03-02 13:15:00,2026-03-02 14:00:00,1.0,6.3,7.125,13
2026-03-03 14:45:00,2026-03-03 15:15:00,0.75,7.5,7.633333333333333,14
2026-03-03 22:30:00,2026-03-04 00:00:00,1.75,7.2,7.6000000000000005,22
2026-03-04 15:00:00,2026-03-04 15:15:00,0.5,6.5,6.9,15
2026-03-05 00:00:00,2026-03-05 00:15:00,0.5,7.2,7.300000000000001,0
2026-03-05 02:30:00,2026-03-05 04:00:00,1.75,5.3,5.885714285714285,2
2026-03-05 15:15:00,2026-03-05 16:00:00,1.0,6.5,6.95,15
2026-03-05 23:45:00,2026-03-06 04:15:00,4.75,4.8,6.3052631578947365,23
2026-03-06 15:30:00,2026-03-06 17:00:00,1.75,6.1,6.5,15
2026-03-07 00:00:00,2026-03-07 05:00:00,5.25,4.7,5.757142857142858,0
2026-03-08 01:30:00,2026-03-08 03:15:00,2.0,5.1,5.8375,1
2026-03-08 04:45:00,2026-03-08 05:45:00,1.25,3.5,4.14,4
2026-03-08 16:30:00,2026-03-08 17:15:00,1.0,4.8,5.175,16
2026-03-09 01:15:00,2026-03-09 05:45:00,4.75,3.8,5.136842105263158,1
2026-03-10 03:30:00,2026-03-10 04:45:00,1.5,4.5,4.95,3
2026-03-10 06:45:00,2026-03-10 07:30:00,1.0,3.2,3.825,6
2026-03-10 13:45:00,2026-03-10 15:00:00,1.5,4.7,5.083333333333333,13
2026-03-10 17:30:00,2026-03-10 19:15:00,2.0,4.6,4.9625,17
2026-03-11 13:30:00,2026-03-11 19:00:00,5.75,4.4,5.147826086956521,13
2026-03-12 00:30:00,2026-03-12 00:45:00,0.5,4.9,5.0,0
2026-03-12 02:45:00,2026-03-12 04:15:00,1.75,4.2,4.685714285714286,2
2026-03-12 06:15:00,2026-03-12 09:45:00,3.75,2.7,4.113333333333334,6
2026-03-12 14:00:00,2026-03-12 15:30:00,1.75,4.1,4.9142857142857155,14
2026-03-12 19:45:00,2026-03-12 22:45:00,3.25,4.9,5.569230769230769,19
2026-03-13 00:45:00,2026-03-13 01:30:00,1.0,4.4,4.949999999999999,0
2026-03-13 06:00:00,2026-03-13 07:00:00,1.25,5.0,5.3999999999999995,6
2026-03-13 09:30:00,2026-03-13 11:00:00,1.75,3.7,4.542857142857143,9
2026-03-14 07:15:00,2026-03-14 07:45:00,0.75,5.2,5.3999999999999995,7
2026-03-15 07:00:00,2026-03-15 08:30:00,1.75,5.2,5.585714285714286,7
2026-03-15 11:00:00,2026-03-15 11:30:00,0.75,4.4,4.5,11
2026-03-15 13:15:00,2026-03-15 14:00:00,1.0,5.1,5.35,13
2026-03-15 19:45:00,2026-03-16 01:15:00,5.75,4.4,4.817391304347827,19
2026-03-16 08:00:00,2026-03-16 09:45:00,2.0,5.3,5.762499999999999,8
2026-03-16 12:00:00,2026-03-16 13:00:00,1.25,4.1,4.540000000000001,12
2026-03-16 20:45:00,2026-03-16 21:00:00,0.5,5.4,5.5,20
2026-03-16 23:30:00,2026-03-17 02:00:00,2.75,3.4,4.5181818181818185,23
2026-03-18 00:30:00,2026-03-18 01:15:00,1.0,5.5,5.775,0
2026-03-18 13:15:00,2026-03-18 15:15:00,2.25,6.5,7.2666666666666675,13
2026-03-19 14:00:00,2026-03-19 16:00:00,2.25,6.1,7.344444444444445,14
2026-03-20 02:45:00,2026-03-20 03:00:00,0.5,5.4,5.65,2
2026-03-20 14:15:00,2026-03-20 15:30:00,1.5,6.2,6.95,14
2026-03-20 17:45:00,2026-03-20 18:30:00,1.0,7.4,7.549999999999999,17
2026-03-21 03:30:00,2026-03-21 04:00:00,0.75,5.1,5.533333333333334,3
2026-03-21 15:15:00,2026-03-21 16:00:00,1.0,4.7,5.7,15
2026-03-22 04:00:00,2026-03-22 04:45:00,1.0,4.1,4.725,4
2026-03-22 15:45:00,2026-03-22 17:30:00,2.0,4.1,5.7125,15
2026-03-23 04:45:00,2026-03-23 06:15:00,1.75,3.7,4.728571428571429,4
2026-03-23 16:15:00,2026-03-23 18:45:00,2.75,3.4,5.6909090909090905,16
2026-03-23 22:15:00,2026-03-23 22:45:00,0.75,6.5,6.666666666666667,22
2026-03-24 04:15:00,2026-03-24 07:30:00,3.5,3.4,5.1,4
2026-03-24 18:30:00,2026-03-24 19:15:00,1.0,5.8,5.875,18
2026-03-25 03:15:00,2026-03-25 04:30:00,1.5,6.5,6.75,3
2026-03-27 20:15:00,2026-03-27 20:45:00,0.75,5.9,6.0,20
2026-03-28 07:30:00,2026-03-28 08:15:00,1.0,5.8,6.025,7
2026-03-30 21:45:00,2026-03-30 22:00:00,0.5,6.3,6.4,21
2026-03-31 13:00:00,2026-03-31 16:00:00,3.25,6.7,7.123076923076923,13
2026-04-01 14:15:00,2026-04-01 17:45:00,3.75,6.5,7.106666666666667,14
2026-04-01 23:00:00,2026-04-01 23:15:00,0.5,6.1,6.199999999999999,23
2026-04-02 16:00:00,2026-04-02 18:15:00,2.5,6.8,7.4399999999999995,16
2026-04-02 23:45:00,2026-04-03 00:15:00,0.75,5.8,6.0,23
2026-04-03 16:00:00,2026-04-03 17:45:00,2.0,6.5,7.5,16
2026-04-03 19:15:00,2026-04-03 20:00:00,1.0,6.2,6.575,19
2026-04-04 00:00:00,2026-04-04 00:15:00,0.5,5.9,6.0,0
2026-04-04 16:30:00,2026-04-04 20:30:00,4.25,6.0,7.776470588235295,16
2026-04-05 00:45:00,2026-04-05 01:30:00,1.0,5.5,5.75,0
2026-04-05 15:15:00,2026-04-05 17:00:00,2.0,7.6,8.037500000000001,15
2026-04-05 18:30:00,2026-04-05 21:45:00,3.5,5.8,7.2071428571428555,18
2026-04-06 19:00:00,2026-04-06 20:30:00,1.75,5.9,7.614285714285714,19
2026-04-07 01:15:00,2026-04-07 02:45:00,1.75,5.6,6.071428571428571,1
2026-04-07 17:45:00,2026-04-07 21:45:00,4.25,6.0,7.847058823529412,17
2026-04-08 02:15:00,2026-04-08 03:45:00,1.75,5.8,6.242857142857142,2
2026-04-08 11:00:00,2026-04-08 11:30:00,0.75,5.8,6.0,11
2026-04-08 17:00:00,2026-04-08 17:45:00,1.0,8.7,8.8,17
2026-04-08 19:45:00,2026-04-08 23:00:00,3.5,6.8,7.978571428571428,19
2026-04-09 08:45:00,2026-04-09 09:15:00,0.75,6.0,6.166666666666667,8
2026-04-09 20:15:00,2026-04-09 20:45:00,0.75,7.7,7.8999999999999995,20
2026-04-09 22:45:00,2026-04-09 23:45:00,1.25,7.0,7.3199999999999985,22
2026-04-11 06:00:00,2026-04-11 06:45:00,1.0,5.9,6.125,6
2026-04-11 12:30:00,2026-04-11 13:00:00,0.75,6.1,6.3,12
2026-04-11 19:00:00,2026-04-11 20:00:00,1.25,6.1,6.459999999999999,19
2026-04-12 00:15:00,2026-04-12 00:45:00,0.75,6.6,6.8,0
2026-04-12 06:45:00,2026-04-12 07:15:00,0.75,6.0,6.2,6
2026-04-12 13:30:00,2026-04-12 14:15:00,1.0,6.1,6.450000000000001,13
2026-04-12 19:45:00,2026-04-12 22:15:00,2.75,5.1,5.754545454545454,19
2026-04-13 07:30:00,2026-04-13 08:45:00,1.5,5.4,5.866666666666666,7
2026-04-13 14:30:00,2026-04-13 15:45:00,1.5,5.8,6.233333333333333,14
2026-04-13 18:30:00,2026-04-13 21:00:00,2.75,5.7,6.472727272727273,18
2026-04-14 03:15:00,2026-04-14 03:45:00,0.75,5.9,6.066666666666667,3
2026-04-14 08:15:00,2026-04-14 11:30:00,3.5,4.9,5.442857142857143,8
2026-04-14 13:15:00,2026-04-14 15:30:00,2.5,5.4,5.860000000000001,13
2026-04-14 19:45:00,2026-04-14 22:30:00,3.0,5.2,6.175000000000001,19
2026-04-15 09:15:00,2026-04-15 10:00:00,1.0,5.3,5.575,9
2026-04-15 14:30:00,2026-04-15 17:15:00,3.0,5.5,6.049999999999998,14
2026-04-15 21:30:00,2026-04-15 23:00:00,1.75,5.2,5.742857142857142,21
2026-04-16 10:00:00,2026-04-16 10:15:00,0.5,5.6,5.699999999999999,10
2026-04-16 14:30:00,2026-04-16 15:15:00,1.0,5.5,5.699999999999999,14
2026-04-16 22:30:00,2026-04-16 23:00:00,0.75,5.4,5.566666666666667,22
2026-04-17 15:15:00,2026-04-17 16:00:00,1.0,5.6,5.9,15
2026-04-17 22:15:00,2026-04-18 00:15:00,2.25,4.8,5.322222222222221,22
2026-04-18 03:15:00,2026-04-18 04:15:00,1.25,4.0,4.28,3
2026-04-18 16:00:00,2026-04-18 17:00:00,1.25,5.6,5.919999999999999,16
2026-04-18 23:15:00,2026-04-19 00:30:00,1.5,4.8,5.083333333333333,23
2026-04-20 00:15:00,2026-04-20 01:15:00,1.25,4.9,5.06,0
2026-04-20 05:15:00,2026-04-20 06:30:00,1.5,4.2,4.583333333333333,5
2026-04-20 18:30:00,2026-04-20 21:00:00,2.75,5.6,6.127272727272726,18
2026-04-21 01:00:00,2026-04-21 02:15:00,1.5,4.9,5.2,1
2026-04-21 17:15:00,2026-04-21 17:30:00,0.5,6.2,6.300000000000001,17
2026-04-22 01:45:00,2026-04-22 03:00:00,1.5,5.0,5.466666666666666,1
2026-04-23 11:15:00,2026-04-23 12:30:00,1.5,4.9,5.05,11
2026-04-23 14:30:00,2026-04-23 14:45:00,0.5,4.7,4.9,14
2026-04-23 19:00:00,2026-04-23 19:45:00,1.0,4.4,5.2,19
2026-04-24 10:30:00,2026-04-24 13:00:00,2.75,4.6,5.054545454545455,10
2026-04-24 18:15:00,2026-04-24 20:45:00,2.75,4.4,5.418181818181818,18
2026-04-25 06:15:00,2026-04-25 09:45:00,3.75,4.0,4.526666666666667,6
2026-04-25 17:15:00,2026-04-25 19:00:00,2.0,5.4,5.8125,17
2026-04-25 20:45:00,2026-04-25 21:15:00,0.75,4.5,4.666666666666667,20
2026-04-26 07:15:00,2026-04-26 07:45:00,0.75,4.7,4.8999999999999995,7
2026-04-26 18:30:00,2026-04-26 20:15:00,2.0,5.0,5.4625,18
2026-04-26 22:45:00,2026-04-26 23:30:00,1.0,4.2,4.25,22
2026-04-27 13:30:00,2026-04-27 14:15:00,1.0,4.7,4.9,13
2026-04-28 12:00:00,2026-04-28 12:30:00,0.75,5.3,5.533333333333334,12
2026-04-29 01:00:00,2026-04-29 02:15:00,1.5,4.8,4.949999999999999,1
2026-04-29 21:15:00,2026-04-29 22:30:00,1.5,4.9,5.116666666666666,21
2026-04-30 09:00:00,2026-04-30 10:15:00,1.5,4.3,4.8,9
2026-04-30 13:30:00,2026-04-30 15:45:00,2.5,4.7,5.05,13
2026-05-02 14:30:00,2026-05-02 16:15:00,2.0,3.8,4.3375,14
2026-05-02 23:15:00,2026-05-03 00:30:00,1.5,4.6,4.800000000000001,23
2026-05-03 14:00:00,2026-05-03 15:00:00,1.25,5.4,5.659999999999999,14
2026-05-03 16:30:00,2026-05-03 17:45:00,1.5,5.9,6.066666666666666,16
2026-05-04 15:15:00,2026-05-04 18:15:00,3.25,5.6,6.430769230769233,15
2026-05-05 16:30:00,2026-05-05 19:00:00,2.75,6.4,6.863636363636363,16
2026-05-05 20:45:00,2026-05-05 21:00:00,0.5,6.0,6.15,20
2026-05-06 02:00:00,2026-05-06 02:30:00,0.75,5.4,5.566666666666667,2
2026-05-06 16:45:00,2026-05-06 17:30:00,1.0,5.4,6.449999999999999,16
2026-05-06 19:15:00,2026-05-06 19:30:00,0.5,6.9,7.1,19
2026-05-06 21:15:00,2026-05-06 21:45:00,0.75,5.6,6.133333333333333,21
2026-05-07 00:00:00,2026-05-07 02:45:00,3.0,5.6,6.108333333333333,0
2026-05-07 05:45:00,2026-05-07 07:15:00,1.75,3.8,4.542857142857143,5
2026-05-07 17:45:00,2026-05-07 19:00:00,1.5,5.5,5.933333333333334,17
2026-05-07 21:45:00,2026-05-07 23:00:00,1.5,5.8,6.216666666666666,21
2026-05-08 03:15:00,2026-05-08 07:00:00,4.0,3.2,4.725,3
2026-05-08 10:15:00,2026-05-08 10:45:00,0.75,5.3,5.566666666666666,10
2026-05-08 17:30:00,2026-05-08 18:45:00,1.5,6.4,6.716666666666666,17
2026-05-08 21:00:00,2026-05-08 23:15:00,2.5,5.9,6.3,21
2026-05-09 04:15:00,2026-05-09 04:45:00,0.75,5.2,5.3999999999999995,4
2026-05-09 07:45:00,2026-05-09 09:00:00,1.5,3.9,4.433333333333334,7
2026-05-09 11:15:00,2026-05-09 11:30:00,0.5,4.9,5.0,11
2026-05-09 14:45:00,2026-05-09 15:00:00,0.5,4.8,5.199999999999999,14
2026-05-09 19:00:00,2026-05-09 19:30:00,0.75,3.9,4.466666666666667,19
2026-05-10 03:15:00,2026-05-10 06:00:00,3.0,4.3,5.225,3
2026-05-10 07:30:00,2026-05-10 09:15:00,2.0,3.2,3.7,7
2026-05-10 12:15:00,2026-05-10 13:00:00,1.0,4.6,4.95,12
2026-05-10 15:15:00,2026-05-10 15:45:00,0.75,5.3,5.6000000000000005,15
2026-05-10 17:45:00,2026-05-10 19:15:00,1.75,5.3,5.6428571428571415,17
2026-05-10 20:45:00,2026-05-10 21:15:00,0.75,4.6,4.733333333333333,20
2026-05-11 03:45:00,2026-05-11 06:45:00,3.25,4.2,5.407692307692309,3
2026-05-11 09:15:00,2026-05-11 09:30:00,0.5,3.3,3.4,9
2026-05-11 12:45:00,2026-05-11 13:30:00,1.0,5.1,5.574999999999999,12
2026-05-11 19:15:00,2026-05-11 21:45:00,2.75,3.7,4.8909090909090915,19
2026-05-12 05:45:00,2026-05-12 09:45:00,4.25,3.8,4.894117647058824,5
2026-05-12 23:00:00,2026-05-12 23:15:00,0.5,4.3,4.4,23
2026-05-13 10:45:00,2026-05-13 11:30:00,1.0,4.5,4.725,10
2026-05-14 00:15:00,2026-05-14 00:30:00,0.5,3.8,3.9499999999999997,0
2026-05-14 07:15:00,2026-05-14 07:30:00,0.5,4.3,4.55,7
2026-05-14 12:30:00,2026-05-14 13:45:00,1.5,4.5,4.783333333333333,12
2026-05-14 20:15:00,2026-05-14 21:45:00,1.75,4.8,5.114285714285714,20
2026-05-15 08:15:00,2026-05-15 08:30:00,0.5,3.9,4.25,8
2026-05-15 13:15:00,2026-05-15 14:00:00,1.0,5.1,5.45,13
2026-05-16 02:15:00,2026-05-16 02:30:00,0.5,3.5,3.8,2
2026-05-16 18:15:00,2026-05-16 19:30:00,1.5,5.3,5.449999999999999,18
2026-05-16 21:45:00,2026-05-16 22:00:00,0.5,4.7,4.85,21
2026-05-17 03:00:00,2026-05-17 03:15:00,0.5,3.5,3.75,3
2026-05-17 15:00:00,2026-05-17 16:30:00,1.75,4.6,5.457142857142857,15
2026-05-17 22:45:00,2026-05-18 00:00:00,1.5,4.5,4.733333333333333,22
2026-05-18 03:45:00,2026-05-18 04:15:00,0.75,2.6,3.1666666666666665,3
2026-05-18 10:30:00,2026-05-18 10:45:00,0.5,3.6,3.8499999999999996,10
2026-05-18 14:15:00,2026-05-18 17:45:00,3.75,3.8,5.006666666666667,14
2026-05-18 20:00:00,2026-05-18 21:15:00,1.5,5.0,5.166666666666667,20
2026-05-18 23:30:00,2026-05-19 01:00:00,1.75,4.4,4.614285714285714,23
2026-05-19 04:45:00,2026-05-19 05:45:00,1.25,1.8,3.3600000000000003,4
2026-05-19 15:15:00,2026-05-19 16:45:00,1.75,4.6,4.957142857142857,15
2026-05-19 18:15:00,2026-05-19 18:30:00,0.5,5.6,5.75,18
2026-05-20 00:15:00,2026-05-20 00:30:00,0.5,4.6,4.699999999999999,0
2026-05-20 05:15:00,2026-05-20 05:30:00,0.5,3.3,3.45,5
2026-05-20 16:15:00,2026-05-20 19:00:00,3.0,4.8,5.533333333333332,16
2026-05-21 01:30:00,2026-05-21 03:00:00,1.75,4.3,4.671428571428572,1
2026-05-21 06:15:00,2026-05-21 07:00:00,1.0,3.2,3.4749999999999996,6
2026-05-21 17:15:00,2026-05-21 18:45:00,1.75,3.8,4.8999999999999995,17
2026-05-22 02:30:00,2026-05-22 04:00:00,1.75,4.2,4.542857142857142,2
2026-05-22 18:45:00,2026-05-22 19:45:00,1.25,4.1,4.5200000000000005,18
2026-05-23 04:45:00,2026-05-23 08:30:00,4.0,2.3,3.425,4
2026-05-23 17:15:00,2026-05-23 17:30:00,0.5,4.6,4.699999999999999,17
2026-05-24 04:15:00,2026-05-24 06:30:00,2.5,3.3,4.04,4
2026-05-24 08:00:00,2026-05-24 09:30:00,1.75,1.3,2.6285714285714286,8
2026-05-24 16:45:00,2026-05-24 23:45:00,7.25,2.6,3.896551724137931,16
2026-05-25 05:00:00,2026-05-25 09:15:00,4.5,2.5,3.4722222222222223,5
2026-05-25 18:00:00,2026-05-25 20:30:00,2.75,3.9,4.809090909090909,18
2026-05-25 22:30:00,2026-05-25 23:00:00,0.75,2.7,3.0666666666666664,22
2026-05-26 05:30:00,2026-05-26 07:45:00,2.5,3.2,4.11,5
2026-05-26 10:30:00,2026-05-26 11:00:00,0.75,2.9,3.033333333333333,10
2026-05-26 18:45:00,2026-05-26 21:30:00,3.0,3.8,5.008333333333334,18
2026-05-26 23:30:00,2026-05-27 00:00:00,0.75,3.1,3.3666666666666667,23
2026-05-27 06:15:00,2026-05-27 08:45:00,2.75,2.9,3.909090909090909,6
2026-05-27 11:15:00,2026-05-27 13:45:00,2.75,2.2,3.5818181818181816,11
2026-05-27 19:30:00,2026-05-27 22:15:00,3.0,3.7,4.933333333333333,19
2026-05-27 23:45:00,2026-05-28 02:30:00,3.0,3.1,3.4416666666666664,23
2026-05-28 07:15:00,2026-05-28 09:00:00,2.0,3.4,3.9624999999999995,7
2026-05-28 11:30:00,2026-05-28 12:30:00,1.25,3.0,3.4200000000000004,11
2026-05-28 14:00:00,2026-05-28 14:30:00,0.75,3.5,3.6999999999999997,14
2026-05-28 20:15:00,2026-05-29 01:15:00,5.25,1.6,3.6380952380952385,20
2026-05-29 08:00:00,2026-05-29 11:15:00,3.5,3.0,3.5000000000000004,8
2026-05-29 13:30:00,2026-05-29 17:15:00,4.0,3.8,4.3375,13
2026-05-29 21:15:00,2026-05-29 23:45:00,2.75,3.7,4.545454545454546,21
2026-05-30 01:45:00,2026-05-30 03:30:00,2.0,2.9,3.275,1
2026-05-30 08:30:00,2026-05-30 08:45:00,0.5,3.3,3.5,8
2026-05-30 13:30:00,2026-05-30 14:30:00,1.25,2.8,3.3600000000000003,13
2026-05-30 21:45:00,2026-05-30 23:30:00,2.0,3.7,4.275,21
2026-05-31 01:45:00,2026-05-31 02:15:00,0.75,3.1,3.1999999999999997,1
2026-05-31 13:45:00,2026-05-31 14:15:00,0.75,3.0,3.5,13
2026-05-31 22:30:00,2026-06-01 01:00:00,2.75,3.5,4.2272727272727275,22
2026-06-01 13:45:00,2026-06-01 16:45:00,3.25,3.3,3.5999999999999996,13
2026-06-01 23:00:00,2026-06-02 00:30:00,1.75,3.8,4.228571428571429,23
2026-06-02 03:45:00,2026-06-02 05:30:00,2.0,2.8,3.3875,3
2026-06-02 11:00:00,2026-06-02 11:15:00,0.5,3.4,3.55,11
2026-06-02 14:00:00,2026-06-02 15:15:00,1.5,2.7,3.383333333333333,14
2026-06-02 17:00:00,2026-06-02 17:30:00,0.75,4.5,4.666666666666667,17
2026-06-03 00:00:00,2026-06-03 02:30:00,2.75,3.8,4.5,0
2026-06-03 15:30:00,2026-06-03 18:45:00,3.5,4.0,5.735714285714287,15
2026-06-03 20:15:00,2026-06-03 20:45:00,0.75,5.2,5.433333333333334,20
2026-06-04 00:30:00,2026-06-04 03:00:00,2.75,4.3,5.081818181818182,0
2026-06-04 15:45:00,2026-06-04 17:00:00,1.5,5.6,5.800000000000001,15
2026-06-05 01:00:00,2026-06-05 02:45:00,2.0,4.8,5.25,1
2026-06-05 05:00:00,2026-06-05 06:00:00,1.25,3.8,4.0200000000000005,5
2026-06-05 12:30:00,2026-06-05 12:45:00,0.5,4.5,4.6,12
2026-06-05 15:00:00,2026-06-05 17:00:00,2.25,5.2,5.811111111111112,15
2026-06-05 19:30:00,2026-06-05 20:00:00,0.75,6.5,6.666666666666667,19
2026-06-05 21:30:00,2026-06-05 22:15:00,1.0,5.5,5.875,21
2026-06-06 01:30:00,2026-06-06 03:30:00,2.25,4.4,5.111111111111111,1
2026-06-06 06:30:00,2026-06-06 06:45:00,0.5,3.2,3.5,6
2026-06-06 10:00:00,2026-06-06 11:00:00,1.25,4.3,4.5600000000000005,10
2026-06-06 13:15:00,2026-06-06 13:30:00,0.5,4.3,4.65,13
2026-06-06 16:00:00,2026-06-06 16:30:00,0.75,5.2,5.433333333333334,16
2026-06-06 18:00:00,2026-06-06 18:15:00,0.5,4.4,4.75,18
2026-06-06 22:30:00,2026-06-06 23:30:00,1.25,5.2,5.5600000000000005,22
2026-06-07 01:00:00,2026-06-07 07:30:00,6.75,2.1,4.477777777777778,1
2026-06-07 11:30:00,2026-06-07 11:45:00,0.5,4.2,4.35,11
2026-06-07 14:15:00,2026-06-07 14:30:00,0.5,4.5,4.75,14
2026-06-07 16:30:00,2026-06-07 18:30:00,2.25,4.0,5.022222222222222,16
2026-06-07 23:30:00,2026-06-07 23:45:00,0.5,5.1,5.199999999999999,23
2026-06-08 02:15:00,2026-06-08 02:45:00,0.75,4.9,5.266666666666667,2
2026-06-08 04:15:00,2026-06-08 05:30:00,1.5,3.6,4.283333333333334,4
2026-06-08 07:00:00,2026-06-08 08:00:00,1.25,2.4,2.8,7
2026-06-08 11:30:00,2026-06-08 12:15:00,1.0,3.9,4.25,11
2026-06-08 15:15:00,2026-06-08 20:30:00,5.5,3.2,4.254545454545455,15
2026-06-09 03:15:00,2026-06-09 08:30:00,5.5,2.5,3.7318181818181824,3
2026-06-09 12:00:00,2026-06-09 12:30:00,0.75,3.7,3.9666666666666663,12
2026-06-09 16:30:00,2026-06-09 21:15:00,5.0,3.1,4.62,16
2026-06-10 04:30:00,2026-06-10 07:00:00,2.75,3.2,4.163636363636363,4
2026-06-10 08:30:00,2026-06-10 09:00:00,0.75,1.8,2.3333333333333335,8
2026-06-10 17:30:00,2026-06-10 21:30:00,4.25,3.2,4.6000000000000005,17
2026-06-11 05:30:00,2026-06-11 08:15:00,3.0,2.5,3.4999999999999996,5
2026-06-11 09:45:00,2026-06-11 10:45:00,1.25,1.8,2.2800000000000002,9
2026-06-11 13:00:00,2026-06-11 13:45:00,1.0,3.3,3.6,13
2026-06-11 18:30:00,2026-06-11 23:45:00,5.5,2.6,3.872727272727272,18
2026-06-12 06:15:00,2026-06-12 11:30:00,5.5,1.5,2.6181818181818177,6
2026-06-12 13:45:00,2026-06-12 15:30:00,2.0,2.7,3.3375000000000004,13
2026-06-12 19:30:00,2026-06-12 21:30:00,2.25,3.4,4.155555555555555,19
2026-06-12 23:45:00,2026-06-13 00:45:00,1.25,2.0,2.28,23
2026-06-13 11:30:00,2026-06-13 12:15:00,1.0,1.3,1.7,11
2026-06-13 14:00:00,2026-06-13 14:45:00,1.0,2.9,2.95,14
2026-06-13 20:30:00,2026-06-13 22:45:00,2.5,3.1,3.78,20
2026-06-14 01:00:00,2026-06-14 03:15:00,2.5,1.7,2.4000000000000004,1
2026-06-14 08:30:00,2026-06-14 08:45:00,0.5,2.2,2.35,8
2026-06-14 11:45:00,2026-06-14 13:30:00,2.0,1.2,2.1,11
2026-06-14 15:00:00,2026-06-14 15:30:00,0.75,3.2,3.3333333333333335,15
2026-06-14 21:30:00,2026-06-14 23:30:00,2.25,3.0,3.433333333333333,21
2026-06-15 02:00:00,2026-06-15 04:15:00,2.5,1.9,2.54,2
2026-06-15 12:00:00,2026-06-15 16:00:00,4.25,2.3,2.9000000000000004,12
2026-06-15 22:30:00,2026-06-16 00:30:00,2.25,3.2,3.7000000000000006,22
2026-06-16 03:00:00,2026-06-16 04:00:00,1.25,1.8,2.16,3
2026-06-16 14:15:00,2026-06-16 15:45:00,1.75,2.3,2.714285714285715,14
2026-06-16 23:30:00,2026-06-17 01:00:00,1.75,3.1,3.4714285714285715,23
2026-06-17 03:45:00,2026-06-17 04:45:00,1.25,1.3,2.2,3
2026-06-17 11:30:00,2026-06-17 11:45:00,0.5,2.4,2.65,11
2026-06-17 15:00:00,2026-06-17 16:30:00,1.75,2.6,3.0,15
2026-06-18 01:30:00,2026-06-18 02:00:00,0.75,3.5,3.6999999999999997,1
2026-06-18 04:30:00,2026-06-18 05:15:00,1.0,1.7,2.375,4
2026-06-18 12:15:00,2026-06-18 13:00:00,1.0,2.6,3.25,12
2026-06-18 15:15:00,2026-06-18 17:30:00,2.5,2.8,3.38,15
2026-06-19 01:15:00,2026-06-19 03:00:00,2.0,3.2,3.6875,1
2026-06-19 05:30:00,2026-06-19 08:30:00,3.25,2.4,2.923076923076923,5
2026-06-19 13:00:00,2026-06-19 15:00:00,2.25,2.7,3.2888888888888888,13
2026-06-19 17:00:00,2026-06-19 18:15:00,1.5,2.2,2.75,17
2026-06-19 22:30:00,2026-06-19 22:45:00,0.5,3.7,3.8,22
2026-06-20 02:00:00,2026-06-20 07:15:00,5.5,1.1,2.8454545454545457,2
2026-06-20 16:45:00,2026-06-20 17:15:00,0.75,3.2,3.366666666666667,16
2026-06-21 02:45:00,2026-06-21 04:30:00,2.0,3.2,3.6125,2
2026-06-21 07:45:00,2026-06-21 08:15:00,0.75,2.1,2.266666666666666,7
2026-06-21 15:30:00,2026-06-21 17:00:00,1.75,3.5,3.8999999999999995,15
2026-06-22 04:45:00,2026-06-22 05:45:00,1.25,2.7,3.04,4
2026-06-22 08:00:00,2026-06-22 08:30:00,0.75,2.2,2.3333333333333335,8
2026-06-22 18:00:00,2026-06-22 20:45:00,3.0,2.4,2.9499999999999997,18
2026-06-23 04:00:00,2026-06-23 05:45:00,2.0,2.6,3.3625,4
2026-06-23 08:30:00,2026-06-23 09:00:00,0.75,1.8,2.066666666666667,8
2026-06-23 13:00:00,2026-06-23 13:45:00,1.0,3.1,3.425,13
2026-06-23 17:00:00,2026-06-24 00:00:00,7.25,2.0,3.1551724137931028,17
2026-06-24 02:30:00,2026-06-24 02:45:00,0.5,3.4,3.5,2
2026-06-24 04:30:00,2026-06-24 11:30:00,7.25,1.3,2.879310344827586,4
2026-06-24 18:15:00,2026-06-24 23:15:00,5.25,2.5,4.057142857142857,18
2026-06-25 06:00:00,2026-06-25 08:00:00,2.25,2.5,3.433333333333333,6
2026-06-25 10:00:00,2026-06-25 11:15:00,1.5,2.2,2.466666666666667,10
2026-06-25 19:00:00,2026-06-25 22:00:00,3.25,2.9,4.423076923076923,19
2026-06-25 23:45:00,2026-06-26 00:45:00,1.25,2.4,2.58,23
2026-06-26 06:15:00,2026-06-26 08:30:00,2.5,2.3,3.1100000000000003,6
2026-06-26 11:00:00,2026-06-26 12:00:00,1.25,1.8,2.0799999999999996,11
2026-06-26 14:45:00,2026-06-26 15:45:00,1.25,3.2,3.6399999999999997,14
2026-06-26 20:00:00,2026-06-26 23:00:00,3.25,2.8,4.084615384615384,20
2026-06-27 00:30:00,2026-06-27 00:45:00,0.5,2.0,2.25,0
2026-06-27 06:15:00,2026-06-27 07:00:00,1.0,1.5,2.275,6
2026-06-27 08:45:00,2026-06-27 12:30:00,4.0,2.0,2.3812499999999996,8
2026-06-27 15:30:00,2026-06-27 16:30:00,1.25,3.3,3.94,15
2026-06-27 20:30:00,2026-06-28 03:30:00,7.25,1.2,3.251724137931035,20
2026-06-28 06:00:00,2026-06-28 08:15:00,2.5,2.0,2.9799999999999995,6
2026-06-28 10:00:00,2026-06-28 10:15:00,0.5,2.6,2.75,10
2026-06-28 13:00:00,2026-06-28 13:45:00,1.0,2.3,2.7750000000000004,13
2026-06-28 16:00:00,2026-06-28 17:00:00,1.25,3.6,4.5200000000000005,16
2026-06-28 21:15:00,2026-06-29 03:30:00,6.5,1.9,3.430769230769231,21
2026-06-29 08:45:00,2026-06-29 14:30:00,6.0,1.9,2.970833333333333,8
2026-06-29 16:45:00,2026-06-29 17:45:00,1.25,3.6,4.180000000000001,16
2026-06-29 22:00:00,2026-06-30 00:00:00,2.25,3.5,4.588888888888889,22
2026-06-30 02:30:00,2026-06-30 04:15:00,2.0,2.1,2.5875,2
2026-06-30 09:30:00,2026-06-30 11:00:00,1.75,2.0,3.3000000000000003,9
2026-06-30 14:30:00,2026-06-30 16:45:00,2.5,1.1,3.72,14
2026-06-30 22:30:00,2026-07-01 01:15:00,3.0,3.3,4.266666666666667,22
2026-07-01 04:00:00,2026-07-01 04:45:00,1.0,2.5,2.825,4
2026-07-01 17:00:00,2026-07-01 19:30:00,2.75,4.1,4.636363636363637,17
2026-07-01 23:15:00,2026-07-02 01:30:00,2.5,3.4,4.2299999999999995,23
2026-07-02 11:00:00,2026-07-02 11:30:00,0.75,3.3,3.4333333333333336,11
2026-07-02 14:45:00,2026-07-02 16:30:00,2.0,3.4,4.7875,14
2026-07-02 18:00:00,2026-07-02 20:15:00,2.5,4.5,5.35,18
2026-07-02 23:45:00,2026-07-03 01:30:00,2.0,3.7,4.3375,23
2026-07-03 04:15:00,2026-07-03 06:00:00,2.0,2.3,2.9125,4
2026-07-03 15:45:00,2026-07-03 17:00:00,1.5,4.6,5.316666666666666,15
2026-07-03 18:30:00,2026-07-03 21:00:00,2.75,4.7,5.618181818181819,18
2026-07-04 00:15:00,2026-07-04 02:30:00,2.5,3.5,4.159999999999999,0
2026-07-04 05:45:00,2026-07-04 07:30:00,2.0,2.4,2.8375,5
2026-07-04 15:00:00,2026-07-04 21:45:00,7.0,3.1,5.1464285714285705,15
2026-07-05 02:30:00,2026-07-05 08:00:00,5.75,2.3,3.082608695652174,2
2026-07-05 13:00:00,2026-07-05 13:15:00,0.5,3.0,3.25,13
2026-07-05 15:15:00,2026-07-05 20:30:00,5.5,3.6,4.413636363636364,15
2026-07-06 03:15:00,2026-07-06 07:00:00,4.0,1.1,2.7125000000000004,3
2026-07-06 13:30:00,2026-07-06 14:00:00,0.75,2.5,3.3000000000000003,13
2026-07-06 16:15:00,2026-07-06 19:45:00,3.75,3.2,4.413333333333333,16
2026-07-06 22:15:00,2026-07-06 23:30:00,1.5,4.2,4.733333333333333,22
2026-07-07 02:00:00,2026-07-07 07:15:00,5.5,1.0,3.3272727272727276,2
2026-07-07 11:00:00,2026-07-07 11:45:00,1.0,3.5,4.0,11
2026-07-07 15:00:00,2026-07-07 15:30:00,0.75,2.9,3.966666666666667,15
2026-07-07 17:15:00,2026-07-07 20:45:00,3.75,2.5,3.5933333333333333,17
2026-07-08 02:30:00,2026-07-08 08:15:00,6.0,0.8,3.116666666666667,2
2026-07-08 10:15:00,2026-07-08 12:30:00,2.5,2.7,3.96,10
2026-07-08 17:45:00,2026-07-08 23:00:00,5.5,2.2,3.2045454545454537,17
2026-07-09 03:30:00,2026-07-09 08:45:00,5.5,1.5,2.6499999999999995,3
2026-07-09 12:15:00,2026-07-09 13:15:00,1.25,3.7,3.94,12
2026-07-09 17:00:00,2026-07-10 00:45:00,8.0,1.3,3.3500000000000005,17
2026-07-10 04:45:00,2026-07-10 06:30:00,2.0,2.6,3.2125,4
2026-07-10 09:30:00,2026-07-10 10:30:00,1.25,1.6,1.8800000000000001,9
2026-07-10 13:30:00,2026-07-10 14:15:00,1.0,3.5,3.575,13
2026-07-10 18:15:00,2026-07-10 20:00:00,2.0,3.2,4.075,18
2026-07-10 22:00:00,2026-07-11 01:00:00,3.25,2.0,2.769230769230769,22
2026-07-11 05:45:00,2026-07-11 07:45:00,2.25,2.3,2.7222222222222228,5
2026-07-11 11:15:00,2026-07-11 13:00:00,2.0,1.7,2.1625,11
2026-07-11 19:00:00,2026-07-11 21:30:00,2.75,3.0,3.7,19
2026-07-11 23:30:00,2026-07-12 01:00:00,1.75,1.0,2.3,23
2026-07-12 08:15:00,2026-07-12 08:30:00,0.5,2.4,2.5,8
2026-07-12 12:15:00,2026-07-12 14:00:00,2.0,2.1,2.6125,12
2026-07-13 00:30:00,2026-07-13 02:15:00,2.0,1.7,2.4749999999999996,0
2026-07-13 08:15:00,2026-07-13 08:30:00,0.5,1.8,2.2,8
2026-07-13 14:45:00,2026-07-13 15:00:00,0.5,2.9,3.05,14
2026-07-14 02:30:00,2026-07-14 03:30:00,1.25,2.4,2.72,2
2026-07-14 14:30:00,2026-07-14 16:45:00,2.5,2.1,3.12,14
2026-07-15 03:30:00,2026-07-15 04:45:00,1.5,1.9,2.4999999999999996,3
2026-07-15 15:00:00,2026-07-15 15:45:00,1.0,2.3,2.6500000000000004,15
2026-07-16 04:15:00,2026-07-16 05:15:00,1.25,1.7,2.3200000000000003,4
2026-07-16 15:15:00,2026-07-16 16:15:00,1.25,3.7,3.8800000000000003,15
2026-07-16 20:30:00,2026-07-16 22:00:00,1.75,3.2,3.4999999999999996,20
2026-07-16 23:45:00,2026-07-17 00:00:00,0.5,2.4,2.65,23
2026-07-17 04:30:00,2026-07-17 05:00:00,0.75,1.9,2.1999999999999997,4
2026-07-17 12:15:00,2026-07-17 12:30:00,0.5,1.7,2.1,12
2026-07-17 23:00:00,2026-07-18 00:45:00,2.0,2.9,3.3,23
2026-07-18 05:00:00,2026-07-18 05:45:00,1.0,2.1,2.275,5
2026-07-18 18:00:00,2026-07-18 18:15:00,0.5,3.6,3.8499999999999996,18
2026-07-19 01:30:00,2026-07-19 03:45:00,2.5,3.0,3.5799999999999996,1
2026-07-19 05:15:00,2026-07-19 06:30:00,1.5,1.8,2.4833333333333334,5
2026-07-19 13:30:00,2026-07-19 14:00:00,0.75,3.5,3.6666666666666665,13
2026-07-19 16:30:00,2026-07-19 19:00:00,2.75,2.7,4.309090909090909,16
2026-07-20 02:00:00,2026-07-20 07:00:00,5.25,1.8,3.3047619047619046,2
2026-07-20 09:15:00,2026-07-20 11:45:00,2.75,2.9,3.290909090909091,9
2026-07-20 14:30:00,2026-07-20 15:15:00,1.0,3.4,3.9499999999999997,14
2026-07-20 17:15:00,2026-07-20 20:30:00,3.5,2.8,3.907142857142857,17
2026-07-21 02:15:00,2026-07-21 08:30:00,6.5,1.9,3.073076923076923,2
2026-07-21 17:15:00,2026-07-21 22:00:00,5.0,3.5,4.3,17
2026-07-22 03:00:00,2026-07-22 13:00:00,10.25,1.1,3.2000000000000006,3
2026-07-22 15:45:00,2026-07-22 22:30:00,7.0,2.1,4.0321428571428575,15
2026-07-23 03:45:00,2026-07-23 10:15:00,6.75,1.1,2.9703703703703703,3
2026-07-23 12:30:00,2026-07-23 13:30:00,1.25,3.6,4.26,12
2026-07-23 17:00:00,2026-07-23 17:15:00,0.5,4.2,4.6,17
2026-07-23 18:45:00,2026-07-23 20:00:00,1.5,3.6,4.233333333333333,18
2026-07-23 21:45:00,2026-07-23 23:00:00,1.5,2.0,2.6333333333333333,21
2026-07-24 04:45:00,2026-07-24 08:15:00,3.75,2.3,3.253333333333333,4
2026-07-24 09:45:00,2026-07-24 10:00:00,0.5,1.5,1.65,9
2026-07-24 13:15:00,2026-07-24 14:30:00,1.5,3.3,3.8833333333333333,13
2026-07-24 18:15:00,2026-07-24 21:00:00,3.0,3.2,4.325,18
2026-07-24 22:30:00,2026-07-24 23:30:00,1.25,1.5,2.24,22
2026-07-25 05:45:00,2026-07-25 11:45:00,6.25,1.2,2.48,5
2026-07-25 14:30:00,2026-07-25 15:15:00,1.0,2.9,3.175,14
2026-07-25 19:00:00,2026-07-26 01:30:00,6.75,1.7,2.9962962962962965,19
2026-07-26 06:30:00,2026-07-26 08:30:00,2.25,2.0,2.933333333333333,6
2026-07-26 15:00:00,2026-07-26 15:30:00,0.75,2.8,3.0666666666666664,15
2026-07-26 21:30:00,2026-07-26 22:45:00,1.5,2.8,3.316666666666667,21
2026-07-27 01:00:00,2026-07-27 02:00:00,1.25,2.1,2.36,1
2026-07-27 08:00:00,2026-07-27 09:45:00,2.0,2.1,2.75,8
2026-07-27 13:30:00,2026-07-27 13:45:00,0.5,2.4,2.55,13
2026-07-27 21:00:00,2026-07-27 23:15:00,2.5,2.7,3.2600000000000002,21
2026-07-28 02:00:00,2026-07-28 03:30:00,1.75,2.1,2.357142857142857,2
2026-07-28 08:30:00,2026-07-28 08:45:00,0.5,2.3,2.5,8
2026-07-28 13:45:00,2026-07-28 14:15:00,0.75,2.4,2.9333333333333336,13
2026-07-28 21:30:00,2026-07-28 21:45:00,0.5,3.1,3.3,21
2026-07-29 02:00:00,2026-07-29 03:45:00,2.0,1.9,2.225,2
2026-07-29 09:00:00,2026-07-29 09:15:00,0.5,1.8,2.15,9
2026-07-29 14:00:00,2026-07-29 15:00:00,1.25,2.3,2.8600000000000003,14
2026-07-29 16:45:00,2026-07-29 17:30:00,1.0,3.3,3.55,16
2026-07-29 21:45:00,2026-07-29 23:30:00,2.0,2.5,3.5124999999999997,21
2026-07-30 03:00:00,2026-07-30 03:30:00,0.75,1.7,1.9333333333333336,3
2026-07-30 10:00:00,2026-07-30 10:15:00,0.5,2.0,2.35,10
2026-07-30 14:45:00,2026-07-30 19:15:00,4.75,2.0,3.8684210526315788,14
2026-07-30 22:45:00,2026-07-31 00:30:00,2.0,3.2,3.5625,22
2026-07-31 03:45:00,2026-07-31 04:00:00,0.5,1.9,2.2,3
2026-07-31 10:45:00,2026-07-31 11:00:00,0.5,1.9,2.4,10
2026-07-31 14:15:00,2026-07-31 16:00:00,2.0,1.3,3.3,14
2026-07-31 23:30:00,2026-08-01 01:15:00,2.0,3.1,3.4375,23
2026-08-01 03:30:00,2026-08-01 04:45:00,1.5,2.3,2.516666666666666,3
2026-08-01 14:45:00,2026-08-01 19:45:00,5.25,3.0,3.8952380952380956,14
2026-08-02 00:00:00,2026-08-02 05:30:00,5.75,2.0,2.747826086956522,0
2026-08-02 11:30:00,2026-08-02 18:45:00,7.5,1.5,3.0333333333333328,11
2026-08-03 00:30:00,2026-08-03 06:15:00,6.0,0.7,2.3625,0
2026-08-03 15:15:00,2026-08-03 19:00:00,4.0,1.4,2.375,15
2026-08-04 01:00:00,2026-08-04 07:15:00,6.5,0.9,2.2461538461538457,1
2026-08-04 13:00:00,2026-08-04 13:30:00,0.75,2.2,2.566666666666667,13
2026-08-04 15:45:00,2026-08-04 19:15:00,3.75,1.7,2.753333333333333,15
2026-08-05 01:30:00,2026-08-05 07:00:00,5.75,1.2,2.482608695652174,1
2026-08-05 17:00:00,2026-08-05 19:30:00,2.75,2.3,2.727272727272727,17
2026-08-06 02:00:00,2026-08-06 02:15:00,0.5,2.6,2.9000000000000004,2
2026-08-06 04:00:00,2026-08-06 04:45:00,1.0,2.4,2.6,4
2026-08-06 06:30:00,2026-08-06 07:30:00,1.25,1.4,1.7599999999999998,6
2026-08-06 18:15:00,2026-08-06 18:30:00,0.5,3.0,3.1,18
2026-08-06 20:00:00,2026-08-06 21:45:00,2.0,1.5,2.4125000000000005,20
2026-08-07 03:15:00,2026-08-07 09:30:00,6.5,1.5,2.2038461538461536,3
2026-08-07 19:00:00,2026-08-07 20:30:00,1.75,2.5,3.0428571428571423,19
2026-08-08 04:00:00,2026-08-08 11:00:00,7.25,1.1,2.1379310344827585,4
2026-08-08 17:45:00,2026-08-08 20:15:00,2.75,2.6,3.1,17
2026-08-08 21:45:00,2026-08-09 00:15:00,2.75,1.6,2.0636363636363635,21
2026-08-09 05:45:00,2026-08-09 07:15:00,1.75,2.2,2.442857142857143,5
2026-08-09 12:00:00,2026-08-09 13:00:00,1.25,1.9,2.1399999999999997,12
2026-08-09 19:00:00,2026-08-09 20:00:00,1.25,3.0,3.1599999999999997,19
2026-08-09 23:15:00,2026-08-10 00:15:00,1.25,1.8,2.16,23
2026-08-10 10:45:00,2026-08-10 13:45:00,3.25,1.3,2.1923076923076925,10
2026-08-10 15:15:00,2026-08-10 16:45:00,1.75,2.4,2.8714285714285714,15
2026-08-11 00:15:00,2026-08-11 03:00:00,3.0,1.3,2.525,0
2026-08-11 08:00:00,2026-08-11 08:15:00,0.5,2.0,2.25,8
2026-08-11 11:30:00,2026-08-11 12:15:00,1.0,2.3,2.4749999999999996,11
2026-08-11 14:15:00,2026-08-11 14:45:00,0.75,2.6,2.8333333333333335,14
2026-08-11 16:30:00,2026-08-11 17:30:00,1.25,3.1,3.2400000000000007,16
2026-08-12 01:30:00,2026-08-12 03:00:00,1.75,1.9,2.4,1
2026-08-12 08:45:00,2026-08-12 09:15:00,0.75,2.0,2.3666666666666667,8
2026-08-12 14:15:00,2026-08-12 14:30:00,0.5,2.3,2.65,14
2026-08-12 17:15:00,2026-08-12 18:30:00,1.5,3.4,3.5999999999999996,17
2026-08-13 02:30:00,2026-08-13 02:45:00,0.5,1.8,2.05,2
2026-08-13 14:15:00,2026-08-13 17:00:00,3.0,3.3,3.733333333333333,14
2026-08-14 04:45:00,2026-08-14 05:30:00,1.0,2.4,2.525,4
2026-08-14 15:15:00,2026-08-14 16:15:00,1.25,2.6,3.7199999999999998,15
2026-08-15 03:45:00,2026-08-15 04:15:00,0.75,2.1,2.3333333333333335,3
2026-08-15 15:30:00,2026-08-15 17:00:00,1.75,3.0,3.928571428571428,15
2026-08-16 04:00:00,2026-08-16 05:15:00,1.5,2.0,2.4666666666666663,4
2026-08-16 16:45:00,2026-08-16 17:45:00,1.25,3.2,3.4200000000000004,16
2026-08-17 04:30:00,2026-08-17 06:15:00,2.0,2.0,2.3625,4
2026-08-17 16:30:00,2026-08-17 18:30:00,2.25,3.0,3.755555555555555,16
2026-08-18 01:00:00,2026-08-18 06:15:00,5.5,1.6,2.7863636363636366,1
2026-08-18 14:15:00,2026-08-18 14:30:00,0.5,2.6,3.1,14
2026-08-18 16:45:00,2026-08-18 17:45:00,1.25,3.3,3.72,16
2026-08-18 19:15:00,2026-08-18 20:00:00,1.0,2.8,3.4,19
2026-08-19 01:30:00,2026-08-19 05:00:00,3.75,2.3,3.1133333333333337,1
2026-08-19 06:45:00,2026-08-19 07:15:00,0.75,0.8,1.133333333333333,6
2026-08-19 10:15:00,2026-08-19 10:30:00,0.5,2.9,3.0,10
2026-08-19 17:30:00,2026-08-19 20:00:00,2.75,3.1,3.8000000000000003,17
2026-08-20 02:15:00,2026-08-20 05:00:00,3.0,2.2,3.3416666666666663,2
2026-08-20 07:00:00,2026-08-20 08:15:00,1.5,1.1,1.5833333333333333,7
2026-08-20 11:15:00,2026-08-20 11:30:00,0.5,2.9,3.0,11
2026-08-20 18:15:00,2026-08-20 19:00:00,1.0,3.8,4.05,18
2026-08-20 20:45:00,2026-08-20 22:15:00,1.75,2.3,2.871428571428571,20
2026-08-20 23:45:00,2026-08-21 00:00:00,0.5,2.9,3.0999999999999996,23
2026-08-21 03:00:00,2026-08-21 09:00:00,6.25,1.5,2.608,3
2026-08-21 11:30:00,2026-08-21 12:30:00,1.25,2.8,3.2399999999999998,11
2026-08-21 16:30:00,2026-08-21 16:45:00,0.5,2.4,3.05,16
2026-08-21 18:30:00,2026-08-21 21:15:00,3.0,2.6,3.1666666666666665,18
2026-08-22 01:45:00,2026-08-22 02:15:00,0.75,2.9,3.0,1
2026-08-22 03:45:00,2026-08-22 06:00:00,2.5,1.9,2.9000000000000004,3
2026-08-22 07:45:00,2026-08-22 09:15:00,1.75,1.4,2.0571428571428574,7
2026-08-22 12:45:00,2026-08-22 13:15:00,0.75,3.1,3.4,12
2026-08-22 17:30:00,2026-08-22 19:15:00,2.0,3.8,4.3,17
2026-08-22 21:30:00,2026-08-23 04:00:00,6.75,2.4,3.588888888888889,21
2026-08-23 05:30:00,2026-08-23 06:00:00,0.75,3.0,3.3333333333333335,5
2026-08-23 08:00:00,2026-08-23 09:45:00,2.0,1.8,2.7125,8
2026-08-23 13:30:00,2026-08-23 14:30:00,1.25,3.3,4.0,13
2026-08-23 18:00:00,2026-08-23 23:45:00,6.0,1.7,3.370833333333333,18
2026-08-24 06:15:00,2026-08-24 08:15:00,2.25,2.2,3.022222222222222,6
2026-08-24 11:15:00,2026-08-24 11:45:00,0.75,1.0,1.7333333333333334,11
2026-08-24 15:00:00,2026-08-24 15:15:00,0.5,2.9,3.2,15
2026-08-24 19:15:00,2026-08-25 01:30:00,6.5,1.2,2.680769230769231,19
2026-08-25 07:15:00,2026-08-25 09:00:00,2.0,2.3,2.9625,7
