mulai,selesai,durasi_jam,nilai_min,nilai_rata,jam_mulai
2021-01-01 17:00:00,2021-01-01 18:00:00,1.25,8.9,9.1,17
2021-01-03 06:45:00,2021-01-03 09:00:00,2.5,8.3,8.47,6
2021-01-03 20:15:00,2021-01-03 21:30:00,1.5,8.4,8.683333333333334,20
2021-01-04 08:45:00,2021-01-04 11:00:00,2.5,7.9,8.100000000000001,8
2021-01-04 13:45:00,2021-01-04 14:00:00,0.5,8.6,8.75,13
2021-01-04 16:15:00,2021-01-04 17:15:00,1.25,9.0,9.38,16
2021-01-04 21:00:00,2021-01-04 22:15:00,1.5,8.1,8.366666666666665,21
2021-01-05 00:15:00,2021-01-05 01:00:00,1.0,8.0,8.075,0
2021-01-05 22:15:00,2021-01-05 23:00:00,1.0,8.2,8.3,22
2021-01-06 11:15:00,2021-01-06 14:00:00,3.0,7.9,8.091666666666667,11
2021-01-06 17:30:00,2021-01-06 20:00:00,2.75,8.6,9.018181818181818,17
2021-01-07 22:45:00,2021-01-07 23:45:00,1.25,8.4,8.540000000000001,22
2021-01-08 04:15:00,2021-01-08 05:30:00,1.5,8.0,8.216666666666667,4
2021-01-08 11:45:00,2021-01-08 13:45:00,2.25,8.0,8.2,11
2021-01-09 13:00:00,2021-01-09 14:45:00,2.0,8.1,8.5,13
2021-01-10 15:00:00,2021-01-10 15:30:00,0.75,8.2,8.433333333333334,15
2021-01-17 08:30:00,2021-01-17 10:00:00,1.75,8.3,8.457142857142857,8
2021-01-17 16:00:00,2021-01-17 17:00:00,1.25,9.3,9.52,16
2021-01-17 18:30:00,2021-01-17 22:00:00,3.75,8.4,8.879999999999999,18
2021-01-18 12:15:00,2021-01-18 13:00:00,1.0,8.9,9.299999999999999,12
2021-01-18 15:00:00,2021-01-18 17:15:00,2.5,9.5,9.65,15
2021-01-18 19:00:00,2021-01-18 19:30:00,0.75,9.0,9.166666666666666,19
2021-01-18 23:00:00,2021-01-18 23:30:00,0.75,8.7,8.8,23
2021-01-19 10:00:00,2021-01-19 12:00:00,2.25,8.5,8.822222222222223,10
2021-01-19 16:30:00,2021-01-19 17:15:00,1.0,9.4,9.725000000000001,16
2021-01-19 19:30:00,2021-01-19 21:15:00,2.0,9.2,9.475,19
2021-01-19 22:45:00,2021-01-20 00:15:00,1.75,8.7,9.042857142857143,22
2021-01-20 12:15:00,2021-01-20 13:00:00,1.0,9.3,9.55,12
2021-01-20 16:00:00,2021-01-20 18:00:00,2.25,9.8,10.155555555555555,16
2021-01-20 23:30:00,2021-01-21 01:15:00,2.0,8.7,9.0,23
2021-01-21 13:30:00,2021-01-21 14:30:00,1.25,8.9,9.02,13
2021-01-21 16:30:00,2021-01-21 18:00:00,1.75,9.9,10.085714285714287,16
2021-01-21 21:15:00,2021-01-21 21:45:00,0.75,9.4,9.5,21
2021-01-22 02:45:00,2021-01-22 04:00:00,1.5,8.7,8.866666666666667,2
2021-01-22 14:15:00,2021-01-22 15:00:00,1.0,8.6,8.825000000000001,14
2021-01-22 22:15:00,2021-01-23 00:45:00,2.75,9.2,9.436363636363637,22
2021-01-23 02:15:00,2021-01-23 02:45:00,0.75,8.7,8.9,2
2021-01-23 15:30:00,2021-01-23 19:45:00,4.5,8.6,9.816666666666666,15
2021-01-23 23:00:00,2021-01-24 04:15:00,5.5,8.4,9.063636363636364,23
2021-01-24 13:30:00,2021-01-24 18:00:00,4.75,8.8,9.394736842105264,13
2021-01-24 20:15:00,2021-01-24 21:00:00,1.0,9.8,9.95,20
2021-01-24 23:30:00,2021-01-25 00:45:00,1.5,9.0,9.266666666666667,23
2021-01-25 02:15:00,2021-01-25 03:15:00,1.25,8.6,8.82,2
2021-01-25 14:15:00,2021-01-25 17:15:00,3.25,8.6,8.953846153846154,14
2021-01-26 00:45:00,2021-01-26 02:00:00,1.5,8.7,9.033333333333333,0
2021-01-26 04:00:00,2021-01-26 04:45:00,1.0,8.7,8.8,4
2021-01-26 16:15:00,2021-01-26 17:00:00,1.0,8.7,8.899999999999999,16
2021-01-27 01:00:00,2021-01-27 02:15:00,1.5,8.7,9.016666666666666,1
2021-01-27 14:15:00,2021-01-27 17:00:00,3.0,8.6,8.8,14
2021-01-28 05:00:00,2021-01-28 06:15:00,1.5,8.3,8.516666666666666,5
2021-01-28 18:30:00,2021-01-28 20:30:00,2.25,8.3,8.7,18
2021-01-29 16:45:00,2021-01-29 18:45:00,2.25,8.6,9.011111111111111,16
2021-02-01 20:15:00,2021-02-01 21:30:00,1.5,8.4,8.633333333333333,20
2021-02-02 09:00:00,2021-02-02 11:30:00,2.75,8.5,8.618181818181817,9
2021-02-02 20:45:00,2021-02-02 21:30:00,1.0,8.8,9.075,20
2021-02-03 10:15:00,2021-02-03 12:45:00,2.75,8.6,8.89090909090909,10
2021-02-03 15:00:00,2021-02-03 20:15:00,5.5,9.4,9.913636363636364,15
2021-02-04 00:00:00,2021-02-04 00:45:00,1.0,8.8,8.925,0
2021-02-04 10:00:00,2021-02-04 11:00:00,1.25,8.9,9.32,10
2021-02-04 15:15:00,2021-02-04 16:45:00,1.75,9.9,10.314285714285715,15
2021-02-04 20:15:00,2021-02-04 23:45:00,3.75,9.0,9.46,20
2021-02-05 12:30:00,2021-02-05 13:15:00,1.0,8.9,9.075,12
2021-02-05 23:15:00,2021-02-06 02:45:00,3.75,8.8,9.146666666666668,23
2021-02-06 12:30:00,2021-02-06 17:30:00,5.25,8.8,9.200000000000001,12
2021-02-07 02:30:00,2021-02-07 03:45:00,1.5,8.8,8.9,2
2021-02-07 12:30:00,2021-02-07 13:00:00,0.75,9.3,9.566666666666668,12
2021-02-07 15:00:00,2021-02-07 20:15:00,5.5,9.1,9.80909090909091,15
2021-02-08 15:00:00,2021-02-08 16:00:00,1.25,9.0,9.3,15
2021-02-09 00:15:00,2021-02-09 01:15:00,1.25,9.3,9.440000000000001,0
2021-02-09 06:00:00,2021-02-09 06:45:00,1.0,8.8,8.95,6
2021-02-09 14:00:00,2021-02-09 16:30:00,2.75,8.9,9.245454545454544,14
2021-02-10 17:00:00,2021-02-10 17:15:00,0.5,8.9,9.0,17
2021-02-11 02:45:00,2021-02-11 04:30:00,2.0,8.9,8.9875,2
2021-02-12 03:30:00,2021-02-12 04:00:00,0.75,8.7,8.833333333333334,3
2021-02-12 18:00:00,2021-02-12 19:15:00,1.5,8.8,8.966666666666667,18
2021-02-16 08:00:00,2021-02-16 08:45:00,1.0,8.9,9.0,8
2021-02-16 14:45:00,2021-02-16 16:15:00,1.75,9.7,9.857142857142858,14
2021-02-16 18:15:00,2021-02-16 18:45:00,0.75,9.4,9.566666666666665,18
2021-02-17 09:00:00,2021-02-17 11:15:00,2.5,8.9,9.31,9
2021-02-17 21:45:00,2021-02-17 23:45:00,2.25,8.8,9.222222222222221,21
2021-02-18 13:00:00,2021-02-18 14:15:00,1.5,9.0,9.1,13
2021-02-18 23:15:00,2021-02-19 00:45:00,1.75,8.7,8.957142857142857,23
2021-02-19 12:00:00,2021-02-19 12:15:00,0.5,9.1,9.2,12
2021-02-19 18:45:00,2021-02-19 20:30:00,2.0,9.2,9.4,18
2021-02-19 22:00:00,2021-02-19 23:00:00,1.25,9.1,9.26,22
2021-02-20 08:30:00,2021-02-20 11:45:00,3.5,9.2,9.37857142857143,8
2021-02-20 16:15:00,2021-02-20 19:45:00,3.75,9.5,10.093333333333334,16
2021-02-20 22:00:00,2021-02-20 22:45:00,1.0,9.5,9.649999999999999,22
2021-02-21 10:45:00,2021-02-21 12:00:00,1.5,9.4,9.583333333333334,10
2021-02-21 22:15:00,2021-02-22 00:15:00,2.25,9.4,9.655555555555557,22
2021-02-22 09:45:00,2021-02-22 10:30:00,1.0,9.4,9.525,9
2021-02-23 16:00:00,2021-02-23 16:15:00,0.5,9.6,9.7,16
2021-02-23 18:00:00,2021-02-23 19:15:00,1.5,9.3,9.766666666666666,18
2021-02-24 12:30:00,2021-02-24 13:30:00,1.25,9.4,9.559999999999999,12
2021-02-24 17:00:00,2021-02-24 18:15:00,1.5,9.0,9.25,17
2021-02-25 12:30:00,2021-02-25 18:00:00,5.75,9.0,9.365217391304347,12
2021-02-26 01:45:00,2021-02-26 03:00:00,1.5,9.0,9.183333333333334,1
2021-02-26 16:30:00,2021-02-26 17:15:00,1.0,9.1,9.25,16
2021-02-27 12:30:00,2021-02-27 13:15:00,1.0,9.5,9.6,12
2021-02-27 16:00:00,2021-02-27 17:00:00,1.25,9.2,9.3,16
2021-02-28 03:45:00,2021-02-28 05:30:00,2.0,8.5,8.8,3
2021-03-01 04:15:00,2021-03-01 05:00:00,1.0,8.2,8.3,4
2021-03-03 15:45:00,2021-03-03 16:45:00,1.25,8.8,8.940000000000001,15
2021-03-04 15:30:00,2021-03-04 18:15:00,3.0,8.6,9.066666666666666,15
2021-03-04 20:45:00,2021-03-04 21:45:00,1.25,8.2,8.34,20
2021-03-05 00:00:00,2021-03-05 01:15:00,1.5,8.5,8.616666666666667,0
2021-03-05 15:45:00,2021-03-05 18:30:00,3.0,8.9,9.216666666666667,15
2021-03-05 20:15:00,2021-03-05 22:00:00,2.0,8.4,8.55,20
2021-03-06 17:15:00,2021-03-06 17:45:00,0.75,9.0,9.200000000000001,17
2021-03-07 00:00:00,2021-03-07 01:15:00,1.5,8.4,8.483333333333333,0
2021-03-07 14:45:00,2021-03-07 17:30:00,3.0,8.5,9.091666666666665,14
2021-03-07 19:00:00,2021-03-07 20:15:00,1.5,9.0,9.366666666666665,19
2021-03-08 03:30:00,2021-03-08 04:15:00,1.0,8.9,8.975,3
2021-03-08 13:45:00,2021-03-08 14:30:00,1.0,8.7,8.875,13
2021-03-09 05:00:00,2021-03-09 07:30:00,2.75,8.8,9.018181818181818,5
2021-03-11 13:45:00,2021-03-11 14:30:00,1.0,8.9,9.049999999999999,13
2021-03-12 03:00:00,2021-03-12 03:45:00,1.0,8.5,8.575,3
2021-03-12 12:15:00,2021-03-12 13:15:00,1.25,9.0,9.08,12
2021-03-12 20:45:00,2021-03-12 21:30:00,1.0,8.8,8.9,20
2021-03-13 07:00:00,2021-03-13 08:30:00,1.75,8.5,8.7,7
2021-03-13 15:30:00,2021-03-13 16:15:00,1.0,8.7,8.850000000000001,15
2021-03-15 17:45:00,2021-03-15 18:45:00,1.25,8.3,8.48,17
2021-03-16 13:45:00,2021-03-16 14:15:00,0.75,8.7,8.8,13
2021-03-16 18:45:00,2021-03-16 19:00:00,0.5,8.0,8.1,18
2021-03-17 18:00:00,2021-03-17 20:15:00,2.5,7.6,7.9399999999999995,18
2021-03-18 06:00:00,2021-03-18 06:45:00,1.0,7.7,7.875,6
2021-03-18 10:45:00,2021-03-18 13:15:00,2.75,8.0,8.336363636363636,10
2021-03-18 19:15:00,2021-03-18 20:30:00,1.5,7.7,7.783333333333334,19
2021-03-19 08:30:00,2021-03-19 10:45:00,2.5,7.5,7.860000000000001,8
2021-03-19 22:00:00,2021-03-20 00:15:00,2.5,7.6,7.949999999999998,22
2021-03-20 13:00:00,2021-03-20 16:30:00,3.75,8.4,9.293333333333331,13
2021-03-21 00:00:00,2021-03-21 00:45:00,1.0,7.8,8.125,0
2021-03-21 15:00:00,2021-03-21 15:30:00,0.75,8.3,8.466666666666667,15
2021-03-22 15:15:00,2021-03-22 22:30:00,7.5,8.4,9.216666666666667,15
2021-03-23 01:45:00,2021-03-23 02:30:00,1.0,8.3,8.375,1
2021-03-23 09:00:00,2021-03-23 10:00:00,1.25,8.1,8.379999999999999,9
2021-03-23 13:00:00,2021-03-23 16:30:00,3.75,8.2,8.38,13
2021-03-23 19:30:00,2021-03-23 20:15:00,1.0,8.7,8.850000000000001,19
2021-03-23 23:45:00,2021-03-24 03:00:00,3.5,7.9,8.071428571428573,23
2021-03-24 12:00:00,2021-03-24 15:30:00,3.75,8.1,8.273333333333333,12
2021-03-25 12:30:00,2021-03-25 14:30:00,2.25,7.7,7.8999999999999995,12
2021-03-26 00:15:00,2021-03-26 00:30:00,0.5,7.3,7.4,0
2021-03-26 13:30:00,2021-03-26 18:00:00,4.75,7.2,7.684210526315789,13
2021-03-27 00:15:00,2021-03-27 02:30:00,2.5,7.2,7.37,0
2021-03-27 13:45:00,2021-03-27 14:45:00,1.25,7.3,7.5200000000000005,13
2021-03-27 23:45:00,2021-03-28 04:00:00,4.5,6.6,7.127777777777778,23
2021-03-28 14:45:00,2021-03-28 15:45:00,1.25,7.0,7.279999999999999,14
2021-03-29 15:30:00,2021-03-29 17:00:00,1.75,7.2,7.385714285714286,15
2021-03-29 19:30:00,2021-03-29 22:45:00,3.5,7.6,7.9071428571428575,19
2021-03-30 04:45:00,2021-03-30 05:30:00,1.0,6.5,6.65,4
2021-03-30 23:00:00,2021-03-30 23:45:00,1.0,7.4,7.525,23
2021-03-31 05:15:00,2021-03-31 05:45:00,0.75,6.3,6.433333333333334,5
2021-03-31 17:00:00,2021-03-31 19:30:00,2.75,6.6,6.990909090909091,17
2021-03-31 23:30:00,2021-04-01 00:00:00,0.75,7.2,7.366666666666667,23
2021-04-01 16:00:00,2021-04-01 18:30:00,2.75,7.3,7.6,16
2021-04-01 20:15:00,2021-04-01 21:15:00,1.25,7.0,7.06,20
2021-04-02 07:15:00,2021-04-02 09:00:00,2.0,7.4,7.637499999999999,7
2021-04-02 10:45:00,2021-04-02 14:15:00,3.75,7.3,7.873333333333333,10
2021-04-02 18:15:00,2021-04-02 18:30:00,0.5,7.9,8.05,18
2021-04-03 10:00:00,2021-04-03 10:45:00,1.0,7.3,7.45,10
2021-04-03 13:30:00,2021-04-03 22:30:00,9.25,7.5,8.218918918918922,13
2021-04-04 02:00:00,2021-04-04 03:00:00,1.25,7.6,7.68,2
2021-04-04 11:00:00,2021-04-04 12:00:00,1.25,7.5,7.8199999999999985,11
2021-04-04 17:00:00,2021-04-04 19:15:00,2.5,8.1,8.62,17
2021-04-04 23:45:00,2021-04-05 00:15:00,0.75,7.3,7.433333333333334,23
2021-04-05 19:00:00,2021-04-05 20:00:00,1.25,8.1,8.34,19
2021-04-05 23:00:00,2021-04-06 01:15:00,2.5,7.4,7.63,23
2021-04-06 13:30:00,2021-04-06 15:15:00,2.0,7.5,7.7875,13
2021-04-06 17:30:00,2021-04-06 18:00:00,0.75,8.3,8.600000000000001,17
2021-04-07 00:15:00,2021-04-07 02:30:00,2.5,7.2,7.58,0
2021-04-07 13:15:00,2021-04-07 17:15:00,4.25,7.3,7.641176470588236,13
2021-04-08 00:30:00,2021-04-08 03:00:00,2.75,7.0,7.336363636363637,0
2021-04-08 14:00:00,2021-04-08 14:45:00,1.0,7.4,7.675000000000001,14
2021-04-09 01:00:00,2021-04-09 02:30:00,1.75,7.1,7.271428571428571,1
2021-04-09 05:45:00,2021-04-09 06:45:00,1.25,7.0,7.2,5
2021-04-09 14:15:00,2021-04-09 15:00:00,1.0,7.2,7.3999999999999995,14
2021-04-09 20:00:00,2021-04-09 20:45:00,1.0,7.4,7.5,20
2021-04-10 02:00:00,2021-04-10 02:45:00,1.0,6.7,6.874999999999999,2
2021-04-10 04:15:00,2021-04-10 05:00:00,1.0,7.0,7.05,4
2021-04-10 13:30:00,2021-04-10 14:30:00,1.25,7.2,7.42,13
2021-04-10 16:00:00,2021-04-10 18:30:00,2.75,6.8,7.027272727272727,16
2021-04-11 14:00:00,2021-04-11 15:00:00,1.25,6.8,7.039999999999999,14
2021-04-11 18:45:00,2021-04-11 19:15:00,0.75,6.8,7.066666666666666,18
2021-04-12 16:00:00,2021-04-12 17:15:00,1.5,6.6,6.966666666666666,16
2021-04-12 21:45:00,2021-04-12 22:00:00,0.5,6.7,6.800000000000001,21
2021-04-13 03:30:00,2021-04-13 05:45:00,2.5,5.7,6.2299999999999995,3
2021-04-13 07:45:00,2021-04-13 09:15:00,1.75,6.4,6.628571428571428,7
2021-04-13 11:15:00,2021-04-13 13:15:00,2.25,7.4,7.655555555555555,11
2021-04-13 16:30:00,2021-04-13 17:45:00,1.5,6.5,7.1499999999999995,16
2021-04-14 04:45:00,2021-04-14 06:00:00,1.5,6.0,6.266666666666666,4
2021-04-14 10:15:00,2021-04-14 12:30:00,2.5,6.8,7.51,10
2021-04-14 15:30:00,2021-04-14 18:15:00,3.0,6.6,7.283333333333332,15
2021-04-15 05:45:00,2021-04-15 09:00:00,3.5,5.9,6.350000000000001,5
2021-04-15 17:15:00,2021-04-15 19:30:00,2.5,6.3,6.82,17
2021-04-16 05:30:00,2021-04-16 10:30:00,5.25,6.3,6.614285714285715,5
2021-04-16 12:45:00,2021-04-16 13:00:00,0.5,7.0,7.1,12
2021-04-16 17:15:00,2021-04-16 18:00:00,1.0,6.8,7.075,17
2021-04-16 19:30:00,2021-04-16 20:45:00,1.5,6.1,6.583333333333333,19
2021-04-17 03:15:00,2021-04-17 04:15:00,1.25,6.8,6.92,3
2021-04-17 08:00:00,2021-04-17 09:45:00,2.0,6.0,6.512499999999999,8
2021-04-17 14:45:00,2021-04-17 19:00:00,4.5,7.0,7.672222222222222,14
2021-04-17 21:15:00,2021-04-17 22:15:00,1.25,6.2,6.4799999999999995,21
2021-04-18 06:15:00,2021-04-18 08:00:00,2.0,6.2,6.775,6
2021-04-18 09:45:00,2021-04-18 11:30:00,2.0,6.5,6.6,9
2021-04-18 16:00:00,2021-04-18 18:00:00,2.25,6.9,7.5,16
2021-04-18 19:30:00,2021-04-18 23:45:00,4.5,6.3,6.661111111111111,19
2021-04-19 11:30:00,2021-04-19 14:45:00,3.5,6.5,7.442857142857143,11
2021-04-19 16:45:00,2021-04-19 19:00:00,2.5,7.5,7.93,16
2021-04-19 20:30:00,2021-04-19 21:30:00,1.25,6.8,7.140000000000001,20
2021-04-20 00:00:00,2021-04-20 01:15:00,1.5,6.1,6.366666666666667,0
2021-04-20 03:15:00,2021-04-20 08:15:00,5.25,6.6,7.038095238095237,3
2021-04-20 13:15:00,2021-04-20 13:45:00,0.75,6.6,6.733333333333333,13
2021-04-20 16:30:00,2021-04-20 19:15:00,3.0,7.6,8.008333333333333,16
2021-04-20 20:45:00,2021-04-21 02:30:00,6.0,5.9,6.6875,20
2021-04-21 05:30:00,2021-04-21 06:00:00,0.75,6.9,7.066666666666667,5
2021-04-21 13:15:00,2021-04-21 16:30:00,3.5,7.2,7.728571428571429,13
2021-04-21 20:15:00,2021-04-21 20:45:00,0.75,7.2,7.433333333333334,20
2021-04-22 10:30:00,2021-04-22 15:00:00,4.75,6.7,7.247368421052631,10
2021-04-22 21:30:00,2021-04-23 00:30:00,3.25,6.4,7.046153846153847,21
2021-04-23 12:00:00,2021-04-23 13:45:00,2.0,6.4,6.7625,12
2021-04-23 23:30:00,2021-04-24 00:30:00,1.25,6.0,6.640000000000001,23
2021-04-24 11:00:00,2021-04-24 13:45:00,3.0,6.3,6.675,11
2021-04-24 23:45:00,2021-04-25 01:00:00,1.5,6.0,6.3999999999999995,23
2021-04-25 13:45:00,2021-04-25 15:00:00,1.5,6.3,6.566666666666666,13
2021-04-25 22:30:00,2021-04-25 23:00:00,0.75,6.4,6.5,22
2021-04-26 05:15:00,2021-04-26 06:15:00,1.25,6.1,6.56,5
2021-04-26 13:45:00,2021-04-26 14:30:00,1.0,6.4,6.65,13
2021-04-26 19:30:00,2021-04-26 20:15:00,1.0,6.8,7.0249999999999995,19
2021-04-27 01:30:00,2021-04-27 03:00:00,1.75,6.0,6.171428571428572,1
2021-04-27 15:30:00,2021-04-27 17:30:00,2.25,6.3,6.666666666666667,15
2021-04-28 02:00:00,2021-04-28 04:45:00,3.0,5.3,5.791666666666667,2
2021-04-28 06:45:00,2021-04-28 07:15:00,0.75,5.9,5.966666666666666,6
2021-04-28 08:45:00,2021-04-28 10:45:00,2.25,6.4,6.611111111111112,8
2021-04-28 14:00:00,2021-04-28 18:15:00,4.5,6.1,6.444444444444445,14
2021-04-29 05:00:00,2021-04-29 06:30:00,1.75,5.4,5.714285714285714,5
2021-06-02 16:45:00,2021-06-02 18:15:00,1.75,6.4,7.185714285714285,16
2021-06-02 19:45:00,2021-06-02 22:00:00,2.5,5.1,6.140000000000001,19
2021-06-02 23:45:00,2021-06-03 00:15:00,0.75,5.0,5.333333333333333,23
2021-06-03 05:15:00,2021-06-03 06:00:00,1.0,5.8,5.9750000000000005,5
2021-06-03 08:15:00,2021-06-03 10:00:00,2.0,5.3,5.737500000000001,8
2021-06-03 11:45:00,2021-06-03 15:45:00,4.25,5.1,5.376470588235294,11
2021-06-03 17:15:00,2021-06-03 23:30:00,6.5,5.0,6.080769230769231,17
2021-06-04 08:15:00,2021-06-04 13:15:00,5.25,5.2,5.933333333333334,8
2021-06-04 15:00:00,2021-06-04 19:15:00,4.5,5.1,5.855555555555556,15
2021-06-04 21:00:00,2021-06-05 04:00:00,7.25,5.1,5.703448275862068,21
2021-06-05 10:00:00,2021-06-05 10:30:00,0.75,5.7,5.866666666666667,10
2021-06-05 12:00:00,2021-06-05 16:00:00,4.25,5.0,5.394117647058823,12
2021-06-05 22:30:00,2021-06-06 00:30:00,2.25,5.1,5.611111111111111,22
2021-06-06 05:00:00,2021-06-06 06:00:00,1.25,5.1,5.26,5
2021-06-06 09:15:00,2021-06-06 10:15:00,1.25,5.3,5.64,9
2021-06-06 13:00:00,2021-06-06 17:45:00,5.0,4.7,5.07,13
2021-06-07 00:00:00,2021-06-07 03:15:00,3.5,4.6,5.021428571428572,0
2021-06-07 06:00:00,2021-06-07 06:30:00,0.75,4.9,5.033333333333333,6
2021-06-07 10:15:00,2021-06-07 15:15:00,5.25,4.7,5.485714285714287,10
2021-06-07 16:45:00,2021-06-07 22:30:00,6.0,4.8,5.416666666666667,16
2021-06-08 02:00:00,2021-06-08 02:30:00,0.75,4.7,4.8999999999999995,2
2021-06-08 04:15:00,2021-06-08 05:15:00,1.25,4.5,4.779999999999999,4
2021-06-08 09:45:00,2021-06-08 18:00:00,8.5,4.8,5.491176470588235,9
2021-06-08 21:00:00,2021-06-08 22:45:00,2.0,5.3,5.825,21
2021-06-09 01:15:00,2021-06-09 06:00:00,5.0,4.6,5.024999999999999,1
2021-06-09 13:15:00,2021-06-09 16:30:00,3.5,4.8,6.014285714285713,13
2021-06-09 18:15:00,2021-06-09 19:30:00,1.5,4.8,5.050000000000001,18
2021-06-10 03:15:00,2021-06-10 06:45:00,3.75,4.6,5.033333333333333,3
2021-06-10 11:30:00,2021-06-10 18:45:00,7.5,4.8,6.03,11
2021-06-10 20:30:00,2021-06-10 20:45:00,0.5,5.5,5.75,20
2021-06-11 03:15:00,2021-06-11 06:30:00,3.5,4.6,5.085714285714286,3
2021-06-11 08:00:00,2021-06-11 08:45:00,1.0,4.8,5.074999999999999,8
2021-06-11 12:00:00,2021-06-11 19:30:00,7.75,4.7,6.458064516129031,12
2021-06-11 21:30:00,2021-06-11 23:45:00,2.5,5.3,5.93,21
2021-06-12 01:30:00,2021-06-12 03:00:00,1.75,5.3,5.828571428571428,1
2021-06-12 04:30:00,2021-06-12 08:30:00,4.25,4.8,5.152941176470589,4
2021-06-12 10:45:00,2021-06-12 17:00:00,6.5,5.4,6.738461538461538,10
2021-06-12 18:30:00,2021-06-12 20:30:00,2.25,4.8,5.488888888888888,18
2021-06-13 03:30:00,2021-06-13 04:00:00,0.75,5.5,5.7,3
2021-06-13 05:30:00,2021-06-13 07:45:00,2.5,5.0,5.32,5
2021-06-13 10:30:00,2021-06-13 14:30:00,4.25,5.3,6.252941176470589,10
2021-06-13 16:30:00,2021-06-13 22:00:00,5.75,4.8,5.8347826086956545,16
2021-06-14 01:30:00,2021-06-14 01:45:00,0.5,5.7,5.800000000000001,1
2021-06-14 04:45:00,2021-06-14 08:45:00,4.25,4.4,4.752941176470589,4
2021-06-14 13:45:00,2021-06-14 21:00:00,7.5,4.8,6.503333333333335,13
2021-06-15 01:00:00,2021-06-15 07:30:00,6.75,4.7,5.544444444444444,1
2021-06-15 10:45:00,2021-06-15 12:00:00,1.5,5.2,5.666666666666667,10
2021-06-15 14:30:00,2021-06-15 22:30:00,8.25,4.7,6.996969696969697,14
2021-06-16 06:30:00,2021-06-16 10:00:00,3.75,4.6,5.173333333333333,6
2021-06-16 12:00:00,2021-06-16 14:15:00,2.5,5.5,6.17,12
2021-06-16 16:00:00,2021-06-17 01:15:00,9.5,4.6,6.386842105263159,16
2021-06-17 02:45:00,2021-06-17 13:15:00,10.75,4.8,5.713953488372093,2
2021-06-17 16:15:00,2021-06-18 00:30:00,8.5,4.5,6.447058823529411,16
2021-06-18 02:15:00,2021-06-18 05:45:00,3.75,5.0,5.86,2
2021-06-18 09:15:00,2021-06-18 12:00:00,3.0,4.8,5.2749999999999995,9
2021-06-18 13:45:00,2021-06-18 20:15:00,6.75,5.5,6.851851851851853,13
2021-06-18 21:45:00,2021-06-19 01:30:00,4.0,4.6,5.1625,21
2021-06-19 07:45:00,2021-06-19 08:45:00,1.25,5.6,5.820000000000001,7
2021-06-19 10:30:00,2021-06-20 02:45:00,16.5,4.3,5.718181818181817,10
2021-06-20 08:00:00,2021-06-20 12:30:00,4.75,4.5,5.3,8
2021-06-20 14:00:00,2021-06-20 19:15:00,5.5,4.4,5.427272727272728,14
2021-06-20 23:30:00,2021-06-21 02:45:00,3.5,4.0,4.764285714285714,23
2021-06-21 04:15:00,2021-06-21 05:30:00,1.5,4.2,4.583333333333334,4
2021-06-21 11:30:00,2021-06-21 12:15:00,1.0,5.1,5.475,11
2021-06-21 13:45:00,2021-06-21 19:00:00,5.5,4.0,5.300000000000001,13
2021-06-21 21:30:00,2021-06-22 06:00:00,8.75,4.1,5.008571428571429,21
2021-06-22 13:00:00,2021-06-22 15:15:00,2.5,4.5,4.99,13
2021-06-23 00:30:00,2021-06-23 01:45:00,1.5,4.4,4.6000000000000005,0
2021-06-23 03:15:00,2021-06-23 06:45:00,3.75,4.4,4.8066666666666675,3
2021-06-23 10:30:00,2021-06-23 17:30:00,7.25,4.3,5.327586206896552,10
2021-06-24 04:15:00,2021-06-24 06:30:00,2.5,4.5,4.959999999999999,4
2021-06-24 19:45:00,2021-06-24 22:00:00,2.5,6.0,6.2299999999999995,19
2021-06-25 03:30:00,2021-06-25 07:15:00,4.0,4.5,5.018750000000001,3
2021-06-25 16:15:00,2021-06-25 18:30:00,2.5,5.0,5.3100000000000005,16
2021-06-25 21:00:00,2021-06-25 23:30:00,2.75,5.8,6.027272727272727,21
2021-06-26 05:15:00,2021-06-26 06:15:00,1.25,4.6,4.840000000000001,5
2021-06-26 13:45:00,2021-06-26 18:45:00,5.25,4.9,5.833333333333333,13
2021-06-26 22:00:00,2021-06-26 23:45:00,2.0,5.3,5.9,22
2021-06-27 04:15:00,2021-06-27 07:30:00,3.5,4.8,4.999999999999999,4
2021-06-27 16:45:00,2021-06-27 20:45:00,4.25,5.1,5.670588235294118,16
2021-06-27 22:15:00,2021-06-28 01:15:00,3.25,5.6,5.869230769230769,22
2021-06-28 04:00:00,2021-06-28 07:15:00,3.5,4.9,5.278571428571428,4
2021-06-28 09:00:00,2021-06-28 10:45:00,2.0,4.9,5.075,9
2021-06-28 18:00:00,2021-06-28 19:45:00,2.0,5.1,5.75,18
2021-06-28 21:15:00,2021-06-29 01:00:00,4.0,5.1,5.64375,21
2021-06-29 05:00:00,2021-06-29 09:30:00,4.75,4.9,5.326315789473685,5
2021-06-29 11:00:00,2021-06-29 11:30:00,0.75,5.1,5.166666666666666,11
2021-06-29 15:30:00,2021-06-30 03:30:00,12.25,4.6,5.873469387755101,15
2021-06-30 05:30:00,2021-06-30 13:15:00,8.0,4.6,5.1968749999999995,5
2021-06-30 15:30:00,2021-06-30 23:45:00,8.5,4.9,6.435294117647059,15
2021-07-01 02:30:00,2021-07-01 04:15:00,2.0,5.7,5.8875,2
2021-07-01 06:30:00,2021-07-01 10:45:00,4.5,4.8,5.477777777777778,6
2021-07-01 15:15:00,2021-07-02 02:30:00,11.5,4.9,6.091304347826087,15
2021-07-02 06:15:00,2021-07-02 07:15:00,1.25,5.8,5.96,6
2021-07-02 09:00:00,2021-07-02 10:00:00,1.25,5.4,5.720000000000001,9
2021-07-02 11:30:00,2021-07-02 13:15:00,2.0,4.8,5.375,11
2021-07-02 15:15:00,2021-07-03 00:00:00,9.0,5.3,6.5777777777777775,15
2021-07-03 02:00:00,2021-07-03 03:00:00,1.25,4.9,5.04,2
2021-07-03 11:45:00,2021-07-03 14:30:00,3.0,4.3,5.083333333333333,11
2021-07-03 18:45:00,2021-07-04 03:45:00,9.25,4.6,6.0162162162162165,18
2021-07-04 08:15:00,2021-07-04 20:45:00,12.75,4.5,5.9450980392156865,8
2021-07-04 22:30:00,2021-07-05 04:00:00,5.75,4.8,5.882608695652175,22
2021-07-05 12:00:00,2021-07-05 14:15:00,2.5,4.8,5.83,12
2021-07-05 15:45:00,2021-07-05 17:15:00,1.75,4.6,5.028571428571429,15
2021-07-05 21:45:00,2021-07-06 04:00:00,6.5,4.5,5.726923076923077,21
2021-07-06 05:30:00,2021-07-06 06:15:00,1.0,5.0,5.275,5
2021-07-06 11:30:00,2021-07-06 15:30:00,4.25,4.4,5.617647058823529,11
2021-07-06 17:15:00,2021-07-06 18:00:00,1.0,5.1,5.300000000000001,17
2021-07-06 20:00:00,2021-07-06 21:30:00,1.75,5.8,6.614285714285715,20
2021-07-07 01:00:00,2021-07-07 07:00:00,6.25,4.6,5.144000000000001,1
2021-07-07 11:30:00,2021-07-07 18:30:00,7.25,4.5,5.358620689655171,11
2021-07-08 01:30:00,2021-07-08 04:45:00,3.5,4.6,5.1000000000000005,1
2021-07-08 11:45:00,2021-07-08 12:00:00,0.5,6.0,6.1,11
2021-07-08 13:30:00,2021-07-08 16:15:00,3.0,5.1,5.633333333333333,13
2021-07-08 17:45:00,2021-07-08 20:30:00,3.0,5.3,5.558333333333334,17
2021-07-09 02:30:00,2021-07-09 04:30:00,2.25,4.8,5.155555555555555,2
2021-07-09 13:15:00,2021-07-09 23:15:00,10.25,4.4,5.5390243902439025,13
2021-07-10 01:45:00,2021-07-10 13:00:00,11.5,4.6,5.619565217391305,1
2021-07-10 14:45:00,2021-07-10 19:15:00,4.75,4.5,5.436842105263158,14
2021-07-10 20:45:00,2021-07-10 22:30:00,2.0,5.0,5.4125,20
2021-07-11 00:30:00,2021-07-11 02:15:00,2.0,5.5,5.8375,0
2021-07-11 04:00:00,2021-07-11 07:00:00,3.25,4.3,4.86923076923077,4
2021-07-11 08:30:00,2021-07-11 09:15:00,1.0,4.8,5.0,8
2021-07-11 13:00:00,2021-07-11 19:00:00,6.25,4.7,5.888,13
2021-07-11 21:30:00,2021-07-11 22:15:00,1.0,5.2,5.35,21
2021-07-12 04:30:00,2021-07-12 05:30:00,1.25,4.2,4.58,4
2021-07-12 07:00:00,2021-07-12 11:15:00,4.5,4.2,4.916666666666668,7
2021-07-12 13:15:00,2021-07-13 00:00:00,11.0,4.4,5.677272727272726,13
2021-07-13 02:45:00,2021-07-13 08:00:00,5.5,4.3,4.999999999999999,2
2021-07-13 09:45:00,2021-07-13 12:45:00,3.25,4.8,5.415384615384616,9
2021-07-13 14:45:00,2021-07-13 15:00:00,0.5,6.2,6.300000000000001,14
2021-07-13 16:45:00,2021-07-13 17:45:00,1.25,4.7,5.499999999999999,16
2021-07-13 19:15:00,2021-07-13 21:15:00,2.25,4.5,5.011111111111111,19
2021-07-13 22:45:00,2021-07-14 00:00:00,1.5,5.0,5.133333333333333,22
2021-07-14 05:45:00,2021-07-14 09:45:00,4.25,4.5,4.747058823529412,5
2021-07-14 11:30:00,2021-07-14 11:45:00,0.5,4.7,4.800000000000001,11
2021-07-14 14:00:00,2021-07-14 20:30:00,6.75,4.4,5.885185185185185,14
2021-07-14 22:15:00,2021-07-15 01:15:00,3.25,4.7,4.992307692307692,22
2021-07-15 03:30:00,2021-07-15 04:00:00,0.75,5.2,5.366666666666667,3
2021-07-15 06:15:00,2021-07-15 23:30:00,17.5,3.6,5.452857142857143,6
2021-07-16 02:30:00,2021-07-16 03:15:00,1.0,5.3,5.65,2
2021-07-16 07:45:00,2021-07-16 15:15:00,7.75,4.1,4.996774193548387,7
2021-07-16 17:00:00,2021-07-17 01:30:00,8.75,4.2,5.308571428571428,17
2021-07-17 07:45:00,2021-07-17 09:00:00,1.5,4.6,4.866666666666667,7
2021-07-17 10:30:00,2021-07-17 11:00:00,0.75,4.2,4.3,10
2021-07-17 12:30:00,2021-07-18 02:15:00,14.0,4.4,5.428571428571429,12
2021-07-18 09:45:00,2021-07-18 16:15:00,6.75,4.2,4.766666666666667,9
2021-07-18 19:15:00,2021-07-19 02:30:00,7.5,3.9,4.846666666666667,19
2021-07-19 09:45:00,2021-07-19 15:15:00,5.75,3.8,4.569565217391303,9
2021-07-19 16:45:00,2021-07-19 19:00:00,2.5,5.2,5.67,16
2021-07-19 21:15:00,2021-07-19 21:30:00,0.5,5.0,5.1,21
2021-07-19 23:00:00,2021-07-20 05:00:00,6.25,3.7,4.592,23
2021-07-20 10:45:00,2021-07-20 20:00:00,9.5,3.8,4.947368421052631,10
2021-07-21 00:15:00,2021-07-21 02:00:00,2.0,3.6,4.1375,0
2021-07-21 05:15:00,2021-07-21 06:00:00,1.0,4.8,4.875,5
2021-07-21 14:00:00,2021-07-21 15:15:00,1.5,4.3,4.766666666666667,14
2021-07-21 19:00:00,2021-07-21 21:00:00,2.25,5.3,5.577777777777778,19
2021-07-21 23:30:00,2021-07-22 06:45:00,7.5,3.5,4.643333333333333,23
2021-07-22 11:45:00,2021-07-22 16:15:00,4.75,4.2,4.626315789473685,11
2021-07-22 18:30:00,2021-07-22 20:00:00,1.75,4.9,5.642857142857143,18
2021-07-23 02:15:00,2021-07-23 03:30:00,1.5,3.5,3.9,2
2021-07-23 13:45:00,2021-07-23 15:45:00,2.25,4.2,4.677777777777779,13
2021-07-23 21:00:00,2021-07-23 22:30:00,1.75,5.3,5.757142857142857,21
2021-07-24 03:30:00,2021-07-24 05:45:00,2.5,3.9,4.319999999999999,3
2021-07-24 07:30:00,2021-07-24 09:45:00,2.5,5.1,5.4,7
2021-07-24 12:00:00,2021-07-24 16:30:00,4.75,4.9,5.61578947368421,12
2021-07-24 21:45:00,2021-07-24 23:00:00,1.5,5.5,5.800000000000001,21
2021-07-25 02:15:00,2021-07-25 05:00:00,3.0,3.8,4.575,2
2021-07-25 07:15:00,2021-07-25 09:45:00,2.75,4.9,5.154545454545454,7
2021-07-25 12:45:00,2021-07-25 14:00:00,1.5,6.0,6.3999999999999995,12
2021-07-25 15:45:00,2021-07-25 20:45:00,5.25,4.9,5.366666666666667,15
2021-07-25 22:45:00,2021-07-26 00:15:00,1.75,5.1,5.371428571428572,22
2021-07-26 03:30:00,2021-07-26 13:30:00,10.25,3.8,5.336585365853659,3
2021-07-26 15:00:00,2021-07-26 20:30:00,5.75,4.6,5.382608695652174,15
2021-07-26 22:45:00,2021-07-26 23:30:00,1.0,5.3,6.025,22
2021-07-27 05:30:00,2021-07-27 11:00:00,5.75,3.5,4.556521739130434,5
2021-07-27 14:15:00,2021-07-27 15:30:00,1.5,5.6,5.866666666666667,14
2021-07-27 17:15:00,2021-07-27 18:15:00,1.25,4.9,5.159999999999999,17
2021-07-27 20:30:00,2021-07-28 00:15:00,4.0,4.4,5.3625,20
2021-07-28 03:30:00,2021-07-28 08:00:00,4.75,4.0,4.621052631578947,3
2021-07-28 11:00:00,2021-07-28 12:30:00,1.75,4.5,4.885714285714286,11
2021-07-28 18:00:00,2021-07-28 20:45:00,3.0,4.0,4.4416666666666655,18
2021-07-28 22:15:00,2021-07-28 23:00:00,1.0,4.5,4.9,22
2021-07-29 02:45:00,2021-07-29 05:00:00,2.5,4.7,4.9,2
2021-07-29 07:30:00,2021-07-29 07:45:00,0.5,4.3,4.4,7
2021-07-29 09:30:00,2021-07-29 16:00:00,6.75,3.9,5.2444444444444445,9
2021-07-29 17:30:00,2021-07-29 23:00:00,5.75,3.8,4.726086956521739,17
2021-07-30 00:30:00,2021-07-30 04:45:00,4.5,4.2,4.949999999999999,0
2021-07-30 06:45:00,2021-07-30 10:30:00,4.0,4.0,4.342857142857143,6
2021-07-30 16:45:00,2021-07-30 17:00:00,0.5,5.9,6.0,16
2021-07-30 20:15:00,2021-07-30 23:45:00,3.75,4.1,4.573333333333333,20
2021-07-31 04:45:00,2021-07-31 05:45:00,1.25,4.7,4.96,4
2021-07-31 10:30:00,2021-07-31 13:00:00,2.75,4.0,4.254545454545455,10
2021-07-31 16:30:00,2021-07-31 19:00:00,2.75,5.0,5.554545454545454,16
2021-07-31 21:30:00,2021-07-31 23:15:00,2.0,3.6,4.1499999999999995,21
2021-08-01 01:00:00,2021-08-01 03:30:00,2.75,3.9,4.254545454545456,1
2021-08-01 05:45:00,2021-08-01 06:00:00,0.5,4.9,5.0,5
2021-08-01 11:00:00,2021-08-01 13:15:00,2.5,3.8,4.3,11
2021-08-01 15:00:00,2021-08-01 16:00:00,1.25,4.6,5.5600000000000005,15
2021-08-01 17:45:00,2021-08-02 03:15:00,9.75,4.1,5.074358974358974,17
2021-08-02 10:15:00,2021-08-02 14:00:00,4.0,3.9,4.7375,10
2021-08-02 19:30:00,2021-08-02 22:00:00,2.75,5.3,5.809090909090909,19
2021-08-03 05:15:00,2021-08-03 05:45:00,0.75,4.5,4.666666666666667,5
2021-08-03 08:00:00,2021-08-03 08:45:00,1.0,4.9,5.1,8
2021-08-03 11:00:00,2021-08-03 13:45:00,3.0,4.1,4.500000000000001,11
2021-08-03 15:15:00,2021-08-03 19:45:00,4.75,4.3,5.131578947368421,15
2021-08-04 00:15:00,2021-08-04 02:45:00,2.75,4.5,4.763636363636365,0
2021-08-04 04:15:00,2021-08-04 05:15:00,1.25,4.6,4.92,4
2021-08-04 14:15:00,2021-08-04 17:45:00,3.75,4.2,4.566666666666666,14
2021-08-04 19:15:00,2021-08-04 22:00:00,3.0,5.1,5.558333333333334,19
2021-08-04 23:30:00,2021-08-05 07:00:00,7.75,4.1,4.590322580645161,23
2021-08-05 12:45:00,2021-08-05 13:15:00,0.75,4.6,4.8,12
2021-08-05 14:45:00,2021-08-05 15:15:00,0.75,4.4,4.8,14
2021-08-05 20:30:00,2021-08-05 21:15:00,1.0,5.2,5.575,20
2021-08-05 23:30:00,2021-08-06 04:15:00,5.0,3.6,4.410000000000001,23
2021-08-06 05:45:00,2021-08-06 08:00:00,2.5,4.4,4.67,5
2021-08-06 12:00:00,2021-08-06 16:15:00,4.5,4.0,4.372222222222223,12
2021-08-06 19:45:00,2021-08-06 21:15:00,1.75,4.6,4.8,19
2021-08-07 01:45:00,2021-08-07 03:00:00,1.5,3.5,3.966666666666667,1
2021-08-07 04:30:00,2021-08-07 07:45:00,3.5,3.9,4.464285714285714,4
2021-08-07 14:15:00,2021-08-07 17:15:00,3.25,4.0,4.276923076923077,14
2021-08-07 19:30:00,2021-08-07 21:00:00,1.75,4.6,5.171428571428571,19
2021-08-08 05:15:00,2021-08-08 08:30:00,3.5,3.5,4.464285714285714,5
2021-08-08 14:15:00,2021-08-08 16:00:00,2.0,3.8,4.225,14
2021-08-08 19:00:00,2021-08-08 21:45:00,3.0,4.6,5.333333333333333,19
2021-08-09 04:00:00,2021-08-09 06:00:00,2.25,3.4,3.711111111111111,4
2021-08-09 07:30:00,2021-08-09 10:00:00,2.75,4.6,5.0,7
2021-08-09 11:45:00,2021-08-09 13:45:00,2.25,5.2,5.466666666666667,11
2021-08-09 15:30:00,2021-08-09 19:00:00,3.75,4.1,4.506666666666666,15
2021-08-09 21:15:00,2021-08-09 22:15:00,1.25,4.6,5.32,21
2021-08-10 03:30:00,2021-08-10 05:30:00,2.25,3.4,3.8444444444444446,3
2021-08-10 12:45:00,2021-08-10 18:30:00,6.0,4.3,5.025,12
2021-08-10 21:30:00,2021-08-10 23:45:00,2.5,4.9,5.37,21
2021-08-11 04:45:00,2021-08-11 07:15:00,2.75,3.2,3.6454545454545455,4
2021-08-11 10:30:00,2021-08-11 15:30:00,5.25,5.3,5.8238095238095235,10
2021-08-11 17:15:00,2021-08-11 18:00:00,1.0,4.5,4.825,17
2021-08-11 21:45:00,2021-08-11 23:45:00,2.25,4.8,5.7333333333333325,21
2021-08-12 06:15:00,2021-08-12 09:30:00,3.5,3.7,4.257142857142857,6
2021-08-12 16:00:00,2021-08-12 16:15:00,0.5,5.2,5.35,16
2021-08-12 17:45:00,2021-08-12 21:15:00,3.75,4.6,4.8933333333333335,17
2021-08-12 23:15:00,2021-08-13 01:00:00,2.0,5.1,5.4624999999999995,23
2021-08-13 06:45:00,2021-08-13 07:30:00,1.0,3.4,3.725,6
2021-08-13 15:30:00,2021-08-14 01:45:00,10.5,4.2,5.161904761904762,15
2021-08-14 08:45:00,2021-08-14 09:45:00,1.25,4.0,4.28,8
2021-08-14 11:30:00,2021-08-14 14:00:00,2.75,4.7,4.963636363636364,11
2021-08-14 19:15:00,2021-08-14 21:00:00,2.0,3.8,4.35,19
2021-08-15 00:45:00,2021-08-15 02:15:00,1.75,4.7,4.785714285714286,0
2021-08-15 05:15:00,2021-08-15 10:45:00,5.75,3.9,4.3478260869565215,5
2021-08-15 12:30:00,2021-08-15 13:30:00,1.25,4.7,4.8,12
2021-08-15 15:00:00,2021-08-15 15:30:00,0.75,5.1,5.366666666666667,15
2021-08-15 17:30:00,2021-08-15 23:00:00,5.75,3.5,4.739130434782608,17
2021-08-16 03:00:00,2021-08-16 04:30:00,1.75,4.3,4.628571428571428,3
2021-08-16 06:00:00,2021-08-16 07:00:00,1.25,4.7,4.86,6
2021-08-16 08:30:00,2021-08-16 11:15:00,3.0,4.0,4.333333333333333,8
2021-08-16 12:45:00,2021-08-16 14:45:00,2.25,4.4,4.844444444444444,12
2021-08-16 16:30:00,2021-08-16 17:30:00,1.25,5.1,5.34,16
2021-08-16 19:15:00,2021-08-16 20:00:00,1.0,5.2,5.45,19
2021-08-16 21:30:00,2021-08-16 22:45:00,1.5,4.4,4.783333333333334,21
2021-08-17 00:15:00,2021-08-17 02:00:00,2.0,4.4,4.8,0
2021-08-17 10:00:00,2021-08-17 12:30:00,2.75,4.2,4.554545454545455,10
2021-08-17 18:45:00,2021-08-17 20:30:00,2.0,5.4,5.65,18
2021-08-17 23:00:00,2021-08-18 02:15:00,3.5,4.1,4.607142857142857,23
2021-08-18 11:00:00,2021-08-18 11:45:00,1.0,4.3,4.425,11
2021-08-18 17:00:00,2021-08-18 18:15:00,1.5,5.3,5.516666666666666,17
2021-08-19 00:15:00,2021-08-19 06:15:00,6.25,4.0,4.54,0
2021-08-19 11:30:00,2021-08-19 12:30:00,1.25,4.1,4.720000000000001,11
2021-08-19 16:15:00,2021-08-19 16:45:00,0.75,4.8,4.933333333333333,16
2021-08-19 18:45:00,2021-08-19 19:15:00,0.75,5.2,5.3999999999999995,18
2021-08-20 01:00:00,2021-08-20 03:30:00,2.75,3.7,4.072727272727273,1
2021-08-20 12:15:00,2021-08-20 15:30:00,3.5,4.0,4.428571428571429,12
2021-08-20 18:45:00,2021-08-20 21:15:00,2.75,5.0,5.409090909090909,18
2021-08-21 02:00:00,2021-08-21 04:00:00,2.25,3.6,3.922222222222222,2
2021-08-21 13:15:00,2021-08-21 15:45:00,2.75,4.1,4.418181818181818,13
2021-08-21 17:30:00,2021-08-21 21:00:00,3.75,4.4,5.153333333333333,17
2021-08-22 03:00:00,2021-08-22 04:30:00,1.75,3.5,3.7428571428571433,3
2021-08-22 08:00:00,2021-08-22 08:45:00,1.0,4.7,4.875,8
2021-08-22 21:00:00,2021-08-22 21:15:00,0.5,4.7,4.800000000000001,21
2021-08-23 00:00:00,2021-08-23 00:30:00,0.75,4.3,4.466666666666666,0
2021-08-23 04:00:00,2021-08-23 06:00:00,2.25,3.1,3.755555555555555,4
2021-08-23 15:45:00,2021-08-23 18:15:00,2.75,3.8,4.045454545454546,15
2021-08-23 20:00:00,2021-08-23 22:45:00,3.0,4.2,5.033333333333333,20
2021-08-24 04:15:00,2021-08-24 05:15:00,1.25,3.1,3.3600000000000003,4
2021-08-24 07:00:00,2021-08-24 08:30:00,1.75,3.9,4.442857142857143,7
2021-08-24 13:15:00,2021-08-24 15:45:00,2.75,4.8,5.163636363636363,13
2021-08-24 17:15:00,2021-08-24 19:15:00,2.25,3.9,4.1,17
2021-08-24 20:45:00,2021-08-24 23:15:00,2.75,4.5,4.9818181818181815,20
2021-08-25 03:30:00,2021-08-25 07:15:00,4.0,3.3,3.80625,3
2021-08-25 09:00:00,2021-08-25 10:45:00,2.0,4.4,4.7625,9
2021-08-25 12:45:00,2021-08-25 13:30:00,1.0,5.7,5.8999999999999995,12
2021-08-25 15:00:00,2021-08-25 20:30:00,5.75,3.9,4.72608695652174,15
2021-08-25 22:00:00,2021-08-26 01:00:00,3.25,4.7,4.976923076923077,22
2021-08-26 03:15:00,2021-08-26 07:15:00,4.25,3.8,4.2176470588235295,3
2021-08-26 14:30:00,2021-08-27 00:30:00,10.25,4.1,5.119512195121952,14
2021-08-27 04:15:00,2021-08-27 06:30:00,2.5,4.1,4.700000000000001,4
2021-08-27 15:15:00,2021-08-28 02:00:00,11.0,4.4,5.431818181818182,15
2021-08-28 06:45:00,2021-08-28 07:30:00,1.0,4.5,4.625,6
2021-08-28 09:00:00,2021-08-28 09:30:00,0.75,4.4,4.566666666666666,9
2021-08-28 11:30:00,2021-08-28 11:45:00,0.5,4.7,4.800000000000001,11
2021-08-28 13:45:00,2021-08-28 14:00:00,0.5,5.4,5.5,13
2021-08-28 16:15:00,2021-08-29 01:45:00,9.75,4.5,5.6589743589743575,16
2021-08-29 10:00:00,2021-08-29 12:15:00,2.5,4.3,4.64,10
2021-08-29 17:30:00,2021-08-30 02:00:00,8.75,4.0,5.288571428571429,17
2021-08-30 05:30:00,2021-08-30 09:00:00,3.75,4.5,5.013333333333334,5
2021-08-30 12:00:00,2021-08-30 14:45:00,3.0,4.0,4.533333333333333,12
2021-08-30 18:30:00,2021-08-30 22:15:00,4.0,4.8,5.949999999999999,18
2021-08-31 00:00:00,2021-08-31 03:00:00,3.25,4.3,4.7615384615384615,0
2021-08-31 08:45:00,2021-08-31 12:30:00,4.0,4.0,4.51875,8
2021-08-31 17:00:00,2021-08-31 17:45:00,1.0,6.3,6.425,17
2021-08-31 19:30:00,2021-08-31 19:45:00,0.5,5.9,6.15,19
2021-08-31 21:15:00,2021-09-01 01:30:00,4.5,4.1,4.933333333333334,21
2021-09-01 04:30:00,2021-09-01 07:00:00,2.75,4.6,5.281818181818182,4
2021-09-01 09:15:00,2021-09-01 21:00:00,12.0,3.9,5.054166666666667,9
2021-09-01 22:45:00,2021-09-02 01:00:00,2.5,4.1,4.64,22
2021-09-02 04:15:00,2021-09-02 04:45:00,0.75,4.7,4.833333333333333,4
2021-09-02 11:15:00,2021-09-02 16:15:00,5.25,4.0,4.666666666666666,11
2021-09-02 18:00:00,2021-09-02 19:00:00,1.25,4.9,5.48,18
2021-09-02 20:30:00,2021-09-03 04:00:00,7.75,4.6,5.245161290322581,20
2021-09-03 10:00:00,2021-09-03 10:30:00,0.75,5.5,5.7,10
2021-09-03 12:00:00,2021-09-03 14:45:00,3.0,4.1,5.449999999999999,12
2021-09-03 17:00:00,2021-09-03 20:00:00,3.25,4.8,5.253846153846154,17
2021-09-03 22:30:00,2021-09-04 02:15:00,4.0,4.3,5.5375,22
2021-09-04 06:30:00,2021-09-04 06:45:00,0.5,4.6,4.75,6
2021-09-04 11:30:00,2021-09-04 12:15:00,1.0,5.6,5.775,11
2021-09-04 13:45:00,2021-09-04 14:30:00,1.0,4.7,5.0249999999999995,13
2021-09-04 16:15:00,2021-09-04 16:30:00,0.5,4.9,5.1,16
2021-09-04 18:45:00,2021-09-04 19:15:00,0.75,5.2,5.3999999999999995,18
2021-09-05 01:00:00,2021-09-05 03:30:00,2.75,4.2,4.681818181818181,1
2021-09-05 05:00:00,2021-09-05 06:45:00,2.0,4.7,4.9375,5
2021-09-05 13:15:00,2021-09-05 14:15:00,1.25,4.9,5.12,13
2021-09-05 16:30:00,2021-09-05 17:30:00,1.25,4.7,4.9,16
2021-09-05 19:00:00,2021-09-05 20:15:00,1.5,4.9,5.650000000000001,19
2021-09-06 02:00:00,2021-09-06 03:15:00,1.5,3.6,4.283333333333334,2
2021-09-06 05:15:00,2021-09-06 06:00:00,1.0,4.6,4.699999999999999,5
2021-09-06 07:45:00,2021-09-06 08:30:00,1.0,5.0,5.1,7
2021-09-06 14:30:00,2021-09-06 15:15:00,1.0,4.5,4.775,14
2021-09-06 18:30:00,2021-09-06 21:15:00,3.0,5.2,5.641666666666667,18
2021-09-07 00:45:00,2021-09-07 01:15:00,0.75,4.7,4.833333333333333,0
2021-09-07 02:45:00,2021-09-07 11:15:00,8.75,3.6,4.848571428571428,2
2021-09-07 15:15:00,2021-09-07 17:30:00,2.5,4.4,4.790000000000001,15
2021-09-07 21:00:00,2021-09-07 21:45:00,1.0,5.4,5.675000000000001,21
2021-09-08 02:15:00,2021-09-08 05:00:00,3.0,3.6,4.083333333333333,2
2021-09-08 11:45:00,2021-09-08 15:00:00,3.5,5.0,5.5928571428571425,11
2021-09-08 16:45:00,2021-09-08 18:30:00,2.0,4.0,4.5125,16
2021-09-08 22:30:00,2021-09-08 23:15:00,1.0,4.9,5.025,22
2021-09-09 04:00:00,2021-09-09 05:15:00,1.5,3.6,3.9,4
2021-09-09 09:15:00,2021-09-09 09:30:00,0.5,4.5,4.65,9
2021-09-09 15:30:00,2021-09-09 20:30:00,5.25,4.1,4.690476190476191,15
2021-09-10 05:15:00,2021-09-10 05:45:00,0.75,4.3,4.3999999999999995,5
2021-09-10 07:15:00,2021-09-10 09:00:00,2.0,4.1,4.4125,7
2021-09-10 11:00:00,2021-09-10 12:30:00,1.75,5.1,5.3,11
2021-09-10 14:15:00,2021-09-10 22:00:00,8.0,4.4,5.05625,14
2021-09-10 23:30:00,2021-09-11 00:15:00,1.0,4.9,5.175,23
2021-09-11 03:00:00,2021-09-11 06:30:00,3.75,4.1,4.553333333333334,3
2021-09-11 08:00:00,2021-09-11 08:15:00,0.5,4.2,4.300000000000001,8
2021-09-11 15:15:00,2021-09-11 21:30:00,6.5,4.5,5.23076923076923,15
2021-09-11 23:00:00,2021-09-12 00:45:00,2.0,5.1,5.2375,23
2021-09-12 04:15:00,2021-09-12 07:15:00,3.25,4.3,4.76923076923077,4
2021-09-12 09:30:00,2021-09-12 12:30:00,3.25,4.4,4.961538461538462,9
2021-09-12 16:45:00,2021-09-12 20:15:00,3.75,4.6,5.4399999999999995,16
2021-09-12 21:45:00,2021-09-13 00:30:00,3.0,4.5,4.858333333333333,21
2021-09-13 02:30:00,2021-09-13 04:30:00,2.25,5.1,5.300000000000001,2
2021-09-13 07:00:00,2021-09-13 08:30:00,1.75,4.6,4.942857142857143,7
2021-09-13 10:15:00,2021-09-13 10:30:00,0.5,4.9,5.050000000000001,10
2021-09-13 12:45:00,2021-09-13 15:15:00,2.75,4.9,5.418181818181818,12
2021-09-13 18:30:00,2021-09-13 23:30:00,5.25,4.6,5.199999999999999,18
2021-09-14 07:30:00,2021-09-14 11:15:00,4.0,4.5,5.0875,7
2021-09-14 18:00:00,2021-09-14 18:15:00,0.5,6.1,6.25,18
2021-09-14 19:45:00,2021-09-15 01:30:00,6.0,4.2,5.0125,19
2021-09-15 08:45:00,2021-09-15 10:45:00,2.25,4.6,5.0,8
2021-09-15 15:15:00,2021-09-15 17:45:00,2.75,5.1,5.5636363636363635,15
2021-09-15 21:00:00,2021-09-16 05:45:00,9.0,4.4,5.124999999999999,21
2021-09-16 09:15:00,2021-09-16 13:30:00,4.5,4.5,5.005555555555556,9
2021-09-16 15:00:00,2021-09-16 19:30:00,4.75,4.9,5.563157894736841,15
2021-09-16 21:15:00,2021-09-16 22:15:00,1.25,5.1,5.279999999999999,21
2021-09-16 23:45:00,2021-09-17 06:30:00,7.0,4.1,4.857142857142857,23
2021-09-17 11:30:00,2021-09-17 12:15:00,1.0,4.5,4.7,11
2021-09-17 14:00:00,2021-09-17 14:15:00,0.5,4.1,4.4,14
2021-09-17 19:00:00,2021-09-17 20:15:00,1.5,4.9,4.95,19
2021-09-18 01:00:00,2021-09-18 03:15:00,2.5,3.8,4.110000000000001,1
2021-09-18 04:45:00,2021-09-18 07:15:00,2.75,4.8,4.999999999999999,4
2021-09-18 12:30:00,2021-09-18 15:45:00,3.5,4.2,4.428571428571429,12
2021-09-18 19:45:00,2021-09-18 21:00:00,1.5,4.9,5.283333333333332,19
2021-09-19 01:30:00,2021-09-19 03:30:00,2.25,3.6,4.022222222222222,1
2021-09-19 11:45:00,2021-09-19 16:00:00,4.5,4.5,5.1,11
2021-09-19 20:30:00,2021-09-19 21:00:00,0.75,5.6,5.733333333333333,20
2021-09-20 06:00:00,2021-09-20 09:00:00,3.25,5.0,5.3076923076923075,6
2021-09-20 14:15:00,2021-09-20 16:15:00,2.25,4.6,4.966666666666667,14
2021-09-21 03:45:00,2021-09-21 04:45:00,1.25,4.0,4.359999999999999,3
2021-09-21 08:30:00,2021-09-21 09:45:00,1.5,5.1,5.349999999999999,8
2021-09-21 15:30:00,2021-09-21 16:30:00,1.25,4.0,4.279999999999999,15
2021-09-22 00:00:00,2021-09-22 00:45:00,1.0,5.0,5.1,0
2021-09-22 04:00:00,2021-09-22 04:15:00,0.5,3.9,4.0,4
2021-09-22 07:45:00,2021-09-22 09:15:00,1.75,4.8,5.085714285714286,7
2021-09-22 17:30:00,2021-09-22 19:15:00,2.0,4.3,4.5625,17
2021-09-22 21:45:00,2021-09-22 22:00:00,0.5,4.9,5.1,21
2021-09-23 00:00:00,2021-09-23 00:30:00,0.75,5.1,5.266666666666667,0
2021-09-23 06:15:00,2021-09-23 07:15:00,1.25,4.2,4.459999999999999,6
2021-09-23 13:15:00,2021-09-23 14:45:00,1.75,5.3,5.6,13
2021-09-23 17:15:00,2021-09-23 17:30:00,0.5,5.0,5.1,17
2021-09-23 19:30:00,2021-09-23 20:15:00,1.0,4.5,4.75,19
2021-09-23 21:45:00,2021-09-23 22:15:00,0.75,5.3,5.366666666666667,21
2021-09-24 05:00:00,2021-09-24 05:45:00,1.0,5.0,5.075,5
2021-09-24 07:30:00,2021-09-24 08:30:00,1.25,4.9,5.08,7
2021-09-24 14:00:00,2021-09-24 15:45:00,2.0,6.0,6.225,14
2021-09-24 18:15:00,2021-09-24 21:15:00,3.25,5.0,5.430769230769231,18
2021-09-25 06:00:00,2021-09-25 06:45:00,1.0,4.7,4.9,6
2021-09-25 15:30:00,2021-09-25 16:15:00,1.0,6.1,6.225,15
2021-09-25 18:15:00,2021-09-25 21:45:00,3.75,4.9,5.453333333333334,18
2021-09-25 23:30:00,2021-09-26 00:30:00,1.25,5.3,5.5200000000000005,23
2021-09-26 06:30:00,2021-09-26 09:30:00,3.25,4.9,5.123076923076923,6
2021-09-26 14:30:00,2021-09-26 23:00:00,8.75,4.9,5.885714285714285,14
2021-09-27 04:30:00,2021-09-27 10:45:00,6.5,4.4,5.119230769230769,4
2021-09-27 12:45:00,2021-09-28 01:15:00,12.75,5.0,5.752941176470589,12
2021-09-28 04:45:00,2021-09-28 10:00:00,5.5,4.9,5.336363636363636,4
2021-09-28 15:00:00,2021-09-29 02:00:00,11.25,4.8,5.593333333333333,15
2021-09-29 06:45:00,2021-09-29 11:45:00,5.25,4.9,5.276190476190477,6
2021-09-29 16:45:00,2021-09-29 23:30:00,7.0,4.7,5.585714285714287,16
2021-09-30 01:15:00,2021-09-30 04:15:00,3.25,4.6,4.846153846153847,1
2021-09-30 11:15:00,2021-09-30 12:45:00,1.75,4.8,4.928571428571429,11
2021-09-30 18:30:00,2021-10-01 02:45:00,8.5,4.1,5.244117647058823,18
2021-10-01 04:15:00,2021-10-01 04:45:00,0.75,4.9,5.000000000000001,4
2021-10-01 11:00:00,2021-10-01 14:45:00,4.0,4.4,4.949999999999999,11
2021-10-01 22:00:00,2021-10-02 02:15:00,4.5,4.9,5.316666666666666,22
2021-10-02 03:45:00,2021-10-02 04:15:00,0.75,5.1,5.3,3
2021-10-02 12:00:00,2021-10-02 14:00:00,2.25,4.9,5.044444444444444,12
2021-10-02 16:00:00,2021-10-02 16:15:00,0.5,5.2,5.300000000000001,16
2021-10-02 21:30:00,2021-10-02 22:45:00,1.5,5.3,5.5,21
2021-10-03 03:00:00,2021-10-03 05:15:00,2.5,4.9,5.09,3
2021-10-03 11:45:00,2021-10-03 12:15:00,0.75,5.0,5.2,11
2021-10-03 13:45:00,2021-10-03 19:15:00,5.75,5.0,5.343478260869566,13
2021-10-04 01:15:00,2021-10-04 03:15:00,2.25,4.6,4.7444444444444445,1
2021-10-04 13:00:00,2021-10-04 13:30:00,0.75,4.7,4.866666666666667,13
2021-10-04 18:00:00,2021-10-04 20:00:00,2.25,5.2,5.822222222222223,18
2021-10-05 01:30:00,2021-10-05 03:45:00,2.5,4.0,4.4,1
2021-10-05 08:00:00,2021-10-05 08:30:00,0.75,5.2,5.3999999999999995,8
2021-10-05 10:45:00,2021-10-05 12:00:00,1.5,5.0,5.333333333333333,10
2021-10-05 19:45:00,2021-10-05 21:00:00,1.5,5.2,5.583333333333333,19
2021-10-06 07:30:00,2021-10-06 09:30:00,2.25,5.2,5.511111111111111,7
2021-10-06 20:30:00,2021-10-06 20:45:00,0.5,5.4,5.5,20
2021-10-07 03:45:00,2021-10-07 04:30:00,1.0,4.2,4.275,3
2021-10-07 12:45:00,2021-10-07 13:15:00,0.75,5.3,5.433333333333334,12
2021-10-07 16:00:00,2021-10-07 17:00:00,1.25,4.6,4.8,16
2021-10-07 21:00:00,2021-10-07 22:30:00,1.75,5.2,5.828571428571429,21
2021-10-08 05:00:00,2021-10-08 05:15:00,0.5,4.0,4.1,5
2021-10-08 13:15:00,2021-10-08 13:45:00,0.75,5.3,5.3999999999999995,13
2021-10-08 22:15:00,2021-10-08 23:45:00,1.75,5.0,5.171428571428572,22
2021-10-09 11:15:00,2021-10-09 12:00:00,1.0,5.3,5.424999999999999,11
2021-10-09 17:15:00,2021-10-09 20:00:00,3.0,4.6,4.916666666666667,17
2021-10-10 06:45:00,2021-10-10 08:15:00,1.75,4.9,5.200000000000001,6
2021-10-10 14:30:00,2021-10-10 15:00:00,0.75,6.0,6.133333333333333,14
2021-10-10 19:15:00,2021-10-10 22:45:00,3.75,5.0,5.233333333333334,19
2021-10-11 02:30:00,2021-10-11 03:00:00,0.75,5.6,5.733333333333333,2
2021-10-11 08:30:00,2021-10-11 09:00:00,0.75,5.0,5.133333333333333,8
2021-10-11 14:15:00,2021-10-11 16:00:00,2.0,5.9,6.237500000000001,14
2021-10-11 20:45:00,2021-10-11 22:45:00,2.25,4.8,5.144444444444444,20
2021-10-12 07:15:00,2021-10-12 09:45:00,2.75,5.2,5.345454545454546,7
2021-10-12 15:15:00,2021-10-12 17:15:00,2.25,6.1,6.355555555555556,15
2021-10-12 21:15:00,2021-10-12 21:30:00,0.5,4.8,4.949999999999999,21
2021-10-13 00:00:00,2021-10-13 01:00:00,1.25,5.0,5.339999999999999,0
2021-10-13 08:45:00,2021-10-13 09:15:00,0.75,5.3,5.433333333333334,8
2021-10-13 10:45:00,2021-10-13 11:15:00,0.75,5.3,5.5,10
2021-10-13 19:45:00,2021-10-13 20:30:00,1.0,5.7,5.8500000000000005,19
2021-10-13 22:00:00,2021-10-14 00:00:00,2.25,5.0,5.277777777777778,22
2021-10-14 02:00:00,2021-10-14 04:15:00,2.5,5.4,5.64,2
2021-10-14 09:00:00,2021-10-14 12:30:00,3.75,5.1,5.3933333333333335,9
2021-10-14 15:30:00,2021-10-14 16:00:00,0.75,5.6,5.866666666666667,15
2021-10-15 21:15:00,2021-10-15 22:15:00,1.25,5.3,5.42,21
2021-10-16 00:00:00,2021-10-16 02:30:00,2.75,4.7,5.0181818181818185,0
2021-10-16 05:00:00,2021-10-16 06:15:00,1.5,5.5,5.633333333333333,5
2021-10-16 12:00:00,2021-10-16 13:45:00,2.0,4.9,5.137499999999999,12
2021-10-17 00:45:00,2021-10-17 02:00:00,1.5,5.3,5.599999999999999,0
2021-10-17 04:00:00,2021-10-17 05:15:00,1.5,5.2,5.683333333333334,4
2021-10-17 10:15:00,2021-10-17 11:30:00,1.5,6.1,6.333333333333333,10
2021-10-17 14:30:00,2021-10-17 15:30:00,1.25,5.4,5.9799999999999995,14
2021-10-17 22:15:00,2021-10-17 23:30:00,1.5,6.0,6.133333333333333,22
2021-10-18 14:15:00,2021-10-18 16:00:00,2.0,5.4,5.8375,14
2021-10-18 19:00:00,2021-10-18 20:15:00,1.5,5.9,6.133333333333334,19
2021-10-19 07:30:00,2021-10-19 07:45:00,0.5,5.9,6.0,7
2021-10-19 15:15:00,2021-10-19 16:45:00,1.75,5.5,5.714285714285714,15
2021-10-20 21:15:00,2021-10-20 21:30:00,0.5,5.9,6.15,21
2021-10-21 07:45:00,2021-10-21 08:30:00,1.0,5.9,6.025,7
2021-10-21 14:15:00,2021-10-21 16:45:00,2.75,5.6,6.081818181818181,14
2021-10-22 03:00:00,2021-10-22 03:45:00,1.0,5.5,5.8,3
2021-10-22 05:30:00,2021-10-22 06:45:00,1.5,5.4,5.666666666666668,5
2021-12-01 13:45:00,2021-12-01 15:00:00,1.5,8.4,8.583333333333332,13
2021-12-02 14:15:00,2021-12-02 15:00:00,1.0,8.4,8.525,14
2021-12-03 16:00:00,2021-12-03 17:00:00,1.25,8.2,8.52,16
2021-12-09 20:45:00,2021-12-09 22:00:00,1.5,7.9,7.983333333333333,20
2021-12-10 10:00:00,2021-12-10 10:45:00,1.0,7.8,7.95,10
2021-12-10 14:45:00,2021-12-10 16:00:00,1.5,8.2,8.6,14
2021-12-10 21:45:00,2021-12-10 22:30:00,1.0,7.9,8.0,21
2021-12-11 11:00:00,2021-12-11 11:30:00,0.75,7.7,7.833333333333333,11
2021-12-12 12:45:00,2021-12-12 14:00:00,1.5,7.8,8.116666666666665,12
2021-12-12 17:30:00,2021-12-12 18:00:00,0.75,8.3,8.833333333333334,17
2021-12-13 01:15:00,2021-12-13 03:15:00,2.25,7.8,8.011111111111113,1
2021-12-13 14:00:00,2021-12-13 14:15:00,0.5,8.3,8.45,14
2021-12-14 01:45:00,2021-12-14 02:15:00,0.75,7.8,8.033333333333333,1
2021-12-14 14:15:00,2021-12-14 16:30:00,2.5,8.0,8.41,14
2021-12-15 00:00:00,2021-12-15 01:00:00,1.25,8.2,8.379999999999999,0
2021-12-15 13:15:00,2021-12-15 18:30:00,5.5,7.8,8.468181818181819,13
2021-12-16 01:45:00,2021-12-16 02:15:00,0.75,8.1,8.200000000000001,1
2021-12-16 13:45:00,2021-12-16 17:15:00,3.75,8.0,8.506666666666668,13
2021-12-16 19:45:00,2021-12-16 20:00:00,0.5,8.6,8.8,19
2021-12-17 16:15:00,2021-12-17 17:30:00,1.5,8.0,8.233333333333334,16
2021-12-17 19:30:00,2021-12-17 22:00:00,2.75,7.9,8.5,19
2021-12-18 02:00:00,2021-12-18 02:30:00,0.75,8.0,8.133333333333333,2
2021-12-19 02:45:00,2021-12-19 03:30:00,1.0,7.8,8.0,2
2021-12-20 16:45:00,2021-12-20 21:15:00,4.75,7.7,8.126315789473685,16
2021-12-21 06:45:00,2021-12-21 07:15:00,0.75,7.7,7.8,6
2021-12-21 21:30:00,2021-12-21 22:45:00,1.5,7.9,8.25,21
2021-12-22 07:45:00,2021-12-22 08:15:00,0.75,7.8,8.0,7
2021-12-23 16:15:00,2021-12-23 18:30:00,2.5,8.2,8.620000000000001,16
2021-12-23 20:15:00,2021-12-23 21:30:00,1.5,8.0,8.233333333333334,20
2021-12-24 18:30:00,2021-12-24 20:00:00,1.75,8.3,8.514285714285714,18
2021-12-24 22:30:00,2021-12-25 00:30:00,2.25,8.0,8.21111111111111,22
2021-12-25 15:15:00,2021-12-25 17:00:00,2.0,8.8,9.1375,15
2021-12-25 23:45:00,2021-12-26 01:15:00,1.75,8.3,8.500000000000002,23
2021-12-26 10:00:00,2021-12-26 10:45:00,1.0,8.1,8.425,10
2021-12-26 14:00:00,2021-12-26 15:15:00,1.5,8.7,9.35,14
2021-12-26 17:15:00,2021-12-26 18:15:00,1.25,8.9,9.02,17
2021-12-26 20:00:00,2021-12-26 21:45:00,2.0,8.4,8.8875,20
2021-12-27 12:00:00,2021-12-27 12:30:00,0.75,8.1,8.233333333333334,12
2021-12-28 00:30:00,2021-12-28 01:00:00,0.75,8.1,8.200000000000001,0
2021-12-28 11:15:00,2021-12-28 13:30:00,2.5,8.0,8.45,11
2021-12-28 16:00:00,2021-12-28 18:45:00,3.0,8.7,9.091666666666667,16
2021-12-28 22:00:00,2021-12-28 22:45:00,1.0,8.3,8.475000000000001,22
2021-12-29 23:45:00,2021-12-30 00:00:00,0.5,7.9,8.05,23
2022-01-03 13:00:00,2022-01-03 14:00:00,1.25,7.3,7.58,13
2022-01-03 18:45:00,2022-01-03 20:00:00,1.5,7.6,7.733333333333332,18
2022-01-04 05:15:00,2022-01-04 06:00:00,1.0,7.6,7.75,5
2022-01-07 09:00:00,2022-01-07 09:30:00,0.75,7.9,7.966666666666666,9
2022-01-08 08:15:00,2022-01-08 10:45:00,2.75,8.0,8.236363636363636,8
2022-01-08 23:00:00,2022-01-08 23:15:00,0.5,8.1,8.2,23
2022-01-09 20:45:00,2022-01-09 21:30:00,1.0,8.2,8.350000000000001,20
2022-01-10 16:00:00,2022-01-10 17:15:00,1.5,8.8,9.049999999999999,16
2022-01-11 01:00:00,2022-01-11 01:15:00,0.5,8.0,8.15,1
2022-01-11 13:00:00,2022-01-11 16:30:00,3.75,8.4,8.786666666666665,13
2022-01-12 00:00:00,2022-01-12 01:00:00,1.25,8.6,8.8,0
2022-01-12 02:30:00,2022-01-12 02:45:00,0.5,8.2,8.3,2
2022-01-12 13:45:00,2022-01-12 16:00:00,2.5,8.6,8.919999999999998,13
2022-01-13 02:15:00,2022-01-13 03:00:00,1.0,8.4,8.6,2
2022-01-13 19:45:00,2022-01-13 20:45:00,1.25,9.1,9.22,19
2022-01-14 15:30:00,2022-01-14 17:15:00,2.0,8.8,9.037500000000001,15
2022-01-14 20:30:00,2022-01-14 21:00:00,0.75,9.3,9.4,20
2022-01-15 01:30:00,2022-01-15 03:15:00,2.0,8.4,8.575,1
2022-01-15 14:45:00,2022-01-15 17:15:00,2.75,8.5,8.872727272727273,14
2022-01-16 03:45:00,2022-01-16 05:00:00,1.5,8.4,8.549999999999999,3
2022-01-17 18:15:00,2022-01-17 19:15:00,1.25,8.7,8.919999999999998,18
2022-01-18 05:00:00,2022-01-18 05:15:00,0.5,8.7,8.8,5
2022-01-18 21:45:00,2022-01-18 22:30:00,1.0,8.7,9.024999999999999,21
2022-01-21 23:00:00,2022-01-22 00:45:00,2.0,8.6,8.875,23
2022-01-22 08:30:00,2022-01-22 10:45:00,2.5,8.6,8.82,8
2022-01-22 12:30:00,2022-01-22 13:00:00,0.75,9.2,9.399999999999999,12
2022-01-22 21:00:00,2022-01-22 22:00:00,1.25,8.6,8.8,21
2022-01-23 17:15:00,2022-01-23 17:45:00,0.75,9.4,9.566666666666665,17
2022-01-24 14:45:00,2022-01-24 17:00:00,2.5,9.5,9.99,14
2022-01-26 12:15:00,2022-01-26 13:00:00,1.0,8.8,8.975000000000001,12
2022-01-26 23:30:00,2022-01-27 00:00:00,0.75,9.2,9.399999999999999,23
2022-01-27 18:00:00,2022-01-27 19:45:00,2.0,9.9,10.2125,18
2022-01-28 13:15:00,2022-01-28 15:00:00,2.0,9.1,9.337499999999999,13
2022-01-29 14:30:00,2022-01-29 15:45:00,1.5,9.3,9.75,14
2022-02-05 09:15:00,2022-02-05 10:30:00,1.5,9.0,9.183333333333332,9
2022-02-05 13:30:00,2022-02-05 14:15:00,1.0,9.7,9.875,13
2022-02-05 17:45:00,2022-02-05 20:45:00,3.25,9.3,9.676923076923078,17
2022-02-06 11:00:00,2022-02-06 11:15:00,0.5,9.0,9.1,11
2022-02-06 22:30:00,2022-02-06 23:45:00,1.5,9.0,9.416666666666666,22
2022-02-07 13:15:00,2022-02-07 13:45:00,0.75,9.3,9.4,13
2022-02-07 15:45:00,2022-02-07 17:45:00,2.25,9.8,9.977777777777778,15
2022-02-08 12:45:00,2022-02-08 13:45:00,1.25,9.3,9.459999999999999,12
2022-02-08 15:30:00,2022-02-08 16:15:00,1.0,10.1,10.4,15
2022-02-09 01:15:00,2022-02-09 01:45:00,0.75,8.8,9.066666666666666,1
2022-02-09 14:00:00,2022-02-09 17:45:00,4.0,9.2,10.174999999999999,14
2022-02-09 19:30:00,2022-02-09 20:45:00,1.5,10.1,10.233333333333333,19
2022-02-09 23:00:00,2022-02-10 02:30:00,3.75,8.8,9.580000000000002,23
2022-02-10 14:45:00,2022-02-10 16:15:00,1.75,9.3,9.57142857142857,14
2022-02-11 03:00:00,2022-02-11 05:00:00,2.25,9.0,9.233333333333334,3
2022-02-11 14:00:00,2022-02-11 17:30:00,3.75,9.5,9.806666666666667,14
2022-02-11 19:15:00,2022-02-11 20:15:00,1.25,10.3,10.5,19
2022-02-12 00:00:00,2022-02-12 01:45:00,2.0,9.7,9.787500000000001,0
2022-02-12 03:15:00,2022-02-12 04:15:00,1.25,8.8,9.24,3
2022-02-12 16:00:00,2022-02-12 18:15:00,2.5,9.5,9.83,16
2022-02-12 19:45:00,2022-02-12 20:45:00,1.25,10.2,10.36,19
2022-02-13 03:45:00,2022-02-13 04:30:00,1.0,8.9,9.075,3
2022-02-13 16:45:00,2022-02-13 17:00:00,0.5,9.7,9.8,16
2022-02-13 18:30:00,2022-02-13 21:00:00,2.75,9.2,9.872727272727273,18
2022-02-14 03:45:00,2022-02-14 04:00:00,0.5,8.8,8.95,3
2022-02-14 14:45:00,2022-02-14 21:00:00,6.5,8.8,9.61923076923077,14
2022-02-15 15:45:00,2022-02-15 17:45:00,2.25,9.0,9.444444444444445,15
2022-02-16 16:00:00,2022-02-16 17:30:00,1.75,9.1,9.328571428571427,16
2022-02-18 19:00:00,2022-02-18 19:15:00,0.5,8.6,8.7,19
2022-02-19 18:00:00,2022-02-19 19:00:00,1.25,8.8,8.959999999999999,18
2022-02-20 19:45:00,2022-02-20 20:15:00,0.75,8.8,8.9,19
2022-02-21 08:30:00,2022-02-21 09:00:00,0.75,8.5,8.6,8
2022-02-21 13:30:00,2022-02-21 14:15:00,1.0,9.3,9.524999999999999,13
2022-02-21 18:30:00,2022-02-21 19:15:00,1.0,9.0,9.2,18
2022-02-22 07:15:00,2022-02-22 07:45:00,0.75,8.5,8.633333333333333,7
2022-02-22 14:15:00,2022-02-22 15:00:00,1.0,9.0,9.35,14
2022-02-22 19:45:00,2022-02-22 20:30:00,1.0,8.7,8.875,19
2022-02-23 08:00:00,2022-02-23 08:15:00,0.5,8.6,8.7,8
2022-02-23 11:00:00,2022-02-23 11:45:00,1.0,8.3,8.400000000000002,11
2022-02-23 13:45:00,2022-02-23 14:30:00,1.0,8.8,9.15,13
2022-02-23 16:45:00,2022-02-23 18:00:00,1.5,9.2,9.450000000000001,16
2022-02-23 20:45:00,2022-02-23 23:15:00,2.75,8.3,8.718181818181817,20
2022-02-24 05:00:00,2022-02-24 10:15:00,5.5,8.4,8.75909090909091,5
2022-02-24 11:45:00,2022-02-24 12:15:00,0.75,8.1,8.333333333333334,11
2022-02-24 14:30:00,2022-02-24 16:15:00,2.0,8.5,9.1,14
2022-02-24 22:30:00,2022-02-24 23:00:00,0.75,8.2,8.333333333333334,22
2022-02-25 13:15:00,2022-02-25 14:15:00,1.25,8.0,8.16,13
2022-02-25 16:15:00,2022-02-25 18:30:00,2.5,8.8,9.169999999999998,16
2022-02-25 23:15:00,2022-02-26 02:30:00,3.5,7.8,8.285714285714286,23
2022-02-26 12:00:00,2022-02-26 14:15:00,2.5,7.7,8.33,12
2022-02-26 23:00:00,2022-02-27 02:00:00,3.25,7.6,8.207692307692307,23
2022-02-28 15:15:00,2022-02-28 16:45:00,1.75,7.7,7.785714285714286,15
2022-03-02 15:30:00,2022-03-02 16:30:00,1.25,7.5,7.7,15
2022-03-04 18:00:00,2022-03-04 20:00:00,2.25,7.4,7.655555555555556,18
2022-03-05 17:15:00,2022-03-05 18:15:00,1.25,7.6,7.720000000000001,17
2022-03-06 06:00:00,2022-03-06 06:45:00,1.0,7.2,7.375,6
2022-03-07 05:15:00,2022-03-07 06:45:00,1.75,7.0,7.357142857142856,5
2022-03-08 00:15:00,2022-03-08 01:00:00,1.0,7.5,7.55,0
2022-03-08 06:45:00,2022-03-08 11:30:00,5.0,7.2,7.5649999999999995,6
2022-03-08 14:15:00,2022-03-08 16:30:00,2.5,8.5,8.9,14
2022-03-08 20:00:00,2022-03-08 23:30:00,3.75,7.0,7.6933333333333325,20
2022-03-09 06:45:00,2022-03-09 12:00:00,5.5,7.1,7.486363636363635,6
2022-03-09 15:45:00,2022-03-09 18:30:00,3.0,7.7,8.025,15
2022-03-09 20:45:00,2022-03-09 21:15:00,0.75,7.5,7.733333333333333,20
2022-03-10 00:15:00,2022-03-10 02:00:00,2.0,7.1,7.2875,0
2022-03-10 04:15:00,2022-03-10 06:00:00,2.0,7.6,7.7749999999999995,4
2022-03-10 09:45:00,2022-03-10 10:15:00,0.75,7.5,7.566666666666666,9
2022-03-10 11:45:00,2022-03-10 12:45:00,1.25,7.2,7.38,11
2022-03-10 18:30:00,2022-03-10 22:30:00,4.25,7.2,8.01764705882353,18
2022-03-11 00:30:00,2022-03-11 02:00:00,1.75,6.6,6.957142857142857,0
2022-03-11 10:30:00,2022-03-11 11:00:00,0.75,6.8,7.0,10
2022-03-11 13:30:00,2022-03-11 14:30:00,1.25,6.9,7.0200000000000005,13
2022-03-11 19:15:00,2022-03-11 22:30:00,3.5,7.3,7.721428571428572,19
2022-03-12 00:45:00,2022-03-12 02:30:00,2.0,6.5,6.85,0
2022-03-13 01:15:00,2022-03-13 06:00:00,5.0,7.2,7.715000000000001,1
2022-03-13 16:30:00,2022-03-13 17:00:00,0.75,7.7,7.766666666666667,16
2022-03-14 00:45:00,2022-03-14 01:15:00,0.75,7.3,7.6000000000000005,0
2022-03-14 10:00:00,2022-03-14 11:15:00,1.5,7.8,7.949999999999999,10
2022-03-14 14:00:00,2022-03-14 17:45:00,4.0,7.3,7.7562500000000005,14
2022-03-15 01:00:00,2022-03-15 03:15:00,2.5,7.3,7.62,1
2022-03-15 14:15:00,2022-03-15 17:30:00,3.5,7.4,7.721428571428572,14
2022-03-15 19:15:00,2022-03-15 20:15:00,1.25,7.4,7.8,19
2022-03-16 01:00:00,2022-03-16 02:30:00,1.75,7.2,7.514285714285714,1
2022-03-17 02:00:00,2022-03-17 02:30:00,0.75,7.2,7.333333333333333,2
2022-03-17 14:30:00,2022-03-17 16:15:00,2.0,7.4,7.675,14
2022-03-17 20:00:00,2022-03-17 20:45:00,1.0,7.4,7.574999999999999,20
2022-03-18 16:45:00,2022-03-18 18:00:00,1.5,7.2,7.283333333333334,16
2022-03-21 15:45:00,2022-03-21 20:15:00,4.75,7.0,7.4421052631578934,15
2022-03-22 00:00:00,2022-03-22 00:15:00,0.5,7.2,7.300000000000001,0
2022-03-22 07:00:00,2022-03-22 08:15:00,1.5,6.7,6.866666666666667,7
2022-03-22 18:30:00,2022-03-22 20:00:00,1.75,6.9,7.2,18
2022-03-24 01:15:00,2022-03-24 01:30:00,0.5,7.0,7.1,1
2022-03-24 08:30:00,2022-03-24 09:15:00,1.0,6.6,6.75,8
2022-03-24 11:00:00,2022-03-24 12:00:00,1.25,6.5,6.660000000000001,11
2022-03-24 20:15:00,2022-03-24 21:00:00,1.0,6.7,6.8999999999999995,20
2022-03-25 03:15:00,2022-03-25 03:30:00,0.5,6.7,6.800000000000001,3
2022-03-25 14:30:00,2022-03-25 15:30:00,1.25,6.9,7.26,14
2022-03-26 00:45:00,2022-03-26 01:15:00,0.75,6.4,6.7,0
2022-03-26 13:00:00,2022-03-26 15:15:00,2.5,6.9,7.4399999999999995,13
2022-03-26 19:15:00,2022-03-26 20:15:00,1.25,7.5,7.6,19
2022-03-26 23:45:00,2022-03-27 03:30:00,4.0,7.0,7.21875,23
2022-03-27 08:45:00,2022-03-27 09:30:00,1.0,7.4,7.7,8
2022-03-27 14:00:00,2022-03-27 15:15:00,1.5,7.0,7.383333333333333,14
2022-03-27 16:45:00,2022-03-27 17:45:00,1.25,7.7,7.9799999999999995,16
2022-03-27 22:45:00,2022-03-27 23:15:00,0.75,7.4,7.666666666666667,22
2022-03-28 01:45:00,2022-03-28 03:15:00,1.75,6.6,6.942857142857143,1
2022-03-28 11:15:00,2022-03-28 11:45:00,0.75,7.5,7.566666666666666,11
2022-03-28 13:30:00,2022-03-28 14:15:00,1.0,7.1,7.425000000000001,13
2022-03-29 14:30:00,2022-03-29 15:45:00,1.5,7.3,7.55,14
2022-03-29 20:15:00,2022-03-29 21:15:00,1.25,7.3,7.62,20
2022-03-30 15:30:00,2022-03-30 16:45:00,1.5,7.2,7.383333333333334,15
2022-03-31 20:00:00,2022-03-31 21:00:00,1.25,7.1,7.220000000000001,20
2022-04-01 16:45:00,2022-04-01 17:45:00,1.25,7.1,7.220000000000001,16
2022-04-02 01:30:00,2022-04-02 05:15:00,4.0,6.5,6.8125,1
2022-04-02 22:15:00,2022-04-02 23:00:00,1.0,6.9,7.075000000000001,22
2022-04-03 05:15:00,2022-04-03 05:30:00,0.5,6.1,6.25,5
2022-04-03 12:15:00,2022-04-03 13:30:00,1.5,7.4,7.583333333333333,12
2022-04-03 16:15:00,2022-04-03 23:45:00,7.75,6.4,6.903225806451611,16
2022-04-04 06:30:00,2022-04-04 09:00:00,2.75,6.4,6.654545454545455,6
2022-04-04 16:15:00,2022-04-04 18:45:00,2.75,6.7,7.372727272727274,16
2022-04-05 05:30:00,2022-04-05 07:15:00,2.0,5.9,6.2,5
2022-04-05 16:15:00,2022-04-05 18:30:00,2.5,6.9,7.280000000000001,16
2022-04-05 20:15:00,2022-04-05 20:30:00,0.5,6.7,6.800000000000001,20
2022-04-05 22:00:00,2022-04-05 23:15:00,1.5,6.6,6.833333333333335,22
2022-04-06 06:30:00,2022-04-06 08:00:00,1.75,6.3,6.557142857142857,6
2022-04-06 14:45:00,2022-04-06 21:30:00,7.0,6.5,7.325,14
2022-04-06 23:30:00,2022-04-07 00:45:00,1.5,6.3,6.616666666666666,23
2022-04-07 02:45:00,2022-04-07 03:45:00,1.25,7.0,7.260000000000001,2
2022-04-07 07:00:00,2022-04-07 08:00:00,1.25,6.6,6.92,7
2022-04-07 15:00:00,2022-04-07 18:30:00,3.75,7.0,7.54,15
2022-04-07 22:00:00,2022-04-07 23:00:00,1.25,6.9,7.0600000000000005,22
2022-04-08 04:45:00,2022-04-08 05:30:00,1.0,6.9,7.1,4
2022-04-08 11:00:00,2022-04-08 14:15:00,3.5,7.3,7.642857142857141,11
2022-04-08 20:30:00,2022-04-09 00:15:00,4.0,6.5,7.1,20
2022-04-09 14:00:00,2022-04-09 17:45:00,4.0,7.8,8.1125,14
2022-04-10 01:00:00,2022-04-10 01:15:00,0.5,6.7,6.95,1
2022-04-10 06:45:00,2022-04-10 07:45:00,1.25,7.2,7.460000000000001,6
2022-04-10 13:45:00,2022-04-10 14:45:00,1.25,7.6,8.0,13
2022-04-10 16:45:00,2022-04-10 19:45:00,3.25,7.7,8.392307692307693,16
2022-04-10 22:00:00,2022-04-11 10:15:00,12.5,6.4,7.302,22
2022-04-11 13:30:00,2022-04-11 15:30:00,2.25,6.8,7.133333333333334,13
2022-04-11 19:15:00,2022-04-11 22:00:00,3.0,7.4,7.966666666666669,19
2022-04-11 23:30:00,2022-04-12 02:45:00,3.5,6.2,7.150000000000001,23
2022-04-12 12:30:00,2022-04-12 15:30:00,3.25,6.6,7.446153846153846,12
2022-04-12 23:30:00,2022-04-13 03:15:00,4.0,6.2,7.06875,23
2022-04-13 13:00:00,2022-04-13 15:45:00,3.0,6.3,7.158333333333332,13
2022-04-14 00:00:00,2022-04-14 02:15:00,2.5,6.5,6.859999999999999,0
2022-04-14 13:15:00,2022-04-14 15:00:00,2.0,6.7,6.987500000000001,13
2022-04-14 16:45:00,2022-04-14 18:30:00,2.0,6.5,6.7875,16
2022-04-15 00:30:00,2022-04-15 01:15:00,1.0,6.6,6.775,0
2022-04-15 02:45:00,2022-04-15 04:00:00,1.5,6.2,6.383333333333333,2
2022-04-15 15:15:00,2022-04-15 16:00:00,1.0,6.4,6.775,15
2022-04-16 01:45:00,2022-04-16 02:30:00,1.0,6.0,6.375,1
2022-04-16 05:00:00,2022-04-16 06:30:00,1.75,6.3,6.471428571428571,5
2022-04-16 15:00:00,2022-04-16 17:30:00,2.75,6.0,6.309090909090909,15
2022-04-17 02:15:00,2022-04-17 04:15:00,2.25,5.4,5.9111111111111105,2
2022-04-17 07:00:00,2022-04-17 09:00:00,2.25,6.0,6.322222222222223,7
2022-04-17 16:30:00,2022-04-17 17:00:00,0.75,5.9,6.266666666666666,16
2022-04-18 04:15:00,2022-04-18 05:30:00,1.5,6.1,6.333333333333332,4
2022-04-18 07:45:00,2022-04-18 08:15:00,0.75,6.3,6.3999999999999995,7
2022-04-18 16:30:00,2022-04-18 17:30:00,1.25,6.3,6.4399999999999995,16
2022-04-19 07:30:00,2022-04-19 09:00:00,1.75,5.7,5.885714285714286,7
2022-04-19 12:45:00,2022-04-19 13:45:00,1.25,7.0,7.140000000000001,12
2022-04-19 16:00:00,2022-04-19 19:30:00,3.75,5.7,6.6466666666666665,16
2022-04-19 22:30:00,2022-04-20 00:00:00,1.75,6.1,6.542857142857144,22
2022-04-20 10:00:00,2022-04-20 11:15:00,1.5,5.8,6.233333333333333,10
2022-04-20 17:00:00,2022-04-20 20:15:00,3.5,6.2,6.75,17
2022-04-21 07:00:00,2022-04-21 10:15:00,3.5,6.2,6.457142857142857,7
2022-04-21 14:30:00,2022-04-21 15:15:00,1.0,7.6,7.824999999999999,14
2022-04-21 17:15:00,2022-04-22 01:45:00,8.75,6.2,6.72,17
2022-04-22 08:30:00,2022-04-22 10:30:00,2.25,6.3,6.466666666666666,8
2022-04-22 12:15:00,2022-04-22 12:45:00,0.75,6.2,6.3,12
2022-04-22 14:30:00,2022-04-22 16:30:00,2.25,7.4,7.855555555555556,14
2022-04-22 19:15:00,2022-04-22 22:45:00,3.75,6.2,6.713333333333335,19
2022-04-23 00:45:00,2022-04-23 01:30:00,1.0,6.6,6.75,0
2022-04-23 08:45:00,2022-04-23 09:15:00,0.75,6.2,6.366666666666667,8
2022-04-23 10:45:00,2022-04-23 12:00:00,1.5,6.4,6.483333333333333,10
2022-04-23 16:00:00,2022-04-23 21:30:00,5.75,6.6,7.495652173913043,16
2022-04-23 23:00:00,2022-04-24 00:00:00,1.25,6.0,6.319999999999999,23
2022-04-24 02:00:00,2022-04-24 02:30:00,0.75,6.3,6.3999999999999995,2
2022-04-24 10:00:00,2022-04-24 10:30:00,0.75,6.3,6.533333333333334,10
2022-04-24 12:00:00,2022-04-24 14:15:00,2.5,6.2,6.5200000000000005,12
2022-04-24 19:15:00,2022-04-25 01:15:00,6.25,6.0,6.812,19
2022-04-25 10:00:00,2022-04-25 12:30:00,2.75,6.4,6.663636363636365,10
2022-04-25 17:00:00,2022-04-25 18:15:00,1.5,6.7,7.0,17
2022-04-25 22:45:00,2022-04-26 04:45:00,6.25,5.6,6.144,22
2022-04-26 11:15:00,2022-04-26 11:45:00,0.75,6.3,6.5,11
2022-04-26 13:30:00,2022-04-26 15:45:00,2.5,5.9,6.24,13
2022-04-27 00:30:00,2022-04-27 02:15:00,2.0,5.8,5.949999999999999,0
2022-04-27 12:45:00,2022-04-27 15:45:00,3.25,6.0,6.476923076923077,12
2022-04-28 01:15:00,2022-04-28 04:00:00,3.0,5.9,6.091666666666668,1
2022-04-28 14:15:00,2022-04-28 15:15:00,1.25,6.4,6.6,14
2022-04-29 01:30:00,2022-04-29 04:00:00,2.75,5.5,5.881818181818182,1
2022-04-29 13:45:00,2022-04-29 15:45:00,2.25,6.1,6.555555555555555,13
2022-04-29 20:00:00,2022-04-29 20:45:00,1.0,6.3,6.5249999999999995,20
2022-04-30 03:00:00,2022-04-30 04:30:00,1.75,5.4,5.614285714285715,3
2022-04-30 12:45:00,2022-04-30 15:45:00,3.25,6.1,6.523076923076924,12
2022-05-01 00:30:00,2022-05-01 01:30:00,1.25,6.1,6.3,0
2022-05-01 03:00:00,2022-05-01 04:30:00,1.75,5.4,5.842857142857143,3
2022-05-01 06:15:00,2022-05-01 09:15:00,3.25,5.7,5.876923076923077,6
2022-05-01 14:15:00,2022-05-01 19:30:00,5.5,5.8,6.254545454545453,14
2022-05-02 03:45:00,2022-05-02 07:30:00,4.0,5.2,5.69375,3
2022-05-02 12:45:00,2022-05-02 13:15:00,0.75,6.7,6.766666666666667,12
2022-05-02 15:15:00,2022-05-02 19:30:00,4.5,5.6,6.05,15
2022-05-02 22:15:00,2022-05-03 09:45:00,11.75,5.3,6.06595744680851,22
2022-05-03 12:45:00,2022-05-03 13:15:00,0.75,6.8,6.8999999999999995,12
2022-05-03 15:30:00,2022-05-03 19:00:00,3.75,5.6,6.166666666666667,15
2022-05-03 22:15:00,2022-05-03 23:15:00,1.25,5.6,5.86,22
2022-05-04 05:15:00,2022-05-04 08:00:00,3.0,5.3,5.841666666666665,5
2022-05-04 09:30:00,2022-05-04 10:45:00,1.5,5.3,5.766666666666667,9
2022-05-04 13:30:00,2022-05-04 15:45:00,2.5,6.8,7.220000000000001,13
2022-05-04 17:45:00,2022-05-04 23:00:00,5.5,5.2,5.945454545454546,17
2022-05-05 05:00:00,2022-05-05 07:00:00,2.25,5.8,6.166666666666667,5
2022-05-05 10:15:00,2022-05-05 11:15:00,1.25,5.6,5.68,10
2022-05-05 15:30:00,2022-05-05 22:45:00,7.5,5.3,6.470000000000001,15
2022-05-06 03:00:00,2022-05-06 04:15:00,1.5,6.0,6.366666666666667,3
2022-05-06 07:15:00,2022-05-06 12:15:00,5.25,5.3,5.7,7
2022-05-06 15:00:00,2022-05-06 18:45:00,4.0,6.3,7.0125,15
2022-05-06 20:15:00,2022-05-06 20:45:00,0.75,5.4,5.733333333333334,20
2022-05-06 22:15:00,2022-05-06 23:45:00,1.75,5.5,5.614285714285715,22
2022-05-07 08:30:00,2022-05-07 13:45:00,5.5,6.0,6.504545454545456,8
2022-05-07 21:00:00,2022-05-08 00:30:00,3.75,5.4,5.793333333333334,21
2022-05-08 09:45:00,2022-05-08 11:15:00,1.75,5.9,6.471428571428571,9
2022-05-08 12:45:00,2022-05-08 16:00:00,3.5,6.1,7.107142857142857,12
2022-05-08 19:30:00,2022-05-08 20:45:00,1.5,6.8,7.033333333333332,19
2022-05-09 00:15:00,2022-05-09 03:30:00,3.5,5.3,5.8,0
2022-05-09 06:30:00,2022-05-09 07:30:00,1.25,6.6,6.760000000000001,6
2022-05-09 13:00:00,2022-05-09 14:15:00,1.5,6.6,7.333333333333333,13
2022-05-09 17:30:00,2022-05-10 01:30:00,8.25,5.2,6.921212121212121,17
2022-05-10 06:15:00,2022-05-10 07:15:00,1.25,6.6,6.7,6
2022-05-10 10:15:00,2022-05-10 14:15:00,4.25,5.7,6.552941176470588,10
2022-05-10 16:00:00,2022-05-10 16:15:00,0.5,6.2,6.300000000000001,16
2022-05-10 18:15:00,2022-05-11 02:00:00,8.0,5.7,6.6625,18
2022-05-11 12:30:00,2022-05-11 14:30:00,2.25,5.7,6.455555555555556,12
2022-05-11 22:45:00,2022-05-12 03:45:00,5.25,5.5,6.080952380952381,22
2022-05-12 13:45:00,2022-05-12 14:30:00,1.0,5.7,6.0,13
2022-05-12 23:15:00,2022-05-13 03:00:00,4.0,5.5,5.95625,23
2022-05-13 06:45:00,2022-05-13 08:00:00,1.5,6.0,6.183333333333333,6
2022-05-13 12:45:00,2022-05-13 17:45:00,5.25,5.6,5.995238095238095,12
2022-05-14 01:30:00,2022-05-14 05:00:00,3.75,5.1,5.533333333333334,1
2022-05-14 19:00:00,2022-05-14 20:00:00,1.25,6.0,6.519999999999999,19
2022-05-15 07:30:00,2022-05-15 07:45:00,0.5,5.6,5.75,7
2022-05-15 11:00:00,2022-05-15 11:15:00,0.5,5.7,5.9,11
2022-05-15 13:45:00,2022-05-15 15:45:00,2.25,5.3,5.644444444444444,13
2022-05-15 19:15:00,2022-05-15 20:45:00,1.75,5.8,6.457142857142856,19
2022-05-16 02:00:00,2022-05-16 06:15:00,4.5,4.8,5.166666666666666,2
2022-05-16 13:00:00,2022-05-16 17:45:00,5.0,5.3,5.595,13
2022-05-16 21:15:00,2022-05-16 21:30:00,0.5,6.2,6.300000000000001,21
2022-05-17 01:30:00,2022-05-17 02:00:00,0.75,5.3,5.3999999999999995,1
2022-05-17 03:45:00,2022-05-17 04:00:00,0.5,4.8,4.9,3
2022-05-17 05:45:00,2022-05-17 07:00:00,1.5,4.9,5.166666666666667,5
2022-05-17 08:30:00,2022-05-17 09:15:00,1.0,5.5,5.65,8
2022-05-17 15:00:00,2022-05-17 17:30:00,2.75,5.5,6.018181818181817,15
2022-05-17 22:15:00,2022-05-18 01:30:00,3.5,5.7,6.07857142857143,22
2022-05-18 07:15:00,2022-05-18 08:45:00,1.75,5.1,5.3428571428571425,7
2022-05-18 15:45:00,2022-05-18 16:15:00,0.75,5.5,5.833333333333333,15
2022-05-18 17:45:00,2022-05-18 19:15:00,1.75,5.3,5.5,17
2022-05-18 22:00:00,2022-05-18 22:15:00,0.5,5.9,6.050000000000001,22
2022-05-19 02:30:00,2022-05-19 03:45:00,1.5,5.4,5.6000000000000005,2
2022-05-19 05:30:00,2022-05-19 07:00:00,1.75,4.9,5.142857142857143,5
2022-05-19 10:15:00,2022-05-19 11:00:00,1.0,5.5,5.6,10
2022-05-19 17:30:00,2022-05-19 18:45:00,1.5,4.8,5.433333333333334,17
2022-05-19 23:15:00,2022-05-20 01:30:00,2.5,5.7,6.0600000000000005,23
2022-05-20 04:45:00,2022-05-20 08:00:00,3.5,4.6,5.378571428571427,4
2022-05-20 16:45:00,2022-05-20 19:30:00,3.0,5.3,6.116666666666666,16
2022-05-21 00:15:00,2022-05-21 01:15:00,1.25,5.4,5.619999999999999,0
2022-05-21 04:30:00,2022-05-21 05:45:00,1.5,5.5,5.733333333333333,4
2022-05-21 07:45:00,2022-05-21 09:00:00,1.5,4.8,5.250000000000001,7
2022-05-21 14:45:00,2022-05-21 22:00:00,7.5,4.9,5.846666666666666,14
2022-05-22 08:30:00,2022-05-22 15:00:00,6.75,4.7,5.181481481481482,8
2022-05-22 16:45:00,2022-05-22 22:00:00,5.5,4.5,5.886363636363637,16
2022-05-23 01:00:00,2022-05-23 02:30:00,1.75,5.0,5.228571428571429,1
2022-05-23 07:00:00,2022-05-23 12:45:00,6.0,4.8,5.254166666666666,7
2022-05-23 16:00:00,2022-05-23 19:30:00,3.75,5.9,6.1866666666666665,16
2022-05-23 21:00:00,2022-05-24 00:45:00,4.0,4.8,5.2562500000000005,21
2022-05-24 03:00:00,2022-05-24 04:15:00,1.5,5.1,5.5,3
2022-05-24 09:15:00,2022-05-24 16:45:00,7.75,4.9,5.4870967741935495,9
2022-05-24 18:15:00,2022-05-24 23:30:00,5.5,4.8,5.9409090909090905,18
2022-05-25 01:15:00,2022-05-25 01:45:00,0.75,4.8,4.933333333333334,1
2022-05-25 11:15:00,2022-05-25 14:00:00,3.0,5.1,5.491666666666667,11
2022-05-25 16:30:00,2022-05-25 17:15:00,1.0,5.4,5.625,16
2022-05-25 20:15:00,2022-05-26 01:45:00,5.75,4.8,5.913043478260869,20
2022-05-26 11:15:00,2022-05-26 14:45:00,3.75,5.0,5.679999999999999,11
2022-05-26 18:15:00,2022-05-26 18:30:00,0.5,5.6,5.9,18
2022-05-26 20:15:00,2022-05-26 21:15:00,1.25,5.7,6.340000000000001,20
2022-05-27 00:45:00,2022-05-27 03:45:00,3.25,5.0,5.3076923076923075,0
2022-05-27 11:00:00,2022-05-27 13:45:00,3.0,4.8,5.5,11
2022-05-27 17:45:00,2022-05-27 19:30:00,2.0,5.7,5.9125,17
2022-05-27 23:45:00,2022-05-28 04:30:00,5.0,4.7,5.135,23
2022-05-28 11:30:00,2022-05-28 15:30:00,4.25,4.7,5.452941176470588,11
2022-05-28 19:00:00,2022-05-28 20:30:00,1.75,5.1,5.614285714285714,19
2022-05-29 01:15:00,2022-05-29 04:30:00,3.5,4.5,4.921428571428572,1
2022-05-29 11:30:00,2022-05-29 17:15:00,6.0,4.6,5.404166666666666,11
2022-05-29 19:45:00,2022-05-29 20:15:00,0.75,5.5,5.633333333333333,19
2022-05-29 23:15:00,2022-05-30 00:15:00,1.25,5.7,5.78,23
2022-05-30 01:45:00,2022-05-30 07:45:00,6.25,4.6,5.016,1
2022-05-30 14:45:00,2022-05-30 16:30:00,2.0,4.6,5.3375,14
2022-05-30 18:45:00,2022-05-30 20:00:00,1.5,5.2,5.433333333333334,18
2022-05-31 03:15:00,2022-05-31 08:45:00,5.75,4.7,4.982608695652174,3
2022-05-31 12:30:00,2022-05-31 15:00:00,2.75,5.4,6.418181818181818,12
2022-05-31 16:45:00,2022-05-31 19:30:00,3.0,4.5,5.016666666666667,16
2022-05-31 21:45:00,2022-05-31 23:00:00,1.5,5.2,5.483333333333334,21
2022-06-01 00:30:00,2022-06-01 01:00:00,0.75,5.9,6.0,0
2022-06-01 03:15:00,2022-06-01 04:15:00,1.25,5.2,5.4399999999999995,3
2022-06-01 11:00:00,2022-06-01 22:30:00,11.75,4.6,5.81063829787234,11
2022-06-02 01:45:00,2022-06-02 05:45:00,4.25,4.6,5.364705882352941,1
2022-06-02 07:15:00,2022-06-02 10:15:00,3.25,4.6,5.061538461538461,7
2022-06-02 13:15:00,2022-06-02 22:45:00,9.75,4.8,5.897435897435897,13
2022-06-03 04:45:00,2022-06-03 08:15:00,3.75,4.5,4.986666666666667,4
2022-06-03 09:45:00,2022-06-03 17:30:00,8.0,4.5,6.20625,9
2022-06-03 19:15:00,2022-06-03 23:30:00,4.5,4.4,5.216666666666667,19
2022-06-04 01:00:00,2022-06-04 01:45:00,1.0,5.8,5.925000000000001,1
2022-06-04 04:15:00,2022-06-04 06:30:00,2.5,4.9,5.59,4
2022-06-04 10:45:00,2022-06-04 12:00:00,1.5,4.9,5.133333333333334,10
2022-06-04 15:30:00,2022-06-05 01:30:00,10.25,4.2,5.734146341463414,15
2022-06-05 03:45:00,2022-06-05 05:30:00,2.0,5.6,5.949999999999999,3
2022-06-05 08:00:00,2022-06-05 09:00:00,1.25,5.1,5.319999999999999,8
2022-06-05 11:00:00,2022-06-05 12:30:00,1.75,4.9,5.2,11
2022-06-05 16:45:00,2022-06-05 21:45:00,5.25,4.6,6.061904761904761,16
2022-06-06 01:30:00,2022-06-06 02:30:00,1.25,5.3,5.48,1
2022-06-06 05:00:00,2022-06-06 13:30:00,8.75,4.7,5.437142857142858,5
2022-06-06 16:45:00,2022-06-06 23:15:00,6.75,4.1,6.151851851851853,16
2022-06-07 01:00:00,2022-06-07 01:15:00,0.5,5.3,5.449999999999999,1
2022-06-07 03:00:00,2022-06-07 04:30:00,1.75,5.4,5.671428571428571,3
2022-06-07 10:45:00,2022-06-07 12:15:00,1.75,4.5,5.3,10
2022-06-07 17:30:00,2022-06-08 02:00:00,8.75,4.4,5.777142857142856,17
2022-06-08 07:15:00,2022-06-08 07:45:00,0.75,5.5,5.666666666666667,7
2022-06-08 09:45:00,2022-06-08 14:15:00,4.75,4.3,5.126315789473685,9
2022-06-08 18:15:00,2022-06-09 04:00:00,10.0,4.5,5.3,18
2022-06-09 09:30:00,2022-06-09 11:15:00,2.0,5.0,5.2375,9
2022-06-09 12:45:00,2022-06-09 15:15:00,2.75,4.4,4.881818181818182,12
2022-06-09 17:45:00,2022-06-09 19:45:00,2.25,5.4,5.877777777777777,17
2022-06-09 21:45:00,2022-06-10 00:45:00,3.25,4.5,5.053846153846154,21
2022-06-10 02:45:00,2022-06-10 04:00:00,1.5,4.3,4.616666666666666,2
2022-06-10 10:30:00,2022-06-10 13:00:00,2.75,4.3,4.836363636363637,10
2022-06-10 14:45:00,2022-06-10 15:30:00,1.0,4.9,5.050000000000001,14
2022-06-10 23:45:00,2022-06-11 05:30:00,6.0,4.5,5.120833333333334,23
2022-06-11 12:00:00,2022-06-11 14:00:00,2.25,4.7,5.033333333333334,12
2022-06-11 18:30:00,2022-06-11 18:45:00,0.5,5.4,5.75,18
2022-06-11 20:15:00,2022-06-12 02:00:00,6.0,4.1,5.166666666666667,20
2022-06-12 03:45:00,2022-06-12 04:30:00,1.0,4.7,4.825,3
2022-06-12 12:15:00,2022-06-12 21:00:00,9.0,4.5,5.483333333333333,12
2022-06-13 02:00:00,2022-06-13 05:30:00,3.75,4.3,4.606666666666667,2
2022-06-13 07:00:00,2022-06-13 07:45:00,1.0,4.9,5.075,7
2022-06-13 12:45:00,2022-06-13 16:15:00,3.75,4.7,5.128571428571428,12
2022-06-13 17:45:00,2022-06-13 20:30:00,3.0,5.3,6.000000000000001,17
2022-06-13 22:00:00,2022-06-14 00:45:00,3.0,4.6,5.266666666666667,22
2022-06-14 04:45:00,2022-06-14 06:00:00,1.5,4.2,4.516666666666667,4
2022-06-14 10:15:00,2022-06-14 12:30:00,2.5,5.3,5.659999999999999,10
2022-06-14 14:30:00,2022-06-14 17:00:00,2.75,4.2,5.027272727272727,14
2022-06-14 19:00:00,2022-06-14 23:00:00,4.25,5.3,5.8,19
2022-06-15 01:00:00,2022-06-15 01:45:00,1.0,4.6,4.825,1
2022-06-15 03:45:00,2022-06-15 06:15:00,2.75,4.2,4.372727272727272,3
2022-06-15 09:00:00,2022-06-15 15:00:00,6.25,5.0,5.86,9
2022-06-15 16:45:00,2022-06-15 19:15:00,2.75,4.5,5.054545454545455,16
2022-06-15 20:45:00,2022-06-16 02:15:00,5.75,4.9,6.060869565217391,20
2022-06-16 10:00:00,2022-06-16 10:30:00,0.75,5.4,5.466666666666666,10
2022-06-16 12:45:00,2022-06-16 14:30:00,2.0,5.9,6.3125,12
2022-06-16 17:30:00,2022-06-16 19:45:00,2.5,5.0,5.3100000000000005,17
2022-06-16 22:15:00,2022-06-17 00:30:00,2.5,5.7,6.24,22
2022-06-17 04:30:00,2022-06-17 05:00:00,0.75,4.7,4.766666666666667,4
2022-06-17 06:30:00,2022-06-17 07:15:00,1.0,4.5,4.7250000000000005,6
2022-06-17 09:15:00,2022-06-17 10:15:00,1.25,4.5,4.88,9
2022-06-17 13:30:00,2022-06-17 22:45:00,9.5,4.5,5.771052631578947,13
2022-06-18 03:45:00,2022-06-18 04:45:00,1.25,5.0,5.26,3
2022-06-18 06:30:00,2022-06-18 08:45:00,2.5,4.2,4.51,6
2022-06-18 13:15:00,2022-06-18 13:45:00,0.75,7.0,7.2,13
2022-06-18 15:30:00,2022-06-18 21:45:00,6.5,4.5,5.826923076923077,15
2022-06-19 01:00:00,2022-06-19 01:30:00,0.75,5.1,5.5,1
2022-06-19 05:15:00,2022-06-19 06:45:00,1.75,5.0,5.228571428571428,5
2022-06-19 09:15:00,2022-06-19 14:30:00,5.5,4.5,5.409090909090908,9
2022-06-19 16:45:00,2022-06-19 19:45:00,3.25,5.3,6.638461538461538,16
2022-06-20 00:00:00,2022-06-20 03:00:00,3.25,4.7,5.592307692307693,0
2022-06-20 08:15:00,2022-06-20 09:15:00,1.25,4.8,5.1,8
2022-06-20 10:45:00,2022-06-20 11:45:00,1.25,4.6,4.92,10
2022-06-20 15:30:00,2022-06-20 22:30:00,7.25,4.4,6.296551724137932,15
2022-06-21 02:00:00,2022-06-21 03:45:00,2.0,5.3,5.6,2
2022-06-21 09:15:00,2022-06-22 01:30:00,16.5,4.3,5.642424242424242,9
2022-06-22 09:45:00,2022-06-22 12:30:00,3.0,4.4,5.466666666666666,9
2022-06-22 14:45:00,2022-06-23 00:00:00,9.5,4.6,5.857894736842105,14
2022-06-23 03:00:00,2022-06-23 05:00:00,2.25,4.3,4.844444444444445,3
2022-06-23 11:15:00,2022-06-23 13:00:00,2.0,4.4,5.175000000000001,11
2022-06-23 17:15:00,2022-06-23 18:15:00,1.25,5.5,5.779999999999999,17
2022-06-23 20:00:00,2022-06-23 20:30:00,0.75,6.4,6.533333333333334,20
2022-06-23 22:30:00,2022-06-24 02:45:00,4.5,3.9,5.23888888888889,22
2022-06-24 04:45:00,2022-06-24 05:00:00,0.5,4.4,4.6,4
2022-06-24 11:30:00,2022-06-24 17:15:00,6.0,4.2,5.241666666666667,11
2022-06-24 20:45:00,2022-06-24 21:30:00,1.0,6.4,6.549999999999999,20
2022-06-24 23:15:00,2022-06-25 06:15:00,7.25,4.5,5.203448275862068,23
2022-06-25 11:00:00,2022-06-25 15:45:00,5.0,3.9,5.14,11
2022-06-25 17:45:00,2022-06-25 18:45:00,1.25,5.1,5.56,17
2022-06-26 00:30:00,2022-06-26 05:15:00,5.0,4.3,4.965,0
2022-06-26 11:00:00,2022-06-26 15:45:00,5.0,4.0,5.159999999999999,11
2022-06-26 17:15:00,2022-06-26 18:45:00,1.75,4.5,5.014285714285713,17
2022-06-27 01:30:00,2022-06-27 07:00:00,5.75,4.1,4.769565217391304,1
2022-06-27 11:45:00,2022-06-27 16:15:00,4.75,3.9,5.310526315789473,11
2022-06-27 17:45:00,2022-06-27 20:15:00,2.75,4.8,5.045454545454546,17
2022-06-28 01:30:00,2022-06-28 08:15:00,7.0,4.1,4.696428571428572,1
2022-06-28 10:30:00,2022-06-28 19:00:00,8.75,3.5,4.748571428571429,10
2022-06-28 20:30:00,2022-06-28 21:15:00,1.0,4.4,4.55,20
2022-06-29 03:00:00,2022-06-29 08:00:00,5.25,3.5,4.057142857142857,3
2022-06-29 11:00:00,2022-06-29 12:45:00,2.0,5.0,5.699999999999999,11
2022-08-10 19:00:00,2022-08-10 19:45:00,1.0,5.1,5.5,19
2022-08-10 23:30:00,2022-08-11 04:45:00,5.5,2.9,4.068181818181818,23
2022-08-11 06:15:00,2022-08-11 07:15:00,1.25,4.3,4.539999999999999,6
2022-08-11 11:00:00,2022-08-11 11:15:00,0.5,4.6,4.75,11
2022-08-11 12:45:00,2022-08-11 16:15:00,3.75,3.9,4.386666666666667,12
2022-08-11 20:00:00,2022-08-11 21:15:00,1.5,4.7,4.916666666666667,20
2022-08-12 02:45:00,2022-08-12 08:15:00,5.75,3.3,4.178260869565218,2
2022-08-12 13:45:00,2022-08-12 18:00:00,4.5,4.2,4.727777777777778,13
2022-08-12 21:45:00,2022-08-12 23:30:00,2.0,4.8,5.1125,21
2022-08-13 06:15:00,2022-08-13 09:00:00,3.0,4.2,4.625,6
2022-08-13 17:15:00,2022-08-13 19:30:00,2.5,4.4,4.68,17
2022-08-13 22:30:00,2022-08-13 23:30:00,1.25,5.1,5.28,22
2022-08-14 02:00:00,2022-08-14 03:15:00,1.5,4.5,4.666666666666667,2
2022-08-14 04:45:00,2022-08-14 05:15:00,0.75,4.0,4.133333333333334,4
2022-08-14 08:00:00,2022-08-14 08:15:00,0.5,4.3,4.449999999999999,8
2022-08-14 12:30:00,2022-08-14 13:00:00,0.75,5.6,5.866666666666667,12
2022-08-14 17:15:00,2022-08-14 20:30:00,3.5,4.2,4.8428571428571425,17
2022-08-14 23:30:00,2022-08-14 23:45:00,0.5,4.9,5.0,23
2022-08-15 05:45:00,2022-08-15 07:00:00,1.5,3.7,3.933333333333333,5
2022-08-15 08:30:00,2022-08-15 10:45:00,2.5,4.2,4.84,8
2022-08-15 18:15:00,2022-08-15 20:45:00,2.75,4.3,4.681818181818182,18
2022-08-16 04:00:00,2022-08-16 04:45:00,1.0,4.6,4.75,4
2022-08-16 06:15:00,2022-08-16 08:45:00,2.75,3.8,4.2272727272727275,6
2022-08-16 11:30:00,2022-08-16 12:00:00,0.75,4.7,4.933333333333334,11
2022-08-16 18:45:00,2022-08-16 22:45:00,4.25,4.1,4.623529411764706,18
2022-08-17 00:15:00,2022-08-17 00:45:00,0.75,5.1,5.233333333333333,0
2022-08-17 06:30:00,2022-08-17 09:30:00,3.25,4.0,4.407692307692308,6
2022-08-17 12:15:00,2022-08-17 12:45:00,0.75,4.9,5.033333333333334,12
2022-08-17 19:15:00,2022-08-18 00:30:00,5.5,3.9,4.54090909090909,19
2022-08-18 02:00:00,2022-08-18 03:15:00,1.5,4.6,4.966666666666667,2
2022-08-18 07:15:00,2022-08-18 15:00:00,8.0,4.0,4.684374999999999,7
2022-08-18 20:00:00,2022-08-18 23:00:00,3.25,4.4,4.753846153846154,20
2022-08-19 00:30:00,2022-08-19 01:30:00,1.25,4.4,4.639999999999999,0
2022-08-19 08:15:00,2022-08-19 14:30:00,6.5,4.2,4.673076923076923,8
2022-08-19 17:30:00,2022-08-19 19:30:00,2.25,5.5,5.788888888888889,17
2022-08-19 21:15:00,2022-08-20 00:00:00,3.0,4.4,4.841666666666666,21
2022-08-20 06:30:00,2022-08-20 07:45:00,1.5,4.7,4.866666666666666,6
2022-08-20 10:00:00,2022-08-20 10:15:00,0.5,4.2,4.4,10
2022-08-20 11:45:00,2022-08-20 13:45:00,2.25,4.5,4.666666666666667,11
2022-08-20 18:15:00,2022-08-21 02:45:00,8.75,3.9,5.074285714285715,18
2022-08-21 07:30:00,2022-08-21 08:45:00,1.5,4.5,4.866666666666667,7
2022-08-21 10:30:00,2022-08-21 15:15:00,5.0,4.0,4.529999999999999,10
2022-08-21 18:30:00,2022-08-21 18:45:00,0.5,5.2,5.300000000000001,18
2022-08-21 20:15:00,2022-08-22 02:30:00,6.5,4.1,4.888461538461538,20
2022-08-22 04:15:00,2022-08-22 05:30:00,1.5,3.7,4.2,4
2022-08-22 07:00:00,2022-08-22 09:30:00,2.75,4.3,4.945454545454545,7
2022-08-22 11:00:00,2022-08-22 17:00:00,6.25,4.2,4.667999999999999,11
2022-08-22 18:30:00,2022-08-22 19:30:00,1.25,5.0,5.34,18
2022-08-22 21:15:00,2022-08-22 21:30:00,0.5,4.8,4.949999999999999,21
2022-08-22 23:30:00,2022-08-23 05:45:00,6.5,3.9,4.461538461538462,23
2022-08-23 13:00:00,2022-08-23 17:00:00,4.25,4.0,4.382352941176471,13
2022-08-23 21:00:00,2022-08-23 22:00:00,1.25,4.9,5.279999999999999,21
2022-08-24 00:30:00,2022-08-24 06:45:00,6.5,3.6,4.146153846153846,0
2022-08-24 13:00:00,2022-08-24 19:00:00,6.25,4.0,4.532,13
2022-08-24 21:45:00,2022-08-24 23:45:00,2.25,4.8,5.044444444444443,21
2022-08-25 02:00:00,2022-08-25 04:30:00,2.75,3.5,3.936363636363636,2
2022-08-25 13:45:00,2022-08-25 14:45:00,1.25,4.2,4.4799999999999995,13
2022-08-25 18:00:00,2022-08-25 21:00:00,3.25,4.4,4.776923076923077,18
2022-08-26 02:00:00,2022-08-26 04:00:00,2.25,3.6,3.7777777777777777,2
2022-08-26 11:00:00,2022-08-26 12:15:00,1.5,4.7,4.85,11
2022-08-26 14:15:00,2022-08-26 14:45:00,0.75,3.9,4.2,14
2022-08-26 19:00:00,2022-08-26 21:00:00,2.25,4.5,5.077777777777778,19
2022-08-27 03:30:00,2022-08-27 04:00:00,0.75,3.5,3.6999999999999997,3
2022-08-27 05:30:00,2022-08-27 06:15:00,1.0,3.6,3.95,5
2022-08-27 07:45:00,2022-08-27 09:00:00,1.5,4.2,4.666666666666667,7
2022-08-27 11:15:00,2022-08-27 12:30:00,1.5,4.9,5.066666666666666,11
2022-08-27 14:30:00,2022-08-27 16:00:00,1.75,3.9,4.328571428571428,14
2022-08-27 21:15:00,2022-08-27 21:30:00,0.5,4.6,4.949999999999999,21
2022-08-28 03:45:00,2022-08-28 05:15:00,1.75,3.3,3.6142857142857148,3
2022-08-28 12:00:00,2022-08-28 12:30:00,0.75,5.1,5.366666666666667,12
2022-08-28 15:45:00,2022-08-28 19:15:00,3.75,4.2,4.6933333333333325,15
2022-08-28 20:45:00,2022-08-28 23:15:00,2.75,4.8,5.4363636363636365,20
2022-08-29 04:00:00,2022-08-29 06:00:00,2.25,3.6,3.966666666666667,4
2022-08-29 08:00:00,2022-08-29 09:00:00,1.25,4.6,4.859999999999999,8
2022-08-29 10:30:00,2022-08-29 12:45:00,2.5,4.9,5.11,10
2022-08-29 14:30:00,2022-08-29 17:15:00,3.0,3.8,4.558333333333333,14
2022-08-29 18:45:00,2022-08-29 19:45:00,1.25,4.3,4.4,18
2022-08-29 21:30:00,2022-08-29 23:30:00,2.25,4.7,4.9,21
2022-08-30 05:00:00,2022-08-30 05:15:00,0.5,3.4,3.5,5
2022-08-30 06:45:00,2022-08-30 07:30:00,1.0,3.8,4.2,6
2022-08-30 17:45:00,2022-08-30 19:00:00,1.5,3.8,3.933333333333333,17
2022-08-31 01:30:00,2022-08-31 02:15:00,1.0,4.4,4.475,1
2022-08-31 05:45:00,2022-08-31 06:15:00,0.75,3.3,3.4333333333333336,5
2022-08-31 16:30:00,2022-08-31 21:30:00,5.25,3.6,4.047619047619048,16
2022-08-31 23:00:00,2022-08-31 23:30:00,0.75,4.3,4.466666666666666,23
2022-09-01 04:00:00,2022-09-01 04:45:00,1.0,3.9,4.0,4
2022-09-01 11:30:00,2022-09-01 12:15:00,1.0,4.3,4.3999999999999995,11
2022-09-01 14:45:00,2022-09-01 15:30:00,1.0,5.0,5.2,14
2022-09-01 17:30:00,2022-09-02 00:00:00,6.75,3.7,4.185185185185185,17
2022-09-02 06:15:00,2022-09-02 09:15:00,3.25,3.4,3.8461538461538463,6
2022-09-02 11:30:00,2022-09-02 13:15:00,2.0,4.5,4.775,11
2022-09-02 16:15:00,2022-09-02 22:30:00,6.5,3.8,4.615384615384615,16
2022-09-03 00:45:00,2022-09-03 02:30:00,2.0,4.4,4.7,0
2022-09-03 04:00:00,2022-09-03 04:15:00,0.5,4.6,4.699999999999999,4
2022-09-03 07:30:00,2022-09-03 10:15:00,3.0,3.8,3.933333333333333,7
2022-09-03 12:00:00,2022-09-03 13:00:00,1.25,4.2,4.76,12
2022-09-03 17:15:00,2022-09-03 18:45:00,1.75,5.1,5.3,17
2022-09-03 20:45:00,2022-09-03 22:45:00,2.25,3.9,4.2,20
2022-09-04 08:45:00,2022-09-04 11:00:00,2.5,4.0,4.1899999999999995,8
2022-09-04 13:15:00,2022-09-04 14:00:00,1.0,4.8,4.85,13
2022-09-04 15:30:00,2022-09-04 16:15:00,1.0,5.1,5.3500000000000005,15
2022-09-04 18:45:00,2022-09-05 04:15:00,9.75,3.9,4.828205128205129,18
2022-09-05 08:15:00,2022-09-05 10:15:00,2.25,4.1,4.455555555555556,8
2022-09-05 14:45:00,2022-09-05 20:15:00,5.75,4.6,5.247826086956521,14
2022-09-05 22:00:00,2022-09-06 04:15:00,6.5,3.8,4.4653846153846155,22
2022-09-06 11:45:00,2022-09-06 15:00:00,3.5,4.1,4.55,11
2022-09-06 17:45:00,2022-09-06 19:30:00,2.0,5.2,5.449999999999999,17
2022-09-07 00:15:00,2022-09-07 03:15:00,3.25,4.0,4.392307692307692,0
2022-09-07 05:15:00,2022-09-07 07:45:00,2.75,4.5,4.863636363636363,5
2022-09-07 12:30:00,2022-09-07 12:45:00,0.5,4.0,4.4,12
2022-09-07 14:45:00,2022-09-07 15:15:00,0.75,4.2,4.6000000000000005,14
2022-09-07 17:15:00,2022-09-07 18:45:00,1.75,5.0,5.214285714285714,17
2022-09-08 04:45:00,2022-09-08 08:00:00,3.5,4.7,5.121428571428572,4
2022-09-08 13:30:00,2022-09-08 14:45:00,1.5,4.0,4.2,13
2022-09-08 18:45:00,2022-09-08 21:30:00,3.0,5.3,5.658333333333332,18
2022-09-09 02:30:00,2022-09-09 05:30:00,3.25,3.9,4.4692307692307685,2
2022-09-09 09:00:00,2022-09-09 09:45:00,1.0,5.2,5.425000000000001,9
2022-09-09 14:30:00,2022-09-09 15:30:00,1.25,4.3,4.54,14
2022-09-09 20:30:00,2022-09-09 23:00:00,2.75,5.2,5.427272727272728,20
2022-09-10 03:00:00,2022-09-10 03:45:00,1.0,3.9,4.1,3
2022-09-10 15:30:00,2022-09-10 16:15:00,1.0,4.2,4.25,15
2022-09-10 20:00:00,2022-09-10 21:15:00,1.5,4.9,5.366666666666667,20
2022-09-11 08:45:00,2022-09-11 09:45:00,1.25,4.9,5.0,8
2022-09-11 11:30:00,2022-09-11 13:15:00,2.0,4.7,5.0125,11
2022-09-11 15:00:00,2022-09-11 17:15:00,2.5,3.7,4.18,15
2022-09-11 18:45:00,2022-09-11 20:15:00,1.75,4.5,5.1571428571428575,18
2022-09-11 21:45:00,2022-09-11 22:30:00,1.0,4.8,5.1499999999999995,21
2022-09-12 04:30:00,2022-09-12 05:15:00,1.0,3.3,3.55,4
2022-09-12 09:00:00,2022-09-12 10:15:00,1.5,4.7,4.95,9
2022-09-12 12:30:00,2022-09-12 12:45:00,0.5,5.0,5.1,12
2022-09-12 16:30:00,2022-09-12 17:30:00,1.25,3.5,3.88,16
2022-09-12 21:45:00,2022-09-12 23:30:00,2.0,4.6,4.95,21
2022-09-13 04:45:00,2022-09-13 07:00:00,2.5,3.5,3.6666666666666665,4
2022-09-13 12:30:00,2022-09-13 13:45:00,1.5,5.1,5.25,12
2022-09-13 17:00:00,2022-09-13 18:15:00,1.5,3.9,4.116666666666666,17
2022-09-14 02:45:00,2022-09-14 03:45:00,1.25,4.4,4.58,2
2022-09-14 05:30:00,2022-09-14 06:00:00,0.75,3.9,4.166666666666667,5
2022-09-14 13:15:00,2022-09-14 14:30:00,1.5,5.4,5.6499999999999995,13
2022-09-14 18:00:00,2022-09-15 00:30:00,6.75,4.0,4.703703703703703,18
2022-09-15 03:45:00,2022-09-15 04:30:00,1.0,4.6,4.925,3
2022-09-15 06:45:00,2022-09-15 07:15:00,0.75,4.6,4.7,6
2022-09-15 09:00:00,2022-09-15 10:00:00,1.25,4.4,4.8,9
2022-09-15 11:30:00,2022-09-15 12:30:00,1.25,5.0,5.300000000000001,11
2022-09-15 16:15:00,2022-09-15 17:30:00,1.5,5.8,5.966666666666666,16
2022-09-15 19:00:00,2022-09-15 23:00:00,4.25,4.5,4.970588235294119,19
2022-09-16 09:30:00,2022-09-16 11:45:00,2.5,4.5,4.84,9
2022-09-16 17:30:00,2022-09-16 18:45:00,1.5,5.9,6.033333333333334,17
2022-09-16 20:15:00,2022-09-17 00:15:00,4.25,4.6,4.999999999999999,20
2022-09-17 08:00:00,2022-09-17 08:30:00,0.75,5.0,5.1000000000000005,8
2022-09-17 10:00:00,2022-09-17 12:30:00,2.75,4.7,5.054545454545455,10
2022-09-17 20:30:00,2022-09-18 02:30:00,6.25,4.6,5.172000000000001,20
2022-09-18 10:00:00,2022-09-18 13:15:00,3.5,4.6,5.164285714285714,10
2022-09-18 16:30:00,2022-09-18 17:15:00,1.0,6.2,6.375,16
2022-09-18 19:30:00,2022-09-19 03:30:00,8.25,4.7,5.33030303030303,19
2022-09-19 09:30:00,2022-09-19 10:00:00,0.75,5.3,5.433333333333333,9
2022-09-19 11:30:00,2022-09-19 12:00:00,0.75,5.0,5.133333333333333,11
2022-09-19 13:45:00,2022-09-19 14:00:00,0.5,4.9,5.050000000000001,13
2022-09-19 18:15:00,2022-09-19 18:30:00,0.5,5.9,6.050000000000001,18
2022-09-19 20:00:00,2022-09-20 03:15:00,7.5,4.9,5.69,20
2022-09-20 12:15:00,2022-09-20 13:00:00,1.0,5.1,5.275,12
2022-09-20 14:45:00,2022-09-20 15:15:00,0.75,4.8,4.933333333333333,14
2022-09-20 19:15:00,2022-09-20 21:00:00,2.0,5.6,6.375,19
2022-09-21 00:00:00,2022-09-21 05:00:00,5.25,4.8,5.247619047619048,0
2022-09-21 09:15:00,2022-09-21 10:00:00,1.0,5.4,5.5,9
2022-09-21 12:00:00,2022-09-21 16:45:00,5.0,4.7,5.225,12
2022-09-21 20:30:00,2022-09-22 01:30:00,5.25,5.0,5.857142857142857,20
2022-09-22 03:15:00,2022-09-22 04:30:00,1.5,4.8,5.0,3
2022-09-22 13:15:00,2022-09-22 16:45:00,3.75,4.8,5.36,13
2022-09-22 18:30:00,2022-09-22 18:45:00,0.5,5.0,5.1,18
2022-09-23 04:00:00,2022-09-23 07:15:00,3.5,4.9,5.185714285714286,4
2022-09-23 15:15:00,2022-09-23 17:30:00,2.5,4.8,5.32,15
2022-09-23 19:00:00,2022-09-23 23:00:00,4.25,5.2,5.805882352941176,19
2022-09-24 02:15:00,2022-09-24 02:30:00,0.5,4.8,4.9,2
2022-09-24 06:00:00,2022-09-24 07:45:00,2.0,4.9,5.2625,6
2022-09-24 10:00:00,2022-09-24 10:45:00,1.0,5.6,5.7250000000000005,10
2022-09-24 14:15:00,2022-09-24 16:00:00,2.0,4.8,5.1,14
2022-09-24 19:45:00,2022-09-24 22:30:00,3.0,5.2,5.491666666666666,19
2022-09-25 05:00:00,2022-09-25 06:15:00,1.5,4.5,4.683333333333333,5
2022-09-25 14:45:00,2022-09-25 16:00:00,1.5,4.7,5.000000000000001,14
2022-09-25 20:15:00,2022-09-25 21:15:00,1.25,5.3,5.58,20
2022-09-26 02:15:00,2022-09-26 04:15:00,2.25,4.1,4.4,2
2022-09-26 15:30:00,2022-09-26 17:45:00,2.5,4.1,4.4,15
2022-09-26 21:15:00,2022-09-26 21:45:00,0.75,4.7,4.833333333333333,21
2022-09-27 13:30:00,2022-09-27 14:00:00,0.75,5.7,5.833333333333333,13
2022-09-27 17:15:00,2022-09-27 18:15:00,1.25,5.0,5.159999999999999,17
2022-09-27 21:30:00,2022-09-27 22:45:00,1.5,5.3,5.699999999999999,21
2022-09-28 05:00:00,2022-09-28 05:15:00,0.5,5.4,5.5,5
2022-09-28 14:00:00,2022-09-28 15:15:00,1.5,6.0,6.216666666666666,14
2022-09-28 18:15:00,2022-09-28 19:30:00,1.5,5.4,5.716666666666668,18
2022-09-28 21:00:00,2022-09-28 22:15:00,1.5,5.7,5.883333333333333,21
2022-09-29 02:45:00,2022-09-29 04:15:00,1.75,6.2,6.3571428571428585,2
2022-09-29 08:30:00,2022-09-29 09:45:00,1.5,5.7,5.783333333333334,8
2022-09-29 11:15:00,2022-09-29 11:30:00,0.5,5.9,6.0,11
2022-09-29 17:15:00,2022-09-29 19:00:00,2.0,6.3,6.4625,17
2022-09-30 03:00:00,2022-09-30 03:30:00,0.75,6.8,6.966666666666668,3
2022-09-30 10:15:00,2022-09-30 11:00:00,1.0,6.8,7.1000000000000005,10
2022-09-30 13:45:00,2022-09-30 14:45:00,1.25,7.1,7.26,13
2022-09-30 21:30:00,2022-09-30 22:30:00,1.25,6.3,6.539999999999999,21
2022-10-01 07:00:00,2022-10-01 07:15:00,0.5,6.5,6.6,7
2022-10-01 18:30:00,2022-10-01 23:15:00,5.0,6.0,6.534999999999999,18
2022-10-02 09:45:00,2022-10-02 10:30:00,1.0,6.1,6.324999999999999,9
2022-10-03 04:00:00,2022-10-03 05:00:00,1.25,6.7,6.9799999999999995,4
2022-10-03 11:45:00,2022-10-03 12:30:00,1.0,5.8,6.375,11
2022-10-03 18:15:00,2022-10-03 19:15:00,1.25,6.7,6.94,18
2022-10-04 00:45:00,2022-10-04 01:45:00,1.25,5.9,6.08,0
2022-10-04 10:45:00,2022-10-04 12:00:00,1.5,6.6,6.75,10
2022-11-02 13:30:00,2022-11-02 15:30:00,2.25,6.5,6.644444444444444,13
2022-11-03 13:00:00,2022-11-03 15:00:00,2.25,6.4,6.7555555555555555,13
2022-11-03 16:45:00,2022-11-03 17:30:00,1.0,6.5,6.675000000000001,16
2022-11-04 12:45:00,2022-11-04 13:00:00,0.5,6.4,6.5,12
2022-11-04 18:00:00,2022-11-04 20:30:00,2.75,6.9,7.0636363636363635,18
2022-11-04 22:15:00,2022-11-04 23:15:00,1.25,6.6,6.8,22
2022-11-05 19:00:00,2022-11-05 20:15:00,1.5,6.7,6.916666666666667,19
2022-11-05 22:45:00,2022-11-06 01:30:00,3.0,6.0,6.283333333333334,22
2022-11-06 18:30:00,2022-11-06 19:45:00,1.5,6.6,6.983333333333333,18
2022-11-07 00:45:00,2022-11-07 02:00:00,1.5,5.7,6.0,0
2022-11-08 16:45:00,2022-11-08 17:45:00,1.25,6.6,6.7,16
2022-11-08 19:45:00,2022-11-08 21:00:00,1.5,6.4,6.550000000000001,19
2022-11-09 06:45:00,2022-11-09 07:15:00,0.75,6.5,6.7,6
2022-11-10 05:15:00,2022-11-10 06:45:00,1.75,6.9,7.1000000000000005,5
2022-11-11 04:15:00,2022-11-11 06:45:00,2.75,6.6,6.781818181818182,4
2022-11-11 17:45:00,2022-11-11 18:30:00,1.0,6.6,6.675000000000001,17
2022-11-12 06:00:00,2022-11-12 07:00:00,1.25,6.4,6.58,6
2022-11-12 17:00:00,2022-11-12 18:45:00,2.0,6.4,6.887499999999999,17
2022-11-12 21:15:00,2022-11-12 23:45:00,2.75,6.3,6.5181818181818185,21
2022-11-13 06:30:00,2022-11-13 07:00:00,0.75,6.9,7.0,6
2022-11-13 09:30:00,2022-11-13 10:45:00,1.5,6.6,6.866666666666667,9
2022-11-13 14:30:00,2022-11-13 15:15:00,1.0,7.6,7.7749999999999995,14
2022-11-13 22:15:00,2022-11-13 22:45:00,0.75,7.2,7.333333333333333,22
2022-11-14 11:30:00,2022-11-14 11:45:00,0.5,6.4,6.6,11
2022-11-14 16:30:00,2022-11-14 17:30:00,1.25,7.7,7.960000000000001,16
2022-11-14 21:45:00,2022-11-15 01:45:00,4.25,6.9,7.323529411764706,21
2022-11-15 09:30:00,2022-11-15 10:15:00,1.0,7.0,7.075,9
2022-11-15 16:00:00,2022-11-15 18:00:00,2.25,7.5,7.811111111111111,16
2022-11-15 22:00:00,2022-11-15 22:30:00,0.75,6.9,7.0,22
2022-11-16 13:00:00,2022-11-16 14:15:00,1.5,7.1,7.316666666666667,13
2022-11-16 15:45:00,2022-11-16 17:00:00,1.5,7.9,8.016666666666666,15
2022-11-17 12:45:00,2022-11-17 14:00:00,1.5,6.7,7.183333333333334,12
2022-11-17 16:30:00,2022-11-17 17:30:00,1.25,8.1,8.260000000000002,16
2022-11-17 22:45:00,2022-11-18 02:15:00,3.75,7.1,7.306666666666667,22
2022-11-18 10:00:00,2022-11-18 11:00:00,1.25,7.1,7.18,10
2022-11-18 12:30:00,2022-11-18 15:45:00,3.5,6.8,7.121428571428571,12
2022-11-19 01:30:00,2022-11-19 02:45:00,1.5,6.8,7.116666666666666,1
2022-11-19 12:45:00,2022-11-19 14:30:00,2.0,7.0,7.7124999999999995,12
2022-11-20 13:30:00,2022-11-20 15:00:00,1.75,7.0,7.471428571428571,13
2022-11-20 18:15:00,2022-11-20 18:45:00,0.75,7.5,7.766666666666666,18
2022-11-21 12:15:00,2022-11-21 12:30:00,0.5,7.6,7.699999999999999,12
2022-11-21 14:15:00,2022-11-21 15:45:00,1.75,7.3,7.685714285714285,14
2022-11-21 20:00:00,2022-11-21 20:15:00,0.5,8.0,8.15,20
2022-11-22 07:30:00,2022-11-22 08:15:00,1.0,7.6,7.725,7
2022-11-27 19:30:00,2022-11-27 20:00:00,0.75,7.2,7.3,19
2022-11-29 07:45:00,2022-11-29 08:30:00,1.0,7.4,7.549999999999999,7
2022-11-29 14:00:00,2022-11-29 15:15:00,1.5,7.7,8.033333333333333,14
2022-11-29 21:00:00,2022-11-29 22:15:00,1.5,7.5,7.716666666666668,21
2022-11-30 10:30:00,2022-11-30 11:45:00,1.5,7.4,7.6000000000000005,10
2022-11-30 23:15:00,2022-11-30 23:45:00,0.75,7.5,7.566666666666666,23
2022-12-01 12:00:00,2022-12-01 12:30:00,0.75,7.6,7.733333333333333,12
2022-12-01 17:30:00,2022-12-01 18:30:00,1.25,8.3,8.540000000000001,17
2022-12-01 22:15:00,2022-12-01 23:00:00,1.0,7.9,8.025,22
2022-12-02 12:30:00,2022-12-02 13:45:00,1.5,7.5,8.066666666666666,12
2022-12-02 23:30:00,2022-12-03 00:00:00,0.75,7.7,7.866666666666667,23
2022-12-04 13:00:00,2022-12-04 15:45:00,3.0,7.4,7.866666666666666,13
2022-12-05 15:45:00,2022-12-05 16:30:00,1.0,7.5,7.75,15
2022-12-06 01:30:00,2022-12-06 02:15:00,1.0,7.4,7.574999999999999,1
2022-12-06 15:15:00,2022-12-06 17:15:00,2.25,7.5,7.711111111111112,15
2022-12-07 02:00:00,2022-12-07 02:45:00,1.0,7.2,7.375,2
2022-12-07 15:15:00,2022-12-07 16:00:00,1.0,7.6,7.775,15
2022-12-07 17:30:00,2022-12-07 18:00:00,0.75,7.3,7.433333333333334,17
2022-12-08 18:00:00,2022-12-08 18:15:00,0.5,7.3,7.4,18
2022-12-08 20:30:00,2022-12-08 21:45:00,1.5,7.4,7.583333333333333,20
2022-12-09 03:45:00,2022-12-09 04:30:00,1.0,7.2,7.375,3
2022-12-09 09:15:00,2022-12-09 10:00:00,1.0,7.3,7.449999999999999,9
2022-12-10 17:45:00,2022-12-10 21:15:00,3.75,7.3,7.586666666666665,17
2022-12-11 07:15:00,2022-12-11 07:30:00,0.5,7.4,7.5,7
2022-12-11 18:30:00,2022-12-11 23:45:00,5.5,7.3,7.6863636363636365,18
2022-12-12 07:30:00,2022-12-12 08:45:00,1.5,7.3,7.633333333333333,7
2022-12-12 14:15:00,2022-12-12 15:00:00,1.0,8.4,8.5,14
2022-12-12 18:00:00,2022-12-12 22:15:00,4.5,7.6,7.927777777777779,18
2022-12-13 08:30:00,2022-12-13 09:00:00,0.75,7.8,7.8999999999999995,8
2022-12-13 14:45:00,2022-12-13 15:45:00,1.25,8.7,8.84,14
2022-12-13 17:30:00,2022-12-13 18:45:00,1.5,8.0,8.25,17
2022-12-14 07:45:00,2022-12-14 10:00:00,2.5,7.7,8.03,7
2022-12-15 00:00:00,2022-12-15 00:15:00,0.5,7.6,7.699999999999999,0
2022-12-16 00:45:00,2022-12-16 01:15:00,0.75,7.6,7.733333333333333,0
2022-12-16 11:30:00,2022-12-16 14:45:00,3.5,7.7,8.1,11
2022-12-17 11:45:00,2022-12-17 17:30:00,6.0,7.3,8.191666666666668,11
2022-12-17 19:00:00,2022-12-17 19:30:00,0.75,8.0,8.166666666666666,19
2022-12-18 07:30:00,2022-12-18 09:00:00,1.75,8.1,8.3,7
2022-12-18 13:45:00,2022-12-18 17:15:00,3.75,7.7,8.193333333333333,13
2022-12-19 01:15:00,2022-12-19 02:15:00,1.25,7.5,7.859999999999999,1
2022-12-19 14:00:00,2022-12-19 14:45:00,1.0,7.7,7.8999999999999995,14
2022-12-19 17:45:00,2022-12-19 18:15:00,0.75,8.1,8.166666666666666,17
2022-12-20 01:00:00,2022-12-20 02:15:00,1.5,8.0,8.083333333333334,1
2022-12-20 15:30:00,2022-12-20 16:15:00,1.0,7.9,8.075000000000001,15
2022-12-21 14:15:00,2022-12-21 17:30:00,3.5,8.0,8.357142857142858,14
2022-12-21 19:30:00,2022-12-21 20:30:00,1.25,8.2,8.36,19
2022-12-22 15:45:00,2022-12-22 17:00:00,1.5,8.2,8.299999999999999,15
2022-12-23 21:45:00,2022-12-23 22:45:00,1.25,8.8,8.9,21
2022-12-27 20:00:00,2022-12-27 20:30:00,0.75,8.9,9.100000000000001,20
2022-12-28 00:15:00,2022-12-28 00:45:00,0.75,8.7,9.0,0
2022-12-28 21:00:00,2022-12-28 22:15:00,1.5,8.9,9.15,21
2022-12-30 15:45:00,2022-12-30 17:00:00,1.5,9.6,9.75,15
2023-01-02 00:00:00,2023-01-02 00:30:00,0.75,8.6,8.866666666666667,0
2023-01-02 15:15:00,2023-01-02 17:15:00,2.25,8.5,8.822222222222223,15
2023-01-03 00:00:00,2023-01-03 01:45:00,2.0,8.7,8.9375,0
2023-01-03 04:15:00,2023-01-03 06:00:00,2.0,8.3,8.4875,4
2023-01-03 14:15:00,2023-01-03 17:15:00,3.25,8.5,8.953846153846154,14
2023-01-04 00:45:00,2023-01-04 01:30:00,1.0,8.7,8.875,0
2023-01-05 02:00:00,2023-01-05 02:45:00,1.0,8.3,8.5,2
2023-01-05 04:15:00,2023-01-05 04:45:00,0.75,8.2,8.333333333333334,4
2023-01-05 15:00:00,2023-01-05 17:15:00,2.5,8.5,8.900000000000002,15
2023-01-05 20:15:00,2023-01-05 20:45:00,0.75,8.6,8.933333333333332,20
2023-01-06 17:30:00,2023-01-06 18:30:00,1.25,8.5,9.02,17
2023-01-06 20:15:00,2023-01-06 20:30:00,0.5,8.4,8.850000000000001,20
2023-01-07 03:15:00,2023-01-07 05:30:00,2.5,8.4,8.760000000000002,3
2023-01-07 16:00:00,2023-01-07 18:30:00,2.75,8.6,8.927272727272726,16
2023-01-08 19:00:00,2023-01-08 19:45:00,1.0,8.3,8.45,19
2023-01-08 22:45:00,2023-01-09 00:15:00,1.75,8.6,8.971428571428573,22
2023-01-09 10:45:00,2023-01-09 11:15:00,0.75,8.7,8.833333333333334,10
2023-01-09 17:45:00,2023-01-09 19:45:00,2.25,8.2,8.733333333333334,17
2023-01-10 12:30:00,2023-01-10 13:30:00,1.25,8.8,9.100000000000001,12
2023-01-10 18:30:00,2023-01-10 19:30:00,1.25,8.6,8.72,18
2023-01-11 05:15:00,2023-01-11 06:00:00,1.0,8.6,8.65,5
2023-01-11 21:00:00,2023-01-11 21:45:00,1.0,8.2,8.399999999999999,21
2023-01-12 06:45:00,2023-01-12 07:00:00,0.5,8.4,8.5,6
2023-01-12 09:00:00,2023-01-12 10:15:00,1.5,8.2,8.283333333333333,9
2023-01-12 20:45:00,2023-01-12 22:15:00,1.75,8.2,8.485714285714284,20
2023-01-13 10:00:00,2023-01-13 12:15:00,2.5,8.5,8.82,10
2023-01-13 15:30:00,2023-01-13 16:30:00,1.25,9.4,9.540000000000001,15
2023-01-14 12:30:00,2023-01-14 14:15:00,2.0,8.6,9.05,12
2023-01-15 00:30:00,2023-01-15 01:15:00,1.0,8.7,8.825,0
2023-01-15 12:45:00,2023-01-15 14:30:00,2.0,8.6,8.837499999999999,12
2023-01-15 16:00:00,2023-01-15 17:00:00,1.25,9.9,10.059999999999999,16
2023-01-16 01:15:00,2023-01-16 02:00:00,1.0,8.3,8.475000000000001,1
2023-01-16 13:15:00,2023-01-16 13:30:00,0.5,8.1,8.2,13
2023-01-16 16:00:00,2023-01-16 16:30:00,0.75,8.9,9.0,16
2023-01-16 18:15:00,2023-01-16 18:45:00,0.75,9.5,9.633333333333333,18
2023-01-16 23:15:00,2023-01-16 23:45:00,0.75,8.6,8.700000000000001,23
2023-01-17 11:45:00,2023-01-17 13:45:00,2.25,8.4,8.822222222222223,11
2023-01-17 15:45:00,2023-01-17 16:15:00,0.75,8.4,8.533333333333333,15
2023-01-17 23:30:00,2023-01-18 00:30:00,1.25,8.6,8.860000000000001,23
2023-01-18 02:00:00,2023-01-18 03:00:00,1.25,8.3,8.419999999999998,2
2023-01-18 05:45:00,2023-01-18 06:30:00,1.0,8.1,8.274999999999999,5
2023-01-18 14:15:00,2023-01-18 15:00:00,1.0,8.5,8.875,14
2023-01-18 16:30:00,2023-01-18 20:15:00,4.0,8.1,8.84375,16
2023-01-19 00:00:00,2023-01-19 01:15:00,1.5,8.3,8.616666666666667,0
2023-01-19 13:45:00,2023-01-19 14:00:00,0.5,8.6,8.7,13
2023-01-19 15:45:00,2023-01-19 16:00:00,0.5,8.2,8.3,15
2023-01-20 03:45:00,2023-01-20 04:00:00,0.5,8.1,8.2,3
2023-01-20 20:45:00,2023-01-20 21:30:00,1.0,8.5,8.6,20
2023-01-21 17:00:00,2023-01-21 17:45:00,1.0,8.1,8.275,17
2023-01-24 15:15:00,2023-01-24 16:30:00,1.5,8.5,8.666666666666666,15
2023-01-24 18:45:00,2023-01-24 20:00:00,1.5,8.1,8.35,18
2023-01-24 23:45:00,2023-01-25 00:15:00,0.75,8.2,8.333333333333334,23
2023-01-25 18:15:00,2023-01-25 19:15:00,1.25,8.2,8.3,18
2023-01-26 07:30:00,2023-01-26 09:00:00,1.75,8.1,8.27142857142857,7
2023-01-27 12:45:00,2023-01-27 13:00:00,0.5,8.1,8.25,12
2023-01-27 15:45:00,2023-01-27 17:45:00,2.25,9.2,9.444444444444445,15
2023-01-27 22:45:00,2023-01-27 23:00:00,0.5,8.1,8.2,22
2023-01-28 11:00:00,2023-01-28 12:15:00,1.5,8.4,8.616666666666665,11
2023-01-28 17:45:00,2023-01-28 20:45:00,3.25,8.8,9.27692307692308,17
2023-01-28 22:45:00,2023-01-29 01:00:00,2.5,8.0,8.6,22
2023-01-29 11:30:00,2023-01-29 13:00:00,1.75,8.5,8.72857142857143,11
2023-01-30 00:30:00,2023-01-30 01:45:00,1.5,8.3,8.483333333333333,0
2023-01-30 13:45:00,2023-01-30 14:30:00,1.0,8.3,8.5,13
2023-01-30 22:15:00,2023-01-30 22:30:00,0.5,8.4,8.55,22
2023-01-31 12:45:00,2023-01-31 18:00:00,5.5,8.3,8.738095238095237,12
2023-01-31 19:45:00,2023-01-31 21:45:00,2.25,9.0,9.255555555555556,19
2023-01-31 23:15:00,2023-02-01 00:30:00,1.5,8.5,8.666666666666666,23
2023-02-01 02:00:00,2023-02-01 03:45:00,2.0,7.8,8.162500000000001,2
2023-02-01 15:15:00,2023-02-01 20:30:00,5.5,8.2,8.772727272727273,15
2023-02-02 01:30:00,2023-02-02 01:45:00,0.5,8.3,8.4,1
2023-02-02 03:15:00,2023-02-02 03:45:00,0.75,8.0,8.1,3
2023-02-03 16:45:00,2023-02-03 18:45:00,2.25,8.1,8.833333333333332,16
2023-02-04 16:00:00,2023-02-04 17:45:00,2.0,8.3,8.6375,16
2023-02-04 22:15:00,2023-02-04 23:15:00,1.25,8.9,9.0,22
2023-02-06 15:45:00,2023-02-06 18:45:00,3.25,8.2,8.600000000000001,15
2023-02-06 23:30:00,2023-02-06 23:45:00,0.5,8.6,8.75,23
2023-02-07 03:30:00,2023-02-07 04:30:00,1.25,8.4,8.5,3
2023-02-07 22:00:00,2023-02-07 22:30:00,0.75,8.6,8.666666666666666,22
2023-02-08 17:15:00,2023-02-08 17:45:00,0.75,8.2,8.4,17
2023-02-09 12:30:00,2023-02-09 13:45:00,1.5,8.6,8.966666666666667,12
2023-02-09 21:45:00,2023-02-09 23:00:00,1.5,8.1,8.233333333333333,21
2023-02-10 18:45:00,2023-02-10 19:15:00,0.75,8.2,8.3,18
2023-02-11 07:45:00,2023-02-11 08:45:00,1.25,8.0,8.059999999999999,7
2023-02-12 23:30:00,2023-02-13 00:45:00,1.5,8.0,8.133333333333333,23
2023-02-13 09:30:00,2023-02-13 12:45:00,3.5,7.9,8.564285714285715,9
2023-02-13 15:45:00,2023-02-13 19:45:00,4.25,8.4,9.16470588235294,15
2023-02-13 23:15:00,2023-02-14 00:45:00,1.75,7.9,8.271428571428572,23
2023-02-14 09:15:00,2023-02-14 11:15:00,2.25,8.0,8.266666666666666,9
2023-02-14 18:15:00,2023-02-14 22:45:00,4.75,8.5,8.968421052631578,18
2023-02-15 01:30:00,2023-02-15 02:15:00,1.0,7.4,7.65,1
2023-02-15 14:30:00,2023-02-15 15:00:00,0.75,7.8,8.066666666666666,14
2023-02-15 18:00:00,2023-02-15 18:30:00,0.75,8.8,8.966666666666667,18
2023-02-16 02:30:00,2023-02-16 03:15:00,1.0,7.7,7.825,2
2023-02-16 13:45:00,2023-02-16 15:00:00,1.5,7.8,8.033333333333333,13
2023-02-16 23:15:00,2023-02-17 00:30:00,1.5,7.8,7.95,23
2023-02-17 13:00:00,2023-02-17 13:15:00,0.5,7.9,8.0,13
2023-02-17 15:00:00,2023-02-17 15:30:00,0.75,7.6,7.833333333333333,15
2023-02-18 02:15:00,2023-02-18 07:15:00,5.25,7.6,8.019047619047619,2
2023-02-18 09:30:00,2023-02-18 10:15:00,1.0,8.3,8.425,9
2023-02-18 16:00:00,2023-02-18 16:15:00,0.5,7.7,7.800000000000001,16
2023-02-19 15:30:00,2023-02-19 16:45:00,1.5,7.7,7.866666666666667,15
2023-02-20 15:45:00,2023-02-20 17:00:00,1.5,7.8,7.8999999999999995,15
2023-02-21 08:30:00,2023-02-21 09:00:00,0.75,7.7,7.766666666666667,8
2023-02-21 16:45:00,2023-02-21 18:45:00,2.25,7.6,7.844444444444444,16
2023-02-22 22:30:00,2023-02-22 23:15:00,1.0,7.8,7.9,22
2023-02-23 18:15:00,2023-02-23 19:00:00,1.0,7.5,7.55,18
2023-02-24 18:45:00,2023-02-24 19:00:00,0.5,7.2,7.300000000000001,18
2023-02-25 05:15:00,2023-02-25 06:30:00,1.5,7.6,7.800000000000001,5
2023-02-25 15:15:00,2023-02-25 15:45:00,0.75,8.1,8.233333333333334,15
2023-02-26 20:00:00,2023-02-26 22:15:00,2.5,7.1,7.3,20
2023-02-27 09:15:00,2023-02-27 12:15:00,3.25,6.9,7.115384615384615,9
2023-02-27 15:15:00,2023-02-27 15:30:00,0.5,8.2,8.3,15
2023-02-27 17:00:00,2023-02-27 19:00:00,2.25,7.2,7.811111111111111,17
2023-02-27 23:30:00,2023-02-28 00:45:00,1.5,7.1,7.166666666666667,23
2023-02-28 12:45:00,2023-02-28 13:45:00,1.25,7.3,7.5200000000000005,12
2023-02-28 16:30:00,2023-02-28 17:30:00,1.25,7.7,7.959999999999999,16
2023-03-01 02:00:00,2023-03-01 03:00:00,1.25,6.9,6.959999999999999,2
2023-03-01 13:30:00,2023-03-01 15:15:00,2.0,7.2,7.325,13
2023-03-01 17:15:00,2023-03-01 18:00:00,1.0,7.2,7.45,17
2023-03-01 20:45:00,2023-03-02 00:00:00,3.5,6.9,7.4,20
2023-03-02 14:45:00,2023-03-02 19:45:00,5.25,6.4,7.3047619047619055,14
2023-03-03 00:00:00,2023-03-03 02:45:00,3.0,6.5,6.733333333333333,0
2023-03-03 08:15:00,2023-03-03 08:45:00,0.75,7.3,7.366666666666667,8
2023-03-03 12:30:00,2023-03-03 13:30:00,1.25,6.6,6.840000000000001,12
2023-03-03 15:45:00,2023-03-03 16:45:00,1.25,6.6,6.68,15
2023-03-04 15:15:00,2023-03-04 19:00:00,4.0,6.4,7.106250000000001,15
2023-03-05 00:45:00,2023-03-05 02:45:00,2.25,6.5,6.788888888888889,0
2023-03-05 14:30:00,2023-03-05 16:45:00,2.5,6.9,7.13,14
2023-03-06 02:00:00,2023-03-06 02:45:00,1.0,6.7,6.95,2
2023-03-06 11:30:00,2023-03-06 12:45:00,1.5,7.4,7.516666666666667,11
2023-04-10 14:15:00,2023-04-10 15:30:00,1.5,7.6,8.033333333333333,14
2023-04-10 19:15:00,2023-04-10 20:15:00,1.25,7.0,7.1,19
2023-04-11 09:45:00,2023-04-11 10:30:00,1.0,6.9,7.0,9
2023-04-11 13:30:00,2023-04-11 15:30:00,2.25,7.7,8.122222222222222,13
2023-04-11 18:00:00,2023-04-11 19:30:00,1.75,6.8,7.285714285714286,18
2023-04-11 21:30:00,2023-04-11 21:45:00,0.5,6.7,6.800000000000001,21
2023-04-12 06:30:00,2023-04-12 08:30:00,2.25,6.5,6.944444444444445,6
2023-04-12 10:00:00,2023-04-12 12:00:00,2.25,6.7,6.955555555555557,10
2023-04-12 16:15:00,2023-04-12 23:00:00,7.0,6.7,7.732142857142856,16
2023-04-13 08:30:00,2023-04-13 12:45:00,4.5,6.6,6.927777777777778,8
2023-04-13 17:45:00,2023-04-13 19:00:00,1.5,7.6,7.733333333333333,17
2023-04-13 22:30:00,2023-04-13 23:45:00,1.5,6.7,6.900000000000001,22
2023-04-14 09:30:00,2023-04-14 10:30:00,1.25,6.8,7.040000000000001,9
2023-04-14 12:00:00,2023-04-14 15:00:00,3.25,6.6,6.938461538461538,12
2023-04-15 20:45:00,2023-04-15 22:30:00,2.0,6.8,6.987500000000001,20
2023-04-16 01:30:00,2023-04-16 02:00:00,0.75,6.3,6.433333333333333,1
2023-04-16 10:30:00,2023-04-16 11:15:00,1.0,6.7,6.825,10
2023-04-16 23:30:00,2023-04-17 05:00:00,5.75,6.2,6.4391304347826095,23
2023-04-17 13:15:00,2023-04-17 15:00:00,2.0,6.3,6.6625,13
2023-04-17 17:15:00,2023-04-17 19:30:00,2.5,6.5,6.739999999999999,17
2023-04-17 23:30:00,2023-04-18 01:15:00,2.0,6.4,6.637499999999999,23
2023-04-18 15:00:00,2023-04-18 16:45:00,2.0,6.3,6.55,15
2023-04-19 03:00:00,2023-04-19 04:15:00,1.5,5.4,5.883333333333334,3
2023-04-19 19:45:00,2023-04-19 21:00:00,1.5,6.7,6.816666666666667,19
2023-04-20 02:15:00,2023-04-20 05:45:00,3.75,5.6,6.026666666666667,2
2023-04-20 15:00:00,2023-04-20 17:30:00,2.75,6.3,6.590909090909091,15
2023-04-21 03:45:00,2023-04-21 05:45:00,2.25,5.2,5.633333333333334,3
2023-04-21 16:00:00,2023-04-21 16:15:00,0.5,6.0,6.2,16
2023-04-21 18:15:00,2023-04-21 19:00:00,1.0,6.2,6.3,18
2023-04-22 04:30:00,2023-04-22 07:15:00,3.0,5.5,5.8500000000000005,4
2023-04-22 10:00:00,2023-04-22 10:30:00,0.75,6.1,6.233333333333333,10
2023-04-22 12:30:00,2023-04-22 14:15:00,2.0,6.5,6.75,12
2023-04-22 16:15:00,2023-04-22 17:15:00,1.25,5.8,6.0600000000000005,16
2023-04-22 18:45:00,2023-04-22 19:00:00,0.5,6.1,6.199999999999999,18
2023-04-23 04:30:00,2023-04-23 07:30:00,3.25,5.6,5.961538461538461,4
2023-04-23 09:30:00,2023-04-23 10:45:00,1.5,5.7,5.966666666666666,9
2023-04-23 12:15:00,2023-04-23 12:45:00,0.75,6.3,6.966666666666666,12
2023-04-23 15:30:00,2023-04-23 19:15:00,4.0,5.6,6.28125,15
2023-04-24 03:15:00,2023-04-24 12:00:00,9.0,5.5,6.055555555555556,3
2023-04-24 13:30:00,2023-04-24 14:00:00,0.75,7.3,7.5,13
2023-04-24 15:45:00,2023-04-24 17:30:00,2.0,6.5,6.85,15
2023-04-24 19:00:00,2023-04-24 21:00:00,2.25,5.5,6.311111111111111,19
2023-04-24 22:30:00,2023-04-24 22:45:00,0.5,5.9,6.0,22
2023-04-25 09:15:00,2023-04-25 11:15:00,2.25,5.9,6.211111111111111,9
2023-04-25 13:00:00,2023-04-25 13:30:00,0.75,6.3,6.533333333333334,13
2023-04-25 18:15:00,2023-04-25 20:45:00,2.75,6.3,6.736363636363635,18
2023-04-25 22:30:00,2023-04-25 23:15:00,1.0,5.9,6.074999999999999,22
2023-04-26 01:30:00,2023-04-26 02:30:00,1.25,6.4,6.660000000000001,1
2023-04-26 05:00:00,2023-04-26 05:45:00,1.0,6.6,6.75,5
2023-04-26 07:30:00,2023-04-26 07:45:00,0.5,6.3,6.4,7
2023-04-26 14:45:00,2023-04-27 00:15:00,9.75,5.7,7.123076923076922,14
2023-04-27 09:00:00,2023-04-27 11:15:00,2.5,6.1,6.4399999999999995,9
2023-04-27 12:45:00,2023-04-27 13:45:00,1.25,6.1,6.340000000000001,12
2023-04-27 16:30:00,2023-04-27 17:45:00,1.5,7.7,7.916666666666667,16
2023-04-27 19:15:00,2023-04-27 20:45:00,1.75,6.5,7.042857142857144,19
2023-04-27 22:15:00,2023-04-28 01:00:00,3.0,5.6,5.983333333333333,22
2023-04-28 10:00:00,2023-04-28 13:30:00,3.75,5.9,6.38,10
2023-04-28 15:15:00,2023-04-28 15:30:00,0.5,6.0,6.2,15
2023-04-28 17:30:00,2023-04-28 21:00:00,3.75,6.3,7.093333333333332,17
2023-04-28 23:00:00,2023-04-29 02:00:00,3.25,5.5,6.0076923076923086,23
2023-04-29 07:30:00,2023-04-29 08:00:00,0.75,6.3,6.433333333333334,7
2023-04-29 09:45:00,2023-04-29 15:15:00,5.75,5.5,6.182608695652173,9
2023-04-29 20:30:00,2023-04-29 20:45:00,0.5,5.9,6.2,20
2023-04-29 22:30:00,2023-04-30 02:30:00,4.25,5.3,5.829411764705883,22
2023-05-01 00:45:00,2023-05-01 02:00:00,1.5,6.3,6.449999999999999,0
2023-05-01 03:30:00,2023-05-01 03:45:00,0.5,6.0,6.15,3
2023-05-01 05:30:00,2023-05-01 05:45:00,0.5,5.7,5.9,5
2023-05-01 09:15:00,2023-05-01 10:30:00,1.5,5.8,6.3,9
2023-05-01 14:30:00,2023-05-01 17:30:00,3.25,5.6,6.353846153846154,14
2023-05-01 21:30:00,2023-05-02 03:00:00,5.75,5.8,6.6000000000000005,21
2023-05-02 04:30:00,2023-05-02 06:15:00,2.0,5.5,5.6875,4
2023-05-02 15:15:00,2023-05-02 18:00:00,3.0,5.8,6.3500000000000005,15
2023-05-03 00:00:00,2023-05-03 04:00:00,4.25,5.8,6.229411764705882,0
2023-05-03 11:15:00,2023-05-03 12:15:00,1.25,7.2,7.3,11
2023-05-03 15:45:00,2023-05-03 19:15:00,3.75,5.8,6.379999999999999,15
2023-05-04 01:00:00,2023-05-04 04:45:00,4.0,5.7,6.112500000000001,1
2023-05-04 06:30:00,2023-05-04 07:15:00,1.0,6.4,6.5,6
2023-05-04 13:45:00,2023-05-04 17:00:00,3.5,6.1,6.6000000000000005,13
2023-05-04 19:15:00,2023-05-04 20:15:00,1.25,6.5,6.74,19
2023-05-05 01:15:00,2023-05-05 04:45:00,3.75,5.7,6.126666666666667,1
2023-05-05 06:30:00,2023-05-05 08:00:00,1.75,5.5,6.142857142857143,6
2023-05-05 15:45:00,2023-05-05 17:15:00,1.75,6.2,6.614285714285714,15
2023-05-05 20:45:00,2023-05-05 21:00:00,0.5,6.5,6.65,20
2023-05-06 02:00:00,2023-05-06 04:45:00,3.0,5.6,5.933333333333333,2
2023-05-06 06:15:00,2023-05-06 09:00:00,3.0,5.9,6.2,6
2023-05-06 15:00:00,2023-05-06 19:30:00,4.75,6.0,6.378947368421053,15
2023-05-07 02:15:00,2023-05-07 09:45:00,7.75,5.2,5.829032258064516,2
2023-05-07 16:30:00,2023-05-07 17:30:00,1.25,5.7,6.04,16
2023-05-07 21:00:00,2023-05-07 23:30:00,2.75,6.1,6.445454545454546,21
2023-05-08 02:45:00,2023-05-08 04:15:00,1.75,5.7,6.014285714285714,2
2023-05-08 06:30:00,2023-05-08 08:45:00,2.5,5.4,5.7700000000000005,6
2023-05-08 10:15:00,2023-05-08 12:15:00,2.25,5.5,6.3,10
2023-05-08 16:00:00,2023-05-08 20:15:00,4.5,5.8,6.211111111111111,16
2023-05-08 22:15:00,2023-05-08 23:00:00,1.0,6.4,6.6,22
2023-05-09 02:45:00,2023-05-09 06:45:00,4.25,5.6,6.141176470588235,2
2023-05-09 09:00:00,2023-05-09 10:00:00,1.25,5.5,5.619999999999999,9
2023-05-09 11:30:00,2023-05-09 15:15:00,4.0,5.4,7.075,11
2023-05-09 16:45:00,2023-05-09 21:15:00,4.75,6.1,6.484210526315789,16
2023-05-09 23:00:00,2023-05-10 01:15:00,2.5,6.2,6.4399999999999995,23
2023-05-10 05:30:00,2023-05-10 09:00:00,3.75,5.4,5.873333333333334,5
2023-05-10 10:30:00,2023-05-10 12:00:00,1.75,5.5,5.742857142857143,10
2023-05-10 16:30:00,2023-05-10 19:30:00,3.25,5.9,6.792307692307692,16
2023-05-10 23:00:00,2023-05-10 23:45:00,1.0,5.8,6.0,23
2023-05-11 01:45:00,2023-05-11 03:00:00,1.5,6.1,6.2,1
2023-05-11 06:15:00,2023-05-12 03:00:00,21.0,5.4,6.289285714285714,6
2023-05-12 06:00:00,2023-05-12 11:00:00,5.25,5.5,6.085714285714285,6
2023-05-12 12:45:00,2023-05-12 14:00:00,1.5,5.2,5.666666666666667,12
2023-05-12 18:00:00,2023-05-12 23:45:00,6.0,4.9,6.25,18
2023-05-13 02:15:00,2023-05-13 04:15:00,2.25,5.6,5.955555555555556,2
2023-05-13 07:00:00,2023-05-13 08:30:00,1.75,6.2,6.4,7
2023-05-13 10:00:00,2023-05-13 14:00:00,4.25,5.2,5.676470588235294,10
2023-05-13 17:00:00,2023-05-14 00:15:00,7.5,5.1,6.386666666666667,17
2023-05-14 02:15:00,2023-05-14 05:15:00,3.25,5.6,6.015384615384615,2
2023-05-14 07:15:00,2023-05-14 07:45:00,0.75,6.1,6.333333333333333,7
2023-05-14 09:15:00,2023-05-14 11:45:00,2.75,5.7,6.081818181818182,9
2023-05-14 19:15:00,2023-05-15 00:00:00,5.0,4.7,6.225,19
2023-05-15 04:45:00,2023-05-15 05:45:00,1.25,5.6,5.9,4
2023-05-15 10:45:00,2023-05-15 17:00:00,6.5,5.5,5.9692307692307685,10
2023-05-15 23:45:00,2023-05-16 02:45:00,3.25,5.2,5.699999999999999,23
2023-05-16 04:45:00,2023-05-16 07:30:00,3.0,5.3,5.816666666666666,4
2023-05-16 09:45:00,2023-05-16 10:45:00,1.25,6.0,6.22,9
2023-05-16 12:30:00,2023-05-16 15:45:00,3.5,5.6,5.842857142857142,12
2023-05-17 00:00:00,2023-05-17 04:30:00,4.75,4.8,5.447368421052632,0
2023-05-17 06:00:00,2023-05-17 06:45:00,1.0,5.5,5.725,6
2023-05-17 12:45:00,2023-05-17 14:30:00,2.0,5.2,5.7875,12
2023-05-17 17:00:00,2023-05-17 18:15:00,1.5,5.8,5.95,17
2023-05-18 00:30:00,2023-05-18 03:15:00,3.0,4.7,5.316666666666667,0
2023-05-18 14:00:00,2023-05-18 16:15:00,2.5,5.5,6.23,14
2023-05-19 03:15:00,2023-05-19 07:45:00,4.75,5.2,5.536842105263158,3
2023-05-20 00:30:00,2023-05-20 01:45:00,1.5,5.7,5.8500000000000005,0
2023-05-20 03:15:00,2023-05-20 03:45:00,0.75,5.3,5.366666666666667,3
2023-05-20 06:15:00,2023-05-20 07:00:00,1.0,4.8,5.275,6
2023-05-20 12:45:00,2023-05-20 16:00:00,3.5,5.6,5.921428571428571,12
2023-05-20 17:30:00,2023-05-20 21:45:00,4.5,4.9,5.633333333333335,17
2023-05-21 01:45:00,2023-05-21 04:00:00,2.5,5.3,5.55,1
2023-05-21 05:30:00,2023-05-21 08:15:00,3.0,4.7,5.041666666666667,5
2023-05-21 16:00:00,2023-05-21 18:00:00,2.25,4.8,5.055555555555555,16
2023-05-21 20:00:00,2023-05-21 21:30:00,1.75,5.3,5.5,20
2023-05-22 01:00:00,2023-05-22 02:00:00,1.25,5.9,6.039999999999999,1
2023-05-22 04:00:00,2023-05-22 04:15:00,0.5,5.2,5.300000000000001,4
2023-05-22 15:30:00,2023-05-22 19:00:00,3.75,5.1,6.099999999999999,15
2023-05-22 21:00:00,2023-05-22 22:45:00,2.0,5.7,6.0625,21
2023-05-23 05:30:00,2023-05-23 08:00:00,2.75,5.4,5.745454545454546,5
2023-05-23 09:45:00,2023-05-23 12:30:00,3.0,5.5,5.824999999999999,9
2023-05-23 18:00:00,2023-05-23 21:30:00,3.75,5.4,5.886666666666667,18
2023-05-24 01:15:00,2023-05-24 03:00:00,2.0,6.0,6.325,1
2023-05-24 10:15:00,2023-05-24 23:30:00,13.5,5.2,6.725925925925927,10
2023-05-25 01:00:00,2023-05-25 01:45:00,1.0,6.0,6.2250000000000005,1
2023-05-25 09:45:00,2023-05-25 14:30:00,5.0,5.6,6.015,9
2023-05-25 16:45:00,2023-05-25 17:15:00,0.75,7.2,7.333333333333333,16
2023-05-25 19:15:00,2023-05-25 20:30:00,1.5,6.3,6.516666666666667,19
2023-05-25 22:00:00,2023-05-25 23:15:00,1.5,5.5,6.016666666666666,22
2023-05-26 11:15:00,2023-05-26 12:15:00,1.25,6.2,6.4,11
2023-05-27 19:30:00,2023-05-27 20:45:00,1.5,7.0,7.150000000000001,19
2023-05-28 13:00:00,2023-05-28 14:30:00,1.75,6.3,7.042857142857143,13
2023-05-28 16:30:00,2023-05-28 20:30:00,4.25,6.4,7.370588235294118,16
2023-05-28 22:00:00,2023-05-28 23:15:00,1.5,6.3,6.666666666666665,22
2023-05-29 12:30:00,2023-05-29 16:00:00,3.75,6.0,6.2733333333333325,12
2023-05-29 23:15:00,2023-05-30 01:30:00,2.5,6.0,6.34,23
2023-05-30 03:30:00,2023-05-30 04:30:00,1.25,6.0,6.2,3
2023-05-30 08:45:00,2023-05-30 15:45:00,7.25,5.7,6.406896551724138,8
2023-05-31 00:00:00,2023-05-31 05:45:00,6.0,5.9,6.2375,0
2023-05-31 11:45:00,2023-05-31 15:30:00,4.0,5.9,6.393750000000001,11
2023-06-01 00:45:00,2023-06-01 06:00:00,5.5,5.8,6.213636363636365,0
2023-06-01 14:30:00,2023-06-01 15:00:00,0.75,5.9,6.033333333333334,14
2023-06-01 20:00:00,2023-06-01 20:30:00,0.75,6.3,6.566666666666666,20
2023-06-02 01:15:00,2023-06-02 02:45:00,1.75,5.5,5.928571428571429,1
2023-06-02 04:15:00,2023-06-02 04:45:00,0.75,5.7,5.966666666666666,4
2023-06-02 12:00:00,2023-06-02 15:15:00,3.5,5.8,6.464285714285714,12
2023-06-02 16:45:00,2023-06-02 18:00:00,1.5,5.9,6.116666666666667,16
2023-06-02 19:30:00,2023-06-02 20:30:00,1.25,6.3,6.459999999999999,19
2023-06-03 01:15:00,2023-06-03 05:00:00,4.0,5.2,5.68125,1
2023-06-03 14:15:00,2023-06-03 16:15:00,2.25,5.9,6.377777777777777,14
2023-06-03 18:45:00,2023-06-03 20:45:00,2.25,6.1,6.355555555555556,18
2023-06-04 06:45:00,2023-06-04 08:15:00,1.75,5.5,5.6571428571428575,6
2023-06-04 17:30:00,2023-06-04 18:15:00,1.0,5.6,5.65,17
2023-06-05 04:30:00,2023-06-05 05:45:00,1.5,5.3,5.483333333333333,4
2023-06-05 07:15:00,2023-06-05 09:00:00,2.0,5.5,5.637499999999999,7
2023-06-05 12:45:00,2023-06-05 19:00:00,6.5,5.5,6.238461538461539,12
2023-06-05 21:00:00,2023-06-05 22:15:00,1.5,6.1,6.416666666666667,21
2023-06-06 06:30:00,2023-06-06 09:45:00,3.5,5.3,5.557142857142857,6
2023-06-06 16:00:00,2023-06-06 17:45:00,2.0,5.5,5.8125,16
2023-06-06 22:45:00,2023-06-07 00:00:00,1.5,6.0,6.2,22
2023-06-07 04:15:00,2023-06-07 07:15:00,3.25,5.2,5.6923076923076925,4
2023-06-07 08:45:00,2023-06-07 10:30:00,2.0,5.3,5.549999999999999,8
2023-06-07 17:00:00,2023-06-07 18:30:00,1.75,5.3,5.828571428571428,17
2023-06-07 20:15:00,2023-06-07 21:15:00,1.25,5.3,5.659999999999999,20
2023-06-08 06:00:00,2023-06-08 08:45:00,3.0,4.9,5.508333333333333,6
2023-06-08 12:45:00,2023-06-08 22:15:00,9.75,5.2,6.207692307692308,12
2023-06-08 23:45:00,2023-06-09 02:00:00,2.5,5.5,5.91,23
2023-06-09 07:45:00,2023-06-09 11:00:00,3.5,5.2,5.457142857142857,7
2023-06-09 14:00:00,2023-06-09 14:45:00,1.0,5.8,6.375,14
2023-06-09 16:15:00,2023-06-10 03:00:00,11.0,5.2,5.886363636363638,16
2023-06-10 06:15:00,2023-06-10 07:15:00,1.25,5.5,5.68,6
2023-06-10 08:45:00,2023-06-10 10:30:00,2.0,5.2,5.4,8
2023-06-10 14:30:00,2023-06-10 23:45:00,9.5,5.2,6.165789473684211,14
2023-06-11 08:00:00,2023-06-11 15:00:00,7.25,5.0,5.527586206896551,8
2023-06-11 17:00:00,2023-06-11 20:30:00,3.75,5.8,6.239999999999999,17
2023-06-11 22:00:00,2023-06-12 03:15:00,5.5,4.9,5.427272727272728,22
2023-06-12 10:45:00,2023-06-12 12:30:00,2.0,5.1,5.3375,10
2023-06-12 15:00:00,2023-06-12 16:00:00,1.25,5.1,5.36,15
2023-06-12 21:45:00,2023-06-13 02:45:00,5.25,5.0,5.466666666666667,21
2023-06-13 10:00:00,2023-06-13 13:15:00,3.5,5.2,5.778571428571429,10
2023-06-13 19:15:00,2023-06-13 19:30:00,0.5,6.4,6.5,19
2023-06-13 22:45:00,2023-06-14 01:45:00,3.25,4.9,5.5307692307692315,22
2023-06-14 03:45:00,2023-06-14 05:15:00,1.75,4.8,5.3999999999999995,3
2023-06-14 10:15:00,2023-06-14 11:15:00,1.25,5.9,6.0,10
2023-06-14 13:15:00,2023-06-14 15:30:00,2.5,5.0,5.550000000000001,13
2023-06-15 00:15:00,2023-06-15 02:30:00,2.5,5.2,5.620000000000001,0
2023-06-15 04:00:00,2023-06-15 06:15:00,2.5,4.8,5.06,4
2023-06-15 11:30:00,2023-06-15 13:45:00,2.5,5.6,5.890000000000001,11
2023-06-15 16:00:00,2023-06-15 18:45:00,3.0,5.0,5.558333333333334,16
2023-06-16 01:45:00,2023-06-16 03:45:00,2.25,5.0,5.377777777777777,1
2023-06-16 13:15:00,2023-06-16 17:30:00,4.5,5.0,5.622222222222223,13
2023-06-16 20:00:00,2023-06-16 21:00:00,1.25,6.0,6.12,20
2023-06-17 01:00:00,2023-06-17 03:30:00,2.75,4.9,5.318181818181818,1
2023-06-17 06:00:00,2023-06-17 06:45:00,1.0,4.7,5.025,6
2023-06-17 14:00:00,2023-06-17 16:15:00,2.5,4.9,5.68,14
2023-06-17 19:00:00,2023-06-17 19:15:00,0.5,5.4,5.550000000000001,19
2023-06-17 20:45:00,2023-06-17 21:00:00,0.5,5.6,5.85,20
2023-06-18 02:30:00,2023-06-18 08:30:00,6.25,4.9,5.268,2
2023-06-18 13:30:00,2023-06-18 16:00:00,2.75,5.0,6.254545454545454,13
2023-06-18 19:00:00,2023-06-18 21:45:00,3.0,5.5,5.891666666666666,19
2023-06-19 01:15:00,2023-06-19 06:00:00,5.0,4.6,5.43,1
2023-06-19 07:30:00,2023-06-19 12:30:00,5.25,4.9,5.699999999999999,7
2023-06-19 14:00:00,2023-06-19 18:00:00,4.25,4.8,5.5,14
2023-06-19 19:30:00,2023-06-19 22:15:00,3.0,5.1,5.3500000000000005,19
2023-06-20 03:30:00,2023-06-20 09:30:00,6.25,4.4,4.888000000000001,3
2023-06-20 14:30:00,2023-06-20 16:30:00,2.25,4.5,5.466666666666667,14
2023-06-20 22:15:00,2023-06-20 22:45:00,0.75,5.3,5.3999999999999995,22
2023-06-21 05:30:00,2023-06-21 08:30:00,3.25,4.4,4.730769230769232,5
2023-06-21 10:30:00,2023-06-21 12:00:00,1.75,5.0,5.414285714285714,10
2023-06-21 13:45:00,2023-06-21 19:30:00,6.0,4.7,5.7250000000000005,13
2023-06-22 01:15:00,2023-06-22 07:00:00,6.0,4.3,5.345833333333334,1
2023-06-22 08:30:00,2023-06-22 08:45:00,0.5,4.4,4.5,8
2023-06-22 13:30:00,2023-06-22 16:15:00,3.0,5.7,6.2,13
2023-06-22 18:15:00,2023-06-22 20:15:00,2.25,5.0,5.422222222222222,18
2023-06-22 22:15:00,2023-06-23 00:00:00,2.0,5.3,5.4625,22
2023-06-23 07:15:00,2023-06-23 10:30:00,3.5,4.7,5.0928571428571425,7
2023-06-23 16:45:00,2023-06-23 19:15:00,2.75,5.4,6.045454545454546,16
2023-06-23 21:00:00,2023-06-24 00:45:00,4.0,4.6,5.1,21
2023-06-24 04:00:00,2023-06-24 04:45:00,1.0,5.5,5.7,4
2023-06-24 08:30:00,2023-06-24 13:30:00,5.25,4.9,5.338095238095237,8
2023-06-24 15:30:00,2023-06-25 05:15:00,14.0,4.9,5.9750000000000005,15
2023-06-25 08:00:00,2023-06-25 08:45:00,1.0,5.4,5.549999999999999,8
2023-06-25 10:30:00,2023-06-25 12:30:00,2.25,4.7,5.177777777777779,10
2023-06-25 15:00:00,2023-06-26 02:30:00,11.75,4.7,5.978723404255318,15
2023-06-26 04:00:00,2023-06-26 06:45:00,3.0,5.3,5.858333333333333,4
2023-06-26 08:45:00,2023-06-26 13:30:00,5.0,4.7,5.44,8
2023-06-26 17:30:00,2023-06-27 01:30:00,8.25,4.5,5.812121212121212,17
2023-06-27 12:15:00,2023-06-27 14:30:00,2.5,4.6,5.8500000000000005,12
2023-06-27 16:30:00,2023-06-27 20:30:00,4.25,6.4,7.1647058823529415,16
2023-06-27 22:00:00,2023-06-28 03:15:00,5.5,4.9,5.5590909090909095,22
2023-06-28 10:30:00,2023-06-28 16:00:00,5.75,4.4,5.17391304347826,10
2023-06-28 19:30:00,2023-06-28 23:45:00,4.5,5.1,6.372222222222222,19
2023-06-29 01:15:00,2023-06-29 02:30:00,1.5,5.0,5.183333333333333,1
2023-06-29 10:45:00,2023-06-29 11:15:00,0.75,5.1,5.400000000000001,10
2023-06-29 12:45:00,2023-06-29 13:45:00,1.25,4.6,4.959999999999999,12
2023-06-29 17:15:00,2023-06-29 20:30:00,3.5,4.9,5.764285714285714,17
2023-06-29 22:15:00,2023-06-30 03:15:00,5.25,4.3,4.966666666666667,22
2023-06-30 12:15:00,2023-06-30 14:15:00,2.25,4.2,4.655555555555555,12
2023-06-30 16:15:00,2023-06-30 17:00:00,1.0,4.9,5.1000000000000005,16
2023-06-30 21:15:00,2023-06-30 22:15:00,1.25,5.5,5.7,21
2023-07-01 01:00:00,2023-07-01 06:30:00,5.75,3.8,4.552173913043478,1
2023-07-01 13:00:00,2023-07-01 14:00:00,1.25,4.1,4.540000000000001,13
2023-07-01 16:15:00,2023-07-01 17:15:00,1.25,4.4,4.779999999999999,16
2023-07-02 02:15:00,2023-07-02 03:15:00,1.25,3.4,3.84,2
2023-07-02 05:15:00,2023-07-02 06:45:00,1.75,4.2,4.585714285714286,5
2023-07-02 12:30:00,2023-07-02 14:00:00,1.75,4.0,4.828571428571429,12
2023-07-02 15:30:00,2023-07-02 18:45:00,3.5,4.3,4.878571428571429,15
2023-07-02 20:15:00,2023-07-02 22:45:00,2.75,5.2,5.409090909090908,20
2023-07-03 03:30:00,2023-07-03 04:30:00,1.25,3.5,3.8600000000000003,3
2023-07-03 06:00:00,2023-07-03 06:30:00,0.75,3.8,4.033333333333334,6
2023-07-03 12:15:00,2023-07-03 12:30:00,0.5,5.0,5.1,12
2023-07-03 14:30:00,2023-07-03 17:30:00,3.25,4.2,4.807692307692308,14
2023-07-03 19:15:00,2023-07-03 21:00:00,2.0,5.1,5.4125,19
2023-07-04 00:45:00,2023-07-04 02:00:00,1.5,4.4,4.6499999999999995,0
2023-07-04 06:15:00,2023-07-04 07:00:00,1.0,3.8,4.125,6
2023-07-04 08:45:00,2023-07-04 09:30:00,1.0,4.5,4.6,8
2023-07-04 14:00:00,2023-07-04 18:45:00,5.0,4.1,4.935,14
2023-07-04 21:15:00,2023-07-04 22:45:00,1.75,4.9,5.285714285714286,21
2023-07-05 01:15:00,2023-07-05 04:00:00,3.0,3.9,4.366666666666666,1
2023-07-05 08:45:00,2023-07-05 10:15:00,1.75,4.4,4.7,8
2023-07-05 12:45:00,2023-07-05 15:00:00,2.5,4.7,5.3100000000000005,12
2023-07-05 17:15:00,2023-07-05 18:45:00,1.75,4.0,4.285714285714286,17
2023-07-05 22:00:00,2023-07-05 23:30:00,1.75,4.5,5.042857142857143,22
2023-07-06 02:00:00,2023-07-06 02:15:00,0.5,4.5,4.6,2
2023-07-06 11:45:00,2023-07-06 20:45:00,9.25,3.6,4.994594594594594,11
2023-07-06 22:45:00,2023-07-07 00:15:00,1.75,4.3,4.9,22
2023-07-07 04:45:00,2023-07-07 05:00:00,0.5,3.8,3.9,4
2023-07-07 06:45:00,2023-07-07 08:00:00,1.5,3.6,3.9,6
2023-07-07 14:45:00,2023-07-07 17:15:00,2.75,4.8,5.336363636363637,14
2023-07-07 18:45:00,2023-07-07 19:45:00,1.25,4.1,4.26,18
2023-07-07 22:30:00,2023-07-08 01:45:00,3.5,4.3,4.685714285714285,22
2023-07-08 05:15:00,2023-07-08 09:15:00,4.25,3.7,4.1000000000000005,5
2023-07-08 14:45:00,2023-07-08 17:45:00,3.25,5.0,5.715384615384616,14
2023-07-08 20:00:00,2023-07-08 21:30:00,1.75,3.9,4.071428571428571,20
2023-07-09 02:15:00,2023-07-09 04:30:00,2.5,4.4,4.57,2
2023-07-09 06:45:00,2023-07-09 10:00:00,3.5,3.5,3.9928571428571433,6
2023-07-09 15:15:00,2023-07-09 16:15:00,1.25,5.8,6.04,15
2023-07-09 17:45:00,2023-07-09 21:30:00,4.0,3.9,4.7875,17
2023-07-09 23:00:00,2023-07-10 00:45:00,2.0,3.8,4.0875,23
2023-07-10 03:45:00,2023-07-10 05:45:00,2.25,4.2,4.588888888888889,3
2023-07-10 07:45:00,2023-07-10 08:45:00,1.25,4.0,4.38,7
2023-07-10 10:30:00,2023-07-10 11:30:00,1.25,3.5,4.04,10
2023-07-10 16:30:00,2023-07-10 18:45:00,2.5,4.8,5.25,16
2023-07-11 00:30:00,2023-07-11 00:45:00,0.5,3.8,3.9,0
2023-07-11 07:15:00,2023-07-11 08:15:00,1.25,4.1,4.299999999999999,7
2023-07-11 09:45:00,2023-07-11 12:00:00,2.5,3.4,3.9800000000000004,9
2023-07-11 18:15:00,2023-07-12 01:00:00,7.0,3.4,4.535714285714286,18
2023-07-12 11:00:00,2023-07-12 13:00:00,2.25,3.2,3.7000000000000006,11
2023-07-12 15:15:00,2023-07-12 17:15:00,2.25,3.3,3.677777777777778,15
2023-07-12 20:45:00,2023-07-13 04:15:00,7.75,3.0,3.932258064516129,20
2023-07-13 07:30:00,2023-07-13 09:30:00,2.25,3.9,4.077777777777778,7
2023-07-13 11:15:00,2023-07-13 16:00:00,5.0,3.1,3.655,11
2023-07-13 18:15:00,2023-07-13 20:45:00,2.75,4.6,5.281818181818182,18
2023-07-13 22:45:00,2023-07-14 04:30:00,6.0,4.1,4.704166666666667,22
2023-07-14 12:45:00,2023-07-14 17:30:00,5.0,4.0,4.5600000000000005,12
2023-07-14 20:15:00,2023-07-14 23:30:00,3.5,4.9,5.4142857142857155,20
2023-07-15 01:00:00,2023-07-15 05:00:00,4.25,4.2,4.7176470588235295,1
2023-07-15 12:45:00,2023-07-15 16:30:00,4.0,3.7,4.3625,12
2023-07-15 18:00:00,2023-07-15 20:30:00,2.75,4.3,4.6,18
2023-07-16 00:15:00,2023-07-16 08:00:00,8.0,4.1,4.68125,0
2023-07-16 13:45:00,2023-07-16 18:45:00,5.25,4.1,4.966666666666667,13
2023-07-16 20:45:00,2023-07-16 21:30:00,1.0,4.5,4.725,20
2023-07-16 23:00:00,2023-07-17 01:45:00,3.0,4.9,5.283333333333334,23
2023-07-17 04:00:00,2023-07-17 07:45:00,4.0,3.6,4.35,4
2023-07-17 10:45:00,2023-07-17 17:15:00,6.75,3.7,5.67037037037037,10
2023-07-17 19:30:00,2023-07-17 20:15:00,1.0,4.6,4.75,19
2023-07-17 22:00:00,2023-07-17 22:45:00,1.0,4.7,5.275,22
2023-07-18 00:30:00,2023-07-18 04:15:00,4.0,3.9,4.637499999999999,0
2023-07-18 05:45:00,2023-07-18 06:15:00,0.75,3.6,3.8000000000000003,5
2023-07-18 08:00:00,2023-07-18 08:45:00,1.0,4.1,4.4,8
2023-07-18 13:15:00,2023-07-18 17:45:00,4.75,4.0,5.247368421052632,13
2023-07-18 20:30:00,2023-07-18 21:45:00,1.5,4.2,4.616666666666667,20
2023-07-19 02:45:00,2023-07-19 08:30:00,6.0,3.5,4.058333333333333,2
2023-07-19 10:00:00,2023-07-19 10:15:00,0.5,4.6,4.85,10
2023-07-19 11:45:00,2023-07-19 13:00:00,1.5,5.7,6.116666666666667,11
2023-07-19 14:30:00,2023-07-19 22:45:00,8.5,3.7,4.694117647058824,14
2023-07-20 01:00:00,2023-07-20 01:45:00,1.0,4.8,5.05,1
2023-07-20 03:15:00,2023-07-20 10:15:00,7.25,3.8,4.451724137931034,3
2023-07-20 14:00:00,2023-07-20 19:15:00,5.5,3.8,5.499999999999999,14
2023-07-20 20:45:00,2023-07-21 01:45:00,5.25,4.1,4.838095238095238,20
2023-07-21 05:15:00,2023-07-21 06:00:00,1.0,4.6,4.824999999999999,5
2023-07-21 09:00:00,2023-07-21 11:45:00,3.0,4.0,4.925000000000002,9
2023-07-21 13:30:00,2023-07-21 22:45:00,9.5,4.0,5.96578947368421,13
2023-07-22 00:45:00,2023-07-22 01:45:00,1.25,5.5,5.720000000000001,0
2023-07-22 03:15:00,2023-07-22 03:45:00,0.75,4.8,5.0,3
2023-07-22 07:15:00,2023-07-22 14:45:00,7.75,4.0,5.648387096774194,7
2023-07-22 16:15:00,2023-07-23 00:45:00,8.75,4.1,5.657142857142858,16
2023-07-23 02:30:00,2023-07-23 03:30:00,1.25,4.9,5.2,2
2023-07-23 05:00:00,2023-07-23 06:30:00,1.75,4.3,4.771428571428571,5
2023-07-23 08:00:00,2023-07-23 11:00:00,3.25,3.3,4.184615384615385,8
2023-07-23 15:15:00,2023-07-23 17:45:00,2.75,5.3,5.945454545454544,15
2023-07-23 20:30:00,2023-07-24 00:30:00,4.25,3.9,4.641176470588236,20
2023-07-24 03:30:00,2023-07-24 04:15:00,1.0,4.8,4.8999999999999995,3
2023-07-24 08:15:00,2023-07-24 10:45:00,2.75,3.6,4.663636363636364,8
2023-07-24 15:45:00,2023-07-24 20:45:00,5.25,4.8,6.157142857142857,15
2023-07-24 22:15:00,2023-07-25 05:00:00,7.0,3.9,4.664285714285714,22
2023-07-25 08:30:00,2023-07-25 12:15:00,4.0,3.6,4.237500000000001,8
2023-07-25 16:15:00,2023-07-26 01:30:00,9.5,3.6,5.307894736842105,16
2023-07-26 06:00:00,2023-07-26 07:30:00,1.75,4.3,4.728571428571429,6
2023-07-26 09:30:00,2023-07-26 13:00:00,3.75,3.5,4.033333333333334,9
2023-07-26 17:00:00,2023-07-27 00:15:00,7.5,3.9,5.8566666666666665,17
2023-07-27 01:45:00,2023-07-27 10:30:00,9.0,3.7,4.708333333333333,1
2023-07-27 12:00:00,2023-07-27 14:15:00,2.5,3.4,3.88,12
2023-07-27 18:45:00,2023-07-28 01:30:00,7.0,3.9,5.453571428571428,18
2023-07-28 03:15:00,2023-07-28 05:45:00,2.75,3.8,4.554545454545455,3
2023-07-28 09:45:00,2023-07-28 16:00:00,6.5,3.4,4.146153846153846,9
2023-07-28 19:15:00,2023-07-28 23:45:00,4.75,3.8,5.126315789473684,19
2023-07-29 01:45:00,2023-07-29 03:30:00,2.0,3.5,3.7875,1
2023-07-29 05:15:00,2023-07-29 05:45:00,0.75,4.0,4.2,5
2023-07-29 07:30:00,2023-07-29 07:45:00,0.5,3.9,4.0,7
2023-07-29 10:15:00,2023-07-29 13:15:00,3.25,3.4,4.323076923076924,10
2023-07-29 14:45:00,2023-07-29 21:45:00,7.25,3.2,4.186206896551726,14
2023-07-30 01:00:00,2023-07-30 03:45:00,3.0,3.0,3.6,1
2023-07-30 12:00:00,2023-07-30 16:00:00,4.25,3.3,4.358823529411764,12
2023-07-30 18:00:00,2023-07-30 20:30:00,2.75,4.2,4.845454545454545,18
2023-07-30 23:00:00,2023-07-31 03:00:00,4.25,3.1,3.8529411764705883,23
2023-07-31 10:45:00,2023-07-31 11:45:00,1.25,4.2,4.32,10
2023-07-31 13:30:00,2023-07-31 15:30:00,2.25,3.4,4.088888888888889,13
2023-07-31 17:30:00,2023-07-31 18:30:00,1.25,4.7,5.140000000000001,17
2023-07-31 20:30:00,2023-07-31 20:45:00,0.5,4.4,4.7,20
2023-07-31 23:45:00,2023-08-01 01:00:00,1.5,3.8,4.133333333333334,23
2023-08-01 07:15:00,2023-08-01 08:45:00,1.75,4.1,4.285714285714286,7
2023-08-01 11:15:00,2023-08-01 11:30:00,0.5,4.5,4.6,11
2023-08-01 14:30:00,2023-08-01 16:15:00,2.0,3.6,4.324999999999999,14
2023-08-01 20:15:00,2023-08-02 01:30:00,5.5,4.0,4.7,20
2023-08-02 03:45:00,2023-08-02 05:00:00,1.5,3.3,3.5666666666666664,3
2023-08-02 06:30:00,2023-08-02 08:15:00,2.0,3.9,4.175000000000001,6
2023-08-02 10:15:00,2023-08-02 10:45:00,0.75,4.4,4.7,10
2023-08-02 12:15:00,2023-08-02 12:30:00,0.5,4.9,5.0,12
2023-08-02 16:45:00,2023-08-02 18:00:00,1.5,3.9,4.166666666666667,16
2023-08-03 00:30:00,2023-08-03 02:30:00,2.25,4.2,4.566666666666666,0
2023-08-03 04:30:00,2023-08-03 06:15:00,2.0,3.4,3.825,4
2023-08-03 12:30:00,2023-08-03 14:30:00,2.25,4.4,4.822222222222222,12
2023-08-03 17:30:00,2023-08-03 19:00:00,1.75,3.9,4.1000000000000005,17
2023-08-03 23:00:00,2023-08-04 00:00:00,1.25,4.6,4.8,23
2023-08-04 05:45:00,2023-08-04 07:45:00,2.25,3.4,3.511111111111111,5
2023-08-04 13:15:00,2023-08-04 14:30:00,1.5,4.1,4.333333333333333,13
2023-08-04 16:30:00,2023-08-04 19:00:00,2.75,3.4,3.909090909090909,16
2023-08-04 22:45:00,2023-08-05 00:00:00,1.5,4.0,4.466666666666667,22
2023-08-05 01:30:00,2023-08-05 04:00:00,2.75,3.6,3.9181818181818184,1
2023-08-05 09:00:00,2023-08-05 10:15:00,1.5,3.5,3.883333333333333,9
2023-08-05 16:45:00,2023-08-05 19:45:00,3.25,3.5,4.269230769230768,16
2023-08-05 22:30:00,2023-08-06 00:45:00,2.5,3.8,4.6,22
2023-08-06 05:00:00,2023-08-06 06:45:00,2.0,3.6,3.7375,5
2023-08-06 13:00:00,2023-08-06 15:15:00,2.5,4.4,5.2700000000000005,13
2023-08-06 17:15:00,2023-08-07 02:00:00,9.0,3.4,4.269444444444444,17
2023-08-07 04:15:00,2023-08-07 05:45:00,1.75,3.9,4.157142857142857,4
2023-08-07 08:00:00,2023-08-07 08:15:00,0.5,3.6,3.75,8
2023-08-07 12:30:00,2023-08-07 19:30:00,7.25,4.0,5.110344827586206,12
2023-08-07 21:30:00,2023-08-08 01:00:00,3.75,4.0,4.486666666666666,21
2023-08-08 03:00:00,2023-08-08 05:45:00,3.0,4.4,4.683333333333334,3
2023-08-08 10:45:00,2023-08-08 14:00:00,3.5,3.5,4.071428571428571,10
2023-08-08 17:00:00,2023-08-08 19:45:00,3.0,5.1,5.791666666666665,17
2023-08-08 22:00:00,2023-08-09 02:45:00,5.0,4.1,4.65,22
2023-08-09 06:00:00,2023-08-09 07:15:00,1.5,4.6,4.766666666666667,6
2023-08-09 11:30:00,2023-08-09 15:00:00,3.75,3.7,4.540000000000001,11
2023-08-09 16:30:00,2023-08-09 18:15:00,2.0,5.0,5.9625,16
2023-08-09 20:00:00,2023-08-10 01:45:00,6.0,4.2,5.045833333333333,20
2023-08-10 13:15:00,2023-08-10 17:30:00,4.5,3.6,4.366666666666666,13
2023-08-10 19:00:00,2023-08-10 20:15:00,1.5,5.7,6.000000000000001,19
2023-08-10 22:00:00,2023-08-11 02:15:00,4.5,4.1,4.98888888888889,22
2023-08-11 04:15:00,2023-08-11 04:45:00,0.75,4.0,4.233333333333333,4
2023-08-11 12:30:00,2023-08-11 17:00:00,4.75,3.9,4.657894736842105,12
2023-08-11 19:00:00,2023-08-12 04:00:00,9.25,3.9,5.208108108108108,19
2023-08-12 10:45:00,2023-08-12 19:15:00,8.75,3.7,4.5200000000000005,10
2023-08-12 20:45:00,2023-08-12 22:00:00,1.5,5.3,5.633333333333333,20
2023-08-13 00:00:00,2023-08-13 01:45:00,2.0,3.9,4.775,0
2023-08-13 03:15:00,2023-08-13 06:15:00,3.25,3.8,4.176923076923076,3
2023-08-13 08:30:00,2023-08-13 10:45:00,2.5,5.0,5.34,8
2023-08-13 12:15:00,2023-08-13 16:30:00,4.5,4.0,5.05,12
2023-08-13 21:30:00,2023-08-13 23:00:00,1.75,5.0,5.242857142857143,21
2023-08-14 00:30:00,2023-08-14 03:15:00,3.0,3.8,4.308333333333333,0
2023-08-14 04:45:00,2023-08-14 06:45:00,2.25,3.6,4.033333333333334,4
2023-08-14 11:45:00,2023-08-14 12:15:00,0.75,5.1,5.333333333333333,11
2023-08-14 14:00:00,2023-08-14 15:45:00,2.0,4.2,4.9125,14
2023-08-14 18:15:00,2023-08-14 20:00:00,2.0,3.8,4.1125,18
2023-08-14 22:00:00,2023-08-14 22:30:00,0.75,5.2,5.3,22
2023-08-15 01:00:00,2023-08-15 07:15:00,6.5,3.4,4.119230769230769,1
2023-08-15 08:45:00,2023-08-15 10:00:00,1.5,4.1,4.766666666666667,8
2023-08-15 13:45:00,2023-08-15 18:00:00,4.5,3.5,4.76111111111111,13
2023-08-15 19:45:00,2023-08-15 21:30:00,2.0,4.2,4.7250000000000005,19
2023-08-15 23:15:00,2023-08-16 01:30:00,2.5,4.6,4.930000000000001,23
2023-08-16 03:00:00,2023-08-16 05:00:00,2.25,4.2,4.655555555555556,3
2023-08-16 07:30:00,2023-08-16 09:30:00,2.25,3.8,4.455555555555557,7
2023-08-16 12:15:00,2023-08-16 12:30:00,0.5,5.8,6.0,12
2023-08-16 14:45:00,2023-08-16 17:15:00,2.75,3.5,4.609090909090909,14
2023-08-17 01:00:00,2023-08-17 07:00:00,6.25,3.5,4.272,1
2023-08-17 08:45:00,2023-08-17 09:00:00,0.5,3.6,3.7,8
2023-08-17 12:15:00,2023-08-17 18:45:00,6.75,3.8,4.814814814814815,12
2023-08-17 20:45:00,2023-08-17 23:45:00,3.25,4.4,4.7615384615384615,20
2023-08-18 04:30:00,2023-08-18 05:30:00,1.25,3.6,3.8600000000000003,4
2023-08-18 12:30:00,2023-08-18 13:15:00,1.0,5.6,5.725,12
2023-08-18 15:00:00,2023-08-18 19:45:00,5.0,3.9,4.985000000000001,15
2023-08-18 21:45:00,2023-08-18 22:45:00,1.25,4.2,4.34,21
2023-08-19 00:30:00,2023-08-19 04:00:00,3.75,4.5,4.806666666666667,0
2023-08-19 05:30:00,2023-08-19 07:00:00,1.75,3.8,4.042857142857143,5
2023-08-19 14:45:00,2023-08-19 17:45:00,3.25,3.8,5.13846153846154,14
2023-08-19 19:45:00,2023-08-19 20:30:00,1.0,4.0,4.375,19
2023-08-19 22:15:00,2023-08-20 00:00:00,2.0,4.1,4.6,22
2023-08-20 02:00:00,2023-08-20 04:45:00,3.0,3.8,4.708333333333334,2
2023-08-20 07:00:00,2023-08-20 08:00:00,1.25,3.5,3.8200000000000003,7
2023-08-20 12:15:00,2023-08-20 21:00:00,9.0,4.2,5.449999999999999,12
2023-08-21 00:15:00,2023-08-21 07:00:00,7.0,4.2,4.742857142857142,0
2023-08-21 08:30:00,2023-08-21 09:00:00,0.75,3.6,3.733333333333333,8
2023-08-21 15:15:00,2023-08-22 00:45:00,9.75,3.9,5.012820512820512,15
2023-08-22 02:15:00,2023-08-22 03:15:00,1.25,4.7,5.0600000000000005,2
2023-08-22 05:30:00,2023-08-22 07:15:00,2.0,4.4,4.862500000000001,5
2023-08-22 08:45:00,2023-08-22 11:30:00,3.0,3.6,4.133333333333333,8
2023-08-22 15:30:00,2023-08-23 00:15:00,9.0,3.6,5.4111111111111105,15
2023-08-23 04:00:00,2023-08-23 14:30:00,10.75,3.9,4.576744186046511,4
2023-08-23 16:00:00,2023-08-24 00:30:00,8.75,4.0,5.488571428571428,16
2023-08-24 02:00:00,2023-08-24 06:45:00,5.0,4.0,5.055000000000001,2
2023-08-24 08:15:00,2023-08-24 08:30:00,0.5,4.6,4.75,8
2023-08-24 10:45:00,2023-08-24 11:45:00,1.25,3.9,4.24,10
2023-08-24 15:00:00,2023-08-25 00:00:00,9.25,4.0,5.51081081081081,15
2023-08-25 01:30:00,2023-08-25 02:00:00,0.75,4.3,4.466666666666666,1
2023-08-25 09:30:00,2023-08-25 12:00:00,2.75,3.7,4.327272727272727,9
2023-08-25 14:15:00,2023-08-25 16:45:00,2.75,4.0,4.636363636363637,14
2023-08-25 18:15:00,2023-08-26 00:45:00,6.75,3.6,4.7592592592592595,18
2023-08-26 02:15:00,2023-08-26 03:00:00,1.0,3.7,4.1,2
2023-08-26 07:00:00,2023-08-26 07:45:00,1.0,4.5,4.65,7
2023-08-26 09:30:00,2023-08-26 12:45:00,3.5,3.7,4.428571428571429,9
2023-08-26 14:30:00,2023-08-26 15:00:00,0.75,3.8,3.8666666666666667,14
2023-08-26 17:45:00,2023-08-27 01:30:00,8.0,3.9,4.815625,17
2023-08-27 03:00:00,2023-08-27 04:00:00,1.25,3.9,4.04,3
2023-08-27 06:00:00,2023-08-27 07:00:00,1.25,4.5,4.76,6
2023-08-27 09:45:00,2023-08-27 15:00:00,5.5,3.7,4.527272727272727,9
2023-08-27 18:00:00,2023-08-27 21:15:00,3.5,5.0,5.328571428571428,18
2023-08-27 23:30:00,2023-08-28 07:00:00,7.75,3.5,4.316129032258064,23
2023-08-28 12:00:00,2023-08-28 14:15:00,2.5,3.9,4.3,12
2023-08-28 18:00:00,2023-08-28 19:30:00,1.75,5.1,5.285714285714286,18
2023-08-28 21:15:00,2023-08-28 22:30:00,1.5,4.8,4.983333333333333,21
2023-08-29 00:15:00,2023-08-29 01:30:00,1.5,3.9,4.166666666666666,0
2023-08-29 13:15:00,2023-08-29 15:45:00,2.75,3.8,4.0,13
2023-08-29 18:15:00,2023-08-29 18:30:00,0.5,5.1,5.199999999999999,18
2023-08-29 22:15:00,2023-08-30 00:30:00,2.5,3.9,4.3100000000000005,22
2023-08-30 02:30:00,2023-08-30 03:15:00,1.0,3.1,3.375,2
2023-08-30 06:15:00,2023-08-30 06:30:00,0.5,4.3,4.4,6
2023-08-30 08:15:00,2023-08-30 10:15:00,2.25,4.4,4.655555555555555,8
2023-08-30 12:45:00,2023-08-30 14:00:00,1.5,3.7,3.9499999999999997,12
2023-08-30 15:30:00,2023-08-30 16:30:00,1.25,4.1,4.4799999999999995,15
2023-08-31 03:00:00,2023-08-31 06:00:00,3.25,4.1,4.569230769230769,3
2023-08-31 16:30:00,2023-08-31 17:30:00,1.25,4.4,4.779999999999999,16
2023-08-31 20:15:00,2023-08-31 23:00:00,3.0,5.0,5.349999999999999,20
2023-09-01 00:45:00,2023-09-01 02:00:00,1.5,4.1,4.3500000000000005,0
2023-09-01 12:45:00,2023-09-01 13:45:00,1.25,5.1,5.38,12
2023-09-01 17:45:00,2023-09-01 22:30:00,5.0,4.5,5.305,17
2023-09-02 02:00:00,2023-09-02 04:30:00,2.75,4.1,4.454545454545454,2
2023-09-02 13:45:00,2023-09-02 15:00:00,1.5,5.3,5.583333333333333,13
2023-09-02 18:30:00,2023-09-02 19:00:00,0.75,4.4,4.7,18
2023-09-02 21:30:00,2023-09-02 23:45:00,2.5,5.2,5.5200000000000005,21
2023-09-03 02:30:00,2023-09-03 06:30:00,4.25,4.0,4.464705882352941,2
2023-09-03 10:30:00,2023-09-03 12:00:00,1.75,5.1,5.314285714285714,10
2023-09-03 14:30:00,2023-09-03 15:30:00,1.25,5.7,5.98,14
2023-09-03 17:15:00,2023-09-03 20:00:00,3.0,4.5,5.0,17
2023-09-03 21:45:00,2023-09-03 22:15:00,0.75,4.9,5.2,21
2023-09-03 23:45:00,2023-09-04 00:00:00,0.5,4.9,5.0,23
2023-09-04 05:00:00,2023-09-04 06:45:00,2.0,4.0,4.387499999999999,5
2023-09-04 09:45:00,2023-09-04 10:30:00,1.0,4.6,4.825,9
2023-09-04 13:45:00,2023-09-05 00:30:00,11.0,4.2,5.288636363636364,13
2023-09-05 02:45:00,2023-09-05 04:00:00,1.5,5.1,5.300000000000001,2
2023-09-05 06:00:00,2023-09-05 07:00:00,1.25,4.7,4.86,6
2023-09-05 08:45:00,2023-09-05 09:45:00,1.25,4.2,4.64,8
2023-09-05 12:00:00,2023-09-05 21:00:00,9.25,4.7,5.7,12
2023-09-05 22:30:00,2023-09-06 01:15:00,3.0,4.4,4.675,22
2023-09-06 04:45:00,2023-09-06 06:00:00,1.5,5.1,5.2,4
2023-09-06 08:45:00,2023-09-06 14:45:00,6.25,4.1,4.852,8
2023-09-06 16:45:00,2023-09-07 03:30:00,11.0,4.4,5.374999999999999,16
2023-09-07 05:30:00,2023-09-07 11:00:00,5.75,4.3,5.039130434782608,5
2023-09-07 14:30:00,2023-09-07 14:45:00,0.5,4.7,4.85,14
2023-09-07 17:45:00,2023-09-07 18:15:00,0.75,6.0,6.133333333333333,17
2023-09-07 19:45:00,2023-09-07 20:30:00,1.0,5.4,5.625,19
2023-09-07 22:00:00,2023-09-08 04:00:00,6.25,4.3,4.828,22
2023-09-08 06:45:00,2023-09-08 08:30:00,2.0,4.0,5.025,6
2023-09-08 10:00:00,2023-09-08 15:15:00,5.5,4.4,4.868181818181818,10
2023-09-08 17:45:00,2023-09-08 21:15:00,3.75,5.2,6.166666666666666,17
2023-09-08 23:00:00,2023-09-09 02:00:00,3.25,4.4,5.015384615384615,23
2023-09-09 03:30:00,2023-09-09 05:30:00,2.25,4.2,4.577777777777778,3
2023-09-09 08:15:00,2023-09-09 08:45:00,0.75,5.0,5.233333333333333,8
2023-09-09 10:15:00,2023-09-09 15:45:00,5.75,3.9,4.830434782608696,10
2023-09-09 19:45:00,2023-09-09 20:15:00,0.75,5.8,5.966666666666666,19
2023-09-09 21:45:00,2023-09-10 07:30:00,10.0,4.1,4.7775,21
2023-09-10 09:00:00,2023-09-10 14:00:00,5.25,4.2,4.947619047619048,9
2023-09-10 20:45:00,2023-09-10 22:00:00,1.5,5.2,5.516666666666667,20
2023-09-10 23:45:00,2023-09-11 03:00:00,3.5,4.2,4.6499999999999995,23
2023-09-11 08:30:00,2023-09-11 16:00:00,7.75,4.0,4.674193548387098,8
2023-09-11 17:30:00,2023-09-11 18:00:00,0.75,4.5,4.633333333333334,17
2023-09-11 19:30:00,2023-09-12 03:45:00,8.5,3.8,4.8500000000000005,19
2023-09-12 10:30:00,2023-09-12 15:15:00,5.0,4.1,4.72,10
2023-09-12 21:15:00,2023-09-13 03:45:00,6.75,3.9,4.718518518518519,21
2023-09-13 06:15:00,2023-09-13 07:30:00,1.5,4.2,4.383333333333334,6
2023-09-13 11:15:00,2023-09-13 15:45:00,4.75,4.2,4.868421052631579,11
2023-09-14 00:15:00,2023-09-14 05:00:00,5.0,3.8,4.3549999999999995,0
2023-09-14 06:30:00,2023-09-14 08:15:00,2.0,4.6,4.699999999999999,6
2023-09-14 12:15:00,2023-09-14 16:30:00,4.5,4.1,4.866666666666666,12
2023-09-14 20:00:00,2023-09-14 23:00:00,3.25,4.9,5.415384615384615,20
2023-09-15 02:30:00,2023-09-15 07:45:00,5.5,4.3,4.672727272727273,2
2023-09-15 13:15:00,2023-09-15 18:00:00,5.0,4.5,5.1899999999999995,13
2023-09-15 20:15:00,2023-09-15 21:30:00,1.5,5.2,5.3999999999999995,20
2023-09-16 03:30:00,2023-09-16 07:30:00,4.25,4.2,4.5058823529411764,3
2023-09-16 09:00:00,2023-09-16 09:45:00,1.0,4.8,5.05,9
2023-09-16 13:30:00,2023-09-16 14:15:00,1.0,5.5,5.65,13
2023-09-16 20:00:00,2023-09-16 21:30:00,1.75,4.7,5.285714285714286,20
2023-09-16 23:15:00,2023-09-17 05:00:00,6.0,4.3,4.933333333333334,23
2023-09-17 14:45:00,2023-09-17 15:45:00,1.25,5.0,5.22,14
2023-09-17 17:15:00,2023-09-17 19:15:00,2.25,4.3,4.566666666666666,17
2023-09-18 04:45:00,2023-09-18 07:45:00,3.25,4.1,4.438461538461539,4
2023-09-18 09:15:00,2023-09-18 10:15:00,1.25,4.7,4.84,9
2023-09-18 15:45:00,2023-09-18 16:00:00,0.5,5.3,5.5,15
2023-09-18 17:45:00,2023-09-18 23:00:00,5.5,4.3,4.904545454545454,17
2023-09-19 00:45:00,2023-09-19 04:15:00,3.75,4.7,4.993333333333334,0
2023-09-19 05:45:00,2023-09-19 07:45:00,2.25,4.4,4.488888888888889,5
2023-09-19 14:00:00,2023-09-19 22:15:00,8.5,4.3,5.199999999999999,14
2023-09-20 06:15:00,2023-09-20 08:30:00,2.5,4.6,4.869999999999999,6
2023-09-20 10:15:00,2023-09-20 11:45:00,1.75,4.7,4.985714285714286,10
2023-09-20 17:45:00,2023-09-20 23:45:00,6.25,4.4,4.9799999999999995,17
2023-09-21 02:15:00,2023-09-21 03:00:00,1.0,5.9,6.050000000000001,2
2023-09-21 05:15:00,2023-09-21 06:00:00,1.0,5.2,5.325,5
2023-09-21 07:45:00,2023-09-21 10:30:00,3.0,4.8,5.158333333333333,7
2023-09-21 16:30:00,2023-09-21 20:30:00,4.25,5.7,6.111764705882353,16
2023-09-21 23:00:00,2023-09-22 01:45:00,3.0,5.4,5.616666666666667,23
2023-09-22 12:15:00,2023-09-22 15:30:00,3.5,5.6,6.25,12
2023-09-22 17:15:00,2023-09-22 20:00:00,3.0,6.2,6.633333333333333,17
2023-09-23 00:00:00,2023-09-23 02:00:00,2.25,5.6,6.044444444444444,0
2023-09-23 03:30:00,2023-09-23 04:45:00,1.5,5.9,6.3999999999999995,3
2023-09-23 11:45:00,2023-09-23 13:15:00,1.75,5.4,5.785714285714286,11
2023-09-23 19:15:00,2023-09-23 20:30:00,1.5,6.0,6.25,19
2023-09-23 22:45:00,2023-09-24 00:00:00,1.5,5.2,5.383333333333334,22
2023-09-24 09:15:00,2023-09-24 09:30:00,0.5,5.2,5.4,9
2023-09-24 11:30:00,2023-09-24 12:15:00,1.0,5.3,5.45,11
2023-09-24 17:45:00,2023-09-24 19:30:00,2.0,6.2,6.4,17
2023-09-24 23:45:00,2023-09-25 02:30:00,3.0,5.2,5.483333333333334,23
2023-09-25 11:15:00,2023-09-25 12:45:00,1.75,5.1,5.485714285714286,11
2023-09-26 00:00:00,2023-09-26 00:45:00,1.0,4.9,5.225,0
2023-09-26 17:45:00,2023-09-26 18:45:00,1.25,5.7,6.04,17
2023-09-27 01:15:00,2023-09-27 01:45:00,0.75,4.7,4.8,1
2023-09-27 06:15:00,2023-09-27 08:30:00,2.5,5.5,5.699999999999999,6
2023-09-27 14:30:00,2023-09-27 15:00:00,0.75,5.3,5.466666666666666,14
2023-09-28 23:45:00,2023-09-29 00:15:00,0.75,5.4,5.533333333333334,23
2023-09-29 21:00:00,2023-09-29 23:00:00,2.25,5.8,6.0777777777777775,21
2023-09-30 13:00:00,2023-09-30 13:30:00,0.75,5.8,5.933333333333334,13
2023-09-30 17:45:00,2023-09-30 19:15:00,1.75,5.5,5.614285714285714,17
2023-10-01 13:30:00,2023-10-01 14:15:00,1.0,6.3,6.45,13
2023-10-01 16:00:00,2023-10-01 16:45:00,1.0,5.7,5.825,16
2023-10-01 18:30:00,2023-10-01 20:15:00,2.0,5.5,5.7875,18
2023-10-01 23:00:00,2023-10-01 23:30:00,0.75,6.1,6.266666666666666,23
2023-10-02 14:30:00,2023-10-02 17:30:00,3.25,5.9,6.246153846153846,14
2023-10-02 19:00:00,2023-10-02 19:45:00,1.0,5.5,5.6,19
2023-10-02 22:00:00,2023-10-03 00:00:00,2.25,5.9,6.288888888888889,22
2023-10-03 05:15:00,2023-10-03 07:00:00,2.0,5.2,5.425000000000001,5
2023-10-03 16:30:00,2023-10-03 20:45:00,4.5,5.6,5.955555555555556,16
2023-10-04 08:30:00,2023-10-04 09:00:00,0.75,5.5,5.666666666666667,8
2023-10-04 18:15:00,2023-10-05 00:30:00,6.5,5.5,5.873076923076923,18
2023-10-05 06:15:00,2023-10-05 07:30:00,1.5,5.7,6.016666666666667,6
2023-10-05 17:15:00,2023-10-06 01:30:00,8.5,5.6,6.21764705882353,17
2023-10-06 07:45:00,2023-10-06 09:00:00,1.5,5.9,6.016666666666667,7
2023-10-06 10:45:00,2023-10-06 15:45:00,5.25,5.5,6.180952380952381,10
2023-10-06 17:15:00,2023-10-06 19:45:00,2.75,6.4,6.854545454545455,17
2023-10-06 23:00:00,2023-10-07 00:15:00,1.5,5.7,5.883333333333334,23
2023-10-07 06:30:00,2023-10-07 07:30:00,1.25,5.8,5.98,6
2023-10-07 12:00:00,2023-10-07 12:30:00,0.75,5.8,5.8999999999999995,12
2023-10-07 17:45:00,2023-10-07 20:00:00,2.5,6.2,6.75,17
2023-10-08 12:00:00,2023-10-08 14:30:00,2.75,5.6,6.409090909090909,12
2023-10-08 17:45:00,2023-10-08 21:00:00,3.5,6.4,7.071428571428571,17
2023-10-09 01:00:00,2023-10-09 02:00:00,1.25,5.7,5.9799999999999995,1
2023-10-09 04:30:00,2023-10-09 05:15:00,1.0,5.7,5.825,4
2023-10-09 09:15:00,2023-10-09 10:15:00,1.25,6.1,6.179999999999999,9
2023-10-09 12:15:00,2023-10-09 12:30:00,0.5,5.8,5.9,12
2023-10-09 14:00:00,2023-10-09 14:45:00,1.0,5.4,5.525,14
2023-10-09 23:15:00,2023-10-10 03:15:00,4.25,5.5,5.788235294117647,23
2023-10-10 12:45:00,2023-10-10 17:30:00,5.0,5.7,6.05,12
2023-10-11 00:30:00,2023-10-11 01:45:00,1.5,5.4,5.8500000000000005,0
2023-10-11 05:15:00,2023-10-11 06:30:00,1.5,5.6,5.800000000000001,5
2023-10-11 13:30:00,2023-10-11 15:30:00,2.25,5.4,5.777777777777777,13
2023-10-11 20:15:00,2023-10-11 20:30:00,0.5,6.2,6.300000000000001,20
2023-10-12 14:30:00,2023-10-12 17:00:00,2.75,5.7,6.081818181818182,14
2023-10-13 00:15:00,2023-10-13 00:45:00,0.75,6.2,6.3,0
2023-10-16 04:45:00,2023-10-16 05:45:00,1.25,5.8,6.02,4
2023-10-16 18:30:00,2023-10-16 19:30:00,1.25,6.0,6.220000000000001,18
2023-10-17 13:45:00,2023-10-17 19:15:00,5.75,6.1,6.6521739130434785,13
2023-10-18 05:15:00,2023-10-18 06:45:00,1.75,6.0,6.142857142857143,5
2023-10-18 12:30:00,2023-10-18 14:30:00,2.25,7.1,7.222222222222222,12
2023-10-18 16:15:00,2023-10-18 17:30:00,1.5,6.4,6.683333333333334,16
2023-10-19 11:45:00,2023-10-19 13:30:00,2.0,6.7,7.112500000000001,11
2023-10-19 18:15:00,2023-10-19 20:15:00,2.25,6.2,6.477777777777778,18
2023-10-19 22:30:00,2023-10-20 00:45:00,2.5,6.1,6.51,22
2023-10-20 07:15:00,2023-10-20 08:15:00,1.25,6.1,6.220000000000001,7
2023-10-20 13:15:00,2023-10-20 14:30:00,1.5,6.6,6.949999999999999,13
2023-10-20 21:15:00,2023-10-20 22:00:00,1.0,6.3,6.4,21
2023-10-21 10:30:00,2023-10-21 11:15:00,1.0,6.2,6.3,10
2023-10-21 14:45:00,2023-10-21 18:00:00,3.5,7.2,7.528571428571429,14
2023-10-21 21:15:00,2023-10-21 21:30:00,0.5,6.4,6.5,21
2023-10-22 16:45:00,2023-10-22 18:45:00,2.25,7.1,7.5,16
2023-10-22 22:00:00,2023-10-22 22:30:00,0.75,6.4,6.5,22
2023-10-23 10:30:00,2023-10-23 12:15:00,2.0,6.4,6.6875,10
2023-10-23 22:30:00,2023-10-24 00:45:00,2.5,6.4,6.639999999999999,22
2023-10-25 13:15:00,2023-10-25 13:45:00,0.75,6.8,7.1000000000000005,13
2023-10-26 14:30:00,2023-10-26 15:00:00,0.75,6.3,6.433333333333333,14
2023-10-28 07:15:00,2023-10-28 08:30:00,1.5,6.6,6.733333333333333,7
2023-10-28 16:00:00,2023-10-28 17:30:00,1.75,6.3,6.428571428571429,16
2023-10-28 20:15:00,2023-10-28 21:30:00,1.5,6.5,6.866666666666667,20
2023-10-29 21:45:00,2023-10-29 22:45:00,1.25,6.3,6.6,21
2023-10-30 22:45:00,2023-10-30 23:15:00,0.75,6.4,6.5,22
2023-10-31 19:45:00,2023-10-31 20:30:00,1.0,5.9,6.075,19
2023-11-01 08:00:00,2023-11-01 08:30:00,0.75,6.1,6.266666666666666,8
2023-11-01 21:00:00,2023-11-01 21:30:00,0.75,6.4,6.633333333333333,21
2023-11-02 00:30:00,2023-11-02 01:15:00,1.0,6.5,6.95,0
2023-11-02 08:45:00,2023-11-02 11:30:00,3.0,6.5,6.75,8
2023-11-02 13:45:00,2023-11-02 17:00:00,3.5,7.4,7.6571428571428575,13
2023-11-02 19:00:00,2023-11-02 19:45:00,1.0,6.9,6.975,19
2023-11-02 22:00:00,2023-11-02 23:45:00,2.0,6.7,6.9375,22
2023-11-03 09:30:00,2023-11-03 10:00:00,0.75,6.7,6.833333333333333,9
2023-11-03 13:45:00,2023-11-03 16:30:00,3.0,7.5,8.066666666666668,13
2023-11-03 19:45:00,2023-11-03 21:45:00,2.25,6.9,7.177777777777779,19
2023-11-04 01:00:00,2023-11-04 01:30:00,0.75,6.9,7.066666666666667,1
2023-11-04 11:15:00,2023-11-04 12:45:00,1.75,7.1,7.314285714285714,11
2023-11-04 16:00:00,2023-11-04 18:30:00,2.75,7.6,8.127272727272727,16
2023-11-05 12:15:00,2023-11-05 12:45:00,0.75,7.0,7.133333333333333,12
2023-11-05 15:30:00,2023-11-05 17:15:00,2.0,7.7,8.4125,15
2023-11-05 21:30:00,2023-11-05 22:15:00,1.0,7.3,7.45,21
2023-11-06 00:00:00,2023-11-06 02:00:00,2.25,7.0,7.2555555555555555,0
2023-11-06 11:15:00,2023-11-06 12:15:00,1.25,7.2,7.380000000000001,11
2023-11-06 20:00:00,2023-11-06 20:15:00,0.5,7.6,7.699999999999999,20
2023-11-06 22:45:00,2023-11-06 23:15:00,0.75,7.2,7.366666666666667,22
2023-11-07 12:45:00,2023-11-07 14:45:00,2.25,6.8,7.066666666666666,12
2023-11-08 02:00:00,2023-11-08 02:30:00,0.75,6.9,7.0,2
2023-11-08 15:45:00,2023-11-08 16:45:00,1.25,6.7,7.0,15
2023-11-09 02:45:00,2023-11-09 03:30:00,1.0,6.5,6.675,2
2023-11-09 13:00:00,2023-11-09 15:00:00,2.25,6.8,7.177777777777777,13
2023-11-10 00:30:00,2023-11-10 01:15:00,1.0,6.7,6.925,0
2023-11-10 13:30:00,2023-11-10 14:15:00,1.0,6.9,7.200000000000001,13
2023-11-10 15:45:00,2023-11-10 17:00:00,1.5,6.7,6.816666666666667,15
2023-11-10 18:30:00,2023-11-10 19:45:00,1.5,6.7,7.266666666666667,18
2023-11-11 16:45:00,2023-11-11 17:45:00,1.25,6.7,6.880000000000001,16
2023-11-12 03:00:00,2023-11-12 04:00:00,1.25,6.8,6.959999999999999,3
2023-11-12 17:00:00,2023-11-12 17:30:00,0.75,6.7,6.866666666666667,17
2023-11-13 04:00:00,2023-11-13 05:15:00,1.5,6.8,6.949999999999999,4
2023-11-15 18:30:00,2023-11-15 19:15:00,1.0,7.3,7.375,18
2023-11-16 04:30:00,2023-11-16 05:00:00,0.75,7.1,7.233333333333333,4
2023-11-16 19:15:00,2023-11-16 21:45:00,2.75,7.2,7.363636363636363,19
2023-11-17 06:00:00,2023-11-17 06:45:00,1.0,7.0,7.175,6
2023-11-18 18:00:00,2023-11-18 22:00:00,4.25,6.9,7.3352941176470585,18
2023-11-19 20:15:00,2023-11-19 22:45:00,2.75,7.2,7.4,20
2023-11-20 22:30:00,2023-11-21 00:30:00,2.25,7.1,7.355555555555556,22
2023-11-21 10:45:00,2023-11-21 12:00:00,1.5,7.0,7.1499999999999995,10
2023-11-23 01:15:00,2023-11-23 01:30:00,0.5,6.9,7.0,1
2023-11-23 12:30:00,2023-11-23 14:15:00,2.0,7.0,7.2875,12
2023-11-24 02:15:00,2023-11-24 03:15:00,1.25,7.0,7.08,2
2023-11-24 13:45:00,2023-11-24 15:15:00,1.75,6.8,6.957142857142857,13
2023-11-25 05:30:00,2023-11-25 06:15:00,1.0,7.0,7.1499999999999995,5
2023-11-29 21:30:00,2023-11-29 22:45:00,1.5,7.5,7.666666666666667,21
2023-11-30 23:30:00,2023-12-01 00:15:00,1.0,7.7,7.825,23
2023-12-02 05:30:00,2023-12-02 05:45:00,0.5,7.6,7.699999999999999,5
2023-12-02 23:00:00,2023-12-03 00:15:00,1.5,7.4,7.55,23
2023-12-03 22:15:00,2023-12-03 22:45:00,0.75,7.4,7.5,22
2023-12-04 10:30:00,2023-12-04 12:45:00,2.5,7.3,7.42,10
2023-12-05 02:00:00,2023-12-05 02:30:00,0.75,7.4,7.566666666666667,2
2023-12-05 12:15:00,2023-12-05 13:45:00,1.75,7.1,7.585714285714286,12
2023-12-05 17:15:00,2023-12-05 18:30:00,1.5,8.0,8.516666666666666,17
2023-12-05 21:00:00,2023-12-05 22:00:00,1.25,7.9,8.180000000000001,21
2023-12-06 01:45:00,2023-12-06 02:45:00,1.25,7.8,7.9399999999999995,1
2023-12-07 03:00:00,2023-12-07 03:30:00,0.75,7.3,7.5,3
2023-12-07 13:30:00,2023-12-07 14:00:00,0.75,8.0,8.1,13
2023-12-08 13:30:00,2023-12-08 15:30:00,2.25,7.6,7.922222222222222,13
2023-12-08 23:30:00,2023-12-09 00:15:00,1.0,7.7,7.875,23
2023-12-09 15:30:00,2023-12-09 15:45:00,0.5,7.4,7.5,15
2023-12-11 15:45:00,2023-12-11 16:15:00,0.75,7.8,7.966666666666668,15
2023-12-12 11:15:00,2023-12-12 12:15:00,1.25,8.1,8.34,11
2023-12-13 13:00:00,2023-12-13 13:15:00,0.5,8.3,8.4,13
2023-12-13 17:15:00,2023-12-13 17:45:00,0.75,7.9,8.033333333333333,17
2023-12-14 18:30:00,2023-12-14 18:45:00,0.5,7.9,8.0,18
2023-12-15 18:30:00,2023-12-15 19:00:00,0.75,8.2,8.333333333333334,18
2023-12-18 22:15:00,2023-12-18 23:15:00,1.25,8.0,8.16,22
2023-12-19 11:45:00,2023-12-19 12:00:00,0.5,8.0,8.15,11
2023-12-19 17:00:00,2023-12-19 18:00:00,1.25,8.8,8.959999999999999,17
2023-12-19 23:30:00,2023-12-19 23:45:00,0.5,8.1,8.2,23
2023-12-20 11:45:00,2023-12-20 12:45:00,1.25,8.1,8.440000000000001,11
2023-12-20 16:15:00,2023-12-20 18:00:00,2.0,9.0,9.3875,16
2023-12-21 13:30:00,2023-12-21 13:45:00,0.5,8.2,8.399999999999999,13
2023-12-21 16:15:00,2023-12-21 18:00:00,2.0,8.2,8.75,16
2023-12-22 13:30:00,2023-12-22 15:00:00,1.75,8.3,8.571428571428571,13
2023-12-22 18:00:00,2023-12-22 19:15:00,1.5,8.7,9.033333333333333,18
2023-12-23 15:00:00,2023-12-23 15:45:00,1.0,8.3,8.475000000000001,15
2023-12-24 15:30:00,2023-12-24 16:45:00,1.5,8.3,8.5,15
2023-12-27 16:45:00,2023-12-27 18:45:00,2.25,8.0,8.100000000000001,16
2023-12-28 08:00:00,2023-12-28 09:15:00,1.5,7.7,7.833333333333333,8
2023-12-29 19:15:00,2023-12-29 21:00:00,2.0,8.0,8.3,19
2023-12-30 08:15:00,2023-12-30 09:00:00,1.0,7.8,7.95,8
2023-12-30 21:15:00,2023-12-30 23:00:00,2.0,8.1,8.225000000000001,21
2023-12-31 14:45:00,2023-12-31 15:15:00,0.75,8.5,8.700000000000001,14
2023-12-31 21:30:00,2023-12-31 22:15:00,1.0,8.1,8.225,21
2024-01-02 10:30:00,2024-01-02 11:45:00,1.5,8.1,8.5,10
2024-01-02 14:30:00,2024-01-02 16:45:00,2.5,8.8,9.110000000000001,14
2024-01-02 20:45:00,2024-01-02 21:15:00,0.75,8.4,8.466666666666667,20
2024-01-02 23:45:00,2024-01-03 00:45:00,1.25,8.1,8.3,23
2024-01-03 11:45:00,2024-01-03 12:00:00,0.5,8.2,8.3,11
2024-01-03 14:45:00,2024-01-03 17:00:00,2.5,8.6,9.19,14
2024-01-04 13:00:00,2024-01-04 14:00:00,1.25,8.2,8.4,13
2024-01-04 15:45:00,2024-01-04 17:00:00,1.5,8.8,9.083333333333334,15
2024-01-05 02:00:00,2024-01-05 02:30:00,0.75,8.0,8.133333333333333,2
2024-01-05 05:00:00,2024-01-05 06:45:00,2.0,8.8,8.962499999999999,5
2024-01-06 01:30:00,2024-01-06 02:45:00,1.5,8.1,8.366666666666665,1
2024-01-07 05:00:00,2024-01-07 06:15:00,1.5,8.2,8.4,5
2024-01-07 13:45:00,2024-01-07 15:00:00,1.5,8.7,8.883333333333333,13
2024-01-08 02:15:00,2024-01-08 03:30:00,1.5,8.1,8.383333333333333,2
2024-01-08 13:30:00,2024-01-08 18:45:00,5.5,8.2,8.531818181818183,13
2024-01-10 05:45:00,2024-01-10 07:00:00,1.5,8.1,8.2,5
2024-01-10 14:30:00,2024-01-10 15:15:00,1.0,8.1,8.25,14
2024-01-10 16:45:00,2024-01-10 17:00:00,0.5,8.2,8.35,16
2024-01-13 18:00:00,2024-01-13 19:15:00,1.5,8.4,8.483333333333333,18
2024-01-14 05:45:00,2024-01-14 07:15:00,1.75,8.3,8.571428571428571,5
2024-01-14 18:15:00,2024-01-14 18:45:00,0.75,8.4,8.533333333333333,18
2024-01-17 10:45:00,2024-01-17 11:15:00,0.75,8.3,8.366666666666667,10
2024-01-17 15:00:00,2024-01-17 17:45:00,3.0,8.8,9.024999999999999,15
2024-01-18 11:30:00,2024-01-18 12:15:00,1.0,8.2,8.350000000000001,11
2024-01-18 21:45:00,2024-01-18 23:45:00,2.25,8.3,8.544444444444444,21
2024-01-19 12:00:00,2024-01-19 14:00:00,2.25,8.7,8.855555555555556,12
2024-01-20 00:00:00,2024-01-20 01:15:00,1.5,8.7,8.899999999999999,0
2024-01-20 14:30:00,2024-01-20 16:45:00,2.5,8.8,9.38,14
2024-01-21 01:30:00,2024-01-21 03:15:00,2.0,8.8,9.1125,1
2024-01-21 07:30:00,2024-01-21 09:00:00,1.75,9.3,9.514285714285714,7
2024-01-21 13:00:00,2024-01-21 16:45:00,4.0,8.9,9.575,13
2024-01-21 19:45:00,2024-01-21 20:30:00,1.0,9.6,9.75,19
2024-01-27 17:45:00,2024-01-27 18:45:00,1.25,8.7,8.819999999999999,17
2024-01-29 08:30:00,2024-01-29 09:15:00,1.0,8.3,8.475000000000001,8
2024-01-29 18:30:00,2024-01-29 19:45:00,1.5,8.7,8.916666666666666,18
2024-01-30 08:15:00,2024-01-30 09:15:00,1.25,8.3,8.48,8
2024-01-30 12:15:00,2024-01-30 13:45:00,1.75,8.8,9.114285714285714,12
2024-01-30 15:45:00,2024-01-30 16:15:00,0.75,9.0,9.133333333333333,15
2024-01-30 20:45:00,2024-01-30 21:30:00,1.0,8.4,8.525,20
2024-01-31 14:15:00,2024-01-31 16:15:00,2.25,9.1,9.255555555555555,14
2024-02-01 10:30:00,2024-02-01 12:45:00,2.5,8.3,8.41,10
2024-02-01 17:30:00,2024-02-01 18:00:00,0.75,8.9,9.100000000000001,17
2024-02-01 19:30:00,2024-02-01 20:45:00,1.5,8.9,9.016666666666667,19
2024-02-02 00:00:00,2024-02-02 00:15:00,0.5,8.2,8.3,0
2024-02-02 10:45:00,2024-02-02 11:15:00,0.75,8.4,8.600000000000001,10
2024-02-02 23:15:00,2024-02-03 01:15:00,2.25,8.5,8.633333333333333,23
2024-02-03 20:15:00,2024-02-03 21:00:00,1.0,8.8,8.95,20
2024-02-03 22:45:00,2024-02-04 01:30:00,3.0,8.3,8.624999999999998,22
2024-02-04 23:45:00,2024-02-05 00:45:00,1.25,8.6,8.72,23
2024-02-05 15:30:00,2024-02-05 16:15:00,1.0,8.5,8.75,15
2024-02-06 01:45:00,2024-02-06 03:00:00,1.5,8.4,8.55,1
2024-02-06 13:30:00,2024-02-06 14:00:00,0.75,8.4,8.566666666666665,13
2024-02-06 15:45:00,2024-02-06 16:45:00,1.25,8.7,8.919999999999998,15
2024-02-06 18:30:00,2024-02-06 19:00:00,0.75,8.8,8.966666666666667,18
2024-02-06 20:45:00,2024-02-06 21:15:00,0.75,8.8,8.933333333333332,20
2024-02-07 14:00:00,2024-02-07 14:30:00,0.75,8.7,8.866666666666665,14
2024-02-18 00:30:00,2024-02-18 01:00:00,0.75,7.9,8.066666666666665,0
2024-02-18 13:00:00,2024-02-18 14:00:00,1.25,8.0,8.22,13
2024-02-19 15:45:00,2024-02-19 16:15:00,0.75,8.1,8.233333333333333,15
2024-02-20 00:45:00,2024-02-20 02:00:00,1.5,8.0,8.166666666666666,0
2024-02-20 13:45:00,2024-02-20 15:15:00,1.75,8.4,8.571428571428571,13
2024-02-21 14:30:00,2024-02-21 17:00:00,2.75,8.3,8.545454545454545,14
2024-02-23 15:45:00,2024-02-23 17:15:00,1.75,8.2,8.471428571428572,15
2024-02-24 17:45:00,2024-02-24 18:00:00,0.5,8.2,8.35,17
2024-02-25 15:15:00,2024-02-25 17:00:00,2.0,8.4,8.7625,15
2024-02-25 18:30:00,2024-02-25 19:15:00,1.0,8.2,8.325,18
2024-02-27 12:00:00,2024-02-27 13:15:00,1.5,8.5,8.799999999999999,12
2024-02-28 05:15:00,2024-02-28 07:15:00,2.25,8.0,8.11111111111111,5
2024-02-28 18:00:00,2024-02-28 18:30:00,0.75,8.2,8.3,18
2024-02-29 11:30:00,2024-02-29 14:00:00,2.75,8.2,8.563636363636364,11
2024-02-29 21:00:00,2024-02-29 22:45:00,2.0,8.0,8.2375,21
2024-03-01 07:30:00,2024-03-01 08:00:00,0.75,8.2,8.3,7
2024-03-03 18:00:00,2024-03-03 19:15:00,1.5,8.4,8.583333333333334,18
2024-03-03 22:15:00,2024-03-03 22:45:00,0.75,8.0,8.133333333333333,22
2024-03-04 03:45:00,2024-03-04 04:00:00,0.5,8.0,8.1,3
2024-03-04 16:00:00,2024-03-04 17:00:00,1.25,8.8,9.1,16
2024-03-04 18:30:00,2024-03-04 20:30:00,2.25,8.3,8.566666666666666,18
2024-03-05 00:00:00,2024-03-05 02:00:00,2.25,7.6,8.02222222222222,0
2024-03-05 12:00:00,2024-03-05 15:00:00,3.25,7.7,8.092307692307692,12
2024-03-05 19:00:00,2024-03-05 19:15:00,0.5,8.5,8.6,19
2024-03-06 00:00:00,2024-03-06 00:30:00,0.75,7.8,7.933333333333333,0
2024-03-06 12:30:00,2024-03-06 13:00:00,0.75,8.1,8.233333333333334,12
2024-03-06 15:30:00,2024-03-06 16:00:00,0.75,7.7,7.866666666666667,15
2024-03-07 00:15:00,2024-03-07 01:00:00,1.0,7.3,7.425000000000001,0
2024-03-08 01:15:00,2024-03-08 03:00:00,2.0,7.3,7.487499999999999,1
2024-03-08 13:45:00,2024-03-08 15:00:00,1.5,7.3,7.650000000000001,13
2024-03-10 15:45:00,2024-03-10 17:00:00,1.5,7.2,7.533333333333334,15
2024-03-13 13:45:00,2024-03-13 15:00:00,1.5,7.6,7.766666666666667,13
2024-03-13 17:45:00,2024-03-13 18:00:00,0.5,6.8,6.9,17
2024-03-14 00:30:00,2024-03-14 01:15:00,1.0,7.6,7.675000000000001,0
2024-03-14 18:45:00,2024-03-14 19:45:00,1.25,7.0,7.139999999999999,18
2024-03-15 00:15:00,2024-03-15 01:00:00,1.0,7.5,7.65,0
2024-03-15 08:30:00,2024-03-15 09:30:00,1.25,6.7,6.780000000000001,8
2024-03-15 14:30:00,2024-03-15 15:30:00,1.25,7.6,7.840000000000001,14
2024-03-16 09:00:00,2024-03-16 10:00:00,1.25,6.6,6.780000000000001,9
2024-03-16 17:15:00,2024-03-16 20:15:00,3.25,7.0,7.361538461538462,17
2024-03-17 18:15:00,2024-03-17 18:30:00,0.5,7.2,7.300000000000001,18
2024-03-18 12:15:00,2024-03-18 14:15:00,2.25,6.8,6.944444444444445,12
2024-03-18 16:00:00,2024-03-18 16:45:00,1.0,7.9,8.100000000000001,16
2024-03-19 01:15:00,2024-03-19 03:30:00,2.5,7.2,7.55,1
2024-03-19 13:30:00,2024-03-19 15:00:00,1.75,7.2,7.557142857142857,13
2024-03-19 22:45:00,2024-03-20 00:30:00,2.0,7.2,7.4750000000000005,22
2024-03-20 03:15:00,2024-03-20 04:30:00,1.5,7.2,7.333333333333333,3
2024-03-20 15:00:00,2024-03-20 16:00:00,1.25,7.3,7.4799999999999995,15
2024-03-21 02:30:00,2024-03-21 03:45:00,1.5,7.1,7.233333333333333,2
2024-03-21 12:45:00,2024-03-21 14:30:00,2.0,7.1,7.325,12
2024-03-22 01:30:00,2024-03-22 01:45:00,0.5,7.2,7.300000000000001,1
2024-03-24 05:15:00,2024-03-24 05:30:00,0.5,7.1,7.199999999999999,5
2024-03-24 14:45:00,2024-03-24 15:45:00,1.25,7.3,7.519999999999999,14
2024-03-25 04:00:00,2024-03-25 04:45:00,1.0,7.1,7.225,4
2024-03-27 04:45:00,2024-03-27 06:00:00,1.5,6.9,7.033333333333334,4
2024-03-27 17:00:00,2024-03-27 17:30:00,0.75,6.9,7.1000000000000005,17
2024-03-27 23:15:00,2024-03-27 23:45:00,0.75,7.2,7.3,23
2024-03-28 15:15:00,2024-03-28 16:15:00,1.25,7.4,7.5,15
2024-03-28 23:15:00,2024-03-28 23:45:00,0.75,7.3,7.433333333333334,23
2024-03-29 06:45:00,2024-03-29 08:00:00,1.5,6.9,7.000000000000001,6
2024-03-29 13:00:00,2024-03-29 16:15:00,3.5,7.3,7.707142857142856,13
2024-03-29 17:45:00,2024-03-29 20:30:00,3.0,7.0,7.208333333333333,17
2024-03-30 06:00:00,2024-03-30 07:15:00,1.5,6.9,7.2,6
2024-03-30 09:00:00,2024-03-30 11:45:00,3.0,6.9,7.199999999999999,9
2024-03-30 14:30:00,2024-03-30 15:30:00,1.25,7.5,7.859999999999999,14
2024-03-30 17:45:00,2024-03-30 19:15:00,1.75,7.0,7.3,17
2024-03-30 23:00:00,2024-03-31 00:15:00,1.5,7.0,7.233333333333333,23
2024-03-31 03:30:00,2024-03-31 03:45:00,0.5,7.3,7.4,3
2024-03-31 18:30:00,2024-03-31 21:00:00,2.75,7.4,7.590909090909091,18
2024-03-31 22:30:00,2024-03-31 23:15:00,1.0,6.8,6.975,22
2024-04-01 10:30:00,2024-04-01 13:15:00,3.0,7.0,7.283333333333332,10
2024-04-01 15:45:00,2024-04-01 18:30:00,3.0,7.6,8.066666666666666,15
2024-04-01 20:45:00,2024-04-01 23:30:00,3.0,6.9,7.2749999999999995,20
2024-04-02 02:30:00,2024-04-02 03:00:00,0.75,6.8,7.2,2
2024-04-02 09:45:00,2024-04-02 11:30:00,2.0,7.0,7.0875,9
2024-04-02 18:30:00,2024-04-02 20:00:00,1.75,7.4,7.7,18
2024-04-02 21:45:00,2024-04-03 00:30:00,3.0,6.8,7.108333333333333,21
2024-04-03 09:45:00,2024-04-03 10:00:00,0.5,6.6,6.699999999999999,9
2024-04-03 14:15:00,2024-04-03 15:00:00,1.0,6.3,6.8999999999999995,14
2024-04-03 23:00:00,2024-04-03 23:30:00,0.75,6.7,6.766666666666667,23
2024-04-04 01:00:00,2024-04-04 03:00:00,2.25,6.6,6.7444444444444445,1
2024-04-04 13:45:00,2024-04-04 15:15:00,1.75,6.8,6.957142857142857,13
2024-04-06 00:45:00,2024-04-06 02:00:00,1.5,7.0,7.133333333333333,0
2024-04-06 12:15:00,2024-04-06 15:00:00,3.0,7.2,7.550000000000001,12
2024-04-07 14:15:00,2024-04-07 16:15:00,2.25,7.1,7.333333333333333,14
2024-04-10 04:45:00,2024-04-10 05:00:00,0.5,6.0,6.1,4
2024-04-10 16:45:00,2024-04-10 18:30:00,2.0,6.8,7.025,16
2024-04-11 04:30:00,2024-04-11 05:15:00,1.0,6.2,6.3500000000000005,4
2024-04-11 17:15:00,2024-04-11 17:45:00,0.75,6.8,6.866666666666667,17
2024-04-12 11:30:00,2024-04-12 12:45:00,1.5,6.6,7.116666666666666,11
2024-04-12 21:00:00,2024-04-12 22:15:00,1.5,6.8,6.833333333333333,21
2024-04-13 09:45:00,2024-04-13 11:30:00,2.0,6.8,7.112500000000001,9
2024-04-13 16:15:00,2024-04-13 22:30:00,6.5,6.8,7.423076923076923,16
2024-04-14 11:15:00,2024-04-14 12:00:00,1.0,6.9,7.05,11
2024-04-14 15:15:00,2024-04-14 18:30:00,3.5,7.3,8.121428571428572,15
2024-04-14 22:15:00,2024-04-14 23:30:00,1.5,6.5,7.05,22
2024-04-15 09:45:00,2024-04-15 11:15:00,1.75,6.4,6.785714285714286,9
2024-04-15 13:15:00,2024-04-15 16:30:00,3.5,6.8,7.67857142857143,13
2024-04-15 18:00:00,2024-04-15 18:15:00,0.5,7.8,8.15,18
2024-04-15 19:45:00,2024-04-15 21:30:00,2.0,7.5,7.7375,19
2024-04-15 23:00:00,2024-04-16 04:00:00,5.25,6.7,7.128571428571429,23
2024-04-16 10:15:00,2024-04-16 11:15:00,1.25,6.8,6.9799999999999995,10
2024-04-16 13:00:00,2024-04-16 14:00:00,1.25,6.9,7.06,13
2024-04-16 18:45:00,2024-04-17 03:30:00,9.0,6.6,7.41111111111111,18
2024-04-17 08:15:00,2024-04-17 09:15:00,1.25,7.0,7.159999999999999,8
2024-04-17 12:45:00,2024-04-17 15:45:00,3.25,6.3,6.899999999999998,12
2024-04-17 17:15:00,2024-04-17 18:00:00,1.0,7.2,7.75,17
2024-04-17 19:45:00,2024-04-17 21:00:00,1.5,7.3,7.583333333333333,19
2024-04-17 22:45:00,2024-04-17 23:45:00,1.25,6.5,6.880000000000001,22
2024-04-18 02:45:00,2024-04-18 03:00:00,0.5,6.4,6.5,2
2024-04-18 12:00:00,2024-04-18 12:45:00,1.0,7.0,7.15,12
2024-04-18 14:15:00,2024-04-18 15:45:00,1.75,6.4,6.7142857142857135,14
2024-04-18 20:30:00,2024-04-18 21:30:00,1.25,7.3,7.58,20
2024-04-18 23:00:00,2024-04-19 03:45:00,5.0,6.3,6.789999999999999,23
2024-04-19 13:00:00,2024-04-19 15:30:00,2.75,6.2,6.800000000000001,13
2024-04-20 01:00:00,2024-04-20 02:00:00,1.25,6.3,6.539999999999999,1
2024-04-20 13:15:00,2024-04-20 15:15:00,2.25,6.3,6.766666666666666,13
2024-04-21 01:00:00,2024-04-21 04:00:00,3.25,5.8,6.1923076923076925,1
2024-04-21 13:30:00,2024-04-21 18:45:00,5.5,6.0,6.431818181818182,13
2024-04-22 04:00:00,2024-04-22 04:30:00,0.75,5.9,6.166666666666667,4
2024-04-22 14:00:00,2024-04-22 17:15:00,3.5,5.9,6.8571428571428585,14
2024-04-23 00:45:00,2024-04-23 03:30:00,3.0,6.1,6.483333333333333,0
2024-04-23 14:45:00,2024-04-23 15:30:00,1.0,6.2,6.475,14
2024-04-23 17:15:00,2024-04-23 17:45:00,0.75,6.2,6.3,17
2024-04-23 20:45:00,2024-04-23 21:00:00,0.5,6.6,6.699999999999999,20
2024-04-24 02:15:00,2024-04-24 03:45:00,1.75,6.1,6.414285714285714,2
2024-04-24 13:30:00,2024-04-24 16:45:00,3.5,6.3,6.871428571428571,13
2024-04-25 04:15:00,2024-04-25 06:30:00,2.5,5.7,6.08,4
2024-04-25 09:45:00,2024-04-25 10:30:00,1.0,6.7,6.825,9
2024-04-25 15:30:00,2024-04-25 17:45:00,2.5,6.2,6.7,15
2024-04-25 22:15:00,2024-04-25 22:30:00,0.5,6.6,6.699999999999999,22
2024-04-26 03:15:00,2024-04-26 05:45:00,2.75,6.2,6.545454545454546,3
2024-04-26 16:45:00,2024-04-26 18:30:00,2.0,6.4,7.0125,16
2024-04-27 04:15:00,2024-04-27 07:30:00,3.5,6.2,6.5928571428571425,4
2024-04-27 09:00:00,2024-04-27 10:15:00,1.5,6.2,6.45,9
2024-04-27 13:15:00,2024-04-27 14:00:00,1.0,7.6,7.675000000000001,13
2024-04-27 17:00:00,2024-04-27 20:00:00,3.25,6.3,6.800000000000001,17
2024-04-28 05:15:00,2024-04-28 10:15:00,5.25,6.0,6.42857142857143,5
2024-04-28 12:15:00,2024-04-28 15:00:00,3.0,7.3,8.066666666666665,12
2024-04-28 18:00:00,2024-04-28 23:30:00,5.75,6.2,6.773913043478261,18
2024-04-29 01:15:00,2024-04-29 07:45:00,6.75,6.0,6.692592592592592,1
2024-04-29 09:15:00,2024-04-29 13:15:00,4.25,6.0,6.5058823529411764,9
2024-04-29 15:00:00,2024-04-29 22:15:00,7.5,6.1,7.3100000000000005,15
2024-04-30 05:00:00,2024-04-30 12:00:00,7.25,5.9,6.496551724137931,5
2024-04-30 16:00:00,2024-04-30 18:15:00,2.5,7.4,7.9399999999999995,16
2024-04-30 19:45:00,2024-04-30 20:45:00,1.25,6.8,7.0,19
2024-04-30 22:30:00,2024-05-01 00:15:00,2.0,5.9,6.425000000000001,22
2024-05-01 11:15:00,2024-05-01 13:45:00,2.75,5.9,6.509090909090909,11
2024-05-01 17:15:00,2024-05-02 02:45:00,9.75,5.8,6.7384615384615385,17
2024-05-02 07:00:00,2024-05-02 07:30:00,0.75,6.6,6.666666666666667,7
2024-05-02 09:00:00,2024-05-02 11:45:00,3.0,5.8,6.3,9
2024-05-02 15:15:00,2024-05-02 22:45:00,7.75,5.9,7.300000000000002,15
2024-05-03 01:15:00,2024-05-03 03:45:00,2.75,5.9,6.172727272727272,1
2024-05-03 05:15:00,2024-05-03 08:00:00,3.0,6.2,6.583333333333332,5
2024-05-03 10:00:00,2024-05-03 10:30:00,0.75,6.1,6.233333333333334,10
2024-05-03 14:45:00,2024-05-03 15:00:00,0.5,5.8,5.9,14
2024-05-03 18:15:00,2024-05-03 20:45:00,2.75,6.7,7.336363636363637,18
2024-05-03 22:15:00,2024-05-04 02:00:00,4.0,5.7,6.075,22
2024-05-04 06:30:00,2024-05-04 08:15:00,2.0,6.0,6.375,6
2024-05-04 11:30:00,2024-05-04 14:15:00,3.0,5.6,5.8500000000000005,11
2024-05-04 17:00:00,2024-05-04 17:45:00,1.0,6.0,6.175000000000001,17
2024-05-04 23:30:00,2024-05-05 03:00:00,3.75,5.1,5.673333333333333,23
2024-05-05 11:15:00,2024-05-05 15:15:00,4.25,5.5,5.858823529411764,11
2024-05-05 17:15:00,2024-05-05 19:00:00,2.0,6.2,6.4875,17
2024-05-06 00:00:00,2024-05-06 02:15:00,2.5,4.6,5.14,0
2024-05-06 04:00:00,2024-05-06 05:15:00,1.5,5.2,5.433333333333334,4
2024-05-06 07:00:00,2024-05-06 07:45:00,1.0,5.8,5.925,7
2024-05-06 12:30:00,2024-05-06 16:15:00,4.0,5.2,5.625,12
2024-05-07 01:15:00,2024-05-07 03:30:00,2.5,4.2,4.72,1
2024-05-07 05:00:00,2024-05-07 05:30:00,0.75,5.0,5.133333333333333,5
2024-05-07 13:00:00,2024-05-07 17:00:00,4.25,5.1,5.535294117647059,13
2024-05-07 18:30:00,2024-05-07 21:45:00,3.5,6.1,6.464285714285714,18
2024-05-08 02:15:00,2024-05-08 03:45:00,1.75,4.5,4.842857142857143,2
2024-05-08 06:00:00,2024-05-08 07:45:00,2.0,4.9,5.1875,6
2024-05-08 13:45:00,2024-05-08 15:45:00,2.25,5.2,5.655555555555555,13
2024-05-09 03:00:00,2024-05-09 09:30:00,6.75,4.6,5.192592592592592,3
2024-05-09 11:00:00,2024-05-09 14:00:00,3.25,5.8,6.153846153846154,11
2024-05-09 15:45:00,2024-05-09 17:45:00,2.25,4.4,5.144444444444444,15
2024-05-10 03:00:00,2024-05-10 05:45:00,3.0,4.7,5.133333333333334,3
2024-05-10 17:45:00,2024-05-11 00:00:00,6.5,5.2,5.788461538461539,17
2024-05-11 06:45:00,2024-05-11 08:15:00,1.75,5.0,5.514285714285713,6
2024-05-11 10:15:00,2024-05-11 11:00:00,1.0,5.5,5.725,10
2024-05-11 16:00:00,2024-05-11 18:45:00,3.0,5.3,5.858333333333333,16
2024-05-11 21:00:00,2024-05-12 00:15:00,3.5,5.7,6.3428571428571425,21
2024-05-12 08:45:00,2024-05-12 11:30:00,3.0,5.1,5.358333333333333,8
2024-05-12 13:30:00,2024-05-12 21:15:00,8.0,5.3,6.450000000000001,13
2024-05-12 22:45:00,2024-05-13 02:15:00,3.75,5.9,6.253333333333334,22
2024-05-13 04:30:00,2024-05-13 05:45:00,1.5,5.8,5.916666666666665,4
2024-05-13 07:45:00,2024-05-13 11:15:00,3.75,5.0,5.253333333333333,7
2024-05-13 15:45:00,2024-05-13 19:15:00,3.75,5.4,6.506666666666666,15
2024-05-13 23:45:00,2024-05-14 01:00:00,1.5,5.9,6.2,23
2024-05-14 05:45:00,2024-05-14 07:45:00,2.25,5.6,5.800000000000001,5
2024-05-14 18:00:00,2024-05-14 21:30:00,3.75,4.9,5.726666666666668,18
2024-05-14 23:00:00,2024-05-14 23:15:00,0.5,5.1,5.199999999999999,23
2024-05-15 01:30:00,2024-05-15 02:00:00,0.75,5.5,5.666666666666667,1
2024-05-15 07:30:00,2024-05-15 08:45:00,1.5,5.8,5.983333333333333,7
2024-05-15 11:15:00,2024-05-15 13:15:00,2.25,5.0,5.633333333333334,11
2024-05-15 17:45:00,2024-05-15 19:00:00,1.5,6.3,6.599999999999999,17
2024-05-15 21:00:00,2024-05-15 22:30:00,1.75,5.9,6.071428571428571,21
2024-05-16 00:15:00,2024-05-16 01:30:00,1.5,5.2,5.733333333333334,0
2024-05-16 10:45:00,2024-05-16 14:45:00,4.25,5.1,5.652941176470589,10
2024-05-16 21:30:00,2024-05-17 01:45:00,4.5,5.0,5.883333333333334,21
2024-05-17 08:15:00,2024-05-17 14:30:00,6.5,5.1,5.86923076923077,8
2024-05-17 19:45:00,2024-05-17 21:15:00,1.75,5.9,6.3999999999999995,19
2024-05-17 23:15:00,2024-05-18 02:30:00,3.5,5.0,5.5,23
2024-05-18 11:45:00,2024-05-18 17:00:00,5.5,5.1,5.513636363636365,11
2024-05-18 20:30:00,2024-05-18 21:00:00,0.75,6.2,6.266666666666667,20
2024-05-18 22:30:00,2024-05-19 02:30:00,4.25,5.0,5.535294117647059,22
2024-05-19 11:15:00,2024-05-19 16:00:00,5.0,4.7,5.219999999999999,11
2024-05-20 01:15:00,2024-05-20 03:15:00,2.25,5.1,5.4111111111111105,1
2024-05-20 13:00:00,2024-05-20 18:15:00,5.5,5.2,5.822727272727272,13
2024-05-20 20:30:00,2024-05-21 04:00:00,7.75,5.0,5.800000000000001,20
2024-05-21 11:45:00,2024-05-21 15:45:00,4.25,5.2,5.841176470588235,11
2024-05-21 18:00:00,2024-05-21 21:00:00,3.25,5.8,6.1,18
2024-05-22 00:30:00,2024-05-22 01:00:00,0.75,5.7,5.8,0
2024-05-22 03:00:00,2024-05-22 06:45:00,4.0,5.0,5.4,3
2024-05-22 13:15:00,2024-05-22 14:15:00,1.25,4.8,5.779999999999999,13
2024-05-22 15:45:00,2024-05-22 16:45:00,1.25,5.3,5.42,15
2024-05-22 18:45:00,2024-05-22 19:00:00,0.5,6.1,6.199999999999999,18
2024-05-22 20:30:00,2024-05-22 21:00:00,0.75,5.8,6.1000000000000005,20
2024-05-23 00:30:00,2024-05-23 01:15:00,1.0,5.7,5.825,0
2024-05-23 07:45:00,2024-05-23 08:00:00,0.5,5.5,5.6,7
2024-05-23 11:30:00,2024-05-23 12:30:00,1.25,6.0,6.26,11
2024-05-23 14:15:00,2024-05-23 16:15:00,2.25,5.3,5.666666666666666,14
2024-05-24 03:45:00,2024-05-24 05:00:00,1.5,4.8,5.250000000000001,3
2024-05-24 06:45:00,2024-05-24 07:15:00,0.75,5.2,5.3,6
2024-05-24 09:15:00,2024-05-24 10:15:00,1.25,5.6,6.04,9
2024-05-24 12:45:00,2024-05-24 17:15:00,4.75,5.3,6.321052631578947,12
2024-05-24 19:15:00,2024-05-24 19:45:00,0.75,5.4,5.5,19
2024-05-24 21:15:00,2024-05-24 22:30:00,1.5,6.0,6.133333333333333,21
2024-05-25 00:00:00,2024-05-25 00:45:00,1.0,5.9,6.05,0
2024-05-25 03:00:00,2024-05-25 08:30:00,5.75,4.8,5.3,3
2024-05-25 12:15:00,2024-05-25 13:15:00,1.25,6.2,6.8,12
2024-05-25 16:15:00,2024-05-25 18:30:00,2.5,5.3,5.58,16
2024-05-25 20:30:00,2024-05-25 23:45:00,3.5,5.4,5.785714285714286,20
2024-05-26 02:00:00,2024-05-26 03:15:00,1.5,5.6,5.683333333333334,2
2024-05-26 04:45:00,2024-05-26 08:00:00,3.5,4.8,5.2,4
2024-05-26 09:45:00,2024-05-26 10:30:00,1.0,5.5,5.675,9
2024-05-26 13:15:00,2024-05-26 18:45:00,5.75,5.2,6.46086956521739,13
2024-05-26 23:00:00,2024-05-27 00:00:00,1.25,5.5,5.9399999999999995,23
2024-05-27 03:15:00,2024-05-27 10:15:00,7.25,4.6,5.320689655172414,3
2024-05-27 13:45:00,2024-05-27 21:45:00,8.25,4.9,6.43939393939394,13
2024-05-28 06:45:00,2024-05-28 09:45:00,3.25,4.7,5.223076923076923,6
2024-05-28 12:45:00,2024-05-28 13:15:00,0.75,5.4,6.233333333333334,12
2024-05-28 15:30:00,2024-05-29 01:15:00,10.0,5.3,6.3875,15
2024-05-29 04:00:00,2024-05-29 05:00:00,1.25,5.8,5.9399999999999995,4
2024-05-29 07:30:00,2024-05-29 12:15:00,5.0,4.6,5.34,7
2024-05-29 14:30:00,2024-05-29 23:30:00,9.25,5.3,6.964864864864865,14
2024-05-30 01:15:00,2024-05-30 02:45:00,1.75,5.6,5.8428571428571425,1
2024-05-30 05:00:00,2024-05-30 06:15:00,1.5,5.9,6.016666666666667,5
2024-05-30 07:45:00,2024-05-30 12:00:00,4.5,5.1,5.644444444444444,7
2024-05-30 14:15:00,2024-05-30 21:30:00,7.5,5.3,7.0166666666666675,14
2024-05-30 23:00:00,2024-05-30 23:45:00,1.0,5.4,5.75,23
2024-05-31 10:00:00,2024-05-31 15:30:00,5.75,5.2,5.608695652173913,10
2024-05-31 17:00:00,2024-05-31 21:30:00,4.75,5.7,6.9105263157894745,17
2024-05-31 23:00:00,2024-06-01 01:45:00,3.0,5.5,5.783333333333334,23
2024-06-01 08:00:00,2024-06-01 09:45:00,2.0,5.6,5.975,8
2024-06-01 11:15:00,2024-06-01 17:15:00,6.25,5.4,5.852,11
2024-06-01 19:30:00,2024-06-02 00:45:00,5.5,5.4,6.263636363636363,19
2024-06-02 03:15:00,2024-06-02 04:00:00,1.0,5.5,5.675,3
2024-06-02 06:15:00,2024-06-02 08:15:00,2.25,5.8,6.111111111111111,6
2024-06-02 10:15:00,2024-06-02 11:30:00,1.5,5.4,5.75,10
2024-06-02 13:15:00,2024-06-02 14:15:00,1.25,5.4,5.7,13
2024-06-02 23:00:00,2024-06-03 03:30:00,4.75,4.8,5.421052631578948,23
2024-06-03 05:45:00,2024-06-03 06:15:00,0.75,5.5,5.633333333333333,5
2024-06-03 11:45:00,2024-06-03 14:30:00,3.0,5.1,5.575,11
2024-06-03 17:00:00,2024-06-03 19:00:00,2.25,6.0,6.166666666666667,17
2024-06-04 00:45:00,2024-06-04 02:30:00,2.0,4.8,5.275,0
2024-06-04 04:15:00,2024-06-04 04:45:00,0.75,4.9,5.033333333333333,4
2024-06-04 12:30:00,2024-06-04 16:00:00,3.75,5.2,5.5200000000000005,12
2024-06-05 01:00:00,2024-06-05 03:30:00,2.75,4.4,4.881818181818182,1
2024-06-05 05:15:00,2024-06-05 09:00:00,4.0,4.9,5.449999999999999,5
2024-06-05 11:45:00,2024-06-05 16:00:00,4.5,5.1,5.883333333333333,11
2024-06-06 00:00:00,2024-06-06 01:00:00,1.25,5.3,5.54,0
2024-06-06 03:00:00,2024-06-06 07:45:00,5.0,4.4,4.944999999999999,3
2024-06-06 14:00:00,2024-06-06 16:15:00,2.5,5.1,5.5,14
2024-06-06 18:00:00,2024-06-06 19:30:00,1.75,5.5,5.857142857142857,18
2024-06-06 21:00:00,2024-06-06 23:30:00,2.75,5.9,6.054545454545456,21
2024-06-07 04:00:00,2024-06-07 05:15:00,1.5,4.8,5.133333333333334,4
2024-06-07 06:45:00,2024-06-07 08:45:00,2.25,4.5,4.922222222222222,6
2024-06-07 12:45:00,2024-06-07 17:00:00,4.5,5.1,6.316666666666666,12
2024-06-07 19:00:00,2024-06-07 22:30:00,3.75,5.4,5.966666666666667,19
2024-06-08 00:45:00,2024-06-08 06:30:00,6.0,4.6,5.425,0
2024-06-08 08:30:00,2024-06-08 09:30:00,1.25,5.0,5.319999999999999,8
2024-06-08 12:15:00,2024-06-08 18:15:00,6.25,4.9,6.268000000000001,12
2024-06-08 21:30:00,2024-06-08 23:15:00,2.0,5.2,5.987500000000001,21
2024-06-09 04:45:00,2024-06-09 06:15:00,1.75,4.3,4.885714285714286,4
2024-06-09 08:45:00,2024-06-09 10:00:00,1.5,4.7,4.95,8
2024-06-09 11:45:00,2024-06-09 16:15:00,4.75,6.2,7.110526315789474,11
2024-06-09 17:45:00,2024-06-09 20:45:00,3.25,5.2,5.684615384615384,17
2024-06-10 01:30:00,2024-06-10 02:45:00,1.5,5.7,5.966666666666668,1
2024-06-10 05:45:00,2024-06-10 08:15:00,2.75,4.9,5.245454545454546,5
2024-06-10 11:45:00,2024-06-10 12:00:00,0.5,5.0,5.2,11
2024-06-10 13:30:00,2024-06-10 20:30:00,7.25,4.8,6.489655172413793,13
2024-06-10 22:15:00,2024-06-11 01:45:00,3.75,5.4,5.766666666666666,22
2024-06-11 03:15:00,2024-06-11 07:30:00,4.5,5.0,5.516666666666667,3
2024-06-11 09:00:00,2024-06-11 12:15:00,3.5,4.7,5.1428571428571415,9
2024-06-11 14:00:00,2024-06-11 22:00:00,8.25,4.8,6.700000000000001,14
2024-06-12 04:45:00,2024-06-12 06:00:00,1.5,5.6,5.733333333333334,4
2024-06-12 07:30:00,2024-06-12 10:45:00,3.5,5.0,5.428571428571429,7
2024-06-12 15:00:00,2024-06-12 16:15:00,1.5,7.6,7.816666666666666,15
2024-06-12 20:15:00,2024-06-13 02:30:00,6.5,4.8,5.592307692307694,20
2024-06-13 07:45:00,2024-06-13 14:30:00,7.0,5.1,5.657142857142857,7
2024-06-13 18:00:00,2024-06-14 02:00:00,8.25,4.5,5.906060606060606,18
2024-06-14 09:15:00,2024-06-14 14:00:00,5.0,4.7,5.755000000000001,9
2024-06-14 17:15:00,2024-06-14 19:30:00,2.5,6.0,7.410000000000001,17
2024-06-14 21:00:00,2024-06-15 02:30:00,5.75,4.6,5.743478260869565,21
2024-06-15 04:15:00,2024-06-15 06:15:00,2.25,5.9,6.011111111111111,4
2024-06-15 09:15:00,2024-06-15 14:45:00,5.75,4.6,5.465217391304348,9
2024-06-15 19:00:00,2024-06-16 00:45:00,6.0,5.0,5.970833333333334,19
2024-06-16 02:30:00,2024-06-16 03:00:00,0.75,4.7,4.966666666666666,2
2024-06-16 04:30:00,2024-06-16 05:00:00,0.75,5.3,5.566666666666666,4
2024-06-16 07:15:00,2024-06-16 15:45:00,8.75,4.3,5.3114285714285705,7
2024-06-16 20:30:00,2024-06-17 03:45:00,7.5,4.5,5.606666666666667,20
2024-06-17 09:00:00,2024-06-17 13:45:00,5.0,4.2,5.715,9
2024-06-17 15:15:00,2024-06-17 16:45:00,1.75,4.5,4.828571428571429,15
2024-06-17 20:45:00,2024-06-18 04:30:00,8.0,4.3,5.6125,20
2024-06-18 11:15:00,2024-06-18 14:30:00,3.5,4.3,5.207142857142856,11
2024-06-18 16:15:00,2024-06-18 17:30:00,1.5,4.7,4.933333333333333,16
2024-06-19 01:15:00,2024-06-19 04:00:00,3.0,4.8,5.441666666666666,1
2024-06-19 05:45:00,2024-06-19 06:15:00,0.75,5.2,5.3,5
2024-06-19 12:30:00,2024-06-19 15:15:00,3.0,4.3,5.650000000000001,12
2024-06-19 17:00:00,2024-06-19 17:15:00,0.5,5.2,5.300000000000001,17
2024-06-19 18:45:00,2024-06-19 21:00:00,2.5,5.4,5.7,18
2024-06-19 23:45:00,2024-06-20 00:30:00,1.0,5.9,6.074999999999999,23
2024-06-20 02:00:00,2024-06-20 07:15:00,5.5,4.7,5.259090909090911,2
2024-06-20 12:30:00,2024-06-20 16:45:00,4.5,4.8,5.488888888888889,12
2024-06-20 18:30:00,2024-06-20 19:00:00,0.75,5.3,5.566666666666666,18
2024-06-21 00:15:00,2024-06-21 08:30:00,8.5,5.0,5.405882352941176,0
2024-06-21 12:45:00,2024-06-21 13:30:00,1.0,5.9,6.275,12
2024-06-21 15:00:00,2024-06-21 16:45:00,2.0,4.6,5.5,15
2024-06-21 18:15:00,2024-06-21 20:00:00,2.0,5.2,5.5625,18
2024-06-22 02:45:00,2024-06-22 04:30:00,2.0,4.6,4.9375,2
2024-06-22 06:00:00,2024-06-22 09:00:00,3.25,4.9,5.1692307692307695,6
2024-06-22 13:15:00,2024-06-22 17:45:00,4.75,5.1,5.763157894736842,13
2024-06-22 20:45:00,2024-06-22 21:45:00,1.25,5.6,5.92,20
2024-06-23 06:30:00,2024-06-23 08:30:00,2.25,4.4,4.811111111111111,6
2024-06-23 12:45:00,2024-06-23 17:00:00,4.5,4.9,5.855555555555557,12
2024-06-23 19:30:00,2024-06-23 23:30:00,4.25,5.0,5.405882352941176,19
2024-06-24 03:15:00,2024-06-24 06:30:00,3.5,4.2,4.785714285714286,3
2024-06-24 08:00:00,2024-06-24 12:15:00,4.5,4.2,5.272222222222222,8
2024-06-24 15:15:00,2024-06-24 20:00:00,5.0,4.6,5.5200000000000005,15
2024-06-25 02:45:00,2024-06-25 07:15:00,4.75,3.9,4.863157894736841,2
2024-06-25 08:45:00,2024-06-25 11:45:00,3.25,3.9,4.661538461538462,8
2024-06-25 14:00:00,2024-06-25 15:15:00,1.5,6.3,6.616666666666666,14
2024-06-25 17:00:00,2024-06-25 20:00:00,3.25,4.5,5.53076923076923,17
2024-06-25 23:00:00,2024-06-25 23:45:00,1.0,5.3,5.5,23
2024-06-26 05:00:00,2024-06-26 10:00:00,5.25,4.1,4.623809523809523,5
2024-06-26 14:00:00,2024-06-26 22:30:00,8.75,4.6,5.534285714285714,14
2024-06-27 00:30:00,2024-06-27 01:15:00,1.0,4.9,5.05,0
2024-06-27 05:15:00,2024-06-27 08:30:00,3.5,4.3,4.714285714285714,5
2024-06-27 10:00:00,2024-06-27 13:45:00,4.0,4.1,4.75,10
2024-06-27 15:30:00,2024-06-27 17:30:00,2.25,5.5,6.077777777777778,15
2024-06-27 19:45:00,2024-06-27 23:15:00,3.75,4.3,4.8133333333333335,19
2024-06-28 01:15:00,2024-06-28 02:15:00,1.25,5.1,5.220000000000001,1
2024-06-28 04:45:00,2024-06-28 11:30:00,7.0,4.3,4.796428571428572,4
2024-06-28 17:15:00,2024-06-28 19:45:00,2.75,5.2,5.854545454545455,17
2024-06-28 21:15:00,2024-06-28 23:00:00,2.0,4.3,4.5625,21
2024-06-29 00:30:00,2024-06-29 00:45:00,0.5,4.3,4.449999999999999,0
2024-06-29 05:45:00,2024-06-29 12:00:00,6.5,3.9,4.61923076923077,5
2024-06-29 13:45:00,2024-06-29 15:45:00,2.25,4.8,5.266666666666667,13
2024-06-29 18:00:00,2024-06-30 01:15:00,7.5,3.9,4.836666666666667,18
2024-06-30 02:45:00,2024-06-30 03:15:00,0.75,4.3,4.6000000000000005,2
2024-06-30 06:30:00,2024-06-30 07:00:00,0.75,4.7,4.8999999999999995,6
2024-06-30 08:30:00,2024-06-30 11:45:00,3.5,3.9,4.607142857142857,8
2024-06-30 14:30:00,2024-07-01 04:15:00,14.0,3.9,4.885714285714286,14
2024-07-01 09:00:00,2024-07-01 13:45:00,5.0,4.2,4.825,9
2024-07-02 00:45:00,2024-07-02 05:15:00,4.75,4.3,4.8052631578947365,0
2024-07-02 11:45:00,2024-07-02 15:00:00,3.5,4.6,4.9142857142857155,11
2024-07-02 16:30:00,2024-07-02 17:15:00,1.0,4.9,5.050000000000001,16
2024-07-02 21:45:00,2024-07-03 00:45:00,3.25,4.6,5.161538461538461,21
2024-07-03 02:15:00,2024-07-03 06:00:00,4.0,4.4,4.737500000000001,2
2024-07-03 11:15:00,2024-07-03 12:15:00,1.25,5.1,5.26,11
2024-07-03 14:00:00,2024-07-03 15:00:00,1.25,4.4,4.859999999999999,14
2024-07-04 00:45:00,2024-07-04 02:45:00,2.25,4.1,4.544444444444444,0
2024-07-04 04:30:00,2024-07-04 06:00:00,1.75,4.5,4.871428571428572,4
2024-07-04 09:45:00,2024-07-04 14:00:00,4.5,4.4,5.288888888888889,9
2024-07-04 16:00:00,2024-07-04 17:00:00,1.25,4.4,4.6,16
2024-07-04 19:00:00,2024-07-04 20:30:00,1.75,5.2,5.685714285714286,19
2024-07-05 01:15:00,2024-07-05 01:30:00,0.5,4.6,4.699999999999999,1
2024-07-05 04:00:00,2024-07-05 04:30:00,0.75,4.0,4.133333333333333,4
2024-07-05 10:30:00,2024-07-05 12:45:00,2.5,5.2,5.46,10
2024-07-05 14:30:00,2024-07-05 17:45:00,3.5,4.4,4.828571428571429,14
2024-07-05 21:15:00,2024-07-05 22:15:00,1.25,5.2,5.5,21
2024-07-06 01:00:00,2024-07-06 01:45:00,1.0,4.8,4.95,1
2024-07-06 04:45:00,2024-07-06 06:45:00,2.25,3.8,4.444444444444445,4
2024-07-06 15:00:00,2024-07-06 16:15:00,1.5,4.8,5.383333333333333,15
2024-07-06 17:45:00,2024-07-06 18:45:00,1.25,4.5,4.86,17
2024-07-06 20:15:00,2024-07-06 22:00:00,2.0,4.9,5.362500000000001,20
2024-07-07 01:15:00,2024-07-07 06:00:00,5.0,4.1,4.734999999999999,1
2024-07-07 08:30:00,2024-07-07 09:15:00,1.0,3.9,4.124999999999999,8
2024-07-07 14:30:00,2024-07-07 22:45:00,8.5,4.0,5.091176470588235,14
2024-07-08 01:30:00,2024-07-08 01:45:00,0.5,5.2,5.300000000000001,1
2024-07-08 03:30:00,2024-07-08 06:00:00,2.75,4.2,4.7727272727272725,3
2024-07-08 09:45:00,2024-07-08 23:00:00,13.5,4.0,5.183333333333333,9
2024-07-09 02:00:00,2024-07-09 21:30:00,19.75,3.9,5.09240506329114,2
2024-07-10 01:15:00,2024-07-10 11:15:00,10.25,3.6,4.521951219512196,1
2024-07-10 14:30:00,2024-07-10 16:30:00,2.25,4.9,6.2,14
2024-07-10 18:15:00,2024-07-10 23:00:00,5.0,3.8,4.42,18
2024-07-11 01:45:00,2024-07-11 02:30:00,1.0,5.0,5.225,1
2024-07-11 04:00:00,2024-07-11 13:00:00,9.25,3.8,4.637837837837839,4
2024-07-11 15:00:00,2024-07-11 23:30:00,8.75,3.6,6.065714285714285,15
2024-07-12 04:45:00,2024-07-12 10:15:00,5.75,4.1,4.869565217391304,4
2024-07-12 15:45:00,2024-07-12 20:45:00,5.25,4.5,5.961904761904762,15
2024-07-12 22:30:00,2024-07-13 01:45:00,3.5,4.1,4.442857142857144,22
2024-07-13 03:30:00,2024-07-13 03:45:00,0.5,5.0,5.1,3
2024-07-13 05:45:00,2024-07-13 06:45:00,1.25,4.6,4.76,5
2024-07-13 08:45:00,2024-07-13 09:00:00,0.5,3.9,4.0,8
2024-07-13 10:30:00,2024-07-13 14:45:00,4.5,3.5,4.266666666666667,10
2024-07-13 16:45:00,2024-07-13 21:30:00,5.0,3.3,5.6450000000000005,16
2024-07-13 23:00:00,2024-07-14 06:45:00,8.0,3.5,4.606250000000001,23
2024-07-14 09:15:00,2024-07-14 09:45:00,0.75,4.6,4.8,9
2024-07-14 11:15:00,2024-07-14 12:45:00,1.75,3.4,4.171428571428571,11
2024-07-14 17:45:00,2024-07-15 02:30:00,9.0,3.5,4.9944444444444445,17
2024-07-15 06:15:00,2024-07-15 08:00:00,2.0,4.6,4.925,6
2024-07-15 09:30:00,2024-07-15 13:45:00,4.5,3.2,4.666666666666668,9
2024-07-15 15:15:00,2024-07-15 16:30:00,1.5,3.8,4.45,15
2024-07-15 19:15:00,2024-07-16 07:45:00,12.75,3.9,4.862745098039215,19
2024-07-16 09:30:00,2024-07-16 15:00:00,5.75,3.5,4.7,9
2024-07-16 16:30:00,2024-07-17 00:00:00,7.75,3.8,5.390322580645161,16
2024-07-17 01:45:00,2024-07-17 04:45:00,3.25,3.5,4.0307692307692315,1
2024-07-17 07:00:00,2024-07-17 07:30:00,0.75,4.8,4.8999999999999995,7
2024-07-17 12:00:00,2024-07-17 13:45:00,2.0,3.6,4.8999999999999995,12
2024-07-17 15:15:00,2024-07-17 16:30:00,1.5,3.6,3.766666666666666,15
2024-07-17 18:15:00,2024-07-17 19:00:00,1.0,4.5,4.95,18
2024-07-17 22:30:00,2024-07-18 03:15:00,5.0,3.7,4.505,22
2024-07-18 11:15:00,2024-07-18 16:45:00,5.75,3.9,4.717391304347827,11
2024-07-18 21:00:00,2024-07-19 06:45:00,10.0,3.5,4.4725,21
2024-07-19 09:15:00,2024-07-19 10:30:00,1.5,4.8,5.033333333333334,9
2024-07-19 12:30:00,2024-07-19 15:00:00,2.75,3.8,4.636363636363637,12
2024-07-19 18:45:00,2024-07-19 20:45:00,2.25,4.4,4.800000000000001,18
2024-07-19 23:45:00,2024-07-20 03:30:00,4.0,3.1,3.79375,23
2024-07-20 10:15:00,2024-07-20 17:00:00,7.0,3.5,4.385714285714285,10
2024-07-20 19:45:00,2024-07-20 21:15:00,1.75,4.3,4.671428571428572,19
2024-07-21 01:00:00,2024-07-21 04:15:00,3.5,3.5,3.792857142857143,1
2024-07-21 10:45:00,2024-07-21 17:45:00,7.25,4.0,4.693103448275862,10
2024-07-21 19:30:00,2024-07-21 22:30:00,3.25,4.6,5.038461538461538,19
2024-07-22 01:15:00,2024-07-22 02:00:00,1.0,4.1,4.2250000000000005,1
2024-07-22 04:00:00,2024-07-22 06:30:00,2.75,3.3,3.6454545454545455,4
2024-07-22 08:00:00,2024-07-22 09:00:00,1.25,3.9,4.16,8
2024-07-22 11:45:00,2024-07-22 16:30:00,5.0,4.2,4.750000000000001,11
2024-07-22 18:00:00,2024-07-22 18:30:00,0.75,3.8,4.066666666666666,18
2024-07-22 20:30:00,2024-07-22 22:30:00,2.25,4.7,5.033333333333333,20
2024-07-23 07:00:00,2024-07-23 08:00:00,1.25,3.0,3.38,7
2024-07-23 16:45:00,2024-07-23 19:15:00,2.75,3.8,4.290909090909091,16
2024-07-23 23:00:00,2024-07-24 02:30:00,3.75,4.1,4.78,23
2024-07-24 06:00:00,2024-07-24 08:15:00,2.5,3.6,3.8300000000000005,6
2024-07-24 13:15:00,2024-07-24 16:45:00,3.75,3.8,4.886666666666668,13
2024-07-24 19:15:00,2024-07-24 21:00:00,2.0,4.1,4.4375,19
2024-07-24 23:15:00,2024-07-25 00:30:00,1.5,4.5,4.783333333333334,23
2024-07-25 06:00:00,2024-07-25 08:00:00,2.25,3.7,4.055555555555555,6
2024-07-25 16:15:00,2024-07-25 16:30:00,0.5,4.7,4.800000000000001,16
2024-07-25 18:45:00,2024-07-25 21:00:00,2.5,3.8,4.19,18
2024-07-26 00:30:00,2024-07-26 04:00:00,3.75,4.2,4.633333333333335,0
2024-07-26 07:00:00,2024-07-26 09:00:00,2.25,3.6,3.788888888888889,7
2024-07-26 12:15:00,2024-07-26 13:15:00,1.25,4.4,4.66,12
2024-07-26 15:45:00,2024-07-26 22:45:00,7.25,3.8,4.5551724137931044,15
2024-07-27 08:15:00,2024-07-27 09:15:00,1.25,3.7,4.0,8
2024-07-27 11:45:00,2024-07-27 13:30:00,2.0,4.3,4.6125,11
2024-07-27 15:15:00,2024-07-27 18:30:00,3.5,5.0,5.442857142857143,15
2024-07-27 20:15:00,2024-07-27 23:00:00,3.0,3.8,4.375,20
2024-07-28 01:15:00,2024-07-28 01:45:00,0.75,4.6,4.833333333333333,1
2024-07-28 08:30:00,2024-07-28 14:00:00,5.75,3.8,4.452173913043478,8
2024-07-28 16:00:00,2024-07-28 19:45:00,4.0,5.2,5.79375,16
2024-07-28 21:45:00,2024-07-29 02:15:00,4.75,4.0,4.4263157894736835,21
2024-07-29 05:00:00,2024-07-29 08:15:00,3.5,4.5,4.8428571428571425,5
2024-07-29 09:45:00,2024-07-29 13:45:00,4.25,3.6,4.358823529411764,9
2024-07-29 15:15:00,2024-07-29 15:45:00,0.75,4.7,4.833333333333333,15
2024-07-29 17:15:00,2024-07-30 00:15:00,7.25,4.0,4.955172413793102,17
2024-07-30 02:30:00,2024-07-30 03:45:00,1.5,3.9,4.133333333333333,2
2024-07-30 09:45:00,2024-07-30 14:30:00,5.0,3.7,4.36,9
2024-07-30 16:00:00,2024-07-30 17:30:00,1.75,4.6,5.071428571428571,16
2024-07-30 19:15:00,2024-07-30 22:00:00,3.0,4.8,5.366666666666667,19
2024-07-31 00:00:00,2024-07-31 02:45:00,3.0,3.9,4.125,0
2024-07-31 08:15:00,2024-07-31 16:45:00,8.75,4.1,4.891428571428572,8
2024-07-31 18:15:00,2024-07-31 20:15:00,2.25,4.5,5.044444444444444,18
2024-08-01 00:00:00,2024-08-01 05:45:00,6.0,3.8,4.279166666666666,0
2024-08-01 08:30:00,2024-08-01 11:00:00,2.75,4.7,5.118181818181818,8
2024-08-01 12:45:00,2024-08-01 14:30:00,2.0,4.3,5.025,12
2024-08-01 18:30:00,2024-08-01 21:30:00,3.25,5.2,5.515384615384615,18
2024-08-02 00:00:00,2024-08-02 06:00:00,6.25,4.2,4.7,0
2024-08-02 10:45:00,2024-08-02 14:15:00,3.75,4.7,5.24,10
2024-08-02 19:00:00,2024-08-02 20:15:00,1.5,5.1,5.266666666666667,19
2024-08-03 01:45:00,2024-08-03 03:45:00,2.25,3.8,4.733333333333333,1
2024-08-03 06:00:00,2024-08-03 07:45:00,2.0,4.2,4.5,6
2024-08-03 12:30:00,2024-08-03 15:45:00,3.5,4.7,5.078571428571429,12
2024-08-03 17:30:00,2024-08-03 18:45:00,1.5,4.8,5.249999999999999,17
2024-08-03 23:15:00,2024-08-04 07:00:00,8.0,4.4,5.0375,23
2024-08-04 08:30:00,2024-08-04 09:00:00,0.75,4.8,4.866666666666667,8
2024-08-04 12:00:00,2024-08-04 19:30:00,7.75,4.3,5.138709677419354,12
2024-08-05 12:30:00,2024-08-05 17:30:00,5.25,4.3,4.995238095238095,12
2024-08-05 20:30:00,2024-08-05 21:45:00,1.5,5.0,5.266666666666667,20
2024-08-06 07:00:00,2024-08-06 11:00:00,4.25,4.7,5.305882352941176,7
2024-08-07 05:45:00,2024-08-07 07:30:00,2.0,5.3,5.425000000000001,5
2024-08-07 11:15:00,2024-08-07 12:00:00,1.0,5.6,5.8500000000000005,11
2024-08-07 16:30:00,2024-08-07 18:00:00,1.75,5.5,5.8428571428571425,16
2024-08-07 19:45:00,2024-08-07 22:15:00,2.75,4.5,5.072727272727272,19
2024-08-08 00:00:00,2024-08-08 02:45:00,3.0,5.5,5.833333333333332,0
2024-08-08 05:15:00,2024-08-08 06:30:00,1.5,4.8,5.033333333333333,5
2024-08-08 08:15:00,2024-08-08 08:45:00,0.75,4.5,4.666666666666667,8
2024-08-08 10:30:00,2024-08-08 11:30:00,1.25,4.8,4.92,10
2024-08-08 13:45:00,2024-08-08 14:45:00,1.25,5.2,5.64,13
2024-08-08 17:45:00,2024-08-08 21:15:00,3.75,4.9,5.446666666666667,17
2024-08-09 06:00:00,2024-08-09 08:45:00,3.0,4.5,4.891666666666667,6
2024-08-09 15:00:00,2024-08-09 19:15:00,4.5,4.9,5.377777777777777,15
2024-08-10 02:00:00,2024-08-10 02:30:00,0.75,5.1,5.266666666666667,2
2024-08-10 06:15:00,2024-08-10 07:30:00,1.5,4.4,4.5,6
2024-08-10 09:00:00,2024-08-10 10:15:00,1.5,4.1,4.3,9
2024-08-10 14:15:00,2024-08-10 17:45:00,3.75,4.6,5.113333333333332,14
2024-08-11 00:00:00,2024-08-11 00:45:00,1.0,4.3,4.6,0
2024-08-11 02:30:00,2024-08-11 03:45:00,1.5,4.5,4.733333333333333,2
2024-08-11 07:00:00,2024-08-11 08:15:00,1.5,4.1,4.25,7
2024-08-11 11:00:00,2024-08-11 11:45:00,1.0,3.7,3.875,11
2024-08-11 16:30:00,2024-08-11 18:00:00,1.75,4.3,4.7,16
2024-08-11 20:15:00,2024-08-11 23:15:00,3.25,3.8,4.015384615384615,20
2024-08-12 01:00:00,2024-08-12 03:15:00,2.5,3.9,4.359999999999999,1
2024-08-12 16:45:00,2024-08-12 17:00:00,0.5,4.2,4.4,16
2024-08-12 20:15:00,2024-08-12 23:30:00,3.5,3.6,3.864285714285714,20
2024-08-13 06:15:00,2024-08-13 09:00:00,3.0,3.4,3.8333333333333335,6
2024-08-13 11:00:00,2024-08-13 12:00:00,1.25,3.4,3.5,11
2024-08-13 16:30:00,2024-08-13 22:15:00,6.0,3.9,4.558333333333334,16
2024-08-14 05:30:00,2024-08-14 06:45:00,1.5,4.4,4.45,5
2024-08-14 08:30:00,2024-08-14 13:15:00,5.0,3.4,3.75,8
2024-08-14 15:45:00,2024-08-14 16:30:00,1.0,4.4,4.5,15
2024-08-14 20:45:00,2024-08-15 02:00:00,5.5,3.5,4.15909090909091,20
2024-08-15 10:15:00,2024-08-15 11:00:00,1.0,3.4,3.7500000000000004,10
2024-08-15 16:45:00,2024-08-15 17:45:00,1.25,4.6,4.779999999999999,16
2024-08-15 19:30:00,2024-08-16 02:45:00,7.5,3.4,4.1899999999999995,19
2024-08-16 07:00:00,2024-08-16 09:15:00,2.5,3.8,4.029999999999999,7
2024-08-16 17:30:00,2024-08-16 21:45:00,4.5,4.2,4.638888888888889,17
2024-08-17 02:15:00,2024-08-17 02:45:00,0.75,3.5,3.6999999999999997,2
2024-08-17 07:00:00,2024-08-17 11:15:00,4.5,3.6,4.022222222222222,7
2024-08-17 19:45:00,2024-08-17 22:30:00,3.0,4.3,4.7250000000000005,19
2024-08-18 04:15:00,2024-08-18 05:30:00,1.5,3.6,4.016666666666667,4
2024-08-18 07:15:00,2024-08-18 09:30:00,2.5,4.2,4.38,7
2024-08-18 13:45:00,2024-08-18 14:45:00,1.25,3.3,3.4799999999999995,13
2024-08-18 22:30:00,2024-08-18 23:45:00,1.5,4.3,4.616666666666666,22
2024-08-19 03:15:00,2024-08-19 04:30:00,1.5,3.4,3.5666666666666664,3
2024-08-19 21:45:00,2024-08-19 22:30:00,1.0,4.9,5.025,21
2024-08-20 00:00:00,2024-08-20 00:30:00,0.75,4.1,4.266666666666667,0
2024-08-20 11:45:00,2024-08-20 16:30:00,5.0,3.6,4.295,11
2024-08-20 22:00:00,2024-08-20 22:15:00,0.5,4.8,5.0,22
2024-08-20 23:45:00,2024-08-21 00:45:00,1.25,4.5,4.74,23
2024-08-21 04:15:00,2024-08-21 05:15:00,1.25,3.6,3.78,4
2024-08-21 08:15:00,2024-08-21 11:00:00,3.0,5.0,5.291666666666667,8
2024-08-21 12:45:00,2024-08-21 16:00:00,3.5,4.0,4.935714285714288,12
2024-08-21 22:30:00,2024-08-22 03:15:00,5.0,4.4,5.3149999999999995,22
2024-08-22 13:30:00,2024-08-22 15:30:00,2.25,5.0,5.377777777777778,13
2024-08-22 17:00:00,2024-08-22 17:15:00,0.5,4.2,4.45,17
2024-08-22 23:30:00,2024-08-23 02:00:00,2.75,5.3,5.654545454545454,23
2024-08-23 06:00:00,2024-08-23 06:15:00,0.5,4.4,4.5,6
2024-08-23 09:00:00,2024-08-23 10:00:00,1.25,5.1,5.36,9
2024-08-23 18:15:00,2024-08-23 19:45:00,1.75,4.4,4.642857142857143,18
2024-08-23 21:45:00,2024-08-23 22:15:00,0.75,5.1,5.3,21
2024-08-24 04:15:00,2024-08-24 04:30:00,0.5,5.1,5.199999999999999,4
2024-08-24 06:30:00,2024-08-24 07:00:00,0.75,4.7,4.866666666666667,6
2024-08-24 15:45:00,2024-08-24 16:00:00,0.5,5.7,5.800000000000001,15
2024-08-24 19:30:00,2024-08-24 19:45:00,0.5,4.5,4.6,19
2024-08-24 23:15:00,2024-08-25 01:30:00,2.5,5.2,5.5200000000000005,23
2024-08-25 19:00:00,2024-08-25 23:15:00,4.5,4.8,5.061111111111111,19
2024-08-26 08:30:00,2024-08-26 09:15:00,1.0,4.4,4.65,8
2024-08-26 12:00:00,2024-08-26 13:00:00,1.25,5.2,5.42,12
2024-08-26 23:45:00,2024-08-27 00:30:00,1.0,4.5,4.65,23
2024-08-27 09:30:00,2024-08-27 10:45:00,1.5,4.4,4.583333333333333,9
2024-08-27 18:15:00,2024-08-27 19:30:00,1.5,5.3,5.55,18
2024-08-27 21:00:00,2024-08-27 23:00:00,2.25,4.8,4.933333333333334,21
2024-08-28 21:30:00,2024-08-29 00:45:00,3.5,4.2,4.614285714285715,21
2024-08-29 05:15:00,2024-08-29 06:00:00,1.0,4.8,4.975,5
2024-08-29 07:45:00,2024-08-29 08:00:00,0.5,4.7,4.800000000000001,7
2024-08-29 11:00:00,2024-08-29 13:15:00,2.5,4.3,4.52,11
2024-08-30 09:15:00,2024-08-30 10:15:00,1.25,4.6,4.8,9
2024-08-30 13:00:00,2024-08-30 14:15:00,1.5,4.4,4.533333333333334,13
2024-08-30 17:45:00,2024-08-30 19:00:00,1.5,4.4,4.783333333333334,17
2024-08-30 21:00:00,2024-08-30 22:30:00,1.75,4.9,5.171428571428572,21
2024-08-31 13:00:00,2024-08-31 15:15:00,2.5,4.3,4.55,13
2024-08-31 21:45:00,2024-08-31 23:00:00,1.5,4.9,5.1499999999999995,21
2024-09-01 02:30:00,2024-09-01 04:00:00,1.75,4.0,4.185714285714286,2
2024-09-01 13:15:00,2024-09-01 14:30:00,1.5,4.2,4.516666666666667,13
2024-09-01 17:30:00,2024-09-01 18:00:00,0.75,4.8,4.8999999999999995,17
2024-09-02 03:00:00,2024-09-02 04:15:00,1.5,4.0,4.333333333333334,3
2024-09-02 08:15:00,2024-09-02 08:30:00,0.5,4.8,4.949999999999999,8
2024-09-02 15:00:00,2024-09-02 15:15:00,0.5,4.1,4.25,15
2024-09-03 07:45:00,2024-09-03 08:45:00,1.25,4.8,5.0,7
2024-09-03 12:45:00,2024-09-03 13:45:00,1.25,5.7,5.86,12
2024-09-03 15:30:00,2024-09-03 19:00:00,3.75,4.8,5.166666666666667,15
2024-09-03 22:00:00,2024-09-03 23:15:00,1.5,5.6,5.733333333333333,22
2024-09-04 02:00:00,2024-09-04 06:30:00,4.75,4.7,5.21578947368421,2
2024-09-04 13:15:00,2024-09-04 14:30:00,1.5,5.9,6.116666666666667,13
2024-09-04 16:45:00,2024-09-04 19:30:00,3.0,5.0,5.241666666666667,16
2024-09-05 04:15:00,2024-09-05 07:15:00,3.25,5.1,5.361538461538462,4
2024-09-05 21:00:00,2024-09-05 21:15:00,0.5,5.7,5.800000000000001,21
2024-09-06 04:30:00,2024-09-06 07:00:00,2.75,5.2,5.354545454545455,4
2024-09-06 16:00:00,2024-09-06 18:15:00,2.5,5.2,5.65,16
2024-09-07 06:30:00,2024-09-07 06:45:00,0.5,5.3,5.4,6
2024-09-07 18:00:00,2024-09-07 20:45:00,3.0,5.0,5.425,18
2024-09-08 10:45:00,2024-09-08 11:30:00,1.0,5.6,5.725,10
2024-09-08 19:15:00,2024-09-08 20:15:00,1.25,5.2,5.4399999999999995,19
2024-09-08 21:45:00,2024-09-08 22:45:00,1.25,5.1,5.220000000000001,21
2024-09-09 07:00:00,2024-09-09 10:15:00,3.5,5.1,5.357142857142857,7
2024-09-09 15:30:00,2024-09-09 17:45:00,2.5,5.9,6.62,15
2024-09-09 19:30:00,2024-09-09 20:30:00,1.25,5.5,5.82,19
2024-09-09 22:00:00,2024-09-09 22:30:00,0.75,5.3,5.466666666666666,22
2024-09-10 08:15:00,2024-09-10 11:15:00,3.25,5.2,5.546153846153847,8
2024-09-10 16:15:00,2024-09-10 16:45:00,0.75,6.9,7.033333333333334,16
2024-09-10 20:00:00,2024-09-10 20:30:00,0.75,5.8,5.933333333333334,20
2024-09-10 23:15:00,2024-09-11 01:30:00,2.5,5.3,5.639999999999999,23
2024-09-11 09:45:00,2024-09-11 14:15:00,4.75,5.5,5.778947368421052,9
2024-09-11 23:00:00,2024-09-12 02:00:00,3.25,5.6,5.823076923076922,23
2024-09-12 10:30:00,2024-09-12 11:45:00,1.5,5.8,6.033333333333332,10
2024-09-12 20:30:00,2024-09-12 23:00:00,2.75,5.4,6.027272727272727,20
2024-09-13 11:45:00,2024-09-13 14:00:00,2.5,5.6,5.970000000000001,11
2024-09-13 20:15:00,2024-09-13 20:30:00,0.5,6.3,6.449999999999999,20
2024-09-13 22:30:00,2024-09-14 01:15:00,3.0,5.2,5.583333333333333,22
2024-09-14 22:30:00,2024-09-14 23:15:00,1.0,6.0,6.175,22
2024-09-15 01:15:00,2024-09-15 03:00:00,2.0,5.5,5.7625,1
2024-09-15 04:45:00,2024-09-15 06:00:00,1.5,5.7,5.8500000000000005,4
2024-09-15 14:45:00,2024-09-15 15:15:00,0.75,5.6,5.766666666666666,14
2024-09-16 02:00:00,2024-09-16 03:00:00,1.25,5.7,5.76,2
2024-09-16 12:30:00,2024-09-16 13:00:00,0.75,6.2,6.3,12
2024-09-17 04:00:00,2024-09-17 05:00:00,1.25,5.5,5.72,4
2024-09-17 14:00:00,2024-09-17 15:00:00,1.25,5.4,5.779999999999999,14
2024-09-17 20:30:00,2024-09-17 21:30:00,1.25,6.1,6.22,20
2024-09-18 02:15:00,2024-09-18 03:30:00,1.5,4.9,5.083333333333333,2
2024-09-18 05:15:00,2024-09-18 06:30:00,1.5,5.3,5.666666666666668,5
2024-09-19 13:00:00,2024-09-19 13:30:00,0.75,6.1,6.233333333333333,13
2024-09-20 06:45:00,2024-09-20 07:30:00,1.0,5.0,5.175,6
2024-09-20 16:15:00,2024-09-20 17:00:00,1.0,5.4,5.574999999999999,16
2024-09-20 19:30:00,2024-09-20 20:15:00,1.0,4.9,5.25,19
2024-09-20 22:15:00,2024-09-20 23:15:00,1.25,5.8,5.96,22
2024-09-21 14:45:00,2024-09-21 15:15:00,0.75,6.2,6.3,14
2024-09-21 19:15:00,2024-09-21 21:00:00,2.0,5.4,5.5875,19
2024-09-22 07:30:00,2024-09-22 08:45:00,1.5,4.8,5.066666666666666,7
2024-09-23 18:00:00,2024-09-23 21:45:00,4.0,5.0,5.487500000000001,18
2024-09-24 07:00:00,2024-09-24 08:45:00,2.0,4.8,5.1625,7
2024-09-24 10:45:00,2024-09-24 11:30:00,1.0,5.0,5.15,10
2024-09-24 21:30:00,2024-09-24 22:30:00,1.25,4.9,5.159999999999999,21
2024-09-25 06:15:00,2024-09-25 09:15:00,3.25,4.9,5.476923076923077,6
2024-09-25 13:15:00,2024-09-25 14:00:00,1.0,5.3,5.4,13
2024-09-25 21:15:00,2024-09-25 23:00:00,2.0,5.1,5.475,21
2024-09-26 15:15:00,2024-09-26 17:00:00,2.0,5.5,5.737499999999999,15
2024-09-26 22:30:00,2024-09-26 23:30:00,1.25,5.2,5.58,22
2024-09-27 13:15:00,2024-09-27 15:30:00,2.5,5.2,5.510000000000001,13
2024-09-27 23:30:00,2024-09-28 00:00:00,0.75,5.7,5.8,23
2024-09-28 01:30:00,2024-09-28 02:15:00,1.0,5.2,5.325,1
2024-09-28 09:15:00,2024-09-28 12:45:00,3.75,5.6,5.8533333333333335,9
2024-09-28 16:00:00,2024-09-28 16:45:00,1.0,5.2,5.3,16
2024-09-28 21:30:00,2024-09-28 23:30:00,2.25,5.8,5.888888888888889,21
2024-09-29 01:15:00,2024-09-29 03:30:00,2.5,4.9,5.160000000000001,1
2024-09-29 11:45:00,2024-09-29 13:15:00,1.75,5.4,5.828571428571428,11
2024-09-29 15:15:00,2024-09-29 17:15:00,2.25,4.9,5.144444444444445,15
2024-09-30 02:15:00,2024-09-30 02:30:00,0.5,5.1,5.199999999999999,2
2024-09-30 13:30:00,2024-09-30 15:45:00,2.5,5.2,5.49,13
2024-09-30 17:45:00,2024-09-30 19:00:00,1.5,5.3,5.433333333333333,17
2024-09-30 21:30:00,2024-09-30 23:00:00,1.75,5.4,5.7857142857142865,21
2024-10-01 02:00:00,2024-10-01 03:30:00,1.75,4.8,5.185714285714285,2
2024-10-01 06:15:00,2024-10-01 07:00:00,1.0,5.4,5.5,6
2024-10-01 16:15:00,2024-10-01 17:00:00,1.0,5.1,5.5,16
2024-10-01 20:00:00,2024-10-01 22:30:00,2.75,5.3,5.536363636363637,20
2024-10-02 05:00:00,2024-10-02 06:00:00,1.25,4.7,5.08,5
2024-10-02 07:30:00,2024-10-02 09:00:00,1.75,5.3,5.457142857142857,7
2024-10-02 15:45:00,2024-10-02 17:00:00,1.5,4.9,5.266666666666667,15
2024-10-02 18:30:00,2024-10-02 20:15:00,2.0,5.3,5.6625,18
2024-10-02 22:45:00,2024-10-02 23:30:00,1.0,5.6,5.8,22
2024-10-03 06:00:00,2024-10-03 07:45:00,2.0,4.7,5.487500000000001,6
2024-10-03 16:45:00,2024-10-03 17:30:00,1.0,5.3,5.575,16
2024-10-04 07:45:00,2024-10-04 08:30:00,1.0,5.6,5.675000000000001,7
2024-10-04 13:45:00,2024-10-04 15:30:00,2.0,5.8,6.0375,13
2024-10-04 17:15:00,2024-10-04 19:00:00,2.0,5.3,5.5125,17
2024-10-05 04:00:00,2024-10-05 07:30:00,3.75,5.0,5.246666666666667,4
2024-10-05 14:15:00,2024-10-05 15:15:00,1.25,6.0,6.119999999999999,14
2024-10-05 16:45:00,2024-10-05 19:30:00,3.0,5.1,5.433333333333334,16
2024-10-06 00:00:00,2024-10-06 01:00:00,1.25,5.8,5.9399999999999995,0
2024-10-06 04:45:00,2024-10-06 05:15:00,0.75,5.3,5.366666666666667,4
2024-10-06 17:00:00,2024-10-06 20:15:00,3.5,5.1,5.3928571428571415,17
2024-10-06 22:45:00,2024-10-06 23:15:00,0.75,5.6,5.7,22
2024-10-07 06:30:00,2024-10-07 07:45:00,1.5,5.0,5.183333333333333,6
2024-10-07 18:15:00,2024-10-07 18:45:00,0.75,5.2,5.433333333333334,18
2024-10-07 20:30:00,2024-10-07 21:30:00,1.25,5.2,5.359999999999999,20
2024-10-08 06:45:00,2024-10-08 07:15:00,0.75,5.2,5.3,6
2024-10-08 09:00:00,2024-10-08 09:30:00,0.75,5.2,5.266666666666667,9
2024-10-08 12:45:00,2024-10-08 13:15:00,0.75,5.7,5.8,12
2024-10-08 15:00:00,2024-10-08 22:45:00,8.0,5.3,6.090625,15
2024-10-09 07:30:00,2024-10-09 09:15:00,2.0,5.3,5.575,7
2024-10-09 17:00:00,2024-10-09 18:45:00,2.0,6.3,6.5875,17
2024-10-09 22:00:00,2024-10-09 23:45:00,2.0,5.8,6.0375,22
2024-10-10 11:00:00,2024-10-10 13:30:00,2.75,6.2,6.463636363636365,11
2024-10-11 06:15:00,2024-10-11 07:30:00,1.5,6.5,6.666666666666667,6
2024-10-11 10:45:00,2024-10-11 12:00:00,1.5,5.9,6.333333333333332,10
2024-10-11 13:45:00,2024-10-11 14:30:00,1.0,6.2,6.3,13
2024-10-11 17:15:00,2024-10-11 18:00:00,1.0,7.0,7.425000000000001,17
2024-10-12 01:15:00,2024-10-12 01:30:00,0.5,6.2,6.300000000000001,1
2024-10-12 12:45:00,2024-10-12 14:00:00,1.5,6.0,6.266666666666667,12
2024-10-12 16:45:00,2024-10-12 17:00:00,0.5,6.4,6.5,16
2024-10-13 12:15:00,2024-10-13 16:00:00,4.0,5.8,6.1875,12
2024-10-14 00:00:00,2024-10-14 00:30:00,0.75,6.0,6.2,0
2024-10-14 02:00:00,2024-10-14 03:00:00,1.25,5.8,5.92,2
2024-10-14 13:15:00,2024-10-14 16:30:00,3.5,5.6,6.078571428571428,13
2024-10-15 01:45:00,2024-10-15 02:45:00,1.25,6.0,6.1,1
2024-10-15 14:00:00,2024-10-15 15:00:00,1.25,6.0,6.22,14
2024-10-15 18:45:00,2024-10-15 20:15:00,1.75,6.2,6.414285714285714,18
2024-10-16 11:30:00,2024-10-16 17:15:00,6.0,6.0,6.616666666666667,11
2024-10-17 14:45:00,2024-10-17 15:15:00,0.75,6.7,6.833333333333333,14
2024-10-18 06:00:00,2024-10-18 07:00:00,1.25,6.3,6.640000000000001,6
2024-10-19 13:15:00,2024-10-19 13:45:00,0.75,7.4,7.5,13
2024-10-19 17:30:00,2024-10-19 18:30:00,1.25,6.7,6.960000000000001,17
2024-10-20 19:15:00,2024-10-20 19:45:00,0.75,6.9,6.966666666666666,19
2024-10-21 13:45:00,2024-10-21 15:00:00,1.5,7.7,7.916666666666667,13
2024-10-21 17:30:00,2024-10-21 18:00:00,0.75,7.1,7.233333333333333,17
2024-10-22 14:00:00,2024-10-22 16:00:00,2.25,7.4,7.811111111111113,14
2024-10-22 17:45:00,2024-10-22 18:15:00,0.75,7.3,7.433333333333334,17
2024-10-22 22:00:00,2024-10-22 23:30:00,1.75,6.8,6.914285714285714,22
2024-10-23 06:15:00,2024-10-23 06:45:00,0.75,6.8,6.933333333333333,6
2024-10-23 09:30:00,2024-10-23 10:30:00,1.25,6.7,6.880000000000001,9
2024-10-23 15:00:00,2024-10-23 23:45:00,9.0,6.7,7.569444444444445,15
2024-10-24 09:15:00,2024-10-24 15:30:00,6.5,6.5,7.053846153846153,9
2024-10-24 21:30:00,2024-10-24 22:15:00,1.0,6.9,7.049999999999999,21
2024-10-25 01:15:00,2024-10-25 03:45:00,2.75,6.7,6.945454545454544,1
2024-10-25 09:15:00,2024-10-25 11:15:00,2.25,6.7,6.933333333333334,9
2024-10-25 12:45:00,2024-10-25 14:00:00,1.5,6.2,6.666666666666667,12
2024-10-25 19:00:00,2024-10-25 20:45:00,2.0,7.3,7.574999999999999,19
2024-10-25 23:00:00,2024-10-25 23:15:00,0.5,6.8,6.9,23
2024-10-26 02:30:00,2024-10-26 04:45:00,2.5,6.5,6.699999999999998,2
2024-10-26 08:30:00,2024-10-26 09:15:00,1.0,6.5,6.775,8
2024-10-26 10:45:00,2024-10-26 11:15:00,0.75,6.7,6.933333333333334,10
2024-10-26 14:15:00,2024-10-26 15:45:00,1.75,6.3,6.542857142857143,14
2024-10-26 23:00:00,2024-10-27 01:00:00,2.25,6.5,6.744444444444444,23
2024-10-27 03:00:00,2024-10-27 04:00:00,1.25,6.4,6.58,3
2024-10-27 12:45:00,2024-10-27 13:30:00,1.0,6.7,6.8500000000000005,12
2024-10-27 15:30:00,2024-10-27 16:00:00,0.75,6.3,6.433333333333334,15
2024-10-27 23:00:00,2024-10-28 01:30:00,2.75,6.6,6.872727272727274,23
2024-10-28 03:00:00,2024-10-28 05:45:00,3.0,6.4,6.583333333333333,3
2024-10-28 10:15:00,2024-10-28 11:00:00,1.0,7.0,7.125,10
2024-10-28 13:30:00,2024-10-28 15:00:00,1.75,6.5,6.742857142857143,13
2024-10-29 02:00:00,2024-10-29 02:30:00,0.75,6.3,6.433333333333334,2
2024-10-29 05:15:00,2024-10-29 06:30:00,1.5,6.6,6.7,5
2024-10-29 15:15:00,2024-10-29 16:30:00,1.5,6.2,6.583333333333333,15
2024-10-30 14:45:00,2024-10-30 16:00:00,1.5,6.6,6.783333333333332,14
2024-10-31 02:15:00,2024-10-31 03:00:00,1.0,6.4,6.525,2
2024-10-31 14:30:00,2024-10-31 16:45:00,2.5,6.4,6.720000000000001,14
2024-10-31 20:00:00,2024-10-31 20:15:00,0.5,6.5,6.6,20
2024-11-01 06:30:00,2024-11-01 07:30:00,1.25,6.5,6.6,6
2024-11-01 20:45:00,2024-11-01 22:00:00,1.5,6.6,6.716666666666666,20
2024-11-02 15:00:00,2024-11-02 15:15:00,0.5,6.5,6.6,15
2024-11-02 16:45:00,2024-11-02 19:00:00,2.5,6.1,6.33,16
2024-11-02 21:15:00,2024-11-02 22:00:00,1.0,6.2,6.45,21
2024-11-03 08:00:00,2024-11-03 08:30:00,0.75,6.2,6.333333333333333,8
2024-11-03 16:00:00,2024-11-03 16:15:00,0.5,6.4,6.5,16
2024-11-03 18:30:00,2024-11-03 19:15:00,1.0,6.2,6.375,18
2024-11-03 20:45:00,2024-11-03 22:00:00,1.5,6.2,6.366666666666666,20
2024-11-04 07:00:00,2024-11-04 07:15:00,0.5,6.1,6.25,7
2024-11-04 17:00:00,2024-11-04 21:00:00,4.25,6.3,6.594117647058824,17
2024-11-05 06:00:00,2024-11-05 06:15:00,0.5,6.0,6.1,6
2024-11-05 09:30:00,2024-11-05 10:30:00,1.25,6.5,6.640000000000001,9
2024-11-05 20:30:00,2024-11-05 22:15:00,2.0,6.4,6.525,20
2024-11-06 05:30:00,2024-11-06 06:30:00,1.25,6.1,6.340000000000001,5
2024-11-06 17:00:00,2024-11-06 21:45:00,5.0,6.0,6.4350000000000005,17
2024-11-07 05:30:00,2024-11-07 08:00:00,2.75,6.0,6.2727272727272725,5
2024-11-07 09:30:00,2024-11-07 11:45:00,2.5,5.8,6.279999999999999,9
2024-11-07 19:15:00,2024-11-07 19:45:00,0.75,6.1,6.233333333333334,19
2024-11-08 06:30:00,2024-11-08 06:45:00,0.5,6.0,6.1,6
2024-11-08 08:30:00,2024-11-08 11:30:00,3.25,5.6,5.961538461538462,8
2024-11-08 17:00:00,2024-11-08 17:45:00,1.0,6.5,6.675,17
2024-11-08 21:15:00,2024-11-09 01:00:00,4.0,5.7,5.95625,21
2024-11-09 07:45:00,2024-11-09 08:15:00,0.75,5.8,5.8999999999999995,7
2024-11-09 10:00:00,2024-11-09 10:30:00,0.75,5.8,6.0,10
2024-11-09 16:30:00,2024-11-09 17:15:00,1.0,6.2,6.625,16
2024-11-09 22:45:00,2024-11-10 00:15:00,1.75,5.9,6.385714285714286,22
2024-11-10 10:30:00,2024-11-10 12:30:00,2.25,6.0,6.366666666666666,10
2024-11-11 11:45:00,2024-11-11 12:30:00,1.0,5.8,5.875,11
2024-11-11 15:00:00,2024-11-11 16:45:00,2.0,6.2,6.475,15
2024-11-12 17:30:00,2024-11-12 18:15:00,1.0,6.4,6.525,17
2024-11-13 15:00:00,2024-11-13 16:15:00,1.5,6.1,6.183333333333334,15
2024-11-14 11:00:00,2024-11-14 12:15:00,1.5,6.3,6.483333333333333,11
2024-11-14 20:00:00,2024-11-14 20:30:00,0.75,6.6,6.666666666666667,20
2024-11-18 04:30:00,2024-11-18 06:00:00,1.75,5.9,6.114285714285714,4
2024-11-19 05:00:00,2024-11-19 06:45:00,2.0,6.0,6.1625,5
2024-11-21 15:15:00,2024-11-21 15:30:00,0.5,7.4,7.5,15
2024-11-21 23:15:00,2024-11-22 00:30:00,1.5,6.6,6.8999999999999995,23
2024-11-22 11:30:00,2024-11-22 13:00:00,1.75,6.8,6.957142857142857,11
2024-11-22 14:45:00,2024-11-22 16:00:00,1.5,7.6,7.766666666666667,14
2024-11-22 17:30:00,2024-11-22 17:45:00,0.5,7.5,7.6,17
2024-11-23 00:45:00,2024-11-23 01:30:00,1.0,7.1,7.175000000000001,0
2024-11-23 16:15:00,2024-11-23 17:30:00,1.5,7.8,7.983333333333332,16
2024-11-23 22:30:00,2024-11-23 22:45:00,0.5,7.1,7.199999999999999,22
2024-11-24 10:00:00,2024-11-24 12:15:00,2.5,7.0,7.2,10
2024-11-24 17:30:00,2024-11-24 19:45:00,2.5,7.3,7.739999999999999,17
2024-11-25 08:00:00,2024-11-25 08:30:00,0.75,7.1,7.2,8
2024-11-25 14:30:00,2024-11-25 15:30:00,1.25,7.1,7.32,14
2024-11-25 23:45:00,2024-11-26 01:00:00,1.5,6.9,7.183333333333333,23
2024-11-26 02:30:00,2024-11-26 03:45:00,1.5,6.9,6.95,2
2024-11-26 15:00:00,2024-11-26 20:15:00,5.5,6.9,7.618181818181819,15
2024-11-27 05:00:00,2024-11-27 05:30:00,0.75,7.1,7.2,5
2024-11-27 13:15:00,2024-11-27 14:15:00,1.25,7.0,7.119999999999999,13
2024-11-27 15:45:00,2024-11-27 16:30:00,1.0,7.0,7.075,15
2024-11-28 14:00:00,2024-11-28 15:15:00,1.5,7.1,7.233333333333333,14
2024-11-28 20:45:00,2024-11-28 21:15:00,0.75,7.4,7.533333333333334,20
2024-11-29 11:30:00,2024-11-29 12:45:00,1.5,7.4,7.533333333333334,11
2024-11-29 17:00:00,2024-11-29 17:15:00,0.5,7.1,7.199999999999999,17
2024-11-30 03:00:00,2024-11-30 04:15:00,1.5,7.1,7.333333333333333,3
2024-11-30 13:00:00,2024-11-30 13:30:00,0.75,7.6,7.7,13
2024-11-30 17:15:00,2024-11-30 18:00:00,1.0,7.2,7.3500000000000005,17
2024-12-02 18:30:00,2024-12-02 18:45:00,0.5,7.4,7.5,18
2024-12-03 12:45:00,2024-12-03 15:30:00,3.0,8.1,8.491666666666665,12
2024-12-04 06:00:00,2024-12-04 06:45:00,1.0,7.4,7.65,6
2024-12-06 15:45:00,2024-12-06 17:00:00,1.5,8.6,8.9,15
2024-12-06 18:45:00,2024-12-06 19:45:00,1.25,8.4,8.52,18
2024-12-06 22:00:00,2024-12-06 22:30:00,0.75,8.2,8.333333333333334,22
2024-12-07 13:00:00,2024-12-07 14:45:00,2.0,8.4,8.925,13
2024-12-07 21:00:00,2024-12-07 23:00:00,2.25,8.2,8.444444444444446,21
2024-12-08 11:15:00,2024-12-08 11:30:00,0.5,8.3,8.45,11
2024-12-08 13:15:00,2024-12-08 16:30:00,3.5,8.2,9.17857142857143,13
2024-12-09 09:00:00,2024-12-09 10:00:00,1.25,8.1,8.260000000000002,9
2024-12-10 11:45:00,2024-12-10 13:00:00,1.5,8.2,8.416666666666666,11
2024-12-12 13:00:00,2024-12-12 15:15:00,2.5,8.2,8.38,13
2024-12-12 19:15:00,2024-12-12 19:45:00,0.75,8.6,8.833333333333334,19
2024-12-19 18:45:00,2024-12-19 19:15:00,0.75,8.4,8.466666666666667,18
2024-12-20 21:30:00,2024-12-20 22:15:00,1.0,8.4,8.5,21
2024-12-21 11:15:00,2024-12-21 15:00:00,4.0,7.9,8.412500000000001,11
2024-12-22 00:30:00,2024-12-22 00:45:00,0.5,8.3,8.45,0
2024-12-22 11:45:00,2024-12-22 12:45:00,1.25,8.1,8.440000000000001,11
2024-12-22 15:45:00,2024-12-22 17:15:00,1.75,9.4,9.542857142857144,15
2024-12-23 12:15:00,2024-12-23 14:45:00,2.75,8.5,8.972727272727273,12
2024-12-23 16:30:00,2024-12-23 17:45:00,1.5,9.2,9.466666666666667,16
2024-12-24 02:45:00,2024-12-24 04:00:00,1.5,8.5,8.7,2
2024-12-24 13:30:00,2024-12-24 16:00:00,2.75,8.7,9.090909090909092,13
2024-12-24 19:00:00,2024-12-24 19:15:00,0.5,9.3,9.5,19
2024-12-25 00:30:00,2024-12-25 02:45:00,2.5,8.4,8.81,0
2024-12-25 13:30:00,2024-12-25 16:15:00,3.0,8.7,8.950000000000001,13
2024-12-26 16:30:00,2024-12-26 18:30:00,2.25,8.8,9.033333333333335,16
2024-12-27 20:15:00,2024-12-27 21:00:00,1.0,9.3,9.5,20
2024-12-28 15:00:00,2024-12-28 15:30:00,0.75,8.8,8.866666666666667,15
2025-01-01 08:45:00,2025-01-01 09:15:00,0.75,8.3,8.433333333333334,8
2025-01-01 18:00:00,2025-01-01 18:45:00,1.0,8.4,8.6,18
2025-01-02 19:00:00,2025-01-02 21:45:00,3.0,8.2,8.416666666666668,19
2025-01-04 09:00:00,2025-01-04 10:00:00,1.25,8.4,8.540000000000001,9
2025-01-04 15:00:00,2025-01-04 17:00:00,2.25,9.1,9.677777777777777,15
2025-01-04 19:30:00,2025-01-04 22:15:00,3.0,8.5,8.816666666666666,19
2025-01-05 13:00:00,2025-01-05 14:30:00,1.75,8.8,9.328571428571427,13
2025-01-07 11:45:00,2025-01-07 12:00:00,0.5,8.6,8.8,11
2025-01-07 15:00:00,2025-01-07 16:15:00,1.5,9.2,9.649999999999999,15
2025-01-07 17:45:00,2025-01-07 20:00:00,2.5,9.3,9.57,17
2025-01-08 00:00:00,2025-01-08 00:15:00,0.5,8.5,8.7,0
2025-01-08 12:15:00,2025-01-08 13:00:00,1.0,8.7,8.875,12
2025-01-08 15:30:00,2025-01-08 16:30:00,1.25,8.8,9.26,15
2025-01-09 01:15:00,2025-01-09 02:15:00,1.25,8.7,8.9,1
2025-01-09 06:00:00,2025-01-09 07:00:00,1.25,9.2,9.419999999999998,6
2025-01-09 14:00:00,2025-01-09 17:15:00,3.5,8.8,9.485714285714284,14
2025-01-09 19:15:00,2025-01-09 20:00:00,1.0,9.6,9.775,19
2025-01-09 21:30:00,2025-01-09 22:00:00,0.75,9.4,9.6,21
2025-01-10 14:30:00,2025-01-10 16:00:00,1.75,8.9,9.114285714285714,14
2025-01-10 20:15:00,2025-01-10 21:00:00,1.0,9.4,9.525,20
2025-01-11 15:30:00,2025-01-11 15:45:00,0.5,9.0,9.15,15
2025-01-14 17:15:00,2025-01-14 17:45:00,0.75,9.1,9.266666666666667,17
2025-01-15 11:15:00,2025-01-15 12:15:00,1.25,9.6,9.8,11
2025-01-16 05:15:00,2025-01-16 06:00:00,1.0,9.3,9.350000000000001,5
2025-01-16 16:45:00,2025-01-16 18:00:00,1.5,9.5,9.633333333333333,16
2025-01-17 12:30:00,2025-01-17 14:00:00,1.75,9.7,10.085714285714287,12
2025-01-17 18:00:00,2025-01-17 20:15:00,2.5,9.3,9.61,18
2025-01-18 12:30:00,2025-01-18 13:00:00,0.75,9.5,9.633333333333333,12
2025-01-18 20:15:00,2025-01-18 21:30:00,1.5,9.1,9.366666666666665,20
2025-01-19 12:45:00,2025-01-19 13:45:00,1.25,9.0,9.52,12
2025-01-20 10:45:00,2025-01-20 12:30:00,2.0,9.1,9.3375,10
2025-01-20 14:45:00,2025-01-20 15:00:00,0.5,10.2,10.3,14
2025-01-21 00:15:00,2025-01-21 01:00:00,1.0,9.4,9.675,0
2025-01-21 12:45:00,2025-01-21 13:15:00,0.75,10.1,10.166666666666666,12
2025-01-22 03:30:00,2025-01-22 04:15:00,1.0,9.9,10.125,3
2025-01-22 06:45:00,2025-01-22 08:00:00,1.5,10.0,10.116666666666667,6
2025-01-22 17:00:00,2025-01-22 17:45:00,1.0,10.4,10.700000000000001,17
2025-01-23 02:15:00,2025-01-23 03:15:00,1.25,9.4,9.7,2
2025-01-23 13:30:00,2025-01-23 14:15:00,1.0,10.9,11.0,13
2025-01-23 16:30:00,2025-01-23 18:15:00,2.0,10.6,11.0125,16
2025-01-24 01:15:00,2025-01-24 03:30:00,2.5,9.5,10.000000000000002,1
2025-01-24 17:00:00,2025-01-24 18:15:00,1.5,10.8,11.033333333333333,17
2025-01-25 00:15:00,2025-01-25 00:30:00,0.5,10.1,10.2,0
2025-01-25 09:00:00,2025-01-25 09:45:00,1.0,10.2,10.3,9
2025-01-25 16:15:00,2025-01-25 16:45:00,0.75,10.0,10.1,16
2025-01-26 02:30:00,2025-01-26 04:45:00,2.5,9.8,9.99,2
2025-01-26 10:15:00,2025-01-26 12:00:00,2.0,10.4,10.6625,10
2025-01-26 16:30:00,2025-01-26 17:30:00,1.25,10.3,10.5,16
2025-01-26 23:15:00,2025-01-26 23:30:00,0.5,10.5,10.6,23
2025-01-27 14:45:00,2025-01-27 16:45:00,2.25,9.9,10.211111111111112,14
2025-01-27 20:00:00,2025-01-27 20:15:00,0.5,10.3,10.55,20
2025-01-28 14:45:00,2025-01-28 17:15:00,2.75,10.0,10.645454545454545,14
2025-01-28 21:00:00,2025-01-28 21:30:00,0.75,10.2,10.466666666666667,21
2025-01-30 17:30:00,2025-01-30 18:30:00,1.25,9.9,10.08,17
2025-02-01 18:45:00,2025-02-01 19:15:00,0.75,9.8,10.0,18
2025-02-02 04:45:00,2025-02-02 05:30:00,1.0,9.5,9.625,4
2025-02-02 19:30:00,2025-02-02 20:45:00,1.5,9.5,9.766666666666667,19
2025-02-03 16:00:00,2025-02-03 20:00:00,4.25,10.0,10.429411764705883,16
2025-02-04 15:15:00,2025-02-04 16:15:00,1.25,10.7,10.960000000000003,15
2025-02-04 18:00:00,2025-02-04 18:15:00,0.5,10.4,10.7,18
2025-02-04 20:15:00,2025-02-04 21:30:00,1.5,9.8,10.0,20
2025-02-05 14:00:00,2025-02-05 18:45:00,5.0,9.4,10.55,14
2025-02-05 21:30:00,2025-02-05 23:30:00,2.25,9.5,9.8,21
2025-02-06 04:30:00,2025-02-06 05:00:00,0.75,9.5,9.566666666666666,4
2025-02-06 16:30:00,2025-02-06 19:00:00,2.75,9.8,10.618181818181819,16
2025-02-06 20:45:00,2025-02-06 22:45:00,2.25,9.9,10.144444444444446,20
2025-02-07 03:15:00,2025-02-07 03:30:00,0.5,8.9,9.0,3
2025-02-07 18:15:00,2025-02-07 19:30:00,1.5,10.2,10.5,18
2025-02-08 14:00:00,2025-02-08 15:45:00,2.0,9.1,9.337499999999999,14
2025-02-09 14:00:00,2025-02-09 17:15:00,3.5,8.6,9.178571428571429,14
2025-02-09 21:00:00,2025-02-09 22:15:00,1.5,9.2,9.299999999999999,21
2025-02-10 15:45:00,2025-02-10 17:30:00,2.0,8.6,9.0,15
2025-02-11 17:15:00,2025-02-11 17:45:00,0.75,8.5,8.6,17
2025-02-13 05:15:00,2025-02-13 06:00:00,1.0,8.1,8.2,5
2025-02-14 19:15:00,2025-02-14 20:45:00,1.75,8.1,8.228571428571428,19
2025-02-15 15:45:00,2025-02-15 16:45:00,1.25,8.5,8.6,15
2025-02-15 18:45:00,2025-02-15 20:00:00,1.5,8.2,8.316666666666668,18
2025-02-16 19:15:00,2025-02-16 20:30:00,1.5,7.7,8.049999999999999,19
2025-02-17 08:30:00,2025-02-17 09:15:00,1.0,8.1,8.2,8
2025-02-17 11:45:00,2025-02-17 14:45:00,3.25,8.3,9.146153846153847,11
2025-02-17 20:00:00,2025-02-17 21:45:00,2.0,7.9,8.5875,20
2025-02-18 16:45:00,2025-02-18 17:15:00,0.75,9.1,9.233333333333333,16
2025-02-18 20:30:00,2025-02-18 22:45:00,2.5,8.1,8.48,20
2025-02-19 10:15:00,2025-02-19 13:15:00,3.25,8.2,8.415384615384617,10
2025-02-20 04:45:00,2025-02-20 05:30:00,1.0,8.8,8.850000000000001,4
2025-02-20 07:00:00,2025-02-20 09:00:00,2.25,8.6,8.78888888888889,7
2025-02-20 11:45:00,2025-02-20 19:45:00,8.25,8.8,9.409090909090908,11
2025-02-21 05:00:00,2025-02-21 06:15:00,1.5,9.0,9.283333333333333,5
2025-02-21 14:15:00,2025-02-21 17:15:00,3.25,8.6,9.830769230769231,14
2025-02-22 00:00:00,2025-02-22 04:00:00,4.25,8.1,8.452941176470588,0
2025-02-22 12:00:00,2025-02-22 13:15:00,1.5,9.2,9.433333333333335,12
2025-02-22 14:45:00,2025-02-22 15:15:00,0.75,8.9,9.266666666666666,14
2025-02-22 19:15:00,2025-02-22 21:15:00,2.25,9.3,9.444444444444445,19
2025-02-22 23:30:00,2025-02-23 02:15:00,3.0,8.2,8.591666666666667,23
2025-02-23 09:00:00,2025-02-23 09:15:00,0.5,8.7,8.8,9
2025-02-23 14:15:00,2025-02-23 15:00:00,1.0,8.6,9.15,14
2025-02-24 15:15:00,2025-02-24 15:45:00,0.75,8.7,8.933333333333334,15
2025-02-25 13:45:00,2025-02-25 15:15:00,1.75,8.6,8.8,13
2025-02-26 14:45:00,2025-02-26 15:45:00,1.25,8.7,8.88,14
2025-02-27 02:45:00,2025-02-27 04:00:00,1.5,8.4,8.483333333333333,2
2025-02-27 21:00:00,2025-02-27 21:45:00,1.0,8.3,8.45,21
2025-02-28 05:00:00,2025-02-28 06:15:00,1.5,7.9,8.116666666666665,5
2025-02-28 08:15:00,2025-02-28 09:00:00,1.0,8.1,8.25,8
2025-02-28 16:15:00,2025-02-28 16:45:00,0.75,8.4,8.5,16
2025-03-02 18:30:00,2025-03-02 19:15:00,1.0,8.0,8.15,18
2025-03-04 20:00:00,2025-03-04 20:45:00,1.0,8.0,8.149999999999999,20
2025-03-06 10:15:00,2025-03-06 14:30:00,4.5,7.8,8.116666666666667,10
2025-03-06 20:00:00,2025-03-06 21:30:00,1.75,8.0,8.22857142857143,20
2025-03-07 08:00:00,2025-03-07 08:30:00,0.75,8.2,8.3,8
2025-03-07 12:00:00,2025-03-07 13:00:00,1.25,8.1,8.240000000000002,12
2025-03-07 14:30:00,2025-03-07 16:45:00,2.5,7.9,8.53,14
2025-03-07 19:15:00,2025-03-07 19:30:00,0.5,8.6,8.7,19
2025-03-07 22:45:00,2025-03-08 00:15:00,1.75,7.9,8.27142857142857,22
2025-03-08 14:15:00,2025-03-08 17:30:00,3.5,7.9,8.392857142857142,14
2025-03-08 23:30:00,2025-03-08 23:45:00,0.5,8.1,8.2,23
2025-03-09 01:30:00,2025-03-09 01:45:00,0.5,7.8,7.9,1
2025-03-09 03:15:00,2025-03-09 04:00:00,1.0,7.6,7.749999999999999,3
2025-03-09 12:45:00,2025-03-09 15:15:00,2.75,8.0,8.600000000000001,12
2025-03-09 19:15:00,2025-03-09 20:30:00,1.5,8.7,8.766666666666666,19
2025-03-10 11:15:00,2025-03-10 14:30:00,3.5,7.9,8.085714285714284,11
2025-03-11 03:30:00,2025-03-11 03:45:00,0.5,7.8,7.949999999999999,3
2025-03-11 11:45:00,2025-03-11 14:45:00,3.25,7.9,8.623076923076924,11
2025-03-11 16:15:00,2025-03-11 16:30:00,0.5,7.8,7.9,16
2025-03-11 20:30:00,2025-03-11 21:45:00,1.5,8.1,8.416666666666666,20
2025-03-12 01:45:00,2025-03-12 02:45:00,1.25,7.9,8.16,1
2025-03-12 14:15:00,2025-03-12 16:00:00,2.0,7.9,8.2375,14
2025-03-13 15:45:00,2025-03-13 16:30:00,1.0,7.9,8.075,15
2025-03-14 02:30:00,2025-03-14 03:30:00,1.25,7.8,7.9799999999999995,2
2025-03-14 16:00:00,2025-03-14 17:00:00,1.25,7.7,8.24,16
2025-03-15 03:15:00,2025-03-15 04:45:00,1.75,7.5,7.757142857142858,3
2025-03-15 11:00:00,2025-03-15 12:15:00,1.5,8.2,8.616666666666667,11
2025-03-15 16:15:00,2025-03-15 16:30:00,0.5,8.0,8.2,16
2025-03-15 21:15:00,2025-03-15 22:15:00,1.25,7.9,8.04,21
2025-03-16 16:15:00,2025-03-16 17:15:00,1.25,7.4,7.56,16
2025-03-16 19:00:00,2025-03-16 20:15:00,1.5,7.5,7.633333333333333,19
2025-03-17 20:00:00,2025-03-17 21:45:00,2.0,7.1,7.3875,20
2025-03-18 08:15:00,2025-03-18 10:00:00,2.0,7.3,7.5875,8
2025-03-18 15:00:00,2025-03-18 15:15:00,0.5,8.4,8.5,15
2025-03-18 16:45:00,2025-03-18 18:45:00,2.25,7.4,8.011111111111113,16
2025-03-19 03:45:00,2025-03-19 04:45:00,1.25,7.7,7.88,3
2025-03-19 07:00:00,2025-03-19 07:15:00,0.5,7.6,7.699999999999999,7
2025-03-19 09:00:00,2025-03-19 09:15:00,0.5,7.1,7.199999999999999,9
2025-03-19 11:15:00,2025-03-19 12:30:00,1.5,7.5,7.749999999999999,11
2025-03-19 14:00:00,2025-03-19 16:15:00,2.5,8.2,9.23,14
2025-03-19 18:00:00,2025-03-19 21:45:00,4.0,7.2,7.875,18
2025-03-20 05:00:00,2025-03-20 11:45:00,7.0,6.9,7.417857142857144,5
2025-03-20 15:15:00,2025-03-20 19:30:00,4.5,7.8,8.272222222222222,15
2025-03-21 12:15:00,2025-03-21 16:15:00,4.25,7.6,8.947058823529412,12
2025-03-21 19:30:00,2025-03-22 04:15:00,9.0,6.8,7.8500000000000005,19
2025-03-22 05:45:00,2025-03-22 07:30:00,2.0,7.3,7.6125,5
2025-03-22 11:45:00,2025-03-22 19:15:00,7.75,8.2,9.003225806451612,11
2025-03-22 21:00:00,2025-03-22 22:15:00,1.5,7.8,8.033333333333333,21
2025-03-23 00:00:00,2025-03-23 02:45:00,3.0,6.8,7.358333333333333,0
2025-03-23 08:00:00,2025-03-23 08:15:00,0.5,7.7,7.800000000000001,8
2025-03-23 10:00:00,2025-03-23 17:30:00,7.75,7.3,8.212903225806452,10
2025-03-23 19:00:00,2025-03-23 21:45:00,3.0,7.2,8.249999999999998,19
2025-03-23 23:15:00,2025-03-24 02:45:00,3.75,6.9,7.52,23
2025-03-24 13:30:00,2025-03-24 16:15:00,3.0,7.1,7.933333333333331,13
2025-03-24 18:00:00,2025-03-24 20:00:00,2.25,8.3,8.622222222222222,18
2025-03-24 22:00:00,2025-03-24 23:45:00,2.0,7.6,7.725,22
2025-03-25 11:30:00,2025-03-25 16:30:00,5.25,6.8,7.171428571428573,11
2025-03-25 22:45:00,2025-03-26 02:45:00,4.25,6.8,7.276470588235293,22
2025-03-26 13:15:00,2025-03-26 14:30:00,1.5,7.1,7.566666666666666,13
2025-03-26 17:30:00,2025-03-26 18:30:00,1.25,7.1,7.260000000000001,17
2025-03-27 00:15:00,2025-03-27 03:15:00,3.25,6.9,7.230769230769232,0
2025-03-27 14:30:00,2025-03-27 16:00:00,1.75,7.1,7.371428571428571,14
2025-03-28 01:45:00,2025-03-28 03:00:00,1.5,6.7,6.883333333333333,1
2025-03-28 12:30:00,2025-03-28 14:00:00,1.75,6.4,7.1,12
2025-03-28 16:00:00,2025-03-28 17:15:00,1.5,6.8,6.983333333333333,16
2025-03-29 02:00:00,2025-03-29 02:45:00,1.0,6.1,6.475,2
2025-03-29 16:30:00,2025-03-29 17:30:00,1.25,6.6,6.9,16
2025-03-30 03:15:00,2025-03-30 04:45:00,1.75,5.7,6.114285714285714,3
2025-03-30 15:15:00,2025-03-30 17:15:00,2.25,6.4,6.588888888888889,15
2025-03-31 02:00:00,2025-03-31 05:30:00,3.75,5.6,6.079999999999999,2
2025-03-31 15:45:00,2025-03-31 18:15:00,2.75,5.8,6.1909090909090905,15
2025-04-01 02:30:00,2025-04-01 02:45:00,0.5,6.2,6.300000000000001,2
2025-04-01 04:15:00,2025-04-01 05:00:00,1.0,5.9,5.975,4
2025-04-01 06:45:00,2025-04-01 08:45:00,2.25,5.6,6.111111111111111,6
2025-04-01 11:30:00,2025-04-01 12:15:00,1.0,6.5,6.7,11
2025-04-01 17:00:00,2025-04-01 18:45:00,2.0,6.3,6.65,17
2025-04-01 23:45:00,2025-04-02 00:15:00,0.75,6.7,6.766666666666667,23
2025-04-02 04:15:00,2025-04-02 06:00:00,2.0,5.7,6.05,4
2025-04-02 10:15:00,2025-04-02 11:45:00,1.75,6.2,6.571428571428571,10
2025-04-02 14:45:00,2025-04-02 21:00:00,6.5,6.2,6.653846153846154,14
2025-04-03 05:45:00,2025-04-03 08:15:00,2.75,5.6,5.927272727272728,5
2025-04-03 10:15:00,2025-04-03 12:00:00,2.0,6.1,6.387499999999999,10
2025-04-03 14:15:00,2025-04-03 14:45:00,0.75,7.0,7.066666666666666,14
2025-04-03 16:45:00,2025-04-03 20:15:00,3.75,5.9,6.453333333333333,16
2025-04-04 07:15:00,2025-04-04 08:15:00,1.25,6.2,6.42,7
2025-04-04 10:00:00,2025-04-04 11:00:00,1.25,5.8,5.9399999999999995,10
2025-04-04 12:45:00,2025-04-04 23:00:00,10.5,5.7,6.683333333333333,12
2025-04-05 01:15:00,2025-04-05 02:00:00,1.0,6.2,6.2749999999999995,1
2025-04-05 06:00:00,2025-04-05 10:30:00,4.75,5.8,6.563157894736841,6
2025-04-05 13:00:00,2025-04-05 14:30:00,1.75,6.1,6.457142857142856,13
2025-04-05 17:00:00,2025-04-06 00:30:00,7.75,5.8,6.593548387096774,17
2025-04-06 02:15:00,2025-04-06 03:00:00,1.0,5.9,6.025,2
2025-04-06 08:00:00,2025-04-06 09:00:00,1.25,6.1,6.28,8
2025-04-06 11:15:00,2025-04-06 11:45:00,0.75,6.0,6.233333333333333,11
2025-04-06 13:15:00,2025-04-06 18:15:00,5.25,5.7,6.5285714285714285,13
2025-04-06 19:45:00,2025-04-06 23:30:00,4.0,5.5,6.31875,19
2025-04-07 01:15:00,2025-04-07 04:00:00,3.0,5.7,5.875,1
2025-04-07 06:00:00,2025-04-07 07:00:00,1.25,6.3,6.4399999999999995,6
2025-04-07 08:30:00,2025-04-07 09:00:00,0.75,6.3,6.366666666666667,8
2025-04-07 11:15:00,2025-04-07 15:00:00,4.0,5.7,6.356250000000001,11
2025-04-07 16:30:00,2025-04-07 17:00:00,0.75,6.0,6.066666666666666,16
2025-04-07 23:00:00,2025-04-08 02:00:00,3.25,5.9,6.569230769230769,23
2025-04-08 03:30:00,2025-04-08 04:30:00,1.25,5.9,6.000000000000001,3
2025-04-08 14:00:00,2025-04-08 15:00:00,1.25,5.9,7.039999999999999,14
2025-04-08 20:45:00,2025-04-09 06:15:00,9.75,5.6,6.612820512820513,20
2025-04-09 12:45:00,2025-04-09 16:45:00,4.25,5.8,6.347058823529411,12
2025-04-09 19:00:00,2025-04-09 19:30:00,0.75,6.4,6.533333333333334,19
2025-04-10 01:00:00,2025-04-10 02:15:00,1.5,6.2,6.5,1
2025-04-10 11:45:00,2025-04-10 15:15:00,3.75,6.3,6.760000000000001,11
2025-04-10 19:30:00,2025-04-10 20:00:00,0.75,6.4,6.5,19
2025-04-10 23:15:00,2025-04-11 01:30:00,2.5,6.2,6.619999999999999,23
2025-04-11 14:15:00,2025-04-11 16:30:00,2.5,6.1,6.3999999999999995,14
2025-04-12 15:30:00,2025-04-12 17:15:00,2.0,6.0,6.55,15
2025-04-13 16:00:00,2025-04-13 17:00:00,1.25,6.4,6.659999999999999,16
2025-04-14 00:15:00,2025-04-14 01:00:00,1.0,6.7,6.8500000000000005,0
2025-04-14 03:45:00,2025-04-14 06:45:00,3.25,5.8,6.061538461538461,3
2025-04-14 15:00:00,2025-04-14 16:00:00,1.25,6.3,6.6,15
2025-04-14 21:15:00,2025-04-14 22:30:00,1.5,6.6,6.8500000000000005,21
2025-04-15 05:45:00,2025-04-15 07:45:00,2.25,6.1,6.2666666666666675,5
2025-04-16 07:45:00,2025-04-16 09:30:00,2.0,6.2,6.3125,7
2025-04-16 11:45:00,2025-04-16 13:00:00,1.5,6.7,7.183333333333334,11
2025-04-16 14:30:00,2025-04-16 22:00:00,7.75,6.1,6.654838709677419,14
2025-04-17 01:30:00,2025-04-17 03:00:00,1.75,6.7,7.1000000000000005,1
2025-04-17 05:15:00,2025-04-17 07:45:00,2.75,5.9,6.290909090909091,5
2025-04-17 09:15:00,2025-04-17 11:15:00,2.25,5.7,6.188888888888888,9
2025-04-17 14:00:00,2025-04-17 17:15:00,3.5,6.7,7.542857142857143,14
2025-04-17 18:45:00,2025-04-17 21:00:00,2.5,5.8,6.4799999999999995,18
2025-04-18 02:15:00,2025-04-18 02:45:00,0.75,7.0,7.133333333333333,2
2025-04-18 04:30:00,2025-04-18 10:15:00,6.0,6.0,6.608333333333333,4
2025-04-18 16:45:00,2025-04-18 21:30:00,5.0,6.1,6.835000000000001,16
2025-04-19 03:15:00,2025-04-19 05:15:00,2.25,6.8,7.1,3
2025-04-19 08:00:00,2025-04-19 08:45:00,1.0,6.2,6.725,8
2025-04-19 10:15:00,2025-04-19 12:15:00,2.25,6.4,6.677777777777778,10
2025-04-19 15:30:00,2025-04-19 18:45:00,3.5,6.6,7.45,15
2025-04-19 20:15:00,2025-04-20 00:00:00,4.0,6.0,6.831250000000001,20
2025-04-20 04:00:00,2025-04-20 13:00:00,9.25,6.1,6.916216216216215,4
2025-04-20 16:00:00,2025-04-20 18:30:00,2.75,7.2,7.79090909090909,16
2025-04-20 20:30:00,2025-04-21 02:00:00,5.75,5.7,6.88695652173913,20
2025-04-21 05:45:00,2025-04-21 13:15:00,7.75,5.8,6.816129032258063,5
2025-04-21 17:00:00,2025-04-22 01:45:00,9.0,5.8,7.191666666666666,17
2025-04-22 06:45:00,2025-04-22 08:15:00,1.75,6.1,6.628571428571428,6
2025-04-22 10:30:00,2025-04-22 12:45:00,2.5,5.3,6.470000000000001,10
2025-04-22 19:30:00,2025-04-22 19:45:00,0.5,7.3,7.4,19
2025-04-22 22:15:00,2025-04-23 01:30:00,3.5,5.7,6.564285714285714,22
2025-04-23 07:00:00,2025-04-23 08:30:00,1.75,6.6,6.871428571428572,7
2025-04-23 10:30:00,2025-04-23 20:15:00,10.0,5.8,6.4925000000000015,10
2025-04-23 22:45:00,2025-04-24 02:15:00,3.75,5.7,6.080000000000001,22
2025-04-24 12:45:00,2025-04-24 13:45:00,1.25,5.7,6.199999999999999,12
2025-04-24 17:30:00,2025-04-24 20:30:00,3.25,5.9,6.315384615384615,17
2025-04-24 23:45:00,2025-04-25 02:00:00,2.5,5.4,5.67,23
2025-04-25 12:15:00,2025-04-25 15:00:00,3.0,5.3,5.741666666666666,12
2025-04-25 18:00:00,2025-04-25 19:45:00,2.0,5.9,6.3625,18
2025-04-26 00:30:00,2025-04-26 03:00:00,2.75,4.6,5.2,0
2025-04-26 07:00:00,2025-04-26 07:45:00,1.0,5.8,5.9,7
2025-04-26 13:15:00,2025-04-26 15:00:00,2.0,5.0,5.225,13
2025-04-26 20:00:00,2025-04-26 20:45:00,1.0,6.2,6.325,20
2025-04-26 22:30:00,2025-04-26 23:45:00,1.5,5.3,5.599999999999999,22
2025-04-27 01:30:00,2025-04-27 03:00:00,1.75,4.4,4.757142857142857,1
2025-04-27 04:45:00,2025-04-27 06:00:00,1.5,5.0,5.133333333333334,4
2025-04-27 16:15:00,2025-04-27 17:00:00,1.0,5.3,5.575,16
2025-04-28 01:00:00,2025-04-28 03:00:00,2.25,5.0,5.222222222222222,1
2025-04-28 08:45:00,2025-04-28 10:15:00,1.75,5.8,6.028571428571428,8
2025-04-28 17:00:00,2025-04-28 17:15:00,0.5,5.7,5.800000000000001,17
2025-04-29 03:45:00,2025-04-29 05:30:00,2.0,4.7,4.924999999999999,3
2025-04-29 16:00:00,2025-04-29 18:45:00,3.0,5.2,5.566666666666667,16
2025-04-29 22:30:00,2025-04-29 23:00:00,0.75,5.9,6.033333333333334,22
2025-04-30 03:15:00,2025-04-30 05:00:00,2.0,4.9,5.075,3
2025-04-30 15:30:00,2025-04-30 17:45:00,2.5,4.8,5.529999999999999,15
2025-05-01 02:45:00,2025-05-01 03:30:00,1.0,5.4,5.549999999999999,2
2025-05-01 05:00:00,2025-05-01 07:00:00,2.25,4.9,5.300000000000001,5
2025-05-01 09:45:00,2025-05-01 11:30:00,2.0,5.1,5.449999999999999,9
2025-05-01 14:45:00,2025-05-01 15:30:00,1.0,5.9,6.0,14
2025-05-01 17:30:00,2025-05-01 18:30:00,1.25,5.1,5.540000000000001,17
2025-05-02 00:00:00,2025-05-02 00:45:00,1.0,5.7,6.05,0
2025-05-02 03:15:00,2025-05-02 04:30:00,1.5,5.4,5.633333333333333,3
2025-05-02 06:00:00,2025-05-02 09:00:00,3.25,4.7,5.161538461538461,6
2025-05-02 11:15:00,2025-05-02 12:30:00,1.5,5.2,5.533333333333334,11
2025-05-02 16:45:00,2025-05-02 21:15:00,4.75,5.2,5.794736842105263,16
2025-05-03 06:30:00,2025-05-03 10:15:00,4.0,4.9,5.40625,6
2025-05-03 19:30:00,2025-05-03 20:15:00,1.0,5.3,5.675,19
2025-05-04 00:00:00,2025-05-04 02:45:00,3.0,5.6,6.050000000000001,0
2025-05-04 05:30:00,2025-05-04 05:45:00,0.5,5.9,6.0,5
2025-05-04 07:45:00,2025-05-04 12:00:00,4.5,5.1,5.722222222222222,7
2025-05-04 14:45:00,2025-05-04 16:00:00,1.5,5.5,6.3,14
2025-05-04 22:00:00,2025-05-05 01:00:00,3.25,5.2,5.6230769230769235,22
2025-05-05 09:45:00,2025-05-05 10:45:00,1.25,5.3,5.74,9
2025-05-05 12:15:00,2025-05-05 12:30:00,0.5,5.0,5.15,12
2025-05-05 20:00:00,2025-05-06 02:15:00,6.5,3.8,5.5576923076923075,20
2025-05-06 11:15:00,2025-05-06 15:15:00,4.25,4.8,5.752941176470589,11
2025-05-06 20:45:00,2025-05-06 21:30:00,1.0,6.3,6.6000000000000005,20
2025-05-06 23:15:00,2025-05-06 23:45:00,0.75,5.9,6.2,23
2025-05-07 01:30:00,2025-05-07 02:15:00,1.0,5.1,5.550000000000001,1
2025-05-07 03:45:00,2025-05-07 04:30:00,1.0,5.5,5.7250000000000005,3
2025-05-07 12:00:00,2025-05-07 14:45:00,3.0,5.0,5.95,12
2025-05-07 20:00:00,2025-05-08 06:00:00,10.25,5.0,5.836585365853659,20
2025-05-08 07:30:00,2025-05-08 08:15:00,1.0,5.8,5.9750000000000005,7
2025-05-08 10:15:00,2025-05-08 15:00:00,5.0,5.1,5.41,10
2025-05-08 21:00:00,2025-05-08 22:30:00,1.75,5.9,6.128571428571428,21
2025-05-09 00:30:00,2025-05-09 04:30:00,4.25,5.0,5.341176470588236,0
2025-05-09 12:45:00,2025-05-09 16:00:00,3.5,4.9,5.3428571428571425,12
2025-05-09 19:00:00,2025-05-09 19:15:00,0.5,5.7,5.800000000000001,19
2025-05-09 22:00:00,2025-05-09 22:45:00,1.0,5.8,6.0,22
2025-05-10 01:15:00,2025-05-10 02:15:00,1.25,5.1,5.299999999999999,1
2025-05-10 06:15:00,2025-05-10 06:45:00,0.75,5.4,5.5,6
2025-05-10 15:00:00,2025-05-10 16:15:00,1.5,5.0,5.416666666666667,15
2025-05-10 17:45:00,2025-05-10 18:45:00,1.25,5.7,5.88,17
2025-05-11 03:45:00,2025-05-11 06:45:00,3.25,5.3,5.746153846153846,3
2025-05-11 13:45:00,2025-05-11 16:30:00,3.0,5.2,5.6000000000000005,13
2025-05-11 20:30:00,2025-05-11 22:15:00,2.0,5.5,5.7125,20
2025-05-12 03:15:00,2025-05-12 03:30:00,0.5,5.2,5.300000000000001,3
2025-05-12 06:30:00,2025-05-12 07:00:00,0.75,5.6,5.666666666666667,6
2025-05-12 14:15:00,2025-05-12 17:15:00,3.25,5.1,5.407692307692307,14
2025-05-12 21:45:00,2025-05-12 23:00:00,1.5,6.0,6.166666666666667,21
2025-05-13 04:30:00,2025-05-13 06:15:00,2.0,4.8,5.074999999999999,4
2025-05-13 14:00:00,2025-05-13 17:45:00,4.0,5.0,5.362500000000001,14
2025-05-13 21:00:00,2025-05-13 21:15:00,0.5,5.7,5.85,21
2025-05-14 04:30:00,2025-05-14 07:00:00,2.75,5.1,5.2727272727272725,4
2025-05-14 13:30:00,2025-05-14 14:00:00,0.75,5.5,5.7,13
2025-05-14 16:15:00,2025-05-14 18:00:00,2.0,4.9,5.2875,16
2025-05-14 22:00:00,2025-05-14 22:30:00,0.75,5.5,5.733333333333333,22
2025-05-15 04:00:00,2025-05-15 07:45:00,4.0,4.8,5.3125,4
2025-05-15 09:30:00,2025-05-15 13:45:00,4.5,4.1,5.777777777777777,9
2025-05-15 15:30:00,2025-05-15 17:30:00,2.25,4.9,5.5888888888888895,15
2025-05-15 22:30:00,2025-05-15 23:15:00,1.0,6.2,6.499999999999999,22
2025-05-16 02:00:00,2025-05-16 03:30:00,1.75,5.8,5.928571428571429,2
2025-05-16 07:15:00,2025-05-16 08:30:00,1.5,4.9,5.166666666666667,7
2025-05-16 13:30:00,2025-05-16 15:30:00,2.25,6.0,6.7555555555555555,13
2025-05-16 17:00:00,2025-05-16 17:45:00,1.0,5.6,5.9,17
2025-05-16 22:00:00,2025-05-17 00:45:00,3.0,5.4,5.741666666666666,22
2025-05-17 04:45:00,2025-05-17 10:30:00,6.0,5.2,5.770833333333333,4
2025-05-17 12:00:00,2025-05-17 12:30:00,0.75,6.3,6.466666666666666,12
2025-05-17 14:15:00,2025-05-17 22:30:00,8.5,5.0,6.2705882352941185,14
2025-05-18 03:15:00,2025-05-18 04:00:00,1.0,5.7,5.95,3
2025-05-18 07:45:00,2025-05-18 18:00:00,10.5,5.0,6.3880952380952385,7
2025-05-18 20:00:00,2025-05-19 06:45:00,11.0,4.8,5.9,20
2025-05-19 08:45:00,2025-05-19 13:30:00,5.0,4.8,5.665000000000001,8
2025-05-19 16:00:00,2025-05-20 01:00:00,9.25,5.2,6.516216216216216,16
2025-05-20 04:30:00,2025-05-20 06:15:00,2.0,5.6,5.9125,4
2025-05-20 09:00:00,2025-05-20 09:30:00,0.75,5.3,5.666666666666667,9
2025-05-20 16:30:00,2025-05-20 22:00:00,5.75,5.7,6.747826086956521,16
2025-05-20 23:45:00,2025-05-21 00:30:00,1.0,5.1,5.2250000000000005,23
2025-05-21 04:45:00,2025-05-21 05:30:00,1.0,5.8,6.074999999999999,4
2025-05-21 09:15:00,2025-05-21 12:15:00,3.25,5.1,5.6,9
2025-05-21 14:15:00,2025-05-21 20:30:00,6.5,5.6,6.723076923076922,14
2025-05-21 23:00:00,2025-05-21 23:30:00,0.75,5.7,5.833333333333333,23
2025-05-22 01:30:00,2025-05-22 04:00:00,2.75,5.4,5.736363636363636,1
2025-05-22 09:30:00,2025-05-22 14:00:00,4.75,5.0,5.7894736842105265,9
2025-05-22 19:15:00,2025-05-22 21:30:00,2.5,6.0,6.33,19
2025-05-22 23:00:00,2025-05-23 03:30:00,4.75,5.1,5.43157894736842,23
2025-05-23 11:00:00,2025-05-23 12:30:00,1.75,5.3,5.742857142857142,11
2025-05-23 16:30:00,2025-05-23 17:45:00,1.5,5.9,6.066666666666666,16
2025-05-23 23:30:00,2025-05-24 00:45:00,1.5,5.3,5.449999999999999,23
2025-05-24 07:00:00,2025-05-24 07:45:00,1.0,5.6,5.725,7
2025-05-24 13:30:00,2025-05-24 15:00:00,1.75,5.3,5.5,13
2025-05-25 02:00:00,2025-05-25 03:15:00,1.5,5.0,5.1000000000000005,2
2025-05-25 22:45:00,2025-05-26 00:15:00,1.75,4.9,5.171428571428572,22
2025-05-26 02:45:00,2025-05-26 04:45:00,2.25,4.4,4.822222222222222,2
2025-05-26 12:45:00,2025-05-26 13:30:00,1.0,5.0,5.15,12
2025-05-26 15:30:00,2025-05-26 16:15:00,1.0,5.0,5.1499999999999995,15
2025-05-26 22:00:00,2025-05-26 22:15:00,0.5,5.7,5.800000000000001,22
2025-05-27 21:15:00,2025-05-27 22:00:00,1.0,5.6,5.75,21
2025-05-27 23:30:00,2025-05-28 02:15:00,3.0,4.8,5.266666666666667,23
2025-05-28 15:30:00,2025-05-28 17:00:00,1.75,5.0,5.185714285714285,15
2025-05-28 18:45:00,2025-05-28 21:00:00,2.5,4.9,5.6899999999999995,18
2025-05-29 05:45:00,2025-05-29 07:45:00,2.25,3.9,4.566666666666666,5
2025-05-29 17:00:00,2025-05-29 18:30:00,1.75,4.6,4.785714285714286,17
2025-05-29 22:00:00,2025-05-30 00:15:00,2.5,5.2,5.64,22
2025-05-30 04:30:00,2025-05-30 07:00:00,2.75,4.3,4.754545454545454,4
2025-05-30 11:15:00,2025-05-30 12:15:00,1.25,5.2,5.74,11
2025-05-30 17:00:00,2025-05-31 00:00:00,7.25,4.9,5.358620689655172,17
2025-05-31 09:00:00,2025-05-31 13:15:00,4.5,4.6,5.55,9
2025-05-31 15:00:00,2025-05-31 15:30:00,0.75,6.2,6.566666666666666,15
2025-05-31 19:15:00,2025-05-31 23:30:00,4.5,4.9,5.461111111111111,19
2025-06-01 01:15:00,2025-06-01 01:45:00,0.75,5.3,5.466666666666666,1
2025-06-01 05:30:00,2025-06-01 06:30:00,1.25,5.4,5.56,5
2025-06-01 08:15:00,2025-06-01 10:00:00,2.0,5.3,5.5375,8
2025-06-01 16:15:00,2025-06-01 23:15:00,7.25,5.1,5.986206896551723,16
2025-06-02 04:45:00,2025-06-02 05:15:00,0.75,5.8,5.8999999999999995,4
2025-06-02 07:15:00,2025-06-02 08:00:00,1.0,5.5,5.65,7
2025-06-02 09:45:00,2025-06-02 18:30:00,9.0,5.2,6.186111111111112,9
2025-06-02 20:30:00,2025-06-03 02:45:00,6.5,4.8,5.661538461538462,20
2025-06-03 09:30:00,2025-06-03 12:15:00,3.0,4.9,5.525000000000001,9
2025-06-03 16:00:00,2025-06-03 16:15:00,0.5,6.1,6.199999999999999,16
2025-06-03 19:00:00,2025-06-04 02:00:00,7.25,5.2,6.106896551724137,19
2025-06-04 10:45:00,2025-06-04 15:30:00,5.0,5.1,5.4399999999999995,10
2025-06-04 21:30:00,2025-06-05 03:00:00,5.75,5.1,5.743478260869565,21
2025-06-05 11:15:00,2025-06-05 14:00:00,3.0,5.0,6.208333333333333,11
2025-06-05 23:30:00,2025-06-06 01:15:00,2.0,5.3,5.5625,23
2025-06-06 02:45:00,2025-06-06 04:00:00,1.5,5.2,5.5,2
2025-06-06 11:45:00,2025-06-06 14:30:00,3.0,5.1,6.008333333333333,11
2025-06-06 23:00:00,2025-06-07 01:00:00,2.25,5.0,5.733333333333333,23
2025-06-07 08:00:00,2025-06-07 09:15:00,1.5,5.8,6.1000000000000005,8
2025-06-07 12:00:00,2025-06-07 16:30:00,4.75,5.0,5.663157894736841,12
2025-06-07 18:30:00,2025-06-07 19:00:00,0.75,5.3,5.433333333333334,18
2025-06-08 00:15:00,2025-06-08 05:45:00,5.75,4.8,5.504347826086956,0
2025-06-08 09:15:00,2025-06-08 10:30:00,1.5,6.0,6.433333333333333,9
2025-06-08 12:45:00,2025-06-08 14:15:00,1.75,6.1,6.6000000000000005,12
2025-06-08 15:45:00,2025-06-08 18:30:00,3.0,4.8,5.15,15
2025-06-09 00:15:00,2025-06-09 04:45:00,4.75,4.9,5.431578947368421,0
2025-06-09 06:15:00,2025-06-09 06:30:00,0.5,4.9,5.0,6
2025-06-09 10:00:00,2025-06-09 11:15:00,1.5,6.0,6.400000000000001,10
2025-06-09 13:00:00,2025-06-09 18:00:00,5.25,4.7,5.547619047619048,13
2025-06-09 20:00:00,2025-06-09 20:45:00,1.0,5.4,5.575,20
2025-06-10 01:15:00,2025-06-10 03:00:00,2.0,5.4,5.625,1
2025-06-10 04:45:00,2025-06-10 07:45:00,3.25,4.9,5.292307692307692,4
2025-06-10 12:45:00,2025-06-10 14:30:00,2.0,5.4,6.075,12
2025-06-10 16:15:00,2025-06-10 19:00:00,3.0,4.5,4.941666666666667,16
2025-06-11 02:00:00,2025-06-11 07:00:00,5.25,4.8,5.166666666666667,2
2025-06-11 09:30:00,2025-06-11 11:00:00,1.75,5.5,5.914285714285714,9
2025-06-11 13:30:00,2025-06-11 17:15:00,4.0,4.5,6.106249999999999,13
2025-06-11 18:45:00,2025-06-11 20:00:00,1.5,4.8,4.966666666666667,18
2025-06-11 23:30:00,2025-06-12 00:45:00,1.5,5.8,6.0,23
2025-06-12 03:30:00,2025-06-12 06:00:00,2.75,4.7,5.345454545454545,3
2025-06-12 11:45:00,2025-06-12 12:30:00,1.0,6.4,6.574999999999999,11
2025-06-12 15:00:00,2025-06-12 18:45:00,4.0,5.0,5.525,15
2025-06-13 00:15:00,2025-06-13 00:45:00,0.75,5.7,5.833333333333333,0
2025-06-13 04:15:00,2025-06-13 04:45:00,0.75,5.0,5.2,4
2025-06-13 06:15:00,2025-06-13 08:15:00,2.25,5.0,5.166666666666668,6
2025-06-13 15:45:00,2025-06-13 19:45:00,4.25,4.9,5.470588235294118,15
2025-06-13 22:30:00,2025-06-13 23:45:00,1.5,5.0,5.5,22
2025-06-14 04:00:00,2025-06-14 06:00:00,2.25,4.6,5.144444444444445,4
2025-06-14 07:30:00,2025-06-14 11:00:00,3.75,4.4,5.119999999999999,7
2025-06-14 13:15:00,2025-06-14 19:45:00,6.75,4.8,5.618518518518518,13
2025-06-14 22:30:00,2025-06-15 02:15:00,4.0,4.9,5.4,22
2025-06-15 04:45:00,2025-06-15 08:15:00,3.75,4.6,4.993333333333333,4
2025-06-15 13:30:00,2025-06-15 21:00:00,7.75,5.0,6.164516129032258,13
2025-06-16 05:30:00,2025-06-16 09:00:00,3.75,4.6,4.953333333333333,5
2025-06-16 11:30:00,2025-06-16 12:15:00,1.0,5.1,5.45,11
2025-06-16 14:45:00,2025-06-16 21:45:00,7.25,5.0,6.462068965517242,14
2025-06-16 23:15:00,2025-06-17 02:15:00,3.25,5.0,5.4692307692307685,23
2025-06-17 07:00:00,2025-06-17 09:45:00,3.0,4.7,5.308333333333334,7
2025-06-17 13:45:00,2025-06-17 20:30:00,7.0,5.6,7.053571428571429,13
2025-06-17 22:00:00,2025-06-17 23:45:00,2.0,4.9,5.5625,22
2025-06-18 04:30:00,2025-06-18 04:45:00,0.5,5.9,6.0,4
2025-06-18 07:15:00,2025-06-18 08:45:00,1.75,4.8,5.328571428571428,7
2025-06-18 10:45:00,2025-06-19 00:45:00,14.25,5.0,6.156140350877193,10
2025-06-19 07:45:00,2025-06-19 10:30:00,3.0,4.9,5.699999999999999,7
2025-06-19 12:15:00,2025-06-19 13:00:00,1.0,5.1,5.425000000000001,12
2025-06-19 15:45:00,2025-06-20 01:15:00,9.75,4.8,6.174358974358975,15
2025-06-20 09:30:00,2025-06-20 13:15:00,4.0,4.9,5.25625,9
2025-06-20 23:00:00,2025-06-21 02:15:00,3.5,4.7,5.221428571428571,23
2025-06-21 06:45:00,2025-06-21 08:00:00,1.5,5.5,5.683333333333333,6
2025-06-21 10:15:00,2025-06-21 17:00:00,7.0,4.8,5.367857142857142,10
2025-06-21 23:00:00,2025-06-22 05:15:00,6.5,4.7,5.1,23
2025-06-22 07:30:00,2025-06-22 09:45:00,2.5,5.3,5.47,7
2025-06-22 11:15:00,2025-06-22 15:30:00,4.5,4.6,5.116666666666666,11
2025-06-22 17:00:00,2025-06-22 18:15:00,1.5,5.5,5.733333333333333,17
2025-06-22 23:30:00,2025-06-23 03:15:00,4.0,4.2,4.775,23
2025-06-23 05:00:00,2025-06-23 06:30:00,1.75,4.7,4.957142857142857,5
2025-06-23 12:15:00,2025-06-23 15:00:00,3.0,4.4,4.875,12
2025-06-23 18:45:00,2025-06-23 19:30:00,1.0,5.4,5.725,18
2025-06-24 00:15:00,2025-06-24 03:00:00,3.0,3.8,4.5666666666666655,0
2025-06-24 05:30:00,2025-06-24 07:30:00,2.25,4.8,5.044444444444445,5
2025-06-24 13:30:00,2025-06-24 14:15:00,1.0,4.6,4.925000000000001,13
2025-06-24 18:30:00,2025-06-24 19:00:00,0.75,5.2,5.366666666666667,18
2025-06-24 23:15:00,2025-06-25 07:45:00,8.75,3.6,4.617142857142857,23
2025-06-25 14:15:00,2025-06-25 17:00:00,3.0,4.5,5.208333333333333,14
2025-06-25 18:30:00,2025-06-25 20:15:00,2.0,5.3,5.725,18
2025-06-26 02:15:00,2025-06-26 04:45:00,2.75,3.8,4.327272727272727,2
2025-06-26 06:30:00,2025-06-26 07:15:00,1.0,4.5,4.675,6
2025-06-26 15:00:00,2025-06-26 18:00:00,3.25,4.5,5.169230769230769,15
2025-06-27 01:45:00,2025-06-27 03:00:00,1.5,4.7,4.933333333333333,1
2025-06-27 04:30:00,2025-06-27 05:30:00,1.25,3.7,4.159999999999999,4
2025-06-27 09:15:00,2025-06-27 10:30:00,1.5,4.9,5.05,9
2025-06-27 16:15:00,2025-06-27 17:30:00,1.5,4.5,5.083333333333333,16
2025-06-27 19:15:00,2025-06-27 19:45:00,0.75,4.6,4.733333333333333,19
2025-06-27 22:00:00,2025-06-27 23:30:00,1.75,5.2,5.542857142857144,22
2025-06-28 04:15:00,2025-06-28 05:30:00,1.5,4.1,4.466666666666666,4
2025-06-28 13:15:00,2025-06-28 14:15:00,1.25,5.6,5.68,13
2025-06-28 16:15:00,2025-06-28 20:45:00,4.75,4.5,5.121052631578947,16
2025-06-28 22:15:00,2025-06-29 00:00:00,2.0,5.2,5.475,22
2025-06-29 06:00:00,2025-06-29 07:15:00,1.5,3.8,4.266666666666667,6
2025-06-29 18:15:00,2025-06-29 20:15:00,2.25,4.2,4.811111111111111,18
2025-06-29 21:45:00,2025-06-29 22:00:00,0.5,4.6,4.699999999999999,21
2025-06-29 23:30:00,2025-06-30 00:15:00,1.0,5.0,5.2,23
2025-06-30 03:45:00,2025-06-30 09:45:00,6.25,4.0,4.692,3
2025-06-30 11:45:00,2025-06-30 12:30:00,1.0,4.5,4.675000000000001,11
2025-06-30 16:00:00,2025-06-30 17:15:00,1.5,5.8,5.949999999999999,16
2025-06-30 18:45:00,2025-06-30 19:30:00,1.0,4.5,5.075,18
2025-06-30 21:00:00,2025-07-01 02:00:00,5.25,4.2,4.676190476190476,21
2025-07-01 03:45:00,2025-07-01 11:15:00,7.75,4.4,5.090322580645161,3
2025-07-01 16:15:00,2025-07-01 17:00:00,1.0,5.9,6.125,16
2025-07-01 19:00:00,2025-07-01 20:45:00,2.0,4.9,5.375,19
2025-07-01 22:45:00,2025-07-01 23:15:00,0.75,4.6,4.9,22
2025-07-02 05:30:00,2025-07-02 08:15:00,3.0,5.1,5.449999999999999,5
2025-07-02 09:45:00,2025-07-02 15:00:00,5.5,4.1,4.736363636363637,9
2025-07-02 17:15:00,2025-07-03 01:45:00,8.75,4.1,5.3428571428571425,17
2025-07-03 04:15:00,2025-07-03 07:15:00,3.25,5.1,5.592307692307691,4
2025-07-03 09:00:00,2025-07-03 15:00:00,6.25,4.0,4.936,9
2025-07-03 18:15:00,2025-07-04 02:45:00,8.75,4.1,5.2942857142857145,18
2025-07-04 09:30:00,2025-07-04 13:00:00,3.75,4.1,4.84,9
2025-07-04 14:30:00,2025-07-04 15:15:00,1.0,4.0,4.325,14
2025-07-04 22:15:00,2025-07-05 02:00:00,4.0,5.0,5.4437500000000005,22
2025-07-05 04:00:00,2025-07-05 05:00:00,1.25,4.6,5.08,4
2025-07-05 13:00:00,2025-07-05 14:30:00,1.75,4.9,5.285714285714286,13
2025-07-05 18:45:00,2025-07-05 20:00:00,1.5,5.9,6.249999999999999,18
2025-07-06 00:30:00,2025-07-06 03:45:00,3.5,5.3,5.621428571428571,0
2025-07-06 05:30:00,2025-07-06 07:15:00,2.0,5.1,5.512499999999999,5
2025-07-06 10:45:00,2025-07-07 03:30:00,17.0,4.3,5.536764705882354,10
2025-07-07 07:30:00,2025-07-07 08:15:00,1.0,5.0,5.175000000000001,7
2025-07-07 11:00:00,2025-07-07 13:00:00,2.25,4.2,5.0888888888888895,11
2025-07-07 15:00:00,2025-07-07 19:30:00,4.75,4.1,4.71578947368421,15
2025-07-08 00:45:00,2025-07-08 03:00:00,2.5,4.4,4.680000000000001,0
2025-07-08 04:30:00,2025-07-08 06:30:00,2.25,4.4,4.699999999999999,4
2025-07-08 10:45:00,2025-07-08 12:00:00,1.5,4.7,5.266666666666667,10
2025-07-08 13:30:00,2025-07-08 15:15:00,2.0,4.3,4.612500000000001,13
2025-07-08 20:15:00,2025-07-09 04:00:00,8.0,4.3,5.21875,20
2025-07-09 12:00:00,2025-07-09 15:30:00,3.75,4.4,4.953333333333334,12
2025-07-09 17:30:00,2025-07-09 20:45:00,3.5,5.0,5.314285714285715,17
2025-07-10 02:00:00,2025-07-10 03:45:00,2.0,4.2,4.775,2
2025-07-10 06:45:00,2025-07-10 07:15:00,0.75,4.4,4.533333333333333,6
2025-07-10 14:00:00,2025-07-10 14:45:00,1.0,4.4,4.8500000000000005,14
2025-07-10 18:30:00,2025-07-10 20:00:00,1.75,4.5,4.914285714285714,18
2025-07-11 02:30:00,2025-07-11 05:45:00,3.5,4.2,4.5357142857142865,2
2025-07-11 12:15:00,2025-07-11 20:00:00,8.0,4.0,5.06875,12
2025-07-12 03:15:00,2025-07-12 07:15:00,4.25,4.0,4.488235294117648,3
2025-07-12 10:30:00,2025-07-12 10:45:00,0.5,5.2,5.300000000000001,10
2025-07-12 15:00:00,2025-07-12 16:45:00,2.0,4.2,5.1,15
2025-07-12 18:30:00,2025-07-12 19:45:00,1.5,4.3,4.616666666666666,18
2025-07-12 21:30:00,2025-07-12 21:45:00,0.5,4.9,5.1,21
2025-07-13 01:30:00,2025-07-13 03:30:00,2.25,4.5,4.855555555555555,1
2025-07-13 05:15:00,2025-07-13 05:45:00,0.75,4.1,4.333333333333333,5
2025-07-13 07:15:00,2025-07-13 09:15:00,2.25,4.1,4.7,7
2025-07-13 13:45:00,2025-07-13 20:00:00,6.5,4.6,5.4423076923076925,13
2025-07-13 21:45:00,2025-07-13 22:15:00,0.75,5.1,5.366666666666667,21
2025-07-14 00:00:00,2025-07-14 06:45:00,7.0,4.0,4.767857142857143,0
2025-07-14 15:45:00,2025-07-14 19:15:00,3.75,4.4,5.16,15
2025-07-14 22:30:00,2025-07-15 00:15:00,2.0,4.9,5.4875,22
2025-07-15 05:15:00,2025-07-15 07:00:00,2.0,4.1,4.4875,5
2025-07-15 15:00:00,2025-07-15 16:15:00,1.5,5.8,6.166666666666667,15
2025-07-15 17:45:00,2025-07-15 20:45:00,3.25,4.6,5.046153846153846,17
2025-07-16 00:00:00,2025-07-16 01:15:00,1.5,5.2,5.433333333333334,0
2025-07-16 05:00:00,2025-07-16 06:00:00,1.25,4.6,4.760000000000001,5
2025-07-16 07:45:00,2025-07-16 09:00:00,1.5,4.1,4.45,7
2025-07-16 15:45:00,2025-07-16 19:45:00,4.25,4.7,5.458823529411765,15
2025-07-17 07:30:00,2025-07-17 08:00:00,0.75,4.6,4.933333333333333,7
2025-07-17 16:30:00,2025-07-17 22:45:00,6.5,4.5,5.473076923076923,16
2025-07-18 05:45:00,2025-07-18 10:15:00,4.75,4.6,5.094736842105263,5
2025-07-18 11:45:00,2025-07-18 12:30:00,1.0,4.7,4.875,11
2025-07-18 16:00:00,2025-07-18 23:30:00,7.75,3.6,5.232258064516127,16
2025-07-19 06:15:00,2025-07-19 06:45:00,0.75,4.7,4.833333333333333,6
2025-07-19 09:30:00,2025-07-19 10:15:00,1.0,4.5,4.85,9
2025-07-19 11:45:00,2025-07-19 13:30:00,2.0,4.3,4.675,11
2025-07-19 15:15:00,2025-07-20 02:15:00,11.25,3.9,5.171111111111111,15
2025-07-20 10:00:00,2025-07-20 12:45:00,3.0,4.3,5.416666666666667,10
2025-07-20 14:30:00,2025-07-20 14:45:00,0.5,4.4,4.550000000000001,14
2025-07-20 18:00:00,2025-07-20 21:30:00,3.75,5.2,5.873333333333334,18
2025-07-20 23:15:00,2025-07-21 03:30:00,4.5,4.0,4.577777777777778,23
2025-07-21 11:45:00,2025-07-21 17:00:00,5.5,4.3,5.2,11
2025-07-21 22:15:00,2025-07-21 23:00:00,1.0,4.7,4.875,22
2025-07-22 01:15:00,2025-07-22 04:00:00,3.0,3.9,4.275,1
2025-07-22 05:30:00,2025-07-22 06:45:00,1.5,4.7,4.9,5
2025-07-22 09:30:00,2025-07-22 15:45:00,6.5,4.1,4.819230769230769,9
2025-07-22 19:45:00,2025-07-22 22:45:00,3.25,4.7,5.038461538461538,19
2025-07-23 00:30:00,2025-07-23 01:45:00,1.5,4.0,4.133333333333334,0
2025-07-23 03:15:00,2025-07-23 05:45:00,2.75,3.9,4.636363636363637,3
2025-07-23 07:15:00,2025-07-23 08:00:00,1.0,4.8,4.975,7
2025-07-23 14:45:00,2025-07-23 15:15:00,0.75,4.4,4.7,14
2025-07-23 19:45:00,2025-07-23 21:30:00,2.0,5.2,5.7,19
2025-07-23 23:30:00,2025-07-24 01:30:00,2.25,4.3,4.744444444444444,23
2025-07-24 04:15:00,2025-07-24 05:15:00,1.25,3.9,4.4799999999999995,4
2025-07-24 07:30:00,2025-07-24 08:15:00,1.0,4.8,4.925,7
2025-07-24 11:30:00,2025-07-24 12:45:00,1.5,4.8,5.083333333333333,11
2025-07-24 14:30:00,2025-07-24 21:30:00,7.25,4.1,5.010344827586207,14
2025-07-25 01:30:00,2025-07-25 05:00:00,3.75,3.3,3.9999999999999996,1
2025-07-25 09:00:00,2025-07-25 09:15:00,0.5,4.6,4.699999999999999,9
2025-07-25 12:45:00,2025-07-25 16:45:00,4.25,4.1,4.641176470588236,12
2025-07-25 20:00:00,2025-07-25 20:15:00,0.5,5.5,5.6,20
2025-07-25 22:00:00,2025-07-25 22:15:00,0.5,5.0,5.2,22
2025-07-26 00:45:00,2025-07-26 01:30:00,1.0,4.6,4.800000000000001,0
2025-07-26 04:30:00,2025-07-26 08:45:00,4.5,3.2,4.15,4
2025-07-26 11:45:00,2025-07-26 17:00:00,5.5,4.3,5.340909090909091,11
2025-07-26 19:30:00,2025-07-26 22:45:00,3.5,4.8,5.278571428571429,19
2025-07-27 01:15:00,2025-07-27 05:45:00,4.75,3.9,4.510526315789474,1
2025-07-27 09:45:00,2025-07-27 11:30:00,2.0,4.5,5.0125,9
2025-07-27 13:45:00,2025-07-27 20:00:00,6.5,4.3,5.1923076923076925,13
2025-07-27 22:15:00,2025-07-27 23:15:00,1.25,5.0,5.32,22
2025-07-28 03:45:00,2025-07-28 07:15:00,3.75,4.0,4.419999999999999,3
2025-07-28 12:30:00,2025-07-28 20:30:00,8.25,4.1,5.812121212121212,12
2025-07-28 22:30:00,2025-07-29 08:00:00,9.75,4.0,4.997435897435897,22
2025-07-29 10:45:00,2025-07-29 13:15:00,2.75,4.7,5.090909090909091,10
2025-07-29 15:45:00,2025-07-30 00:00:00,8.5,3.9,4.944117647058824,15
2025-07-30 02:45:00,2025-07-30 09:30:00,7.0,3.6,4.507142857142857,2
2025-07-30 14:30:00,2025-07-30 21:30:00,7.25,4.1,5.558620689655171,14
2025-07-31 06:15:00,2025-07-31 11:45:00,5.75,3.9,4.495652173913043,6
2025-07-31 16:30:00,2025-07-31 20:45:00,4.5,4.8,5.75,16
2025-07-31 22:45:00,2025-08-01 00:45:00,2.25,4.1,4.6,22
2025-08-01 04:15:00,2025-08-01 07:00:00,3.0,4.6,5.0,4
2025-08-01 08:45:00,2025-08-01 09:45:00,1.25,4.6,4.92,8
2025-08-01 11:45:00,2025-08-01 13:15:00,1.75,4.1,4.642857142857143,11
2025-08-01 17:30:00,2025-08-02 00:00:00,6.75,4.5,5.514814814814815,17
2025-08-02 01:30:00,2025-08-02 02:45:00,1.5,4.4,4.75,1
2025-08-02 12:00:00,2025-08-02 13:15:00,1.5,4.0,4.699999999999999,12
2025-08-02 16:30:00,2025-08-03 03:15:00,11.0,4.1,5.395454545454545,16
2025-08-03 10:15:00,2025-08-03 15:30:00,5.5,3.9,4.654545454545455,10
2025-08-03 18:30:00,2025-08-03 18:45:00,0.5,5.9,6.15,18
2025-08-03 22:15:00,2025-08-03 23:00:00,1.0,5.0,5.375,22
2025-08-04 01:30:00,2025-08-04 04:15:00,3.0,4.2,4.541666666666667,1
2025-08-04 07:00:00,2025-08-04 07:45:00,1.0,5.2,5.375,7
2025-08-04 12:45:00,2025-08-04 15:00:00,2.5,4.3,4.909999999999999,12
2025-08-04 21:45:00,2025-08-05 04:45:00,7.25,3.8,4.703448275862069,21
2025-08-05 10:30:00,2025-08-05 16:45:00,6.5,4.1,4.665384615384616,10
2025-08-05 21:45:00,2025-08-05 22:45:00,1.25,5.1,5.44,21
2025-08-06 00:45:00,2025-08-06 06:30:00,6.0,3.9,4.329166666666667,0
2025-08-06 10:30:00,2025-08-06 11:30:00,1.25,4.7,4.86,10
2025-08-06 13:00:00,2025-08-06 15:30:00,2.75,4.1,4.90909090909091,13
2025-08-06 18:00:00,2025-08-07 02:00:00,8.25,4.4,5.209090909090909,18
2025-08-07 12:45:00,2025-08-07 13:30:00,1.0,4.9,5.0,12
2025-08-07 15:45:00,2025-08-07 16:30:00,1.0,4.6,5.35,15
2025-08-07 18:00:00,2025-08-07 19:30:00,1.75,5.2,5.314285714285715,18
2025-08-07 21:15:00,2025-08-07 22:00:00,1.0,5.7,5.875000000000001,21
2025-08-08 00:45:00,2025-08-08 02:00:00,1.5,4.6,4.8999999999999995,0
2025-08-08 04:30:00,2025-08-08 06:30:00,2.25,4.2,4.777777777777777,4
2025-08-08 08:45:00,2025-08-08 12:30:00,4.0,5.2,5.5625,8
2025-08-08 14:00:00,2025-08-08 15:30:00,1.75,4.8,5.185714285714285,14
2025-08-08 19:00:00,2025-08-08 21:00:00,2.25,5.5,5.755555555555556,19
2025-08-09 02:45:00,2025-08-09 03:45:00,1.25,4.6,4.74,2
2025-08-09 07:15:00,2025-08-09 08:15:00,1.25,5.2,5.36,7
2025-08-09 13:00:00,2025-08-09 14:30:00,1.75,5.1,5.3428571428571425,13
2025-08-09 16:00:00,2025-08-09 16:45:00,1.0,4.8,5.050000000000001,16
2025-08-09 19:30:00,2025-08-09 21:00:00,1.75,5.2,5.542857142857144,19
2025-08-10 04:15:00,2025-08-10 05:30:00,1.5,4.1,4.35,4
2025-08-10 07:15:00,2025-08-10 09:15:00,2.25,4.8,5.066666666666666,7
2025-08-10 15:45:00,2025-08-10 16:45:00,1.25,4.5,4.62,15
2025-08-10 18:30:00,2025-08-10 19:00:00,0.75,4.9,4.966666666666667,18
2025-08-10 22:00:00,2025-08-10 22:15:00,0.5,5.1,5.199999999999999,22
2025-08-11 03:15:00,2025-08-11 04:30:00,1.5,4.3,4.5,3
2025-08-11 14:45:00,2025-08-11 18:15:00,3.75,4.4,4.613333333333333,14
2025-08-12 03:15:00,2025-08-12 03:45:00,0.75,4.3,4.3999999999999995,3
2025-08-12 05:45:00,2025-08-12 07:30:00,2.0,3.5,3.9000000000000004,5
2025-08-12 17:15:00,2025-08-12 17:45:00,0.75,3.8,3.9333333333333336,17
2025-08-12 19:15:00,2025-08-12 19:45:00,0.75,4.3,4.433333333333333,19
2025-08-13 05:45:00,2025-08-13 06:00:00,0.5,3.7,3.8,5
2025-08-13 10:00:00,2025-08-13 11:45:00,2.0,5.1,5.3375,10
2025-08-13 15:45:00,2025-08-13 19:45:00,4.25,4.0,4.452941176470588,15
2025-08-14 05:45:00,2025-08-14 07:30:00,2.0,3.9,4.3374999999999995,5
2025-08-14 14:45:00,2025-08-14 20:00:00,5.5,4.3,5.1499999999999995,14
2025-08-15 03:15:00,2025-08-15 09:30:00,6.5,4.2,4.642307692307693,3
2025-08-15 13:00:00,2025-08-15 22:15:00,9.5,4.3,5.221052631578948,13
2025-08-16 08:15:00,2025-08-16 08:30:00,0.5,4.4,4.550000000000001,8
2025-08-16 12:00:00,2025-08-16 14:30:00,2.75,4.7,5.236363636363636,12
2025-08-16 16:30:00,2025-08-16 23:30:00,7.25,3.9,4.8310344827586205,16
2025-08-17 06:15:00,2025-08-17 07:30:00,1.5,4.5,4.716666666666667,6
2025-08-17 10:00:00,2025-08-17 11:30:00,1.75,4.1,4.3428571428571425,10
2025-08-17 13:30:00,2025-08-17 15:45:00,2.5,5.0,5.3100000000000005,13
2025-08-18 00:45:00,2025-08-18 02:15:00,1.75,4.0,4.2,0
2025-08-18 06:30:00,2025-08-18 07:15:00,1.0,4.5,4.625,6
2025-08-18 11:45:00,2025-08-18 12:45:00,1.25,4.0,4.3,11
2025-08-18 23:45:00,2025-08-19 02:30:00,3.0,4.0,4.341666666666667,23
2025-08-19 05:00:00,2025-08-19 05:30:00,0.75,4.8,4.933333333333334,5
2025-08-19 12:45:00,2025-08-19 14:30:00,2.0,4.3,4.4624999999999995,12
2025-08-20 00:30:00,2025-08-20 01:45:00,1.5,4.5,4.666666666666667,0
2025-08-20 04:00:00,2025-08-20 07:45:00,4.0,4.4,5.03125,4
2025-08-20 12:30:00,2025-08-20 13:15:00,1.0,4.5,4.9,12
2025-08-20 15:00:00,2025-08-20 19:00:00,4.25,4.7,5.364705882352942,15
2025-08-21 00:15:00,2025-08-21 01:00:00,1.0,4.6,4.800000000000001,0
2025-08-21 04:15:00,2025-08-21 05:15:00,1.25,4.7,4.859999999999999,4
2025-08-21 11:15:00,2025-08-21 11:30:00,0.5,5.1,5.199999999999999,11
2025-08-21 13:15:00,2025-08-21 17:15:00,4.25,4.3,4.699999999999999,13
2025-08-21 19:45:00,2025-08-21 21:30:00,2.0,5.2,5.65,19
2025-08-22 13:45:00,2025-08-22 14:45:00,1.25,4.3,4.62,13
2025-08-22 18:00:00,2025-08-22 21:45:00,4.0,4.5,5.14375,18
2025-08-23 03:15:00,2025-08-23 03:30:00,0.5,4.1,4.199999999999999,3
2025-08-23 06:30:00,2025-08-23 07:45:00,1.5,4.5,4.716666666666668,6
2025-08-23 12:00:00,2025-08-23 17:45:00,6.0,4.3,4.9375,12
2025-08-24 04:45:00,2025-08-24 05:45:00,1.25,4.1,4.3999999999999995,4
2025-08-24 08:15:00,2025-08-24 10:45:00,2.75,4.7,5.036363636363637,8
2025-08-24 12:45:00,2025-08-24 16:30:00,4.0,4.1,5.1125,12
2025-08-24 21:45:00,2025-08-24 22:45:00,1.25,4.9,5.2,21
2025-08-25 04:45:00,2025-08-25 06:15:00,1.75,3.6,3.857142857142857,4
2025-08-25 09:00:00,2025-08-25 11:15:00,2.5,4.9,5.16,9
2025-08-25 13:15:00,2025-08-25 14:30:00,1.5,4.8,4.966666666666667,13
2025-08-25 21:45:00,2025-08-25 23:00:00,1.5,4.8,5.0,21
2025-08-26 09:30:00,2025-08-26 10:30:00,1.25,4.8,4.9,9
2025-08-26 13:15:00,2025-08-26 15:00:00,2.0,4.9,5.362500000000001,13
2025-08-26 17:30:00,2025-08-26 17:45:00,0.5,4.2,4.35,17
2025-08-26 19:15:00,2025-08-26 23:00:00,4.0,4.2,4.7375,19
2025-08-27 03:15:00,2025-08-27 03:45:00,0.75,4.4,4.633333333333334,3
2025-08-27 15:30:00,2025-08-27 20:00:00,4.75,4.4,5.273684210526316,15
2025-08-27 21:45:00,2025-08-27 23:00:00,1.5,4.6,4.833333333333333,21
2025-08-28 00:30:00,2025-08-28 03:15:00,3.0,5.1,5.425,0
2025-08-28 06:15:00,2025-08-28 07:45:00,1.75,4.5,4.628571428571428,6
2025-08-28 15:45:00,2025-08-29 01:15:00,9.75,4.5,5.174358974358975,15
2025-08-29 07:15:00,2025-08-29 10:15:00,3.25,4.2,4.361538461538461,7
2025-08-29 15:00:00,2025-08-29 20:30:00,5.75,4.8,5.721739130434782,15
2025-08-30 10:30:00,2025-08-30 11:00:00,0.75,4.5,4.7,10
2025-08-30 13:00:00,2025-08-30 15:15:00,2.5,4.9,5.26,13
2025-08-30 23:15:00,2025-08-30 23:45:00,0.75,4.8,5.0,23
2025-08-31 09:00:00,2025-08-31 12:15:00,3.5,4.7,5.135714285714285,9
2025-08-31 17:30:00,2025-08-31 19:30:00,2.25,6.1,6.377777777777778,17
2025-08-31 21:00:00,2025-08-31 21:15:00,0.5,5.5,5.65,21
2025-08-31 22:45:00,2025-09-01 00:45:00,2.25,5.1,5.477777777777778,22
2025-09-01 10:00:00,2025-09-01 14:15:00,4.5,4.9,5.316666666666666,10
2025-09-01 19:45:00,2025-09-01 20:00:00,0.5,6.2,6.4,19
2025-09-01 21:30:00,2025-09-02 00:45:00,3.5,5.6,5.95,21
2025-09-02 02:45:00,2025-09-02 03:00:00,0.5,5.4,5.5,2
2025-09-02 09:30:00,2025-09-02 15:00:00,5.75,5.2,5.665217391304348,9
2025-09-02 18:30:00,2025-09-02 19:30:00,1.25,6.8,7.06,18
2025-09-02 21:30:00,2025-09-02 22:45:00,1.5,5.9,6.3999999999999995,21
2025-09-03 00:45:00,2025-09-03 02:30:00,2.0,5.3,5.525,0
2025-09-03 04:30:00,2025-09-03 05:00:00,0.75,5.4,5.666666666666667,4
2025-09-03 11:45:00,2025-09-03 12:15:00,0.75,5.4,5.566666666666667,11
2025-09-03 13:45:00,2025-09-03 16:15:00,2.75,5.0,5.472727272727273,13
2025-09-03 22:30:00,2025-09-03 23:30:00,1.25,5.7,5.92,22
2025-09-04 01:15:00,2025-09-04 02:00:00,1.0,5.3,5.5,1
2025-09-04 04:00:00,2025-09-04 05:00:00,1.25,5.2,5.58,4
2025-09-04 12:30:00,2025-09-04 14:15:00,2.0,5.2,5.35,12
2025-09-04 21:15:00,2025-09-04 22:30:00,1.5,5.9,6.166666666666667,21
2025-09-05 01:30:00,2025-09-05 03:45:00,2.5,5.0,5.199999999999999,1
2025-09-05 05:15:00,2025-09-05 07:00:00,2.0,5.5,5.8125,5
2025-09-05 18:00:00,2025-09-05 19:00:00,1.25,5.3,5.58,18
2025-09-06 00:15:00,2025-09-06 02:45:00,2.75,4.4,4.954545454545454,0
2025-09-06 07:15:00,2025-09-06 07:45:00,0.75,5.5,5.566666666666666,7
2025-09-06 13:15:00,2025-09-06 15:15:00,2.25,4.7,4.933333333333334,13
2025-09-06 17:00:00,2025-09-06 18:15:00,1.5,5.1,5.433333333333334,17
2025-09-07 02:30:00,2025-09-07 03:30:00,1.25,4.1,4.380000000000001,2
2025-09-07 14:15:00,2025-09-07 14:45:00,0.75,4.6,4.866666666666666,14
2025-09-07 19:30:00,2025-09-07 21:00:00,1.75,5.3,5.5,19
2025-09-08 12:00:00,2025-09-08 13:00:00,1.25,5.6,5.779999999999999,12
2025-09-08 16:00:00,2025-09-08 17:15:00,1.5,4.7,4.883333333333334,16
2025-09-08 19:00:00,2025-09-08 19:30:00,0.75,5.6,5.666666666666667,19
2025-09-09 21:45:00,2025-09-09 23:00:00,1.5,5.7,5.933333333333334,21
2025-09-10 04:45:00,2025-09-10 06:00:00,1.5,4.6,4.9,4
2025-09-10 14:30:00,2025-09-10 14:45:00,0.5,5.7,5.800000000000001,14
2025-09-10 16:30:00,2025-09-10 17:45:00,1.5,4.9,5.266666666666667,16
2025-09-11 14:30:00,2025-09-11 15:45:00,1.5,5.6,5.8500000000000005,14
2025-09-11 17:30:00,2025-09-11 20:30:00,3.25,4.7,5.076923076923077,17
2025-09-11 22:45:00,2025-09-12 00:30:00,2.0,5.6,5.8125,22
2025-09-12 06:15:00,2025-09-12 08:30:00,2.5,4.6,4.880000000000001,6
2025-09-12 18:45:00,2025-09-12 19:30:00,1.0,5.4,5.5,18
2025-09-13 22:30:00,2025-09-13 23:15:00,1.0,5.2,5.3999999999999995,22
2025-09-14 01:30:00,2025-09-14 02:45:00,1.5,5.7,5.800000000000001,1
2025-09-14 08:15:00,2025-09-14 10:45:00,2.75,5.3,5.745454545454545,8
2025-09-14 22:15:00,2025-09-15 00:30:00,2.5,5.5,5.819999999999999,22
2025-09-15 08:45:00,2025-09-15 13:00:00,4.5,5.2,5.655555555555555,8
2025-09-15 17:15:00,2025-09-15 18:00:00,1.0,6.6,6.949999999999999,17
2025-09-16 02:45:00,2025-09-16 03:00:00,0.5,5.3,5.5,2
2025-09-16 12:45:00,2025-09-16 13:00:00,0.5,5.2,5.5,12
2025-09-17 00:15:00,2025-09-17 01:00:00,1.0,5.4,5.475,0
2025-09-17 05:30:00,2025-09-17 06:15:00,1.0,5.7,5.825,5
2025-09-17 12:00:00,2025-09-17 13:45:00,2.0,5.2,5.5,12
2025-09-17 17:45:00,2025-09-17 19:00:00,1.5,6.0,6.25,17
2025-09-18 00:45:00,2025-09-18 01:15:00,0.75,5.0,5.2,0
2025-09-18 04:00:00,2025-09-18 06:30:00,2.75,5.5,5.7272727272727275,4
2025-09-18 12:45:00,2025-09-18 13:30:00,1.0,5.3,5.5,12
2025-09-19 00:30:00,2025-09-19 01:30:00,1.25,5.0,5.26,0
2025-09-19 05:00:00,2025-09-19 06:30:00,1.75,5.4,5.757142857142858,5
2025-09-19 08:15:00,2025-09-19 09:30:00,1.5,5.5,5.800000000000001,8
2025-09-19 12:45:00,2025-09-19 13:30:00,1.0,5.3,5.4,12
2025-09-19 19:00:00,2025-09-19 19:45:00,1.0,5.6,5.875,19
2025-09-20 02:15:00,2025-09-20 03:30:00,1.5,4.7,4.883333333333334,2
2025-09-20 06:30:00,2025-09-20 07:15:00,1.0,5.7,5.825,6
2025-09-20 15:00:00,2025-09-20 16:00:00,1.25,4.9,5.06,15
2025-09-20 19:15:00,2025-09-20 20:30:00,1.5,6.0,6.283333333333334,19
2025-09-21 02:45:00,2025-09-21 03:15:00,0.75,4.8,4.866666666666667,2
2025-09-21 06:00:00,2025-09-21 06:30:00,0.75,5.3,5.433333333333334,6
2025-09-21 12:00:00,2025-09-21 16:30:00,4.75,5.1,5.784210526315789,12
2025-09-21 19:45:00,2025-09-21 21:30:00,2.0,5.7,6.1000000000000005,19
2025-09-22 02:30:00,2025-09-22 02:45:00,0.5,4.8,4.9,2
2025-09-22 12:15:00,2025-09-22 13:45:00,1.75,5.8,6.071428571428571,12
2025-09-22 15:30:00,2025-09-22 17:45:00,2.5,4.9,5.290000000000001,15
2025-09-22 21:45:00,2025-09-22 22:30:00,1.0,5.7,5.7749999999999995,21
2025-09-23 16:15:00,2025-09-23 18:15:00,2.25,5.1,5.233333333333333,16
2025-09-23 21:15:00,2025-09-23 23:15:00,2.25,5.4,5.655555555555555,21
2025-09-24 01:15:00,2025-09-24 01:45:00,0.75,5.3,5.433333333333334,1
2025-09-24 03:30:00,2025-09-24 09:30:00,6.25,4.4,5.0520000000000005,3
2025-09-24 14:15:00,2025-09-24 18:15:00,4.25,5.1,5.58235294117647,14
2025-09-25 01:00:00,2025-09-25 02:00:00,1.25,5.3,5.5200000000000005,1
2025-09-25 03:30:00,2025-09-25 07:00:00,3.75,4.6,4.939999999999999,3
2025-09-25 17:15:00,2025-09-25 19:15:00,2.25,5.0,5.222222222222222,17
2025-09-25 20:45:00,2025-09-25 21:45:00,1.25,5.0,5.16,20
2025-09-26 00:15:00,2025-09-26 01:30:00,1.5,5.4,5.550000000000001,0
2025-09-26 03:00:00,2025-09-26 08:15:00,5.5,4.5,5.027272727272727,3
2025-09-26 14:30:00,2025-09-26 15:45:00,1.5,5.7,6.050000000000001,14
2025-09-26 18:00:00,2025-09-26 22:15:00,4.5,4.8,5.177777777777778,18
2025-09-27 06:00:00,2025-09-27 10:00:00,4.25,4.6,4.9,6
2025-09-27 15:30:00,2025-09-27 23:00:00,7.75,4.4,5.312903225806451,15
2025-09-28 09:00:00,2025-09-28 11:00:00,2.25,4.8,5.066666666666666,9
2025-09-28 15:45:00,2025-09-28 18:00:00,2.5,5.7,6.24,15
2025-09-28 19:30:00,2025-09-29 02:00:00,6.75,4.5,5.196296296296297,19
2025-09-29 06:30:00,2025-09-29 08:45:00,2.5,4.9,5.569999999999999,6
2025-09-29 10:15:00,2025-09-29 11:30:00,1.5,4.6,4.933333333333334,10
2025-09-29 18:30:00,2025-09-29 18:45:00,0.5,5.6,5.8,18
2025-09-29 20:45:00,2025-09-29 23:30:00,3.0,5.2,5.516666666666667,20
2025-09-30 13:15:00,2025-09-30 13:30:00,0.5,5.1,5.3,13
2025-09-30 16:45:00,2025-09-30 18:30:00,2.0,6.2,6.55,16
2025-10-01 04:15:00,2025-10-01 08:15:00,4.25,5.5,6.117647058823529,4
2025-10-01 12:45:00,2025-10-01 13:30:00,1.0,5.2,5.5,12
2025-10-01 21:30:00,2025-10-02 00:15:00,3.0,5.3,5.733333333333333,21
2025-10-02 02:00:00,2025-10-02 02:30:00,0.75,5.3,5.3999999999999995,2
2025-10-02 11:15:00,2025-10-02 11:45:00,0.75,5.7,5.8999999999999995,11
2025-10-02 13:15:00,2025-10-02 16:45:00,3.75,5.5,5.913333333333332,13
2025-10-02 19:15:00,2025-10-02 20:15:00,1.25,6.4,6.68,19
2025-10-03 12:45:00,2025-10-03 14:00:00,1.5,5.7,5.8500000000000005,12
2025-10-04 14:15:00,2025-10-04 15:00:00,1.0,5.8,5.9750000000000005,14
2025-10-05 02:15:00,2025-10-05 03:00:00,1.0,5.4,5.55,2
2025-10-07 11:15:00,2025-10-07 12:15:00,1.25,6.0,6.14,11
2025-10-07 21:00:00,2025-10-07 22:15:00,1.5,6.1,6.316666666666666,21
2025-10-08 00:30:00,2025-10-08 01:30:00,1.25,5.1,5.32,0
2025-10-09 01:45:00,2025-10-09 02:45:00,1.25,5.0,5.18,1
2025-10-09 06:30:00,2025-10-09 07:15:00,1.0,5.5,5.55,6
2025-10-09 14:30:00,2025-10-09 15:00:00,0.75,5.8,5.933333333333334,14
2025-10-09 19:45:00,2025-10-09 20:30:00,1.0,5.6,5.8500000000000005,19
2025-10-11 06:15:00,2025-10-11 07:00:00,1.0,6.2,6.325,6
2025-10-12 05:15:00,2025-10-12 06:00:00,1.0,6.5,6.7250000000000005,5
2025-10-12 09:00:00,2025-10-12 10:00:00,1.25,6.2,6.380000000000001,9
2025-10-12 23:30:00,2025-10-12 23:45:00,0.5,6.1,6.199999999999999,23
2025-10-13 10:30:00,2025-10-13 10:45:00,0.5,6.2,6.45,10
2025-10-13 15:30:00,2025-10-13 17:15:00,2.0,6.9,7.0875,15
2025-10-14 09:30:00,2025-10-14 11:30:00,2.25,6.2,6.2444444444444445,9
2025-10-14 18:00:00,2025-10-14 18:30:00,0.75,6.7,6.833333333333333,18
2025-10-15 11:15:00,2025-10-15 12:45:00,1.75,6.2,6.442857142857144,11
2025-10-15 19:00:00,2025-10-15 19:45:00,1.0,6.8,6.925,19
2025-10-15 23:30:00,2025-10-16 00:15:00,1.0,6.1,6.225,23
2025-10-16 04:15:00,2025-10-16 05:30:00,1.5,6.4,6.533333333333334,4
2025-10-16 11:15:00,2025-10-16 13:15:00,2.25,6.3,6.444444444444445,11
2025-10-17 14:00:00,2025-10-17 14:45:00,1.0,6.3,6.375,14
2025-10-18 00:45:00,2025-10-18 03:00:00,2.5,5.8,5.999999999999999,0
2025-10-18 13:15:00,2025-10-18 14:45:00,1.75,5.9,6.057142857142856,13
2025-10-19 14:00:00,2025-10-19 15:15:00,1.5,5.9,6.033333333333334,14
2025-10-19 20:15:00,2025-10-19 20:45:00,0.75,6.7,6.866666666666667,20
2025-10-21 03:15:00,2025-10-21 03:30:00,0.5,5.9,6.0,3
2025-10-21 16:30:00,2025-10-21 17:00:00,0.75,6.1,6.2,16
2025-10-22 16:45:00,2025-10-22 17:45:00,1.25,6.2,6.5,16
2025-10-23 03:45:00,2025-10-23 04:15:00,0.75,6.3,6.3999999999999995,3
2025-10-23 17:00:00,2025-10-23 17:15:00,0.5,6.4,6.5,17
2025-10-24 13:30:00,2025-10-24 15:30:00,2.25,7.0,7.211111111111112,13
2025-10-25 13:45:00,2025-10-25 14:45:00,1.25,7.7,7.94,13
2025-10-25 17:15:00,2025-10-25 21:45:00,4.75,6.6,7.089473684210527,17
2025-10-26 07:30:00,2025-10-26 08:15:00,1.0,6.9,6.975,7
2025-10-26 15:30:00,2025-10-26 17:45:00,2.5,7.2,7.5600000000000005,15
2025-10-26 21:15:00,2025-10-26 23:00:00,2.0,6.9,7.2,21
2025-10-27 13:45:00,2025-10-27 14:30:00,1.0,6.8,7.124999999999999,13
2025-10-27 17:45:00,2025-10-27 20:15:00,2.75,6.9,7.127272727272726,17
2025-10-28 12:15:00,2025-10-28 13:45:00,1.75,6.9,7.014285714285714,12
2025-10-28 16:30:00,2025-10-28 16:45:00,0.5,7.5,7.6,16
2025-10-29 09:45:00,2025-10-29 11:15:00,1.75,6.7,6.971428571428572,9
2025-10-29 16:00:00,2025-10-29 17:15:00,1.5,7.4,7.566666666666666,16
2025-10-29 21:00:00,2025-10-29 21:15:00,0.5,7.1,7.199999999999999,21
2025-10-30 12:30:00,2025-10-30 13:15:00,1.0,7.0,7.45,12
2025-10-30 14:45:00,2025-10-30 17:30:00,3.0,7.0,7.733333333333334,14
2025-10-31 13:00:00,2025-10-31 13:15:00,0.5,7.1,7.3,13
2025-10-31 17:30:00,2025-10-31 18:45:00,1.5,7.8,7.933333333333334,17
2025-11-01 12:30:00,2025-11-01 13:45:00,1.5,7.1,7.366666666666667,12
2025-11-02 15:15:00,2025-11-02 16:30:00,1.5,7.0,7.1499999999999995,15
2025-11-02 18:30:00,2025-11-02 19:15:00,1.0,7.3,7.525,18
2025-11-03 14:45:00,2025-11-03 15:15:00,0.75,7.0,7.066666666666666,14
2025-11-03 18:45:00,2025-11-03 19:15:00,0.75,7.2,7.533333333333334,18
2025-11-04 10:45:00,2025-11-04 11:30:00,1.0,7.3,7.425,10
2025-11-04 13:15:00,2025-11-04 13:45:00,0.75,6.9,7.0,13
2025-11-05 14:15:00,2025-11-05 16:45:00,2.75,6.7,7.00909090909091,14
2025-11-06 05:15:00,2025-11-06 05:45:00,0.75,6.8,6.8999999999999995,5
2025-11-07 14:45:00,2025-11-07 17:00:00,2.5,6.4,7.050000000000002,14
2025-11-08 02:30:00,2025-11-08 03:00:00,0.75,6.8,6.8999999999999995,2
2025-11-08 04:45:00,2025-11-08 05:45:00,1.25,6.6,6.840000000000001,4
2025-11-08 16:30:00,2025-11-08 18:30:00,2.25,6.6,6.922222222222222,16
2025-11-09 04:45:00,2025-11-09 06:00:00,1.5,6.8,7.0,4
2025-11-09 16:30:00,2025-11-09 19:30:00,3.25,6.8,7.053846153846153,16
2025-11-10 09:00:00,2025-11-10 09:30:00,0.75,6.9,7.2,9
2025-11-11 10:45:00,2025-11-11 12:45:00,2.25,7.2,7.444444444444445,10
2025-11-11 19:30:00,2025-11-11 20:15:00,1.0,7.6,7.775,19
2025-11-12 11:15:00,2025-11-12 12:45:00,1.75,7.6,7.785714285714286,11
2025-11-12 15:00:00,2025-11-12 18:00:00,3.25,7.9,8.53076923076923,15
2025-11-13 12:15:00,2025-11-13 13:15:00,1.25,7.6,7.94,12
2025-11-14 13:30:00,2025-11-14 13:45:00,0.5,7.7,7.800000000000001,13
2025-11-15 11:45:00,2025-11-15 14:45:00,3.25,7.7,8.138461538461538,11
2025-11-16 14:30:00,2025-11-16 16:15:00,2.0,7.7,8.299999999999999,14
2025-11-16 18:15:00,2025-11-16 18:45:00,0.75,7.7,8.133333333333333,18
2025-11-17 00:30:00,2025-11-17 01:45:00,1.5,7.8,7.966666666666666,0
2025-11-17 13:45:00,2025-11-17 16:30:00,3.0,7.4,7.791666666666668,13
2025-11-18 02:15:00,2025-11-18 02:30:00,0.5,7.5,7.6,2
2025-11-18 17:00:00,2025-11-18 17:15:00,0.5,7.6,7.699999999999999,17
2025-11-19 04:15:00,2025-11-19 05:30:00,1.5,7.4,7.6000000000000005,4
2025-11-19 16:45:00,2025-11-19 17:15:00,0.75,7.6,7.7,16
2025-11-20 01:45:00,2025-11-20 02:30:00,1.0,7.5,7.625,1
2025-11-20 16:15:00,2025-11-20 18:30:00,2.5,7.5,7.7299999999999995,16
2025-11-21 01:30:00,2025-11-21 03:45:00,2.5,7.5,7.7299999999999995,1
2025-11-21 05:45:00,2025-11-21 07:00:00,1.5,7.3,7.45,5
2025-11-21 15:15:00,2025-11-21 18:30:00,3.5,7.4,7.671428571428572,15
2025-11-22 17:15:00,2025-11-22 18:15:00,1.25,7.3,7.42,17
2025-11-22 20:00:00,2025-11-22 20:45:00,1.0,7.1,7.225,20
2025-11-23 05:30:00,2025-11-23 07:15:00,2.0,7.0,7.325,5
2025-11-23 17:45:00,2025-11-23 18:00:00,0.5,7.3,7.4,17
2025-11-23 22:00:00,2025-11-23 23:15:00,1.5,7.2,7.416666666666667,22
2025-11-24 03:00:00,2025-11-24 04:00:00,1.25,7.4,7.58,3
2025-11-24 13:45:00,2025-11-24 14:30:00,1.0,8.3,8.55,13
2025-11-24 20:45:00,2025-11-24 21:00:00,0.5,7.1,7.199999999999999,20
2025-11-25 04:45:00,2025-11-25 07:15:00,2.75,7.1,7.445454545454546,4
2025-11-25 20:45:00,2025-11-25 21:30:00,1.0,7.3,7.45,20
2025-11-26 10:00:00,2025-11-26 13:15:00,3.5,6.9,7.464285714285714,10
2025-11-26 16:00:00,2025-11-26 17:00:00,1.25,7.9,8.32,16
2025-11-26 20:30:00,2025-11-26 22:15:00,2.0,7.1,7.4125,20
2025-11-27 12:15:00,2025-11-27 12:45:00,0.75,6.9,7.0,12
2025-11-27 15:30:00,2025-11-27 18:45:00,3.5,8.1,8.492857142857144,15
2025-11-28 00:00:00,2025-11-28 00:45:00,1.0,7.3,7.5,0
2025-11-28 02:45:00,2025-11-28 04:00:00,1.5,7.4,7.8999999999999995,2
2025-11-28 11:15:00,2025-11-28 12:30:00,1.5,7.0,7.783333333333332,11
2025-11-29 00:30:00,2025-11-29 01:15:00,1.0,7.2,7.3500000000000005,0
2025-11-29 12:15:00,2025-11-29 14:15:00,2.25,7.3,7.7555555555555555,12
2025-11-29 16:45:00,2025-11-29 18:30:00,2.0,7.9,8.5625,16
2025-11-30 11:30:00,2025-11-30 13:45:00,2.5,7.7,8.010000000000002,11
2025-12-01 14:15:00,2025-12-01 14:45:00,0.75,7.6,7.933333333333333,14
2025-12-02 01:30:00,2025-12-02 03:15:00,2.0,7.7,7.800000000000001,1
2025-12-02 15:15:00,2025-12-02 16:30:00,1.5,7.6,7.966666666666668,15
2025-12-09 21:15:00,2025-12-09 22:15:00,1.25,7.9,7.959999999999999,21
2025-12-12 14:30:00,2025-12-12 15:15:00,1.0,8.3,8.600000000000001,14
2025-12-12 16:45:00,2025-12-12 17:45:00,1.25,8.9,9.02,16
2025-12-13 13:30:00,2025-12-13 14:45:00,1.5,8.2,8.383333333333333,13
2025-12-15 06:15:00,2025-12-15 06:30:00,0.5,8.5,8.65,6
2025-12-15 15:00:00,2025-12-15 17:45:00,3.0,8.5,8.924999999999999,15
2025-12-15 19:45:00,2025-12-15 20:00:00,0.5,9.4,9.5,19
2025-12-16 03:15:00,2025-12-16 03:30:00,0.5,8.2,8.35,3
2025-12-16 15:00:00,2025-12-16 17:00:00,2.25,8.5,9.055555555555555,15
2025-12-17 14:45:00,2025-12-17 17:00:00,2.5,8.8,9.28,14
2025-12-17 20:00:00,2025-12-17 22:15:00,2.5,9.0,9.31,20
2025-12-18 01:00:00,2025-12-18 02:00:00,1.25,8.7,8.9,1
2025-12-18 15:30:00,2025-12-18 17:45:00,2.5,8.6,9.069999999999999,15
2025-12-20 16:45:00,2025-12-20 19:00:00,2.5,8.4,8.84,16
2025-12-22 05:30:00,2025-12-22 06:00:00,0.75,8.7,8.766666666666667,5
2025-12-22 09:30:00,2025-12-22 10:00:00,0.75,8.2,8.366666666666665,9
2025-12-22 18:30:00,2025-12-22 20:45:00,2.5,8.5,8.959999999999999,18
2025-12-24 16:45:00,2025-12-24 20:45:00,4.25,8.8,9.358823529411765,16
2025-12-25 01:15:00,2025-12-25 02:30:00,1.5,8.9,9.333333333333334,1
2025-12-25 11:30:00,2025-12-25 12:30:00,1.25,8.4,8.8,11
2025-12-26 06:45:00,2025-12-26 07:15:00,0.75,8.9,8.966666666666667,6
2025-12-26 14:45:00,2025-12-26 15:00:00,0.5,9.3,9.45,14
2025-12-26 19:00:00,2025-12-26 19:15:00,0.5,9.4,9.55,19
2025-12-26 22:30:00,2025-12-26 22:45:00,0.5,8.6,8.7,22
2025-12-27 10:30:00,2025-12-27 11:30:00,1.25,8.6,8.92,10
2025-12-27 13:45:00,2025-12-27 17:15:00,3.75,8.5,9.740000000000002,13
2025-12-27 19:00:00,2025-12-27 20:00:00,1.25,9.2,9.4,19
2025-12-27 22:15:00,2025-12-27 23:15:00,1.25,8.8,8.9,22
2025-12-28 10:45:00,2025-12-28 12:00:00,1.5,8.6,8.783333333333335,10
2025-12-28 22:45:00,2025-12-28 23:15:00,0.75,8.8,8.9,22
2025-12-29 17:00:00,2025-12-29 17:30:00,0.75,9.1,9.233333333333334,17
2025-12-30 00:30:00,2025-12-30 01:30:00,1.25,8.4,8.559999999999999,0
2025-12-30 13:15:00,2025-12-30 14:00:00,1.0,8.4,8.625,13
2025-12-31 13:30:00,2025-12-31 14:45:00,1.5,8.6,8.966666666666667,13
2026-01-01 15:15:00,2026-01-01 16:00:00,1.0,8.4,8.65,15
2026-01-02 16:00:00,2026-01-02 16:15:00,0.5,8.6,8.75,16
2026-01-04 12:45:00,2026-01-04 13:15:00,0.75,8.6,8.733333333333333,12
2026-01-07 17:45:00,2026-01-07 19:00:00,1.5,8.5,8.700000000000001,17
2026-01-09 16:45:00,2026-01-09 18:00:00,1.5,9.1,9.3,16
2026-01-09 23:15:00,2026-01-10 00:15:00,1.25,8.2,8.320000000000002,23
2026-01-10 06:30:00,2026-01-10 07:15:00,1.0,8.5,8.6,6
2026-01-11 00:30:00,2026-01-11 01:30:00,1.25,8.4,8.440000000000001,0
2026-01-12 17:00:00,2026-01-12 17:45:00,1.0,9.4,9.625,17
2026-01-12 23:30:00,2026-01-13 03:00:00,3.75,8.1,8.766666666666667,23
2026-01-13 14:30:00,2026-01-13 16:30:00,2.25,8.5,8.922222222222224,14
2026-01-13 22:15:00,2026-01-14 00:30:00,2.5,8.8,9.030000000000001,22
2026-01-14 02:30:00,2026-01-14 03:15:00,1.0,8.3,8.45,2
2026-01-14 20:00:00,2026-01-14 20:15:00,0.5,9.2,9.3,20
2026-01-14 22:15:00,2026-01-14 23:45:00,1.75,8.6,8.857142857142858,22
2026-01-15 22:45:00,2026-01-15 23:45:00,1.25,9.0,9.18,22
2026-01-16 14:45:00,2026-01-16 17:00:00,2.5,8.6,8.940000000000001,14
2026-01-17 01:15:00,2026-01-17 03:15:00,2.25,8.5,8.677777777777777,1
2026-01-17 19:30:00,2026-01-17 20:30:00,1.25,8.7,8.8,19
2026-01-18 17:15:00,2026-01-18 19:00:00,2.0,8.6,8.8125,17
2026-01-19 17:45:00,2026-01-19 18:00:00,0.5,8.8,8.9,17
2026-01-20 11:30:00,2026-01-20 13:00:00,1.75,9.4,9.557142857142859,11
2026-01-20 17:30:00,2026-01-20 18:00:00,0.75,8.9,9.033333333333333,17
2026-01-22 05:15:00,2026-01-22 05:45:00,0.75,8.9,9.0,5
2026-01-22 14:15:00,2026-01-22 14:45:00,0.75,9.6,9.666666666666666,14
2026-01-23 16:45:00,2026-01-23 17:30:00,1.0,9.4,9.65,16
2026-01-23 19:45:00,2026-01-23 20:15:00,0.75,9.2,9.3,19
2026-01-24 23:00:00,2026-01-24 23:45:00,1.0,8.9,9.075,23
2026-01-25 10:00:00,2026-01-25 11:30:00,1.75,8.8,9.257142857142858,10
2026-01-25 16:30:00,2026-01-25 16:45:00,0.5,9.8,9.95,16
2026-01-26 17:45:00,2026-01-26 18:45:00,1.25,9.6,9.74,17
2026-01-27 00:00:00,2026-01-27 04:15:00,4.5,9.3,9.533333333333331,0
2026-01-27 06:00:00,2026-01-27 06:45:00,1.0,9.5,9.6,6
2026-01-27 14:00:00,2026-01-27 20:30:00,6.75,9.6,10.103703703703703,14
2026-01-28 00:45:00,2026-01-28 01:00:00,0.5,9.2,9.3,0
2026-01-28 14:00:00,2026-01-28 14:30:00,0.75,9.3,9.6,14
2026-01-28 16:00:00,2026-01-28 17:00:00,1.25,9.7,9.940000000000001,16
2026-01-29 13:30:00,2026-01-29 14:45:00,1.5,9.3,9.816666666666665,13
2026-01-30 15:00:00,2026-01-30 16:00:00,1.25,9.4,9.66,15
2026-01-31 17:15:00,2026-01-31 18:30:00,1.5,9.5,9.633333333333333,17
2026-02-01 04:45:00,2026-02-01 05:30:00,1.0,9.4,9.674999999999999,4
2026-02-01 09:30:00,2026-02-01 10:30:00,1.25,9.7,10.000000000000002,9
2026-02-01 17:15:00,2026-02-01 18:00:00,1.0,9.5,9.725,17
2026-02-05 23:30:00,2026-02-06 00:30:00,1.25,9.4,9.540000000000001,23
2026-02-06 08:30:00,2026-02-06 09:15:00,1.0,9.5,9.7,8
2026-02-06 15:30:00,2026-02-06 16:30:00,1.25,10.5,10.580000000000002,15
2026-02-07 16:00:00,2026-02-07 16:15:00,0.5,10.6,10.7,16
2026-02-08 08:45:00,2026-02-08 09:15:00,0.75,9.9,10.033333333333333,8
2026-02-08 11:00:00,2026-02-08 11:15:00,0.5,9.8,9.95,11
2026-02-08 18:15:00,2026-02-08 19:00:00,1.0,10.2,10.625,18
2026-02-08 22:45:00,2026-02-08 23:15:00,0.75,10.3,10.4,22
2026-02-09 01:00:00,2026-02-09 01:15:00,0.5,9.6,9.75,1
2026-02-09 12:45:00,2026-02-09 14:15:00,1.75,10.3,10.542857142857143,12
2026-02-09 19:00:00,2026-02-09 23:15:00,4.5,10.4,10.683333333333334,19
2026-02-10 01:15:00,2026-02-10 02:15:00,1.25,9.5,9.940000000000001,1
2026-02-10 14:00:00,2026-02-10 15:30:00,1.75,10.7,11.1,14
2026-02-10 19:45:00,2026-02-10 20:15:00,0.75,10.7,10.933333333333332,19
2026-02-11 15:00:00,2026-02-11 15:30:00,0.75,10.4,10.766666666666666,15
2026-02-12 03:00:00,2026-02-12 03:30:00,0.75,9.3,9.666666666666668,3
2026-02-12 06:30:00,2026-02-12 07:15:00,1.0,10.1,10.25,6
2026-02-12 15:45:00,2026-02-12 17:00:00,1.5,10.1,10.683333333333335,15
2026-02-12 18:30:00,2026-02-12 19:00:00,0.75,11.2,11.266666666666666,18
2026-02-13 01:45:00,2026-02-13 04:30:00,3.0,9.2,10.058333333333335,1
2026-02-13 14:45:00,2026-02-13 15:15:00,0.75,10.6,10.833333333333334,14
2026-02-13 16:45:00,2026-02-13 17:45:00,1.25,10.0,10.16,16
2026-02-14 02:15:00,2026-02-14 03:45:00,1.75,9.5,10.071428571428571,2
2026-02-14 14:00:00,2026-02-14 19:30:00,5.75,9.5,10.269565217391307,14
2026-02-15 00:30:00,2026-02-15 04:00:00,3.75,9.7,10.286666666666665,0
2026-02-15 13:45:00,2026-02-15 14:00:00,0.5,10.2,10.35,13
2026-02-16 02:30:00,2026-02-16 03:00:00,0.75,9.7,9.833333333333334,2
2026-02-16 15:30:00,2026-02-16 16:30:00,1.25,9.6,9.940000000000001,15
2026-02-17 05:00:00,2026-02-17 05:45:00,1.0,9.2,9.375,5
2026-02-17 16:45:00,2026-02-17 18:00:00,1.5,9.4,9.749999999999998,16
2026-02-18 17:15:00,2026-02-18 18:15:00,1.25,9.4,9.6,17
2026-02-19 19:00:00,2026-02-19 19:30:00,0.75,8.9,9.066666666666665,19
2026-02-21 05:00:00,2026-02-21 05:30:00,0.75,8.8,9.033333333333333,5
2026-02-21 18:15:00,2026-02-21 19:15:00,1.25,9.1,9.28,18
2026-02-23 10:30:00,2026-02-23 13:00:00,2.75,8.8,9.136363636363637,10
2026-02-23 22:45:00,2026-02-23 23:30:00,1.0,8.6,8.75,22
2026-02-24 11:00:00,2026-02-24 13:15:00,2.5,8.7,9.01,11
2026-02-24 17:30:00,2026-02-24 21:30:00,4.25,9.5,9.935294117647059,17
2026-02-24 23:15:00,2026-02-24 23:30:00,0.5,8.9,9.0,23
2026-02-25 10:45:00,2026-02-25 12:45:00,2.25,8.9,9.377777777777778,10
2026-02-25 14:30:00,2026-02-25 16:00:00,1.75,8.8,9.457142857142859,14
2026-02-25 17:45:00,2026-02-25 20:30:00,3.0,9.2,9.608333333333336,17
2026-02-26 12:30:00,2026-02-26 13:15:00,1.0,9.1,9.2,12
2026-02-26 18:30:00,2026-02-26 19:30:00,1.25,9.3,9.540000000000001,18
2026-02-27 16:30:00,2026-02-27 17:00:00,0.75,8.4,8.700000000000001,16
2026-02-27 20:15:00,2026-02-27 21:00:00,1.0,9.2,9.3,20
2026-02-28 00:30:00,2026-02-28 02:15:00,2.0,8.5,8.7,0
2026-02-28 15:00:00,2026-02-28 20:00:00,5.25,8.4,8.904761904761903,15
2026-02-28 22:00:00,2026-02-28 23:15:00,1.5,8.8,8.983333333333334,22
2026-03-02 16:30:00,2026-03-02 16:45:00,0.5,8.6,8.7,16
2026-03-04 17:15:00,2026-03-04 18:00:00,1.0,8.6,8.799999999999999,17
2026-03-05 16:15:00,2026-03-05 19:15:00,3.25,8.4,8.876923076923076,16
2026-03-06 15:45:00,2026-03-06 16:15:00,0.75,9.2,9.3,15
2026-03-06 17:45:00,2026-03-06 20:15:00,2.75,8.4,8.836363636363636,17
2026-03-07 18:30:00,2026-03-07 19:00:00,0.75,8.8,9.0,18
2026-03-08 05:00:00,2026-03-08 07:00:00,2.25,8.2,8.444444444444445,5
2026-03-08 14:30:00,2026-03-08 17:15:00,3.0,8.5,9.15,14
2026-03-08 19:15:00,2026-03-08 19:45:00,0.75,8.3,8.433333333333332,19
2026-03-09 07:30:00,2026-03-09 08:00:00,0.75,8.2,8.333333333333334,7
2026-03-09 15:00:00,2026-03-09 16:45:00,2.0,9.1,9.600000000000001,15
2026-03-09 18:15:00,2026-03-09 23:15:00,5.25,8.3,8.847619047619048,18
2026-03-10 17:15:00,2026-03-10 18:15:00,1.25,8.7,9.34,17
2026-03-10 23:30:00,2026-03-11 00:30:00,1.25,8.2,8.38,23
2026-03-11 09:00:00,2026-03-11 09:45:00,1.0,8.2,8.274999999999999,9
2026-03-11 14:15:00,2026-03-11 15:30:00,1.5,8.3,8.866666666666665,14
2026-03-11 18:15:00,2026-03-11 20:15:00,2.25,8.5,8.844444444444443,18
2026-03-11 21:45:00,2026-03-11 23:00:00,1.5,7.9,8.200000000000001,21
2026-03-12 02:15:00,2026-03-12 03:30:00,1.5,7.9,8.033333333333333,2
2026-03-12 14:45:00,2026-03-12 15:15:00,0.75,8.4,8.466666666666667,14
2026-03-13 00:30:00,2026-03-13 01:45:00,1.5,7.6,7.716666666666666,0
2026-03-13 12:15:00,2026-03-13 13:45:00,1.75,7.9,8.2,12
2026-03-13 15:15:00,2026-03-13 16:30:00,1.5,8.0,8.266666666666667,15
2026-03-13 20:00:00,2026-03-13 21:30:00,1.75,8.6,9.0,20
2026-03-13 23:00:00,2026-03-14 02:45:00,4.0,7.6,8.1375,23
2026-03-14 13:00:00,2026-03-14 17:30:00,4.75,8.0,8.410526315789474,13
2026-03-14 21:15:00,2026-03-14 22:30:00,1.5,8.5,8.666666666666666,21
2026-03-15 00:00:00,2026-03-15 03:30:00,3.75,7.8,7.959999999999999,0
2026-03-15 13:45:00,2026-03-15 14:15:00,0.75,7.8,8.033333333333333,13
2026-03-15 23:30:00,2026-03-16 04:00:00,4.75,7.4,7.752631578947369,23
2026-03-16 17:15:00,2026-03-16 18:15:00,1.25,7.5,7.640000000000001,17
2026-03-17 14:15:00,2026-03-17 16:00:00,2.0,7.6,8.125,14
2026-03-18 10:45:00,2026-03-18 13:00:00,2.5,8.2,8.360000000000001,10
2026-03-18 15:45:00,2026-03-18 16:45:00,1.25,7.8,8.02,15
2026-03-19 16:15:00,2026-03-19 17:45:00,1.75,7.9,8.142857142857144,16
2026-03-19 21:30:00,2026-03-19 22:15:00,1.0,7.9,8.0,21
2026-03-21 17:30:00,2026-03-21 18:45:00,1.5,8.0,8.083333333333334,17
2026-03-22 16:30:00,2026-03-22 19:30:00,3.25,7.7,8.023076923076923,16
2026-03-23 07:30:00,2026-03-23 07:45:00,0.5,7.1,7.199999999999999,7
2026-03-23 17:30:00,2026-03-23 19:30:00,2.25,7.7,8.2,17
2026-03-24 11:00:00,2026-03-24 11:30:00,0.75,7.6,7.7,11
2026-03-24 17:45:00,2026-03-24 18:30:00,1.0,8.0,8.149999999999999,17
2026-03-24 20:45:00,2026-03-24 22:30:00,2.0,7.6,7.8875,20
2026-03-25 08:45:00,2026-03-25 09:15:00,0.75,7.6,7.733333333333334,8
2026-03-25 11:45:00,2026-03-25 13:15:00,1.75,7.5,7.800000000000002,11
2026-03-25 18:45:00,2026-03-25 23:00:00,4.5,7.3,8.055555555555555,18
2026-03-26 11:45:00,2026-03-26 14:00:00,2.5,7.5,7.7700000000000005,11
2026-03-26 15:30:00,2026-03-26 16:15:00,1.0,8.4,8.65,15
2026-03-26 18:15:00,2026-03-26 22:45:00,4.75,7.7,8.326315789473684,18
2026-03-27 05:00:00,2026-03-27 06:15:00,1.5,7.6,7.733333333333334,5
2026-03-27 10:30:00,2026-03-27 10:45:00,0.5,7.7,7.800000000000001,10
2026-03-27 12:30:00,2026-03-27 16:30:00,4.25,7.6,8.005882352941176,12
2026-03-27 19:30:00,2026-03-27 20:45:00,1.5,8.1,8.416666666666666,19
2026-03-27 22:45:00,2026-03-27 23:45:00,1.25,7.5,7.659999999999999,22
2026-03-28 02:00:00,2026-03-28 03:15:00,1.5,7.4,7.516666666666667,2
2026-03-28 13:15:00,2026-03-28 15:00:00,2.0,7.5,7.9,13
2026-03-28 23:15:00,2026-03-28 23:30:00,0.5,7.7,7.800000000000001,23
2026-03-29 01:45:00,2026-03-29 02:30:00,1.0,7.5,7.65,1
2026-03-29 13:45:00,2026-03-29 16:00:00,2.5,7.6,7.9300000000000015,13
2026-03-29 20:30:00,2026-03-29 20:45:00,0.5,8.2,8.3,20
2026-03-31 11:45:00,2026-03-31 12:45:00,1.25,7.7,7.800000000000002,11
2026-03-31 17:00:00,2026-03-31 17:30:00,0.75,7.4,7.466666666666666,17
2026-04-01 08:00:00,2026-04-01 09:00:00,1.25,7.5,7.58,8
2026-04-01 15:30:00,2026-04-01 17:30:00,2.25,7.3,7.533333333333333,15
2026-04-02 06:15:00,2026-04-02 08:00:00,2.0,7.2,7.4125,6
2026-04-02 15:00:00,2026-04-02 15:15:00,0.5,7.5,7.8,15
2026-04-02 17:30:00,2026-04-02 17:45:00,0.5,6.9,7.050000000000001,17
2026-04-03 02:15:00,2026-04-03 05:15:00,3.25,6.6,7.092307692307691,2
2026-04-03 06:45:00,2026-04-03 07:45:00,1.25,6.9,7.1800000000000015,6
2026-04-03 09:45:00,2026-04-03 10:45:00,1.25,7.3,7.6,9
2026-04-03 15:45:00,2026-04-03 17:45:00,2.25,7.1,7.455555555555555,15
2026-04-03 21:00:00,2026-04-03 22:00:00,1.25,7.2,7.4,21
2026-04-04 01:15:00,2026-04-04 03:45:00,2.75,6.6,7.172727272727272,1
2026-04-04 15:00:00,2026-04-04 18:15:00,3.5,6.9,7.7142857142857135,15
2026-04-04 22:15:00,2026-04-04 23:00:00,1.0,7.0,7.2,22
2026-04-05 04:30:00,2026-04-05 06:45:00,2.5,6.7,7.0,4
2026-04-05 12:15:00,2026-04-05 13:30:00,1.5,7.7,8.016666666666667,12
2026-04-05 15:15:00,2026-04-05 16:30:00,1.5,7.3,7.566666666666666,15
2026-04-05 18:30:00,2026-04-05 19:45:00,1.5,6.9,7.133333333333333,18
2026-04-05 23:15:00,2026-04-06 00:30:00,1.5,6.8,6.966666666666666,23
2026-04-06 09:45:00,2026-04-06 14:00:00,4.5,6.9,7.372222222222224,9
2026-04-06 16:15:00,2026-04-06 19:15:00,3.25,7.1,7.5,16
2026-04-06 21:15:00,2026-04-06 21:30:00,0.5,6.6,6.8,21
2026-04-07 09:15:00,2026-04-07 12:15:00,3.25,6.9,7.069230769230769,9
2026-04-07 18:15:00,2026-04-07 21:00:00,3.0,6.9,7.666666666666667,18
2026-04-08 05:45:00,2026-04-08 07:00:00,1.5,7.2,7.400000000000001,5
2026-04-08 11:45:00,2026-04-08 14:15:00,2.75,6.8,7.127272727272726,11
2026-04-08 18:45:00,2026-04-08 19:45:00,1.25,7.6,7.659999999999999,18
2026-04-08 22:15:00,2026-04-08 22:30:00,0.5,7.3,7.4,22
2026-04-09 12:15:00,2026-04-09 12:45:00,0.75,7.7,7.866666666666666,12
2026-04-09 17:45:00,2026-04-09 22:00:00,4.5,7.4,8.044444444444444,17
2026-04-10 00:30:00,2026-04-10 01:30:00,1.25,7.0,7.119999999999999,0
2026-04-10 09:15:00,2026-04-10 14:15:00,5.25,7.4,7.809523809523808,9
2026-04-10 22:30:00,2026-04-10 22:45:00,0.5,7.8,7.9,22
2026-04-11 00:15:00,2026-04-11 02:45:00,2.75,7.2,7.718181818181819,0
2026-04-11 10:15:00,2026-04-11 16:00:00,6.0,7.4,7.7250000000000005,10
2026-04-11 19:45:00,2026-04-11 21:30:00,2.0,8.0,8.325,19
2026-04-11 23:00:00,2026-04-12 03:00:00,4.25,7.0,7.652941176470588,23
2026-04-12 08:00:00,2026-04-12 11:45:00,4.0,7.5,7.800000000000001,8
2026-04-12 14:45:00,2026-04-12 15:45:00,1.25,7.0,7.3,14
2026-04-12 19:45:00,2026-04-12 20:45:00,1.25,8.0,8.5,19
2026-04-13 00:00:00,2026-04-13 03:45:00,4.0,6.7,7.481249999999999,0
2026-04-13 07:45:00,2026-04-13 11:45:00,4.25,7.2,7.735294117647059,7
2026-04-13 14:00:00,2026-04-13 17:15:00,3.5,6.7,6.978571428571429,14
2026-04-14 00:00:00,2026-04-14 02:45:00,3.0,6.8,7.158333333333334,0
2026-04-14 06:00:00,2026-04-14 07:00:00,1.25,6.8,7.0,6
2026-04-14 11:45:00,2026-04-14 15:00:00,3.5,7.0,7.392857142857143,11
2026-04-14 23:30:00,2026-04-15 02:00:00,2.75,6.6,7.018181818181817,23
2026-04-15 04:45:00,2026-04-15 05:15:00,0.75,6.7,6.8,4
2026-04-16 01:00:00,2026-04-16 03:00:00,2.25,6.2,6.544444444444444,1
2026-04-16 04:45:00,2026-04-16 05:15:00,0.75,6.2,6.3999999999999995,4
2026-04-16 15:30:00,2026-04-16 17:15:00,2.0,6.5,6.699999999999999,15
2026-04-16 20:30:00,2026-04-16 21:15:00,1.0,6.9,7.075,20
2026-04-17 04:00:00,2026-04-17 06:15:00,2.5,5.8,6.18,4
2026-04-17 15:15:00,2026-04-17 17:30:00,2.5,6.5,6.75,15
2026-04-17 20:45:00,2026-04-17 22:00:00,1.5,6.7,6.883333333333333,20
2026-04-18 05:30:00,2026-04-18 07:30:00,2.25,5.7,6.022222222222222,5
2026-04-18 17:45:00,2026-04-18 18:30:00,1.0,6.3,6.4750000000000005,17
2026-04-19 02:00:00,2026-04-19 03:45:00,2.0,5.7,5.8875,2
2026-04-19 07:15:00,2026-04-19 08:15:00,1.25,5.6,5.76,7
2026-04-19 17:30:00,2026-04-19 18:45:00,1.5,6.3,6.516666666666667,17
2026-04-20 06:45:00,2026-04-20 10:30:00,4.0,5.8,6.15,6
2026-04-20 15:45:00,2026-04-20 19:45:00,4.25,6.4,6.858823529411765,15
2026-04-21 16:45:00,2026-04-21 17:15:00,0.75,7.0,7.1000000000000005,16
2026-04-21 19:15:00,2026-04-21 20:15:00,1.25,6.2,6.62,19
2026-04-22 00:00:00,2026-04-22 00:30:00,0.75,6.7,6.8,0
2026-04-22 06:30:00,2026-04-22 15:15:00,9.0,5.8,6.55,6
2026-04-22 18:00:00,2026-04-22 20:00:00,2.25,6.3,6.922222222222222,18
2026-04-22 22:45:00,2026-04-23 01:45:00,3.25,6.2,6.6000000000000005,22
2026-04-23 08:30:00,2026-04-23 11:00:00,2.75,5.5,6.127272727272728,8
2026-04-23 14:30:00,2026-04-23 19:15:00,5.0,6.0,7.404999999999999,14
2026-04-23 20:45:00,2026-04-23 21:15:00,0.75,6.4,6.566666666666667,20
2026-04-23 22:45:00,2026-04-24 02:00:00,3.5,6.1,6.2928571428571445,22
2026-04-24 06:30:00,2026-04-24 07:00:00,0.75,6.5,6.566666666666666,6
2026-04-24 09:15:00,2026-04-24 11:15:00,2.25,5.6,5.966666666666667,9
2026-04-24 14:00:00,2026-04-24 15:00:00,1.25,6.1,6.32,14
2026-04-24 16:30:00,2026-04-24 19:00:00,2.75,6.9,7.336363636363637,16
2026-04-24 20:45:00,2026-04-24 22:00:00,1.5,5.8,6.349999999999999,20
2026-04-25 00:00:00,2026-04-25 02:45:00,3.0,6.0,6.216666666666668,0
2026-04-25 09:30:00,2026-04-25 13:15:00,4.0,5.9,6.137499999999999,9
2026-04-25 18:00:00,2026-04-25 18:45:00,1.0,6.8,7.1,18
2026-04-25 22:30:00,2026-04-26 00:00:00,1.75,5.8,6.171428571428571,22
2026-04-26 11:15:00,2026-04-26 12:15:00,1.25,5.8,6.1000000000000005,11
2026-04-26 23:00:00,2026-04-27 03:00:00,4.25,6.0,6.323529411764706,23
2026-04-27 13:15:00,2026-04-27 14:45:00,1.75,6.1,6.428571428571429,13
2026-04-27 20:15:00,2026-04-27 21:00:00,1.0,6.5,6.875,20
2026-04-27 23:45:00,2026-04-28 01:30:00,2.0,5.8,6.137499999999999,23
2026-04-28 14:15:00,2026-04-28 16:15:00,2.25,6.0,6.166666666666667,14
2026-04-28 18:30:00,2026-04-28 19:15:00,1.0,6.4,6.525,18
2026-04-29 05:00:00,2026-04-29 05:30:00,0.75,5.9,5.966666666666666,5
2026-04-29 13:15:00,2026-04-29 14:30:00,1.5,6.0,6.216666666666666,13
2026-04-29 16:00:00,2026-04-29 16:15:00,0.5,5.8,5.9,16
2026-04-30 03:30:00,2026-04-30 07:15:00,4.0,5.6,5.90625,3
2026-04-30 15:00:00,2026-04-30 15:30:00,0.75,5.8,6.033333333333334,15
2026-05-01 03:00:00,2026-05-01 04:00:00,1.25,5.7,5.9399999999999995,3
2026-05-01 15:45:00,2026-05-01 18:15:00,2.75,5.8,6.036363636363637,15
2026-05-01 21:15:00,2026-05-01 22:15:00,1.25,6.1,6.279999999999999,21
2026-05-02 03:30:00,2026-05-02 04:15:00,1.0,5.5,5.55,3
2026-05-02 16:00:00,2026-05-02 18:00:00,2.25,5.9,6.133333333333333,16
2026-05-03 11:30:00,2026-05-03 18:45:00,7.5,5.7,6.413333333333336,11
2026-05-03 21:45:00,2026-05-03 22:30:00,1.0,6.2,6.425,21
2026-05-04 04:45:00,2026-05-04 06:00:00,1.5,5.6,5.883333333333334,4
2026-05-04 07:30:00,2026-05-04 08:45:00,1.5,5.5,5.783333333333332,7
2026-05-04 12:30:00,2026-05-04 17:15:00,5.0,5.5,6.435,12
2026-05-05 05:00:00,2026-05-05 07:00:00,2.25,5.7,6.044444444444445,5
2026-05-05 10:00:00,2026-05-05 14:00:00,4.25,5.9,6.705882352941176,10
2026-05-05 16:00:00,2026-05-05 19:30:00,3.75,5.9,6.493333333333333,16
2026-05-05 22:45:00,2026-05-05 23:00:00,0.5,6.3,6.4,22
2026-05-06 03:30:00,2026-05-06 03:45:00,0.5,6.3,6.4,3
2026-05-06 05:30:00,2026-05-06 07:00:00,1.75,5.6,6.085714285714286,5
2026-05-06 11:30:00,2026-05-06 12:00:00,0.75,6.4,6.866666666666667,11
2026-05-06 13:45:00,2026-05-06 19:30:00,6.0,6.0,7.183333333333333,13
2026-05-06 21:00:00,2026-05-07 00:15:00,3.5,6.0,6.235714285714286,21
2026-05-07 05:45:00,2026-05-07 08:30:00,3.0,5.9,6.3999999999999995,5
2026-05-07 10:00:00,2026-05-07 13:00:00,3.25,6.0,6.423076923076923,10
2026-05-07 18:15:00,2026-05-07 20:15:00,2.25,6.4,6.855555555555555,18
2026-05-07 22:00:00,2026-05-07 22:15:00,0.5,6.1,6.4,22
2026-05-08 08:30:00,2026-05-08 13:00:00,4.75,6.1,6.515789473684211,8
2026-05-08 17:45:00,2026-05-08 18:00:00,0.5,6.9,7.15,17
2026-05-08 19:30:00,2026-05-08 23:45:00,4.5,5.7,6.316666666666666,19
2026-05-09 08:45:00,2026-05-09 10:30:00,2.0,6.2,6.4375,8
2026-05-09 17:30:00,2026-05-09 18:45:00,1.5,6.4,6.8500000000000005,17
2026-05-09 21:15:00,2026-05-10 01:30:00,4.5,5.9,6.227777777777778,21
2026-05-10 06:15:00,2026-05-10 06:45:00,0.75,6.0,6.166666666666667,6
2026-05-10 11:00:00,2026-05-10 12:45:00,2.0,6.1,6.4875,11
2026-05-10 18:45:00,2026-05-10 20:30:00,2.0,6.3,6.6625,18
2026-05-10 22:30:00,2026-05-11 01:15:00,3.0,5.9,6.300000000000001,22
2026-05-11 07:30:00,2026-05-11 10:00:00,2.75,5.9,6.3090909090909095,7
2026-05-11 11:30:00,2026-05-11 13:30:00,2.25,5.8,6.211111111111111,11
2026-05-12 01:15:00,2026-05-12 02:15:00,1.25,6.0,6.14,1
2026-05-12 11:15:00,2026-05-12 13:45:00,2.75,5.7,6.345454545454547,11
2026-05-12 15:15:00,2026-05-12 16:30:00,1.5,6.2,6.3999999999999995,15
2026-05-12 23:30:00,2026-05-13 02:30:00,3.25,6.1,6.423076923076923,23
2026-05-14 02:00:00,2026-05-14 05:15:00,3.5,5.5,6.035714285714285,2
2026-05-14 14:15:00,2026-05-14 15:45:00,1.75,5.8,6.057142857142857,14
2026-05-15 15:00:00,2026-05-15 16:15:00,1.5,6.1,6.433333333333333,15
2026-05-15 19:45:00,2026-05-15 20:00:00,0.5,6.5,6.7,19
2026-05-16 01:15:00,2026-05-16 02:45:00,1.75,5.4,5.642857142857143,1
2026-05-16 04:30:00,2026-05-16 06:15:00,2.0,5.6,6.012499999999999,4
2026-05-16 16:00:00,2026-05-16 16:30:00,0.75,6.3,6.433333333333334,16
2026-05-16 20:30:00,2026-05-16 21:45:00,1.5,6.6,6.733333333333333,20
2026-05-17 05:15:00,2026-05-17 06:00:00,1.0,5.6,5.7,5
2026-05-17 14:00:00,2026-05-17 15:00:00,1.25,6.0,6.26,14
2026-05-17 17:15:00,2026-05-17 17:45:00,0.75,5.8,6.0,17
2026-05-17 22:45:00,2026-05-17 23:15:00,0.75,6.5,6.633333333333333,22
2026-05-18 01:45:00,2026-05-18 02:45:00,1.25,5.2,5.5,1
2026-05-18 17:30:00,2026-05-18 18:45:00,1.5,5.9,6.3,17
2026-05-18 22:15:00,2026-05-18 22:45:00,0.75,6.6,6.8,22
2026-05-19 02:00:00,2026-05-19 03:00:00,1.25,5.6,5.779999999999999,2
2026-05-19 07:00:00,2026-05-19 07:45:00,1.0,5.4,5.6499999999999995,7
2026-05-19 10:30:00,2026-05-19 11:00:00,0.75,5.9,6.1000000000000005,10
2026-05-19 23:15:00,2026-05-19 23:45:00,0.75,6.5,6.733333333333333,23
2026-05-20 01:15:00,2026-05-20 03:15:00,2.25,5.9,6.3,1
2026-05-20 17:30:00,2026-05-20 21:00:00,3.75,6.0,6.513333333333333,17
2026-05-21 00:45:00,2026-05-21 01:45:00,1.25,6.4,6.519999999999999,0
2026-05-21 06:00:00,2026-05-21 10:00:00,4.25,5.5,5.788235294117648,6
2026-05-21 18:15:00,2026-05-21 22:15:00,4.25,6.0,6.547058823529412,18
2026-05-22 00:45:00,2026-05-22 01:45:00,1.25,6.3,6.4799999999999995,0
2026-05-22 06:45:00,2026-05-22 11:00:00,4.5,5.3,5.738888888888889,6
2026-05-22 17:15:00,2026-05-23 03:00:00,10.0,5.6,6.425,17
2026-05-23 07:45:00,2026-05-23 10:30:00,3.0,5.4,5.808333333333334,7
2026-05-23 12:45:00,2026-05-24 04:15:00,15.75,5.6,6.442857142857142,12
2026-05-24 09:00:00,2026-05-24 15:15:00,6.5,5.5,5.800000000000001,9
2026-05-24 17:30:00,2026-05-24 23:00:00,5.75,5.4,6.656521739130436,17
2026-05-25 03:45:00,2026-05-25 04:15:00,0.75,5.8,5.966666666666666,3
2026-05-25 07:15:00,2026-05-25 14:30:00,7.5,5.2,5.796666666666665,7
2026-05-25 21:00:00,2026-05-26 01:45:00,5.0,5.6,6.039999999999999,21
2026-05-26 10:45:00,2026-05-26 14:00:00,3.5,5.2,5.771428571428572,10
2026-05-26 22:00:00,2026-05-27 05:00:00,7.25,5.3,5.841379310344829,22
2026-05-27 11:45:00,2026-05-27 20:15:00,8.75,5.2,5.722857142857142,11
2026-05-27 23:45:00,2026-05-28 08:45:00,9.25,5.0,5.6432432432432424,23
2026-05-28 11:15:00,2026-05-28 13:45:00,2.75,5.6,6.445454545454544,11
2026-05-28 15:15:00,2026-05-28 19:30:00,4.5,5.1,5.511111111111112,15
2026-05-28 21:45:00,2026-05-28 23:00:00,1.5,5.9,6.233333333333333,21
2026-05-29 00:30:00,2026-05-29 03:45:00,3.5,5.2,5.6571428571428575,0
2026-05-29 07:45:00,2026-05-29 08:15:00,0.75,5.5,5.733333333333333,7
2026-05-29 10:45:00,2026-05-29 11:45:00,1.25,6.0,6.2,10
2026-05-29 13:15:00,2026-05-29 16:00:00,3.0,4.8,5.691666666666666,13
2026-05-30 03:30:00,2026-05-30 04:00:00,0.75,4.8,4.8999999999999995,3
2026-05-30 08:30:00,2026-05-30 09:00:00,0.75,5.4,5.533333333333334,8
2026-05-30 14:00:00,2026-05-30 16:30:00,2.75,4.8,5.354545454545455,14
2026-05-30 21:15:00,2026-05-30 22:15:00,1.25,5.2,5.4799999999999995,21
2026-05-31 02:00:00,2026-05-31 04:00:00,2.25,4.8,5.2444444444444445,2
2026-05-31 16:00:00,2026-05-31 17:15:00,1.5,4.9,5.383333333333333,16
2026-06-01 05:15:00,2026-06-01 07:00:00,2.0,5.1,5.262499999999999,5
2026-06-01 13:30:00,2026-06-01 14:30:00,1.25,5.3,5.619999999999999,13
2026-06-01 16:00:00,2026-06-01 18:45:00,3.0,4.7,4.983333333333333,16
2026-06-01 21:15:00,2026-06-01 23:00:00,2.0,5.6,5.737500000000001,21
2026-06-02 04:30:00,2026-06-02 06:45:00,2.5,4.7,4.92,4
2026-06-02 09:15:00,2026-06-02 09:30:00,0.5,5.2,5.300000000000001,9
2026-06-02 15:45:00,2026-06-02 19:15:00,3.75,5.2,5.746666666666666,15
2026-06-02 20:45:00,2026-06-02 23:45:00,3.25,5.9,6.053846153846154,20
2026-06-03 08:15:00,2026-06-03 08:30:00,0.5,5.2,5.300000000000001,8
2026-06-03 13:00:00,2026-06-03 13:30:00,0.75,7.3,7.5,13
2026-06-03 15:45:00,2026-06-03 19:45:00,4.25,5.4,6.3882352941176475,15
2026-06-04 03:00:00,2026-06-04 03:30:00,0.75,6.1,6.2,3
2026-06-04 08:15:00,2026-06-04 21:00:00,13.0,5.3,6.9,8
2026-06-04 23:30:00,2026-06-05 04:00:00,4.75,6.0,6.4789473684210535,23
2026-06-05 06:30:00,2026-06-05 07:45:00,1.5,5.7,5.983333333333333,6
2026-06-05 09:15:00,2026-06-05 09:45:00,0.75,5.4,5.7,9
2026-06-05 13:45:00,2026-06-05 17:15:00,3.75,7.1,8.493333333333332,13
2026-06-05 18:45:00,2026-06-06 00:15:00,5.75,5.4,6.352173913043478,18
2026-06-06 03:00:00,2026-06-06 07:45:00,5.0,5.7,6.51,3
2026-06-06 09:15:00,2026-06-06 10:00:00,1.0,5.6,6.175000000000001,9
2026-06-06 11:30:00,2026-06-06 12:45:00,1.5,5.6,6.166666666666667,11
2026-06-06 15:00:00,2026-06-06 18:30:00,3.75,7.1,7.766666666666667,15
2026-06-06 20:00:00,2026-06-07 01:00:00,5.25,5.4,6.542857142857142,20
2026-06-07 03:30:00,2026-06-07 08:45:00,5.5,6.0,6.559090909090909,3
2026-06-07 10:15:00,2026-06-07 12:30:00,2.5,5.5,5.98,10
2026-06-07 15:45:00,2026-06-07 19:00:00,3.5,6.2,7.257142857142858,15
2026-06-07 20:30:00,2026-06-08 01:30:00,5.25,5.1,6.190476190476191,20
2026-06-08 04:00:00,2026-06-08 06:45:00,3.0,6.0,6.624999999999999,4
2026-06-08 08:15:00,2026-06-08 12:15:00,4.25,5.1,6.164705882352941,8
2026-06-08 16:45:00,2026-06-08 19:00:00,2.5,6.5,7.62,16
2026-06-08 21:00:00,2026-06-09 02:15:00,5.5,5.1,6.186363636363635,21
2026-06-09 07:45:00,2026-06-09 11:45:00,4.25,4.9,5.894117647058824,7
2026-06-09 13:30:00,2026-06-09 15:30:00,2.25,5.2,5.5777777777777775,13
2026-06-09 17:00:00,2026-06-10 03:30:00,10.75,5.3,6.32093023255814,17
2026-06-10 06:15:00,2026-06-10 10:45:00,4.75,5.5,6.089473684210526,6
2026-06-10 12:15:00,2026-06-10 15:00:00,3.0,4.9,5.3999999999999995,12
2026-06-10 22:30:00,2026-06-10 23:30:00,1.25,5.3,5.700000000000001,22
2026-06-11 01:15:00,2026-06-11 02:30:00,1.5,5.0,5.216666666666667,1
2026-06-11 04:00:00,2026-06-11 05:15:00,1.5,5.2,5.5,4
2026-06-11 09:30:00,2026-06-11 12:15:00,3.0,5.4,5.858333333333334,9
2026-06-11 19:15:00,2026-06-11 20:15:00,1.25,6.3,6.58,19
2026-06-11 22:45:00,2026-06-12 01:15:00,2.75,4.8,5.454545454545454,22
2026-06-12 02:45:00,2026-06-12 16:30:00,14.0,4.7,5.667857142857143,2
2026-06-13 02:15:00,2026-06-13 02:30:00,0.5,4.7,4.95,2
2026-06-13 05:45:00,2026-06-13 06:15:00,0.75,5.1,5.166666666666666,5
2026-06-13 09:45:00,2026-06-13 17:30:00,8.0,4.9,5.58125,9
2026-06-13 19:45:00,2026-06-13 20:00:00,0.5,5.8,5.949999999999999,19
2026-06-14 04:30:00,2026-06-14 05:30:00,1.25,4.6,4.840000000000001,4
2026-06-14 07:45:00,2026-06-14 08:00:00,0.5,5.3,5.4,7
2026-06-14 12:45:00,2026-06-14 14:45:00,2.25,5.0,5.699999999999999,12
2026-06-14 16:30:00,2026-06-14 16:45:00,0.5,5.0,5.1,16
2026-06-14 19:00:00,2026-06-14 19:45:00,1.0,6.0,6.125,19
2026-06-14 23:30:00,2026-06-15 00:30:00,1.25,4.8,5.14,23
2026-06-15 03:45:00,2026-06-15 04:00:00,0.5,4.6,4.699999999999999,3
2026-06-15 06:00:00,2026-06-15 07:15:00,1.5,4.5,4.716666666666667,6
2026-06-15 10:00:00,2026-06-15 10:30:00,0.75,5.8,5.933333333333333,10
2026-06-15 12:00:00,2026-06-15 17:30:00,5.75,4.9,5.717391304347826,12
2026-06-15 21:00:00,2026-06-16 00:45:00,4.0,5.2,5.75,21
2026-06-16 02:15:00,2026-06-16 04:15:00,2.25,4.4,4.666666666666667,2
2026-06-16 06:45:00,2026-06-16 07:30:00,1.0,4.5,4.6499999999999995,6
2026-06-16 15:45:00,2026-06-16 19:00:00,3.5,4.7,5.07142857142857,15
2026-06-16 22:30:00,2026-06-17 01:30:00,3.25,5.0,5.492307692307692,22
2026-06-17 05:30:00,2026-06-17 06:15:00,1.0,3.8,4.2250000000000005,5
2026-06-17 07:45:00,2026-06-17 08:30:00,1.0,4.3,4.45,7
2026-06-17 10:15:00,2026-06-17 11:00:00,1.0,4.9,5.075,10
2026-06-17 16:30:00,2026-06-17 18:15:00,2.0,4.9,5.2625,16
2026-06-17 23:45:00,2026-06-18 00:00:00,0.5,5.4,5.5,23
2026-06-18 03:00:00,2026-06-18 04:00:00,1.25,4.6,4.76,3
2026-06-18 07:30:00,2026-06-18 09:00:00,1.75,4.3,4.5285714285714285,7
2026-06-18 11:00:00,2026-06-18 14:45:00,4.0,4.7,5.475,11
2026-06-18 17:00:00,2026-06-18 19:30:00,2.75,4.3,5.036363636363636,17
2026-06-18 21:00:00,2026-06-18 21:45:00,1.0,4.8,4.95,21
2026-06-19 05:45:00,2026-06-19 09:00:00,3.5,4.3,4.621428571428572,5
2026-06-19 12:00:00,2026-06-19 12:45:00,1.0,4.7,5.225,12
2026-06-19 17:30:00,2026-06-19 18:45:00,1.5,5.0,5.349999999999999,17
2026-06-19 20:30:00,2026-06-20 02:30:00,6.25,4.8,5.164,20
2026-06-20 05:30:00,2026-06-20 09:45:00,4.5,4.4,4.877777777777777,5
2026-06-20 11:30:00,2026-06-20 13:00:00,1.75,4.7,4.971428571428572,11
2026-06-20 15:30:00,2026-06-20 20:30:00,5.25,4.7,6.280952380952381,15
2026-06-20 22:00:00,2026-06-20 22:15:00,0.5,4.6,4.75,22
2026-06-21 00:30:00,2026-06-21 04:00:00,3.75,4.8,5.373333333333333,0
2026-06-21 07:00:00,2026-06-21 09:00:00,2.25,4.9,5.166666666666666,7
2026-06-21 10:45:00,2026-06-21 11:00:00,0.5,4.8,4.949999999999999,10
2026-06-21 13:15:00,2026-06-21 13:45:00,0.75,5.3,5.466666666666666,13
2026-06-21 15:15:00,2026-06-21 21:45:00,6.75,4.9,6.37037037037037,15
2026-06-21 23:45:00,2026-06-22 01:00:00,1.5,4.9,5.133333333333334,23
2026-06-22 10:15:00,2026-06-22 13:15:00,3.25,4.7,5.4,10
2026-06-22 16:30:00,2026-06-22 18:15:00,2.0,6.8,7.0375,16
2026-06-22 20:30:00,2026-06-23 03:15:00,7.0,4.8,5.353571428571429,20
2026-06-23 05:00:00,2026-06-23 07:00:00,2.25,5.3,5.566666666666666,5
2026-06-23 12:45:00,2026-06-23 20:15:00,7.75,4.2,6.0290322580645155,12
2026-06-23 21:45:00,2026-06-24 03:15:00,5.75,4.7,5.530434782608695,21
2026-06-24 05:00:00,2026-06-24 05:30:00,0.75,5.5,5.633333333333333,5
2026-06-24 10:15:00,2026-06-24 13:30:00,3.5,4.0,5.364285714285714,10
2026-06-24 15:00:00,2026-06-24 18:00:00,3.25,5.1,5.484615384615386,15
2026-06-24 20:00:00,2026-06-24 21:30:00,1.75,6.6,6.957142857142857,20
2026-06-24 23:00:00,2026-06-25 05:00:00,6.25,4.4,5.4479999999999995,23
2026-06-25 07:00:00,2026-06-25 07:45:00,1.0,5.8,5.949999999999999,7
2026-06-25 09:45:00,2026-06-25 16:00:00,6.5,4.3,5.6230769230769235,9
2026-06-25 18:00:00,2026-06-25 23:00:00,5.25,5.6,6.523809523809523,18
2026-06-26 00:45:00,2026-06-26 03:45:00,3.25,5.0,5.6000000000000005,0
2026-06-26 06:00:00,2026-06-26 06:30:00,0.75,5.3,5.433333333333333,6
2026-06-26 08:45:00,2026-06-26 17:30:00,9.0,4.7,5.586111111111112,8
2026-06-27 00:15:00,2026-06-27 05:00:00,5.0,4.6,5.164999999999999,0
2026-06-27 10:45:00,2026-06-27 17:00:00,6.5,4.6,5.569230769230769,10
2026-06-27 20:45:00,2026-06-28 07:30:00,11.0,4.3,5.427272727272729,20
2026-06-28 12:15:00,2026-06-28 18:30:00,6.5,4.0,5.584615384615385,12
2026-06-28 20:30:00,2026-06-28 21:45:00,1.5,5.0,5.433333333333334,20
2026-06-28 23:30:00,2026-06-29 08:30:00,9.25,4.4,5.2216216216216225,23
2026-06-29 12:45:00,2026-06-29 17:00:00,4.5,4.3,5.972222222222221,12
2026-06-29 18:30:00,2026-06-29 19:00:00,0.75,4.4,4.666666666666667,18
2026-06-29 21:00:00,2026-06-29 21:15:00,0.5,4.7,4.800000000000001,21
2026-06-29 23:15:00,2026-06-30 07:45:00,8.75,0.0,4.965714285714286,23
2026-06-30 13:45:00,2026-06-30 19:00:00,5.5,4.2,5.581818181818182,13
2026-06-30 20:45:00,2026-06-30 23:30:00,3.0,4.9,5.449999999999999,20
2026-07-01 01:00:00,2026-07-01 05:30:00,4.75,4.5,5.394736842105263,1
2026-07-01 08:30:00,2026-07-01 09:00:00,0.75,4.8,5.266666666666667,8
2026-07-01 10:45:00,2026-07-01 19:15:00,8.75,4.1,6.111428571428571,10
2026-07-01 22:15:00,2026-07-01 22:45:00,0.75,4.9,5.0,22
2026-07-02 01:45:00,2026-07-02 08:30:00,7.0,3.9,4.960714285714286,1
2026-07-02 10:30:00,2026-07-02 19:00:00,8.75,4.4,6.025714285714286,10
2026-07-02 21:30:00,2026-07-03 00:00:00,2.75,4.6,5.1090909090909085,21
2026-07-03 04:15:00,2026-07-03 07:45:00,3.75,3.9,4.613333333333332,4
2026-07-03 09:30:00,2026-07-03 12:30:00,3.25,0.0,4.984615384615385,9
2026-07-03 14:45:00,2026-07-03 18:45:00,4.25,0.0,5.323529411764706,14
2026-07-03 20:45:00,2026-07-03 22:15:00,1.75,4.5,5.028571428571428,20
2026-07-04 05:30:00,2026-07-04 07:00:00,1.75,4.0,4.457142857142857,5
2026-07-04 13:00:00,2026-07-04 23:45:00,11.0,4.4,5.713636363636364,13
2026-07-05 03:15:00,2026-07-05 11:00:00,8.0,4.0,4.571875,3
2026-07-05 14:00:00,2026-07-05 21:45:00,8.0,4.1,5.4,14
2026-07-05 23:30:00,2026-07-06 00:30:00,1.25,4.2,4.48,23
2026-07-06 02:45:00,2026-07-06 05:15:00,2.75,0.0,4.309090909090909,2
2026-07-06 07:15:00,2026-07-06 12:30:00,5.5,0.0,4.04090909090909,7
2026-07-06 14:30:00,2026-07-06 22:45:00,8.5,4.3,5.229411764705882,14
2026-07-07 01:30:00,2026-07-07 03:15:00,2.0,0.0,4.275,1
2026-07-07 06:15:00,2026-07-07 13:00:00,7.0,3.8,4.496428571428572,6
2026-07-09 13:15:00,2026-07-09 13:30:00,0.5,3.7,3.8,13
2026-07-09 19:15:00,2026-07-10 02:30:00,7.5,3.6,4.723333333333333,19
2026-07-10 05:15:00,2026-07-10 06:15:00,1.25,4.6,4.74,5
2026-07-10 07:45:00,2026-07-10 12:15:00,4.75,3.9,4.894736842105264,7
2026-07-10 15:45:00,2026-07-10 17:15:00,1.75,4.6,4.857142857142857,15
2026-07-10 21:45:00,2026-07-11 01:15:00,3.75,3.9,4.52,21
2026-07-11 04:15:00,2026-07-11 04:45:00,0.75,4.1,4.233333333333333,4
2026-07-11 10:15:00,2026-07-11 15:00:00,5.0,3.9,4.65,10
2026-07-11 17:00:00,2026-07-11 17:30:00,0.75,4.9,5.1000000000000005,17
2026-07-12 00:00:00,2026-07-12 02:00:00,2.25,3.2,4.011111111111111,0
2026-07-12 10:00:00,2026-07-12 11:15:00,1.5,4.7,4.9,10
2026-07-12 12:45:00,2026-07-12 14:15:00,1.75,4.0,4.485714285714286,12
2026-07-12 19:30:00,2026-07-12 19:45:00,0.5,4.3,4.699999999999999,19
2026-07-13 00:45:00,2026-07-13 02:45:00,2.25,3.5,3.7777777777777777,0
2026-07-13 07:00:00,2026-07-13 08:00:00,1.25,4.1,4.32,7
2026-07-13 14:00:00,2026-07-13 16:15:00,2.5,4.1,4.720000000000001,14
2026-07-13 19:45:00,2026-07-13 22:15:00,2.75,4.9,5.1,19
2026-07-14 01:45:00,2026-07-14 02:30:00,1.0,3.7,3.825,1
2026-07-14 05:45:00,2026-07-14 08:30:00,3.0,4.0,4.483333333333333,5
2026-07-14 14:15:00,2026-07-14 14:45:00,0.75,4.5,4.633333333333333,14
2026-07-14 16:15:00,2026-07-14 17:15:00,1.25,4.0,4.5200000000000005,16
2026-07-14 20:15:00,2026-07-14 22:15:00,2.25,5.0,5.311111111111111,20
2026-07-14 23:45:00,2026-07-15 00:30:00,1.0,4.4,4.6,23
2026-07-15 02:15:00,2026-07-15 07:00:00,5.0,3.2,3.675,2
2026-07-15 10:45:00,2026-07-15 13:15:00,2.75,4.5,5.0,10
2026-07-15 17:15:00,2026-07-15 18:30:00,1.5,4.0,4.5,17
2026-07-15 20:30:00,2026-07-15 22:45:00,2.5,4.6,5.39,20
2026-07-16 00:15:00,2026-07-16 05:15:00,5.25,3.0,3.7714285714285714,0
2026-07-16 07:00:00,2026-07-16 07:30:00,0.75,3.8,4.0,7
2026-07-16 12:45:00,2026-07-16 19:00:00,6.5,4.3,4.7846153846153845,12
2026-07-16 22:30:00,2026-07-16 23:00:00,0.75,5.2,5.433333333333334,22
2026-07-17 05:45:00,2026-07-17 07:30:00,2.0,3.7,3.8625,5
2026-07-17 12:30:00,2026-07-17 13:45:00,1.5,5.6,5.816666666666667,12
2026-07-17 15:45:00,2026-07-17 20:15:00,4.75,4.1,4.96842105263158,15
2026-07-17 23:00:00,2026-07-18 00:30:00,1.75,4.8,5.2,23
2026-07-18 08:00:00,2026-07-18 12:00:00,4.25,3.9,4.405882352941177,8
2026-07-18 15:30:00,2026-07-18 20:00:00,4.75,4.0,5.11578947368421,15
2026-07-18 22:00:00,2026-07-18 22:30:00,0.75,4.6,4.666666666666666,22
2026-07-19 00:30:00,2026-07-19 01:15:00,1.0,4.9,5.1000000000000005,0
2026-07-19 04:45:00,2026-07-19 12:30:00,8.0,3.5,4.3375,4
2026-07-19 15:30:00,2026-07-19 23:30:00,8.25,3.9,5.339393939393939,15
2026-07-20 01:45:00,2026-07-20 02:30:00,1.0,4.8,5.15,1
2026-07-20 06:15:00,2026-07-20 10:15:00,4.25,4.1,4.511764705882353,6
2026-07-20 15:15:00,2026-07-20 17:30:00,2.5,5.5,6.03,15
2026-07-20 19:15:00,2026-07-20 20:00:00,1.0,4.6,5.0,19
2026-07-20 21:30:00,2026-07-21 02:15:00,5.0,3.7,4.220000000000001,21
2026-07-21 07:30:00,2026-07-21 14:30:00,7.25,3.8,4.465517241379311,7
2026-07-21 16:15:00,2026-07-22 02:00:00,10.0,3.9,5.2175,16
2026-07-22 04:30:00,2026-07-22 06:00:00,1.75,4.7,5.0,4
2026-07-22 07:30:00,2026-07-22 10:00:00,2.75,4.5,5.054545454545455,7
2026-07-22 11:45:00,2026-07-23 06:30:00,19.0,4.0,5.03157894736842,11
2026-07-23 10:45:00,2026-07-24 01:15:00,14.75,3.9,5.26949152542373,10
2026-07-24 03:00:00,2026-07-24 05:15:00,2.5,4.3,4.61,3
2026-07-24 08:45:00,2026-07-24 17:15:00,8.75,3.9,5.025714285714286,8
2026-07-24 19:15:00,2026-07-24 20:45:00,1.75,5.7,6.085714285714286,19
2026-07-24 23:45:00,2026-07-25 02:30:00,3.0,4.1,4.791666666666667,23
2026-07-25 06:15:00,2026-07-25 07:15:00,1.25,4.6,4.799999999999999,6
2026-07-25 09:15:00,2026-07-25 12:45:00,3.75,4.5,5.166666666666667,9
2026-07-25 14:30:00,2026-07-25 16:45:00,2.5,3.9,4.369999999999999,14
2026-07-25 19:00:00,2026-07-26 07:00:00,12.25,3.4,4.589795918367346,19
2026-07-26 11:30:00,2026-07-26 16:30:00,5.25,3.2,4.219047619047619,11
2026-07-26 18:00:00,2026-07-26 19:30:00,1.75,3.9,4.128571428571428,18
2026-07-26 21:45:00,2026-07-27 00:00:00,2.5,4.6,4.91,21
2026-07-27 01:30:00,2026-07-27 04:45:00,3.5,3.4,3.921428571428571,1
2026-07-27 06:15:00,2026-07-27 07:30:00,1.5,3.7,4.1,6
2026-07-27 12:00:00,2026-07-27 14:00:00,2.25,3.8,4.544444444444444,12
2026-07-27 16:00:00,2026-07-27 18:30:00,2.75,3.7,4.263636363636364,16
2026-07-27 20:00:00,2026-07-27 23:00:00,3.25,4.5,4.653846153846153,20
2026-07-28 01:45:00,2026-07-28 06:00:00,4.5,3.2,3.644444444444444,1
2026-07-28 07:45:00,2026-07-28 08:15:00,0.75,4.3,4.433333333333333,7
2026-07-28 12:15:00,2026-07-28 15:45:00,3.75,3.7,4.693333333333333,12
2026-07-28 20:30:00,2026-07-28 21:00:00,0.75,4.5,4.866666666666667,20
2026-07-29 02:30:00,2026-07-29 08:30:00,6.25,3.5,3.888,2
2026-07-29 12:45:00,2026-07-29 16:45:00,4.25,3.7,4.935294117647059,12
2026-07-29 20:30:00,2026-07-29 21:15:00,1.0,4.4,4.825,20
2026-07-30 05:00:00,2026-07-30 05:15:00,0.5,3.9,4.0,5
2026-07-30 07:45:00,2026-07-30 08:45:00,1.25,4.2,4.4399999999999995,7
2026-07-30 15:15:00,2026-07-30 17:30:00,2.5,4.2,5.09,15
2026-07-30 20:30:00,2026-07-30 22:30:00,2.25,4.7,5.066666666666667,20
2026-07-31 00:15:00,2026-07-31 02:00:00,2.0,4.8,5.137499999999999,0
2026-07-31 04:00:00,2026-07-31 09:45:00,6.0,3.5,4.25,4
2026-07-31 12:45:00,2026-07-31 19:00:00,6.5,4.2,5.5576923076923075,12
2026-08-01 02:30:00,2026-08-01 08:45:00,6.5,3.8,4.373076923076923,2
2026-08-01 13:45:00,2026-08-01 18:30:00,5.0,4.3,5.305000000000001,13
2026-08-01 20:15:00,2026-08-01 21:00:00,1.0,4.7,4.9,20
2026-08-02 02:30:00,2026-08-02 02:45:00,0.5,4.9,5.0,2
2026-08-02 04:15:00,2026-08-02 06:30:00,2.5,3.9,4.36,4
2026-08-02 08:15:00,2026-08-02 09:00:00,1.0,4.1,4.2250000000000005,8
2026-08-02 10:30:00,2026-08-02 11:00:00,0.75,4.5,4.6000000000000005,10
2026-08-02 14:15:00,2026-08-02 21:45:00,7.75,3.8,4.619354838709678,14
2026-08-03 00:15:00,2026-08-03 01:30:00,1.5,4.5,4.7,0
2026-08-03 03:15:00,2026-08-03 09:30:00,6.5,3.5,4.203846153846154,3
2026-08-03 11:15:00,2026-08-03 11:30:00,0.5,4.1,4.199999999999999,11
2026-08-03 15:15:00,2026-08-03 16:00:00,1.0,5.0,5.2,15
2026-08-03 17:30:00,2026-08-03 19:15:00,2.0,4.2,4.6125,17
2026-08-03 21:15:00,2026-08-03 23:45:00,2.75,3.8,4.054545454545455,21
2026-08-04 05:15:00,2026-08-04 09:45:00,4.75,3.5,3.9421052631578952,5
2026-08-04 13:00:00,2026-08-04 20:15:00,7.5,2.7,4.946666666666667,13
2026-08-04 22:00:00,2026-08-04 23:30:00,1.75,3.8,4.071428571428572,22
2026-08-05 04:15:00,2026-08-05 05:15:00,1.25,4.4,4.68,4
2026-08-05 06:45:00,2026-08-05 08:00:00,1.5,3.6,4.033333333333334,6
2026-08-05 09:30:00,2026-08-05 10:00:00,0.75,3.7,3.8333333333333335,9
2026-08-05 11:30:00,2026-08-05 11:45:00,0.5,4.1,4.25,11
2026-08-05 17:45:00,2026-08-05 22:45:00,5.25,3.6,4.3619047619047615,17
2026-08-06 00:15:00,2026-08-06 02:15:00,2.25,3.9,4.2555555555555555,0
2026-08-06 06:15:00,2026-08-06 09:00:00,3.0,3.3,4.033333333333333,6
2026-08-06 12:15:00,2026-08-06 12:30:00,0.5,3.7,3.85,12
2026-08-06 17:45:00,2026-08-07 02:15:00,8.75,3.4,4.448571428571428,17
2026-08-07 08:00:00,2026-08-07 11:00:00,3.25,3.4,3.9692307692307693,8
2026-08-07 13:00:00,2026-08-08 00:30:00,11.75,3.6,4.71063829787234,13
2026-08-08 06:00:00,2026-08-08 06:45:00,1.0,4.5,4.725,6
2026-08-08 10:30:00,2026-08-08 13:00:00,2.75,4.0,4.336363636363637,10
2026-08-08 14:30:00,2026-08-08 15:00:00,0.75,4.4,4.5,14
2026-08-08 16:30:00,2026-08-09 05:45:00,13.5,3.6,4.62962962962963,16
2026-08-09 09:30:00,2026-08-09 13:30:00,4.25,3.7,4.3,9
2026-08-09 17:30:00,2026-08-09 18:45:00,1.5,4.3,4.533333333333333,17
2026-08-09 22:30:00,2026-08-10 01:45:00,3.5,3.5,3.9857142857142853,22
2026-08-10 05:15:00,2026-08-10 07:00:00,2.0,4.0,4.275,5
2026-08-10 10:15:00,2026-08-10 15:15:00,5.25,3.8,4.49047619047619,10
2026-08-10 19:00:00,2026-08-10 20:15:00,1.5,4.4,4.6499999999999995,19
2026-08-10 22:15:00,2026-08-10 23:00:00,1.0,4.4,4.55,22
2026-08-11 00:30:00,2026-08-11 03:15:00,3.0,3.4,3.775,0
2026-08-11 11:15:00,2026-08-11 16:15:00,5.25,4.0,4.4714285714285715,11
2026-08-11 18:15:00,2026-08-11 18:30:00,0.5,5.0,5.15,18
2026-08-11 20:00:00,2026-08-11 20:15:00,0.5,5.0,5.2,20
2026-08-12 00:45:00,2026-08-12 01:45:00,1.25,3.6,3.8800000000000003,0
2026-08-12 10:30:00,2026-08-12 12:00:00,1.75,4.7,4.971428571428572,10
2026-08-12 15:45:00,2026-08-12 17:00:00,1.5,4.3,4.583333333333333,15
2026-08-12 18:45:00,2026-08-12 23:00:00,4.5,5.0,5.627777777777777,18
2026-08-13 01:45:00,2026-08-13 03:15:00,1.75,3.4,3.728571428571428,1
2026-08-13 07:45:00,2026-08-13 09:00:00,1.5,4.8,4.95,7
2026-08-13 11:15:00,2026-08-13 18:30:00,7.5,4.3,4.883333333333334,11
2026-08-13 22:00:00,2026-08-13 22:30:00,0.75,5.2,5.566666666666666,22
2026-08-14 00:00:00,2026-08-14 04:45:00,5.0,3.7,4.244999999999999,0
2026-08-14 06:30:00,2026-08-14 09:15:00,3.0,3.8,4.491666666666667,6
2026-08-14 12:30:00,2026-08-14 14:15:00,2.0,4.8,5.25,12
2026-08-14 17:30:00,2026-08-14 17:45:00,0.5,4.3,4.4,17
2026-08-14 21:45:00,2026-08-14 23:15:00,1.75,5.2,5.500000000000001,21
2026-08-15 01:30:00,2026-08-15 05:15:00,4.0,3.3,4.13125,1
2026-08-15 08:00:00,2026-08-15 09:15:00,1.5,4.0,4.316666666666666,8
2026-08-15 16:45:00,2026-08-15 18:45:00,2.25,4.2,4.611111111111111,16
2026-08-15 22:30:00,2026-08-15 23:30:00,1.25,4.8,5.12,22
2026-08-16 02:15:00,2026-08-16 07:30:00,5.5,3.6,4.168181818181818,2
2026-08-16 09:15:00,2026-08-16 20:45:00,11.75,3.8,4.851063829787234,9
2026-08-16 22:15:00,2026-08-16 23:00:00,1.0,4.5,4.775,22
2026-08-17 01:00:00,2026-08-17 02:00:00,1.25,4.7,4.78,1
2026-08-17 03:45:00,2026-08-17 08:45:00,5.25,3.7,4.133333333333333,3
2026-08-17 10:15:00,2026-08-17 11:30:00,1.5,4.4,4.616666666666667,10
2026-08-17 14:45:00,2026-08-17 20:00:00,5.5,4.1,5.286363636363635,14
2026-08-17 21:45:00,2026-08-18 00:00:00,2.5,4.1,4.609999999999999,21
2026-08-18 02:15:00,2026-08-18 02:45:00,0.75,4.7,4.833333333333333,2
2026-08-18 04:45:00,2026-08-18 05:45:00,1.25,4.6,4.8,4
2026-08-18 07:30:00,2026-08-18 08:15:00,1.0,4.4,4.55,7
2026-08-18 09:45:00,2026-08-18 13:00:00,3.5,3.7,4.171428571428572,9
2026-08-18 15:30:00,2026-08-19 00:30:00,9.25,4.1,5.383783783783784,15
2026-08-19 02:30:00,2026-08-19 03:00:00,0.75,5.1,5.233333333333333,2
2026-08-19 04:45:00,2026-08-19 14:30:00,10.0,4.0,4.6850000000000005,4
2026-08-19 17:15:00,2026-08-19 23:15:00,6.25,4.2,6.071999999999999,17
2026-08-20 00:45:00,2026-08-20 03:00:00,2.5,4.0,4.67,0
2026-08-20 05:30:00,2026-08-20 07:45:00,2.5,4.4,5.05,5
2026-08-20 09:15:00,2026-08-20 10:15:00,1.25,4.5,4.8,9
2026-08-20 12:00:00,2026-08-20 12:45:00,1.0,4.1,4.275,12
2026-08-20 17:45:00,2026-08-21 00:30:00,7.0,4.4,5.960714285714286,17
2026-08-21 02:45:00,2026-08-21 03:30:00,1.0,4.6,4.7250000000000005,2
2026-08-21 06:15:00,2026-08-21 13:45:00,7.75,3.9,5.064516129032258,6
2026-08-21 18:00:00,2026-08-22 02:30:00,8.75,4.0,5.5114285714285725,18
2026-08-22 04:00:00,2026-08-22 06:00:00,2.25,4.7,5.233333333333334,4
2026-08-22 13:00:00,2026-08-22 14:15:00,1.5,3.7,4.783333333333333,13
2026-08-22 15:45:00,2026-08-23 06:00:00,14.5,4.2,5.296551724137931,15
2026-08-23 08:15:00,2026-08-23 09:15:00,1.25,4.7,5.2,8
2026-08-23 10:45:00,2026-08-23 17:00:00,6.5,3.6,4.726923076923077,10
2026-08-23 19:45:00,2026-08-24 06:00:00,10.5,3.9,5.054761904761905,19
2026-08-24 09:15:00,2026-08-24 16:15:00,7.25,3.9,4.910344827586208,9
2026-08-24 19:30:00,2026-08-24 21:45:00,2.5,5.3,5.79,19
2026-08-24 23:15:00,2026-08-25 05:30:00,6.5,4.0,4.657692307692308,23
2026-08-25 09:15:00,2026-08-25 15:30:00,6.5,3.4,4.949999999999999,9
2026-08-25 17:30:00,2026-08-25 19:30:00,2.25,4.3,4.666666666666667,17
2026-08-26 00:30:00,2026-08-26 03:45:00,3.5,3.5,4.292857142857143,0
2026-08-26 05:30:00,2026-08-26 06:45:00,1.5,4.2,4.466666666666667,5
2026-08-26 09:45:00,2026-08-26 19:00:00,9.5,4.0,4.8578947368421055,9
2026-08-26 20:30:00,2026-08-26 23:45:00,3.5,4.4,4.9071428571428575,20
2026-08-27 01:15:00,2026-08-27 02:45:00,1.75,3.3,4.257142857142857,1
2026-08-27 04:30:00,2026-08-27 08:00:00,3.75,3.7,4.113333333333333,4
2026-08-27 10:45:00,2026-08-27 12:15:00,1.75,4.8,5.228571428571428,10
2026-08-27 14:00:00,2026-08-27 16:30:00,2.75,3.9,4.745454545454546,14
2026-08-27 20:15:00,2026-08-27 20:45:00,0.75,4.8,5.1000000000000005,20
2026-08-28 01:30:00,2026-08-28 08:15:00,7.0,3.7,4.2250000000000005,1
2026-08-28 12:15:00,2026-08-28 12:30:00,0.5,4.6,4.75,12
2026-08-28 14:45:00,2026-08-28 17:15:00,2.75,3.6,3.9545454545454546,14
2026-08-28 18:45:00,2026-08-28 19:15:00,0.75,4.5,4.666666666666667,18
2026-08-28 23:45:00,2026-08-29 00:45:00,1.25,4.2,4.46,23
2026-08-29 02:15:00,2026-08-29 02:30:00,0.5,3.7,3.8,2
2026-08-29 04:15:00,2026-08-29 04:45:00,0.75,3.4,3.566666666666667,4
2026-08-29 08:15:00,2026-08-29 09:15:00,1.25,4.2,4.36,8
2026-08-29 12:15:00,2026-08-29 13:15:00,1.25,4.4,4.859999999999999,12
2026-08-29 14:45:00,2026-08-29 18:00:00,3.5,3.6,4.171428571428571,14
2026-08-29 21:45:00,2026-08-29 22:00:00,0.5,4.2,4.6,21
2026-08-30 02:45:00,2026-08-30 03:45:00,1.25,3.6,3.9,2
2026-08-30 05:15:00,2026-08-30 07:15:00,2.25,3.5,3.8333333333333335,5
2026-08-30 09:15:00,2026-08-30 11:30:00,2.5,4.6,4.77,9
2026-08-30 13:30:00,2026-08-30 14:45:00,1.5,4.8,4.933333333333334,13
2026-08-30 16:15:00,2026-08-30 19:45:00,3.75,4.0,4.426666666666666,16
2026-08-31 01:15:00,2026-08-31 02:30:00,1.5,4.3,4.6,1
2026-08-31 04:00:00,2026-08-31 05:45:00,2.0,3.2,3.6875,4
2026-08-31 11:00:00,2026-08-31 11:15:00,0.5,4.7,4.95,11
2026-08-31 13:30:00,2026-08-31 18:30:00,5.25,4.2,4.8047619047619055,13
2026-08-31 23:15:00,2026-09-01 00:15:00,1.25,4.5,4.64,23
2026-09-01 04:45:00,2026-09-01 07:45:00,3.25,3.4,3.7615384615384615,4
2026-09-01 09:30:00,2026-09-01 11:30:00,2.25,4.6,5.044444444444444,9
2026-09-01 13:00:00,2026-09-01 19:15:00,6.5,4.0,5.288461538461538,13
2026-09-01 22:45:00,2026-09-02 00:15:00,1.75,4.5,4.8,22
2026-09-02 03:30:00,2026-09-02 08:30:00,5.25,3.7,4.123809523809523,3
2026-09-02 10:30:00,2026-09-02 11:45:00,1.5,4.8,5.05,10
2026-09-02 13:45:00,2026-09-02 21:15:00,7.75,4.0,5.183870967741935,13
2026-09-03 03:00:00,2026-09-03 05:15:00,2.5,4.5,4.7,3
2026-09-03 07:00:00,2026-09-03 14:15:00,7.5,3.7,4.46,7
2026-09-03 18:15:00,2026-09-03 20:45:00,2.75,4.2,5.0636363636363635,18
2026-09-04 00:15:00,2026-09-04 02:00:00,2.0,4.3,4.675000000000001,0
2026-09-04 03:30:00,2026-09-04 05:00:00,1.75,4.8,5.0857142857142845,3
2026-09-04 06:30:00,2026-09-04 10:30:00,4.25,3.7,4.429411764705883,6
2026-09-04 12:30:00,2026-09-04 14:15:00,2.0,4.4,4.725,12
2026-09-04 17:15:00,2026-09-04 18:45:00,1.75,5.6,5.8428571428571425,17
2026-09-04 20:45:00,2026-09-05 02:30:00,6.0,3.7,4.445833333333334,20
2026-09-05 04:45:00,2026-09-05 11:30:00,7.0,3.8,4.817857142857142,4
2026-09-05 13:00:00,2026-09-05 13:30:00,0.75,4.1,4.2,13
2026-09-05 15:15:00,2026-09-05 19:00:00,4.0,4.6,5.41875,15
2026-09-05 21:00:00,2026-09-05 22:15:00,1.5,4.3,5.0166666666666675,21
2026-09-06 01:15:00,2026-09-06 04:15:00,3.25,3.9,4.453846153846153,1
2026-09-06 06:30:00,2026-09-06 12:15:00,6.0,4.1,4.891666666666667,6
2026-09-06 14:15:00,2026-09-06 15:30:00,1.5,4.6,4.666666666666667,14
2026-09-06 23:15:00,2026-09-07 06:15:00,7.25,4.4,4.848275862068966,23
2026-09-07 12:30:00,2026-09-07 13:30:00,1.25,4.5,4.78,12
2026-09-07 16:15:00,2026-09-07 16:45:00,0.75,5.0,5.066666666666666,16
2026-09-07 18:15:00,2026-09-07 19:30:00,1.5,5.0,5.466666666666666,18
2026-09-08 00:30:00,2026-09-08 06:30:00,6.25,4.5,4.9,0
2026-09-08 14:00:00,2026-09-08 14:15:00,0.5,4.8,4.949999999999999,14
2026-09-08 17:15:00,2026-09-08 17:45:00,0.75,5.0,5.066666666666666,17
2026-09-08 21:30:00,2026-09-08 22:45:00,1.5,5.2,5.416666666666667,21
2026-09-09 01:00:00,2026-09-09 01:30:00,0.75,4.2,4.366666666666667,1
