mulai,selesai,durasi_jam,nilai_min,nilai_rata,jam_mulai
2021-01-02 20:30:00,2021-01-02 20:45:00,0.5,9.1,9.25,20
2021-01-03 08:45:00,2021-01-03 09:00:00,0.5,9.3,9.4,8
2021-01-21 12:15:00,2021-01-21 13:00:00,1.0,9.9,10.049999999999999,12
2021-01-22 12:30:00,2021-01-22 14:00:00,1.75,9.5,9.642857142857142,12
2021-03-20 20:00:00,2021-03-20 20:15:00,0.5,7.9,8.05,20
2021-03-21 09:15:00,2021-03-21 09:30:00,0.5,8.1,8.25,9
2021-03-21 20:45:00,2021-03-21 21:15:00,0.75,8.2,8.4,20
2021-03-31 20:30:00,2021-03-31 21:15:00,1.0,6.5,6.65,20
2021-04-12 17:30:00,2021-04-12 18:15:00,1.0,7.1,7.450000000000001,17
2021-04-14 18:15:00,2021-04-14 18:45:00,0.75,7.2,7.333333333333333,18
2021-04-17 14:15:00,2021-04-17 14:45:00,0.75,6.9,7.066666666666667,14
2021-05-06 18:30:00,2021-05-06 19:45:00,1.5,7.0,7.316666666666666,18
2021-05-08 13:45:00,2021-05-08 14:00:00,0.5,6.8,6.9,13
2021-05-10 08:30:00,2021-05-10 12:15:00,4.0,6.8,7.43125,8
2021-05-10 21:00:00,2021-05-10 21:15:00,0.5,6.9,7.15,21
2021-05-11 03:45:00,2021-05-11 05:00:00,1.5,6.5,6.666666666666667,3
2021-05-11 14:30:00,2021-05-11 15:15:00,1.0,6.7,6.975,14
2021-05-12 09:30:00,2021-05-12 10:30:00,1.25,6.6,6.859999999999999,9
2021-05-20 15:30:00,2021-05-20 15:45:00,0.5,6.5,6.65,15
2021-05-20 18:00:00,2021-05-20 18:15:00,0.5,7.4,7.5,18
2021-05-21 10:15:00,2021-05-21 11:00:00,1.0,6.8,7.025,10
2021-05-21 19:00:00,2021-05-21 19:30:00,0.75,7.2,7.366666666666667,19
2021-05-22 05:15:00,2021-05-22 05:30:00,0.5,6.3,6.449999999999999,5
2021-05-22 11:30:00,2021-05-22 12:00:00,0.75,6.8,6.933333333333334,11
2021-05-22 18:00:00,2021-05-22 19:45:00,2.0,6.5,6.9875,18
2021-05-23 12:30:00,2021-05-23 13:00:00,0.75,6.3,6.7,12
2021-05-23 14:30:00,2021-05-23 15:45:00,1.5,6.1,6.266666666666667,14
2021-05-23 19:15:00,2021-05-23 20:45:00,1.75,6.0,6.5857142857142845,19
2021-05-24 02:00:00,2021-05-24 04:00:00,2.25,5.6,5.955555555555556,2
2021-05-24 07:15:00,2021-05-24 08:45:00,1.75,5.5,6.171428571428572,7
2021-05-24 13:30:00,2021-05-24 16:00:00,2.75,5.7,6.363636363636363,13
2021-05-24 21:45:00,2021-05-24 22:45:00,1.25,6.0,6.2,21
2021-05-25 02:30:00,2021-05-25 04:15:00,2.0,5.3,5.5125,2
2021-05-25 08:15:00,2021-05-25 11:00:00,3.0,4.9,5.625000000000001,8
2021-05-25 15:00:00,2021-05-25 16:45:00,2.0,5.3,5.65,15
2021-05-25 21:00:00,2021-05-25 21:15:00,0.5,5.3,5.449999999999999,21
2021-05-26 08:30:00,2021-05-26 12:00:00,3.75,4.7,5.3999999999999995,8
2021-05-26 15:15:00,2021-05-26 17:45:00,2.75,5.0,5.336363636363637,15
2021-05-26 21:30:00,2021-05-26 22:15:00,1.0,4.7,5.15,21
2021-05-27 09:00:00,2021-05-27 11:45:00,3.0,3.9,4.8500000000000005,9
2021-05-27 16:00:00,2021-05-27 18:30:00,2.75,4.7,4.954545454545454,16
2021-05-27 22:30:00,2021-05-27 23:00:00,0.75,4.8,5.0,22
2021-05-28 10:45:00,2021-05-28 12:45:00,2.25,4.0,4.877777777777777,10
2021-05-28 17:30:00,2021-05-28 18:45:00,1.5,4.6,4.766666666666667,17
2021-05-29 00:00:00,2021-05-29 00:15:00,0.5,4.0,4.45,0
2021-05-29 12:00:00,2021-05-29 13:30:00,1.75,4.3,5.271428571428571,12
2021-05-29 17:45:00,2021-05-29 19:45:00,2.25,4.7,4.933333333333334,17
2021-05-30 00:45:00,2021-05-30 01:00:00,0.5,4.7,4.85,0
2021-05-30 06:45:00,2021-05-30 07:30:00,1.0,4.5,4.55,6
2021-05-30 09:30:00,2021-05-30 10:15:00,1.0,4.7,4.825,9
2021-05-30 18:30:00,2021-05-30 18:45:00,0.5,4.9,5.0,18
2021-05-31 01:45:00,2021-05-31 02:00:00,0.5,4.6,4.949999999999999,1
2021-05-31 15:45:00,2021-05-31 16:00:00,0.5,6.2,6.300000000000001,15
2021-06-01 02:30:00,2021-06-01 02:45:00,0.5,4.6,5.15,2
2021-06-01 14:45:00,2021-06-01 15:15:00,0.75,4.2,4.766666666666667,14
2021-06-01 17:00:00,2021-06-01 17:15:00,0.5,6.0,6.1,17
2021-06-02 09:30:00,2021-06-02 09:45:00,0.5,4.6,4.9,9
2021-06-02 15:30:00,2021-06-02 16:00:00,0.75,4.6,4.999999999999999,15
2021-06-02 17:30:00,2021-06-02 17:45:00,0.5,6.1,6.199999999999999,17
2021-06-03 04:00:00,2021-06-03 04:15:00,0.5,4.3,4.699999999999999,4
2021-06-03 10:15:00,2021-06-03 10:45:00,0.75,5.4,5.466666666666666,10
2021-06-04 04:45:00,2021-06-04 05:00:00,0.5,4.1,4.699999999999999,4
2021-06-05 05:45:00,2021-06-05 06:00:00,0.5,4.1,4.699999999999999,5
2021-06-05 11:45:00,2021-06-05 12:00:00,0.5,5.6,5.699999999999999,11
2021-06-06 06:15:00,2021-06-06 06:30:00,0.5,5.4,5.65,6
2021-06-06 19:00:00,2021-06-06 19:15:00,0.5,5.8,6.1,19
2021-06-07 06:45:00,2021-06-07 07:15:00,0.75,4.4,5.266666666666667,6
2021-06-09 21:15:00,2021-06-09 22:15:00,1.25,6.3,6.720000000000001,21
2021-06-10 09:00:00,2021-06-10 10:45:00,2.0,5.1,6.3625,9
2021-06-10 21:45:00,2021-06-10 23:30:00,2.0,5.7,6.574999999999999,21
2021-06-11 09:45:00,2021-06-11 10:00:00,0.5,4.8,5.25,9
2021-06-11 11:30:00,2021-06-11 11:45:00,0.5,6.5,6.6,11
2021-06-12 04:30:00,2021-06-12 05:00:00,0.75,4.9,5.400000000000001,4
2021-06-13 11:00:00,2021-06-13 13:45:00,3.0,3.9,5.825,11
2021-06-14 00:15:00,2021-06-14 00:30:00,0.5,4.5,5.0,0
2021-06-14 11:45:00,2021-06-14 12:00:00,0.5,4.9,5.1,11
2021-06-14 14:45:00,2021-06-14 15:45:00,1.25,5.9,6.12,14
2021-06-15 00:45:00,2021-06-15 01:00:00,0.5,4.5,5.25,0
2021-06-15 12:45:00,2021-06-15 16:00:00,3.5,4.0,6.221428571428572,12
2021-06-16 01:15:00,2021-06-16 01:30:00,0.5,5.3,5.449999999999999,1
2021-06-16 13:00:00,2021-06-16 17:00:00,4.25,4.6,6.158823529411765,13
2021-06-17 02:30:00,2021-06-17 03:00:00,0.75,5.6,5.933333333333334,2
2021-06-17 14:45:00,2021-06-17 17:45:00,3.25,5.4,6.630769230769231,14
2021-06-18 03:00:00,2021-06-18 03:30:00,0.75,5.2,5.533333333333334,3
2021-06-18 17:30:00,2021-06-18 19:15:00,2.0,6.1,6.525,17
2021-06-19 03:45:00,2021-06-19 04:00:00,0.5,5.4,5.65,3
2021-06-19 16:30:00,2021-06-19 19:30:00,3.25,5.7,6.138461538461541,16
2021-06-19 22:30:00,2021-06-19 23:15:00,1.0,5.0,5.2,22
2021-06-20 04:45:00,2021-06-20 06:15:00,1.75,5.1,5.771428571428571,4
2021-06-20 18:00:00,2021-06-20 19:30:00,1.75,5.8,6.371428571428571,18
2021-06-21 05:45:00,2021-06-21 06:00:00,0.5,4.5,5.05,5
2021-06-21 14:15:00,2021-06-21 14:30:00,0.5,5.5,5.7,14
2021-06-21 20:15:00,2021-06-21 22:00:00,2.0,5.7,6.0625,20
2021-06-22 02:00:00,2021-06-22 03:15:00,1.5,5.4,5.683333333333334,2
2021-06-22 13:15:00,2021-06-22 16:15:00,3.25,4.9,5.799999999999999,13
2021-06-23 03:00:00,2021-06-23 04:45:00,2.0,4.7,5.1125,3
2021-06-23 07:30:00,2021-06-23 07:45:00,0.5,4.7,4.800000000000001,7
2021-06-23 21:00:00,2021-06-23 21:15:00,0.5,5.2,5.35,21
2021-06-24 00:00:00,2021-06-24 00:45:00,1.0,4.9,5.125,0
2021-06-24 11:00:00,2021-06-24 11:45:00,1.0,4.8,5.125,11
2021-06-24 15:00:00,2021-06-24 15:45:00,1.0,5.0,5.225,15
2021-06-25 04:15:00,2021-06-25 05:00:00,1.0,4.4,4.5,4
2021-06-25 10:15:00,2021-06-25 11:45:00,1.75,3.6,4.785714285714286,10
2021-06-25 15:45:00,2021-06-25 16:45:00,1.25,4.9,5.12,15
2021-06-26 10:45:00,2021-06-26 12:30:00,2.0,3.7,4.5,10
2021-06-27 05:45:00,2021-06-27 06:30:00,1.0,4.3,4.375,5
2021-06-27 12:00:00,2021-06-27 13:45:00,2.0,3.6,4.65,12
2021-06-28 12:15:00,2021-06-28 14:45:00,2.75,3.9,4.636363636363637,12
2021-06-29 01:15:00,2021-06-29 01:30:00,0.5,4.7,4.85,1
2021-06-29 13:00:00,2021-06-29 15:15:00,2.5,4.1,4.9,13
2021-06-30 10:15:00,2021-06-30 10:45:00,0.75,4.8,4.866666666666667,10
2021-06-30 16:15:00,2021-06-30 16:30:00,0.5,5.2,5.300000000000001,16
2021-07-01 15:15:00,2021-07-01 17:00:00,2.0,5.0,5.575,15
2021-07-02 15:30:00,2021-07-02 16:00:00,0.75,5.1,5.366666666666667,15
2021-07-02 22:15:00,2021-07-02 23:00:00,1.0,5.1,5.199999999999999,22
2021-07-03 03:30:00,2021-07-03 04:15:00,1.0,4.8,5.074999999999999,3
2021-07-03 10:00:00,2021-07-03 10:30:00,0.75,5.1,5.2,10
2021-07-03 17:00:00,2021-07-03 18:45:00,2.0,5.4,5.9125,17
2021-07-03 23:00:00,2021-07-03 23:30:00,0.75,5.1,5.166666666666666,23
2021-07-05 05:15:00,2021-07-05 05:45:00,0.75,4.9,5.2,5
2021-07-05 11:30:00,2021-07-05 12:00:00,0.75,4.9,5.066666666666667,11
2021-07-05 18:30:00,2021-07-05 18:45:00,0.5,5.8,6.05,18
2021-07-06 06:15:00,2021-07-06 06:45:00,0.75,4.9,5.1,6
2021-07-07 07:30:00,2021-07-07 08:00:00,0.75,4.9,5.166666666666667,7
2021-07-08 14:30:00,2021-07-08 14:45:00,0.5,6.1,6.199999999999999,14
2021-07-09 14:30:00,2021-07-09 15:00:00,0.75,6.2,6.266666666666667,14
2021-07-09 21:00:00,2021-07-09 21:30:00,0.75,6.0,6.133333333333333,21
2021-07-10 09:45:00,2021-07-10 11:00:00,1.5,5.4,6.166666666666667,9
2021-07-11 10:15:00,2021-07-11 13:30:00,3.5,4.8,5.971428571428572,10
2021-07-11 16:45:00,2021-07-11 18:45:00,2.25,5.7,5.933333333333334,16
2021-07-12 11:00:00,2021-07-12 12:45:00,2.0,4.2,5.875,11
2021-07-12 16:45:00,2021-07-12 18:45:00,2.25,5.7,5.98888888888889,16
2021-07-12 23:00:00,2021-07-13 01:00:00,2.25,5.5,6.022222222222222,23
2021-07-13 11:45:00,2021-07-13 13:30:00,2.0,4.9,5.75,11
2021-07-14 14:00:00,2021-07-14 14:30:00,0.75,5.6,5.966666666666666,14
2021-07-15 15:00:00,2021-07-15 16:45:00,2.0,5.4,5.6875,15
2021-07-17 02:45:00,2021-07-17 04:00:00,1.5,5.3,5.483333333333333,2
2021-07-17 11:00:00,2021-07-17 12:45:00,2.0,5.0,5.25,11
2021-07-17 17:00:00,2021-07-17 17:15:00,0.5,5.8,5.949999999999999,17
2021-07-17 22:15:00,2021-07-17 22:30:00,0.5,5.6,5.699999999999999,22
2021-07-18 12:15:00,2021-07-18 12:30:00,0.5,5.1,5.3,12
2021-07-19 12:45:00,2021-07-19 13:15:00,0.75,4.9,5.0,12
2021-07-19 19:15:00,2021-07-19 19:45:00,0.75,5.2,5.333333333333333,19
2021-07-20 13:45:00,2021-07-20 15:15:00,1.75,4.7,4.942857142857143,13
2021-07-21 12:30:00,2021-07-21 13:30:00,1.25,5.0,5.12,12
2021-07-21 15:00:00,2021-07-21 16:00:00,1.25,4.6,4.74,15
2021-07-23 10:15:00,2021-07-23 10:30:00,0.5,3.7,3.8,10
2021-07-23 15:30:00,2021-07-23 17:00:00,1.75,4.1,4.328571428571429,15
2021-07-24 11:15:00,2021-07-24 12:00:00,1.0,3.8,4.175,11
2021-07-24 15:45:00,2021-07-24 16:30:00,1.0,4.5,4.699999999999999,15
2021-07-25 17:15:00,2021-07-25 20:30:00,3.5,3.7,4.2214285714285715,17
2021-07-26 13:00:00,2021-07-26 13:15:00,0.5,4.1,4.35,13
2021-07-27 13:45:00,2021-07-27 14:00:00,0.5,4.3,4.4,13
2021-07-28 19:45:00,2021-07-28 20:45:00,1.25,4.4,4.56,19
2021-07-29 14:00:00,2021-07-29 15:30:00,1.75,3.3,4.214285714285714,14
2021-07-29 20:45:00,2021-07-29 23:00:00,2.5,4.2,4.59,20
2021-07-30 01:45:00,2021-07-30 02:00:00,0.5,3.5,3.6,1
2021-07-30 10:45:00,2021-07-30 11:15:00,0.75,4.5,4.666666666666667,10
2021-07-31 15:00:00,2021-07-31 15:15:00,0.5,4.6,4.699999999999999,15
2021-08-03 10:15:00,2021-08-03 10:30:00,0.5,4.5,4.6,10
2021-08-03 17:45:00,2021-08-03 18:15:00,0.75,4.6,4.733333333333333,17
2021-08-04 05:00:00,2021-08-04 06:15:00,1.5,4.2,4.383333333333334,5
2021-08-08 17:45:00,2021-08-08 18:45:00,1.25,4.1,4.279999999999999,17
2021-08-09 10:15:00,2021-08-09 11:30:00,1.5,3.6,3.9,10
2021-08-10 12:15:00,2021-08-10 12:30:00,0.5,3.8,3.9,12
2021-08-12 19:45:00,2021-08-12 20:45:00,1.25,3.7,3.8600000000000003,19
2021-08-13 15:00:00,2021-08-13 15:30:00,0.75,3.6,3.8000000000000003,15
2021-08-14 16:00:00,2021-08-14 16:15:00,0.5,3.7,3.8,16
2021-08-15 11:15:00,2021-08-15 11:30:00,0.5,3.3,3.4,11
2021-08-16 11:45:00,2021-08-16 12:30:00,1.0,3.6,3.8749999999999996,11
2021-08-16 18:15:00,2021-08-16 18:30:00,0.5,4.2,4.300000000000001,18
2021-08-18 14:15:00,2021-08-18 14:30:00,0.5,4.8,4.9,14
2021-08-20 16:00:00,2021-08-20 17:00:00,1.25,4.1,4.359999999999999,16
2021-08-22 18:00:00,2021-08-22 18:45:00,1.0,3.6,3.75,18
2021-08-24 12:30:00,2021-08-24 12:45:00,0.5,3.6,3.75,12
2021-08-25 07:45:00,2021-08-25 08:00:00,0.5,3.3,3.4,7
2021-08-25 13:00:00,2021-08-25 13:45:00,1.0,3.7,3.925,13
2021-08-25 18:30:00,2021-08-25 19:00:00,0.75,4.1,4.266666666666667,18
2021-08-27 14:45:00,2021-08-27 15:00:00,0.5,4.5,4.7,14
2021-08-28 08:00:00,2021-08-28 09:15:00,1.5,4.4,4.633333333333333,8
2021-08-28 13:30:00,2021-08-28 13:45:00,0.5,3.8,3.9,13
2021-08-28 15:45:00,2021-08-28 16:00:00,0.5,4.8,4.9,15
2021-08-29 16:00:00,2021-08-29 16:30:00,0.75,5.0,5.2,16
2021-08-30 02:15:00,2021-08-30 02:30:00,0.5,3.9,4.1,2
2021-08-30 17:00:00,2021-08-30 17:30:00,0.75,5.3,5.5,17
2021-08-31 03:00:00,2021-08-31 03:15:00,0.5,4.2,4.300000000000001,3
2021-08-31 11:45:00,2021-08-31 12:15:00,0.75,4.9,5.1,11
2021-08-31 14:00:00,2021-08-31 14:45:00,1.0,5.0,5.125,14
2021-08-31 16:15:00,2021-08-31 16:30:00,0.5,4.3,4.55,16
2021-08-31 22:30:00,2021-08-31 23:30:00,1.25,5.2,5.319999999999999,22
2021-09-01 16:30:00,2021-09-01 17:00:00,0.75,5.5,5.666666666666667,16
2021-09-02 02:15:00,2021-09-02 03:00:00,1.0,5.2,5.3500000000000005,2
2021-09-02 04:30:00,2021-09-02 05:30:00,1.25,4.8,5.02,4
2021-09-02 13:45:00,2021-09-02 15:15:00,1.75,5.4,5.5,13
2021-09-02 18:00:00,2021-09-02 19:45:00,2.0,5.2,5.725,18
2021-09-03 19:00:00,2021-09-03 20:30:00,1.75,5.3,5.714285714285714,19
2021-09-05 07:45:00,2021-09-05 08:15:00,0.75,3.8,4.166666666666667,7
2021-09-07 10:00:00,2021-09-07 11:15:00,1.5,3.3,4.1499999999999995,10
2021-09-07 17:15:00,2021-09-07 18:15:00,1.25,4.0,4.3,17
2021-09-08 10:45:00,2021-09-08 12:15:00,1.75,3.1,3.9857142857142853,10
2021-09-10 14:15:00,2021-09-10 14:30:00,0.5,4.5,4.6,14
2021-09-11 15:00:00,2021-09-11 15:30:00,0.75,4.3,4.466666666666666,15
2021-09-12 01:15:00,2021-09-12 01:30:00,0.5,3.5,3.6,1
2021-09-12 14:15:00,2021-09-12 15:45:00,1.75,3.6,4.271428571428572,14
2021-09-14 02:15:00,2021-09-14 03:00:00,1.0,3.1,3.675,2
2021-09-15 04:00:00,2021-09-15 04:15:00,0.5,3.1,3.2,4
2021-09-15 10:00:00,2021-09-15 11:00:00,1.25,4.9,5.040000000000001,10
2021-09-15 12:30:00,2021-09-15 13:30:00,1.25,4.4,4.68,12
2021-09-16 05:15:00,2021-09-16 05:45:00,0.75,3.5,3.8333333333333335,5
2021-09-16 11:15:00,2021-09-16 12:00:00,1.0,4.8,5.0,11
2021-09-17 00:30:00,2021-09-17 01:15:00,1.0,4.6,4.75,0
2021-09-17 06:30:00,2021-09-17 06:45:00,0.5,3.3,3.5,6
2021-09-17 12:30:00,2021-09-17 13:00:00,0.75,4.8,4.8999999999999995,12
2021-09-18 13:15:00,2021-09-18 16:00:00,3.0,4.5,4.791666666666667,13
2021-09-18 20:15:00,2021-09-18 20:30:00,0.5,4.0,4.1,20
2021-09-19 16:30:00,2021-09-19 18:00:00,1.75,4.4,4.642857142857143,16
2021-09-20 03:00:00,2021-09-20 03:15:00,0.5,4.5,4.6,3
2021-09-21 16:00:00,2021-09-21 16:45:00,1.0,5.2,5.3,16
2021-09-21 23:45:00,2021-09-22 00:00:00,0.5,4.9,5.0,23
2021-09-22 10:30:00,2021-09-22 12:00:00,1.75,3.7,4.542857142857143,10
2021-09-22 16:45:00,2021-09-22 17:45:00,1.25,5.3,5.58,16
2021-09-23 23:00:00,2021-09-23 23:30:00,0.75,4.1,4.366666666666666,23
2021-09-24 13:30:00,2021-09-24 13:45:00,0.5,5.6,5.75,13
2021-09-24 23:15:00,2021-09-24 23:45:00,0.75,4.6,4.8999999999999995,23
2021-09-25 12:30:00,2021-09-25 13:45:00,1.5,4.5,5.449999999999999,12
2021-09-26 00:15:00,2021-09-26 01:15:00,1.25,4.6,5.12,0
2021-09-26 14:30:00,2021-09-26 15:00:00,0.75,5.5,5.7,14
2021-09-27 00:30:00,2021-09-27 00:45:00,0.5,4.7,4.800000000000001,0
2021-09-27 13:30:00,2021-09-27 13:45:00,0.5,4.4,4.65,13
2021-09-28 00:45:00,2021-09-28 02:00:00,1.5,4.2,4.583333333333333,0
2021-09-29 01:30:00,2021-09-29 02:45:00,1.5,4.7,4.783333333333333,1
2021-09-29 21:30:00,2021-09-29 21:45:00,0.5,4.8,4.949999999999999,21
2021-09-30 02:15:00,2021-09-30 04:00:00,2.0,4.5,4.637499999999999,2
2021-09-30 18:00:00,2021-09-30 18:30:00,0.75,5.1,5.166666666666666,18
2021-10-04 14:30:00,2021-10-04 17:30:00,3.25,4.7,5.107692307692307,14
2021-10-05 04:45:00,2021-10-05 05:00:00,0.5,4.6,4.699999999999999,4
2021-10-05 16:30:00,2021-10-05 17:30:00,1.25,4.8,5.119999999999999,16
2021-10-05 21:00:00,2021-10-05 21:15:00,0.5,4.1,4.199999999999999,21
2021-10-06 05:30:00,2021-10-06 06:45:00,1.5,4.4,4.6499999999999995,5
2021-10-09 09:00:00,2021-10-09 09:15:00,0.5,3.8,3.9,9
2021-10-15 05:00:00,2021-10-15 05:30:00,0.75,4.5,4.633333333333334,5
2021-10-16 13:00:00,2021-10-16 14:15:00,1.5,5.1,5.216666666666666,13
2021-10-16 19:15:00,2021-10-16 20:30:00,1.5,5.0,5.333333333333333,19
2021-10-17 07:45:00,2021-10-17 09:00:00,1.5,5.0,5.3999999999999995,7
2021-10-17 13:15:00,2021-10-17 13:45:00,0.75,5.5,5.666666666666667,13
2021-10-17 20:15:00,2021-10-17 21:30:00,1.5,5.5,5.783333333333334,20
2021-10-18 14:15:00,2021-10-18 14:45:00,0.75,5.8,5.866666666666667,14
2021-10-22 18:30:00,2021-10-22 19:00:00,0.75,6.0,6.066666666666666,18
2021-10-22 22:15:00,2021-10-22 22:30:00,0.5,5.2,5.4,22
2021-10-24 13:30:00,2021-10-24 13:45:00,0.5,6.2,6.35,13
2021-10-26 00:00:00,2021-10-26 00:30:00,0.75,5.3,5.566666666666666,0
2021-10-27 00:15:00,2021-10-27 01:15:00,1.25,5.0,5.54,0
2021-10-27 07:00:00,2021-10-27 07:15:00,0.5,6.0,6.15,7
2021-10-28 07:45:00,2021-10-28 08:15:00,0.75,6.1,6.233333333333333,7
2021-10-29 22:30:00,2021-10-29 22:45:00,0.5,6.6,6.699999999999999,22
2021-10-30 16:15:00,2021-10-30 16:45:00,0.75,6.4,6.566666666666667,16
2021-10-31 05:15:00,2021-10-31 05:30:00,0.5,6.4,6.6,5
2021-10-31 17:45:00,2021-10-31 18:00:00,0.5,6.6,6.75,17
2021-11-02 19:45:00,2021-11-02 20:00:00,0.5,6.3,6.449999999999999,19
2021-11-13 11:00:00,2021-11-13 11:15:00,0.5,8.0,8.1,11
2021-11-14 06:15:00,2021-11-14 06:30:00,0.5,6.7,6.95,6
2021-11-14 18:30:00,2021-11-14 18:45:00,0.5,7.2,7.300000000000001,18
2021-11-15 15:15:00,2021-11-15 15:30:00,0.5,8.4,8.5,15
2021-11-16 13:30:00,2021-11-16 14:15:00,1.0,8.7,8.875,13
2021-11-16 19:30:00,2021-11-16 20:00:00,0.75,7.3,7.633333333333333,19
2021-11-17 14:15:00,2021-11-17 14:30:00,0.5,9.0,9.1,14
2021-11-17 16:45:00,2021-11-17 17:15:00,0.75,8.6,8.766666666666667,16
2021-11-18 04:30:00,2021-11-18 05:00:00,0.75,8.5,8.666666666666666,4
2021-11-18 17:15:00,2021-11-18 18:00:00,1.0,8.6,8.825,17
2021-11-18 20:45:00,2021-11-18 21:15:00,0.75,7.2,7.566666666666666,20
2021-11-19 05:15:00,2021-11-19 05:30:00,0.5,8.4,8.55,5
2021-11-19 15:30:00,2021-11-19 16:00:00,0.75,9.2,9.3,15
2021-11-19 17:45:00,2021-11-19 18:15:00,0.75,8.8,9.0,17
2021-11-19 21:30:00,2021-11-19 21:45:00,0.5,7.0,7.25,21
2021-11-20 03:15:00,2021-11-20 04:00:00,1.0,8.1,8.825,3
2021-11-20 10:30:00,2021-11-20 10:45:00,0.5,7.3,7.6,10
2021-11-20 16:30:00,2021-11-20 17:15:00,1.0,9.1,9.25,16
2021-11-20 21:45:00,2021-11-20 22:30:00,1.0,7.3,7.8,21
2021-11-21 04:00:00,2021-11-21 04:30:00,0.75,8.4,8.799999999999999,4
2021-11-21 22:15:00,2021-11-21 22:30:00,0.5,7.2,7.6,22
2021-11-22 04:15:00,2021-11-22 04:30:00,0.5,8.8,8.95,4
2021-11-22 22:45:00,2021-11-22 23:15:00,0.75,7.1,7.5,22
2021-11-23 05:15:00,2021-11-23 05:30:00,0.5,8.6,8.7,5
2021-11-23 12:00:00,2021-11-23 12:15:00,0.5,7.5,7.7,12
2021-11-23 18:30:00,2021-11-23 19:30:00,1.25,8.3,8.780000000000001,18
2021-11-24 00:00:00,2021-11-24 00:15:00,0.5,6.7,7.050000000000001,0
2021-11-25 06:45:00,2021-11-25 07:00:00,0.5,8.7,8.85,6
2021-11-25 13:15:00,2021-11-25 13:30:00,0.5,7.5,7.8,13
2021-11-26 01:30:00,2021-11-26 02:00:00,0.75,7.7,7.933333333333334,1
2021-11-26 07:15:00,2021-11-26 08:00:00,1.0,8.6,8.9,7
2021-11-26 14:00:00,2021-11-26 14:15:00,0.5,7.3,7.6,14
2021-11-27 02:45:00,2021-11-27 03:00:00,0.5,7.4,7.7,2
2021-11-27 14:30:00,2021-11-27 15:00:00,0.75,7.7,8.166666666666666,14
2021-11-28 03:30:00,2021-11-28 03:45:00,0.5,7.8,8.05,3
2021-11-29 04:30:00,2021-11-29 04:45:00,0.5,7.8,7.9,4
2021-11-29 16:45:00,2021-11-29 17:00:00,0.5,7.7,7.800000000000001,16
2021-11-30 05:45:00,2021-11-30 06:00:00,0.5,7.6,7.95,5
2021-12-03 04:15:00,2021-12-03 04:45:00,0.75,8.4,8.533333333333333,4
2021-12-03 15:45:00,2021-12-03 17:00:00,1.5,8.6,8.816666666666666,15
2021-12-04 03:30:00,2021-12-04 04:45:00,1.5,8.5,8.683333333333332,3
2021-12-05 10:45:00,2021-12-05 11:00:00,0.5,6.8,7.05,10
2021-12-06 06:45:00,2021-12-06 07:15:00,0.75,7.8,7.933333333333334,6
2021-12-06 11:30:00,2021-12-06 11:45:00,0.5,6.8,7.0,11
2021-12-07 12:30:00,2021-12-07 12:45:00,0.5,6.8,6.9,12
2021-12-08 06:15:00,2021-12-08 07:00:00,1.0,7.9,7.975,6
2021-12-08 13:15:00,2021-12-08 13:30:00,0.5,6.5,6.7,13
2021-12-09 00:15:00,2021-12-09 01:30:00,1.5,6.5,7.016666666666667,0
2021-12-09 14:00:00,2021-12-09 14:15:00,0.5,6.8,6.949999999999999,14
2021-12-10 02:15:00,2021-12-10 02:45:00,0.75,6.7,7.0,2
2021-12-10 20:45:00,2021-12-10 21:15:00,0.75,8.1,8.166666666666666,20
2021-12-11 03:15:00,2021-12-11 03:30:00,0.5,7.0,7.1,3
2021-12-11 15:15:00,2021-12-11 15:45:00,0.75,6.7,6.966666666666666,15
2021-12-12 03:45:00,2021-12-12 04:15:00,0.75,6.9,7.166666666666667,3
2021-12-12 10:15:00,2021-12-12 10:30:00,0.5,8.0,8.1,10
2021-12-12 22:45:00,2021-12-12 23:15:00,0.75,8.0,8.2,22
2021-12-13 05:00:00,2021-12-13 05:15:00,0.5,7.2,7.4,5
2021-12-13 16:15:00,2021-12-13 17:30:00,1.5,7.3,7.666666666666667,16
2021-12-13 23:45:00,2021-12-14 00:15:00,0.75,8.2,8.3,23
2021-12-14 06:00:00,2021-12-14 06:30:00,0.75,7.4,7.566666666666667,6
2021-12-14 18:15:00,2021-12-14 18:45:00,0.75,7.0,7.366666666666667,18
2021-12-15 06:30:00,2021-12-15 07:00:00,0.75,7.4,7.666666666666667,6
2021-12-15 19:00:00,2021-12-15 19:15:00,0.5,7.4,7.550000000000001,19
2021-12-16 07:30:00,2021-12-16 07:45:00,0.5,7.6,7.699999999999999,7
2021-12-16 19:30:00,2021-12-16 20:00:00,0.75,7.4,7.7,19
2021-12-17 08:00:00,2021-12-17 08:15:00,0.5,7.5,7.65,8
2021-12-17 20:00:00,2021-12-17 20:45:00,1.0,7.2,7.624999999999999,20
2021-12-18 09:00:00,2021-12-18 09:15:00,0.5,7.1,7.25,9
2021-12-18 20:45:00,2021-12-18 21:00:00,0.5,7.4,7.550000000000001,20
2021-12-19 09:30:00,2021-12-19 09:45:00,0.5,7.3,7.449999999999999,9
2021-12-19 21:00:00,2021-12-19 21:45:00,1.0,7.0,7.375,21
2021-12-20 03:15:00,2021-12-20 03:45:00,0.75,8.2,8.266666666666667,3
2021-12-20 22:00:00,2021-12-20 22:45:00,1.0,7.5,7.775,22
2021-12-21 11:15:00,2021-12-21 11:30:00,0.5,7.6,7.699999999999999,11
2021-12-21 22:45:00,2021-12-21 23:15:00,0.75,7.5,7.833333333333333,22
2021-12-22 12:00:00,2021-12-22 12:15:00,0.5,7.7,7.800000000000001,12
2021-12-22 23:15:00,2021-12-22 23:45:00,0.75,7.5,7.8,23
2021-12-23 12:30:00,2021-12-23 12:45:00,0.5,7.8,7.9,12
2021-12-23 23:30:00,2021-12-24 00:30:00,1.25,8.0,8.180000000000001,23
2021-12-24 12:45:00,2021-12-24 14:30:00,2.0,7.8,8.375,12
2021-12-25 13:15:00,2021-12-25 13:30:00,0.5,7.7,7.85,13
2021-12-26 01:45:00,2021-12-26 02:00:00,0.5,7.9,8.100000000000001,1
2021-12-26 13:45:00,2021-12-26 14:45:00,1.25,7.9,8.299999999999999,13
2021-12-27 03:00:00,2021-12-27 03:45:00,1.0,7.9,8.275,3
2021-12-27 14:30:00,2021-12-27 15:00:00,0.75,8.0,8.299999999999999,14
2021-12-28 03:45:00,2021-12-28 04:00:00,0.5,7.9,8.100000000000001,3
2021-12-28 15:30:00,2021-12-28 16:00:00,0.75,7.9,8.299999999999999,15
2021-12-29 05:15:00,2021-12-29 05:30:00,0.5,8.0,8.15,5
2021-12-30 06:15:00,2021-12-30 06:30:00,0.5,7.9,8.100000000000001,6
2021-12-30 17:45:00,2021-12-30 18:15:00,0.75,7.8,7.966666666666668,17
2022-01-01 20:30:00,2022-01-01 20:45:00,0.5,7.2,7.4,20
2022-01-02 09:30:00,2022-01-02 09:45:00,0.5,7.0,7.15,9
2022-01-02 21:15:00,2022-01-02 21:30:00,0.5,7.3,7.449999999999999,21
2022-01-03 22:00:00,2022-01-03 22:15:00,0.5,7.3,7.5,22
2022-01-04 23:30:00,2022-01-04 23:45:00,0.5,7.3,7.4,23
2022-01-06 13:00:00,2022-01-06 13:15:00,0.5,6.9,7.050000000000001,13
2022-01-07 13:45:00,2022-01-07 14:00:00,0.5,7.3,7.449999999999999,13
2022-01-08 14:30:00,2022-01-08 14:45:00,0.5,7.7,7.800000000000001,14
2022-01-09 15:00:00,2022-01-09 15:15:00,0.5,7.8,7.949999999999999,15
2022-01-10 03:15:00,2022-01-10 03:30:00,0.5,7.8,7.949999999999999,3
2022-01-11 16:15:00,2022-01-11 16:30:00,0.5,8.2,8.3,16
2022-01-12 05:30:00,2022-01-12 05:45:00,0.5,8.2,8.35,5
2022-01-14 07:00:00,2022-01-14 07:30:00,0.75,8.4,8.466666666666667,7
2022-02-02 07:00:00,2022-02-02 08:00:00,1.25,10.3,10.5,7
2022-02-07 21:15:00,2022-02-07 22:00:00,1.0,9.4,9.675,21
2022-02-09 22:00:00,2022-02-09 22:15:00,0.5,9.4,9.5,22
2022-02-10 00:30:00,2022-02-10 00:45:00,0.5,8.9,9.100000000000001,0
2022-02-10 04:15:00,2022-02-10 05:00:00,1.0,8.8,8.925,4
2022-02-10 22:30:00,2022-02-10 23:00:00,0.75,9.3,9.433333333333334,22
2022-02-11 23:45:00,2022-02-12 00:00:00,0.5,9.2,9.3,23
2022-02-12 17:15:00,2022-02-12 18:15:00,1.25,8.9,9.040000000000001,17
2022-02-13 19:30:00,2022-02-13 20:30:00,1.25,9.0,9.2,19
2022-02-14 02:30:00,2022-02-14 03:15:00,1.0,9.0,9.2,2
2022-02-17 10:15:00,2022-02-17 12:15:00,2.25,9.1,9.633333333333333,10
2022-02-19 11:45:00,2022-02-19 13:15:00,1.75,8.9,9.628571428571428,11
2022-02-21 14:15:00,2022-02-21 14:30:00,0.5,9.6,9.75,14
2022-02-22 13:15:00,2022-02-22 13:45:00,0.75,8.8,8.966666666666667,13
2022-02-23 14:00:00,2022-02-23 14:15:00,0.5,8.8,8.9,14
2022-02-24 03:15:00,2022-02-24 03:30:00,0.5,8.6,8.7,3
2022-02-24 15:00:00,2022-02-24 15:30:00,0.75,8.5,8.666666666666666,15
2022-02-25 17:30:00,2022-02-25 17:45:00,0.5,8.9,9.0,17
2022-02-26 11:30:00,2022-02-26 12:30:00,1.25,8.5,8.62,11
2022-02-26 23:45:00,2022-02-27 00:30:00,1.0,8.4,8.475,23
2022-02-27 13:15:00,2022-02-27 14:00:00,1.0,8.1,8.225,13
2022-02-27 19:00:00,2022-02-27 19:15:00,0.5,7.1,7.35,19
2022-03-04 12:45:00,2022-03-04 13:15:00,0.75,7.3,7.433333333333334,12
2022-03-07 06:30:00,2022-03-07 07:15:00,1.0,7.1,7.249999999999999,6
2022-03-08 13:15:00,2022-03-08 13:30:00,0.5,6.6,6.699999999999999,13
2022-03-09 01:00:00,2022-03-09 02:00:00,1.25,6.1,6.959999999999999,1
2022-03-09 20:00:00,2022-03-09 20:15:00,0.5,6.9,7.050000000000001,20
2022-03-10 02:30:00,2022-03-10 02:45:00,0.5,6.7,6.95,2
2022-03-10 13:45:00,2022-03-10 15:30:00,2.0,6.3,6.8125,13
2022-03-10 20:00:00,2022-03-10 20:30:00,0.75,6.8,7.0,20
2022-03-11 03:45:00,2022-03-11 04:00:00,0.5,6.2,6.4,3
2022-03-11 09:00:00,2022-03-11 09:15:00,0.5,6.9,7.0,9
2022-03-11 15:15:00,2022-03-11 15:45:00,0.75,6.1,6.400000000000001,15
2022-03-11 19:00:00,2022-03-11 21:45:00,3.0,6.7,7.158333333333332,19
2022-03-12 04:45:00,2022-03-12 05:15:00,0.75,6.6,6.866666666666667,4
2022-03-12 17:30:00,2022-03-12 18:15:00,1.0,7.4,7.65,17
2022-03-12 22:15:00,2022-03-12 23:15:00,1.25,7.2,7.860000000000001,22
2022-03-13 01:15:00,2022-03-13 02:00:00,1.0,7.8,7.9750000000000005,1
2022-03-13 05:30:00,2022-03-13 06:30:00,1.25,7.6,7.840000000000001,5
2022-03-13 23:45:00,2022-03-14 00:15:00,0.75,7.8,7.966666666666668,23
2022-03-14 12:30:00,2022-03-14 13:00:00,0.75,7.7,7.766666666666667,12
2022-03-15 07:00:00,2022-03-15 07:15:00,0.5,7.2,7.35,7
2022-03-15 19:15:00,2022-03-15 19:30:00,0.5,7.4,7.5,19
2022-03-17 17:30:00,2022-03-17 17:45:00,0.5,7.5,7.6,17
2022-03-17 21:15:00,2022-03-17 21:45:00,0.75,7.3,7.5,21
2022-03-19 10:30:00,2022-03-19 10:45:00,0.5,6.9,7.0,10
2022-03-19 22:45:00,2022-03-19 23:00:00,0.5,6.9,7.050000000000001,22
2022-03-20 11:00:00,2022-03-20 11:15:00,0.5,6.7,6.85,11
2022-03-22 12:30:00,2022-03-22 14:15:00,2.0,6.5,7.1125,12
2022-03-23 01:15:00,2022-03-23 02:00:00,1.0,7.0,7.1,1
2022-03-23 09:15:00,2022-03-23 09:45:00,0.75,6.9,7.033333333333334,9
2022-03-23 21:00:00,2022-03-23 21:45:00,1.0,7.3,7.5,21
2022-03-26 16:00:00,2022-03-26 16:15:00,0.5,7.1,7.25,16
2022-04-03 17:45:00,2022-04-03 19:00:00,1.5,7.1,7.300000000000001,17
2022-04-04 13:30:00,2022-04-04 13:45:00,0.5,7.0,7.1,13
2022-04-04 18:15:00,2022-04-04 19:15:00,1.25,7.0,7.18,18
2022-04-05 06:45:00,2022-04-05 08:00:00,1.5,6.6,6.75,6
2022-04-05 23:45:00,2022-04-06 00:00:00,0.5,6.6,6.75,23
2022-04-06 12:15:00,2022-04-06 12:30:00,0.5,6.3,6.5,12
2022-04-07 13:00:00,2022-04-07 13:30:00,0.75,6.4,6.566666666666667,13
2022-04-07 19:00:00,2022-04-07 20:00:00,1.25,7.2,7.3,19
2022-04-08 01:15:00,2022-04-08 01:45:00,0.75,6.8,7.0,1
2022-04-09 02:15:00,2022-04-09 03:00:00,1.0,6.7,6.95,2
2022-04-09 13:30:00,2022-04-09 14:30:00,1.25,6.9,7.18,13
2022-04-09 16:15:00,2022-04-09 16:30:00,0.5,7.8,7.9,16
2022-04-09 20:00:00,2022-04-09 20:45:00,1.0,7.4,7.625,20
2022-04-10 09:45:00,2022-04-10 10:00:00,0.5,7.4,7.5,9
2022-04-10 17:30:00,2022-04-10 18:00:00,0.75,7.8,7.933333333333333,17
2022-04-10 21:45:00,2022-04-10 22:15:00,0.75,7.2,7.5,21
2022-04-11 03:45:00,2022-04-11 05:00:00,1.5,6.8,7.033333333333332,3
2022-04-11 16:15:00,2022-04-11 16:45:00,0.75,6.8,7.066666666666666,16
2022-04-12 05:15:00,2022-04-12 05:30:00,0.5,6.9,7.050000000000001,5
2022-04-13 06:00:00,2022-04-13 07:00:00,1.25,7.1,7.260000000000001,6
2022-04-30 18:00:00,2022-04-30 18:45:00,1.0,5.8,5.925,18
2022-05-05 17:30:00,2022-05-05 18:45:00,1.5,6.2,6.466666666666666,17
2022-05-06 06:45:00,2022-05-06 07:15:00,0.75,5.9,5.966666666666666,6
2022-05-06 13:00:00,2022-05-06 14:15:00,1.5,5.7,6.433333333333334,13
2022-05-07 01:30:00,2022-05-07 02:00:00,0.75,5.8,5.933333333333333,1
2022-05-07 13:45:00,2022-05-07 14:00:00,0.5,5.8,6.0,13
2022-05-08 02:00:00,2022-05-08 02:30:00,0.75,6.0,6.266666666666667,2
2022-05-08 14:45:00,2022-05-08 15:00:00,0.5,5.7,5.800000000000001,14
2022-05-09 03:15:00,2022-05-09 03:30:00,0.5,6.0,6.15,3
2022-05-09 09:30:00,2022-05-09 09:45:00,0.5,6.2,6.4,9
2022-05-09 16:15:00,2022-05-09 16:30:00,0.5,6.0,6.1,16
2022-05-10 10:45:00,2022-05-10 11:00:00,0.5,6.3,6.4,10
2022-05-10 18:45:00,2022-05-10 19:00:00,0.5,6.9,7.050000000000001,18
2022-05-11 17:15:00,2022-05-11 18:30:00,1.5,6.3,6.566666666666666,17
2022-05-13 15:45:00,2022-05-13 16:00:00,0.5,5.8,5.9,15
2022-05-14 16:15:00,2022-05-14 16:30:00,0.5,5.5,5.6,16
2022-05-15 09:00:00,2022-05-15 10:15:00,1.5,4.4,4.95,9
2022-05-15 14:45:00,2022-05-15 17:15:00,2.75,5.2,5.6000000000000005,14
2022-05-16 15:30:00,2022-05-16 15:45:00,0.5,5.3,5.449999999999999,15
2022-05-17 17:00:00,2022-05-17 18:30:00,1.75,5.4,5.6571428571428575,17
2022-05-18 11:15:00,2022-05-18 13:00:00,2.0,3.6,4.725,11
2022-05-18 18:45:00,2022-05-18 19:00:00,0.5,5.0,5.15,18
2022-05-20 13:00:00,2022-05-20 15:15:00,2.5,4.7,5.630000000000001,13
2022-05-23 16:15:00,2022-05-23 16:30:00,0.5,5.1,5.35,16
2022-05-24 18:45:00,2022-05-24 19:00:00,0.5,6.1,6.199999999999999,18
2022-05-24 23:15:00,2022-05-24 23:30:00,0.5,5.5,5.65,23
2022-05-25 13:45:00,2022-05-25 14:15:00,0.75,5.8,6.066666666666666,13
2022-05-26 19:15:00,2022-05-26 19:30:00,0.5,5.6,5.699999999999999,19
2022-05-27 14:00:00,2022-05-27 15:00:00,1.25,6.0,6.140000000000001,14
2022-05-28 15:30:00,2022-05-28 17:15:00,2.0,5.9,6.025,15
2022-05-29 14:15:00,2022-05-29 15:00:00,1.0,5.5,5.8500000000000005,14
2022-05-30 08:45:00,2022-05-30 09:30:00,1.0,5.0,5.25,8
2022-05-30 11:00:00,2022-05-30 11:15:00,0.5,6.2,6.35,11
2022-05-30 14:45:00,2022-05-30 15:30:00,1.0,5.7,5.875000000000001,14
2022-05-30 18:00:00,2022-05-30 18:15:00,0.5,6.1,6.199999999999999,18
2022-05-31 09:45:00,2022-05-31 10:00:00,0.5,4.8,4.9,9
2022-05-31 11:30:00,2022-05-31 11:45:00,0.5,6.5,6.7,11
2022-05-31 15:30:00,2022-05-31 15:45:00,0.5,5.2,5.5,15
2022-05-31 17:30:00,2022-05-31 18:45:00,1.5,6.1,6.416666666666667,17
2022-05-31 22:30:00,2022-05-31 22:45:00,0.5,5.2,5.6,22
2022-06-01 10:15:00,2022-06-01 10:30:00,0.5,4.5,4.85,10
2022-06-01 12:00:00,2022-06-01 14:00:00,2.25,6.2,6.577777777777778,12
2022-06-01 16:00:00,2022-06-01 16:15:00,0.5,4.8,5.15,16
2022-06-01 23:00:00,2022-06-01 23:15:00,0.5,5.8,5.9,23
2022-06-02 11:00:00,2022-06-02 11:15:00,0.5,4.8,5.15,11
2022-06-02 12:45:00,2022-06-02 14:00:00,1.5,6.2,6.55,12
2022-06-03 06:00:00,2022-06-03 06:15:00,0.5,4.6,4.8,6
2022-06-03 11:45:00,2022-06-03 13:45:00,2.25,4.6,6.211111111111112,11
2022-06-03 17:15:00,2022-06-03 17:45:00,0.75,5.5,5.866666666666667,17
2022-06-04 00:30:00,2022-06-04 01:00:00,0.75,4.9,5.3999999999999995,0
2022-06-04 12:45:00,2022-06-04 13:15:00,0.75,4.8,5.133333333333334,12
2022-06-04 15:00:00,2022-06-04 15:15:00,0.5,6.6,6.699999999999999,15
2022-06-04 18:30:00,2022-06-04 19:00:00,0.75,5.5,5.733333333333333,18
2022-06-05 01:45:00,2022-06-05 02:00:00,0.5,5.1,5.199999999999999,1
2022-06-05 14:00:00,2022-06-05 14:30:00,0.75,4.7,4.8999999999999995,14
2022-06-06 02:15:00,2022-06-06 02:45:00,0.75,4.6,4.966666666666667,2
2022-06-06 14:45:00,2022-06-06 15:00:00,0.5,4.5,4.75,14
2022-06-06 17:00:00,2022-06-06 17:15:00,0.5,6.2,6.300000000000001,17
2022-06-07 02:45:00,2022-06-07 03:00:00,0.5,4.3,4.8,2
2022-06-07 08:45:00,2022-06-07 09:00:00,0.5,4.9,5.15,8
2022-06-07 15:30:00,2022-06-07 17:15:00,2.0,4.6,5.7875,15
2022-06-08 03:15:00,2022-06-08 03:30:00,0.5,4.9,5.15,3
2022-06-08 09:45:00,2022-06-08 10:00:00,0.5,5.4,5.6,9
2022-06-08 16:00:00,2022-06-08 16:30:00,0.75,4.4,5.233333333333333,16
2022-06-08 18:00:00,2022-06-08 18:15:00,0.5,6.5,6.6,18
2022-06-09 17:00:00,2022-06-09 17:30:00,0.75,5.2,5.566666666666666,17
2022-06-10 05:15:00,2022-06-10 05:30:00,0.5,3.8,4.3,5
2022-06-10 13:45:00,2022-06-10 14:15:00,0.75,6.1,6.3,13
2022-06-10 17:30:00,2022-06-10 19:00:00,1.75,5.5,5.985714285714286,17
2022-06-11 06:30:00,2022-06-11 07:00:00,0.75,4.2,4.733333333333333,6
2022-06-11 19:30:00,2022-06-11 19:45:00,0.5,4.6,4.8,19
2022-06-12 06:00:00,2022-06-12 09:00:00,3.25,3.9,5.092307692307693,6
2022-06-12 13:15:00,2022-06-12 16:00:00,3.0,5.6,6.0249999999999995,13
2022-06-12 20:30:00,2022-06-12 20:45:00,0.5,3.6,4.15,20
2022-06-13 02:15:00,2022-06-13 02:30:00,0.5,5.1,5.25,2
2022-06-13 07:30:00,2022-06-13 10:00:00,2.75,3.9,5.072727272727273,7
2022-06-13 16:00:00,2022-06-13 16:45:00,1.0,5.9,6.125,16
2022-06-13 20:30:00,2022-06-13 21:30:00,1.25,3.9,4.959999999999999,20
2022-06-14 03:15:00,2022-06-14 03:30:00,0.5,4.9,5.0,3
2022-06-14 09:15:00,2022-06-14 11:00:00,2.0,3.5,5.3625,9
2022-06-14 14:15:00,2022-06-14 17:30:00,3.5,5.6,5.892857142857143,14
2022-06-14 22:15:00,2022-06-14 22:30:00,0.5,4.1,4.35,22
2022-06-15 11:45:00,2022-06-15 12:00:00,0.5,5.6,5.75,11
2022-06-15 16:00:00,2022-06-15 18:30:00,2.75,5.5,6.009090909090909,16
2022-06-15 23:15:00,2022-06-15 23:30:00,0.5,4.2,4.45,23
2022-06-16 11:00:00,2022-06-16 13:00:00,2.25,3.2,4.844444444444445,11
2022-06-16 17:00:00,2022-06-16 19:45:00,3.0,5.3,5.916666666666667,17
2022-06-17 00:00:00,2022-06-17 00:15:00,0.5,3.8,4.199999999999999,0
2022-06-17 08:30:00,2022-06-17 08:45:00,0.5,4.7,4.800000000000001,8
2022-06-17 12:00:00,2022-06-17 13:30:00,1.75,3.9,4.871428571428572,12
2022-06-17 18:00:00,2022-06-17 20:30:00,2.75,5.5,5.854545454545455,18
2022-06-18 00:45:00,2022-06-18 01:00:00,0.5,4.3,4.6,0
2022-06-18 12:45:00,2022-06-18 15:30:00,3.0,3.6,5.349999999999999,12
2022-06-18 19:30:00,2022-06-18 21:15:00,2.0,5.4,5.825000000000001,19
2022-06-19 01:45:00,2022-06-19 02:00:00,0.5,3.7,4.300000000000001,1
2022-06-19 14:15:00,2022-06-19 16:00:00,2.0,4.0,5.45,14
2022-06-20 02:45:00,2022-06-20 03:00:00,0.5,4.0,4.45,2
2022-06-20 08:45:00,2022-06-20 09:15:00,0.75,4.8,5.233333333333333,8
2022-06-20 10:45:00,2022-06-20 11:30:00,1.0,5.1,5.325000000000001,10
2022-06-21 09:30:00,2022-06-21 10:00:00,0.75,5.1,5.3999999999999995,9
2022-06-21 16:00:00,2022-06-21 16:15:00,0.5,4.7,5.0,16
2022-06-21 17:45:00,2022-06-21 18:00:00,0.5,5.8,5.9,17
2022-06-21 22:00:00,2022-06-21 22:30:00,0.75,5.1,5.366666666666667,22
2022-06-22 04:15:00,2022-06-22 04:30:00,0.5,4.6,4.8,4
2022-06-23 04:30:00,2022-06-23 07:00:00,2.75,4.3,5.2727272727272725,4
2022-06-23 10:45:00,2022-06-23 11:15:00,0.75,5.2,5.3999999999999995,10
2022-06-23 18:00:00,2022-06-23 18:15:00,0.5,5.1,5.199999999999999,18
2022-06-24 05:15:00,2022-06-24 06:15:00,1.25,4.0,4.6,5
2022-06-24 11:30:00,2022-06-24 12:30:00,1.25,5.1,5.54,11
2022-06-24 18:45:00,2022-06-24 19:15:00,0.75,4.0,4.966666666666667,18
2022-06-25 06:15:00,2022-06-25 06:45:00,0.75,4.3,4.633333333333334,6
2022-06-25 12:30:00,2022-06-25 13:15:00,1.0,4.7,5.375,12
2022-06-25 15:15:00,2022-06-25 15:30:00,0.5,5.6,5.75,15
2022-06-25 19:30:00,2022-06-25 19:45:00,0.5,4.0,4.7,19
2022-06-26 07:00:00,2022-06-26 09:00:00,2.25,3.2,4.666666666666668,7
2022-06-26 12:45:00,2022-06-26 13:45:00,1.25,5.2,5.499999999999999,12
2022-06-26 16:00:00,2022-06-26 16:15:00,0.5,5.5,5.6,16
2022-06-26 20:15:00,2022-06-26 20:30:00,0.5,3.8,4.5,20
2022-06-27 08:00:00,2022-06-27 08:15:00,0.5,3.6,4.0,8
2022-06-27 13:45:00,2022-06-27 14:30:00,1.0,4.8,5.300000000000001,13
2022-06-27 16:30:00,2022-06-27 17:00:00,0.75,5.7,5.833333333333333,16
2022-06-27 21:00:00,2022-06-27 21:15:00,0.5,4.5,4.9,21
2022-06-28 02:45:00,2022-06-28 03:00:00,0.5,4.7,4.85,2
2022-06-28 08:00:00,2022-06-28 09:00:00,1.25,3.4,4.199999999999999,8
2022-06-28 14:30:00,2022-06-28 15:15:00,1.0,4.8,5.25,14
2022-06-28 16:45:00,2022-06-28 17:15:00,0.75,5.2,5.466666666666666,16
2022-06-28 21:45:00,2022-06-28 22:00:00,0.5,3.7,4.15,21
2022-06-29 09:00:00,2022-06-29 11:30:00,2.75,3.5,4.745454545454545,9
2022-06-29 14:00:00,2022-06-29 16:00:00,2.25,5.2,5.422222222222223,14
2022-06-29 18:00:00,2022-06-29 18:15:00,0.5,5.0,5.1,18
2022-06-29 22:15:00,2022-06-29 22:30:00,0.5,4.1,4.6,22
2022-06-30 04:15:00,2022-06-30 05:00:00,1.0,4.7,4.875,4
2022-06-30 10:00:00,2022-06-30 10:15:00,0.5,3.2,3.35,10
2022-06-30 15:30:00,2022-06-30 16:15:00,1.0,5.0,5.35,15
2022-06-30 18:00:00,2022-06-30 19:15:00,1.5,5.6,5.816666666666666,18
2022-06-30 23:00:00,2022-06-30 23:15:00,0.5,3.8,4.3,23
2022-07-01 05:00:00,2022-07-01 05:15:00,0.5,4.4,4.550000000000001,5
2022-07-01 10:15:00,2022-07-01 11:15:00,1.25,3.2,4.279999999999999,10
2022-07-01 16:15:00,2022-07-01 17:00:00,1.0,5.4,5.625,16
2022-07-01 18:30:00,2022-07-01 19:45:00,1.5,5.4,5.716666666666666,18
2022-07-02 05:30:00,2022-07-02 06:00:00,0.75,4.5,5.133333333333334,5
2022-07-02 11:00:00,2022-07-02 11:45:00,1.0,3.4,4.475,11
2022-07-02 17:00:00,2022-07-02 17:15:00,0.5,5.1,5.5,17
2022-07-03 05:45:00,2022-07-03 06:15:00,0.75,4.8,5.1000000000000005,5
2022-07-03 11:45:00,2022-07-03 12:15:00,0.75,3.8,4.666666666666667,11
2022-07-03 14:00:00,2022-07-03 14:45:00,1.0,6.5,6.675,14
2022-07-03 18:00:00,2022-07-03 18:30:00,0.75,5.6,5.766666666666666,18
2022-07-04 06:15:00,2022-07-04 07:15:00,1.25,5.4,5.58,6
2022-07-04 10:00:00,2022-07-04 11:00:00,1.25,5.5,5.66,10
2022-07-04 12:30:00,2022-07-04 13:15:00,1.0,4.0,4.85,12
2022-07-04 14:45:00,2022-07-04 15:00:00,0.5,6.8,6.9,14
2022-07-04 18:30:00,2022-07-04 19:15:00,1.0,5.5,5.775,18
2022-07-05 11:30:00,2022-07-05 11:45:00,0.5,5.5,5.65,11
2022-07-05 13:45:00,2022-07-05 16:00:00,2.5,3.9,5.77,13
2022-07-06 01:45:00,2022-07-06 02:15:00,0.75,3.6,4.966666666666667,1
2022-07-06 08:00:00,2022-07-06 08:45:00,1.0,5.4,5.575000000000001,8
2022-07-06 14:30:00,2022-07-06 14:45:00,0.5,4.2,4.85,14
2022-07-06 20:30:00,2022-07-06 20:45:00,0.5,5.6,5.8,20
2022-07-07 02:30:00,2022-07-07 02:45:00,0.5,3.8,4.65,2
2022-07-07 09:00:00,2022-07-07 09:30:00,0.75,5.4,5.566666666666667,9
2022-07-07 11:45:00,2022-07-07 12:15:00,0.75,5.7,5.966666666666666,11
2022-07-07 21:45:00,2022-07-07 22:15:00,0.75,4.8,5.466666666666666,21
2022-07-08 03:30:00,2022-07-08 04:00:00,0.75,3.9,4.333333333333334,3
2022-07-08 09:30:00,2022-07-08 10:15:00,1.0,4.6,5.125,9
2022-07-08 12:45:00,2022-07-08 13:15:00,0.75,5.5,5.6000000000000005,12
2022-07-08 17:00:00,2022-07-08 17:15:00,0.5,3.9,4.55,17
2022-07-08 22:30:00,2022-07-08 22:45:00,0.5,4.7,5.1,22
2022-07-09 03:45:00,2022-07-09 04:30:00,1.0,2.6,4.325,3
2022-07-09 10:30:00,2022-07-09 10:45:00,0.5,4.8,5.15,10
2022-07-09 23:30:00,2022-07-10 00:30:00,1.25,4.7,5.3,23
2022-07-10 05:00:00,2022-07-10 05:45:00,1.0,3.4,4.3999999999999995,5
2022-07-10 14:00:00,2022-07-10 14:30:00,0.75,5.0,5.3,14
2022-07-10 18:45:00,2022-07-10 20:15:00,1.75,5.0,5.414285714285714,18
2022-07-11 00:45:00,2022-07-11 02:45:00,2.25,4.6,4.788888888888889,0
2022-07-11 06:30:00,2022-07-11 07:15:00,1.0,3.5,4.05,6
2022-07-11 12:45:00,2022-07-11 13:30:00,1.0,4.2,4.625,12
2022-07-11 15:00:00,2022-07-11 15:30:00,0.75,4.5,4.633333333333334,15
2022-07-12 08:00:00,2022-07-12 09:45:00,2.0,3.1,3.95,8
2022-07-12 16:00:00,2022-07-12 16:30:00,0.75,4.2,4.366666666666667,16
2022-07-13 08:45:00,2022-07-13 10:30:00,2.0,3.0,4.325,8
2022-07-13 15:00:00,2022-07-13 17:30:00,2.75,4.2,4.609090909090909,15
2022-07-13 22:00:00,2022-07-13 22:15:00,0.5,3.8,4.05,22
2022-07-14 04:15:00,2022-07-14 05:00:00,1.0,3.9,4.1,4
2022-07-14 11:15:00,2022-07-14 11:30:00,0.5,4.2,4.300000000000001,11
2022-07-14 16:30:00,2022-07-14 18:30:00,2.25,4.1,4.544444444444444,16
2022-07-15 05:00:00,2022-07-15 05:30:00,0.75,3.7,4.033333333333333,5
2022-07-15 10:45:00,2022-07-15 12:30:00,2.0,2.7,3.7125,10
2022-07-15 17:15:00,2022-07-15 19:15:00,2.25,3.8,4.3,17
2022-07-16 12:00:00,2022-07-16 13:15:00,1.5,2.8,3.566666666666667,12
2022-07-16 20:15:00,2022-07-16 20:30:00,0.5,3.6,3.7,20
2022-07-17 06:45:00,2022-07-17 07:30:00,1.0,3.4,3.7249999999999996,6
2022-07-17 12:45:00,2022-07-17 15:30:00,3.0,2.7,3.758333333333333,12
2022-07-18 09:15:00,2022-07-18 10:00:00,1.0,3.7,3.8499999999999996,9
2022-07-19 10:45:00,2022-07-19 11:00:00,0.5,4.4,4.5,10
2022-07-19 14:45:00,2022-07-19 16:00:00,1.5,4.1,5.016666666666667,14
2022-07-23 15:15:00,2022-07-23 15:30:00,0.5,5.2,5.300000000000001,15
2022-07-24 05:15:00,2022-07-24 05:30:00,0.5,4.0,4.3,5
2022-07-25 16:45:00,2022-07-25 17:45:00,1.25,5.0,5.08,16
2022-07-27 18:15:00,2022-07-27 19:15:00,1.25,5.1,5.18,18
2022-07-28 21:45:00,2022-07-28 23:00:00,1.5,5.0,5.3,21
2022-07-29 09:30:00,2022-07-29 10:45:00,1.5,4.4,4.666666666666667,9
2022-07-30 19:00:00,2022-07-30 20:00:00,1.25,4.9,5.0200000000000005,19
2022-07-30 22:45:00,2022-07-30 23:00:00,0.5,4.9,5.0,22
2022-07-31 19:45:00,2022-07-31 20:30:00,1.0,5.0,5.05,19
2022-07-31 23:30:00,2022-07-31 23:45:00,0.5,4.8,4.949999999999999,23
2022-08-01 06:30:00,2022-08-01 08:30:00,2.25,4.5,4.688888888888889,6
2022-08-01 12:00:00,2022-08-01 13:45:00,2.0,4.0,5.262499999999999,12
2022-08-02 08:30:00,2022-08-02 09:00:00,0.75,4.4,4.466666666666667,8
2022-08-02 12:45:00,2022-08-02 14:15:00,1.75,3.9,5.014285714285714,12
2022-08-02 18:15:00,2022-08-02 21:15:00,3.25,4.5,4.846153846153846,18
2022-08-03 15:15:00,2022-08-03 15:30:00,0.5,4.5,4.6,15
2022-08-03 19:00:00,2022-08-03 19:45:00,1.0,4.3,4.55,19
2022-08-04 10:15:00,2022-08-04 11:30:00,1.5,3.8,3.933333333333333,10
2022-08-04 14:15:00,2022-08-04 16:00:00,2.0,3.8,4.637500000000001,14
2022-08-04 20:45:00,2022-08-04 21:30:00,1.0,4.1,4.275,20
2022-08-05 08:45:00,2022-08-05 09:00:00,0.5,4.0,4.1,8
2022-08-05 11:00:00,2022-08-05 11:45:00,1.0,4.0,4.2,11
2022-08-05 17:00:00,2022-08-05 17:15:00,0.5,4.6,4.699999999999999,17
2022-08-05 21:15:00,2022-08-05 21:45:00,0.75,4.3,4.3999999999999995,21
2022-08-06 02:30:00,2022-08-06 03:15:00,1.0,3.3,3.625,2
2022-08-06 09:15:00,2022-08-06 10:00:00,1.0,3.9,4.225,9
2022-08-06 11:30:00,2022-08-06 12:30:00,1.25,4.0,4.16,11
2022-08-06 18:00:00,2022-08-06 18:15:00,0.5,4.5,4.65,18
2022-08-06 22:30:00,2022-08-06 23:00:00,0.75,4.0,4.2,22
2022-08-07 04:00:00,2022-08-07 04:15:00,0.5,3.1,3.25,4
2022-08-07 10:45:00,2022-08-07 11:00:00,0.5,4.0,4.2,10
2022-08-07 13:30:00,2022-08-07 14:15:00,1.0,3.7,3.875,13
2022-08-07 17:15:00,2022-08-07 17:30:00,0.5,3.5,3.75,17
2022-08-08 05:00:00,2022-08-08 05:15:00,0.5,2.9,3.05,5
2022-08-08 12:15:00,2022-08-08 15:15:00,3.25,3.5,4.0307692307692315,12
2022-08-08 18:45:00,2022-08-08 20:45:00,2.25,4.0,4.344444444444445,18
2022-08-09 06:00:00,2022-08-09 06:30:00,0.75,3.0,3.1666666666666665,6
2022-08-09 13:15:00,2022-08-09 16:00:00,3.0,3.8,4.2,13
2022-08-09 20:00:00,2022-08-09 21:15:00,1.5,4.2,4.516666666666667,20
2022-08-10 02:30:00,2022-08-10 04:30:00,2.25,3.4,3.7333333333333334,2
2022-08-10 14:15:00,2022-08-10 16:15:00,2.25,3.5,4.211111111111111,14
2022-08-11 03:30:00,2022-08-11 05:15:00,2.0,3.1,3.5250000000000004,3
2022-08-11 15:15:00,2022-08-11 17:30:00,2.5,3.3,4.0,15
2022-08-12 04:15:00,2022-08-12 07:00:00,3.0,2.8,3.1916666666666664,4
2022-08-12 09:30:00,2022-08-12 11:00:00,1.75,2.7,3.6000000000000005,9
2022-08-12 16:15:00,2022-08-12 18:00:00,2.0,3.4,3.7874999999999996,16
2022-08-13 05:15:00,2022-08-13 06:15:00,1.25,3.0,3.1799999999999997,5
2022-08-13 12:15:00,2022-08-13 13:15:00,1.25,3.7,4.04,12
2022-08-13 16:30:00,2022-08-13 17:00:00,0.75,3.4,3.733333333333333,16
2022-08-13 18:30:00,2022-08-13 19:00:00,0.75,3.5,3.6,18
2022-08-14 13:00:00,2022-08-14 13:45:00,1.0,3.7,4.05,13
2022-08-14 17:30:00,2022-08-14 18:00:00,0.75,3.3,3.6,17
2022-08-15 06:45:00,2022-08-15 08:30:00,2.0,2.8,3.0875000000000004,6
2022-08-15 11:15:00,2022-08-15 14:15:00,3.25,2.9,3.4153846153846157,11
2022-08-15 18:15:00,2022-08-15 20:15:00,2.25,3.4,3.7222222222222223,18
2022-08-16 01:00:00,2022-08-16 02:30:00,1.75,3.5,3.771428571428572,1
2022-08-16 14:45:00,2022-08-16 15:00:00,0.5,3.9,4.0,14
2022-08-17 00:45:00,2022-08-17 01:45:00,1.25,2.8,3.4,0
2022-08-17 08:00:00,2022-08-17 08:30:00,0.75,3.5,3.5666666666666664,8
2022-08-18 02:15:00,2022-08-18 02:30:00,0.5,2.7,2.9000000000000004,2
2022-08-18 14:45:00,2022-08-18 15:00:00,0.5,3.2,3.45,14
2022-08-18 16:45:00,2022-08-18 17:00:00,0.5,4.5,4.6,16
2022-08-18 21:00:00,2022-08-18 21:15:00,0.5,3.9,4.25,21
2022-08-19 00:00:00,2022-08-19 00:15:00,0.5,3.9,4.0,0
2022-08-19 08:45:00,2022-08-19 09:15:00,0.75,4.2,4.6000000000000005,8
2022-08-19 14:30:00,2022-08-19 15:45:00,1.5,3.4,3.9499999999999993,14
2022-08-19 21:45:00,2022-08-19 22:00:00,0.5,4.6,4.949999999999999,21
2022-08-20 02:45:00,2022-08-20 03:30:00,1.0,4.0,4.225,2
2022-08-20 09:30:00,2022-08-20 09:45:00,0.5,4.5,4.85,9
2022-08-20 11:15:00,2022-08-20 12:15:00,1.25,4.5,4.78,11
2022-08-20 15:45:00,2022-08-20 16:15:00,0.75,3.5,4.066666666666666,15
2022-08-20 22:30:00,2022-08-20 22:45:00,0.5,4.7,4.95,22
2022-08-21 02:00:00,2022-08-21 04:15:00,2.5,3.3,4.17,2
2022-08-21 10:15:00,2022-08-21 10:45:00,0.75,4.4,4.8,10
2022-08-21 12:45:00,2022-08-21 13:00:00,0.5,4.7,4.800000000000001,12
2022-08-21 14:30:00,2022-08-21 18:30:00,4.25,4.2,4.794117647058823,14
2022-08-21 23:30:00,2022-08-21 23:45:00,0.5,4.7,4.95,23
2022-08-22 04:15:00,2022-08-22 05:45:00,1.75,4.2,4.3428571428571425,4
2022-08-22 11:30:00,2022-08-22 12:00:00,0.75,4.8,5.133333333333333,11
2022-08-22 14:00:00,2022-08-22 14:15:00,0.5,4.7,4.800000000000001,14
2022-08-22 18:00:00,2022-08-22 18:15:00,0.5,4.1,4.25,18
2022-08-23 00:15:00,2022-08-23 01:15:00,1.25,4.5,4.86,0
2022-08-23 12:15:00,2022-08-23 12:45:00,0.75,4.5,4.733333333333333,12
2022-08-23 18:45:00,2022-08-23 19:00:00,0.5,3.8,4.1,18
2022-08-24 01:00:00,2022-08-24 01:45:00,1.0,4.5,4.675000000000001,1
2022-08-24 13:15:00,2022-08-24 13:30:00,0.5,4.2,4.5,13
2022-08-24 15:30:00,2022-08-24 16:00:00,0.75,4.4,4.533333333333333,15
2022-08-25 02:15:00,2022-08-25 02:30:00,0.5,3.9,4.2,2
2022-08-25 07:15:00,2022-08-25 07:30:00,0.5,3.5,3.7,7
2022-08-25 15:45:00,2022-08-25 17:00:00,1.5,4.2,4.500000000000001,15
2022-08-25 20:30:00,2022-08-25 20:45:00,0.5,4.0,4.1,20
2022-08-26 02:45:00,2022-08-26 03:15:00,0.75,4.3,4.5,2
2022-08-26 07:45:00,2022-08-26 08:45:00,1.25,3.3,3.6,7
2022-08-26 14:30:00,2022-08-26 15:15:00,1.0,4.0,4.55,14
2022-08-26 17:15:00,2022-08-26 17:30:00,0.5,3.9,4.0,17
2022-08-27 09:15:00,2022-08-27 09:30:00,0.5,3.3,3.4,9
2022-08-27 15:45:00,2022-08-27 16:00:00,0.5,4.1,4.199999999999999,15
2022-08-27 17:30:00,2022-08-27 18:00:00,0.75,3.8,4.0,17
2022-08-27 22:00:00,2022-08-27 23:30:00,1.75,3.7,4.014285714285714,22
2022-08-28 12:00:00,2022-08-28 12:15:00,0.5,4.1,4.199999999999999,12
2022-08-28 18:45:00,2022-08-28 19:00:00,0.5,3.8,3.9,18
2022-08-28 22:30:00,2022-08-29 01:45:00,3.5,3.9,4.178571428571429,22
2022-08-29 08:30:00,2022-08-29 09:15:00,1.0,3.5,3.6500000000000004,8
2022-08-29 11:00:00,2022-08-29 11:15:00,0.5,3.0,3.25,11
2022-08-29 17:00:00,2022-08-29 17:30:00,0.75,4.3,4.466666666666667,17
2022-08-29 23:15:00,2022-08-29 23:30:00,0.5,3.7,3.8,23
2022-08-30 05:15:00,2022-08-30 05:45:00,0.75,4.0,4.133333333333334,5
2022-08-30 18:15:00,2022-08-30 21:15:00,3.25,3.5,3.8615384615384616,18
2022-08-31 12:45:00,2022-08-31 14:45:00,2.25,3.3,3.9666666666666663,12
2022-08-31 18:45:00,2022-08-31 20:00:00,1.5,3.9,4.233333333333333,18
2022-09-01 06:15:00,2022-09-01 08:30:00,2.5,3.2,3.97,6
2022-09-01 15:30:00,2022-09-01 16:30:00,1.25,4.1,4.2,15
2022-09-01 19:45:00,2022-09-01 21:00:00,1.5,4.1,4.3999999999999995,19
2022-09-02 01:15:00,2022-09-02 02:15:00,1.25,3.2,3.66,1
2022-09-02 16:15:00,2022-09-02 16:30:00,0.5,4.0,4.1,16
2022-09-03 10:45:00,2022-09-03 11:15:00,0.75,3.9,4.033333333333333,10
2022-09-03 16:45:00,2022-09-03 17:15:00,0.75,4.2,4.3999999999999995,16
2022-09-04 11:15:00,2022-09-04 12:00:00,1.0,4.3,4.6499999999999995,11
2022-09-05 00:45:00,2022-09-05 01:45:00,1.25,4.1,4.3,0
2022-09-05 03:30:00,2022-09-05 04:00:00,0.75,3.6,3.733333333333333,3
2022-09-05 12:15:00,2022-09-05 13:00:00,1.0,4.4,4.800000000000001,12
2022-09-06 05:00:00,2022-09-06 05:15:00,0.5,3.5,3.6,5
2022-09-06 13:45:00,2022-09-06 16:00:00,2.5,4.4,4.58,13
2022-09-07 05:15:00,2022-09-07 06:15:00,1.25,3.5,3.8,5
2022-09-07 14:45:00,2022-09-07 16:00:00,1.5,4.4,4.5,14
2022-09-07 19:45:00,2022-09-07 21:00:00,1.5,4.1,4.533333333333333,19
2022-09-08 03:15:00,2022-09-08 03:45:00,0.75,3.6,3.8000000000000003,3
2022-09-08 16:15:00,2022-09-08 17:15:00,1.25,3.9,4.0,16
2022-09-09 23:15:00,2022-09-10 00:00:00,1.0,4.2,4.4,23
2022-09-10 06:00:00,2022-09-10 07:15:00,1.5,3.5,3.766666666666666,6
2022-09-10 09:45:00,2022-09-10 11:00:00,1.5,3.3,3.783333333333333,9
2022-09-10 18:15:00,2022-09-10 19:15:00,1.25,3.5,3.7,18
2022-09-11 06:45:00,2022-09-11 08:00:00,1.5,3.0,3.3166666666666664,6
2022-09-11 19:15:00,2022-09-11 20:15:00,1.25,3.2,3.4800000000000004,19
2022-09-12 07:30:00,2022-09-12 08:45:00,1.5,2.9,3.233333333333333,7
2022-09-12 12:30:00,2022-09-12 12:45:00,0.5,3.3,3.45,12
2022-09-12 20:00:00,2022-09-12 21:00:00,1.25,3.2,3.4200000000000004,20
2022-09-13 08:00:00,2022-09-13 09:00:00,1.25,3.2,3.4,8
2022-09-13 12:00:00,2022-09-13 13:15:00,1.5,2.7,3.35,12
2022-09-13 20:30:00,2022-09-13 21:45:00,1.5,3.1,3.3833333333333333,20
2022-09-14 08:30:00,2022-09-14 09:45:00,1.5,3.1,3.35,8
2022-09-14 14:15:00,2022-09-14 14:45:00,0.75,3.5,3.6333333333333333,14
2022-09-15 07:30:00,2022-09-15 08:45:00,1.5,3.8,3.8833333333333333,7
2022-09-15 15:30:00,2022-09-15 15:45:00,0.5,4.1,4.199999999999999,15
2022-09-16 16:00:00,2022-09-16 16:30:00,0.75,4.4,4.566666666666667,16
2022-09-17 02:15:00,2022-09-17 02:30:00,0.5,3.5,3.6,2
2022-09-17 21:15:00,2022-09-17 21:30:00,0.5,4.5,4.6,21
2022-09-18 02:45:00,2022-09-18 03:00:00,0.5,3.6,3.75,2
2022-09-18 08:45:00,2022-09-18 09:15:00,0.75,4.4,4.7,8
2022-09-18 22:00:00,2022-09-18 22:15:00,0.5,4.8,4.9,22
2022-09-19 09:30:00,2022-09-19 10:15:00,1.0,4.5,4.8999999999999995,9
2022-09-19 23:00:00,2022-09-19 23:15:00,0.5,4.6,4.75,23
2022-09-20 10:30:00,2022-09-20 11:15:00,1.0,4.4,4.675,10
2022-09-20 13:30:00,2022-09-20 14:00:00,0.75,4.5,4.7,13
2022-09-20 17:00:00,2022-09-20 17:45:00,1.0,4.3,4.425,17
2022-09-21 00:00:00,2022-09-21 00:15:00,0.5,4.3,4.5,0
2022-09-21 18:45:00,2022-09-21 19:00:00,0.5,3.9,4.2,18
2022-09-23 02:00:00,2022-09-23 02:30:00,0.75,4.7,4.833333333333333,2
2022-09-23 14:00:00,2022-09-23 14:15:00,0.5,4.8,5.05,14
2022-09-24 10:15:00,2022-09-24 10:45:00,0.75,4.6,4.733333333333333,10
2022-09-25 09:45:00,2022-09-25 11:00:00,1.5,3.7,4.316666666666666,9
2022-09-25 16:00:00,2022-09-25 17:45:00,2.0,4.6,4.9,16
2022-09-26 16:00:00,2022-09-26 18:15:00,2.5,4.4,4.79,16
2022-09-27 06:15:00,2022-09-27 06:45:00,0.75,4.1,4.266666666666667,6
2022-09-27 11:00:00,2022-09-27 12:30:00,1.75,3.9,4.685714285714286,11
2022-09-27 16:45:00,2022-09-27 17:15:00,0.75,4.4,4.666666666666667,16
2022-09-30 00:45:00,2022-09-30 01:15:00,0.75,5.5,5.733333333333333,0
2022-10-02 07:45:00,2022-10-02 08:15:00,0.75,6.6,6.733333333333333,7
2022-10-03 09:15:00,2022-10-03 10:15:00,1.25,6.4,6.5200000000000005,9
2022-10-09 15:30:00,2022-10-09 16:15:00,1.0,5.8,5.949999999999999,15
2022-10-10 10:30:00,2022-10-10 11:45:00,1.5,5.1,5.516666666666667,10
2022-10-15 06:45:00,2022-10-15 07:00:00,0.5,5.5,5.6,6
2022-10-15 20:00:00,2022-10-15 20:45:00,1.0,5.6,5.699999999999999,20
2022-10-16 07:15:00,2022-10-16 07:30:00,0.5,5.2,5.5,7
2022-10-17 08:15:00,2022-10-17 08:30:00,0.5,5.1,5.3,8
2022-10-17 10:30:00,2022-10-17 12:45:00,2.5,5.4,5.6899999999999995,10
2022-10-17 16:30:00,2022-10-17 16:45:00,0.5,6.2,6.300000000000001,16
2022-10-17 21:00:00,2022-10-17 21:15:00,0.5,5.3,5.5,21
2022-10-18 02:15:00,2022-10-18 02:45:00,0.75,5.2,5.433333333333334,2
2022-10-18 08:45:00,2022-10-18 09:15:00,0.75,5.5,5.833333333333333,8
2022-10-18 22:15:00,2022-10-18 22:30:00,0.5,5.8,5.9,22
2022-10-19 10:00:00,2022-10-19 10:15:00,0.5,5.6,5.699999999999999,10
2022-10-19 23:00:00,2022-10-19 23:15:00,0.5,5.8,6.05,23
2022-10-21 00:15:00,2022-10-21 01:30:00,1.5,6.1,6.3,0
2022-10-21 12:00:00,2022-10-21 12:30:00,0.75,6.2,6.3999999999999995,12
2022-10-22 00:45:00,2022-10-22 01:15:00,0.75,6.1,6.333333333333333,0
2022-10-23 03:15:00,2022-10-23 04:15:00,1.25,6.1,6.2,3
2022-10-26 17:15:00,2022-10-26 19:00:00,2.0,5.8,6.15,17
2022-10-30 01:00:00,2022-10-30 01:30:00,0.75,5.7,5.866666666666667,1
2022-10-30 07:00:00,2022-10-30 07:30:00,0.75,6.5,6.6000000000000005,7
2022-11-02 10:00:00,2022-11-02 10:45:00,1.0,6.2,6.3500000000000005,10
2022-11-10 23:45:00,2022-11-11 00:00:00,0.5,6.5,6.6,23
2022-11-11 18:15:00,2022-11-11 18:30:00,0.5,6.7,6.800000000000001,18
2022-11-12 05:30:00,2022-11-12 06:15:00,1.0,6.8,6.925,5
2022-11-13 00:00:00,2022-11-13 00:30:00,0.75,6.1,6.3,0
2022-11-13 18:30:00,2022-11-13 19:15:00,1.0,6.9,7.0,18
2022-11-14 06:15:00,2022-11-14 07:00:00,1.0,6.8,7.125,6
2022-11-15 02:30:00,2022-11-15 03:00:00,0.75,6.8,6.866666666666667,2
2022-11-15 15:00:00,2022-11-15 16:15:00,1.5,6.7,7.25,15
2022-11-16 02:15:00,2022-11-16 02:45:00,0.75,6.4,6.666666666666667,2
2022-11-16 08:15:00,2022-11-16 08:45:00,0.75,7.0,7.233333333333333,8
2022-11-16 14:45:00,2022-11-16 15:45:00,1.25,6.5,6.88,14
2022-11-17 01:30:00,2022-11-17 03:45:00,2.5,5.9,6.7299999999999995,1
2022-11-17 09:00:00,2022-11-17 09:15:00,0.5,7.3,7.449999999999999,9
2022-11-18 05:00:00,2022-11-18 05:15:00,0.5,6.8,6.9,5
2022-11-20 12:30:00,2022-11-20 13:00:00,0.75,7.9,8.0,12
2022-11-21 13:30:00,2022-11-21 14:00:00,0.75,8.2,8.333333333333334,13
2022-11-22 20:45:00,2022-11-22 21:00:00,0.5,7.4,7.5,20
2022-11-26 12:00:00,2022-11-26 12:15:00,0.5,6.8,6.949999999999999,12
2022-11-28 00:30:00,2022-11-28 00:45:00,0.5,6.4,6.7,0
2022-11-29 01:15:00,2022-11-29 02:00:00,1.0,7.0,7.125,1
2022-11-30 15:00:00,2022-11-30 15:30:00,0.75,6.9,7.1000000000000005,15
2022-12-01 09:30:00,2022-12-01 10:00:00,0.75,7.8,7.8999999999999995,9
2022-12-02 11:00:00,2022-12-02 11:30:00,0.75,8.0,8.133333333333333,11
2022-12-03 12:00:00,2022-12-03 12:30:00,0.75,7.8,8.0,12
2022-12-03 18:00:00,2022-12-03 18:15:00,0.5,7.0,7.15,18
2022-12-04 19:15:00,2022-12-04 19:30:00,0.5,7.2,7.300000000000001,19
2022-12-07 20:45:00,2022-12-07 21:00:00,0.5,6.8,6.9,20
2022-12-08 21:30:00,2022-12-08 22:00:00,0.75,6.6,6.733333333333333,21
2022-12-10 23:15:00,2022-12-10 23:45:00,0.75,6.7,6.900000000000001,23
2022-12-13 06:00:00,2022-12-13 06:30:00,0.75,7.7,7.833333333333333,6
2022-12-16 14:45:00,2022-12-16 15:00:00,0.5,7.7,7.800000000000001,14
2022-12-17 16:00:00,2022-12-17 16:30:00,0.75,7.8,7.966666666666666,16
2022-12-19 06:15:00,2022-12-19 06:30:00,0.5,8.0,8.1,6
2022-12-30 22:30:00,2022-12-31 00:00:00,1.75,10.5,10.842857142857142,22
2023-01-01 00:30:00,2023-01-01 01:30:00,1.25,10.5,10.780000000000001,0
2023-01-01 13:30:00,2023-01-01 14:15:00,1.0,10.4,10.625,13
2023-01-02 02:00:00,2023-01-02 02:30:00,0.75,10.5,10.666666666666666,2
2023-01-03 02:15:00,2023-01-03 03:00:00,1.0,10.5,10.75,2
2023-01-06 21:00:00,2023-01-06 21:30:00,0.75,9.4,9.533333333333333,21
2023-01-12 13:15:00,2023-01-12 14:30:00,1.5,8.4,9.0,13
2023-01-13 13:45:00,2023-01-13 14:15:00,0.75,8.3,8.5,13
2023-01-14 01:00:00,2023-01-14 02:00:00,1.25,8.3,8.680000000000001,1
2023-01-14 14:15:00,2023-01-14 14:45:00,0.75,8.6,8.733333333333334,14
2023-01-15 09:15:00,2023-01-15 09:30:00,0.5,9.2,9.3,9
2023-01-15 15:15:00,2023-01-15 15:45:00,0.75,8.9,8.966666666666667,15
2023-01-16 22:30:00,2023-01-16 22:45:00,0.5,9.4,9.5,22
2023-01-17 17:00:00,2023-01-17 17:15:00,0.5,8.7,8.8,17
2023-02-14 15:00:00,2023-02-14 15:15:00,0.5,8.0,8.1,15
2023-03-29 09:00:00,2023-03-29 09:15:00,0.5,6.8,6.949999999999999,9
2023-03-30 15:30:00,2023-03-30 16:30:00,1.25,6.5,6.840000000000001,15
2023-03-30 18:15:00,2023-03-30 19:00:00,1.0,7.4,7.574999999999999,18
2023-03-31 17:15:00,2023-03-31 17:30:00,0.5,6.6,6.699999999999999,17
2023-04-01 18:15:00,2023-04-01 18:30:00,0.5,7.2,7.300000000000001,18
2023-04-02 06:15:00,2023-04-02 06:45:00,0.75,6.9,7.166666666666667,6
2023-04-02 19:15:00,2023-04-02 19:30:00,0.5,7.1,7.199999999999999,19
2023-04-04 02:00:00,2023-04-04 02:15:00,0.5,6.8,6.9,2
2023-04-13 15:15:00,2023-04-13 16:30:00,1.5,6.6,6.833333333333333,15
2023-04-20 10:00:00,2023-04-20 11:15:00,1.5,5.3,5.6499999999999995,10
2023-04-27 20:45:00,2023-04-27 21:00:00,0.5,6.1,6.25,20
2023-04-30 12:00:00,2023-04-30 12:15:00,0.5,6.4,6.5,12
2023-05-02 00:30:00,2023-05-02 01:00:00,0.75,6.6,6.833333333333333,0
2023-05-03 07:15:00,2023-05-03 07:30:00,0.5,6.1,6.199999999999999,7
2023-05-04 10:00:00,2023-05-04 10:30:00,0.75,7.3,7.433333333333334,10
2023-05-06 09:30:00,2023-05-06 10:00:00,0.75,5.8,5.8999999999999995,9
2023-05-06 17:45:00,2023-05-06 18:15:00,0.75,6.5,6.6000000000000005,17
2023-05-07 10:30:00,2023-05-07 12:00:00,1.75,5.0,5.971428571428571,10
2023-05-08 07:45:00,2023-05-08 08:15:00,0.75,5.6,5.933333333333333,7
2023-05-08 11:00:00,2023-05-08 12:30:00,1.75,5.5,6.285714285714286,11
2023-05-08 17:45:00,2023-05-08 19:00:00,1.5,6.6,6.7,17
2023-05-09 12:00:00,2023-05-09 13:30:00,1.75,5.4,6.271428571428571,12
2023-05-09 17:45:00,2023-05-09 18:30:00,1.0,6.0,6.425,17
2023-05-10 13:00:00,2023-05-10 13:45:00,1.0,5.4,5.6,13
2023-05-11 15:45:00,2023-05-11 16:30:00,1.0,6.4,6.625,15
2023-06-03 10:30:00,2023-06-03 11:00:00,0.75,6.3,6.466666666666666,10
2023-06-05 12:30:00,2023-06-05 12:45:00,0.5,6.0,6.1,12
2023-06-07 12:30:00,2023-06-07 14:00:00,1.75,5.1,5.928571428571429,12
2023-06-08 13:30:00,2023-06-08 14:45:00,1.5,5.3,5.766666666666666,13
2023-06-10 11:30:00,2023-06-10 12:30:00,1.25,4.9,5.0,11
2023-06-10 16:45:00,2023-06-10 17:00:00,0.5,5.5,5.65,16
2023-06-11 10:30:00,2023-06-11 11:30:00,1.25,5.0,5.16,10
2023-06-12 11:30:00,2023-06-12 12:30:00,1.25,5.2,5.34,11
2023-06-13 13:45:00,2023-06-13 14:00:00,0.5,4.9,5.050000000000001,13
2023-06-14 14:45:00,2023-06-14 15:30:00,1.0,5.1,5.35,14
2023-06-15 06:15:00,2023-06-15 08:45:00,2.75,5.2,5.527272727272727,6
2023-06-16 13:45:00,2023-06-16 14:15:00,0.75,5.6,5.766666666666666,13
2023-06-18 15:45:00,2023-06-18 18:00:00,2.5,5.2,5.4,15
2023-06-19 12:00:00,2023-06-19 12:45:00,1.0,5.4,5.574999999999999,12
2023-06-20 11:45:00,2023-06-20 12:15:00,0.75,5.3,5.599999999999999,11
2023-06-21 12:00:00,2023-06-21 13:30:00,1.75,4.6,5.514285714285714,12
2023-06-22 06:00:00,2023-06-22 06:30:00,0.75,4.9,5.166666666666667,6
2023-06-22 18:45:00,2023-06-22 20:00:00,1.5,5.7,5.8999999999999995,18
2023-06-23 07:15:00,2023-06-23 08:00:00,1.0,5.6,5.725,7
2023-06-23 13:30:00,2023-06-23 14:30:00,1.25,5.5,5.88,13
2023-06-24 01:15:00,2023-06-24 01:30:00,0.5,5.6,5.699999999999999,1
2023-06-24 07:45:00,2023-06-24 08:00:00,0.5,5.7,5.800000000000001,7
2023-06-24 13:45:00,2023-06-24 14:00:00,0.5,5.4,5.5,13
2023-06-24 19:30:00,2023-06-24 19:45:00,0.5,5.7,5.9,19
2023-06-25 08:15:00,2023-06-25 08:30:00,0.5,5.9,6.0,8
2023-06-25 16:45:00,2023-06-25 18:00:00,1.5,6.7,6.95,16
2023-06-26 15:15:00,2023-06-26 16:00:00,1.0,6.0,6.3,15
2023-06-27 10:00:00,2023-06-27 10:15:00,0.5,6.6,6.699999999999999,10
2023-06-27 16:30:00,2023-06-27 17:30:00,1.25,6.4,6.859999999999999,16
2023-06-28 09:45:00,2023-06-28 11:00:00,1.5,6.5,6.733333333333333,9
2023-06-28 19:00:00,2023-06-28 19:45:00,1.0,6.8,6.925,19
2023-06-29 10:30:00,2023-06-29 10:45:00,0.5,6.1,6.199999999999999,10
2023-06-29 14:15:00,2023-06-29 14:30:00,0.5,6.0,6.1,14
2023-07-05 20:15:00,2023-07-05 21:30:00,1.5,3.5,3.8499999999999996,20
2023-07-07 21:30:00,2023-07-07 22:45:00,1.5,3.6,3.9166666666666665,21
2023-07-08 11:00:00,2023-07-08 11:30:00,0.75,3.3,3.4666666666666663,11
2023-07-08 23:00:00,2023-07-08 23:30:00,0.75,3.5,3.6333333333333333,23
2023-07-09 11:15:00,2023-07-09 12:15:00,1.25,3.6,3.8600000000000003,11
2023-07-09 15:15:00,2023-07-09 16:30:00,1.5,3.4,4.016666666666667,15
2023-07-10 12:15:00,2023-07-10 13:00:00,1.0,4.0,4.15,12
2023-07-12 13:30:00,2023-07-12 13:45:00,0.5,4.1,4.25,13
2023-07-13 14:30:00,2023-07-13 14:45:00,0.5,4.3,4.449999999999999,14
2023-07-14 12:15:00,2023-07-14 12:30:00,0.5,4.8,4.9,12
2023-07-14 14:30:00,2023-07-14 15:30:00,1.25,4.5,5.0,14
2023-07-15 02:45:00,2023-07-15 04:15:00,1.75,4.5,4.785714285714286,2
2023-07-15 15:00:00,2023-07-15 16:15:00,1.5,4.9,5.283333333333334,15
2023-07-15 20:45:00,2023-07-15 22:00:00,1.5,5.0,5.316666666666667,20
2023-07-16 13:45:00,2023-07-16 14:00:00,0.5,5.5,5.6,13
2023-07-16 16:30:00,2023-07-16 17:00:00,0.75,4.8,5.1000000000000005,16
2023-07-16 21:15:00,2023-07-16 22:30:00,1.5,5.2,5.3999999999999995,21
2023-07-17 03:15:00,2023-07-17 04:15:00,1.25,5.1,5.34,3
2023-07-17 17:30:00,2023-07-17 17:45:00,0.5,4.6,4.8,17
2023-07-18 11:15:00,2023-07-18 11:30:00,0.5,4.7,4.800000000000001,11
2023-07-18 16:45:00,2023-07-18 18:15:00,1.75,4.5,4.7,16
2023-07-19 17:30:00,2023-07-19 19:00:00,1.75,4.6,4.742857142857143,17
2023-07-20 12:30:00,2023-07-20 13:30:00,1.25,4.7,4.880000000000001,12
2023-07-21 18:00:00,2023-07-21 18:45:00,1.0,5.1,5.225,18
2023-07-22 12:15:00,2023-07-22 14:00:00,2.0,4.7,5.2875,12
2023-07-23 15:00:00,2023-07-23 15:30:00,0.75,5.3,5.6000000000000005,15
2023-07-23 22:15:00,2023-07-23 22:30:00,0.5,4.9,5.0,22
2023-07-24 07:15:00,2023-07-24 07:45:00,0.75,4.7,5.0,7
2023-07-24 20:00:00,2023-07-24 22:15:00,2.5,4.6,4.92,20
2023-07-25 07:45:00,2023-07-25 08:15:00,0.75,4.7,4.8,7
2023-07-25 16:15:00,2023-07-25 16:45:00,0.75,5.1,5.333333333333333,16
2023-07-26 03:00:00,2023-07-26 04:15:00,1.5,4.3,4.6000000000000005,3
2023-07-26 12:00:00,2023-07-26 12:45:00,1.0,4.3,4.4,12
2023-07-26 14:30:00,2023-07-26 16:00:00,1.75,4.4,4.785714285714286,14
2023-07-26 22:00:00,2023-07-26 23:00:00,1.25,4.5,4.68,22
2023-07-27 09:15:00,2023-07-27 10:15:00,1.25,4.8,5.08,9
2023-07-27 11:45:00,2023-07-27 12:30:00,1.0,4.4,4.6,11
2023-09-01 12:30:00,2023-09-01 13:00:00,0.75,3.7,3.866666666666667,12
2023-09-02 05:30:00,2023-09-02 06:00:00,0.75,3.3,3.5666666666666664,5
2023-09-02 13:30:00,2023-09-02 14:00:00,0.75,3.7,3.9333333333333336,13
2023-09-02 19:30:00,2023-09-02 20:15:00,1.0,3.4,3.6,19
2023-09-02 23:45:00,2023-09-03 01:30:00,2.0,3.0,3.3,23
2023-09-03 12:30:00,2023-09-03 14:30:00,2.25,2.6,3.688888888888889,12
2023-09-03 19:15:00,2023-09-03 21:15:00,2.25,3.7,4.311111111111112,19
2023-09-04 00:45:00,2023-09-04 02:00:00,1.5,2.7,3.1999999999999997,0
2023-09-04 09:15:00,2023-09-04 11:15:00,2.25,3.5,4.011111111111111,9
2023-09-05 00:30:00,2023-09-05 01:15:00,1.0,3.2,3.825,0
2023-09-07 01:45:00,2023-09-07 02:15:00,0.75,4.3,4.433333333333333,1
2023-09-08 02:30:00,2023-09-08 02:45:00,0.5,4.0,4.1,2
2023-09-08 09:45:00,2023-09-08 10:00:00,0.5,4.0,4.1,9
2023-09-09 04:15:00,2023-09-09 04:30:00,0.5,3.5,3.6,4
2023-09-09 10:45:00,2023-09-09 11:00:00,0.5,3.7,3.8,10
2023-09-11 06:30:00,2023-09-11 06:45:00,0.5,3.6,3.8,6
2023-09-11 19:00:00,2023-09-11 19:45:00,1.0,3.3,3.875,19
2023-10-12 14:15:00,2023-10-12 15:30:00,1.5,5.8,6.033333333333332,14
2023-10-19 14:45:00,2023-10-19 15:00:00,0.5,6.7,6.800000000000001,14
2023-10-29 05:45:00,2023-10-29 06:00:00,0.5,5.4,5.6,5
2023-10-31 05:00:00,2023-10-31 05:30:00,0.75,5.9,5.966666666666666,5
2023-11-02 00:00:00,2023-11-02 00:30:00,0.75,6.1,6.166666666666667,0
2023-11-02 19:30:00,2023-11-02 20:30:00,1.25,7.0,7.140000000000001,19
2023-11-03 07:30:00,2023-11-03 09:30:00,2.25,6.9,7.055555555555555,7
2023-11-05 11:45:00,2023-11-05 12:15:00,0.75,7.1,7.233333333333333,11
2023-11-06 09:30:00,2023-11-06 10:00:00,0.75,7.3,7.3999999999999995,9
2023-11-07 13:15:00,2023-11-07 13:45:00,0.75,7.3,7.3999999999999995,13
2023-11-08 11:45:00,2023-11-08 12:00:00,0.5,7.4,7.5,11
2023-11-08 13:45:00,2023-11-08 14:30:00,1.0,7.3,7.4,13
2023-11-08 17:30:00,2023-11-08 18:00:00,0.75,7.0,7.2,17
2023-11-09 06:15:00,2023-11-09 06:30:00,0.5,6.6,6.75,6
2023-11-10 03:15:00,2023-11-10 03:45:00,0.75,7.0,7.1000000000000005,3
2023-11-10 07:15:00,2023-11-10 08:00:00,1.0,6.4,6.85,7
2023-11-11 08:15:00,2023-11-11 08:30:00,0.5,6.3,6.55,8
2023-11-14 05:45:00,2023-11-14 06:00:00,0.5,7.0,7.1,5
2023-11-23 01:45:00,2023-11-23 02:30:00,1.0,7.3,7.4750000000000005,1
2023-11-29 05:45:00,2023-11-29 06:00:00,0.5,7.6,7.699999999999999,5
2023-12-02 06:30:00,2023-12-02 06:45:00,0.5,8.1,8.2,6
2023-12-03 01:15:00,2023-12-03 02:00:00,1.0,7.2,7.55,1
2023-12-03 07:30:00,2023-12-03 07:45:00,0.5,8.1,8.25,7
2023-12-04 07:45:00,2023-12-04 08:15:00,0.75,7.9,8.1,7
2023-12-04 14:15:00,2023-12-04 15:00:00,1.0,7.4,7.574999999999999,14
2023-12-05 02:00:00,2023-12-05 03:15:00,1.5,7.4,7.6499999999999995,2
2023-12-05 15:15:00,2023-12-05 16:45:00,1.75,7.3,7.857142857142857,15
2023-12-06 03:30:00,2023-12-06 04:15:00,1.0,7.4,7.575,3
2023-12-06 09:30:00,2023-12-06 09:45:00,0.5,8.2,8.3,9
2023-12-06 22:00:00,2023-12-06 22:30:00,0.75,8.3,8.5,22
2023-12-08 05:30:00,2023-12-08 06:00:00,0.75,8.0,8.133333333333333,5
2023-12-09 18:45:00,2023-12-09 19:00:00,0.5,7.6,7.8,18
2023-12-12 21:00:00,2023-12-12 21:30:00,0.75,7.9,8.033333333333333,21
2023-12-18 01:45:00,2023-12-18 02:00:00,0.5,8.5,8.6,1
2023-12-19 02:00:00,2023-12-19 02:30:00,0.75,8.2,8.566666666666666,2
2023-12-22 17:45:00,2023-12-22 18:15:00,0.75,8.8,8.966666666666667,17
2023-12-25 19:45:00,2023-12-25 21:00:00,1.5,8.7,8.966666666666667,19
2024-01-03 02:15:00,2024-01-03 02:30:00,0.5,8.4,8.5,2
2024-01-03 14:00:00,2024-01-03 14:30:00,0.75,8.4,8.533333333333333,14
2024-01-05 16:00:00,2024-01-05 16:15:00,0.5,8.4,8.600000000000001,16
2024-01-06 00:30:00,2024-01-06 01:30:00,1.25,9.4,9.639999999999999,0
2024-01-08 07:00:00,2024-01-08 07:15:00,0.5,9.0,9.2,7
2024-02-01 15:30:00,2024-02-01 15:45:00,0.5,9.3,9.4,15
2024-02-04 16:30:00,2024-02-04 16:45:00,0.5,8.6,8.7,16
2024-02-05 17:45:00,2024-02-05 18:15:00,0.75,8.8,8.9,17
2024-03-31 09:45:00,2024-03-31 10:15:00,0.75,7.0,7.133333333333333,9
2024-04-04 01:15:00,2024-04-04 01:30:00,0.5,7.4,7.5,1
2024-04-21 20:45:00,2024-04-21 22:00:00,1.5,6.1,6.300000000000001,20
2024-04-26 05:30:00,2024-04-26 06:45:00,1.5,6.0,6.166666666666667,5
2024-04-27 17:15:00,2024-04-27 18:00:00,1.0,6.4,6.625,17
2024-04-29 19:15:00,2024-04-29 20:30:00,1.5,6.2,6.5,19
2024-04-30 15:30:00,2024-04-30 15:45:00,0.5,6.8,6.949999999999999,15
2024-05-01 09:00:00,2024-05-01 09:30:00,0.75,6.2,6.400000000000001,9
2024-05-01 17:00:00,2024-05-01 17:15:00,0.5,6.9,7.0,17
2024-05-02 12:45:00,2024-05-02 14:00:00,1.5,6.4,6.45,12
2024-05-03 11:00:00,2024-05-03 11:45:00,1.0,6.4,6.5,11
2024-05-03 19:00:00,2024-05-03 19:15:00,0.5,6.6,6.699999999999999,19
2024-05-04 12:45:00,2024-05-04 14:45:00,2.25,6.1,6.388888888888888,12
2024-05-05 07:00:00,2024-05-05 08:30:00,1.75,5.0,5.671428571428571,7
2024-05-05 13:00:00,2024-05-05 15:30:00,2.75,5.9,6.218181818181819,13
2024-05-06 03:45:00,2024-05-06 04:15:00,0.75,5.4,5.533333333333334,3
2024-05-06 09:15:00,2024-05-06 09:30:00,0.5,5.7,5.800000000000001,9
2024-05-06 15:30:00,2024-05-06 16:00:00,0.75,5.6,5.8,15
2024-05-07 16:15:00,2024-05-07 17:00:00,1.0,5.2,5.5,16
2024-05-08 16:00:00,2024-05-08 17:15:00,1.5,5.2,5.516666666666667,16
2024-05-09 10:15:00,2024-05-09 11:45:00,1.75,4.4,5.171428571428572,10
2024-05-09 16:15:00,2024-05-09 16:45:00,0.75,5.2,5.400000000000001,16
2024-05-09 23:15:00,2024-05-10 00:30:00,1.5,4.7,5.233333333333333,23
2024-05-10 10:15:00,2024-05-10 12:00:00,2.0,4.6,5.112500000000001,10
2024-05-10 16:30:00,2024-05-10 17:00:00,0.75,4.7,5.066666666666666,16
2024-05-12 00:45:00,2024-05-12 01:00:00,0.5,5.1,5.199999999999999,0
2024-05-12 14:15:00,2024-05-12 15:00:00,1.0,6.2,6.375,14
2024-05-13 15:30:00,2024-05-13 15:45:00,0.5,6.0,6.1,15
2024-05-14 14:30:00,2024-05-14 16:15:00,2.0,4.7,5.8,14
2024-05-15 15:30:00,2024-05-15 15:45:00,0.5,6.0,6.15,15
2024-05-16 04:00:00,2024-05-16 04:30:00,0.75,5.8,5.966666666666666,4
2024-05-17 04:30:00,2024-05-17 04:45:00,0.5,5.8,6.1,4
2024-05-17 17:30:00,2024-05-17 17:45:00,0.5,6.0,6.2,17
2024-05-18 05:30:00,2024-05-18 06:00:00,0.75,5.7,5.966666666666666,5
2024-05-18 18:30:00,2024-05-18 19:00:00,0.75,5.0,5.266666666666667,18
2024-05-19 19:15:00,2024-05-19 19:30:00,0.5,4.6,5.25,19
2024-05-20 20:30:00,2024-05-20 20:45:00,0.5,5.1,5.35,20
2024-05-21 20:45:00,2024-05-21 21:00:00,0.5,4.8,5.449999999999999,20
2024-05-22 10:00:00,2024-05-22 10:15:00,0.5,6.2,6.300000000000001,10
2024-05-23 10:30:00,2024-05-23 11:00:00,0.75,6.1,6.233333333333333,10
2024-05-23 14:45:00,2024-05-23 15:30:00,1.0,5.9,5.949999999999999,14
2024-05-23 22:15:00,2024-05-23 23:30:00,1.5,5.7,6.416666666666667,22
2024-05-24 09:30:00,2024-05-24 09:45:00,0.5,5.0,5.25,9
2024-05-24 11:15:00,2024-05-24 11:30:00,0.5,6.4,6.5,11
2024-05-25 10:15:00,2024-05-25 11:00:00,1.0,4.0,4.375,10
2024-05-26 11:30:00,2024-05-26 13:15:00,2.0,4.2,5.6625,11
2024-05-26 17:00:00,2024-05-26 17:15:00,0.5,4.6,4.8,17
2024-05-27 12:00:00,2024-05-27 13:30:00,1.75,4.3,5.828571428571429,12
2024-05-27 17:45:00,2024-05-27 18:00:00,0.5,4.7,5.0,17
2024-05-28 12:30:00,2024-05-28 16:45:00,4.5,3.5,5.744444444444445,12
2024-05-29 01:45:00,2024-05-29 02:00:00,0.5,4.9,5.25,1
2024-05-29 07:45:00,2024-05-29 08:15:00,0.75,4.7,4.833333333333333,7
2024-05-29 13:45:00,2024-05-29 14:15:00,0.75,4.1,4.766666666666667,13
2024-05-29 15:45:00,2024-05-29 16:30:00,1.0,6.2,6.425,15
2024-05-29 19:30:00,2024-05-29 19:45:00,0.5,4.6,5.0,19
2024-05-30 02:30:00,2024-05-30 02:45:00,0.5,4.9,5.300000000000001,2
2024-05-30 08:30:00,2024-05-30 09:15:00,1.0,4.9,5.125,8
2024-05-30 15:00:00,2024-05-30 15:15:00,0.5,4.8,5.25,15
2024-05-30 17:00:00,2024-05-30 18:15:00,1.5,6.2,6.383333333333334,17
2024-05-30 21:00:00,2024-05-30 21:15:00,0.5,4.9,5.050000000000001,21
2024-05-31 16:00:00,2024-05-31 16:15:00,0.5,5.4,5.65,16
2024-05-31 18:00:00,2024-05-31 19:30:00,1.75,6.0,6.2,18
2024-05-31 22:00:00,2024-05-31 22:15:00,0.5,4.8,5.15,22
2024-06-01 12:45:00,2024-06-01 13:30:00,1.0,5.7,5.825,12
2024-06-01 17:15:00,2024-06-01 17:30:00,0.5,4.5,5.15,17
2024-06-03 14:15:00,2024-06-03 15:00:00,1.0,5.6,5.725,14
2024-06-04 07:15:00,2024-06-04 07:30:00,0.5,4.4,4.75,7
2024-06-04 13:30:00,2024-06-04 15:15:00,2.0,5.2,5.55,13
2024-06-04 20:15:00,2024-06-04 20:30:00,0.5,4.6,4.949999999999999,20
2024-06-05 08:15:00,2024-06-05 08:30:00,0.5,4.4,4.6,8
2024-06-05 10:00:00,2024-06-05 10:15:00,0.5,5.7,5.800000000000001,10
2024-06-05 14:15:00,2024-06-05 16:00:00,2.0,4.8,5.425,14
2024-06-05 21:00:00,2024-06-05 21:30:00,0.75,4.7,4.933333333333334,21
2024-06-06 03:15:00,2024-06-06 03:30:00,0.5,4.6,4.85,3
2024-06-06 09:15:00,2024-06-06 11:15:00,2.25,4.2,5.711111111111111,9
2024-06-06 15:00:00,2024-06-06 16:30:00,1.75,4.5,5.257142857142857,15
2024-06-07 09:00:00,2024-06-07 10:00:00,1.25,3.8,4.34,9
2024-06-07 15:45:00,2024-06-07 16:15:00,0.75,4.9,5.2,15
2024-06-07 22:30:00,2024-06-07 23:00:00,0.75,4.2,4.7,22
2024-06-08 10:30:00,2024-06-08 14:15:00,4.0,4.0,5.38125,10
2024-06-08 23:15:00,2024-06-08 23:45:00,0.75,5.1,5.266666666666667,23
2024-06-09 10:45:00,2024-06-09 11:30:00,1.0,3.8,4.5,10
2024-06-09 13:00:00,2024-06-09 14:30:00,1.75,5.7,5.885714285714286,13
2024-06-09 17:15:00,2024-06-09 17:30:00,0.5,4.4,4.9,17
2024-06-09 23:15:00,2024-06-10 00:15:00,1.25,4.1,5.12,23
2024-06-10 06:00:00,2024-06-10 06:15:00,0.5,4.1,4.449999999999999,6
2024-06-10 12:15:00,2024-06-10 15:00:00,3.0,3.2,5.691666666666666,12
2024-06-10 17:45:00,2024-06-10 18:00:00,0.5,4.4,4.95,17
2024-06-11 00:45:00,2024-06-11 01:15:00,0.75,4.0,4.766666666666667,0
2024-06-11 07:00:00,2024-06-11 07:15:00,0.5,4.2,4.45,7
2024-06-11 15:15:00,2024-06-11 15:30:00,0.5,6.5,6.6,15
2024-06-12 01:30:00,2024-06-12 01:45:00,0.5,4.3,4.65,1
2024-06-12 07:15:00,2024-06-12 07:45:00,0.75,4.7,4.966666666666666,7
2024-06-12 10:45:00,2024-06-12 11:15:00,0.75,5.4,5.5,10
2024-06-12 13:15:00,2024-06-12 14:15:00,1.25,4.3,4.720000000000001,13
2024-06-13 08:15:00,2024-06-13 09:00:00,1.0,4.1,5.075,8
2024-06-13 15:00:00,2024-06-13 15:15:00,0.5,4.2,4.35,15
2024-06-13 20:30:00,2024-06-13 21:00:00,0.75,5.9,5.966666666666666,20
2024-06-14 03:00:00,2024-06-14 03:45:00,1.0,3.9,4.375,3
2024-06-14 09:15:00,2024-06-14 09:30:00,0.5,5.5,5.65,9
2024-06-14 15:00:00,2024-06-14 16:15:00,1.5,4.4,5.183333333333334,15
2024-06-14 17:45:00,2024-06-14 18:15:00,0.75,6.4,6.566666666666667,17
2024-06-14 21:15:00,2024-06-14 21:30:00,0.5,6.0,6.15,21
2024-06-15 03:15:00,2024-06-15 03:30:00,0.5,4.5,4.75,3
2024-06-15 16:15:00,2024-06-15 17:00:00,1.0,4.5,5.074999999999999,16
2024-06-15 22:15:00,2024-06-15 22:30:00,0.5,5.9,6.050000000000001,22
2024-06-16 03:45:00,2024-06-16 04:30:00,1.0,4.5,5.0,3
2024-06-16 10:15:00,2024-06-16 10:30:00,0.5,5.8,5.9,10
2024-06-16 16:15:00,2024-06-16 17:45:00,1.75,4.8,5.828571428571428,16
2024-06-16 23:15:00,2024-06-16 23:30:00,0.5,6.0,6.1,23
2024-06-17 04:45:00,2024-06-17 05:45:00,1.25,4.0,4.5,4
2024-06-17 10:45:00,2024-06-17 11:30:00,1.0,5.8,6.2250000000000005,10
2024-06-17 14:15:00,2024-06-17 16:00:00,2.0,6.1,6.262499999999999,14
2024-06-17 18:15:00,2024-06-17 18:45:00,0.75,4.9,5.266666666666667,18
2024-06-18 05:45:00,2024-06-18 06:15:00,0.75,4.3,4.666666666666667,5
2024-06-18 11:45:00,2024-06-18 12:30:00,1.0,6.3,6.55,11
2024-06-18 14:30:00,2024-06-18 15:45:00,1.5,6.4,6.6000000000000005,14
2024-06-19 01:15:00,2024-06-19 02:30:00,1.5,6.0,6.166666666666667,1
2024-06-19 07:00:00,2024-06-19 09:00:00,2.25,4.0,5.444444444444445,7
2024-06-19 12:45:00,2024-06-19 13:30:00,1.0,6.1,6.5,12
2024-06-19 16:00:00,2024-06-19 17:30:00,1.75,6.4,6.528571428571429,16
2024-06-20 07:45:00,2024-06-20 08:15:00,0.75,4.6,4.866666666666666,7
2024-06-20 13:45:00,2024-06-20 14:30:00,1.0,6.4,6.625,13
2024-06-20 21:00:00,2024-06-20 21:15:00,0.5,4.6,5.199999999999999,21
2024-06-21 03:00:00,2024-06-21 03:30:00,0.75,5.9,6.033333333333334,3
2024-06-21 08:45:00,2024-06-21 09:00:00,0.5,4.3,4.699999999999999,8
2024-06-21 16:30:00,2024-06-21 18:30:00,2.25,6.3,6.522222222222222,16
2024-06-21 21:45:00,2024-06-21 22:00:00,0.5,5.0,5.35,21
2024-06-22 09:15:00,2024-06-22 09:30:00,0.5,4.2,4.4,9
2024-06-22 15:15:00,2024-06-22 18:00:00,3.0,5.9,6.366666666666666,15
2024-06-22 22:15:00,2024-06-22 22:30:00,0.5,4.7,5.050000000000001,22
2024-06-23 04:30:00,2024-06-23 04:45:00,0.5,5.4,5.5,4
2024-06-23 10:00:00,2024-06-23 10:15:00,0.5,2.7,3.5500000000000003,10
2024-06-23 16:45:00,2024-06-23 18:45:00,2.25,5.8,6.033333333333333,16
2024-06-24 17:00:00,2024-06-24 19:15:00,2.5,5.5,6.11,17
2024-06-25 00:00:00,2024-06-25 00:15:00,0.5,3.7,4.35,0
2024-06-25 08:00:00,2024-06-25 08:30:00,0.75,5.2,5.366666666666667,8
2024-06-25 11:45:00,2024-06-25 12:00:00,0.5,4.7,4.85,11
2024-06-25 13:30:00,2024-06-25 14:00:00,0.75,6.2,6.466666666666666,13
2024-06-25 17:45:00,2024-06-25 19:45:00,2.25,6.0,6.155555555555556,17
2024-06-26 12:45:00,2024-06-26 15:00:00,2.5,3.9,5.7299999999999995,12
2024-06-26 18:45:00,2024-06-26 19:30:00,1.0,5.7,5.8500000000000005,18
2024-06-27 01:30:00,2024-06-27 02:00:00,0.75,4.3,4.866666666666667,1
2024-06-27 15:30:00,2024-06-27 15:45:00,0.5,6.1,6.25,15
2024-06-27 22:00:00,2024-06-27 22:30:00,0.75,5.4,5.533333333333334,22
2024-06-28 02:15:00,2024-06-28 02:45:00,0.75,4.0,4.466666666666666,2
2024-06-28 08:30:00,2024-06-28 09:15:00,1.0,4.5,4.925,8
2024-06-28 10:45:00,2024-06-28 11:00:00,0.5,5.0,5.1,10
2024-06-28 14:00:00,2024-06-28 17:15:00,3.5,3.9,5.32142857142857,14
2024-06-28 21:00:00,2024-06-28 21:15:00,0.5,4.9,5.15,21
2024-06-29 03:00:00,2024-06-29 03:30:00,0.75,3.8,4.466666666666666,3
2024-06-29 09:30:00,2024-06-29 11:45:00,2.5,4.0,4.82,9
2024-06-29 15:00:00,2024-06-29 16:00:00,1.25,4.4,4.82,15
2024-06-29 17:45:00,2024-06-29 18:00:00,0.5,5.5,5.65,17
2024-06-29 22:15:00,2024-06-29 22:30:00,0.5,4.7,4.85,22
2024-06-30 10:15:00,2024-06-30 12:45:00,2.75,4.0,4.800000000000001,10
2024-06-30 16:45:00,2024-06-30 17:00:00,0.5,4.5,4.7,16
2024-06-30 18:45:00,2024-06-30 19:00:00,0.5,5.5,5.6,18
2024-06-30 23:15:00,2024-06-30 23:45:00,0.75,4.9,5.033333333333334,23
2024-07-01 04:45:00,2024-07-01 05:30:00,1.0,2.9,3.6999999999999997,4
2024-07-01 11:00:00,2024-07-01 11:45:00,1.0,4.0,4.65,11
2024-07-01 13:30:00,2024-07-01 13:45:00,0.5,4.8,4.949999999999999,13
2024-07-01 16:45:00,2024-07-01 18:15:00,1.75,4.1,4.914285714285714,16
2024-07-01 23:45:00,2024-07-02 00:00:00,0.5,4.6,4.75,23
2024-07-02 05:00:00,2024-07-02 06:30:00,1.75,3.0,4.357142857142857,5
2024-07-02 12:15:00,2024-07-02 12:45:00,0.75,4.4,4.866666666666667,12
2024-07-02 19:15:00,2024-07-02 19:30:00,0.5,4.4,4.65,19
2024-07-03 06:45:00,2024-07-03 07:15:00,0.75,2.8,3.7999999999999994,6
2024-07-03 08:45:00,2024-07-03 09:15:00,0.75,5.2,5.366666666666667,8
2024-07-03 12:45:00,2024-07-03 16:30:00,4.0,4.7,5.3625,12
2024-07-03 20:00:00,2024-07-03 20:30:00,0.75,4.4,4.7,20
2024-07-04 07:30:00,2024-07-04 08:00:00,0.75,3.4,3.9000000000000004,7
2024-07-04 13:45:00,2024-07-04 14:30:00,1.0,5.1,5.35,13
2024-07-04 16:00:00,2024-07-04 16:30:00,0.75,5.3,5.5,16
2024-07-04 20:30:00,2024-07-04 21:15:00,1.0,3.6,4.525,20
2024-07-05 08:00:00,2024-07-05 08:45:00,1.0,3.9,4.3,8
2024-07-05 10:15:00,2024-07-05 10:45:00,0.75,5.4,5.599999999999999,10
2024-07-05 14:30:00,2024-07-05 17:30:00,3.25,4.5,5.5,14
2024-07-05 21:30:00,2024-07-05 22:00:00,0.75,4.2,4.633333333333333,21
2024-07-06 03:45:00,2024-07-06 04:00:00,0.5,4.2,4.6,3
2024-07-06 08:30:00,2024-07-06 09:30:00,1.25,3.6,4.3,8
2024-07-06 11:15:00,2024-07-06 11:45:00,0.75,5.6,5.733333333333333,11
2024-07-06 15:30:00,2024-07-06 16:15:00,1.0,4.3,5.275,15
2024-07-06 22:00:00,2024-07-06 22:30:00,0.75,4.4,4.7,22
2024-07-07 10:00:00,2024-07-07 10:30:00,0.75,2.8,3.6666666666666665,10
2024-07-07 12:00:00,2024-07-07 12:15:00,0.5,5.8,5.9,12
2024-07-07 16:00:00,2024-07-07 16:15:00,0.5,4.5,4.95,16
2024-07-07 22:45:00,2024-07-07 23:15:00,0.75,3.9,4.566666666666667,22
2024-07-08 10:30:00,2024-07-08 13:00:00,2.75,3.7,5.045454545454546,10
2024-07-08 23:30:00,2024-07-09 00:00:00,0.75,3.0,3.9333333333333336,23
2024-07-09 11:00:00,2024-07-09 13:45:00,3.0,3.1,4.75,11
2024-07-09 17:15:00,2024-07-09 18:15:00,1.25,4.0,4.88,17
2024-07-09 23:45:00,2024-07-10 01:00:00,1.5,4.4,4.733333333333333,23
2024-07-10 12:00:00,2024-07-10 12:45:00,1.0,4.1,4.35,12
2024-07-10 16:45:00,2024-07-10 18:00:00,1.5,5.5,5.883333333333333,16
2024-07-10 21:00:00,2024-07-10 21:30:00,0.75,5.5,5.633333333333333,21
2024-07-11 00:15:00,2024-07-11 01:00:00,1.0,3.9,4.5,0
2024-07-11 06:15:00,2024-07-11 07:15:00,1.25,4.8,5.0600000000000005,6
2024-07-11 12:30:00,2024-07-11 13:30:00,1.25,3.2,4.119999999999999,12
2024-07-11 19:00:00,2024-07-11 19:30:00,0.75,5.7,5.8,19
2024-07-12 00:15:00,2024-07-12 02:00:00,2.0,4.3,5.0375,0
2024-07-12 07:00:00,2024-07-12 07:15:00,0.5,3.8,4.449999999999999,7
2024-07-12 13:15:00,2024-07-12 16:45:00,3.75,3.6,5.126666666666667,13
2024-07-12 19:30:00,2024-07-12 19:45:00,0.5,5.4,5.5,19
2024-07-13 01:30:00,2024-07-13 02:30:00,1.25,3.4,4.279999999999999,1
2024-07-13 07:00:00,2024-07-13 07:45:00,1.0,3.8,4.75,7
2024-07-13 10:45:00,2024-07-13 11:45:00,1.25,4.9,5.1,10
2024-07-13 13:30:00,2024-07-13 14:45:00,1.5,2.5,4.233333333333333,13
2024-07-13 20:15:00,2024-07-13 20:30:00,0.5,5.0,5.1,20
2024-07-14 01:45:00,2024-07-14 02:45:00,1.25,3.7,4.38,1
2024-07-14 07:45:00,2024-07-14 08:30:00,1.0,4.2,4.775,7
2024-07-14 11:45:00,2024-07-14 12:00:00,0.5,5.1,5.199999999999999,11
2024-07-14 15:00:00,2024-07-14 16:15:00,1.5,3.3,4.283333333333333,15
2024-07-14 17:45:00,2024-07-14 18:00:00,0.5,6.4,6.5,17
2024-07-15 02:30:00,2024-07-15 03:30:00,1.25,4.1,4.7,2
2024-07-15 09:15:00,2024-07-15 10:00:00,1.0,5.0,5.2,9
2024-07-15 11:45:00,2024-07-15 12:30:00,1.0,5.7,5.875,11
2024-07-15 16:45:00,2024-07-15 17:15:00,0.75,4.1,4.6,16
2024-07-15 22:15:00,2024-07-15 22:30:00,0.5,4.8,5.15,22
2024-07-16 03:45:00,2024-07-16 05:15:00,1.75,3.2,4.3999999999999995,3
2024-07-16 09:00:00,2024-07-16 10:15:00,1.5,5.1,5.3999999999999995,9
2024-07-16 17:30:00,2024-07-16 17:45:00,0.5,4.6,5.15,17
2024-07-16 23:15:00,2024-07-16 23:30:00,0.5,5.0,5.25,23
2024-07-17 04:45:00,2024-07-17 05:45:00,1.25,3.0,3.94,4
2024-07-17 11:00:00,2024-07-17 11:15:00,0.5,4.4,4.800000000000001,11
2024-07-17 18:30:00,2024-07-17 18:45:00,0.5,4.9,5.35,18
2024-07-18 00:30:00,2024-07-18 00:45:00,0.5,4.5,4.8,0
2024-07-18 05:45:00,2024-07-18 06:30:00,1.0,3.3,4.225,5
2024-07-18 11:15:00,2024-07-18 12:45:00,1.75,4.5,5.457142857142856,11
2024-07-18 18:45:00,2024-07-18 19:45:00,1.25,4.4,5.339999999999999,18
2024-07-19 01:15:00,2024-07-19 02:15:00,1.25,4.3,5.08,1
2024-07-19 03:45:00,2024-07-19 04:00:00,0.5,5.1,5.199999999999999,3
2024-07-19 06:45:00,2024-07-19 07:30:00,1.0,2.8,4.05,6
2024-07-19 13:00:00,2024-07-19 15:45:00,3.0,4.4,5.516666666666668,13
2024-07-19 19:00:00,2024-07-19 20:30:00,1.75,3.4,4.928571428571429,19
2024-07-20 02:15:00,2024-07-20 02:30:00,0.5,4.1,4.5,2
2024-07-20 07:15:00,2024-07-20 09:45:00,2.75,3.1,4.581818181818182,7
2024-07-20 11:30:00,2024-07-20 14:45:00,3.5,4.7,5.371428571428573,11
2024-07-20 16:15:00,2024-07-20 18:00:00,2.0,5.5,5.637499999999999,16
2024-07-20 21:15:00,2024-07-20 21:30:00,0.5,3.4,3.8,21
2024-07-21 03:00:00,2024-07-21 03:15:00,0.5,4.2,4.550000000000001,3
2024-07-21 08:30:00,2024-07-21 09:15:00,1.0,3.3,3.75,8
2024-07-21 14:45:00,2024-07-21 17:15:00,2.75,4.2,5.281818181818182,14
2024-07-21 22:00:00,2024-07-21 22:15:00,0.5,3.9,4.35,22
2024-07-22 04:00:00,2024-07-22 04:15:00,0.5,4.5,4.6,4
2024-07-22 06:15:00,2024-07-22 06:30:00,0.5,4.2,4.300000000000001,6
2024-07-22 10:00:00,2024-07-22 12:00:00,2.25,3.2,4.7444444444444445,10
2024-07-22 17:45:00,2024-07-22 18:00:00,0.5,4.5,4.6,17
2024-07-22 23:00:00,2024-07-22 23:15:00,0.5,3.3,3.5,23
2024-07-23 05:00:00,2024-07-23 05:15:00,0.5,3.1,3.5,5
2024-07-23 11:15:00,2024-07-23 13:15:00,2.25,3.3,4.833333333333333,11
2024-07-23 17:00:00,2024-07-23 18:45:00,2.0,4.3,4.6375,17
2024-07-23 23:45:00,2024-07-24 00:15:00,0.75,3.0,3.4333333333333336,23
2024-07-24 11:45:00,2024-07-24 13:30:00,2.0,2.9,4.6375,11
2024-07-24 18:30:00,2024-07-24 19:45:00,1.5,4.5,4.683333333333333,18
2024-07-25 00:30:00,2024-07-25 02:00:00,1.75,2.8,4.157142857142857,0
2024-07-25 12:30:00,2024-07-25 14:15:00,2.0,2.7,4.75,12
2024-07-25 18:45:00,2024-07-25 20:30:00,2.0,3.6,4.6375,18
2024-07-26 01:15:00,2024-07-26 01:30:00,0.5,2.9,3.5,1
2024-07-26 07:15:00,2024-07-26 09:45:00,2.75,4.1,4.3545454545454545,7
2024-07-26 13:30:00,2024-07-26 16:45:00,3.5,3.2,4.757142857142857,13
2024-07-27 01:15:00,2024-07-27 03:30:00,2.5,2.9,3.87,1
2024-07-27 08:00:00,2024-07-27 08:30:00,0.75,3.1,3.8333333333333335,8
2024-07-27 10:00:00,2024-07-27 10:30:00,0.75,3.9,4.033333333333333,10
2024-07-27 14:15:00,2024-07-27 14:45:00,0.75,3.1,3.733333333333333,14
2024-07-27 16:30:00,2024-07-27 17:30:00,1.25,4.8,5.0600000000000005,16
2024-07-28 03:00:00,2024-07-28 03:15:00,0.5,2.7,3.05,3
2024-07-28 09:00:00,2024-07-28 09:45:00,1.0,3.1,3.8000000000000003,9
2024-07-28 11:15:00,2024-07-28 11:45:00,0.75,4.2,4.3999999999999995,11
2024-07-28 16:00:00,2024-07-28 16:15:00,0.5,3.5,3.9,16
2024-07-28 17:45:00,2024-07-28 18:00:00,0.5,5.0,5.15,17
2024-07-28 21:45:00,2024-07-28 22:00:00,0.5,3.9,4.1,21
2024-07-29 03:30:00,2024-07-29 04:15:00,1.0,2.9,3.4,3
2024-07-29 12:30:00,2024-07-29 13:00:00,0.75,4.2,4.333333333333333,12
2024-07-29 16:30:00,2024-07-29 18:45:00,2.5,2.3,4.35,16
2024-07-30 04:00:00,2024-07-30 05:00:00,1.25,3.0,3.5,4
2024-07-30 10:30:00,2024-07-30 10:45:00,0.5,3.3,3.6999999999999997,10
2024-07-30 13:00:00,2024-07-30 13:15:00,0.5,4.2,4.35,13
2024-07-30 17:00:00,2024-07-30 18:00:00,1.25,4.1,4.660000000000001,17
2024-07-31 05:15:00,2024-07-31 05:45:00,0.75,3.0,3.3333333333333335,5
2024-07-31 14:00:00,2024-07-31 14:15:00,0.5,4.1,4.35,14
2024-07-31 19:00:00,2024-07-31 20:30:00,1.75,4.1,4.985714285714286,19
2024-08-01 00:30:00,2024-08-01 00:45:00,0.5,3.4,3.9000000000000004,0
2024-08-01 06:15:00,2024-08-01 06:45:00,0.75,3.5,3.8333333333333335,6
2024-08-01 12:45:00,2024-08-01 13:15:00,0.75,3.7,4.133333333333334,12
2024-08-01 18:30:00,2024-08-01 19:45:00,1.5,4.4,5.283333333333334,18
2024-08-01 21:15:00,2024-08-01 21:30:00,0.5,5.4,5.5,21
2024-08-02 01:45:00,2024-08-02 02:30:00,1.0,4.2,4.375,1
2024-08-02 07:00:00,2024-08-02 07:45:00,1.0,3.7,4.125,7
2024-08-02 13:30:00,2024-08-02 15:30:00,2.25,4.5,4.855555555555556,13
2024-08-02 20:15:00,2024-08-02 20:30:00,0.5,4.0,4.45,20
2024-08-03 02:30:00,2024-08-03 03:15:00,1.0,3.9,4.225,2
2024-08-03 08:00:00,2024-08-03 08:30:00,0.75,3.6,4.0,8
2024-08-03 14:30:00,2024-08-03 16:15:00,2.0,4.8,5.1125,14
2024-08-03 21:15:00,2024-08-03 22:45:00,1.75,4.3,5.442857142857144,21
2024-08-04 03:15:00,2024-08-04 04:00:00,1.0,4.5,4.725,3
2024-08-04 08:15:00,2024-08-04 10:45:00,2.75,2.7,4.418181818181818,8
2024-08-04 15:15:00,2024-08-04 15:45:00,0.75,3.9,4.333333333333333,15
2024-08-04 22:00:00,2024-08-04 23:15:00,1.5,4.6,5.216666666666666,22
2024-08-05 04:00:00,2024-08-05 04:45:00,1.0,4.2,4.425,4
2024-08-05 08:45:00,2024-08-05 12:00:00,3.5,2.8,4.3,8
2024-08-05 16:00:00,2024-08-05 16:45:00,1.0,4.4,4.65,16
2024-08-06 08:30:00,2024-08-06 09:00:00,0.75,5.4,5.5,8
2024-08-06 10:30:00,2024-08-06 11:15:00,1.0,4.5,5.075,10
2024-08-07 10:30:00,2024-08-07 11:45:00,1.5,3.5,4.8,10
2024-08-07 23:15:00,2024-08-07 23:30:00,0.5,4.2,4.75,23
2024-08-08 23:30:00,2024-08-08 23:45:00,0.5,5.2,5.4,23
2024-08-09 01:45:00,2024-08-09 02:30:00,1.0,5.6,5.775,1
2024-08-09 11:45:00,2024-08-09 12:15:00,0.75,4.2,4.666666666666667,11
2024-08-09 23:15:00,2024-08-09 23:45:00,0.75,3.5,3.766666666666667,23
2024-08-10 01:45:00,2024-08-10 02:45:00,1.25,4.0,4.26,1
2024-08-10 12:15:00,2024-08-10 12:30:00,0.5,3.0,3.2,12
2024-08-11 12:30:00,2024-08-11 12:45:00,0.5,3.0,3.15,12
2024-08-12 12:15:00,2024-08-12 12:45:00,0.75,3.2,3.266666666666667,12
2024-08-13 13:15:00,2024-08-13 14:00:00,1.0,2.1,2.6,13
2024-08-29 19:45:00,2024-08-29 20:00:00,0.5,3.4,3.5,19
2024-08-30 19:45:00,2024-08-30 21:00:00,1.5,3.4,3.5833333333333335,19
2024-08-31 07:30:00,2024-08-31 08:15:00,1.0,2.8,3.05,7
2024-09-01 10:00:00,2024-09-01 10:15:00,0.5,3.0,3.1,10
2024-09-02 10:45:00,2024-09-02 11:00:00,0.5,3.3,3.4,10
2024-09-04 11:00:00,2024-09-04 12:15:00,1.5,4.1,4.516666666666667,11
2024-09-05 13:15:00,2024-09-05 14:00:00,1.0,4.9,5.125,13
2024-09-06 13:45:00,2024-09-06 14:15:00,0.75,4.9,5.066666666666667,13
2024-09-09 16:00:00,2024-09-09 17:00:00,1.25,5.0,5.22,16
2024-09-13 10:15:00,2024-09-13 11:00:00,1.0,5.1,5.25,10
2024-09-15 13:00:00,2024-09-15 13:30:00,0.75,5.4,5.566666666666667,13
2024-09-17 10:15:00,2024-09-17 10:30:00,0.5,5.7,5.800000000000001,10
2024-09-24 15:30:00,2024-09-24 17:00:00,1.75,4.3,5.028571428571429,15
2024-09-25 16:15:00,2024-09-25 16:30:00,0.5,4.3,4.6,16
2024-09-26 04:45:00,2024-09-26 05:00:00,0.5,4.3,4.449999999999999,4
2024-09-27 18:15:00,2024-09-27 18:45:00,0.75,4.2,4.966666666666666,18
2024-09-28 12:30:00,2024-09-28 12:45:00,0.5,5.3,5.4,12
2024-09-30 20:45:00,2024-09-30 21:00:00,0.5,5.0,5.15,20
2024-10-01 21:15:00,2024-10-01 21:30:00,0.5,4.6,4.8,21
2024-10-02 22:00:00,2024-10-02 22:15:00,0.5,4.7,4.9,22
2024-10-03 22:15:00,2024-10-03 22:45:00,0.75,4.3,4.6000000000000005,22
2024-10-05 04:45:00,2024-10-05 05:15:00,0.75,4.1,4.499999999999999,4
2024-10-05 11:30:00,2024-10-05 12:00:00,0.75,4.6,4.733333333333333,11
2024-10-05 23:30:00,2024-10-05 23:45:00,0.5,4.2,4.35,23
2024-10-06 14:00:00,2024-10-06 14:15:00,0.5,5.3,5.4,14
2024-10-07 13:00:00,2024-10-07 14:30:00,1.75,4.0,4.957142857142856,13
2024-10-08 15:30:00,2024-10-08 16:00:00,0.75,5.3,5.5,15
2024-10-09 16:30:00,2024-10-09 16:45:00,0.5,5.3,5.4,16
2024-10-10 02:45:00,2024-10-10 03:00:00,0.5,4.0,4.2,2
2024-10-11 03:45:00,2024-10-11 04:15:00,0.75,4.9,5.133333333333334,3
2024-10-15 09:15:00,2024-10-15 09:30:00,0.5,5.7,5.800000000000001,9
2024-10-16 08:45:00,2024-10-16 10:15:00,1.75,5.2,5.828571428571428,8
2024-10-21 00:00:00,2024-10-21 00:30:00,0.75,5.4,5.733333333333334,0
2024-10-21 13:00:00,2024-10-21 13:15:00,0.5,5.5,5.7,13
2024-10-22 14:00:00,2024-10-22 14:15:00,0.5,5.3,5.5,14
2024-10-23 01:45:00,2024-10-23 02:15:00,0.75,5.6,5.766666666666666,1
2024-10-23 14:45:00,2024-10-23 16:15:00,1.75,5.5,6.314285714285715,14
2024-10-23 20:30:00,2024-10-23 20:45:00,0.5,5.4,5.800000000000001,20
2024-10-24 02:30:00,2024-10-24 03:15:00,1.0,5.3,5.675000000000001,2
2024-10-24 15:15:00,2024-10-24 17:15:00,2.25,5.1,6.199999999999999,15
2024-10-25 03:30:00,2024-10-25 04:00:00,0.75,5.6,5.766666666666666,3
2024-10-25 09:45:00,2024-10-25 10:00:00,0.5,6.1,6.199999999999999,9
2024-10-25 16:00:00,2024-10-25 16:45:00,1.0,5.6,5.775,16
2024-10-26 04:15:00,2024-10-26 05:30:00,1.5,5.5,5.8999999999999995,4
2024-10-26 17:00:00,2024-10-26 17:15:00,0.5,5.5,5.75,17
2024-10-26 23:15:00,2024-10-26 23:30:00,0.5,5.9,6.050000000000001,23
2024-10-27 05:30:00,2024-10-27 05:45:00,0.5,5.6,5.8,5
2024-10-27 11:15:00,2024-10-27 12:00:00,1.0,5.9,6.2250000000000005,11
2024-10-27 18:15:00,2024-10-27 19:15:00,1.25,5.6,5.8999999999999995,18
2024-10-28 07:00:00,2024-10-28 07:30:00,0.75,4.8,5.5,7
2024-10-28 19:30:00,2024-10-28 19:45:00,0.5,4.7,5.25,19
2024-10-29 07:45:00,2024-10-29 08:00:00,0.5,4.9,5.25,7
2024-10-29 19:45:00,2024-10-29 20:00:00,0.5,4.9,5.4,19
2024-10-30 08:15:00,2024-10-30 08:30:00,0.5,5.4,5.6,8
2024-10-30 14:00:00,2024-10-30 14:15:00,0.5,5.6,5.949999999999999,14
2024-10-30 20:00:00,2024-10-30 21:00:00,1.25,5.4,5.720000000000001,20
2024-10-31 04:30:00,2024-10-31 05:00:00,0.75,5.8,5.933333333333334,4
2024-10-31 14:45:00,2024-10-31 15:15:00,0.75,5.7,5.966666666666666,14
2024-10-31 20:45:00,2024-10-31 21:00:00,0.5,4.9,5.35,20
2024-11-01 09:30:00,2024-11-01 09:45:00,0.5,5.4,5.5,9
2024-11-01 21:15:00,2024-11-01 22:00:00,1.0,5.1,5.25,21
2024-11-02 11:45:00,2024-11-02 12:00:00,0.5,6.0,6.1,11
2024-11-02 16:00:00,2024-11-02 16:45:00,1.0,5.9,6.0,16
2024-11-02 21:45:00,2024-11-02 22:15:00,0.75,5.2,5.3,21
2024-11-04 12:00:00,2024-11-04 12:15:00,0.5,5.1,5.4,12
2024-11-05 12:30:00,2024-11-05 12:45:00,0.5,4.9,5.35,12
2024-11-06 00:15:00,2024-11-06 00:30:00,0.5,5.2,5.35,0
2024-11-07 00:15:00,2024-11-07 01:15:00,1.25,4.9,5.279999999999999,0
2024-11-08 01:30:00,2024-11-08 01:45:00,0.5,5.1,5.3,1
2024-11-08 14:30:00,2024-11-08 14:45:00,0.5,5.1,5.25,14
2024-11-09 02:45:00,2024-11-09 03:00:00,0.5,4.8,4.9,2
2024-11-09 08:30:00,2024-11-09 09:15:00,1.0,5.6,5.699999999999999,8
2024-11-12 06:15:00,2024-11-12 06:30:00,0.5,5.0,5.1,6
2024-11-22 14:30:00,2024-11-22 14:45:00,0.5,6.6,6.699999999999999,14
2024-11-23 15:15:00,2024-11-23 15:45:00,0.75,6.5,6.733333333333333,15
2024-11-27 06:30:00,2024-11-27 07:00:00,0.75,6.6,6.766666666666666,6
2024-12-08 21:45:00,2024-12-08 23:00:00,1.5,9.1,9.283333333333335,21
2024-12-09 10:00:00,2024-12-09 11:15:00,1.5,9.1,9.250000000000002,10
2024-12-09 22:45:00,2024-12-10 00:45:00,2.25,8.9,9.255555555555556,22
2024-12-12 02:00:00,2024-12-12 02:45:00,1.0,8.9,9.25,2
2024-12-18 05:45:00,2024-12-18 07:00:00,1.5,8.7,8.866666666666667,5
2024-12-20 20:00:00,2024-12-20 21:15:00,1.5,8.3,8.483333333333334,20
2024-12-21 07:30:00,2024-12-21 09:00:00,1.75,8.3,8.428571428571429,7
2024-12-23 09:15:00,2024-12-23 09:45:00,0.75,8.7,8.9,9
2024-12-23 21:30:00,2024-12-23 22:00:00,0.75,8.9,9.1,21
2024-12-25 23:15:00,2024-12-25 23:45:00,0.75,9.1,9.266666666666667,23
2024-12-31 05:15:00,2024-12-31 06:00:00,1.0,8.8,9.0,5
2025-01-20 09:30:00,2025-01-20 10:00:00,0.75,10.6,10.766666666666667,9
2025-01-21 08:15:00,2025-01-21 08:45:00,0.75,10.7,10.9,8
2025-01-21 10:15:00,2025-01-21 11:00:00,1.0,10.4,10.575,10
2025-01-21 21:00:00,2025-01-21 21:15:00,0.5,10.9,11.05,21
2025-01-22 09:45:00,2025-01-22 10:00:00,0.5,10.8,10.95,9
2025-01-22 21:30:00,2025-01-22 21:45:00,0.5,10.9,11.100000000000001,21
2025-01-23 10:45:00,2025-01-23 12:00:00,1.5,10.9,11.016666666666667,10
2025-01-23 21:45:00,2025-01-23 22:15:00,0.75,11.0,11.266666666666666,21
2025-01-24 23:00:00,2025-01-24 23:30:00,0.75,11.0,11.233333333333334,23
2025-01-26 00:15:00,2025-01-26 00:30:00,0.5,11.4,11.5,0
2025-01-27 03:45:00,2025-01-27 04:15:00,0.75,11.2,11.300000000000002,3
2025-02-17 07:30:00,2025-02-17 09:00:00,1.75,8.1,8.385714285714286,7
2025-02-20 08:45:00,2025-02-20 09:00:00,0.5,8.5,8.6,8
2025-02-21 09:00:00,2025-02-21 09:30:00,0.75,8.6,8.866666666666667,9
2025-02-21 20:30:00,2025-02-21 21:00:00,0.75,8.7,8.9,20
2025-02-22 21:30:00,2025-02-22 22:15:00,1.0,8.8,9.0,21
2025-02-23 11:15:00,2025-02-23 11:30:00,0.5,8.8,8.9,11
2025-03-02 13:15:00,2025-03-02 13:30:00,0.5,8.5,8.6,13
2025-03-21 21:30:00,2025-03-21 21:45:00,0.5,7.7,7.800000000000001,21
2025-03-28 10:15:00,2025-03-28 10:30:00,0.5,7.4,7.5,10
2025-03-29 11:00:00,2025-03-29 11:15:00,0.5,6.8,6.9,11
2025-03-30 11:45:00,2025-03-30 12:00:00,0.5,6.4,6.550000000000001,11
2025-03-30 17:45:00,2025-03-30 18:30:00,1.0,6.5,6.675,17
2025-03-31 11:15:00,2025-03-31 13:00:00,2.0,5.7,6.175,11
2025-04-03 13:30:00,2025-04-03 14:15:00,1.0,5.7,6.375,13
2025-04-05 15:15:00,2025-04-05 15:30:00,0.5,6.4,6.5,15
2025-04-06 16:15:00,2025-04-06 16:30:00,0.5,6.6,6.8,16
2025-04-07 04:45:00,2025-04-07 05:00:00,0.5,6.5,6.75,4
2025-04-08 11:45:00,2025-04-08 13:00:00,1.5,7.3,7.433333333333333,11
2025-04-09 13:15:00,2025-04-09 13:30:00,0.5,7.1,7.199999999999999,13
2025-04-10 09:45:00,2025-04-10 10:00:00,0.5,7.2,7.35,9
2025-04-11 02:30:00,2025-04-11 03:15:00,1.0,7.2,7.375,2
2025-04-13 03:45:00,2025-04-13 04:15:00,0.75,7.0,7.133333333333333,3
2025-04-13 10:00:00,2025-04-13 11:15:00,1.5,6.2,6.916666666666665,10
2025-04-14 17:15:00,2025-04-14 18:45:00,1.75,7.3,7.485714285714286,17
2025-04-15 06:00:00,2025-04-15 06:45:00,1.0,7.2,7.375,6
2025-04-15 18:45:00,2025-04-15 19:15:00,0.75,7.6,7.7,18
2025-04-16 17:30:00,2025-04-16 20:00:00,2.75,7.6,7.736363636363635,17
2025-04-17 13:15:00,2025-04-17 13:30:00,0.5,8.2,8.35,13
2025-04-17 17:30:00,2025-04-17 18:00:00,0.75,7.5,7.7,17
2025-04-18 07:00:00,2025-04-18 08:30:00,1.75,6.8,7.157142857142857,7
2025-04-19 07:15:00,2025-04-19 08:00:00,1.0,7.4,7.699999999999999,7
2025-04-19 09:45:00,2025-04-19 10:45:00,1.25,7.6,7.779999999999999,9
2025-04-19 15:00:00,2025-04-19 15:45:00,1.0,8.6,8.75,15
2025-04-20 08:15:00,2025-04-20 08:45:00,0.75,7.8,8.066666666666666,8
2025-04-20 11:30:00,2025-04-20 12:00:00,0.75,7.8,7.8999999999999995,11
2025-04-20 14:15:00,2025-04-20 16:30:00,2.5,7.0,8.6,14
2025-04-20 20:00:00,2025-04-20 20:15:00,0.5,8.2,8.399999999999999,20
2025-04-21 09:15:00,2025-04-21 09:45:00,0.75,8.0,8.233333333333334,9
2025-04-21 11:30:00,2025-04-21 13:30:00,2.25,8.0,8.211111111111112,11
2025-04-21 15:00:00,2025-04-21 15:30:00,0.75,7.4,7.599999999999999,15
2025-04-22 10:15:00,2025-04-22 10:45:00,0.75,8.1,8.299999999999999,10
2025-04-22 13:00:00,2025-04-22 14:30:00,1.75,7.9,8.200000000000001,13
2025-04-22 22:15:00,2025-04-22 23:00:00,1.0,8.4,8.575,22
2025-04-23 01:15:00,2025-04-23 01:45:00,0.75,7.9,8.033333333333333,1
2025-04-23 11:15:00,2025-04-23 11:45:00,0.75,8.2,8.399999999999999,11
2025-04-23 13:30:00,2025-04-23 15:00:00,1.75,7.7,8.114285714285716,13
2025-04-23 23:30:00,2025-04-24 00:00:00,0.75,7.9,8.0,23
2025-04-24 12:15:00,2025-04-24 12:45:00,0.75,7.8,7.966666666666666,12
2025-04-24 14:15:00,2025-04-24 15:00:00,1.0,7.4,7.800000000000001,14
2025-04-25 14:00:00,2025-04-25 15:45:00,2.0,6.8,7.525,14
2025-04-26 03:45:00,2025-04-26 04:15:00,0.75,6.1,6.233333333333333,3
2025-04-26 14:15:00,2025-04-26 16:30:00,2.5,6.2,6.75,14
2025-04-27 10:30:00,2025-04-27 10:45:00,0.5,5.6,5.699999999999999,10
2025-04-27 14:45:00,2025-04-27 15:30:00,1.0,6.0,6.25,14
2025-04-27 17:15:00,2025-04-27 17:45:00,0.75,5.5,5.666666666666667,17
2025-04-28 11:30:00,2025-04-28 12:00:00,0.75,5.1,5.333333333333333,11
2025-04-28 16:30:00,2025-04-28 18:30:00,2.25,5.3,5.644444444444444,16
2025-04-29 05:00:00,2025-04-29 05:30:00,0.75,4.9,4.966666666666667,5
2025-04-29 17:15:00,2025-04-29 19:00:00,2.0,5.1,5.637499999999999,17
2025-04-30 18:00:00,2025-04-30 19:45:00,2.0,5.2,5.612500000000001,18
2025-05-01 07:00:00,2025-05-01 07:30:00,0.75,4.8,4.8999999999999995,7
2025-05-01 13:45:00,2025-05-01 14:00:00,0.5,5.6,5.699999999999999,13
2025-05-01 18:45:00,2025-05-01 20:00:00,1.5,5.6,5.949999999999999,18
2025-05-02 14:45:00,2025-05-02 15:00:00,0.5,6.1,6.199999999999999,14
2025-05-03 08:00:00,2025-05-03 08:30:00,0.75,5.5,5.7,8
2025-05-04 09:15:00,2025-05-04 09:30:00,0.5,6.0,6.15,9
2025-05-05 15:30:00,2025-05-05 16:15:00,1.0,6.3,6.4,15
2025-05-05 18:00:00,2025-05-05 18:15:00,0.5,6.6,6.699999999999999,18
2025-06-13 12:00:00,2025-06-13 12:15:00,0.5,5.2,5.300000000000001,12
2025-06-19 17:45:00,2025-06-19 18:00:00,0.5,5.6,5.699999999999999,17
2025-06-21 13:30:00,2025-06-21 15:00:00,1.75,4.6,4.885714285714286,13
2025-06-23 15:15:00,2025-06-23 16:45:00,1.75,3.7,3.9857142857142853,15
2025-06-24 15:45:00,2025-06-24 17:45:00,2.25,3.3,3.7777777777777777,15
2025-06-25 16:00:00,2025-06-25 18:30:00,2.75,3.1,3.8181818181818183,16
2025-06-26 06:15:00,2025-06-26 06:30:00,0.5,3.2,3.3,6
2025-06-26 11:00:00,2025-06-26 12:00:00,1.25,3.0,3.3,11
2025-06-26 16:45:00,2025-06-26 19:30:00,3.0,3.0,3.975,16
2025-06-27 07:15:00,2025-06-27 08:15:00,1.25,2.8,3.06,7
2025-06-27 18:00:00,2025-06-27 20:15:00,2.5,3.4,4.17,18
2025-06-28 08:15:00,2025-06-28 08:45:00,0.75,3.1,3.266666666666666,8
2025-06-28 13:15:00,2025-06-28 13:30:00,0.5,3.9,4.1,13
2025-06-28 18:30:00,2025-06-28 21:15:00,3.0,3.6,4.249999999999999,18
2025-06-29 07:15:00,2025-06-29 08:15:00,1.25,3.8,4.04,7
2025-06-29 19:30:00,2025-06-29 20:30:00,1.25,4.2,4.48,19
2025-06-30 07:45:00,2025-06-30 09:15:00,1.75,3.9,4.2,7
2025-06-30 20:00:00,2025-06-30 21:00:00,1.25,4.8,4.9,20
2025-07-01 16:15:00,2025-07-01 16:45:00,0.75,5.4,5.5,16
2025-07-02 09:00:00,2025-07-02 09:15:00,0.5,5.3,5.4,9
2025-07-04 18:30:00,2025-07-04 19:45:00,1.5,6.0,6.266666666666667,18
2025-07-04 23:15:00,2025-07-05 00:30:00,1.5,5.5,5.683333333333333,23
2025-07-05 10:30:00,2025-07-05 11:00:00,0.75,5.2,5.5,10
2025-07-05 12:45:00,2025-07-05 15:15:00,2.75,5.3,5.736363636363636,12
2025-07-05 19:30:00,2025-07-05 19:45:00,0.5,5.7,5.800000000000001,19
2025-07-06 06:00:00,2025-07-06 06:45:00,1.0,5.1,5.2250000000000005,6
2025-07-07 12:00:00,2025-07-07 12:15:00,0.5,5.4,5.6,12
2025-07-07 15:45:00,2025-07-07 16:15:00,0.75,5.6,5.766666666666666,15
2025-07-08 07:15:00,2025-07-08 08:30:00,1.5,5.2,5.583333333333333,7
2025-07-08 15:45:00,2025-07-08 16:45:00,1.25,5.9,6.1,15
2025-07-09 15:45:00,2025-07-09 16:30:00,1.0,5.3,5.4750000000000005,15
2025-07-10 03:15:00,2025-07-10 03:30:00,0.5,5.1,5.25,3
2025-07-10 15:00:00,2025-07-10 15:15:00,0.5,5.3,5.4,15
2025-07-11 09:30:00,2025-07-11 10:45:00,1.5,4.3,5.033333333333334,9
2025-07-11 15:45:00,2025-07-11 18:15:00,2.75,5.3,5.527272727272727,15
2025-07-12 10:15:00,2025-07-12 12:30:00,2.5,4.4,5.24,10
2025-07-12 16:15:00,2025-07-12 19:15:00,3.25,4.7,5.1461538461538465,16
2025-07-13 12:30:00,2025-07-13 14:15:00,2.0,4.9,5.1125,12
2025-07-13 17:00:00,2025-07-13 19:45:00,3.0,4.6,5.1083333333333325,17
2025-07-15 07:15:00,2025-07-15 08:45:00,1.75,3.8,3.9142857142857146,7
2025-07-15 13:00:00,2025-07-15 14:45:00,2.0,3.9,4.475,13
2025-07-16 08:00:00,2025-07-16 09:30:00,1.75,4.1,4.357142857142857,8
2025-07-16 15:15:00,2025-07-16 15:45:00,0.75,4.8,4.933333333333334,15
2025-07-17 08:45:00,2025-07-17 10:45:00,2.25,4.5,4.911111111111111,8
2025-07-17 16:00:00,2025-07-17 16:30:00,0.75,5.4,5.566666666666667,16
2025-07-18 11:00:00,2025-07-18 12:30:00,1.75,4.7,5.1000000000000005,11
2025-07-18 15:30:00,2025-07-18 17:15:00,2.0,5.0,5.4125,15
2025-07-18 22:00:00,2025-07-18 22:15:00,0.5,5.0,5.1,22
2025-07-19 10:00:00,2025-07-19 12:45:00,3.0,4.5,5.1416666666666675,10
2025-07-19 17:00:00,2025-07-19 18:30:00,1.75,5.0,5.642857142857143,17
2025-07-20 04:45:00,2025-07-20 06:00:00,1.5,4.6,4.816666666666667,4
2025-07-20 11:30:00,2025-07-20 13:15:00,2.0,4.4,5.2125,11
2025-07-20 18:00:00,2025-07-20 19:15:00,1.5,5.4,5.683333333333334,18
2025-07-21 12:00:00,2025-07-21 15:15:00,3.5,4.7,5.157142857142857,12
2025-07-21 19:15:00,2025-07-21 19:45:00,0.75,5.2,5.400000000000001,19
2025-07-22 00:45:00,2025-07-22 01:30:00,1.0,4.3,4.475,0
2025-07-22 12:45:00,2025-07-22 15:30:00,3.0,4.3,4.799999999999999,12
2025-07-23 10:00:00,2025-07-23 11:15:00,1.5,3.9,4.066666666666666,10
2025-07-23 21:15:00,2025-07-23 22:30:00,1.5,4.0,4.3,21
2025-07-24 10:30:00,2025-07-24 11:00:00,0.75,3.7,3.9333333333333336,10
2025-07-24 15:00:00,2025-07-24 17:30:00,2.75,4.1,4.427272727272726,15
2025-07-24 22:00:00,2025-07-24 23:15:00,1.5,3.8,3.9999999999999996,22
2025-07-25 09:45:00,2025-07-25 11:30:00,2.0,2.7,3.425,9
2025-07-25 17:00:00,2025-07-25 18:15:00,1.5,4.0,4.333333333333333,17
2025-07-26 10:15:00,2025-07-26 12:15:00,2.25,3.0,3.5,10
2025-07-26 16:30:00,2025-07-26 17:15:00,1.0,4.3,4.5,16
2025-07-26 18:45:00,2025-07-26 19:00:00,0.5,3.9,4.0,18
2025-07-27 13:00:00,2025-07-27 15:15:00,2.5,3.8,4.109999999999999,13
2025-07-27 18:00:00,2025-07-27 19:45:00,2.0,3.7,4.025,18
2025-07-28 00:00:00,2025-07-28 01:15:00,1.5,3.7,3.8000000000000003,0
2025-07-28 14:00:00,2025-07-28 15:15:00,1.5,4.2,4.433333333333333,14
2025-07-29 00:15:00,2025-07-29 00:30:00,0.5,3.6,3.7,0
2025-07-29 15:15:00,2025-07-29 16:00:00,1.0,3.8,4.074999999999999,15
2025-07-29 18:45:00,2025-07-29 19:15:00,0.75,3.7,3.9,18
2025-07-30 07:15:00,2025-07-30 07:30:00,0.5,3.5,3.6,7
2025-07-30 15:30:00,2025-07-30 16:45:00,1.5,4.4,4.5,15
2025-07-31 01:30:00,2025-07-31 01:45:00,0.5,2.9,3.15,1
2025-07-31 07:45:00,2025-07-31 08:15:00,0.75,3.6,3.766666666666666,7
2025-07-31 14:30:00,2025-07-31 18:00:00,3.75,2.6,4.76,14
2025-08-01 02:00:00,2025-08-01 02:15:00,0.5,4.0,4.2,2
2025-08-01 14:00:00,2025-08-01 17:00:00,3.25,3.2,5.1923076923076925,14
2025-08-01 18:45:00,2025-08-01 19:00:00,0.5,5.3,5.4,18
2025-08-02 02:00:00,2025-08-02 02:30:00,0.75,4.2,4.699999999999999,2
2025-08-02 09:00:00,2025-08-02 09:15:00,0.5,4.3,4.6,9
2025-08-02 16:15:00,2025-08-02 16:30:00,0.5,3.8,4.35,16
2025-08-03 04:00:00,2025-08-03 04:15:00,0.5,3.9,4.25,4
2025-08-03 09:30:00,2025-08-03 11:30:00,2.25,4.5,4.833333333333333,9
2025-08-03 17:15:00,2025-08-03 17:45:00,0.75,4.1,4.7,17
2025-08-04 04:30:00,2025-08-04 05:15:00,1.0,3.3,4.3,4
2025-08-04 14:00:00,2025-08-04 14:30:00,0.75,5.0,5.166666666666667,14
2025-08-04 18:15:00,2025-08-04 18:30:00,0.5,4.5,4.6,18
2025-08-05 05:45:00,2025-08-05 06:15:00,0.75,3.7,4.066666666666666,5
2025-08-05 19:00:00,2025-08-05 20:30:00,1.75,3.6,5.1,19
2025-08-06 05:15:00,2025-08-06 07:00:00,2.0,3.5,4.4375,5
2025-08-06 12:45:00,2025-08-06 13:00:00,0.5,5.2,5.4,12
2025-08-06 15:00:00,2025-08-06 16:45:00,2.0,5.0,5.325,15
2025-08-06 19:45:00,2025-08-06 20:00:00,0.5,3.4,4.2,19
2025-08-07 07:15:00,2025-08-07 07:30:00,0.5,3.4,3.8,7
2025-08-07 13:15:00,2025-08-07 14:00:00,1.0,5.3,5.675,13
2025-08-07 16:00:00,2025-08-07 16:15:00,0.5,5.2,5.300000000000001,16
2025-08-08 08:15:00,2025-08-08 08:45:00,0.75,3.8,4.133333333333333,8
2025-08-08 16:45:00,2025-08-08 18:30:00,2.0,4.7,4.9625,16
2025-08-09 09:30:00,2025-08-09 09:45:00,0.5,3.5,3.65,9
2025-08-09 15:30:00,2025-08-09 16:00:00,0.75,5.3,5.533333333333334,15
2025-08-09 18:15:00,2025-08-09 19:15:00,1.25,4.8,4.96,18
2025-08-09 22:15:00,2025-08-09 23:45:00,1.75,4.2,4.785714285714286,22
2025-08-10 06:15:00,2025-08-10 06:30:00,0.5,4.6,4.699999999999999,6
2025-08-10 10:15:00,2025-08-10 10:30:00,0.5,3.7,4.050000000000001,10
2025-08-10 12:00:00,2025-08-10 12:15:00,0.5,4.6,4.699999999999999,12
2025-08-10 16:15:00,2025-08-10 17:00:00,1.0,5.3,5.4,16
2025-08-10 22:45:00,2025-08-10 23:00:00,0.5,3.7,4.0,22
2025-08-11 10:30:00,2025-08-11 11:00:00,0.75,3.7,3.866666666666667,10
2025-08-11 17:00:00,2025-08-11 17:45:00,1.0,5.1,5.4,17
2025-08-11 23:15:00,2025-08-11 23:30:00,0.5,3.8,3.9,23
2025-08-12 11:30:00,2025-08-12 11:45:00,0.5,3.3,3.45,11
2025-08-12 13:15:00,2025-08-12 13:30:00,0.5,4.6,4.699999999999999,13
2025-08-12 20:30:00,2025-08-12 21:30:00,1.25,4.3,4.5600000000000005,20
2025-08-13 08:45:00,2025-08-13 10:00:00,1.5,4.0,4.233333333333333,8
2025-08-13 12:30:00,2025-08-13 12:45:00,0.5,3.3,3.45,12
2025-08-13 21:15:00,2025-08-13 22:30:00,1.5,4.2,4.45,21
2025-08-14 00:30:00,2025-08-14 00:45:00,0.5,3.6,3.8499999999999996,0
2025-08-14 09:15:00,2025-08-14 09:30:00,0.5,4.4,4.5,9
2025-08-14 13:30:00,2025-08-14 15:15:00,2.0,3.3,4.612500000000001,13
2025-08-15 10:00:00,2025-08-15 11:15:00,1.5,4.1,4.266666666666667,10
2025-08-15 14:15:00,2025-08-15 14:30:00,0.5,3.7,3.8,14
2025-08-15 16:00:00,2025-08-15 17:30:00,1.75,4.5,4.714285714285714,16
2025-08-16 02:15:00,2025-08-16 02:30:00,0.5,2.5,3.15,2
2025-08-16 11:15:00,2025-08-16 12:15:00,1.25,4.1,4.220000000000001,11
2025-08-16 15:15:00,2025-08-16 15:30:00,0.5,3.6,3.8,15
2025-08-17 03:45:00,2025-08-17 05:00:00,1.5,2.8,3.733333333333334,3
2025-08-17 09:15:00,2025-08-17 10:15:00,1.25,4.2,4.32,9
2025-08-17 11:45:00,2025-08-17 12:15:00,0.75,4.2,4.366666666666667,11
2025-08-17 16:30:00,2025-08-17 18:00:00,1.75,3.6,4.171428571428571,16
2025-08-18 04:30:00,2025-08-18 04:45:00,0.5,3.1,3.25,4
2025-08-18 13:00:00,2025-08-18 13:45:00,1.0,4.0,4.275,13
2025-08-19 19:15:00,2025-08-19 19:30:00,0.5,3.6,3.7,19
2025-08-20 06:45:00,2025-08-20 09:15:00,2.75,2.5,3.7090909090909094,6
2025-08-20 16:45:00,2025-08-20 17:00:00,0.5,4.1,4.199999999999999,16
2025-08-20 20:15:00,2025-08-20 20:30:00,0.5,3.5,4.0,20
2025-08-21 08:30:00,2025-08-21 10:00:00,1.75,2.3,3.642857142857143,8
2025-08-21 16:45:00,2025-08-21 17:45:00,1.25,3.8,3.96,16
2025-08-21 21:00:00,2025-08-21 21:15:00,0.5,3.9,4.0,21
2025-08-22 09:00:00,2025-08-22 09:30:00,0.75,2.2,2.9,9
2025-08-23 10:15:00,2025-08-23 10:30:00,0.5,3.0,3.35,10
2025-08-23 12:00:00,2025-08-23 12:15:00,0.5,4.2,4.300000000000001,12
2025-08-25 11:00:00,2025-08-25 11:30:00,0.75,2.6,3.0,11
2025-08-25 19:45:00,2025-08-25 20:45:00,1.25,3.6,3.7400000000000007,19
2025-08-25 23:15:00,2025-08-25 23:30:00,0.5,2.4,3.0,23
2025-08-26 23:45:00,2025-08-27 00:00:00,0.5,2.2,2.7,23
2025-08-27 12:15:00,2025-08-27 12:45:00,0.75,2.7,3.1,12
2025-08-27 14:15:00,2025-08-27 14:30:00,0.5,4.4,4.5,14
2025-08-28 15:00:00,2025-08-28 15:45:00,1.0,4.4,4.725,15
2025-08-29 00:45:00,2025-08-29 01:00:00,0.5,2.6,3.1500000000000004,0
2025-08-29 13:45:00,2025-08-29 14:00:00,0.5,2.7,3.25,13
2025-08-30 07:15:00,2025-08-30 07:45:00,0.75,4.2,4.266666666666667,7
2025-08-30 10:30:00,2025-08-30 11:00:00,0.75,4.2,4.266666666666667,10
2025-08-30 14:00:00,2025-08-30 14:45:00,1.0,3.1,3.6249999999999996,14
2025-08-30 20:15:00,2025-08-30 20:30:00,0.5,4.4,4.5,20
2025-08-31 02:30:00,2025-08-31 03:00:00,0.75,3.9,4.066666666666667,2
2025-08-31 15:45:00,2025-08-31 16:00:00,0.5,4.3,4.5,15
2025-08-31 21:30:00,2025-08-31 21:45:00,0.5,4.5,4.65,21
2025-09-01 03:15:00,2025-09-01 03:45:00,0.75,2.9,3.6333333333333333,3
2025-09-01 08:15:00,2025-09-01 09:15:00,1.25,4.3,4.9399999999999995,8
2025-09-01 17:00:00,2025-09-01 17:15:00,0.5,4.2,4.35,17
2025-09-02 04:30:00,2025-09-02 04:45:00,0.5,4.5,4.6,4
2025-09-02 09:45:00,2025-09-02 10:30:00,1.0,4.8,5.0,9
2025-09-03 05:15:00,2025-09-03 06:00:00,1.0,3.8,4.525,5
2025-09-03 11:15:00,2025-09-03 11:45:00,0.75,5.2,5.366666666666667,11
2025-09-03 18:30:00,2025-09-03 19:00:00,0.75,4.0,5.033333333333333,18
2025-09-04 06:00:00,2025-09-04 06:45:00,1.0,3.3,4.2250000000000005,6
2025-09-04 19:30:00,2025-09-04 21:00:00,1.75,4.7,5.085714285714286,19
2025-09-05 07:00:00,2025-09-05 07:30:00,0.75,3.1,3.5666666666666664,7
2025-09-05 13:00:00,2025-09-05 13:15:00,0.5,4.2,4.45,13
2025-09-05 15:15:00,2025-09-05 16:00:00,1.0,4.7,4.925,15
2025-09-07 05:15:00,2025-09-07 05:30:00,0.5,3.9,4.0,5
2025-09-07 09:00:00,2025-09-07 09:15:00,0.5,3.1,3.35,9
2025-09-07 17:45:00,2025-09-07 18:00:00,0.5,4.0,4.1,17
2025-09-07 21:45:00,2025-09-07 22:00:00,0.5,2.8,3.15,21
2025-09-08 09:45:00,2025-09-08 10:15:00,0.75,3.0,3.5,9
2025-09-08 11:45:00,2025-09-08 12:00:00,0.5,4.3,4.4,11
2025-09-08 22:45:00,2025-09-08 23:00:00,0.5,3.1,3.4000000000000004,22
2025-09-10 11:45:00,2025-09-10 12:00:00,0.5,3.3,3.6999999999999997,11
2025-09-10 20:00:00,2025-09-10 20:30:00,0.75,4.0,4.166666666666667,20
2025-09-12 13:45:00,2025-09-12 14:00:00,0.5,3.1,3.45,13
2025-09-13 01:30:00,2025-09-13 02:00:00,0.75,3.0,3.6333333333333333,1
2025-09-14 15:30:00,2025-09-14 15:45:00,0.5,4.8,4.949999999999999,15
2025-09-15 18:15:00,2025-09-15 18:30:00,0.5,5.5,5.6,18
2025-09-16 04:30:00,2025-09-16 04:45:00,0.5,3.5,4.1,4
2025-09-17 05:45:00,2025-09-17 06:00:00,0.5,4.2,4.5,5
2025-09-17 18:30:00,2025-09-17 18:45:00,0.5,4.9,5.2,18
2025-09-18 12:45:00,2025-09-18 13:15:00,0.75,4.0,5.0,12
2025-09-18 14:45:00,2025-09-18 15:15:00,0.75,5.2,5.366666666666667,14
2025-09-18 19:15:00,2025-09-18 19:45:00,0.75,4.9,5.266666666666667,19
2025-09-19 13:30:00,2025-09-19 14:15:00,1.0,5.2,5.275,13
2025-09-19 20:15:00,2025-09-19 20:30:00,0.5,4.0,4.55,20
2025-09-20 10:15:00,2025-09-20 10:30:00,0.5,4.9,5.0,10
2025-09-20 21:00:00,2025-09-20 21:15:00,0.5,4.0,4.45,21
2025-09-21 09:30:00,2025-09-21 09:45:00,0.5,3.5,4.05,9
2025-09-21 11:15:00,2025-09-21 11:30:00,0.5,5.1,5.199999999999999,11
2025-09-22 03:30:00,2025-09-22 03:45:00,0.5,4.2,4.45,3
2025-09-22 10:15:00,2025-09-22 10:30:00,0.5,3.9,4.2,10
2025-09-22 12:00:00,2025-09-22 12:15:00,0.5,5.1,5.199999999999999,12
2025-09-23 22:45:00,2025-09-23 23:00:00,0.5,3.9,4.0,22
2025-09-24 17:00:00,2025-09-24 17:30:00,0.75,4.9,5.0,17
2025-09-25 11:45:00,2025-09-25 12:00:00,0.5,3.4,3.8499999999999996,11
2025-09-25 23:15:00,2025-09-25 23:30:00,0.5,4.1,4.449999999999999,23
2025-09-27 00:00:00,2025-09-27 00:30:00,0.75,4.5,4.633333333333334,0
2025-09-27 05:30:00,2025-09-27 06:15:00,1.0,4.7,4.75,5
2025-09-28 13:45:00,2025-09-28 14:15:00,0.75,3.7,4.366666666666667,13
2025-09-28 16:00:00,2025-09-28 16:15:00,0.5,5.5,5.6,16
2025-09-29 07:00:00,2025-09-29 07:45:00,1.0,4.8,4.95,7
2025-09-30 03:15:00,2025-09-30 03:30:00,0.5,3.8,4.3,3
2025-09-30 08:30:00,2025-09-30 09:00:00,0.75,4.8,4.933333333333334,8
2025-09-30 16:30:00,2025-09-30 16:45:00,0.5,4.6,4.85,16
2025-10-01 09:30:00,2025-10-01 10:15:00,1.0,5.1,5.3,9
2025-10-01 17:30:00,2025-10-01 17:45:00,0.5,5.0,5.1,17
2025-10-02 18:30:00,2025-10-02 18:45:00,0.5,4.7,5.300000000000001,18
2025-10-03 19:30:00,2025-10-03 19:45:00,0.5,4.6,5.15,19
2025-10-04 07:30:00,2025-10-04 07:45:00,0.5,4.4,4.9,7
2025-10-04 20:15:00,2025-10-04 20:30:00,0.5,4.4,4.9,20
2025-10-06 21:30:00,2025-10-06 23:00:00,1.75,4.5,5.057142857142858,21
2025-10-07 10:00:00,2025-10-07 10:15:00,0.5,3.4,4.1,10
2025-10-07 22:15:00,2025-10-07 22:30:00,0.5,3.3,3.85,22
2025-10-08 22:45:00,2025-10-08 23:00:00,0.5,3.4,3.65,22
2025-10-11 01:00:00,2025-10-11 01:15:00,0.5,4.8,5.05,1
2025-10-11 13:45:00,2025-10-11 14:00:00,0.5,5.1,5.35,13
2025-10-12 02:00:00,2025-10-12 02:15:00,0.5,5.4,5.5,2
2025-10-12 14:15:00,2025-10-12 14:30:00,0.5,5.1,5.55,14
2025-10-13 15:15:00,2025-10-13 15:30:00,0.5,5.4,5.7,15
2025-10-14 03:45:00,2025-10-14 04:00:00,0.5,5.5,5.7,3
2025-10-15 04:45:00,2025-10-15 05:00:00,0.5,5.4,5.6,4
2025-10-15 10:30:00,2025-10-15 11:00:00,0.75,6.1,6.3,10
2025-10-15 17:30:00,2025-10-15 18:00:00,0.75,4.8,5.7,17
2025-10-16 06:00:00,2025-10-16 06:15:00,0.5,5.2,5.35,6
2025-10-16 11:30:00,2025-10-16 12:00:00,0.75,6.2,6.400000000000001,11
2025-10-20 09:00:00,2025-10-20 11:00:00,2.25,5.0,6.355555555555556,9
2025-10-21 09:30:00,2025-10-21 11:15:00,2.0,5.5,6.324999999999999,9
2025-10-21 21:30:00,2025-10-21 21:45:00,0.5,5.7,6.0,21
2025-10-23 10:45:00,2025-10-23 11:00:00,0.5,5.2,5.65,10
2025-10-24 11:15:00,2025-10-24 12:45:00,1.75,5.7,6.4142857142857155,11
2025-10-24 22:45:00,2025-10-24 23:15:00,0.75,5.5,5.8999999999999995,22
2025-10-25 12:00:00,2025-10-25 12:15:00,0.5,5.4,5.7,12
2025-10-26 05:15:00,2025-10-26 05:45:00,0.75,6.4,6.633333333333333,5
2025-10-27 05:45:00,2025-10-27 06:00:00,0.5,6.7,6.9,5
2025-10-27 14:00:00,2025-10-27 14:15:00,0.5,5.7,5.9,14
2025-10-28 06:30:00,2025-10-28 07:00:00,0.75,6.6,6.866666666666667,6
2025-10-28 14:30:00,2025-10-28 14:45:00,0.5,6.3,6.6,14
2025-10-28 20:15:00,2025-10-28 21:15:00,1.25,7.0,7.159999999999999,20
2025-10-29 03:00:00,2025-10-29 03:15:00,0.5,6.1,6.3,3
2025-10-29 07:45:00,2025-10-29 08:15:00,0.75,7.1,7.233333333333333,7
2025-10-29 15:30:00,2025-10-29 15:45:00,0.5,6.4,6.550000000000001,15
2025-10-30 03:00:00,2025-10-30 03:30:00,0.75,6.4,6.566666666666667,3
2025-10-30 16:00:00,2025-10-30 16:15:00,0.5,6.6,6.8,16
2025-10-31 04:15:00,2025-10-31 04:30:00,0.5,5.7,6.35,4
2025-10-31 10:15:00,2025-10-31 10:45:00,0.75,7.4,7.5,10
2025-10-31 17:00:00,2025-10-31 17:15:00,0.5,6.0,6.45,17
2025-11-01 05:30:00,2025-11-01 05:45:00,0.5,6.5,6.6,5
2025-11-02 06:15:00,2025-11-02 06:30:00,0.5,6.6,6.85,6
2025-11-02 19:15:00,2025-11-02 19:30:00,0.5,6.2,6.65,19
2025-11-03 07:30:00,2025-11-03 07:45:00,0.5,6.7,6.800000000000001,7
2025-11-03 19:45:00,2025-11-03 20:00:00,0.5,6.6,6.75,19
2025-11-05 04:30:00,2025-11-05 05:00:00,0.75,6.8,7.133333333333334,4
2025-11-05 09:30:00,2025-11-05 11:00:00,1.75,6.4,7.042857142857143,9
2025-11-05 16:15:00,2025-11-05 17:30:00,1.5,7.3,7.466666666666666,16
2025-11-06 05:45:00,2025-11-06 06:00:00,0.5,6.9,7.0,5
2025-11-06 18:15:00,2025-11-06 19:00:00,1.0,7.0,7.175,18
2025-11-07 19:15:00,2025-11-07 19:30:00,0.5,6.8,6.9,19
2025-11-07 23:00:00,2025-11-07 23:15:00,0.5,6.0,6.15,23
2025-11-08 07:15:00,2025-11-08 07:45:00,0.75,6.5,6.7,7
2025-11-08 12:00:00,2025-11-08 13:15:00,1.5,5.4,6.45,12
2025-11-09 08:15:00,2025-11-09 08:30:00,0.5,6.5,6.6,8
2025-11-09 12:45:00,2025-11-09 13:00:00,0.5,5.1,5.699999999999999,12
2025-11-10 00:30:00,2025-11-10 00:45:00,0.5,5.6,5.949999999999999,0
2025-11-10 07:00:00,2025-11-10 07:30:00,0.75,6.8,7.2,7
2025-11-10 19:45:00,2025-11-10 20:00:00,0.5,7.4,7.5,19
2025-11-11 14:30:00,2025-11-11 14:45:00,0.5,7.1,7.3,14
2025-11-12 02:30:00,2025-11-12 03:00:00,0.75,6.8,7.133333333333333,2
2025-11-12 15:30:00,2025-11-12 15:45:00,0.5,6.8,7.15,15
2025-11-12 21:45:00,2025-11-12 22:15:00,0.75,8.2,8.299999999999999,21
2025-11-13 09:45:00,2025-11-13 10:15:00,0.75,8.2,8.299999999999999,9
2025-11-13 16:00:00,2025-11-13 16:30:00,0.75,6.7,7.333333333333333,16
2025-11-14 04:45:00,2025-11-14 05:00:00,0.5,7.1,7.35,4
2025-11-14 10:45:00,2025-11-14 11:30:00,1.0,8.1,8.325,10
2025-11-14 17:00:00,2025-11-14 17:15:00,0.5,6.5,6.9,17
2025-11-15 11:45:00,2025-11-15 12:00:00,0.5,8.0,8.1,11
2025-11-15 18:00:00,2025-11-15 18:15:00,0.5,6.8,7.15,18
2025-11-16 00:15:00,2025-11-16 00:30:00,0.5,7.9,8.05,0
2025-11-16 12:45:00,2025-11-16 13:00:00,0.5,7.9,8.100000000000001,12
2025-11-16 18:45:00,2025-11-16 19:15:00,0.75,6.8,7.466666666666668,18
2025-11-17 00:45:00,2025-11-17 01:30:00,1.0,8.4,8.475,0
2025-11-17 07:45:00,2025-11-17 08:15:00,0.75,6.8,7.3999999999999995,7
2025-11-18 08:30:00,2025-11-18 08:45:00,0.5,7.1,7.3,8
2025-11-18 20:15:00,2025-11-18 20:30:00,0.5,6.9,7.25,20
2025-11-19 09:00:00,2025-11-19 09:15:00,0.5,6.5,7.05,9
2025-11-19 20:30:00,2025-11-19 21:00:00,0.75,6.6,7.2,20
2025-11-20 15:30:00,2025-11-20 15:45:00,0.5,7.5,7.75,15
2025-11-20 21:30:00,2025-11-20 21:45:00,0.5,6.2,6.5,21
2025-11-21 10:15:00,2025-11-21 10:30:00,0.5,6.5,6.85,10
2025-11-21 21:45:00,2025-11-21 22:00:00,0.5,6.6,7.0,21
2025-11-22 22:00:00,2025-11-22 22:30:00,0.75,6.3,6.933333333333334,22
2025-11-23 04:00:00,2025-11-23 04:15:00,0.5,7.3,7.55,4
2025-11-23 11:30:00,2025-11-23 11:45:00,0.5,6.0,6.25,11
2025-11-23 23:00:00,2025-11-23 23:15:00,0.5,6.1,6.65,23
2025-11-24 12:00:00,2025-11-24 12:15:00,0.5,5.8,6.35,12
2025-11-24 18:00:00,2025-11-24 18:15:00,0.5,7.1,7.4,18
2025-11-24 23:30:00,2025-11-25 00:00:00,0.75,6.4,6.900000000000001,23
2025-11-25 12:30:00,2025-11-25 13:00:00,0.75,6.0,6.533333333333334,12
2025-11-26 00:30:00,2025-11-26 00:45:00,0.5,6.1,6.4,0
2025-11-26 13:00:00,2025-11-26 13:30:00,0.75,5.9,6.400000000000001,13
2025-11-26 19:15:00,2025-11-26 19:30:00,0.5,7.1,7.35,19
2025-11-27 01:15:00,2025-11-27 01:30:00,0.5,6.2,6.5,1
2025-11-27 14:15:00,2025-11-27 15:45:00,1.75,5.7,7.1571428571428575,14
2025-11-27 20:00:00,2025-11-27 20:30:00,0.75,7.6,7.766666666666666,20
2025-11-28 02:30:00,2025-11-28 02:45:00,0.5,6.8,7.05,2
2025-11-28 08:00:00,2025-11-28 08:45:00,1.0,7.5,7.6499999999999995,8
2025-11-29 03:30:00,2025-11-29 03:45:00,0.5,6.2,6.85,3
2025-11-29 09:15:00,2025-11-29 10:15:00,1.25,7.5,7.92,9
2025-11-29 15:45:00,2025-11-29 16:15:00,0.75,6.9,7.366666666666667,15
2025-11-29 22:15:00,2025-11-29 22:45:00,0.75,8.2,8.333333333333334,22
2025-11-30 17:00:00,2025-11-30 17:15:00,0.5,7.0,7.35,17
2025-12-01 05:45:00,2025-12-01 06:00:00,0.5,7.1,7.449999999999999,5
2025-12-01 18:00:00,2025-12-01 18:30:00,0.75,6.8,7.300000000000001,18
2025-12-02 19:00:00,2025-12-02 19:15:00,0.5,7.0,7.3,19
2025-12-06 11:00:00,2025-12-06 11:15:00,0.5,6.3,6.4,11
2025-12-06 22:45:00,2025-12-06 23:00:00,0.5,6.6,6.75,22
2025-12-10 01:45:00,2025-12-10 02:00:00,0.5,7.1,7.3,1
2025-12-11 02:00:00,2025-12-11 03:00:00,1.25,7.5,7.839999999999999,2
2025-12-11 14:30:00,2025-12-11 15:00:00,0.75,7.6,7.966666666666666,14
2025-12-12 03:00:00,2025-12-12 03:15:00,0.5,7.8,7.949999999999999,3
2025-12-12 15:00:00,2025-12-12 15:30:00,0.75,7.7,7.999999999999999,15
2025-12-13 04:15:00,2025-12-13 04:30:00,0.5,7.8,8.05,4
2025-12-14 05:00:00,2025-12-14 05:15:00,0.5,7.9,8.0,5
2025-12-15 06:30:00,2025-12-15 06:45:00,0.5,8.2,8.55,6
2025-12-15 18:30:00,2025-12-15 18:45:00,0.5,8.6,8.8,18
2025-12-16 07:00:00,2025-12-16 07:15:00,0.5,8.4,8.65,7
2025-12-17 19:45:00,2025-12-17 20:00:00,0.5,8.7,9.0,19
2025-12-18 08:15:00,2025-12-18 08:30:00,0.5,9.0,9.1,8
2025-12-18 20:30:00,2025-12-18 20:45:00,0.5,8.7,8.899999999999999,20
2025-12-19 08:45:00,2025-12-19 09:00:00,0.5,8.4,8.7,8
2025-12-20 21:45:00,2025-12-20 22:15:00,0.75,8.9,9.066666666666668,21
2025-12-21 10:15:00,2025-12-21 10:30:00,0.5,8.2,8.6,10
2025-12-21 21:30:00,2025-12-21 22:00:00,0.75,8.7,9.066666666666666,21
2025-12-23 22:45:00,2025-12-23 23:15:00,0.75,8.5,9.033333333333333,22
2025-12-24 05:30:00,2025-12-24 06:00:00,0.75,9.8,9.866666666666667,5
2025-12-24 12:15:00,2025-12-24 12:30:00,0.5,8.0,8.35,12
2025-12-25 00:00:00,2025-12-25 00:30:00,0.75,7.9,8.6,0
2025-12-26 01:00:00,2025-12-26 01:15:00,0.5,8.0,8.4,1
2025-12-26 19:30:00,2025-12-26 19:45:00,0.5,9.1,9.2,19
2025-12-27 02:30:00,2025-12-27 02:45:00,0.5,7.8,8.3,2
2025-12-27 14:30:00,2025-12-27 14:45:00,0.5,8.3,8.600000000000001,14
2025-12-28 03:30:00,2025-12-28 03:45:00,0.5,7.9,8.350000000000001,3
2025-12-28 15:30:00,2025-12-28 16:00:00,0.75,7.8,8.4,15
2025-12-29 04:15:00,2025-12-29 04:45:00,0.75,6.9,8.033333333333333,4
2025-12-29 10:30:00,2025-12-29 10:45:00,0.5,8.7,8.8,10
2025-12-29 16:00:00,2025-12-29 16:30:00,0.75,7.5,8.133333333333333,16
2025-12-30 01:15:00,2025-12-30 01:45:00,0.75,8.7,8.866666666666665,1
2025-12-30 05:00:00,2025-12-30 05:45:00,1.0,7.3,8.125,5
2025-12-30 17:00:00,2025-12-30 17:30:00,0.75,7.5,8.1,17
2025-12-31 06:45:00,2025-12-31 07:00:00,0.5,7.8,7.949999999999999,6
2025-12-31 18:30:00,2025-12-31 18:45:00,0.5,7.6,8.05,18
2026-01-01 07:30:00,2026-01-01 07:45:00,0.5,7.7,8.0,7
2026-01-01 19:45:00,2026-01-01 20:00:00,0.5,8.1,8.3,19
2026-01-03 09:30:00,2026-01-03 09:45:00,0.5,7.9,8.100000000000001,9
2026-01-03 21:30:00,2026-01-03 21:45:00,0.5,7.5,7.8,21
2026-01-04 22:30:00,2026-01-04 22:45:00,0.5,7.6,7.95,22
2026-01-06 12:00:00,2026-01-06 12:15:00,0.5,7.4,7.550000000000001,12
2026-01-07 12:45:00,2026-01-07 14:00:00,1.5,7.6,8.383333333333335,12
2026-01-07 18:45:00,2026-01-07 19:15:00,0.75,8.7,8.833333333333334,18
2026-01-08 19:15:00,2026-01-08 19:45:00,0.75,8.5,8.633333333333333,19
2026-01-09 01:15:00,2026-01-09 01:45:00,0.75,7.8,7.933333333333334,1
2026-01-09 13:45:00,2026-01-09 14:00:00,0.5,7.0,7.25,13
2026-01-10 02:30:00,2026-01-10 02:45:00,0.5,7.2,7.550000000000001,2
2026-01-10 14:15:00,2026-01-10 14:30:00,0.5,7.6,7.95,14
2026-01-11 03:30:00,2026-01-11 03:45:00,0.5,7.7,7.9,3
2026-01-11 15:00:00,2026-01-11 15:30:00,0.75,7.1,7.5,15
2026-01-11 21:15:00,2026-01-11 21:30:00,0.5,8.0,8.3,21
2026-01-12 10:00:00,2026-01-12 10:45:00,1.0,8.7,8.850000000000001,10
2026-01-12 15:45:00,2026-01-12 16:00:00,0.5,7.8,8.1,15
2026-01-12 22:15:00,2026-01-12 22:30:00,0.5,8.1,8.45,22
2026-01-13 16:30:00,2026-01-13 17:15:00,1.0,7.8,8.149999999999999,16
2026-01-13 23:30:00,2026-01-13 23:45:00,0.5,8.5,8.65,23
2026-01-14 17:45:00,2026-01-14 18:00:00,0.5,7.8,8.05,17
2026-01-15 02:15:00,2026-01-15 03:15:00,1.25,8.4,8.62,2
2026-01-16 07:45:00,2026-01-16 08:00:00,0.5,8.2,8.45,7
2026-01-22 11:45:00,2026-01-22 12:15:00,0.75,8.6,8.9,11
2026-01-22 23:45:00,2026-01-23 00:00:00,0.5,8.9,9.100000000000001,23
2026-01-23 14:15:00,2026-01-23 14:30:00,0.5,9.8,9.9,14
2026-01-24 13:30:00,2026-01-24 13:45:00,0.5,8.8,9.05,13
2026-01-25 02:15:00,2026-01-25 02:30:00,0.5,8.7,8.85,2
2026-01-25 20:15:00,2026-01-25 20:45:00,0.75,10.0,10.066666666666666,20
2026-01-26 02:45:00,2026-01-26 03:00:00,0.5,9.2,9.3,2
2026-01-26 09:15:00,2026-01-26 09:45:00,0.75,9.9,10.033333333333333,9
2026-01-26 14:30:00,2026-01-26 15:00:00,0.75,9.2,9.4,14
2026-01-27 04:00:00,2026-01-27 04:15:00,0.5,9.1,9.3,4
2026-01-27 16:00:00,2026-01-27 16:15:00,0.5,9.5,9.65,16
2026-01-28 12:30:00,2026-01-28 12:45:00,0.5,9.8,9.9,12
2026-01-29 06:00:00,2026-01-29 06:15:00,0.5,9.7,9.8,6
2026-01-29 18:00:00,2026-01-29 18:15:00,0.5,9.8,9.95,18
2026-02-02 17:00:00,2026-02-02 18:15:00,1.5,11.0,11.1,17
2026-02-03 17:45:00,2026-02-03 19:00:00,1.5,11.0,11.166666666666666,17
2026-02-12 05:15:00,2026-02-12 05:30:00,0.5,10.1,10.35,5
2026-02-12 17:00:00,2026-02-12 17:30:00,0.75,9.3,9.833333333333334,17
2026-02-14 19:30:00,2026-02-14 19:45:00,0.5,10.4,10.600000000000001,19
2026-02-15 08:15:00,2026-02-15 08:30:00,0.5,10.2,10.45,8
2026-02-15 20:00:00,2026-02-15 20:30:00,0.75,9.7,10.166666666666666,20
2026-02-19 11:00:00,2026-02-19 12:30:00,1.75,9.2,9.828571428571431,11
2026-02-19 23:15:00,2026-02-19 23:30:00,0.5,8.6,8.899999999999999,23
2026-02-20 11:30:00,2026-02-20 13:00:00,1.75,8.5,9.471428571428572,11
2026-02-20 23:45:00,2026-02-21 01:15:00,1.75,8.1,8.985714285714286,23
2026-02-21 05:45:00,2026-02-21 06:30:00,1.0,8.5,8.625,5
2026-02-21 13:45:00,2026-02-21 14:00:00,0.5,9.1,9.2,13
2026-02-22 06:45:00,2026-02-22 07:00:00,0.5,7.7,7.949999999999999,6
2026-02-23 00:45:00,2026-02-23 01:15:00,0.75,8.3,8.433333333333334,0
2026-02-23 13:30:00,2026-02-23 15:15:00,2.0,7.6,8.462499999999999,13
2026-02-24 02:30:00,2026-02-24 03:15:00,1.0,8.3,8.625,2
2026-02-24 08:30:00,2026-02-24 09:00:00,0.75,8.7,8.766666666666667,8
2026-02-24 14:30:00,2026-02-24 14:45:00,0.5,7.6,8.0,14
2026-02-25 03:45:00,2026-02-25 04:00:00,0.5,8.4,8.55,3
2026-02-25 10:00:00,2026-02-25 10:30:00,0.75,8.6,8.8,10
2026-02-26 04:45:00,2026-02-26 05:00:00,0.5,8.8,8.9,4
2026-02-26 16:45:00,2026-02-26 17:00:00,0.5,8.0,8.45,16
2026-02-27 17:45:00,2026-02-27 18:00:00,0.5,8.1,8.3,17
2026-03-01 08:00:00,2026-03-01 09:30:00,1.75,8.2,8.642857142857142,8
2026-03-01 20:15:00,2026-03-01 20:30:00,0.5,8.2,8.35,20
2026-03-02 10:30:00,2026-03-02 11:15:00,1.0,8.5,8.7,10
2026-03-02 21:15:00,2026-03-02 21:30:00,0.5,8.1,8.3,21
2026-03-03 09:45:00,2026-03-03 10:00:00,0.5,7.8,7.949999999999999,9
2026-03-03 11:30:00,2026-03-03 12:15:00,1.0,8.2,8.425,11
2026-03-04 10:15:00,2026-03-04 11:30:00,1.5,7.7,8.200000000000001,10
2026-03-08 00:15:00,2026-03-08 00:30:00,0.5,5.7,6.2,0
2026-03-09 13:00:00,2026-03-09 13:15:00,0.5,5.6,5.699999999999999,13
2026-03-10 01:15:00,2026-03-10 02:00:00,1.0,6.0,6.4,1
2026-03-10 13:00:00,2026-03-10 13:30:00,0.75,5.8,6.066666666666666,13
2026-03-11 01:45:00,2026-03-11 02:45:00,1.25,5.7,6.14,1
2026-03-12 03:30:00,2026-03-12 04:00:00,0.75,6.0,6.5,3
2026-03-12 14:15:00,2026-03-12 15:30:00,1.5,5.5,6.333333333333333,14
2026-03-13 15:15:00,2026-03-13 17:30:00,2.5,5.7,6.23,15
2026-03-15 18:30:00,2026-03-15 18:45:00,0.5,5.7,6.1,18
2026-03-17 20:00:00,2026-03-17 20:30:00,0.75,6.6,7.033333333333334,20
2026-03-18 08:45:00,2026-03-18 09:15:00,0.75,6.6,6.966666666666666,8
2026-03-18 15:45:00,2026-03-18 17:00:00,1.5,7.1,7.266666666666667,15
2026-03-18 21:15:00,2026-03-18 21:30:00,0.5,6.9,7.050000000000001,21
2026-03-19 11:45:00,2026-03-19 12:00:00,0.5,7.1,7.199999999999999,11
2026-03-20 12:00:00,2026-03-20 12:15:00,0.5,6.9,7.0,12
2026-03-21 05:15:00,2026-03-21 06:00:00,1.0,6.9,7.0,5
2026-03-21 11:00:00,2026-03-21 12:45:00,2.0,6.2,6.825,11
2026-03-21 18:00:00,2026-03-21 19:15:00,1.5,6.8,7.066666666666666,18
2026-03-22 19:45:00,2026-03-22 20:15:00,0.75,6.6,6.733333333333333,19
2026-03-23 07:30:00,2026-03-23 08:30:00,1.25,6.6,6.779999999999999,7
2026-03-25 14:45:00,2026-03-25 15:00:00,0.5,6.3,6.5,14
2026-03-25 20:30:00,2026-03-25 21:00:00,0.75,7.4,7.533333333333334,20
2026-03-26 15:30:00,2026-03-26 17:00:00,1.75,6.1,7.171428571428572,15
2026-03-27 04:30:00,2026-03-27 04:45:00,0.5,6.4,6.75,4
2026-03-27 16:15:00,2026-03-27 16:30:00,0.5,6.1,6.5,16
2026-03-28 11:30:00,2026-03-28 12:00:00,0.75,7.3,7.466666666666666,11
2026-03-29 19:15:00,2026-03-29 19:30:00,0.5,7.1,7.3,19
2026-03-30 20:00:00,2026-03-30 20:15:00,0.5,6.9,7.2,20
2026-03-31 08:15:00,2026-03-31 10:00:00,2.0,6.1,7.35,8
2026-03-31 20:30:00,2026-03-31 21:00:00,0.75,6.0,6.833333333333333,20
2026-04-01 08:45:00,2026-04-01 09:00:00,0.5,5.7,6.25,8
2026-04-01 21:30:00,2026-04-01 21:45:00,0.5,6.1,6.5,21
2026-04-02 15:30:00,2026-04-02 16:15:00,1.0,6.7,7.05,15
2026-04-02 22:00:00,2026-04-02 22:15:00,0.5,6.4,6.75,22
2026-04-03 04:15:00,2026-04-03 05:00:00,1.0,6.4,6.7,4
2026-04-03 10:00:00,2026-04-03 10:15:00,0.5,5.1,5.75,10
2026-04-03 16:00:00,2026-04-03 16:45:00,1.0,6.4,6.875,16
2026-04-03 22:30:00,2026-04-03 23:00:00,0.75,4.8,6.1000000000000005,22
2026-04-04 04:45:00,2026-04-04 05:30:00,1.0,5.9,6.45,4
2026-04-04 10:30:00,2026-04-04 12:45:00,2.5,5.8,6.7700000000000005,10
2026-04-04 23:30:00,2026-04-04 23:45:00,0.5,6.4,6.5,23
2026-04-05 05:15:00,2026-04-05 05:30:00,0.5,5.3,5.85,5
2026-04-05 11:00:00,2026-04-05 11:15:00,0.5,4.6,5.4,11
2026-04-05 12:45:00,2026-04-05 13:00:00,0.5,7.0,7.1,12
2026-04-05 23:45:00,2026-04-06 00:00:00,0.5,4.9,5.65,23
2026-04-06 05:30:00,2026-04-06 05:45:00,0.5,5.7,5.9,5
2026-04-06 12:15:00,2026-04-06 12:30:00,0.5,3.9,4.9,12
2026-04-06 15:15:00,2026-04-06 16:00:00,1.0,7.5,7.675,15
2026-04-06 17:30:00,2026-04-06 17:45:00,0.5,6.0,6.5,17
2026-04-06 20:15:00,2026-04-06 21:30:00,1.5,6.9,7.05,20
2026-04-07 06:30:00,2026-04-07 08:15:00,2.0,5.7,6.6,6
2026-04-07 12:00:00,2026-04-07 12:45:00,1.0,3.6,5.175000000000001,12
2026-04-07 17:45:00,2026-04-07 18:00:00,0.5,6.9,7.050000000000001,17
2026-04-08 01:45:00,2026-04-08 02:15:00,0.75,4.3,5.633333333333333,1
2026-04-08 07:15:00,2026-04-08 07:45:00,0.75,6.3,6.466666666666666,7
2026-04-08 13:30:00,2026-04-08 14:30:00,1.25,4.7,5.5,13
2026-04-08 18:30:00,2026-04-08 19:15:00,1.0,6.2,7.225,18
2026-04-08 21:15:00,2026-04-08 22:15:00,1.25,7.1,7.519999999999999,21
2026-04-09 02:15:00,2026-04-09 02:45:00,0.75,5.6,6.400000000000001,2
2026-04-09 08:30:00,2026-04-09 08:45:00,0.5,7.0,7.15,8
2026-04-09 14:45:00,2026-04-09 15:15:00,0.75,4.1,5.566666666666666,14
2026-04-09 19:30:00,2026-04-09 19:45:00,0.5,7.5,7.65,19
2026-04-10 08:45:00,2026-04-10 11:00:00,2.5,7.2,7.57,8
2026-04-10 14:45:00,2026-04-10 15:15:00,0.75,4.6,5.866666666666667,14
2026-04-10 20:45:00,2026-04-10 21:30:00,1.0,7.7,7.8500000000000005,20
2026-04-10 23:00:00,2026-04-11 00:15:00,1.5,7.8,7.949999999999999,23
2026-04-11 03:45:00,2026-04-11 04:00:00,0.5,4.7,5.45,3
2026-04-11 13:15:00,2026-04-11 16:15:00,3.25,5.4,7.4,13
2026-04-11 21:45:00,2026-04-11 22:30:00,1.0,7.6,7.975,21
2026-04-12 04:00:00,2026-04-12 05:30:00,1.75,4.0,6.414285714285714,4
2026-04-12 14:00:00,2026-04-12 15:15:00,1.5,7.7,7.883333333333334,14
2026-04-12 17:00:00,2026-04-12 17:15:00,0.5,5.5,6.2,17
2026-04-12 22:45:00,2026-04-12 23:30:00,1.0,7.7,7.8999999999999995,22
2026-04-13 01:00:00,2026-04-13 01:30:00,0.75,7.9,7.966666666666666,1
2026-04-13 05:30:00,2026-04-13 06:00:00,0.75,4.6,5.766666666666666,5
2026-04-13 11:45:00,2026-04-13 12:00:00,0.5,6.6,7.3,11
2026-04-13 14:30:00,2026-04-13 15:00:00,0.75,7.7,7.866666666666667,14
2026-04-13 18:00:00,2026-04-13 18:15:00,0.5,5.6,6.199999999999999,18
2026-04-14 00:00:00,2026-04-14 00:15:00,0.5,7.5,7.7,0
2026-04-14 02:45:00,2026-04-14 03:00:00,0.5,7.4,7.5,2
2026-04-14 06:45:00,2026-04-14 07:00:00,0.5,4.4,5.1,6
2026-04-14 12:45:00,2026-04-14 13:15:00,0.75,7.4,7.933333333333334,12
2026-04-14 14:45:00,2026-04-14 16:30:00,2.0,7.2,7.575,14
2026-04-14 19:00:00,2026-04-14 19:15:00,0.5,6.2,6.5,19
2026-04-15 01:00:00,2026-04-15 01:15:00,0.5,6.7,7.15,1
2026-04-15 03:30:00,2026-04-15 04:00:00,0.75,6.9,7.133333333333333,3
2026-04-15 07:15:00,2026-04-15 07:45:00,0.75,5.0,5.733333333333333,7
2026-04-15 13:30:00,2026-04-15 16:15:00,3.0,6.7,7.583333333333335,13
2026-04-15 19:00:00,2026-04-15 20:15:00,1.5,4.7,6.416666666666667,19
2026-04-16 04:15:00,2026-04-16 04:45:00,0.75,6.6,6.766666666666666,4
2026-04-16 08:15:00,2026-04-16 08:30:00,0.5,5.5,5.8,8
2026-04-16 16:00:00,2026-04-16 16:45:00,1.0,6.8,7.125,16
2026-04-17 05:15:00,2026-04-17 05:30:00,0.5,6.1,6.199999999999999,5
2026-04-17 09:00:00,2026-04-17 11:00:00,2.25,4.6,6.111111111111111,9
2026-04-17 15:15:00,2026-04-17 17:30:00,2.5,6.0,6.55,15
2026-04-17 21:30:00,2026-04-17 22:00:00,0.75,5.7,5.966666666666666,21
2026-04-18 10:00:00,2026-04-18 10:15:00,0.5,4.4,4.6,10
2026-04-18 11:45:00,2026-04-18 12:00:00,0.5,6.0,6.1,11
2026-04-18 22:45:00,2026-04-18 23:00:00,0.5,5.0,5.25,22
2026-04-19 05:00:00,2026-04-19 05:15:00,0.5,4.7,4.85,5
2026-04-19 10:45:00,2026-04-19 12:30:00,2.0,4.2,5.362500000000001,10
2026-04-20 05:45:00,2026-04-20 06:15:00,0.75,4.2,4.733333333333333,5
2026-04-21 06:45:00,2026-04-21 07:00:00,0.5,4.2,4.5,6
2026-04-21 12:15:00,2026-04-21 12:45:00,0.75,4.3,4.7,12
2026-04-21 14:30:00,2026-04-21 15:15:00,1.0,6.0,6.15,14
2026-04-21 18:30:00,2026-04-21 19:00:00,0.75,5.6,5.733333333333333,18
2026-04-22 01:30:00,2026-04-22 01:45:00,0.5,5.1,5.25,1
2026-04-22 07:30:00,2026-04-22 07:45:00,0.5,3.8,4.55,7
2026-04-22 19:15:00,2026-04-22 19:30:00,0.5,5.5,5.7,19
2026-04-23 13:45:00,2026-04-23 14:45:00,1.25,3.9,5.18,13
2026-04-23 16:15:00,2026-04-23 16:45:00,0.75,6.4,6.599999999999999,16
2026-04-24 11:45:00,2026-04-24 12:15:00,0.75,6.1,6.233333333333333,11
2026-04-24 15:00:00,2026-04-24 15:45:00,1.0,5.0,5.9,15
2026-04-24 17:30:00,2026-04-24 18:00:00,0.75,6.7,6.8999999999999995,17
2026-04-25 12:30:00,2026-04-25 13:00:00,0.75,6.6,6.733333333333333,12
2026-04-25 17:00:00,2026-04-25 17:15:00,0.5,5.6,5.85,17
2026-04-26 13:45:00,2026-04-26 14:00:00,0.5,6.5,6.65,13
2026-04-27 00:00:00,2026-04-27 00:15:00,0.5,5.6,5.9,0
2026-04-27 19:30:00,2026-04-27 19:45:00,0.5,5.5,5.85,19
2026-04-28 07:15:00,2026-04-28 07:30:00,0.5,5.5,5.65,7
2026-04-28 20:00:00,2026-04-28 20:15:00,0.5,5.4,5.550000000000001,20
2026-04-29 16:00:00,2026-04-29 16:30:00,0.75,6.2,6.333333333333333,16
2026-04-30 14:00:00,2026-04-30 14:15:00,0.5,5.9,6.0,14
2026-05-03 10:45:00,2026-05-03 11:00:00,0.5,5.2,5.300000000000001,10
2026-05-03 18:00:00,2026-05-03 20:00:00,2.25,6.0,6.2444444444444445,18
2026-05-03 23:15:00,2026-05-03 23:30:00,0.5,5.2,5.45,23
2026-05-05 13:30:00,2026-05-05 13:45:00,0.5,7.1,7.199999999999999,13
2026-05-05 16:15:00,2026-05-05 17:30:00,1.5,6.9,7.249999999999999,16
2026-05-06 00:15:00,2026-05-06 00:30:00,0.5,5.8,6.199999999999999,0
2026-05-06 12:00:00,2026-05-06 13:30:00,1.75,5.5,6.985714285714286,12
2026-05-06 18:00:00,2026-05-06 18:30:00,0.75,7.2,7.3999999999999995,18
2026-05-07 06:45:00,2026-05-07 07:00:00,0.5,6.8,6.949999999999999,6
2026-05-07 18:45:00,2026-05-07 19:30:00,1.0,6.9,7.325,18
2026-05-08 19:00:00,2026-05-08 20:00:00,1.25,7.1,7.58,19
2026-05-09 02:30:00,2026-05-09 02:45:00,0.5,6.4,6.550000000000001,2
2026-05-09 11:00:00,2026-05-09 11:30:00,0.75,7.1,7.266666666666666,11
2026-05-09 14:45:00,2026-05-09 15:00:00,0.5,6.2,6.5,14
2026-05-10 03:15:00,2026-05-10 03:45:00,0.75,6.3,6.5,3
2026-05-10 12:00:00,2026-05-10 12:30:00,0.75,7.2,7.366666666666667,12
2026-05-10 15:30:00,2026-05-10 15:45:00,0.5,6.2,6.6,15
2026-05-10 21:30:00,2026-05-10 22:00:00,0.75,7.3,7.633333333333333,21
2026-05-11 04:00:00,2026-05-11 04:15:00,0.5,6.0,6.35,4
2026-05-11 10:15:00,2026-05-11 10:45:00,0.75,6.8,7.3999999999999995,10
2026-05-11 16:45:00,2026-05-11 17:15:00,0.75,6.2,6.766666666666667,16
2026-05-11 22:15:00,2026-05-11 23:00:00,1.0,7.4,7.700000000000001,22
2026-05-12 00:30:00,2026-05-12 01:00:00,0.75,7.4,7.5,0
2026-05-12 18:00:00,2026-05-12 18:15:00,0.5,6.5,6.6,18
2026-05-13 06:30:00,2026-05-13 06:45:00,0.5,5.4,5.85,6
2026-05-14 07:15:00,2026-05-14 07:30:00,0.5,5.3,5.449999999999999,7
2026-05-14 13:15:00,2026-05-14 15:15:00,2.25,6.4,6.866666666666666,13
2026-05-14 19:30:00,2026-05-14 20:15:00,1.0,5.5,5.9,19
2026-05-15 14:00:00,2026-05-15 17:15:00,3.5,6.4,6.814285714285714,14
2026-05-15 21:00:00,2026-05-15 21:15:00,0.5,5.5,5.7,21
2026-05-16 08:45:00,2026-05-16 09:00:00,0.5,4.6,4.949999999999999,8
2026-05-16 10:30:00,2026-05-16 10:45:00,0.5,6.1,6.199999999999999,10
2026-05-16 14:45:00,2026-05-16 18:00:00,3.5,6.2,6.650000000000001,14
2026-05-17 03:45:00,2026-05-17 04:00:00,0.5,5.3,5.6,3
2026-05-17 08:30:00,2026-05-17 09:45:00,1.5,4.9,5.25,8
2026-05-17 15:45:00,2026-05-17 18:00:00,2.5,5.6,6.380000000000001,15
2026-05-17 21:45:00,2026-05-17 22:45:00,1.25,4.8,5.36,21
2026-05-18 10:15:00,2026-05-18 10:45:00,0.75,4.8,4.8999999999999995,10
2026-05-18 12:15:00,2026-05-18 12:30:00,0.5,5.6,5.699999999999999,12
2026-05-18 16:30:00,2026-05-18 19:00:00,2.75,5.7,6.109090909090909,16
2026-05-19 11:45:00,2026-05-19 13:15:00,1.75,4.4,5.371428571428572,11
2026-05-19 17:30:00,2026-05-19 21:00:00,3.75,5.3,5.8999999999999995,17
2026-05-20 00:15:00,2026-05-20 00:45:00,0.75,4.5,4.666666666666667,0
2026-05-20 12:00:00,2026-05-20 12:45:00,1.0,4.5,4.7,12
2026-05-20 14:15:00,2026-05-20 14:30:00,0.5,5.8,5.949999999999999,14
2026-05-20 18:15:00,2026-05-20 21:00:00,3.0,5.3,5.908333333333332,18
2026-05-21 01:00:00,2026-05-21 01:45:00,1.0,4.7,4.9,1
2026-05-21 13:15:00,2026-05-21 15:15:00,2.25,3.7,5.566666666666666,13
2026-05-21 19:15:00,2026-05-21 20:00:00,1.0,5.2,5.675,19
2026-05-22 02:15:00,2026-05-22 02:45:00,0.75,4.9,5.033333333333333,2
2026-05-22 14:15:00,2026-05-22 15:00:00,1.0,4.8,5.175,14
2026-05-23 14:45:00,2026-05-23 16:00:00,1.5,5.0,5.3500000000000005,14
2026-05-24 03:30:00,2026-05-24 04:15:00,1.0,4.6,5.225,3
2026-05-24 09:45:00,2026-05-24 10:00:00,0.5,4.6,5.05,9
2026-05-24 16:30:00,2026-05-24 18:15:00,2.0,4.7,5.85,16
2026-05-25 04:30:00,2026-05-25 04:45:00,0.5,5.1,5.25,4
2026-05-25 10:45:00,2026-05-25 11:30:00,1.0,4.9,5.7,10
2026-05-25 17:45:00,2026-05-25 18:00:00,0.5,5.5,5.65,17
2026-05-26 11:30:00,2026-05-26 11:45:00,0.5,5.1,5.699999999999999,11
2026-05-26 18:15:00,2026-05-26 18:45:00,0.75,5.4,6.033333333333334,18
2026-05-27 06:15:00,2026-05-27 06:45:00,0.75,4.3,4.866666666666667,6
2026-05-27 12:15:00,2026-05-27 12:30:00,0.5,5.8,6.25,12
2026-05-27 19:15:00,2026-05-27 19:30:00,0.5,5.8,5.949999999999999,19
2026-05-28 07:00:00,2026-05-28 07:15:00,0.5,5.0,5.25,7
2026-05-28 15:30:00,2026-05-28 17:15:00,2.0,6.2,6.375,15
2026-05-29 14:00:00,2026-05-29 14:15:00,0.5,6.4,6.6,14
2026-05-29 16:15:00,2026-05-29 16:45:00,0.75,6.3,6.433333333333334,16
2026-06-01 18:00:00,2026-06-01 18:45:00,1.0,5.9,6.074999999999999,18
2026-06-02 12:45:00,2026-06-02 13:15:00,0.75,6.7,6.866666666666667,12
2026-06-02 16:30:00,2026-06-02 16:45:00,0.5,6.1,6.3,16
2026-06-02 19:45:00,2026-06-02 20:45:00,1.25,6.2,6.299999999999999,19
2026-06-03 17:15:00,2026-06-03 17:30:00,0.5,6.8,7.0,17
2026-06-05 18:30:00,2026-06-05 18:45:00,0.5,7.3,7.4,18
2026-06-06 15:00:00,2026-06-06 15:15:00,0.5,8.0,8.1,15
2026-06-08 11:30:00,2026-06-08 12:45:00,1.5,6.8,7.016666666666667,11
2026-06-08 17:00:00,2026-06-08 19:15:00,2.5,7.2,7.720000000000001,17
2026-06-09 14:30:00,2026-06-09 15:15:00,1.0,7.0,7.075,14
2026-06-09 17:30:00,2026-06-09 18:00:00,0.75,7.4,7.7,17
2026-06-11 18:30:00,2026-06-11 20:00:00,1.75,6.3,6.571428571428571,18
2026-06-12 12:45:00,2026-06-12 14:45:00,2.25,5.0,5.366666666666666,12
2026-06-13 23:30:00,2026-06-14 00:15:00,1.0,4.7,4.925,23
2026-06-14 09:00:00,2026-06-14 11:00:00,2.25,4.5,4.911111111111111,9
2026-06-15 10:45:00,2026-06-15 12:30:00,2.0,4.4,4.800000000000001,10
2026-06-16 01:15:00,2026-06-16 01:45:00,0.75,4.3,4.466666666666666,1
2026-06-16 10:30:00,2026-06-16 12:00:00,1.75,4.3,4.685714285714285,10
2026-06-17 11:30:00,2026-06-17 14:15:00,3.0,4.1,4.533333333333333,11
2026-06-18 06:15:00,2026-06-18 06:45:00,0.75,3.6,3.6666666666666665,6
2026-06-18 18:15:00,2026-06-18 19:00:00,1.0,4.2,4.275,18
2026-06-19 07:30:00,2026-06-19 08:15:00,1.0,4.0,4.1,7
2026-06-19 14:30:00,2026-06-19 15:15:00,1.0,5.0,5.125,14
2026-06-20 07:45:00,2026-06-20 08:15:00,0.75,4.2,4.366666666666667,7
2026-06-20 16:00:00,2026-06-20 16:15:00,0.5,5.1,5.199999999999999,16
2026-06-21 17:00:00,2026-06-21 18:30:00,1.75,5.1,5.3999999999999995,17
2026-06-22 09:15:00,2026-06-22 09:45:00,0.75,4.4,4.533333333333333,9
2026-06-22 17:45:00,2026-06-22 18:00:00,0.5,5.6,5.699999999999999,17
2026-06-23 10:00:00,2026-06-23 10:30:00,0.75,4.6,4.9,10
2026-06-23 22:30:00,2026-06-23 23:00:00,0.75,5.0,5.266666666666667,22
2026-06-24 09:45:00,2026-06-24 11:00:00,1.5,5.3,5.699999999999999,9
2026-06-24 18:15:00,2026-06-24 20:15:00,2.25,5.7,6.9,18
2026-06-26 00:30:00,2026-06-26 00:45:00,0.5,4.8,5.199999999999999,0
2026-06-26 06:00:00,2026-06-26 06:30:00,0.75,5.1,5.599999999999999,6
2026-06-26 11:00:00,2026-06-26 12:15:00,1.5,5.6,5.8500000000000005,11
2026-06-27 06:30:00,2026-06-27 07:15:00,1.0,4.5,5.375,6
2026-06-27 13:00:00,2026-06-27 13:30:00,0.75,5.6,5.7,13
2026-06-27 20:00:00,2026-06-27 20:15:00,0.5,4.7,5.5,20
2026-06-28 07:30:00,2026-06-28 07:45:00,0.5,3.4,4.45,7
2026-06-28 09:30:00,2026-06-28 11:30:00,2.25,6.2,6.444444444444445,9
2026-06-29 08:45:00,2026-06-29 10:30:00,2.0,3.3,5.9125,8
2026-06-29 14:15:00,2026-06-29 14:45:00,0.75,5.1,5.566666666666666,14
2026-06-29 21:15:00,2026-06-29 22:00:00,1.0,4.3,5.6000000000000005,21
2026-06-30 03:30:00,2026-06-30 03:45:00,0.5,2.8,3.85,3
2026-06-30 08:45:00,2026-06-30 10:00:00,1.5,3.6,4.516666666666667,8
2026-06-30 13:00:00,2026-06-30 15:45:00,3.0,5.6,6.033333333333332,13
2026-06-30 18:30:00,2026-06-30 19:30:00,1.25,6.1,6.32,18
2026-06-30 22:15:00,2026-06-30 22:30:00,0.5,5.0,5.35,22
2026-07-01 09:30:00,2026-07-01 10:30:00,1.25,2.6,3.8200000000000003,9
2026-07-01 12:00:00,2026-07-01 12:15:00,0.5,6.5,6.7,12
2026-07-01 15:45:00,2026-07-01 16:00:00,0.5,4.2,4.800000000000001,15
2026-07-01 19:00:00,2026-07-01 19:15:00,0.5,6.1,6.3,19
2026-07-01 23:00:00,2026-07-01 23:15:00,0.5,4.5,4.95,23
2026-07-02 04:45:00,2026-07-02 05:00:00,0.5,2.9,4.0,4
2026-07-02 10:30:00,2026-07-02 14:15:00,4.0,3.1,5.956250000000001,10
2026-07-02 16:15:00,2026-07-02 16:30:00,0.5,3.2,4.5,16
2026-07-02 19:00:00,2026-07-02 20:45:00,2.0,5.9,6.2375,19
2026-07-02 23:15:00,2026-07-03 00:00:00,1.0,3.1,4.55,23
2026-07-03 05:30:00,2026-07-03 05:45:00,0.5,3.0,3.7,5
2026-07-03 10:45:00,2026-07-03 12:00:00,1.5,4.0,4.5,10
2026-07-03 13:30:00,2026-07-03 14:45:00,1.5,6.5,6.733333333333333,13
2026-07-03 16:30:00,2026-07-03 17:15:00,1.0,3.7,5.175,16
2026-07-04 00:00:00,2026-07-04 00:30:00,0.75,3.5,4.433333333333334,0
2026-07-04 12:00:00,2026-07-04 12:30:00,0.75,2.6,3.533333333333333,12
2026-07-04 14:00:00,2026-07-04 14:30:00,0.75,6.2,6.6000000000000005,14
2026-07-05 00:45:00,2026-07-05 01:00:00,0.5,2.0,3.35,0
2026-07-05 12:15:00,2026-07-05 14:30:00,2.5,3.1,4.85,12
2026-07-05 18:45:00,2026-07-05 19:00:00,0.5,2.5,3.05,18
2026-07-06 01:15:00,2026-07-06 01:45:00,0.75,1.5,3.4333333333333336,1
2026-07-06 07:30:00,2026-07-06 07:45:00,0.5,3.1,3.3,7
2026-07-06 13:30:00,2026-07-06 16:00:00,2.75,3.0,5.427272727272728,13
2026-07-06 18:45:00,2026-07-06 19:45:00,1.25,3.5,5.139999999999999,18
2026-07-07 01:30:00,2026-07-07 02:45:00,1.5,2.7,3.983333333333333,1
2026-07-07 07:45:00,2026-07-07 08:15:00,0.75,2.7,4.033333333333334,7
2026-07-07 10:15:00,2026-07-07 10:45:00,0.75,5.5,5.633333333333333,10
2026-07-07 14:45:00,2026-07-07 15:00:00,0.5,2.2,3.3000000000000003,14
2026-07-07 20:15:00,2026-07-07 21:00:00,1.0,3.1,3.9250000000000003,20
2026-07-08 02:30:00,2026-07-08 03:00:00,0.75,2.1,3.6999999999999997,2
2026-07-08 08:30:00,2026-07-08 09:00:00,0.75,2.2,4.066666666666666,8
2026-07-08 11:15:00,2026-07-08 11:45:00,0.75,5.5,5.733333333333333,11
2026-07-08 15:30:00,2026-07-08 16:15:00,1.0,1.9,4.35,15
2026-07-08 21:15:00,2026-07-08 21:45:00,0.75,4.7,4.933333333333334,21
2026-07-09 03:15:00,2026-07-09 04:00:00,1.0,1.6,3.15,3
2026-07-09 09:30:00,2026-07-09 09:45:00,0.5,3.7,4.45,9
2026-07-09 16:45:00,2026-07-09 18:45:00,2.25,2.3,5.188888888888889,16
2026-07-09 22:45:00,2026-07-09 23:00:00,0.5,3.3,4.25,22
2026-07-10 04:30:00,2026-07-10 05:00:00,0.75,1.9,3.0,4
2026-07-10 10:30:00,2026-07-10 11:00:00,0.75,3.6,4.3,10
2026-07-10 17:45:00,2026-07-10 18:15:00,0.75,2.1,3.733333333333333,17
2026-07-11 00:00:00,2026-07-11 00:15:00,0.5,3.6,4.0,0
2026-07-11 05:30:00,2026-07-11 05:45:00,0.5,1.7,3.0,5
2026-07-11 14:00:00,2026-07-11 15:30:00,1.75,5.1,5.314285714285714,14
2026-07-11 19:00:00,2026-07-11 19:15:00,0.5,1.5,2.4,19
2026-07-12 01:00:00,2026-07-12 01:15:00,0.5,2.6,3.5999999999999996,1
2026-07-12 06:15:00,2026-07-12 07:00:00,1.0,1.6,2.65,6
2026-07-12 11:30:00,2026-07-12 15:15:00,4.0,3.8,5.1875,11
2026-07-12 19:45:00,2026-07-12 20:30:00,1.0,1.7,3.5249999999999995,19
2026-07-13 02:00:00,2026-07-13 02:15:00,0.5,2.6,2.75,2
2026-07-13 08:00:00,2026-07-13 08:15:00,0.5,2.5,3.2,8
2026-07-13 09:45:00,2026-07-13 10:00:00,0.5,4.3,4.5,9
2026-07-13 14:00:00,2026-07-13 16:30:00,2.75,3.6,4.872727272727273,14
2026-07-13 20:30:00,2026-07-13 21:15:00,1.0,2.5,3.825,20
2026-07-14 03:15:00,2026-07-14 03:30:00,0.5,3.6,3.75,3
2026-07-14 09:15:00,2026-07-14 11:00:00,2.0,1.4,3.9125,9
2026-07-14 17:15:00,2026-07-14 17:45:00,0.75,4.3,4.5,17
2026-07-14 22:00:00,2026-07-14 22:15:00,0.5,3.0,3.3,22
2026-07-15 04:15:00,2026-07-15 04:30:00,0.5,3.1,3.25,4
2026-07-15 10:15:00,2026-07-15 10:30:00,0.5,1.9,2.4,10
2026-07-15 12:00:00,2026-07-15 12:15:00,0.5,3.8,3.9,12
2026-07-15 15:45:00,2026-07-15 16:15:00,0.75,2.6,3.5,15
2026-07-15 18:00:00,2026-07-15 18:45:00,1.0,3.9,4.15,18
2026-07-15 22:45:00,2026-07-15 23:15:00,0.75,2.4,2.8000000000000003,22
2026-07-16 05:00:00,2026-07-16 05:15:00,0.5,1.4,2.3,5
2026-07-16 11:15:00,2026-07-16 12:45:00,1.75,1.8,3.3,11
2026-07-16 23:30:00,2026-07-17 00:00:00,0.75,1.2,2.3666666666666667,23
2026-07-17 12:00:00,2026-07-17 14:15:00,2.5,2.0,4.130000000000001,12
2026-07-17 17:45:00,2026-07-17 19:30:00,2.0,4.1,4.6375,17
2026-07-18 06:15:00,2026-07-18 06:30:00,0.5,2.0,2.8,6
2026-07-18 12:15:00,2026-07-18 14:30:00,2.5,1.8,4.25,12
2026-07-18 18:15:00,2026-07-18 18:45:00,0.75,3.2,4.366666666666667,18
2026-07-19 01:00:00,2026-07-19 01:15:00,0.5,2.6,3.3,1
2026-07-19 07:00:00,2026-07-19 07:15:00,0.5,1.8,3.0,7
2026-07-19 09:15:00,2026-07-19 10:00:00,1.0,4.3,4.475,9
2026-07-19 15:15:00,2026-07-19 17:00:00,2.0,5.4,5.625,15
2026-07-19 18:30:00,2026-07-19 19:45:00,1.5,3.5,4.75,18
2026-07-20 01:30:00,2026-07-20 02:15:00,1.0,4.0,4.35,1
2026-07-20 07:45:00,2026-07-20 08:15:00,0.75,3.0,4.2,7
2026-07-20 14:15:00,2026-07-20 14:45:00,0.75,2.8,3.7000000000000006,14
2026-07-20 20:15:00,2026-07-20 21:30:00,1.5,3.2,5.066666666666667,20
2026-07-21 01:45:00,2026-07-21 02:45:00,1.25,1.7,4.08,1
2026-07-21 08:15:00,2026-07-21 08:45:00,0.75,4.5,4.8,8
2026-07-21 15:15:00,2026-07-21 15:45:00,0.75,2.4,4.166666666666667,15
2026-07-21 21:00:00,2026-07-21 21:30:00,0.75,4.5,5.066666666666666,21
2026-07-22 03:00:00,2026-07-22 03:30:00,0.75,2.0,3.5,3
2026-07-22 12:15:00,2026-07-22 12:30:00,0.5,5.5,5.6,12
2026-07-22 14:15:00,2026-07-22 17:45:00,3.75,1.9,5.14,14
2026-07-22 21:45:00,2026-07-22 22:30:00,1.0,4.9,5.25,21
2026-07-23 01:30:00,2026-07-23 04:00:00,2.75,1.9,4.79090909090909,1
2026-07-23 09:15:00,2026-07-23 10:15:00,1.25,4.2,5.24,9
2026-07-23 13:15:00,2026-07-23 15:00:00,2.0,5.7,6.0625,13
2026-07-23 16:30:00,2026-07-23 18:00:00,1.75,2.1,4.442857142857143,16
2026-07-23 21:30:00,2026-07-23 23:15:00,2.0,3.0,5.525,21
2026-07-24 02:15:00,2026-07-24 06:30:00,4.5,1.3,4.4944444444444445,2
2026-07-24 10:30:00,2026-07-24 18:30:00,8.25,1.5,5.254545454545455,10
2026-07-25 00:00:00,2026-07-25 01:00:00,1.25,4.2,5.139999999999999,0
2026-07-25 03:15:00,2026-07-25 07:15:00,4.25,1.2,4.011764705882353,3
2026-07-25 11:15:00,2026-07-25 12:15:00,1.25,4.5,5.08,11
2026-07-25 17:30:00,2026-07-25 19:00:00,1.75,1.8,4.442857142857142,17
2026-07-25 23:30:00,2026-07-26 01:30:00,2.25,3.5,4.844444444444444,23
2026-07-26 05:30:00,2026-07-26 07:00:00,1.75,1.8,3.4714285714285715,5
2026-07-26 11:15:00,2026-07-26 12:30:00,1.5,4.3,4.833333333333334,11
2026-07-26 14:45:00,2026-07-26 15:45:00,1.25,4.7,4.86,14
2026-07-26 19:45:00,2026-07-26 20:30:00,1.0,1.0,2.85,19
2026-07-27 07:15:00,2026-07-27 08:15:00,1.25,1.3,1.98,7
2026-07-27 13:00:00,2026-07-27 13:30:00,0.75,4.2,4.966666666666666,13
2026-07-27 16:15:00,2026-07-27 16:30:00,0.5,5.3,5.449999999999999,16
2026-07-27 20:15:00,2026-07-27 22:15:00,2.25,2.7,4.733333333333333,20
2026-07-28 02:30:00,2026-07-28 02:45:00,0.5,3.1,3.9000000000000004,2
2026-07-28 07:00:00,2026-07-28 11:45:00,5.0,1.5,4.470000000000001,7
2026-07-28 13:45:00,2026-07-28 15:00:00,1.5,3.6,4.8500000000000005,13
2026-07-28 17:00:00,2026-07-28 18:15:00,1.5,5.4,5.566666666666667,17
2026-07-28 20:30:00,2026-07-28 23:30:00,3.25,1.9,4.792307692307692,20
2026-07-29 07:45:00,2026-07-29 09:00:00,1.5,2.1,3.733333333333334,7
2026-07-29 11:30:00,2026-07-29 15:00:00,3.75,4.6,5.5666666666666655,11
2026-07-29 17:00:00,2026-07-29 17:30:00,0.75,5.7,5.933333333333334,17
2026-07-29 20:45:00,2026-07-29 22:00:00,1.5,2.7,4.499999999999999,20
2026-07-30 03:30:00,2026-07-30 03:45:00,0.5,2.8,3.75,3
2026-07-30 08:45:00,2026-07-30 12:00:00,3.5,2.8,4.557142857142858,8
2026-07-30 14:15:00,2026-07-30 15:45:00,1.75,2.4,5.185714285714285,14
2026-07-30 18:00:00,2026-07-30 18:30:00,0.75,5.4,5.666666666666667,18
2026-07-30 21:45:00,2026-07-30 23:00:00,1.5,1.6,3.8666666666666667,21
2026-07-31 04:30:00,2026-07-31 04:45:00,0.5,2.1,2.7,4
2026-07-31 09:45:00,2026-07-31 12:45:00,3.25,1.9,4.2153846153846155,9
2026-07-31 16:15:00,2026-07-31 16:30:00,0.5,2.4,3.6500000000000004,16
2026-07-31 19:15:00,2026-07-31 19:30:00,0.5,5.1,5.199999999999999,19
2026-07-31 22:45:00,2026-07-31 23:30:00,1.0,1.3,3.1750000000000003,22
2026-08-01 04:45:00,2026-08-01 05:15:00,0.75,2.0,3.5,4
2026-08-01 08:30:00,2026-08-01 11:15:00,3.0,1.4,3.5916666666666663,8
2026-08-01 13:00:00,2026-08-01 13:15:00,0.5,5.1,5.199999999999999,13
2026-08-01 23:30:00,2026-08-01 23:45:00,0.5,1.8,2.5,23
2026-08-02 11:45:00,2026-08-02 12:00:00,0.5,2.1,2.3,11
2026-08-02 17:45:00,2026-08-02 18:00:00,0.5,2.1,3.4000000000000004,17
2026-08-02 20:00:00,2026-08-02 20:30:00,0.75,4.6,4.766666666666667,20
2026-08-03 00:15:00,2026-08-03 00:45:00,0.75,1.9,2.6666666666666665,0
2026-08-03 06:15:00,2026-08-03 06:30:00,0.5,1.8,2.65,6
2026-08-03 08:30:00,2026-08-03 08:45:00,0.5,3.7,3.95,8
2026-08-03 12:15:00,2026-08-03 14:30:00,2.5,1.0,4.16,12
2026-08-03 18:15:00,2026-08-03 19:15:00,1.25,2.4,3.4400000000000004,18
2026-08-04 00:45:00,2026-08-04 01:00:00,0.5,1.5,2.5,0
2026-08-04 06:45:00,2026-08-04 07:00:00,0.5,2.1,3.05,6
2026-08-04 13:00:00,2026-08-04 15:45:00,3.0,2.1,4.408333333333333,13
2026-08-04 19:00:00,2026-08-04 19:15:00,0.5,3.4,3.65,19
2026-08-05 00:45:00,2026-08-05 01:45:00,1.25,1.2,2.96,0
2026-08-05 07:30:00,2026-08-05 07:45:00,0.5,1.7,2.6,7
2026-08-05 09:45:00,2026-08-05 10:15:00,0.75,4.4,4.5,9
2026-08-05 13:45:00,2026-08-05 14:45:00,1.25,1.2,3.2,13
2026-08-05 16:15:00,2026-08-05 16:30:00,0.5,5.3,5.449999999999999,16
2026-08-05 20:00:00,2026-08-05 20:15:00,0.5,2.2,2.5,20
2026-08-06 01:45:00,2026-08-06 02:30:00,1.0,0.9,2.375,1
2026-08-06 11:00:00,2026-08-06 11:15:00,0.5,4.5,4.6,11
2026-08-06 14:45:00,2026-08-06 15:30:00,1.0,2.1,3.5,14
2026-08-06 17:00:00,2026-08-06 18:45:00,2.0,5.2,5.3875,17
2026-08-06 21:00:00,2026-08-06 21:30:00,0.75,1.7,2.9666666666666663,21
2026-08-07 02:00:00,2026-08-07 03:30:00,1.75,2.0,3.6428571428571432,2
2026-08-07 09:15:00,2026-08-07 09:30:00,0.5,1.3,2.65,9
2026-08-07 11:45:00,2026-08-07 13:30:00,2.0,4.8,4.95,11
2026-08-07 16:00:00,2026-08-07 16:45:00,1.0,1.4,3.0500000000000003,16
2026-08-07 18:15:00,2026-08-07 18:30:00,0.5,5.3,5.449999999999999,18
2026-08-07 22:15:00,2026-08-07 22:30:00,0.5,2.2,3.5500000000000003,22
2026-08-08 03:00:00,2026-08-08 04:45:00,2.0,1.2,3.3,3
2026-08-08 10:15:00,2026-08-08 10:45:00,0.75,1.6,3.4000000000000004,10
2026-08-08 13:00:00,2026-08-08 13:15:00,0.5,4.5,4.65,13
2026-08-08 16:45:00,2026-08-08 19:00:00,2.5,2.5,4.0,16
2026-08-08 23:30:00,2026-08-08 23:45:00,0.5,2.7,2.9000000000000004,23
2026-08-09 04:30:00,2026-08-09 06:00:00,1.75,0.8,2.6142857142857143,4
2026-08-09 11:30:00,2026-08-09 12:00:00,0.75,2.4,3.1666666666666665,11
2026-08-09 14:15:00,2026-08-09 15:15:00,1.25,4.3,4.380000000000001,14
2026-08-09 18:30:00,2026-08-09 19:00:00,0.75,1.8,2.9333333333333336,18
2026-08-10 00:30:00,2026-08-10 01:00:00,0.75,1.5,3.033333333333333,0
2026-08-10 05:00:00,2026-08-10 07:00:00,2.25,1.4,2.933333333333333,5
2026-08-10 12:45:00,2026-08-10 13:00:00,0.5,1.2,2.4,12
2026-08-10 14:45:00,2026-08-10 16:15:00,1.75,4.3,4.485714285714286,14
2026-08-10 19:15:00,2026-08-10 20:00:00,1.0,2.3,3.575,19
2026-08-11 01:30:00,2026-08-11 02:00:00,0.75,1.6,3.0,1
2026-08-11 07:30:00,2026-08-11 10:45:00,3.5,1.4,3.8,7
2026-08-11 13:00:00,2026-08-11 14:30:00,1.75,2.4,3.685714285714286,13
2026-08-11 20:30:00,2026-08-11 21:00:00,0.75,2.8,3.5333333333333337,20
2026-08-12 02:45:00,2026-08-12 03:00:00,0.5,2.3,3.0,2
2026-08-12 08:45:00,2026-08-12 11:45:00,3.25,3.1,4.2846153846153845,8
2026-08-12 15:15:00,2026-08-12 15:45:00,0.75,3.6,3.733333333333333,15
2026-08-12 21:30:00,2026-08-12 22:00:00,0.75,2.1,3.033333333333333,21
2026-08-13 10:00:00,2026-08-13 12:45:00,3.0,2.6,4.1,10
2026-08-13 22:30:00,2026-08-13 22:45:00,0.5,2.9,3.3,22
2026-08-14 04:30:00,2026-08-14 04:45:00,0.5,2.0,2.3,4
2026-08-14 10:45:00,2026-08-14 14:30:00,4.0,2.5,4.0,10
2026-08-14 16:45:00,2026-08-14 17:00:00,0.5,2.3,2.7,16
2026-08-14 22:30:00,2026-08-14 23:15:00,1.0,2.8,3.7249999999999996,22
2026-08-15 02:30:00,2026-08-15 03:45:00,1.5,3.1,3.4500000000000006,2
2026-08-15 11:15:00,2026-08-15 15:15:00,4.25,2.6,4.011764705882353,11
2026-08-15 17:45:00,2026-08-15 19:15:00,1.75,2.3,3.2714285714285714,17
2026-08-15 23:30:00,2026-08-16 00:00:00,0.75,3.3,3.8333333333333335,23
2026-08-16 05:45:00,2026-08-16 06:30:00,1.0,1.2,2.4000000000000004,5
2026-08-16 12:15:00,2026-08-16 12:45:00,0.75,3.4,3.6333333333333333,12
2026-08-16 14:15:00,2026-08-16 16:15:00,2.25,3.6,4.311111111111112,14
2026-08-16 18:15:00,2026-08-16 18:30:00,0.5,1.3,2.2,18
2026-08-17 00:15:00,2026-08-17 00:45:00,0.75,1.3,2.7000000000000006,0
2026-08-17 02:30:00,2026-08-17 03:15:00,1.0,3.5,3.675,2
2026-08-17 06:30:00,2026-08-17 07:00:00,0.75,2.0,2.466666666666667,6
2026-08-17 14:45:00,2026-08-17 16:30:00,2.0,4.1,4.762499999999999,14
2026-08-17 19:00:00,2026-08-17 19:15:00,0.5,2.2,2.75,19
2026-08-18 00:30:00,2026-08-18 01:00:00,0.75,2.9,3.6666666666666665,0
2026-08-18 07:00:00,2026-08-18 07:15:00,0.5,2.9,3.05,7
2026-08-18 13:00:00,2026-08-18 18:15:00,5.5,3.4,5.009090909090909,13
2026-08-18 19:45:00,2026-08-18 20:15:00,0.75,2.7,3.5,19
2026-08-19 01:00:00,2026-08-19 01:30:00,0.75,2.0,3.6,1
2026-08-19 07:15:00,2026-08-19 07:45:00,0.75,3.4,3.733333333333333,7
2026-08-19 13:15:00,2026-08-19 21:00:00,8.0,2.7,5.165625,13
2026-08-20 02:00:00,2026-08-20 03:30:00,1.75,3.2,4.285714285714286,2
2026-08-20 08:00:00,2026-08-20 09:00:00,1.25,3.7,4.119999999999999,8
2026-08-20 14:00:00,2026-08-20 15:30:00,1.75,4.4,5.842857142857143,14
2026-08-20 17:15:00,2026-08-20 21:45:00,4.75,3.0,5.752631578947368,17
2026-08-21 02:30:00,2026-08-21 03:30:00,1.25,2.6,4.54,2
2026-08-21 08:45:00,2026-08-21 09:15:00,0.75,4.3,4.666666666666667,8
2026-08-21 14:15:00,2026-08-21 22:30:00,8.5,2.8,6.0323529411764705,14
2026-08-22 03:30:00,2026-08-22 05:45:00,2.5,2.8,4.25,3
2026-08-22 10:00:00,2026-08-22 10:15:00,0.5,4.0,4.2,10
2026-08-22 15:15:00,2026-08-22 18:45:00,3.75,2.6,6.466666666666667,15
2026-08-22 20:45:00,2026-08-22 21:45:00,1.25,5.9,6.12,20
2026-08-22 23:30:00,2026-08-23 00:15:00,1.0,4.9,5.375,23
2026-08-23 03:30:00,2026-08-23 05:30:00,2.25,3.2,5.144444444444445,3
2026-08-23 10:30:00,2026-08-23 11:45:00,1.5,4.6,4.966666666666666,10
2026-08-23 14:45:00,2026-08-23 15:45:00,1.25,6.0,6.26,14
2026-08-23 18:00:00,2026-08-23 21:45:00,4.0,3.3,5.95,18
2026-08-24 00:00:00,2026-08-24 00:15:00,0.5,3.6,4.2,0
2026-08-24 04:45:00,2026-08-24 08:00:00,3.5,2.2,4.6571428571428575,4
2026-08-24 12:00:00,2026-08-24 12:30:00,0.75,4.5,4.6000000000000005,12
2026-08-24 15:30:00,2026-08-24 16:15:00,1.0,6.2,6.6499999999999995,15
2026-08-24 18:45:00,2026-08-24 19:15:00,0.75,2.9,4.566666666666667,18
2026-08-24 20:45:00,2026-08-25 01:45:00,5.25,2.4,5.366666666666667,20
2026-08-25 06:00:00,2026-08-25 09:45:00,4.0,0.9,5.000000000000001,6
