mulai,selesai,durasi_jam,nilai_min,nilai_rata,jam_mulai
2021-01-23 16:00:00,2021-01-23 16:30:00,0.75,8.9,9.066666666666665,16
2021-01-26 13:00:00,2021-01-26 13:15:00,0.5,7.9,8.15,13
2021-01-29 00:00:00,2021-01-29 00:30:00,0.75,8.6,8.766666666666667,0
2021-03-24 10:45:00,2021-03-24 11:00:00,0.5,6.0,6.15,10
2021-03-24 22:45:00,2021-03-24 23:00:00,0.5,6.1,6.199999999999999,22
2021-03-25 10:00:00,2021-03-25 12:00:00,2.25,5.6,6.333333333333333,10
2021-03-25 18:45:00,2021-03-25 19:00:00,0.5,6.7,6.9,18
2021-03-26 10:30:00,2021-03-26 11:00:00,0.75,6.6,6.766666666666666,10
2021-03-26 12:45:00,2021-03-26 13:00:00,0.5,5.5,5.65,12
2021-03-26 22:45:00,2021-03-26 23:00:00,0.5,6.5,6.6,22
2021-03-27 20:45:00,2021-03-27 21:00:00,0.5,6.3,6.449999999999999,20
2021-03-28 00:15:00,2021-03-28 00:30:00,0.5,6.1,6.199999999999999,0
2021-03-30 10:45:00,2021-03-30 11:00:00,0.5,5.7,5.85,10
2021-03-31 16:45:00,2021-03-31 17:00:00,0.5,4.9,5.25,16
2021-04-01 04:15:00,2021-04-01 06:00:00,2.0,4.7,5.4,4
2021-04-01 17:30:00,2021-04-01 17:45:00,0.5,5.1,5.35,17
2021-04-02 05:00:00,2021-04-02 06:30:00,1.75,5.5,5.9,5
2021-04-02 13:15:00,2021-04-02 13:45:00,0.75,6.1,6.3,13
2021-04-02 18:00:00,2021-04-02 18:30:00,0.75,5.8,6.0,18
2021-04-03 07:30:00,2021-04-03 07:45:00,0.5,5.4,5.6,7
2021-04-03 19:00:00,2021-04-03 19:30:00,0.75,5.1,5.466666666666666,19
2021-04-04 08:15:00,2021-04-04 08:45:00,0.75,5.4,5.7,8
2021-04-04 14:45:00,2021-04-04 15:00:00,0.5,6.2,6.5,14
2021-04-05 09:15:00,2021-04-05 09:45:00,0.75,5.5,5.866666666666667,9
2021-04-05 21:30:00,2021-04-05 21:45:00,0.5,5.7,5.800000000000001,21
2021-04-06 17:00:00,2021-04-06 17:15:00,0.5,6.7,6.85,17
2021-04-06 22:45:00,2021-04-06 23:00:00,0.5,5.8,5.949999999999999,22
2021-04-07 11:00:00,2021-04-07 11:30:00,0.75,5.3,5.7,11
2021-04-07 23:15:00,2021-04-08 00:00:00,1.0,5.6,5.925000000000001,23
2021-04-08 12:15:00,2021-04-08 12:30:00,0.5,5.6,5.699999999999999,12
2021-04-08 19:15:00,2021-04-08 19:30:00,0.5,6.0,6.4,19
2021-04-09 00:30:00,2021-04-09 00:45:00,0.5,5.3,5.5,0
2021-04-10 01:30:00,2021-04-10 01:45:00,0.5,4.7,5.050000000000001,1
2021-04-10 13:45:00,2021-04-10 14:00:00,0.5,4.8,5.15,13
2021-04-11 01:00:00,2021-04-11 02:30:00,1.75,4.9,5.6,1
2021-04-11 09:30:00,2021-04-11 09:45:00,0.5,5.6,5.699999999999999,9
2021-04-11 12:00:00,2021-04-11 14:15:00,2.5,4.8,5.65,12
2021-04-12 01:00:00,2021-04-12 02:45:00,2.0,4.9,5.5375,1
2021-04-12 09:45:00,2021-04-12 10:00:00,0.5,5.6,5.699999999999999,9
2021-04-12 12:30:00,2021-04-12 12:45:00,0.5,5.9,6.0,12
2021-04-12 14:45:00,2021-04-12 15:00:00,0.5,4.5,4.7,14
2021-04-13 01:15:00,2021-04-13 02:00:00,1.0,5.6,5.85,1
2021-04-13 10:30:00,2021-04-13 10:45:00,0.5,5.9,6.050000000000001,10
2021-04-14 10:45:00,2021-04-14 11:00:00,0.5,5.6,5.8,10
2021-04-14 16:00:00,2021-04-14 16:15:00,0.5,4.6,4.75,16
2021-04-15 03:00:00,2021-04-15 03:15:00,0.5,5.8,5.9,3
2021-04-15 10:45:00,2021-04-15 11:00:00,0.5,5.5,5.75,10
2021-04-15 13:15:00,2021-04-15 14:00:00,1.0,5.8,6.025,13
2021-04-16 03:00:00,2021-04-16 03:30:00,0.75,5.6,5.8,3
2021-04-16 05:00:00,2021-04-16 05:15:00,0.5,4.3,4.699999999999999,5
2021-04-17 04:45:00,2021-04-17 05:30:00,1.0,5.3,5.525,4
2021-04-18 04:30:00,2021-04-18 06:15:00,2.0,5.0,5.5125,4
2021-04-18 15:15:00,2021-04-18 15:45:00,0.75,6.0,6.133333333333333,15
2021-04-18 17:30:00,2021-04-18 18:15:00,1.0,4.7,5.2,17
2021-04-19 05:00:00,2021-04-19 07:15:00,2.5,4.8,5.4,5
2021-04-19 14:00:00,2021-04-19 16:30:00,2.75,6.2,6.572727272727274,14
2021-04-20 06:30:00,2021-04-20 07:45:00,1.5,5.3,5.683333333333333,6
2021-04-20 15:00:00,2021-04-20 15:15:00,0.5,6.4,6.5,15
2021-04-20 17:45:00,2021-04-20 18:30:00,1.0,6.0,6.225,17
2021-04-20 20:15:00,2021-04-20 20:30:00,0.5,5.2,5.300000000000001,20
2021-04-21 06:45:00,2021-04-21 09:00:00,2.5,4.9,5.619999999999999,6
2021-04-21 18:00:00,2021-04-21 19:15:00,1.5,6.1,6.466666666666666,18
2021-04-21 21:45:00,2021-04-21 22:00:00,0.5,5.0,5.2,21
2021-04-22 07:45:00,2021-04-22 08:00:00,0.5,6.4,6.5,7
2021-04-22 22:30:00,2021-04-22 22:45:00,0.5,5.7,5.9,22
2021-04-25 11:00:00,2021-04-25 11:30:00,0.75,6.0,6.166666666666667,11
2021-04-26 00:15:00,2021-04-26 00:45:00,0.75,5.9,6.066666666666667,0
2021-04-29 16:30:00,2021-04-29 16:45:00,0.5,4.9,5.050000000000001,16
2021-04-30 04:30:00,2021-04-30 06:00:00,1.75,4.2,4.742857142857143,4
2021-04-30 12:00:00,2021-04-30 12:15:00,0.5,4.9,5.2,12
2021-04-30 14:45:00,2021-04-30 15:15:00,0.75,5.3,5.5,14
2021-05-01 05:00:00,2021-05-01 06:30:00,1.75,3.9,4.7,5
2021-05-02 02:00:00,2021-05-02 02:15:00,0.5,5.1,5.449999999999999,2
2021-05-02 06:15:00,2021-05-02 07:45:00,1.75,4.2,4.814285714285715,6
2021-05-02 16:45:00,2021-05-02 17:15:00,0.75,5.5,5.666666666666667,16
2021-05-02 19:00:00,2021-05-02 19:15:00,0.5,4.1,4.4,19
2021-05-03 06:30:00,2021-05-03 08:30:00,2.25,3.7,4.855555555555556,6
2021-05-03 17:30:00,2021-05-03 18:00:00,0.75,5.5,5.733333333333333,17
2021-05-04 06:45:00,2021-05-04 08:45:00,2.25,4.4,4.944444444444445,6
2021-05-04 18:30:00,2021-05-04 19:15:00,1.0,5.2,5.575,18
2021-05-04 20:45:00,2021-05-04 21:30:00,1.0,4.2,4.5,20
2021-05-05 07:15:00,2021-05-05 08:00:00,1.0,4.9,5.225,7
2021-05-27 02:00:00,2021-05-27 04:00:00,2.25,3.7,4.233333333333334,2
2021-05-27 12:45:00,2021-05-27 13:15:00,0.75,4.4,4.6,12
2021-05-28 02:45:00,2021-05-28 04:45:00,2.25,3.5,4.033333333333333,2
2021-05-28 13:45:00,2021-05-28 14:15:00,0.75,4.4,4.6,13
2021-05-29 03:45:00,2021-05-29 04:30:00,1.0,4.1,4.375,3
2021-05-29 14:15:00,2021-05-29 15:00:00,1.0,4.3,4.6000000000000005,14
2021-05-30 04:15:00,2021-05-30 06:00:00,2.0,3.6,4.0625,4
2021-05-30 15:30:00,2021-05-30 15:45:00,0.5,4.7,4.85,15
2021-05-31 05:15:00,2021-05-31 07:15:00,2.25,3.9,4.388888888888888,5
2021-06-01 06:15:00,2021-06-01 07:00:00,1.0,4.5,4.75,6
2021-06-01 17:45:00,2021-06-01 18:00:00,0.5,5.1,5.199999999999999,17
2021-06-01 19:45:00,2021-06-01 20:00:00,0.5,4.2,4.300000000000001,19
2021-06-02 06:30:00,2021-06-02 07:00:00,0.75,4.7,4.8999999999999995,6
2021-06-02 18:15:00,2021-06-02 19:00:00,1.0,4.9,5.2,18
2021-06-03 06:45:00,2021-06-03 07:15:00,0.75,4.7,4.933333333333334,6
2021-06-03 19:15:00,2021-06-03 20:00:00,1.0,4.8,5.1000000000000005,19
2021-06-04 07:15:00,2021-06-04 07:45:00,0.75,4.8,5.0,7
2021-06-04 20:30:00,2021-06-04 21:00:00,0.75,5.0,5.2,20
2021-06-05 08:00:00,2021-06-05 08:30:00,0.75,4.9,5.1,8
2021-06-05 21:00:00,2021-06-05 22:00:00,1.25,5.0,5.42,21
2021-06-06 08:30:00,2021-06-06 09:00:00,0.75,5.0,5.166666666666667,8
2021-06-06 22:00:00,2021-06-06 22:45:00,1.0,4.9,5.2,22
2021-06-07 09:00:00,2021-06-07 09:30:00,0.75,5.1,5.266666666666667,9
2021-06-07 22:30:00,2021-06-08 01:00:00,2.75,4.1,4.890909090909091,22
2021-06-08 09:45:00,2021-06-08 10:30:00,1.0,4.9,5.15,9
2021-06-08 13:00:00,2021-06-08 13:45:00,1.0,4.0,4.2,13
2021-06-08 23:30:00,2021-06-09 00:30:00,1.25,4.8,5.16,23
2021-06-09 10:30:00,2021-06-09 11:00:00,0.75,5.0,5.2,10
2021-06-09 23:45:00,2021-06-10 02:45:00,3.25,3.4,4.707692307692308,23
2021-06-10 08:45:00,2021-06-10 11:30:00,3.0,5.1,5.491666666666666,8
2021-06-10 13:45:00,2021-06-10 14:30:00,1.0,3.6,4.1000000000000005,13
2021-06-10 21:30:00,2021-06-10 22:00:00,0.75,5.8,6.033333333333334,21
2021-06-11 00:30:00,2021-06-11 03:15:00,3.0,3.8,4.733333333333333,0
2021-06-11 09:00:00,2021-06-11 15:00:00,6.25,4.4,5.16,9
2021-06-12 01:00:00,2021-06-12 03:45:00,3.0,3.8,4.8,1
2021-06-12 10:15:00,2021-06-12 11:00:00,1.0,5.1,5.525,10
2021-06-12 14:30:00,2021-06-12 16:30:00,2.25,4.2,4.633333333333333,14
2021-06-13 02:00:00,2021-06-13 03:00:00,1.25,4.6,4.9399999999999995,2
2021-06-13 10:30:00,2021-06-13 11:15:00,1.0,4.9,5.225,10
2021-06-13 13:45:00,2021-06-13 16:15:00,2.75,3.6,4.500000000000001,13
2021-06-14 04:00:00,2021-06-14 05:15:00,1.5,3.7,4.133333333333333,4
2021-06-14 14:30:00,2021-06-14 15:15:00,1.0,4.4,4.725,14
2021-06-15 04:00:00,2021-06-15 06:15:00,2.5,3.3,3.9499999999999993,4
2021-06-15 12:45:00,2021-06-15 15:45:00,3.25,4.5,5.246153846153846,12
2021-06-16 01:15:00,2021-06-16 01:30:00,0.5,5.1,5.199999999999999,1
2021-06-16 03:45:00,2021-06-16 05:15:00,1.75,3.9,4.485714285714286,3
2021-06-16 16:30:00,2021-06-16 18:45:00,2.5,4.1,4.7700000000000005,16
2021-06-17 02:15:00,2021-06-17 02:30:00,0.5,5.3,5.449999999999999,2
2021-06-17 05:15:00,2021-06-17 07:00:00,2.0,3.7,4.275,5
2021-06-17 14:30:00,2021-06-17 14:45:00,0.5,4.8,5.199999999999999,14
2021-06-17 17:15:00,2021-06-17 20:00:00,3.0,3.7,4.516666666666667,17
2021-06-18 05:45:00,2021-06-18 08:15:00,2.75,3.0,4.0,5
2021-06-18 15:45:00,2021-06-18 21:00:00,5.5,3.1,5.236363636363635,15
2021-06-19 06:30:00,2021-06-19 09:30:00,3.25,3.3,4.061538461538461,6
2021-06-19 19:15:00,2021-06-19 22:15:00,3.25,3.2,4.138461538461539,19
2021-06-20 07:30:00,2021-06-20 07:45:00,0.5,4.4,4.5,7
2021-06-20 10:15:00,2021-06-20 10:30:00,0.5,3.1,3.3,10
2021-06-20 21:00:00,2021-06-21 00:15:00,3.5,3.8,4.407142857142857,21
2021-06-21 07:30:00,2021-06-21 08:15:00,1.0,4.3,4.625,7
2021-06-21 09:45:00,2021-06-21 11:15:00,1.75,3.2,3.599999999999999,9
2021-06-21 21:30:00,2021-06-22 00:45:00,3.5,2.2,3.9071428571428575,21
2021-06-22 06:15:00,2021-06-22 06:45:00,0.75,4.5,4.733333333333333,6
2021-06-22 09:00:00,2021-06-22 12:45:00,4.0,1.6,3.4625,9
2021-06-22 22:45:00,2021-06-23 01:30:00,3.0,2.5,3.6583333333333337,22
2021-06-23 07:30:00,2021-06-23 07:45:00,0.5,4.2,4.4,7
2021-06-23 10:00:00,2021-06-23 12:45:00,3.0,3.0,3.5916666666666672,10
2021-06-23 21:15:00,2021-06-23 22:00:00,1.0,5.3,5.475,21
2021-06-24 00:30:00,2021-06-24 02:45:00,2.5,3.1,3.9900000000000007,0
2021-06-24 09:00:00,2021-06-24 10:15:00,1.5,3.5,4.55,9
2021-06-24 12:15:00,2021-06-24 14:30:00,2.5,2.7,3.820000000000001,12
2021-06-24 22:00:00,2021-06-24 22:15:00,0.5,3.5,3.75,22
2021-06-25 02:15:00,2021-06-25 03:45:00,1.75,2.9,3.714285714285714,2
2021-06-25 09:45:00,2021-06-25 10:00:00,0.5,3.3,3.8,9
2021-06-25 12:30:00,2021-06-25 15:15:00,3.0,2.7,3.891666666666666,12
2021-06-26 02:15:00,2021-06-26 04:30:00,2.5,2.2,3.69,2
2021-06-26 13:45:00,2021-06-26 15:45:00,2.25,2.4,3.566666666666667,13
2021-06-27 03:15:00,2021-06-27 05:15:00,2.25,3.1,3.8333333333333335,3
2021-06-27 11:30:00,2021-06-27 11:45:00,0.5,4.3,4.449999999999999,11
2021-06-27 14:45:00,2021-06-27 15:00:00,0.5,4.4,4.5,14
2021-06-28 00:15:00,2021-06-28 00:30:00,0.5,4.5,4.75,0
2021-06-28 04:30:00,2021-06-28 06:00:00,1.75,3.0,3.728571428571428,4
2021-06-28 11:00:00,2021-06-28 12:45:00,2.0,3.6,4.3875,11
2021-06-28 15:45:00,2021-06-28 17:30:00,2.0,3.2,4.0,15
2021-06-29 01:15:00,2021-06-29 01:30:00,0.5,4.1,4.5,1
2021-06-29 04:30:00,2021-06-29 07:00:00,2.75,2.7,3.790909090909091,4
2021-06-29 16:00:00,2021-06-29 16:30:00,0.75,4.4,4.7,16
2021-06-29 18:15:00,2021-06-29 18:30:00,0.5,2.9,3.2,18
2021-06-30 01:45:00,2021-06-30 02:00:00,0.5,4.7,4.85,1
2021-06-30 05:00:00,2021-06-30 07:15:00,2.5,3.0,3.8199999999999994,5
2021-06-30 14:15:00,2021-06-30 14:30:00,0.5,4.3,4.449999999999999,14
2021-06-30 17:00:00,2021-06-30 19:30:00,2.75,3.1,4.290909090909091,17
2021-07-01 05:30:00,2021-07-01 08:15:00,3.0,2.4,3.8333333333333326,5
2021-07-01 15:00:00,2021-07-01 15:15:00,0.5,4.3,4.75,15
2021-07-01 18:00:00,2021-07-01 18:45:00,1.0,4.7,4.95,18
2021-07-01 20:30:00,2021-07-01 20:45:00,0.5,3.0,3.25,20
2021-07-02 03:00:00,2021-07-02 03:15:00,0.5,4.8,4.9,3
2021-07-02 05:30:00,2021-07-02 06:15:00,1.0,4.5,4.8,5
2021-07-02 08:45:00,2021-07-02 09:00:00,0.5,3.3,3.5,8
2021-07-02 17:45:00,2021-07-02 21:30:00,4.0,2.9,4.46875,17
2021-07-03 03:45:00,2021-07-03 04:00:00,0.5,4.2,4.4,3
2021-07-03 06:00:00,2021-07-03 06:30:00,0.75,4.4,4.6,6
2021-07-03 19:45:00,2021-07-03 22:30:00,3.0,2.3,4.083333333333332,19
2021-07-04 04:45:00,2021-07-04 05:00:00,0.5,4.4,4.5,4
2021-07-04 07:00:00,2021-07-04 07:45:00,1.0,4.4,4.675,7
2021-07-04 10:00:00,2021-07-04 10:15:00,0.5,3.7,3.8,10
2021-07-04 20:30:00,2021-07-04 23:15:00,3.0,2.7,4.541666666666666,20
2021-07-05 05:30:00,2021-07-05 05:45:00,0.5,4.6,4.8,5
2021-07-05 07:30:00,2021-07-05 08:30:00,1.25,4.6,4.92,7
2021-07-05 10:30:00,2021-07-05 11:00:00,0.75,3.3,3.733333333333333,10
2021-07-05 22:00:00,2021-07-05 23:45:00,2.0,3.8,4.75,22
2021-07-06 06:15:00,2021-07-06 06:30:00,0.5,4.4,4.7,6
2021-07-06 08:15:00,2021-07-06 09:30:00,1.5,4.5,4.85,8
2021-07-20 10:30:00,2021-07-20 10:45:00,0.5,2.4,2.5,10
2021-07-20 20:45:00,2021-07-20 22:15:00,1.75,3.6,4.042857142857143,20
2021-07-21 09:00:00,2021-07-21 10:15:00,1.5,2.9,3.1999999999999997,9
2021-07-21 22:45:00,2021-07-21 23:45:00,1.25,3.2,3.54,22
2021-07-22 10:15:00,2021-07-22 10:45:00,0.75,3.0,3.233333333333333,10
2021-07-22 12:45:00,2021-07-22 14:15:00,1.75,2.6,2.9285714285714284,12
2021-07-23 00:15:00,2021-07-23 00:45:00,0.75,3.0,3.1666666666666665,0
2021-07-23 11:30:00,2021-07-23 12:15:00,1.0,2.8,3.0999999999999996,11
2021-07-24 13:15:00,2021-07-24 13:30:00,0.5,3.1,3.2,13
2021-07-26 16:30:00,2021-07-26 16:45:00,0.5,2.3,2.55,16
2021-07-27 00:00:00,2021-07-27 00:15:00,0.5,3.7,3.8,0
2021-07-27 15:15:00,2021-07-27 15:30:00,0.5,3.3,3.4,15
2021-07-27 17:00:00,2021-07-27 17:30:00,0.75,2.1,2.5666666666666664,17
2021-07-28 00:30:00,2021-07-28 00:45:00,0.5,3.6,3.7,0
2021-07-29 18:15:00,2021-07-29 18:30:00,0.5,2.5,2.7,18
2021-08-01 16:00:00,2021-08-01 17:15:00,1.5,3.4,3.6333333333333333,16
2021-08-02 17:15:00,2021-08-02 19:15:00,2.25,3.4,3.9666666666666663,17
2021-08-03 04:15:00,2021-08-03 05:00:00,1.0,3.2,3.45,4
2021-08-03 19:15:00,2021-08-03 20:15:00,1.25,3.6,3.9800000000000004,19
2021-08-04 05:30:00,2021-08-04 05:45:00,0.5,3.0,3.1,5
2021-08-04 19:00:00,2021-08-04 20:15:00,1.5,3.7,3.933333333333333,19
2021-08-09 13:00:00,2021-08-09 13:30:00,0.75,2.9,3.066666666666667,13
2021-08-10 02:30:00,2021-08-10 03:45:00,1.5,2.5,2.766666666666666,2
2021-08-12 17:30:00,2021-08-12 17:45:00,0.5,2.5,2.7,17
2021-08-14 19:15:00,2021-08-14 19:30:00,0.5,2.4,2.55,19
2021-08-15 07:15:00,2021-08-15 07:45:00,0.75,1.7,2.1,7
2021-08-16 03:00:00,2021-08-16 03:15:00,0.5,3.0,3.15,3
2021-08-17 07:15:00,2021-08-17 07:45:00,0.75,3.3,3.4666666666666663,7
2021-08-17 21:30:00,2021-08-17 21:45:00,0.5,3.6,3.7,21
2021-08-18 07:45:00,2021-08-18 08:15:00,0.75,3.3,3.533333333333333,7
2021-08-18 22:15:00,2021-08-19 00:00:00,2.0,2.4,3.0,22
2021-08-19 09:00:00,2021-08-19 09:30:00,0.75,2.9,3.1666666666666665,9
2021-08-19 23:30:00,2021-08-20 01:00:00,1.75,2.2,2.6857142857142855,23
2021-08-20 10:15:00,2021-08-20 10:45:00,0.75,2.9,3.1,10
2021-08-21 00:30:00,2021-08-21 01:45:00,1.5,2.5,2.8166666666666664,0
2021-08-21 11:30:00,2021-08-21 12:00:00,0.75,2.9,3.066666666666667,11
2021-08-25 16:30:00,2021-08-25 16:45:00,0.5,2.7,2.8,16
2021-08-26 17:15:00,2021-08-26 17:30:00,0.5,2.6,2.85,17
2021-08-27 13:00:00,2021-08-27 13:15:00,0.5,3.7,3.85,13
2021-08-30 02:15:00,2021-08-30 02:30:00,0.5,3.6,3.8499999999999996,2
2021-08-30 04:30:00,2021-08-30 05:00:00,0.75,3.6,3.733333333333333,4
2021-08-30 07:30:00,2021-08-30 07:45:00,0.5,2.5,2.7,7
2021-08-30 15:15:00,2021-08-30 20:00:00,5.0,3.1,4.38,15
2021-08-31 06:45:00,2021-08-31 08:00:00,1.5,3.0,3.25,6
2021-08-31 18:00:00,2021-08-31 20:45:00,3.0,3.5,4.358333333333333,18
2021-09-01 04:00:00,2021-09-01 04:15:00,0.5,4.2,4.35,4
2021-09-01 05:45:00,2021-09-01 06:00:00,0.5,4.3,4.4,5
2021-09-01 08:00:00,2021-09-01 09:15:00,1.5,3.2,3.4,8
2021-09-01 16:45:00,2021-09-01 22:15:00,5.75,3.0,4.569565217391304,16
2021-09-02 04:15:00,2021-09-02 05:00:00,1.0,3.8,4.2250000000000005,4
2021-09-02 20:15:00,2021-09-02 23:00:00,3.0,3.1,4.183333333333333,20
2021-09-03 08:15:00,2021-09-03 11:15:00,3.25,3.2,3.884615384615385,8
2021-09-03 19:00:00,2021-09-03 19:15:00,0.5,5.1,5.449999999999999,19
2021-09-03 22:30:00,2021-09-04 00:30:00,2.25,3.0,4.033333333333333,22
2021-09-04 07:00:00,2021-09-04 07:30:00,0.75,4.8,4.8999999999999995,7
2021-09-04 09:30:00,2021-09-04 12:15:00,3.0,2.7,3.933333333333334,9
2021-09-04 23:45:00,2021-09-05 01:30:00,2.0,3.3,4.0625,23
2021-09-05 08:00:00,2021-09-05 08:15:00,0.5,4.0,4.25,8
2021-09-05 10:45:00,2021-09-05 13:15:00,2.75,2.7,3.754545454545455,10
2021-09-06 00:00:00,2021-09-06 02:15:00,2.5,2.7,3.8200000000000003,0
2021-09-06 08:45:00,2021-09-06 09:00:00,0.5,3.5,3.75,8
2021-09-06 11:30:00,2021-09-06 14:00:00,2.75,2.4,3.5727272727272723,11
2021-09-06 21:15:00,2021-09-06 21:30:00,0.5,4.4,4.550000000000001,21
2021-09-07 01:00:00,2021-09-07 02:45:00,2.0,2.7,3.5374999999999996,1
2021-09-07 13:00:00,2021-09-07 13:15:00,0.5,3.9,4.0,13
2021-09-08 02:15:00,2021-09-08 03:45:00,1.75,2.2,3.1857142857142855,2
2021-09-08 15:45:00,2021-09-08 16:00:00,0.5,3.0,3.15,15
2021-09-08 22:45:00,2021-09-08 23:00:00,0.5,3.8,4.05,22
2021-09-09 02:45:00,2021-09-09 04:30:00,2.0,2.4,3.2375,2
2021-09-09 11:15:00,2021-09-09 11:30:00,0.5,3.6,3.7,11
2021-09-10 03:45:00,2021-09-10 05:00:00,1.5,2.8,3.35,3
2021-09-10 12:30:00,2021-09-10 12:45:00,0.5,3.4,3.5999999999999996,12
2021-09-11 05:30:00,2021-09-11 05:45:00,0.5,2.6,2.9000000000000004,5
2021-09-11 18:30:00,2021-09-11 18:45:00,0.5,3.3,3.65,18
2021-09-12 01:00:00,2021-09-12 01:30:00,0.75,3.3,3.733333333333333,1
2021-09-12 06:15:00,2021-09-12 06:30:00,0.5,2.4,2.8499999999999996,6
2021-09-12 14:00:00,2021-09-12 14:15:00,0.5,3.4,3.65,14
2021-09-13 01:45:00,2021-09-13 02:00:00,0.5,3.7,3.85,1
2021-09-13 06:45:00,2021-09-13 07:30:00,1.0,2.6,3.1999999999999997,6
2021-09-14 02:45:00,2021-09-14 03:00:00,0.5,3.2,3.3,2
2021-09-14 08:15:00,2021-09-14 08:30:00,0.5,2.9,3.0,8
2021-09-14 20:45:00,2021-09-14 21:15:00,0.75,3.1,3.5,20
2021-09-15 04:00:00,2021-09-15 04:15:00,0.5,3.4,3.65,4
2021-09-15 21:30:00,2021-09-15 22:45:00,1.5,3.2,3.533333333333333,21
2021-09-16 08:30:00,2021-09-16 08:45:00,0.5,3.6,3.7,8
2021-09-16 10:15:00,2021-09-16 10:30:00,0.5,2.5,2.75,10
2021-09-16 22:15:00,2021-09-16 22:45:00,0.75,3.4,3.566666666666667,22
2021-09-17 09:45:00,2021-09-17 10:00:00,0.5,3.3,3.4,9
2021-09-17 23:00:00,2021-09-18 00:45:00,2.0,2.6,3.15,23
2021-09-18 10:30:00,2021-09-18 12:15:00,2.0,2.5,3.0124999999999997,10
2021-09-19 00:30:00,2021-09-19 01:45:00,1.5,2.6,3.0500000000000003,0
2021-09-19 08:30:00,2021-09-19 08:45:00,0.5,3.2,3.4000000000000004,8
2021-09-19 12:30:00,2021-09-19 13:45:00,1.5,2.5,3.0833333333333335,12
2021-09-19 21:15:00,2021-09-19 21:30:00,0.5,3.7,4.1,21
2021-09-21 02:00:00,2021-09-21 03:15:00,1.5,3.2,3.466666666666667,2
2021-09-21 10:00:00,2021-09-21 10:15:00,0.5,3.5,3.8,10
2021-09-21 13:45:00,2021-09-21 15:30:00,2.0,3.1,3.5625,13
2021-09-22 02:00:00,2021-09-22 03:45:00,2.0,2.9,3.4625,2
2021-09-23 01:45:00,2021-09-23 02:15:00,0.75,3.7,3.9,1
2021-09-23 11:00:00,2021-09-23 11:15:00,0.5,3.9,4.15,11
2021-09-23 14:45:00,2021-09-23 16:30:00,2.0,3.2,3.8,14
2021-09-24 02:30:00,2021-09-24 03:45:00,1.5,3.4,3.733333333333333,2
2021-09-24 11:45:00,2021-09-24 12:00:00,0.5,4.3,4.4,11
2021-09-24 16:30:00,2021-09-24 16:45:00,0.5,3.7,3.85,16
2021-09-25 04:45:00,2021-09-25 05:00:00,0.5,3.3,3.4,4
2021-09-26 00:15:00,2021-09-26 00:30:00,0.5,4.1,4.25,0
2021-09-27 00:00:00,2021-09-27 00:45:00,1.0,4.0,4.475,0
2021-09-27 05:30:00,2021-09-27 06:00:00,0.75,3.5,3.8333333333333335,5
2021-09-27 18:00:00,2021-09-27 18:30:00,0.75,3.9,4.1000000000000005,18
2021-09-28 01:30:00,2021-09-28 01:45:00,0.5,4.2,4.35,1
2021-09-28 14:00:00,2021-09-28 14:30:00,0.75,4.8,4.933333333333334,14
2021-09-29 07:15:00,2021-09-29 07:45:00,0.75,3.8,3.8666666666666667,7
2021-09-30 03:15:00,2021-09-30 03:30:00,0.5,3.9,4.1,3
2021-10-01 09:30:00,2021-10-01 09:45:00,0.5,3.3,3.4,9
2021-10-01 22:30:00,2021-10-01 22:45:00,0.5,3.4,3.5,22
2021-10-02 08:15:00,2021-10-02 09:00:00,1.0,3.8,4.0,8
2021-10-02 10:45:00,2021-10-02 11:00:00,0.5,3.0,3.1,10
2021-10-02 19:00:00,2021-10-02 20:00:00,1.25,4.6,4.880000000000001,19
2021-10-03 23:45:00,2021-10-04 01:00:00,1.5,2.8,3.4000000000000004,23
2021-10-04 07:45:00,2021-10-04 08:00:00,0.5,4.0,4.1,7
2021-10-05 00:30:00,2021-10-05 01:45:00,1.5,3.0,3.3333333333333335,0
2021-10-05 08:30:00,2021-10-05 08:45:00,0.5,3.7,3.85,8
2021-10-06 01:00:00,2021-10-06 02:30:00,1.75,2.9,3.314285714285714,1
2021-10-06 21:30:00,2021-10-06 22:00:00,0.75,3.7,3.7999999999999994,21
2021-10-11 06:00:00,2021-10-11 06:15:00,0.5,3.5,3.65,6
2021-10-16 22:15:00,2021-10-16 22:30:00,0.5,4.2,4.300000000000001,22
2021-10-17 23:45:00,2021-10-18 01:15:00,1.75,3.9,4.3,23
2021-10-18 07:30:00,2021-10-18 08:15:00,1.0,5.0,5.175,7
2021-10-20 09:15:00,2021-10-20 09:30:00,0.5,5.0,5.1,9
2021-10-21 21:45:00,2021-10-21 22:15:00,0.75,5.1,5.266666666666667,21
2021-10-22 22:00:00,2021-10-22 22:15:00,0.5,5.0,5.15,22
2021-10-23 03:30:00,2021-10-23 03:45:00,0.5,4.7,4.800000000000001,3
2021-10-23 22:45:00,2021-10-23 23:00:00,0.5,5.0,5.15,22
2021-10-28 15:30:00,2021-10-28 15:45:00,0.5,5.9,6.0,15
2021-11-15 06:30:00,2021-11-15 07:00:00,0.75,6.8,6.8999999999999995,6
2021-11-16 00:15:00,2021-11-16 00:30:00,0.5,6.2,6.35,0
2021-11-18 08:45:00,2021-11-18 09:00:00,0.5,6.9,7.0,8
2021-11-18 14:15:00,2021-11-18 14:30:00,0.5,6.5,6.65,14
2021-11-19 14:30:00,2021-11-19 15:00:00,0.75,6.3,6.733333333333333,14
2021-11-19 21:30:00,2021-11-19 21:45:00,0.5,7.2,7.300000000000001,21
2021-11-22 03:30:00,2021-11-22 03:45:00,0.5,7.1,7.3,3
2021-11-22 11:15:00,2021-11-22 11:30:00,0.5,7.1,7.3,11
2021-11-22 22:15:00,2021-11-22 22:45:00,0.75,7.1,7.3,22
2021-11-23 04:15:00,2021-11-23 05:00:00,1.0,7.3,7.3500000000000005,4
2021-11-24 04:45:00,2021-11-24 05:15:00,0.75,7.6,7.7,4
2021-11-24 17:45:00,2021-11-24 18:00:00,0.5,7.8,7.949999999999999,17
2021-11-26 01:00:00,2021-11-26 01:15:00,0.5,7.6,7.699999999999999,1
2021-11-26 14:00:00,2021-11-26 14:15:00,0.5,7.7,7.800000000000001,14
2021-11-27 14:45:00,2021-11-27 15:00:00,0.5,7.8,7.949999999999999,14
2021-11-27 20:00:00,2021-11-27 20:30:00,0.75,7.3,7.7,20
2021-11-28 15:45:00,2021-11-28 16:00:00,0.5,7.7,7.85,15
2021-11-30 05:30:00,2021-11-30 06:00:00,0.75,7.9,8.066666666666665,5
2021-12-03 01:15:00,2021-12-03 01:30:00,0.5,7.3,7.5,1
2021-12-03 14:15:00,2021-12-03 14:30:00,0.5,7.3,7.55,14
2021-12-05 03:00:00,2021-12-05 03:15:00,0.5,6.8,7.1,3
2021-12-05 15:45:00,2021-12-05 16:30:00,1.0,7.4,7.675000000000001,15
2021-12-06 03:45:00,2021-12-06 04:00:00,0.5,7.0,7.15,3
2021-12-07 12:30:00,2021-12-07 12:45:00,0.5,6.6,6.8,12
2021-12-07 17:45:00,2021-12-07 18:00:00,0.5,6.8,7.05,17
2021-12-08 00:15:00,2021-12-08 00:30:00,0.5,6.8,6.9,0
2021-12-08 05:30:00,2021-12-08 05:45:00,0.5,6.3,6.6,5
2021-12-10 14:30:00,2021-12-10 14:45:00,0.5,7.0,7.1,14
2021-12-10 20:00:00,2021-12-10 20:15:00,0.5,5.8,6.25,20
2021-12-12 09:30:00,2021-12-12 09:45:00,0.5,6.3,6.4,9
2021-12-13 05:15:00,2021-12-13 05:30:00,0.5,7.1,7.199999999999999,5
2021-12-13 17:15:00,2021-12-13 17:30:00,0.5,7.2,7.300000000000001,17
2021-12-13 22:45:00,2021-12-13 23:15:00,0.75,6.7,6.833333333333333,22
2021-12-16 00:15:00,2021-12-16 00:45:00,0.75,6.1,6.5,0
2021-12-16 12:45:00,2021-12-16 13:15:00,0.75,6.3,6.566666666666666,12
2021-12-17 01:00:00,2021-12-17 01:15:00,0.5,6.1,6.4,1
2021-12-17 13:00:00,2021-12-17 14:00:00,1.25,6.0,6.68,13
2021-12-18 01:30:00,2021-12-18 01:45:00,0.5,6.3,6.5,1
2021-12-18 14:30:00,2021-12-18 14:45:00,0.5,5.9,6.300000000000001,14
2021-12-19 09:30:00,2021-12-19 09:45:00,0.5,6.7,7.0,9
2021-12-19 15:00:00,2021-12-19 15:15:00,0.5,6.3,6.4,15
2021-12-19 21:15:00,2021-12-19 21:30:00,0.5,6.7,7.0,21
2021-12-20 02:30:00,2021-12-20 02:45:00,0.5,6.3,6.4,2
2021-12-20 10:30:00,2021-12-20 10:45:00,0.5,7.3,7.4,10
2021-12-21 03:00:00,2021-12-21 03:30:00,0.75,6.6,6.8999999999999995,3
2021-12-24 00:15:00,2021-12-24 00:30:00,0.5,7.6,7.8,0
2021-12-25 13:00:00,2021-12-25 13:15:00,0.5,7.9,8.05,13
2021-12-26 01:30:00,2021-12-26 01:45:00,0.5,8.0,8.1,1
2021-12-27 15:00:00,2021-12-27 15:15:00,0.5,8.2,8.3,15
2021-12-27 19:30:00,2021-12-27 21:00:00,1.75,7.5,7.928571428571429,19
2021-12-28 15:45:00,2021-12-28 16:00:00,0.5,8.0,8.15,15
2021-12-29 10:30:00,2021-12-29 10:45:00,0.5,7.0,7.25,10
2021-12-29 22:45:00,2021-12-29 23:00:00,0.5,6.8,7.15,22
2021-12-30 18:00:00,2021-12-30 18:30:00,0.75,7.7,7.8,18
2021-12-31 00:00:00,2021-12-31 00:15:00,0.5,6.2,6.550000000000001,0
2021-12-31 11:45:00,2021-12-31 13:00:00,1.5,6.5,6.916666666666667,11
2021-12-31 22:45:00,2022-01-01 01:00:00,2.5,6.0,6.769999999999999,22
2022-01-02 00:00:00,2022-01-02 00:15:00,0.5,6.7,6.800000000000001,0
2022-01-02 09:30:00,2022-01-02 09:45:00,0.5,6.6,6.699999999999999,9
2022-01-02 15:15:00,2022-01-02 15:30:00,0.5,6.2,6.300000000000001,15
2022-01-02 21:30:00,2022-01-02 21:45:00,0.5,6.7,6.800000000000001,21
2022-01-03 02:30:00,2022-01-03 02:45:00,0.5,5.5,5.8,2
2022-01-03 16:00:00,2022-01-03 16:15:00,0.5,5.8,6.05,16
2022-01-03 22:15:00,2022-01-03 22:30:00,0.5,6.6,6.85,22
2022-01-04 01:15:00,2022-01-04 03:30:00,2.5,6.1,6.68,1
2022-01-06 05:30:00,2022-01-06 05:45:00,0.5,6.9,7.0,5
2022-01-08 01:45:00,2022-01-08 02:00:00,0.5,7.4,7.5,1
2022-01-08 07:00:00,2022-01-08 07:15:00,0.5,6.7,7.0,7
2022-01-17 20:30:00,2022-01-17 20:45:00,0.5,9.0,9.1,20
2022-02-20 04:45:00,2022-02-20 05:00:00,0.5,8.0,8.1,4
2022-02-22 13:00:00,2022-02-22 13:15:00,0.5,8.3,8.4,13
2022-02-24 08:00:00,2022-02-24 08:45:00,1.0,7.1,7.375,8
2022-02-25 04:30:00,2022-02-25 04:45:00,0.5,7.6,7.75,4
2022-02-25 08:00:00,2022-02-25 10:00:00,2.25,6.1,7.21111111111111,8
2022-02-25 15:30:00,2022-02-25 16:00:00,0.75,7.3,7.566666666666666,15
2022-02-25 21:15:00,2022-02-25 22:00:00,1.0,5.9,6.574999999999999,21
2022-02-26 08:45:00,2022-02-26 11:00:00,2.5,6.2,6.9,8
2022-02-26 20:45:00,2022-02-26 23:15:00,2.75,6.0,6.836363636363637,20
2022-02-27 07:00:00,2022-02-27 07:15:00,0.5,6.5,6.9,7
2022-02-27 11:15:00,2022-02-27 12:30:00,1.5,6.0,6.566666666666666,11
2022-02-27 21:45:00,2022-02-27 22:15:00,0.75,6.8,6.966666666666666,21
2022-02-28 12:00:00,2022-02-28 13:30:00,1.75,5.8,6.542857142857143,12
2022-03-01 20:45:00,2022-03-01 21:15:00,0.75,6.7,7.133333333333333,20
2022-03-02 02:30:00,2022-03-02 02:45:00,0.5,5.6,5.949999999999999,2
2022-03-02 09:45:00,2022-03-02 10:00:00,0.5,6.5,6.75,9
2022-03-02 15:15:00,2022-03-02 15:30:00,0.5,5.8,6.1,15
2022-03-02 21:45:00,2022-03-02 22:00:00,0.5,6.4,6.550000000000001,21
2022-03-03 03:00:00,2022-03-03 03:15:00,0.5,5.9,6.1,3
2022-03-03 10:15:00,2022-03-03 10:30:00,0.5,6.3,6.4,10
2022-03-03 15:30:00,2022-03-03 16:00:00,0.75,5.6,6.233333333333334,15
2022-03-04 03:30:00,2022-03-04 04:00:00,0.75,5.8,6.266666666666667,3
2022-03-04 11:00:00,2022-03-04 11:15:00,0.5,6.1,6.5,11
2022-03-04 16:15:00,2022-03-04 16:45:00,0.75,5.8,6.466666666666668,16
2022-03-05 04:15:00,2022-03-05 04:45:00,0.75,5.6,6.333333333333333,4
2022-03-05 16:45:00,2022-03-05 17:15:00,0.75,6.1,6.5,16
2022-03-06 05:00:00,2022-03-06 05:30:00,0.75,5.2,5.766666666666667,5
2022-03-06 17:00:00,2022-03-06 17:30:00,0.75,5.6,6.166666666666667,17
2022-03-07 00:15:00,2022-03-07 00:30:00,0.5,6.2,6.550000000000001,0
2022-03-07 03:30:00,2022-03-07 06:00:00,2.75,4.2,6.254545454545456,3
2022-03-07 12:15:00,2022-03-07 12:30:00,0.5,6.2,6.4,12
2022-03-07 16:30:00,2022-03-07 18:15:00,2.0,4.8,6.3,16
2022-03-08 00:30:00,2022-03-08 01:00:00,0.75,5.5,6.233333333333333,0
2022-03-08 03:30:00,2022-03-08 04:00:00,0.75,6.8,7.0,3
2022-03-08 05:30:00,2022-03-08 06:45:00,1.5,4.6,5.7,5
2022-03-08 12:45:00,2022-03-08 13:15:00,0.75,5.7,6.233333333333333,12
2022-03-08 15:00:00,2022-03-08 15:30:00,0.75,6.8,7.0,15
2022-03-08 17:30:00,2022-03-08 18:15:00,1.0,5.6,6.174999999999999,17
2022-03-09 04:15:00,2022-03-09 07:45:00,3.75,4.8,6.359999999999999,4
2022-03-09 13:15:00,2022-03-09 13:30:00,0.5,6.2,6.45,13
2022-03-09 16:15:00,2022-03-09 19:00:00,3.0,4.3,6.125,16
2022-03-10 02:15:00,2022-03-10 02:45:00,0.75,6.3,6.566666666666666,2
2022-03-10 05:15:00,2022-03-10 08:00:00,3.0,4.0,5.991666666666666,5
2022-03-10 14:15:00,2022-03-10 15:00:00,1.0,5.2,5.85,14
2022-03-10 18:45:00,2022-03-10 19:45:00,1.25,4.0,4.96,18
2022-03-11 03:45:00,2022-03-11 04:00:00,0.5,6.4,6.5,3
2022-03-11 06:30:00,2022-03-11 08:30:00,2.25,4.3,5.922222222222222,6
2022-03-11 14:45:00,2022-03-11 15:30:00,1.0,5.1,5.825000000000001,14
2022-03-11 19:00:00,2022-03-11 21:15:00,2.5,5.3,5.779999999999999,19
2022-03-12 04:45:00,2022-03-12 05:15:00,0.75,5.8,6.266666666666667,4
2022-03-12 10:45:00,2022-03-12 11:30:00,1.0,5.5,5.775,10
2022-03-12 13:00:00,2022-03-12 14:00:00,1.25,5.4,5.92,13
2022-03-12 16:15:00,2022-03-12 16:45:00,0.75,5.9,6.333333333333333,16
2022-03-12 20:15:00,2022-03-12 22:15:00,2.25,5.5,6.077777777777778,20
2022-03-13 05:15:00,2022-03-13 05:30:00,0.5,7.0,7.2,5
2022-03-13 07:15:00,2022-03-13 10:15:00,3.25,5.7,6.776923076923077,7
2022-03-13 16:15:00,2022-03-13 16:45:00,0.75,6.9,7.066666666666667,16
2022-03-13 21:00:00,2022-03-13 23:00:00,2.25,6.5,7.022222222222222,21
2022-03-14 11:00:00,2022-03-14 11:45:00,1.0,6.0,6.55,11
2022-03-14 23:45:00,2022-03-15 00:00:00,0.5,6.7,6.800000000000001,23
2022-03-16 00:30:00,2022-03-16 01:00:00,0.75,6.3,6.7,0
2022-03-16 13:00:00,2022-03-16 13:30:00,0.75,6.1,6.533333333333334,13
2022-03-16 20:45:00,2022-03-16 21:00:00,0.5,7.3,7.449999999999999,20
2022-03-16 23:45:00,2022-03-17 02:00:00,2.5,6.4,6.9799999999999995,23
2022-03-17 12:30:00,2022-03-17 14:15:00,2.0,6.2,6.9375,12
2022-03-17 21:00:00,2022-03-17 21:15:00,0.5,7.0,7.15,21
2022-03-18 02:15:00,2022-03-18 02:45:00,0.75,5.6,6.166666666666667,2
2022-03-18 14:30:00,2022-03-18 15:00:00,0.75,6.0,6.566666666666666,14
2022-03-18 22:30:00,2022-03-18 22:45:00,0.5,6.6,6.85,22
2022-03-19 15:45:00,2022-03-19 16:00:00,0.5,5.7,6.0,15
2022-03-19 22:45:00,2022-03-19 23:00:00,0.5,6.4,6.7,22
2022-03-20 04:00:00,2022-03-20 04:30:00,0.75,5.7,6.0,4
2022-03-20 16:15:00,2022-03-20 16:30:00,0.5,6.1,6.35,16
2022-03-21 05:00:00,2022-03-21 05:15:00,0.5,4.6,5.25,5
2022-03-21 11:45:00,2022-03-21 12:00:00,0.5,6.4,6.5,11
2022-03-21 16:45:00,2022-03-21 17:15:00,0.75,5.5,6.2,16
2022-03-22 00:30:00,2022-03-22 00:45:00,0.5,6.0,6.4,0
2022-03-22 05:45:00,2022-03-22 06:00:00,0.5,5.4,5.800000000000001,5
2022-03-22 12:15:00,2022-03-22 12:30:00,0.5,6.0,6.45,12
2022-03-22 17:30:00,2022-03-22 17:45:00,0.5,5.7,6.1,17
2022-03-23 01:15:00,2022-03-23 01:30:00,0.5,6.2,6.550000000000001,1
2022-03-23 05:15:00,2022-03-23 07:00:00,2.0,5.4,6.2125,5
2022-03-23 13:00:00,2022-03-23 13:30:00,0.75,6.3,6.633333333333334,13
2022-03-23 18:30:00,2022-03-23 19:00:00,0.75,5.2,5.533333333333334,18
2022-03-24 05:30:00,2022-03-24 07:45:00,2.5,5.0,6.06,5
2022-03-24 13:30:00,2022-03-24 14:00:00,0.75,5.2,5.933333333333334,13
2022-03-24 19:15:00,2022-03-24 19:30:00,0.5,5.0,5.25,19
2022-03-25 06:00:00,2022-03-25 06:30:00,0.75,6.1,6.3,6
2022-03-25 14:45:00,2022-03-25 15:00:00,0.5,6.1,6.4,14
2022-03-25 17:30:00,2022-03-25 18:45:00,1.5,6.1,6.383333333333334,17
2022-03-25 20:45:00,2022-03-25 21:00:00,0.5,5.1,5.35,20
2022-03-26 06:45:00,2022-03-26 07:30:00,1.0,6.2,6.499999999999999,6
2022-03-26 09:00:00,2022-03-26 09:45:00,1.0,5.4,5.75,9
2022-03-26 15:15:00,2022-03-26 15:45:00,0.75,6.2,6.5,15
2022-03-27 05:00:00,2022-03-27 05:15:00,0.5,6.2,6.45,5
2022-03-27 08:00:00,2022-03-27 08:45:00,1.0,6.7,6.925,8
2022-03-27 21:15:00,2022-03-27 23:00:00,2.0,6.2,6.5625,21
2022-03-28 11:00:00,2022-03-28 13:15:00,2.5,5.6,6.709999999999999,11
2022-03-28 23:15:00,2022-03-29 00:15:00,1.25,6.0,6.58,23
2022-03-29 19:45:00,2022-03-29 20:00:00,0.5,7.3,7.5,19
2022-03-30 00:45:00,2022-03-30 01:15:00,0.75,5.6,6.3,0
2022-03-30 08:30:00,2022-03-30 08:45:00,0.5,7.1,7.199999999999999,8
2022-03-30 13:45:00,2022-03-30 14:00:00,0.5,5.8,6.15,13
2022-03-31 00:45:00,2022-03-31 02:15:00,1.75,5.6,6.557142857142858,0
2022-03-31 14:45:00,2022-03-31 15:00:00,0.5,5.3,5.699999999999999,14
2022-04-01 00:45:00,2022-04-01 03:15:00,2.75,4.7,6.172727272727273,0
2022-04-01 09:30:00,2022-04-01 09:45:00,0.5,6.1,6.6,9
2022-04-01 12:15:00,2022-04-01 12:45:00,0.75,6.7,6.8999999999999995,12
2022-04-02 01:30:00,2022-04-02 03:30:00,2.25,5.4,6.133333333333333,1
2022-04-02 14:00:00,2022-04-02 15:45:00,2.0,4.9,6.300000000000001,14
2022-04-02 23:00:00,2022-04-02 23:15:00,0.5,6.1,6.25,23
2022-04-03 03:00:00,2022-04-03 04:15:00,1.5,5.6,6.166666666666667,3
2022-04-03 11:00:00,2022-04-03 11:15:00,0.5,6.1,6.25,11
2022-04-03 16:00:00,2022-04-03 16:15:00,0.5,5.5,5.7,16
2022-04-03 23:15:00,2022-04-03 23:30:00,0.5,6.1,6.449999999999999,23
2022-04-04 02:45:00,2022-04-04 04:45:00,2.25,5.1,6.122222222222223,2
2022-04-04 11:30:00,2022-04-04 11:45:00,0.5,5.6,6.05,11
2022-04-04 14:30:00,2022-04-04 17:00:00,2.75,5.3,6.2727272727272725,14
2022-04-05 03:45:00,2022-04-05 05:15:00,1.75,5.4,6.1428571428571415,3
2022-04-05 12:00:00,2022-04-05 12:15:00,0.5,5.6,6.0,12
2022-04-05 17:15:00,2022-04-05 17:30:00,0.5,5.0,5.15,17
2022-04-05 23:30:00,2022-04-05 23:45:00,0.5,5.5,6.0,23
2022-04-06 02:45:00,2022-04-06 03:00:00,0.5,6.5,6.6,2
2022-04-06 11:30:00,2022-04-06 12:15:00,1.0,5.5,6.275,11
2022-04-06 14:00:00,2022-04-06 15:00:00,1.25,6.3,6.619999999999999,14
2022-04-07 00:45:00,2022-04-07 01:15:00,0.75,6.5,6.733333333333333,0
2022-04-07 03:30:00,2022-04-07 06:00:00,2.75,4.6,5.890909090909091,3
2022-04-07 12:30:00,2022-04-07 13:15:00,1.0,5.8,6.175,12
2022-04-07 14:45:00,2022-04-07 16:00:00,1.5,6.1,6.466666666666668,14
2022-04-07 17:30:00,2022-04-07 19:00:00,1.75,4.2,5.257142857142858,17
2022-04-08 01:45:00,2022-04-08 02:00:00,0.5,6.3,6.4,1
2022-04-08 04:00:00,2022-04-08 04:30:00,0.75,6.3,6.566666666666666,4
2022-04-08 06:45:00,2022-04-08 07:00:00,0.5,4.5,4.75,6
2022-04-08 13:00:00,2022-04-08 13:45:00,1.0,6.0,6.1,13
2022-04-08 15:15:00,2022-04-08 19:00:00,4.0,5.5,6.53125,15
2022-04-09 02:00:00,2022-04-09 02:15:00,0.5,6.1,6.25,2
2022-04-09 04:00:00,2022-04-09 04:30:00,0.75,6.6,6.833333333333333,4
2022-04-09 06:15:00,2022-04-09 07:15:00,1.25,5.1,5.6,6
2022-04-09 13:30:00,2022-04-09 14:00:00,0.75,5.9,6.566666666666667,13
2022-04-09 15:45:00,2022-04-09 16:00:00,0.5,7.0,7.1,15
2022-04-09 18:45:00,2022-04-09 20:15:00,1.75,5.3,6.171428571428571,18
2022-04-10 03:15:00,2022-04-10 03:45:00,0.75,6.8,7.033333333333334,3
2022-04-10 07:15:00,2022-04-10 10:00:00,3.0,5.3,6.116666666666667,7
2022-04-10 15:15:00,2022-04-10 15:30:00,0.5,6.2,6.550000000000001,15
2022-04-10 20:00:00,2022-04-10 20:30:00,0.75,6.1,6.466666666666666,20
2022-04-11 04:00:00,2022-04-11 04:30:00,0.75,6.9,7.233333333333334,4
2022-04-11 08:15:00,2022-04-11 09:45:00,1.75,5.6,6.242857142857142,8
2022-04-11 15:45:00,2022-04-11 16:45:00,1.25,6.5,7.58,15
2022-04-11 20:45:00,2022-04-11 22:30:00,2.0,5.9,6.6375,20
2022-04-12 05:15:00,2022-04-12 05:45:00,0.75,6.6,7.066666666666666,5
2022-04-12 10:00:00,2022-04-12 11:15:00,1.5,4.6,5.466666666666666,10
2022-04-12 23:00:00,2022-04-12 23:30:00,0.75,6.3,6.7,23
2022-04-13 06:15:00,2022-04-13 06:30:00,0.5,7.0,7.25,6
2022-04-13 09:30:00,2022-04-13 12:00:00,2.75,6.2,6.954545454545454,9
2022-04-14 00:00:00,2022-04-14 00:30:00,0.75,6.4,6.633333333333333,0
2022-04-14 12:30:00,2022-04-14 13:00:00,0.75,5.7,6.033333333333334,12
2022-04-14 20:00:00,2022-04-14 20:15:00,0.5,6.4,6.75,20
2022-04-14 23:00:00,2022-04-15 01:30:00,2.75,4.9,6.3090909090909095,23
2022-04-15 11:30:00,2022-04-15 13:15:00,2.0,5.2,6.2124999999999995,11
2022-04-15 21:15:00,2022-04-15 21:30:00,0.5,6.3,6.449999999999999,21
2022-04-16 01:00:00,2022-04-16 02:45:00,2.0,5.1,6.0625,1
2022-04-16 12:30:00,2022-04-16 12:45:00,0.5,6.1,6.199999999999999,12
2022-04-17 01:45:00,2022-04-17 03:30:00,2.0,4.4,5.199999999999999,1
2022-04-17 09:45:00,2022-04-17 10:00:00,0.5,4.7,4.95,9
2022-04-17 13:00:00,2022-04-17 15:00:00,2.25,4.4,5.288888888888889,13
2022-04-18 03:30:00,2022-04-18 04:30:00,1.25,3.9,4.88,3
2022-04-18 10:45:00,2022-04-18 11:00:00,0.5,5.3,5.4,10
2022-04-18 16:00:00,2022-04-18 16:15:00,0.5,4.3,4.449999999999999,16
2022-04-18 23:30:00,2022-04-18 23:45:00,0.5,4.8,5.0,23
2022-04-19 04:00:00,2022-04-19 05:15:00,1.5,3.9,4.55,4
2022-04-19 11:30:00,2022-04-19 11:45:00,0.5,5.0,5.1,11
2022-04-19 16:00:00,2022-04-19 16:30:00,0.75,4.1,4.6,16
2022-04-20 04:15:00,2022-04-20 05:45:00,1.75,4.4,5.085714285714286,4
2022-04-20 12:00:00,2022-04-20 12:15:00,0.5,4.4,5.0,12
2022-04-20 15:15:00,2022-04-20 17:30:00,2.5,3.8,5.209999999999999,15
2022-04-21 01:30:00,2022-04-21 01:45:00,0.5,5.3,5.4,1
2022-04-21 05:45:00,2022-04-21 07:00:00,1.5,4.6,5.133333333333333,5
2022-04-21 16:00:00,2022-04-21 18:30:00,2.75,4.1,5.3545454545454545,16
2022-04-22 01:45:00,2022-04-22 02:00:00,0.5,5.6,5.75,1
2022-04-22 05:15:00,2022-04-22 07:30:00,2.5,3.9,5.28,5
2022-04-22 13:45:00,2022-04-22 14:00:00,0.5,4.4,5.1,13
2022-04-22 16:30:00,2022-04-22 16:45:00,0.5,6.0,6.1,16
2022-04-22 18:45:00,2022-04-22 19:15:00,0.75,4.6,5.0,18
2022-04-23 06:15:00,2022-04-23 08:30:00,2.5,3.4,5.16,6
2022-04-23 14:45:00,2022-04-23 15:00:00,0.5,5.4,5.550000000000001,14
2022-04-23 17:45:00,2022-04-23 20:30:00,3.0,3.4,5.333333333333333,17
2022-04-24 04:00:00,2022-04-24 04:15:00,0.5,5.3,5.4,4
2022-04-24 07:15:00,2022-04-24 09:30:00,2.5,4.3,5.37,7
2022-04-24 16:15:00,2022-04-24 16:30:00,0.5,4.7,5.050000000000001,16
2022-04-24 19:30:00,2022-04-24 21:45:00,2.5,4.3,5.35,19
2022-04-25 08:15:00,2022-04-25 10:45:00,2.75,3.7,5.00909090909091,8
2022-04-25 17:15:00,2022-04-25 17:30:00,0.5,4.1,5.0,17
2022-04-25 21:00:00,2022-04-25 23:00:00,2.25,2.9,4.833333333333333,21
2022-04-26 06:00:00,2022-04-26 06:15:00,0.5,4.1,4.8,6
2022-04-26 11:00:00,2022-04-26 11:30:00,0.75,3.8,4.466666666666668,11
2022-04-26 18:00:00,2022-04-26 18:30:00,0.75,3.7,5.066666666666666,18
2022-04-26 21:30:00,2022-04-27 00:00:00,2.75,3.7,5.054545454545455,21
2022-04-27 06:30:00,2022-04-27 07:00:00,0.75,4.6,5.2,6
2022-04-27 10:00:00,2022-04-27 13:15:00,3.5,3.6,5.021428571428571,10
2022-04-27 19:30:00,2022-04-27 19:45:00,0.5,5.0,5.35,19
2022-04-27 23:15:00,2022-04-28 00:45:00,1.75,3.8,4.928571428571429,23
2022-04-28 07:15:00,2022-04-28 08:00:00,1.0,3.6,4.95,7
2022-04-28 11:00:00,2022-04-28 13:00:00,2.25,3.8,4.888888888888889,11
2022-04-28 20:15:00,2022-04-28 20:45:00,0.75,4.4,4.966666666666667,20
2022-04-29 01:00:00,2022-04-29 01:45:00,1.0,3.7,4.425000000000001,1
2022-04-29 08:30:00,2022-04-29 08:45:00,0.5,3.1,3.9000000000000004,8
2022-04-29 13:00:00,2022-04-29 14:00:00,1.25,3.2,4.0600000000000005,13
2022-04-29 21:00:00,2022-04-29 21:30:00,0.75,5.1,5.3,21
2022-04-30 01:30:00,2022-04-30 02:45:00,1.5,2.4,4.133333333333333,1
2022-04-30 09:00:00,2022-04-30 09:15:00,0.5,3.1,4.0,9
2022-04-30 13:30:00,2022-04-30 14:15:00,1.0,3.5,4.175,13
2022-04-30 21:45:00,2022-04-30 22:30:00,1.0,4.1,5.0,21
2022-05-01 02:00:00,2022-05-01 03:15:00,1.5,2.3,4.1000000000000005,2
2022-05-01 09:15:00,2022-05-01 09:45:00,0.75,3.1,4.2,9
2022-05-01 13:45:00,2022-05-01 15:00:00,1.5,2.8,3.9500000000000006,13
2022-05-01 22:15:00,2022-05-01 22:30:00,0.5,4.0,4.65,22
2022-05-02 02:15:00,2022-05-02 03:45:00,1.75,2.7,4.314285714285714,2
2022-05-02 10:00:00,2022-05-02 10:15:00,0.5,3.6,3.9000000000000004,10
2022-05-02 12:45:00,2022-05-02 15:30:00,3.0,3.0,4.425,12
2022-05-02 22:30:00,2022-05-02 23:30:00,1.25,4.5,5.18,22
2022-05-03 02:00:00,2022-05-03 04:30:00,2.75,1.9,4.254545454545455,2
2022-05-03 10:00:00,2022-05-03 10:30:00,0.75,3.6,4.533333333333333,10
2022-05-03 13:45:00,2022-05-03 16:15:00,2.75,2.7,4.2,13
2022-05-03 23:00:00,2022-05-03 23:30:00,0.75,4.1,4.933333333333333,23
2022-05-04 02:15:00,2022-05-04 05:00:00,3.0,2.8,4.516666666666667,2
2022-05-04 10:15:00,2022-05-04 11:00:00,1.0,3.4,4.3,10
2022-05-04 13:30:00,2022-05-04 16:45:00,3.5,2.6,4.300000000000001,13
2022-05-04 23:45:00,2022-05-05 00:00:00,0.5,3.1,4.05,23
2022-05-05 02:45:00,2022-05-05 05:30:00,3.0,2.8,4.441666666666666,2
2022-05-05 11:00:00,2022-05-05 11:45:00,1.0,3.0,3.8499999999999996,11
2022-05-05 15:45:00,2022-05-05 17:15:00,1.75,3.2,3.9857142857142853,15
2022-05-06 00:15:00,2022-05-06 00:30:00,0.5,4.4,5.0,0
2022-05-06 03:30:00,2022-05-06 05:45:00,2.5,2.8,4.51,3
2022-05-06 12:00:00,2022-05-06 12:45:00,1.0,3.7,4.449999999999999,12
2022-05-06 14:30:00,2022-05-06 18:15:00,4.0,3.0,4.6125,14
2022-05-07 00:45:00,2022-05-07 01:30:00,1.0,3.6,4.825,0
2022-05-07 03:30:00,2022-05-07 06:45:00,3.5,1.7,4.307142857142858,3
2022-05-07 12:30:00,2022-05-07 13:15:00,1.0,3.2,4.3500000000000005,12
2022-05-07 17:45:00,2022-05-07 18:45:00,1.25,2.8,4.0600000000000005,17
2022-05-08 01:45:00,2022-05-08 02:15:00,0.75,5.0,5.366666666666667,1
2022-05-08 04:30:00,2022-05-08 07:00:00,2.75,3.1,4.654545454545455,4
2022-05-08 14:15:00,2022-05-08 14:30:00,0.5,5.0,5.1,14
2022-05-08 16:45:00,2022-05-08 19:30:00,3.0,3.0,5.083333333333333,16
2022-05-09 03:00:00,2022-05-09 03:45:00,1.0,4.7,5.3999999999999995,3
2022-05-09 07:00:00,2022-05-09 08:30:00,1.75,3.9,4.971428571428571,7
2022-05-09 15:45:00,2022-05-09 16:30:00,1.0,5.3,5.55,15
2022-05-09 19:15:00,2022-05-09 21:00:00,2.0,2.9,5.075,19
2022-05-10 04:30:00,2022-05-10 04:45:00,0.5,4.2,4.550000000000001,4
2022-05-10 09:15:00,2022-05-10 10:00:00,1.0,4.1,4.65,9
2022-05-10 16:45:00,2022-05-10 17:30:00,1.0,5.1,5.775,16
2022-05-10 20:45:00,2022-05-10 22:30:00,2.0,3.3,5.25,20
2022-05-11 05:15:00,2022-05-11 06:00:00,1.0,3.6,5.275,5
2022-05-11 11:00:00,2022-05-11 11:15:00,0.5,4.1,4.449999999999999,11
2022-05-11 18:15:00,2022-05-11 18:45:00,0.75,4.1,5.466666666666666,18
2022-05-11 22:45:00,2022-05-12 00:00:00,1.5,4.5,5.133333333333333,22
2022-05-12 06:30:00,2022-05-12 07:00:00,0.75,4.9,5.266666666666667,6
2022-05-12 10:45:00,2022-05-12 12:15:00,1.75,4.2,4.957142857142857,10
2022-05-12 19:00:00,2022-05-12 19:45:00,1.0,5.0,5.375,19
2022-05-12 23:45:00,2022-05-13 01:00:00,1.5,3.8,4.6,23
2022-05-13 07:15:00,2022-05-13 07:45:00,0.75,4.0,4.566666666666666,7
2022-05-13 11:45:00,2022-05-13 13:00:00,1.5,3.5,4.316666666666666,11
2022-05-13 20:00:00,2022-05-13 20:15:00,0.5,4.0,4.55,20
2022-05-14 00:30:00,2022-05-14 01:45:00,1.5,3.3,4.1499999999999995,0
2022-05-14 07:45:00,2022-05-14 08:15:00,0.75,3.6,4.433333333333333,7
2022-05-14 11:45:00,2022-05-14 13:30:00,2.0,3.2,4.1,11
2022-05-14 20:45:00,2022-05-14 21:00:00,0.5,4.3,4.65,20
2022-05-15 01:00:00,2022-05-15 02:45:00,2.0,2.6,3.8625,1
2022-05-15 08:45:00,2022-05-15 09:00:00,0.5,2.3,2.95,8
2022-05-15 12:15:00,2022-05-15 14:15:00,2.25,2.4,3.744444444444445,12
2022-05-15 21:30:00,2022-05-15 22:00:00,0.75,2.8,3.866666666666667,21
2022-05-16 02:15:00,2022-05-16 03:30:00,1.5,3.0,3.783333333333333,2
2022-05-16 09:30:00,2022-05-16 10:00:00,0.75,2.1,3.1999999999999997,9
2022-05-16 13:15:00,2022-05-16 15:00:00,2.0,2.6,3.9499999999999993,13
2022-05-16 22:30:00,2022-05-16 23:00:00,0.75,3.2,3.9333333333333336,22
2022-05-17 03:45:00,2022-05-17 04:30:00,1.0,3.0,3.5749999999999997,3
2022-05-17 10:30:00,2022-05-17 10:45:00,0.5,2.9,3.3499999999999996,10
2022-05-17 13:45:00,2022-05-17 15:45:00,2.25,2.6,3.9111111111111105,13
2022-05-17 23:15:00,2022-05-17 23:45:00,0.75,3.3,4.0,23
2022-05-18 04:30:00,2022-05-18 05:15:00,1.0,3.1,3.55,4
2022-05-18 10:45:00,2022-05-18 11:30:00,1.0,2.4,3.5000000000000004,10
2022-05-18 14:45:00,2022-05-18 16:45:00,2.25,2.9,3.8666666666666663,14
2022-05-19 00:15:00,2022-05-19 00:30:00,0.5,3.0,3.7,0
2022-05-19 04:45:00,2022-05-19 06:15:00,1.75,2.2,3.5571428571428574,4
2022-05-19 12:00:00,2022-05-19 12:15:00,0.5,2.8,3.3499999999999996,12
2022-05-19 15:00:00,2022-05-19 17:45:00,3.0,1.7,3.608333333333334,15
2022-05-20 01:00:00,2022-05-20 01:15:00,0.5,3.4,4.05,1
2022-05-20 05:00:00,2022-05-20 06:45:00,2.0,2.6,3.725,5
2022-05-20 12:45:00,2022-05-20 13:15:00,0.75,3.2,3.766666666666667,12
2022-05-20 16:00:00,2022-05-20 18:30:00,2.75,1.5,3.6545454545454548,16
2022-05-21 01:45:00,2022-05-21 02:15:00,0.75,3.9,4.266666666666667,1
2022-05-21 05:45:00,2022-05-21 07:45:00,2.25,2.3,3.5444444444444447,5
2022-05-21 13:45:00,2022-05-21 14:15:00,0.75,2.3,3.766666666666667,13
2022-05-21 17:00:00,2022-05-21 20:00:00,3.25,1.5,3.676923076923077,17
2022-05-22 03:00:00,2022-05-22 03:15:00,0.5,3.9,4.35,3
2022-05-22 07:00:00,2022-05-22 08:45:00,2.0,2.3,3.5875000000000004,7
2022-05-22 14:45:00,2022-05-22 15:15:00,0.75,3.2,3.766666666666667,14
2022-05-22 17:45:00,2022-05-22 20:45:00,3.25,1.9,3.569230769230769,17
2022-05-23 03:45:00,2022-05-23 04:00:00,0.5,4.0,4.4,3
2022-05-23 07:00:00,2022-05-23 09:15:00,2.5,2.5,3.71,7
2022-05-23 16:15:00,2022-05-23 16:30:00,0.5,3.8,4.15,16
2022-05-23 19:00:00,2022-05-23 22:00:00,3.25,1.8,3.9461538461538455,19
2022-05-24 04:30:00,2022-05-24 05:00:00,0.75,3.8,4.3999999999999995,4
2022-05-24 08:00:00,2022-05-24 10:15:00,2.5,2.7,3.7300000000000004,8
2022-05-24 20:00:00,2022-05-24 22:45:00,3.0,2.7,4.108333333333333,20
2022-05-25 08:45:00,2022-05-25 11:00:00,2.5,2.5,3.7,8
2022-05-25 18:00:00,2022-05-25 18:30:00,0.75,3.5,4.633333333333333,18
2022-05-25 21:30:00,2022-05-25 23:45:00,2.5,2.2,4.130000000000001,21
2022-05-26 06:15:00,2022-05-26 06:45:00,0.75,3.3,4.466666666666666,6
2022-05-26 09:45:00,2022-05-26 11:30:00,2.0,3.5,4.1625,9
2022-05-26 19:00:00,2022-05-26 19:15:00,0.5,4.5,5.0,19
2022-05-26 23:00:00,2022-05-27 00:30:00,1.75,3.4,4.228571428571428,23
2022-05-27 10:00:00,2022-05-27 12:45:00,3.0,2.7,4.083333333333334,10
2022-05-27 20:00:00,2022-05-27 20:15:00,0.5,3.9,4.6,20
2022-05-27 23:30:00,2022-05-28 01:30:00,2.25,2.5,4.011111111111111,23
2022-05-28 07:15:00,2022-05-28 08:00:00,1.0,3.7,4.325,7
2022-05-28 10:15:00,2022-05-28 10:45:00,0.75,4.4,4.633333333333334,10
2022-05-28 12:30:00,2022-05-28 13:15:00,1.0,2.3,3.175,12
2022-05-28 23:45:00,2022-05-29 02:15:00,2.75,2.4,3.9999999999999996,23
2022-05-29 08:15:00,2022-05-29 08:45:00,0.75,3.2,4.0,8
2022-05-29 11:00:00,2022-05-29 11:30:00,0.75,4.3,4.566666666666666,11
2022-05-29 13:15:00,2022-05-29 13:45:00,0.75,2.9,3.3000000000000003,13
2022-05-29 21:15:00,2022-05-29 21:30:00,0.5,4.4,4.75,21
2022-05-29 23:30:00,2022-05-30 02:45:00,3.5,2.7,4.514285714285714,23
2022-05-30 09:00:00,2022-05-30 09:15:00,0.5,3.9,4.15,9
2022-05-30 11:30:00,2022-05-30 14:30:00,3.25,2.6,3.8923076923076922,11
2022-05-30 21:45:00,2022-05-30 22:00:00,0.5,4.7,5.1,21
2022-05-31 01:15:00,2022-05-31 03:30:00,2.5,2.7,3.96,1
2022-05-31 08:45:00,2022-05-31 10:00:00,1.5,3.3,4.233333333333333,8
2022-05-31 12:00:00,2022-05-31 14:45:00,3.0,3.1,4.141666666666667,12
2022-05-31 22:15:00,2022-05-31 22:45:00,0.75,3.2,4.433333333333334,22
2022-06-01 02:00:00,2022-06-01 04:00:00,2.25,1.9,3.8666666666666663,2
2022-06-01 10:00:00,2022-06-01 10:30:00,0.75,3.0,3.6,10
2022-06-01 12:30:00,2022-06-01 15:15:00,3.0,3.1,4.183333333333333,12
2022-06-01 22:45:00,2022-06-01 23:15:00,0.75,2.8,4.3999999999999995,22
2022-06-02 02:30:00,2022-06-02 04:30:00,2.25,2.8,4.055555555555555,2
2022-06-02 10:45:00,2022-06-02 11:15:00,0.75,2.9,3.8666666666666667,10
2022-06-02 13:15:00,2022-06-02 16:00:00,3.0,3.4,4.425,13
2022-06-02 23:30:00,2022-06-03 00:00:00,0.75,3.6,4.466666666666667,23
2022-06-03 03:00:00,2022-06-03 05:15:00,2.5,2.9,4.0,3
2022-06-03 11:15:00,2022-06-03 11:45:00,0.75,3.5,4.2,11
2022-06-03 13:45:00,2022-06-03 17:00:00,3.5,3.2,4.507142857142857,13
2022-06-04 00:00:00,2022-06-04 00:30:00,0.75,4.5,5.0,0
2022-06-04 03:15:00,2022-06-04 05:30:00,2.5,2.9,4.279999999999999,3
2022-06-04 11:45:00,2022-06-04 13:00:00,1.5,3.6,4.800000000000001,11
2022-06-04 15:30:00,2022-06-04 18:00:00,2.75,3.1,4.245454545454545,15
2022-06-05 01:30:00,2022-06-05 01:45:00,0.5,4.2,4.45,1
2022-06-05 05:30:00,2022-06-05 06:45:00,1.5,3.3,4.0,5
2022-06-05 12:30:00,2022-06-05 14:00:00,1.75,4.1,4.8428571428571425,12
2022-06-05 17:15:00,2022-06-05 18:45:00,1.75,3.5,4.314285714285715,17
2022-06-06 02:15:00,2022-06-06 02:30:00,0.5,4.1,4.35,2
2022-06-06 06:30:00,2022-06-06 08:00:00,1.75,2.9,3.6714285714285713,6
2022-06-06 17:30:00,2022-06-06 19:45:00,2.5,2.8,4.279999999999999,17
2022-06-07 02:45:00,2022-06-07 03:15:00,0.75,4.1,4.499999999999999,2
2022-06-07 06:00:00,2022-06-07 08:15:00,2.5,2.7,3.8200000000000003,6
2022-06-07 14:45:00,2022-06-07 15:30:00,1.0,3.6,4.3500000000000005,14
2022-06-07 17:45:00,2022-06-07 20:30:00,3.0,1.7,4.008333333333333,17
2022-06-08 03:15:00,2022-06-08 03:30:00,0.5,3.2,3.95,3
2022-06-08 06:15:00,2022-06-08 06:45:00,0.75,4.2,4.466666666666666,6
2022-06-08 08:15:00,2022-06-08 09:00:00,1.0,1.8,2.8,8
2022-06-08 16:00:00,2022-06-08 16:15:00,0.5,3.7,4.35,16
2022-06-08 18:45:00,2022-06-08 21:30:00,3.0,2.4,4.233333333333333,18
2022-06-09 03:45:00,2022-06-09 04:30:00,1.0,3.5,4.45,3
2022-06-09 07:15:00,2022-06-09 10:00:00,3.0,2.3,3.6583333333333337,7
2022-06-09 16:45:00,2022-06-09 17:15:00,0.75,4.2,4.766666666666667,16
2022-06-09 19:45:00,2022-06-09 22:30:00,3.0,1.7,4.0,19
2022-06-10 05:00:00,2022-06-10 05:15:00,0.5,4.0,4.1,5
2022-06-10 07:30:00,2022-06-10 08:15:00,1.0,4.1,4.35,7
2022-06-10 09:45:00,2022-06-10 10:45:00,1.25,2.4,3.2399999999999998,9
2022-06-10 22:15:00,2022-06-10 23:45:00,1.75,3.6,4.214285714285714,22
2022-06-11 06:30:00,2022-06-11 07:30:00,1.25,4.1,4.52,6
2022-06-11 09:45:00,2022-06-11 11:45:00,2.25,2.9,3.7222222222222223,9
2022-06-11 19:15:00,2022-06-11 19:30:00,0.5,3.8,4.25,19
2022-06-11 23:30:00,2022-06-12 01:15:00,2.0,2.8,3.4499999999999997,23
2022-06-12 07:00:00,2022-06-12 07:15:00,0.5,3.2,3.5,7
2022-06-12 10:00:00,2022-06-12 10:45:00,1.0,3.4,3.7,10
2022-06-12 12:30:00,2022-06-12 13:00:00,0.75,1.9,2.3333333333333335,12
2022-06-12 20:15:00,2022-06-12 20:30:00,0.5,3.9,4.25,20
2022-06-13 00:15:00,2022-06-13 02:15:00,2.25,2.4,3.422222222222222,0
2022-06-13 08:00:00,2022-06-13 08:15:00,0.5,3.1,3.45,8
2022-06-28 21:30:00,2022-06-28 21:45:00,0.5,3.9,4.15,21
2022-06-29 01:15:00,2022-06-29 03:15:00,2.25,2.4,3.3,1
2022-06-29 09:00:00,2022-06-29 09:15:00,0.5,3.1,3.55,9
2022-06-29 11:15:00,2022-06-29 15:00:00,4.0,3.0,3.5,11
2022-06-29 22:00:00,2022-06-29 22:15:00,0.5,3.9,4.15,22
2022-06-30 01:30:00,2022-06-30 03:30:00,2.25,2.6,3.1555555555555554,1
2022-06-30 12:00:00,2022-06-30 12:45:00,1.0,3.3,3.55,12
2022-06-30 22:45:00,2022-06-30 23:00:00,0.5,4.2,4.35,22
2022-07-01 02:15:00,2022-07-01 04:15:00,2.25,2.4,3.188888888888888,2
2022-07-01 10:15:00,2022-07-01 10:30:00,0.5,3.5,3.75,10
2022-07-01 12:45:00,2022-07-01 13:15:00,0.75,3.7,3.9,12
2022-07-01 15:30:00,2022-07-01 15:45:00,0.5,2.7,2.8,15
2022-07-01 22:45:00,2022-07-02 00:45:00,2.25,4.6,4.855555555555555,22
2022-07-02 02:15:00,2022-07-02 05:00:00,3.0,2.3,3.2999999999999994,2
2022-07-02 11:00:00,2022-07-02 11:15:00,0.5,3.9,4.0,11
2022-07-02 13:00:00,2022-07-02 14:00:00,1.25,3.7,3.999999999999999,13
2022-07-02 16:15:00,2022-07-02 16:30:00,0.5,2.7,2.95,16
2022-07-02 23:30:00,2022-07-03 00:45:00,1.5,4.5,4.883333333333333,23
2022-07-03 02:15:00,2022-07-03 05:30:00,3.5,2.6,3.4571428571428577,2
2022-07-03 14:00:00,2022-07-03 15:15:00,1.5,3.8,4.083333333333334,14
2022-07-04 00:30:00,2022-07-04 00:45:00,0.5,4.6,4.699999999999999,0
2022-07-04 03:15:00,2022-07-04 06:00:00,3.0,2.4,3.483333333333334,3
2022-07-04 12:15:00,2022-07-04 12:45:00,0.75,4.3,4.6000000000000005,12
2022-07-04 14:15:00,2022-07-04 16:00:00,2.0,4.0,4.5625,14
2022-07-04 17:30:00,2022-07-04 18:00:00,0.75,3.3,3.5,17
2022-07-05 01:00:00,2022-07-05 01:30:00,0.75,4.6,4.933333333333333,1
2022-07-05 03:15:00,2022-07-05 06:30:00,3.5,2.3,3.7928571428571423,3
2022-07-05 13:15:00,2022-07-05 13:45:00,0.75,3.6,4.433333333333333,13
2022-07-05 15:15:00,2022-07-05 16:45:00,1.75,4.3,4.828571428571428,15
2022-07-06 01:45:00,2022-07-06 02:15:00,0.75,4.5,4.766666666666667,1
2022-07-06 04:30:00,2022-07-06 07:15:00,3.0,2.6,3.6083333333333343,4
2022-07-06 14:30:00,2022-07-06 14:45:00,0.5,4.1,4.4,14
2022-07-06 17:00:00,2022-07-06 18:00:00,1.25,4.1,4.4799999999999995,17
2022-07-06 19:45:00,2022-07-06 20:45:00,1.25,3.0,3.66,19
2022-07-07 02:15:00,2022-07-07 02:30:00,0.5,4.2,4.35,2
2022-07-07 04:45:00,2022-07-07 08:30:00,4.0,2.8,3.5,4
2022-07-07 15:00:00,2022-07-07 15:30:00,0.75,3.8,4.2,15
2022-07-07 17:45:00,2022-07-07 21:15:00,3.75,3.2,3.9466666666666668,17
2022-07-08 03:15:00,2022-07-08 03:30:00,0.5,3.7,3.9,3
2022-07-08 05:15:00,2022-07-08 06:00:00,1.0,3.7,4.050000000000001,5
2022-07-08 08:45:00,2022-07-08 09:00:00,0.5,2.2,2.3,8
2022-07-08 16:30:00,2022-07-08 17:00:00,0.75,4.4,4.733333333333333,16
2022-07-08 19:15:00,2022-07-08 19:45:00,0.75,4.0,4.233333333333333,19
2022-07-08 21:30:00,2022-07-08 22:00:00,0.75,2.5,3.0,21
2022-07-09 03:30:00,2022-07-09 03:45:00,0.5,3.2,3.7,3
2022-07-09 06:00:00,2022-07-09 07:00:00,1.25,3.5,3.8,6
2022-07-09 17:30:00,2022-07-09 17:45:00,0.5,4.5,4.7,17
2022-07-09 20:30:00,2022-07-09 23:00:00,2.75,2.2,3.4454545454545453,20
2022-07-10 04:15:00,2022-07-10 05:00:00,1.0,3.4,4.0249999999999995,4
2022-07-10 07:00:00,2022-07-10 07:45:00,1.0,3.5,3.8,7
2022-07-10 10:45:00,2022-07-10 11:00:00,0.5,1.9,2.0999999999999996,10
2022-07-10 18:30:00,2022-07-10 18:45:00,0.5,4.3,4.65,18
2022-07-10 22:00:00,2022-07-11 00:00:00,2.25,2.5,3.3111111111111113,22
2022-07-11 09:30:00,2022-07-11 10:30:00,1.25,2.9,3.28,9
2022-07-11 12:00:00,2022-07-11 12:30:00,0.75,1.7,2.0,12
2022-07-11 20:00:00,2022-07-11 20:15:00,0.5,4.0,4.15,20
2022-07-11 23:15:00,2022-07-12 01:45:00,2.75,2.4,3.1,23
2022-07-12 10:45:00,2022-07-12 11:30:00,1.0,2.9,3.2,10
2022-07-13 11:30:00,2022-07-13 11:45:00,0.5,3.1,3.25,11
2022-07-13 14:15:00,2022-07-13 14:30:00,0.5,2.1,2.35,14
2022-07-13 22:00:00,2022-07-13 23:00:00,1.25,3.8,4.04,22
2022-07-14 01:45:00,2022-07-14 02:15:00,0.75,3.0,3.1666666666666665,1
2022-07-14 12:45:00,2022-07-14 13:00:00,0.5,3.1,3.2,12
2022-07-14 15:00:00,2022-07-14 15:30:00,0.75,2.1,2.266666666666666,15
2022-07-14 22:30:00,2022-07-14 22:45:00,0.5,3.4,3.65,22
2022-07-15 02:15:00,2022-07-15 04:15:00,2.25,1.8,2.6444444444444444,2
2022-07-15 10:30:00,2022-07-15 10:45:00,0.5,3.0,3.15,10
2022-07-15 13:45:00,2022-07-15 14:30:00,1.0,2.5,2.75,13
2022-07-15 23:30:00,2022-07-15 23:45:00,0.5,3.0,3.15,23
2022-07-16 03:45:00,2022-07-16 05:15:00,1.75,2.0,2.457142857142857,3
2022-07-16 11:30:00,2022-07-16 11:45:00,0.5,2.7,2.9000000000000004,11
2022-07-16 14:45:00,2022-07-16 15:15:00,0.75,2.8,2.9666666666666663,14
2022-07-16 16:45:00,2022-07-16 17:15:00,0.75,2.1,2.3000000000000003,16
2022-07-17 04:45:00,2022-07-17 06:00:00,1.5,2.2,2.5666666666666664,4
2022-07-17 17:45:00,2022-07-17 18:00:00,0.5,2.3,2.5999999999999996,17
2022-07-18 19:00:00,2022-07-18 19:15:00,0.5,3.1,3.2,19
2022-07-19 01:45:00,2022-07-19 02:00:00,0.5,3.4,3.5,1
2022-07-19 14:15:00,2022-07-19 14:30:00,0.5,3.9,4.0,14
2022-07-19 19:45:00,2022-07-19 20:00:00,0.5,3.0,3.2,19
2022-07-20 02:00:00,2022-07-20 02:30:00,0.75,3.6,3.8333333333333335,2
2022-07-20 08:00:00,2022-07-20 08:15:00,0.5,2.8,2.9,8
2022-07-20 14:45:00,2022-07-20 15:15:00,0.75,4.2,4.633333333333333,14
2022-07-20 20:30:00,2022-07-20 20:45:00,0.5,2.8,3.05,20
2022-07-21 03:00:00,2022-07-21 03:15:00,0.5,3.5,3.65,3
2022-07-21 05:15:00,2022-07-21 06:15:00,1.25,3.4,3.7399999999999998,5
2022-07-21 07:45:00,2022-07-21 09:00:00,1.5,2.7,3.0833333333333335,7
2022-07-21 16:00:00,2022-07-21 21:45:00,6.0,2.5,4.0625,16
2022-07-22 03:30:00,2022-07-22 03:45:00,0.5,3.3,3.5999999999999996,3
2022-07-22 05:30:00,2022-07-22 06:00:00,0.75,3.8,4.033333333333334,5
2022-07-22 09:15:00,2022-07-22 09:30:00,0.5,2.2,2.55,9
2022-07-22 16:45:00,2022-07-22 19:30:00,3.0,4.4,5.0,16
2022-07-22 21:15:00,2022-07-22 23:00:00,2.0,2.8,3.525,21
2022-07-23 01:00:00,2022-07-23 01:30:00,0.75,4.0,4.166666666666667,1
2022-07-23 04:45:00,2022-07-23 05:00:00,0.5,4.4,4.550000000000001,4
2022-07-23 06:30:00,2022-07-23 07:00:00,0.75,4.1,4.366666666666666,6
2022-07-23 09:45:00,2022-07-23 10:00:00,0.5,3.1,3.3,9
2022-07-23 17:45:00,2022-07-23 18:00:00,0.5,5.0,5.3,17
2022-07-23 19:30:00,2022-07-23 23:15:00,4.0,2.9,4.15,19
2022-07-24 05:00:00,2022-07-24 05:30:00,0.75,3.4,4.1,5
2022-07-24 07:30:00,2022-07-24 08:15:00,1.0,3.6,3.9250000000000003,7
2022-07-24 10:45:00,2022-07-24 11:00:00,0.5,2.8,2.95,10
2022-07-24 18:30:00,2022-07-24 23:45:00,5.5,2.7,4.536363636363637,18
2022-07-25 06:15:00,2022-07-25 06:30:00,0.5,3.4,3.75,6
2022-07-25 08:15:00,2022-07-25 09:15:00,1.25,3.5,3.8199999999999994,8
2022-07-25 11:30:00,2022-07-25 12:15:00,1.0,2.9,3.075,11
2022-07-25 19:15:00,2022-07-25 19:45:00,0.75,4.7,5.066666666666666,19
2022-07-25 21:15:00,2022-07-25 22:15:00,1.25,4.2,4.74,21
2022-07-26 00:15:00,2022-07-26 00:45:00,0.75,2.5,2.966666666666667,0
2022-07-26 06:45:00,2022-07-26 09:30:00,3.0,3.5,4.175,6
2022-07-26 11:45:00,2022-07-26 12:45:00,1.25,3.0,3.3,11
2022-07-26 14:30:00,2022-07-26 14:45:00,0.5,4.3,4.4,14
2022-07-26 22:00:00,2022-07-26 23:00:00,1.25,4.2,4.7,22
2022-07-27 01:00:00,2022-07-27 01:45:00,1.0,2.4,2.975,1
2022-07-27 06:45:00,2022-07-27 07:30:00,1.0,3.5,3.9749999999999996,6
2022-07-27 09:45:00,2022-07-27 10:00:00,0.5,3.6,3.8,9
2022-07-27 12:00:00,2022-07-27 12:45:00,1.0,3.2,3.375,12
2022-07-27 22:30:00,2022-07-28 01:30:00,3.25,3.3,4.1923076923076925,22
2022-07-28 08:00:00,2022-07-28 10:45:00,3.0,3.7,4.341666666666666,8
2022-07-28 13:45:00,2022-07-28 14:00:00,0.5,2.7,2.9000000000000004,13
2022-07-28 23:15:00,2022-07-29 03:15:00,4.25,2.7,3.8764705882352946,23
2022-07-29 08:45:00,2022-07-29 12:00:00,3.5,3.3,4.35,8
2022-07-29 14:15:00,2022-07-29 14:45:00,0.75,3.0,3.2000000000000006,14
2022-07-29 16:30:00,2022-07-29 16:45:00,0.5,4.6,4.75,16
2022-07-29 22:00:00,2022-07-29 22:15:00,0.5,4.6,4.699999999999999,22
2022-07-30 00:15:00,2022-07-30 04:00:00,4.0,2.7,3.8625000000000003,0
2022-07-30 09:45:00,2022-07-30 15:00:00,5.5,3.3,4.122727272727274,9
2022-07-30 22:30:00,2022-07-30 22:45:00,0.5,4.7,4.85,22
2022-07-31 01:15:00,2022-07-31 04:15:00,3.25,2.5,3.6692307692307695,1
2022-07-31 10:15:00,2022-07-31 10:45:00,0.75,2.7,3.633333333333333,10
2022-07-31 13:00:00,2022-07-31 14:00:00,1.25,3.8,4.24,13
2022-07-31 16:00:00,2022-07-31 16:15:00,0.5,2.6,2.9000000000000004,16
2022-07-31 23:15:00,2022-07-31 23:30:00,0.5,4.7,4.800000000000001,23
2022-08-01 02:15:00,2022-08-01 05:00:00,3.0,1.8,3.6249999999999996,2
2022-08-01 13:45:00,2022-08-01 17:00:00,3.5,3.3,4.185714285714286,13
2022-08-01 23:45:00,2022-08-02 00:00:00,0.5,4.2,4.6,23
2022-08-02 02:30:00,2022-08-02 05:30:00,3.25,2.2,3.7000000000000006,2
2022-08-02 15:00:00,2022-08-02 17:30:00,2.75,3.5,4.390909090909091,15
2022-08-03 00:15:00,2022-08-03 00:30:00,0.5,3.7,4.2,0
2022-08-03 03:30:00,2022-08-03 06:00:00,2.75,2.2,3.7,3
2022-08-03 13:00:00,2022-08-03 13:15:00,0.5,3.0,3.15,13
2022-08-03 16:00:00,2022-08-03 16:15:00,0.5,4.3,4.4,16
2022-08-03 17:45:00,2022-08-03 18:30:00,1.0,2.7,3.5250000000000004,17
2022-08-04 01:00:00,2022-08-04 01:15:00,0.5,2.8,3.3,1
2022-08-04 04:15:00,2022-08-04 08:45:00,4.75,2.2,3.4368421052631577,4
2022-08-04 14:00:00,2022-08-04 14:15:00,0.5,3.1,3.3,14
2022-08-04 18:45:00,2022-08-04 19:30:00,1.0,2.4,3.35,18
2022-08-05 02:00:00,2022-08-05 02:15:00,0.5,2.6,2.7,2
2022-08-05 04:30:00,2022-08-05 07:30:00,3.25,2.7,3.446153846153846,4
2022-08-05 14:15:00,2022-08-05 15:15:00,1.25,3.8,4.48,14
2022-08-05 17:45:00,2022-08-05 20:30:00,3.0,2.5,3.758333333333334,17
2022-08-06 02:30:00,2022-08-06 03:00:00,0.75,2.4,3.5,2
2022-08-06 05:00:00,2022-08-06 06:00:00,1.25,3.4,3.78,5
2022-08-06 07:45:00,2022-08-06 08:45:00,1.25,1.5,2.32,7
2022-08-06 16:15:00,2022-08-06 16:30:00,0.5,3.8,4.1,16
2022-08-06 19:15:00,2022-08-06 21:45:00,2.75,2.2,3.463636363636364,19
2022-08-07 03:30:00,2022-08-07 04:00:00,0.75,2.5,3.3666666666666667,3
2022-08-07 06:15:00,2022-08-07 07:15:00,1.25,3.1,3.4200000000000004,6
2022-08-07 09:30:00,2022-08-07 09:45:00,0.5,1.9,2.0999999999999996,9
2022-08-07 17:15:00,2022-08-07 18:30:00,1.5,4.0,4.35,17
2022-08-07 20:30:00,2022-08-07 21:00:00,0.75,3.4,3.6,20
2022-08-07 22:30:00,2022-08-07 22:45:00,0.5,2.1,2.45,22
2022-08-08 04:30:00,2022-08-08 05:00:00,0.75,2.8,3.3333333333333335,4
2022-08-08 07:15:00,2022-08-08 07:45:00,0.75,3.1,3.3000000000000003,7
2022-08-08 09:30:00,2022-08-08 11:30:00,2.25,2.1,2.5,9
2022-08-08 18:30:00,2022-08-08 19:45:00,1.5,3.9,4.266666666666667,18
2022-08-08 21:45:00,2022-08-08 23:45:00,2.25,1.8,2.6444444444444444,21
2022-08-09 06:00:00,2022-08-09 06:15:00,0.5,2.1,2.35,6
2022-08-09 08:15:00,2022-08-09 11:30:00,3.5,1.4,2.357142857142857,8
2022-08-09 19:45:00,2022-08-10 01:15:00,5.75,1.6,3.4043478260869553,19
2022-08-10 09:45:00,2022-08-10 10:30:00,1.0,2.5,2.85,9
2022-08-10 20:30:00,2022-08-11 02:15:00,6.0,1.3,3.2291666666666665,20
2022-08-11 11:00:00,2022-08-11 11:30:00,0.75,2.6,2.8666666666666667,11
2022-08-11 13:45:00,2022-08-11 14:00:00,0.5,1.5,1.7,13
2022-08-11 21:15:00,2022-08-11 21:30:00,0.5,3.2,3.5,21
2022-08-12 00:45:00,2022-08-12 03:15:00,2.75,1.8,2.354545454545455,0
2022-08-12 09:00:00,2022-08-12 09:15:00,0.5,1.8,2.35,9
2022-08-12 12:00:00,2022-08-12 12:45:00,1.0,2.7,2.95,12
2022-08-12 14:30:00,2022-08-12 15:00:00,0.75,1.5,1.9000000000000001,14
2022-08-13 15:45:00,2022-08-13 16:00:00,0.5,2.7,2.85,15
2022-08-14 11:30:00,2022-08-14 11:45:00,0.5,2.5,3.0,11
2022-08-14 16:45:00,2022-08-14 17:00:00,0.5,2.8,3.0999999999999996,16
2022-08-15 00:00:00,2022-08-15 01:45:00,2.0,3.3,3.775,0
2022-08-15 12:15:00,2022-08-15 12:30:00,0.5,2.6,2.9000000000000004,12
2022-08-15 17:30:00,2022-08-15 17:45:00,0.5,2.8,3.05,17
2022-08-16 00:45:00,2022-08-16 01:00:00,0.5,2.6,3.1500000000000004,0
2022-08-16 13:00:00,2022-08-16 13:15:00,0.5,2.5,2.8,13
2022-08-17 01:15:00,2022-08-17 01:30:00,0.5,2.6,3.0,1
2022-08-17 06:00:00,2022-08-17 06:45:00,1.0,1.7,2.5249999999999995,6
2022-08-17 13:45:00,2022-08-17 14:00:00,0.5,2.5,3.05,13
2022-08-17 18:00:00,2022-08-17 19:15:00,1.5,2.3,3.1,18
2022-08-18 02:00:00,2022-08-18 02:15:00,0.5,2.0,2.5,2
2022-08-18 14:45:00,2022-08-18 15:00:00,0.5,2.4,2.95,14
2022-08-19 02:30:00,2022-08-19 02:45:00,0.5,2.9,3.3,2
2022-08-19 07:45:00,2022-08-19 08:15:00,0.75,2.4,2.6,7
2022-08-19 15:15:00,2022-08-19 15:30:00,0.5,2.6,3.2,15
2022-08-20 04:45:00,2022-08-20 05:15:00,0.75,3.2,3.4,4
2022-08-20 16:00:00,2022-08-20 16:15:00,0.5,3.1,3.3,16
2022-08-20 19:00:00,2022-08-20 21:30:00,2.75,1.6,2.7363636363636363,19
2022-08-21 03:45:00,2022-08-21 06:15:00,2.75,2.1,3.1,3
2022-08-21 09:15:00,2022-08-21 09:30:00,0.5,2.0,2.1,9
2022-08-21 16:45:00,2022-08-21 17:15:00,0.75,3.6,3.8333333333333335,16
2022-08-21 19:30:00,2022-08-21 22:45:00,3.5,1.6,2.5714285714285716,19
2022-08-22 05:15:00,2022-08-22 05:30:00,0.5,2.4,2.55,5
2022-08-22 07:00:00,2022-08-22 07:45:00,1.0,2.6,2.925,7
2022-08-22 10:30:00,2022-08-22 10:45:00,0.5,1.5,1.7,10
2022-08-22 20:15:00,2022-08-22 21:15:00,1.25,2.7,3.04,20
2022-08-22 23:00:00,2022-08-22 23:30:00,0.75,1.9,2.1999999999999997,23
2022-08-23 05:45:00,2022-08-23 08:15:00,2.75,2.7,3.2636363636363637,5
2022-08-23 11:00:00,2022-08-23 11:15:00,0.5,1.8,1.9,11
2022-08-23 18:45:00,2022-08-23 19:00:00,0.5,3.3,3.5999999999999996,18
2022-08-23 21:30:00,2022-08-23 22:30:00,1.25,2.5,2.9200000000000004,21
2022-08-24 06:30:00,2022-08-24 06:45:00,0.5,3.0,3.3,6
2022-08-24 08:30:00,2022-08-24 09:30:00,1.25,2.6,2.9999999999999996,8
2022-08-24 21:30:00,2022-08-24 23:30:00,2.25,2.4,3.1888888888888887,21
2022-08-25 01:00:00,2022-08-25 01:15:00,0.5,1.7,1.7999999999999998,1
2022-08-25 09:30:00,2022-08-25 10:45:00,1.5,2.4,2.85,9
2022-08-25 22:45:00,2022-08-26 00:15:00,1.75,2.5,3.142857142857143,22
2022-08-26 10:45:00,2022-08-26 11:45:00,1.25,2.5,2.9799999999999995,10
2022-08-27 00:15:00,2022-08-27 02:30:00,2.5,1.8,2.46,0
2022-08-27 11:45:00,2022-08-27 14:30:00,3.0,1.9,2.4833333333333334,11
2022-08-28 01:15:00,2022-08-28 03:15:00,2.25,2.0,2.588888888888889,1
2022-08-28 10:00:00,2022-08-28 10:15:00,0.5,3.1,3.35,10
2022-08-28 13:30:00,2022-08-28 15:15:00,2.0,2.4,2.8,13
2022-08-29 02:45:00,2022-08-29 04:00:00,1.5,2.4,2.733333333333333,2
2022-08-29 10:45:00,2022-08-29 12:30:00,2.0,3.4,3.8,10
2022-08-29 14:15:00,2022-08-29 14:45:00,0.75,3.2,3.366666666666667,14
2022-08-30 14:45:00,2022-08-30 16:45:00,2.25,2.6,3.1222222222222222,14
2022-08-30 23:30:00,2022-08-30 23:45:00,0.5,3.5,3.6,23
2022-08-31 02:45:00,2022-08-31 03:15:00,0.75,3.1,3.266666666666666,2
2022-09-05 03:45:00,2022-09-05 04:00:00,0.5,3.6,3.7,3
2022-09-05 06:15:00,2022-09-05 09:15:00,3.25,2.4,3.076923076923076,6
2022-09-05 20:15:00,2022-09-05 22:15:00,2.25,2.8,3.3555555555555556,20
2022-09-06 07:30:00,2022-09-06 08:00:00,0.75,3.2,3.4,7
2022-09-06 09:45:00,2022-09-06 10:45:00,1.25,2.4,2.62,9
2022-09-06 21:45:00,2022-09-06 23:45:00,2.25,2.4,3.022222222222222,21
2022-09-07 09:00:00,2022-09-07 09:45:00,1.0,2.9,3.1,9
2022-09-07 19:30:00,2022-09-07 21:15:00,2.0,4.2,4.5625,19
2022-09-07 23:00:00,2022-09-08 00:45:00,2.0,2.5,3.0,23
2022-09-08 11:00:00,2022-09-08 11:15:00,0.5,3.1,3.25,11
2022-09-08 21:00:00,2022-09-08 22:15:00,1.5,4.2,4.433333333333333,21
2022-09-09 21:45:00,2022-09-09 22:45:00,1.25,4.2,4.58,21
2022-09-10 22:00:00,2022-09-10 22:15:00,0.5,3.6,3.7,22
2022-09-15 13:45:00,2022-09-15 14:45:00,1.25,3.9,4.24,13
2022-09-16 14:15:00,2022-09-16 14:30:00,0.5,4.3,4.449999999999999,14
2022-09-17 02:15:00,2022-09-17 02:30:00,0.5,4.0,4.15,2
2022-09-17 15:15:00,2022-09-17 16:15:00,1.25,4.7,5.02,15
2022-09-18 02:30:00,2022-09-18 03:00:00,0.75,4.1,4.233333333333333,2
2022-09-27 15:45:00,2022-09-27 16:15:00,0.75,3.5,3.766666666666667,15
2022-09-28 17:00:00,2022-09-28 17:15:00,0.5,4.2,4.300000000000001,17
2022-09-28 23:45:00,2022-09-29 00:00:00,0.5,4.6,4.8,23
2022-09-30 01:00:00,2022-09-30 01:15:00,0.5,5.5,5.6,1
2022-09-30 13:45:00,2022-09-30 14:00:00,0.5,6.4,6.5,13
2022-10-01 13:45:00,2022-10-01 14:00:00,0.5,5.9,6.050000000000001,13
2022-10-04 17:30:00,2022-10-04 17:45:00,0.5,5.8,6.0,17
2022-10-04 23:00:00,2022-10-04 23:15:00,0.5,4.9,5.050000000000001,23
2022-10-06 19:45:00,2022-10-06 20:45:00,1.25,5.9,6.039999999999999,19
2022-10-08 13:45:00,2022-10-08 14:00:00,0.5,4.5,4.65,13
2022-10-10 22:15:00,2022-10-10 22:30:00,0.5,5.1,5.199999999999999,22
2022-10-12 17:00:00,2022-10-12 17:15:00,0.5,4.8,4.9,17
2022-10-12 23:30:00,2022-10-12 23:45:00,0.5,4.9,5.15,23
2022-11-04 23:15:00,2022-11-05 00:30:00,1.5,4.7,4.983333333333333,23
2022-11-05 23:15:00,2022-11-05 23:45:00,0.75,5.1,5.266666666666667,23
2022-11-06 23:45:00,2022-11-07 00:00:00,0.5,5.1,5.199999999999999,23
2022-11-08 01:45:00,2022-11-08 02:15:00,0.75,4.6,4.733333333333333,1
2022-11-12 01:30:00,2022-11-12 02:00:00,0.75,5.7,5.866666666666667,1
2022-11-12 23:30:00,2022-11-12 23:45:00,0.5,5.4,5.5,23
2022-11-13 04:45:00,2022-11-13 05:15:00,0.75,5.0,5.133333333333334,4
2022-11-13 12:30:00,2022-11-13 12:45:00,0.5,5.8,5.9,12
2022-11-13 17:15:00,2022-11-13 18:00:00,1.0,5.1,5.375,17
2022-11-16 17:45:00,2022-11-16 18:00:00,0.5,6.3,6.4,17
2022-11-19 23:15:00,2022-11-19 23:30:00,0.5,5.9,6.0,23
2022-12-04 10:00:00,2022-12-04 10:15:00,0.5,6.8,6.9,10
2022-12-04 22:30:00,2022-12-04 22:45:00,0.5,6.7,6.800000000000001,22
2022-12-12 04:45:00,2022-12-12 05:00:00,0.5,6.0,6.15,4
2022-12-13 05:15:00,2022-12-13 05:30:00,0.5,6.3,6.4,5
2022-12-15 19:15:00,2022-12-15 19:45:00,0.75,6.4,6.7,19
2022-12-16 02:15:00,2022-12-16 02:30:00,0.5,6.9,7.0,2
2023-01-05 11:30:00,2023-01-05 11:45:00,0.5,8.2,8.3,11
2023-01-05 13:45:00,2023-01-05 14:00:00,0.5,7.4,7.5,13
2023-01-05 22:45:00,2023-01-05 23:15:00,0.75,8.1,8.266666666666667,22
2023-01-06 12:15:00,2023-01-06 12:45:00,0.75,8.0,8.166666666666666,12
2023-01-06 23:00:00,2023-01-06 23:45:00,1.0,8.1,8.325,23
2023-02-26 18:45:00,2023-02-26 19:15:00,0.75,5.9,6.033333333333334,18
2023-03-03 19:30:00,2023-03-03 19:45:00,0.5,6.4,6.550000000000001,19
2023-03-05 12:15:00,2023-03-05 13:30:00,1.5,5.7,5.933333333333334,12
2023-03-06 13:00:00,2023-03-06 14:00:00,1.25,5.7,5.8999999999999995,13
2023-03-17 23:15:00,2023-03-17 23:30:00,0.5,6.4,6.5,23
2023-03-25 11:30:00,2023-03-25 11:45:00,0.5,6.2,6.4,11
2023-03-26 04:15:00,2023-03-26 06:00:00,2.0,5.7,6.2125,4
2023-03-26 12:30:00,2023-03-26 12:45:00,0.5,6.4,6.5,12
2023-03-27 05:00:00,2023-03-27 06:45:00,2.0,5.4,5.9875,5
2023-03-28 01:45:00,2023-03-28 02:00:00,0.5,5.9,6.2,1
2023-03-28 04:45:00,2023-03-28 05:00:00,0.5,6.2,6.300000000000001,4
2023-03-28 07:15:00,2023-03-28 07:30:00,0.5,4.8,5.1,7
2023-03-28 19:15:00,2023-03-28 19:30:00,0.5,5.1,5.199999999999999,19
2023-03-29 07:15:00,2023-03-29 07:45:00,0.75,5.1,5.366666666666667,7
2023-03-29 20:00:00,2023-03-29 20:45:00,1.0,4.9,5.625,20
2023-03-30 07:00:00,2023-03-30 07:30:00,0.75,6.3,6.466666666666666,7
2023-03-30 09:15:00,2023-03-30 09:30:00,0.5,5.2,5.4,9
2023-03-30 18:00:00,2023-03-30 19:15:00,1.5,6.2,6.533333333333334,18
2023-03-31 10:15:00,2023-03-31 10:30:00,0.5,4.9,5.1,10
2023-03-31 16:45:00,2023-03-31 17:00:00,0.5,6.5,6.6,16
2023-04-01 08:15:00,2023-04-01 08:45:00,0.75,6.4,6.566666666666667,8
2023-04-01 23:00:00,2023-04-01 23:45:00,1.0,5.0,5.625,23
2023-04-02 06:15:00,2023-04-02 06:45:00,0.75,6.5,6.666666666666667,6
2023-04-02 11:45:00,2023-04-02 12:00:00,0.5,5.4,5.6,11
2023-04-02 19:00:00,2023-04-02 19:15:00,0.5,6.7,6.800000000000001,19
2023-04-02 22:00:00,2023-04-02 22:30:00,0.75,6.3,6.466666666666666,22
2023-04-03 11:00:00,2023-04-03 11:15:00,0.5,6.2,6.300000000000001,11
2023-04-03 20:00:00,2023-04-03 20:15:00,0.5,6.3,6.55,20
2023-04-03 22:45:00,2023-04-04 01:15:00,2.75,5.2,5.945454545454546,22
2023-04-04 11:15:00,2023-04-04 11:30:00,0.5,6.1,6.199999999999999,11
2023-04-05 00:00:00,2023-04-05 00:15:00,0.5,5.9,6.0,0
2023-04-05 08:45:00,2023-04-05 09:00:00,0.5,5.8,6.05,8
2023-04-05 12:00:00,2023-04-05 12:30:00,0.75,5.8,5.966666666666666,12
2023-04-06 00:45:00,2023-04-06 02:45:00,2.25,4.8,5.422222222222222,0
2023-04-06 12:45:00,2023-04-06 13:00:00,0.5,5.6,5.699999999999999,12
2023-04-07 01:45:00,2023-04-07 03:30:00,2.0,4.7,5.1875,1
2023-04-07 10:00:00,2023-04-07 10:15:00,0.5,5.2,5.5,10
2023-04-07 13:15:00,2023-04-07 13:30:00,0.5,5.5,5.6,13
2023-04-08 02:45:00,2023-04-08 04:15:00,1.75,4.2,5.171428571428572,2
2023-04-11 16:15:00,2023-04-11 16:30:00,0.5,6.7,6.800000000000001,16
2023-04-12 14:00:00,2023-04-12 14:15:00,0.5,6.5,6.65,14
2023-04-12 19:15:00,2023-04-12 19:30:00,0.5,5.8,5.9,19
2023-04-13 15:00:00,2023-04-13 15:15:00,0.5,6.4,6.550000000000001,15
2023-04-13 18:00:00,2023-04-13 18:15:00,0.5,6.4,6.5,18
2023-04-13 20:00:00,2023-04-13 20:15:00,0.5,5.3,5.55,20
2023-04-14 04:00:00,2023-04-14 04:15:00,0.5,6.4,6.550000000000001,4
2023-04-14 07:45:00,2023-04-14 08:00:00,0.5,6.2,6.300000000000001,7
2023-04-14 19:15:00,2023-04-14 19:30:00,0.5,6.2,6.300000000000001,19
2023-04-15 08:45:00,2023-04-15 09:00:00,0.5,5.9,6.0,8
2023-04-15 20:30:00,2023-04-15 21:00:00,0.75,5.9,6.099999999999999,20
2023-04-16 09:30:00,2023-04-16 10:15:00,1.0,5.6,5.9,9
2023-04-16 21:45:00,2023-04-16 22:15:00,0.75,5.6,5.833333333333333,21
2023-04-17 09:45:00,2023-04-17 10:30:00,1.0,5.6,5.85,9
2023-04-17 23:00:00,2023-04-17 23:45:00,1.0,5.6,5.9,23
2023-04-18 11:30:00,2023-04-18 13:00:00,1.75,5.5,5.96,11
2023-04-27 05:45:00,2023-04-27 06:00:00,0.5,5.6,5.699999999999999,5
2023-04-28 07:00:00,2023-04-28 07:30:00,0.75,5.4,5.599999999999999,7
2023-04-28 17:45:00,2023-04-28 18:15:00,0.75,5.6,5.833333333333333,17
2023-04-29 06:45:00,2023-04-29 07:30:00,1.0,5.2,5.5249999999999995,6
2023-04-29 15:45:00,2023-04-29 16:45:00,1.25,6.0,6.3,15
2023-04-29 19:00:00,2023-04-29 19:45:00,1.0,5.5,5.8,19
2023-04-30 08:15:00,2023-04-30 08:45:00,0.75,5.2,5.433333333333334,8
2023-04-30 17:45:00,2023-04-30 19:00:00,1.5,5.8,6.133333333333333,17
2023-05-01 08:30:00,2023-05-01 09:00:00,0.75,5.6,5.8,8
2023-05-01 11:30:00,2023-05-01 11:45:00,0.5,4.7,4.800000000000001,11
2023-05-01 20:45:00,2023-05-01 21:15:00,0.75,6.0,6.2,20
2023-05-02 09:15:00,2023-05-02 09:30:00,0.5,5.9,6.0,9
2023-05-02 21:45:00,2023-05-02 22:15:00,0.75,6.3,6.533333333333334,21
2023-05-03 23:30:00,2023-05-04 00:00:00,0.75,6.2,6.3999999999999995,23
2023-05-04 11:30:00,2023-05-04 12:00:00,0.75,6.3,6.466666666666666,11
2023-05-05 00:45:00,2023-05-05 01:45:00,1.25,5.8,6.119999999999999,0
2023-05-05 11:45:00,2023-05-05 12:30:00,1.0,5.9,6.15,11
2023-05-06 01:45:00,2023-05-06 02:30:00,1.0,5.5,5.75,1
2023-05-06 12:30:00,2023-05-06 13:00:00,0.75,5.7,5.866666666666667,12
2023-05-07 02:30:00,2023-05-07 03:00:00,0.75,5.4,5.566666666666667,2
2023-05-08 03:15:00,2023-05-08 03:45:00,0.75,5.4,5.566666666666667,3
2023-05-08 13:15:00,2023-05-08 13:45:00,0.75,5.7,5.866666666666667,13
2023-05-09 03:30:00,2023-05-09 05:45:00,2.5,4.7,5.25,3
2023-05-10 04:30:00,2023-05-10 06:15:00,2.0,4.7,5.1625000000000005,4
2023-05-11 06:00:00,2023-05-11 07:45:00,2.0,4.4,5.0375000000000005,6
2023-05-11 17:00:00,2023-05-11 17:30:00,0.75,5.5,5.7,17
2023-05-12 06:15:00,2023-05-12 07:00:00,1.0,5.1,5.4,6
2023-05-12 15:00:00,2023-05-12 15:15:00,0.5,5.8,5.949999999999999,15
2023-05-12 17:45:00,2023-05-12 18:30:00,1.0,5.4,5.699999999999999,17
2023-05-12 20:15:00,2023-05-12 20:30:00,0.5,4.4,4.65,20
2023-05-13 07:15:00,2023-05-13 08:00:00,1.0,5.0,5.3,7
2023-05-13 19:30:00,2023-05-13 20:00:00,0.75,5.4,5.599999999999999,19
2023-05-13 21:30:00,2023-05-13 21:45:00,0.5,4.2,4.5,21
2023-05-14 08:15:00,2023-05-14 08:45:00,0.75,5.0,5.2,8
2023-05-14 20:45:00,2023-05-14 22:15:00,1.75,4.6,5.014285714285714,20
2023-05-15 09:15:00,2023-05-15 11:15:00,2.25,4.0,4.688888888888889,9
2023-05-15 23:00:00,2023-05-16 00:15:00,1.5,4.2,4.633333333333334,23
2023-05-16 10:15:00,2023-05-16 12:15:00,2.25,4.1,4.622222222222223,10
2023-05-16 23:15:00,2023-05-17 01:15:00,2.25,3.7,4.388888888888889,23
2023-05-17 10:30:00,2023-05-17 10:45:00,0.5,4.5,4.65,10
2023-05-17 12:45:00,2023-05-17 13:00:00,0.5,3.4,3.5999999999999996,12
2023-05-18 00:00:00,2023-05-18 01:45:00,2.0,3.8,4.300000000000001,0
2023-05-18 11:45:00,2023-05-18 13:45:00,2.25,3.3,4.01111111111111,11
2023-05-19 12:00:00,2023-05-19 12:30:00,0.75,4.3,4.566666666666666,12
2023-05-19 14:15:00,2023-05-19 14:45:00,0.75,2.9,3.4333333333333336,14
2023-05-19 21:45:00,2023-05-19 22:00:00,0.5,4.5,4.7,21
2023-05-20 01:45:00,2023-05-20 03:30:00,2.0,3.4,3.875,1
2023-05-20 12:30:00,2023-05-20 15:00:00,2.75,3.2,3.9272727272727277,12
2023-05-20 22:15:00,2023-05-20 22:45:00,0.75,4.5,4.7,22
2023-05-21 02:30:00,2023-05-21 03:30:00,1.25,3.7,3.999999999999999,2
2023-05-21 10:00:00,2023-05-21 10:15:00,0.5,4.2,4.35,10
2023-05-21 12:45:00,2023-05-21 15:45:00,3.25,3.4,3.915384615384615,12
2023-05-22 03:00:00,2023-05-22 04:45:00,2.0,3.2,3.8375000000000004,3
2023-05-22 14:00:00,2023-05-22 14:15:00,0.5,4.6,4.699999999999999,14
2023-05-22 15:45:00,2023-05-22 16:15:00,0.75,3.9,3.966666666666667,15
2023-05-23 00:15:00,2023-05-23 00:30:00,0.5,4.9,5.0,0
2023-05-23 04:30:00,2023-05-23 06:00:00,1.75,3.6,4.171428571428571,4
2023-05-23 11:30:00,2023-05-23 12:15:00,1.0,4.8,5.025,11
2023-05-23 14:30:00,2023-05-23 17:00:00,2.75,3.9,4.681818181818181,14
2023-05-24 04:45:00,2023-05-24 06:30:00,2.0,3.9,4.5125,4
2023-05-24 12:30:00,2023-05-24 12:45:00,0.5,5.1,5.3,12
2023-05-24 14:15:00,2023-05-24 17:45:00,3.75,4.4,5.340000000000001,14
2023-05-25 05:15:00,2023-05-25 07:00:00,2.0,4.1,4.8375,5
2023-05-25 13:45:00,2023-05-25 14:00:00,0.5,5.3,5.449999999999999,13
2023-05-25 16:30:00,2023-05-25 18:30:00,2.25,4.7,5.2666666666666675,16
2023-05-26 02:30:00,2023-05-26 03:00:00,0.75,5.3,5.666666666666667,2
2023-05-26 07:15:00,2023-05-26 08:15:00,1.25,4.6,4.94,7
2023-05-26 15:00:00,2023-05-26 15:15:00,0.5,5.5,5.65,15
2023-05-27 19:00:00,2023-05-27 19:15:00,0.5,6.0,6.1,19
2023-05-28 06:30:00,2023-05-28 07:00:00,0.75,5.8,6.0,6
2023-05-28 18:00:00,2023-05-28 18:30:00,0.75,5.9,6.133333333333333,18
2023-05-29 06:30:00,2023-05-29 07:15:00,1.0,5.6,5.9,6
2023-05-29 19:45:00,2023-05-29 20:15:00,0.75,6.0,6.2,19
2023-05-30 08:00:00,2023-05-30 08:30:00,0.75,5.7,5.8999999999999995,8
2023-05-30 21:30:00,2023-05-30 23:15:00,2.0,5.3,5.737500000000001,21
2023-05-31 09:00:00,2023-05-31 09:30:00,0.75,5.6,5.8,9
2023-05-31 23:00:00,2023-06-01 00:45:00,2.0,5.1,5.612499999999999,23
2023-06-01 10:00:00,2023-06-01 10:45:00,1.0,5.5,5.8,10
2023-06-01 23:15:00,2023-06-02 01:00:00,2.0,5.1,5.725,23
2023-06-02 10:45:00,2023-06-02 11:15:00,0.75,5.2,5.5,10
2023-06-03 01:30:00,2023-06-03 02:45:00,1.5,4.3,4.683333333333333,1
2023-06-03 08:45:00,2023-06-03 09:00:00,0.5,5.2,5.4,8
2023-06-03 12:00:00,2023-06-03 12:30:00,0.75,4.9,5.1,12
2023-06-04 02:15:00,2023-06-04 02:45:00,0.75,4.4,4.566666666666667,2
2023-06-04 13:00:00,2023-06-04 13:30:00,0.75,4.6,4.8,13
2023-06-06 04:30:00,2023-06-06 05:30:00,1.25,3.8,4.220000000000001,4
2023-06-06 14:15:00,2023-06-06 14:30:00,0.5,4.8,4.9,14
2023-06-07 15:00:00,2023-06-07 15:15:00,0.5,5.0,5.15,15
2023-06-07 17:15:00,2023-06-07 17:30:00,0.5,4.0,4.2,17
2023-06-08 04:15:00,2023-06-08 05:15:00,1.25,4.4,4.779999999999999,4
2023-06-08 13:15:00,2023-06-08 14:30:00,1.5,4.7,5.3500000000000005,13
2023-06-08 16:15:00,2023-06-08 18:30:00,2.5,3.6,4.53,16
2023-06-09 06:00:00,2023-06-09 07:45:00,2.0,3.3,4.0,6
2023-06-09 17:15:00,2023-06-09 17:45:00,0.75,4.5,4.7,17
2023-06-10 06:30:00,2023-06-10 08:30:00,2.25,3.0,3.8333333333333335,6
2023-06-10 15:15:00,2023-06-10 16:30:00,1.5,4.5,5.083333333333333,15
2023-06-10 18:45:00,2023-06-10 20:15:00,1.75,4.0,4.457142857142857,18
2023-06-11 20:15:00,2023-06-11 21:45:00,1.75,3.4,4.1,20
2023-06-12 08:00:00,2023-06-12 08:15:00,0.5,4.2,4.300000000000001,8
2023-06-12 20:45:00,2023-06-12 21:15:00,0.75,4.4,4.566666666666667,20
2023-06-13 08:00:00,2023-06-13 08:30:00,0.75,4.1,4.3,8
2023-06-13 21:30:00,2023-06-13 22:00:00,0.75,4.4,4.633333333333334,21
2023-06-14 08:30:00,2023-06-14 08:45:00,0.5,4.4,4.5,8
2023-06-14 22:45:00,2023-06-14 23:30:00,1.0,4.3,4.55,22
2023-06-15 09:30:00,2023-06-15 10:00:00,0.75,4.5,4.7,9
2023-06-15 23:30:00,2023-06-15 23:45:00,0.5,4.6,4.699999999999999,23
2023-06-16 10:30:00,2023-06-16 11:00:00,0.75,4.5,4.7,10
2023-06-17 00:30:00,2023-06-17 01:15:00,1.0,4.4,4.675,0
2023-06-17 11:00:00,2023-06-17 11:30:00,0.75,4.5,4.7,11
2023-06-17 13:45:00,2023-06-17 14:15:00,0.75,3.9,4.033333333333333,13
2023-06-18 00:45:00,2023-06-18 02:15:00,1.75,4.2,4.7,0
2023-06-18 12:00:00,2023-06-18 12:30:00,0.75,4.5,4.733333333333333,12
2023-06-19 02:15:00,2023-06-19 03:30:00,1.5,3.8,4.216666666666667,2
2023-06-19 13:00:00,2023-06-19 13:15:00,0.5,4.4,4.550000000000001,13
2023-06-19 15:15:00,2023-06-19 15:45:00,0.75,3.5,3.6999999999999997,15
2023-06-20 03:15:00,2023-06-20 04:45:00,1.75,3.3,3.7428571428571433,3
2023-06-20 13:00:00,2023-06-20 13:30:00,0.75,4.2,4.3999999999999995,13
2023-06-21 03:45:00,2023-06-21 05:30:00,2.0,3.2,3.6624999999999996,3
2023-06-21 11:15:00,2023-06-21 11:45:00,0.75,4.4,4.5,11
2023-06-21 14:15:00,2023-06-21 15:00:00,1.0,4.0,4.25,14
2023-06-22 03:15:00,2023-06-22 04:00:00,1.0,4.0,4.3,3
2023-06-22 11:45:00,2023-06-22 12:15:00,0.75,4.5,4.666666666666667,11
2023-06-22 14:30:00,2023-06-22 15:00:00,0.75,4.4,4.6,14
2023-06-23 04:00:00,2023-06-23 04:45:00,1.0,4.1,4.375,4
2023-06-23 15:15:00,2023-06-23 15:45:00,0.75,4.6,4.833333333333333,15
2023-06-24 04:15:00,2023-06-24 05:45:00,1.75,3.8,4.214285714285714,4
2023-06-24 13:45:00,2023-06-24 16:45:00,3.25,4.5,5.1461538461538465,13
2023-06-25 04:30:00,2023-06-25 06:45:00,2.5,3.7,4.35,4
2023-06-25 16:15:00,2023-06-25 17:45:00,1.75,5.0,5.428571428571429,16
2023-06-26 05:15:00,2023-06-26 05:45:00,0.75,4.6,4.8,5
2023-06-26 08:00:00,2023-06-26 08:45:00,1.0,3.7,3.875,8
2023-06-26 18:30:00,2023-06-26 18:45:00,0.5,5.1,5.199999999999999,18
2023-06-27 05:15:00,2023-06-27 05:45:00,0.75,4.8,4.966666666666666,5
2023-06-27 16:15:00,2023-06-27 19:00:00,3.0,5.5,6.125,16
2023-06-28 06:30:00,2023-06-28 06:45:00,0.5,5.0,5.1,6
2023-06-28 19:45:00,2023-06-28 20:15:00,0.75,5.7,5.933333333333334,19
2023-06-29 07:30:00,2023-06-29 08:00:00,0.75,4.9,5.1,7
2023-06-29 12:15:00,2023-06-29 12:45:00,0.75,5.3,5.3999999999999995,12
2023-06-29 21:45:00,2023-06-29 23:45:00,2.25,4.4,4.9,21
2023-06-30 08:30:00,2023-06-30 09:15:00,1.0,4.4,4.775,8
2023-06-30 23:15:00,2023-07-01 01:00:00,2.0,3.6,4.2625,23
2023-07-01 09:30:00,2023-07-01 10:30:00,1.25,3.9,4.279999999999999,9
2023-07-01 12:30:00,2023-07-01 13:00:00,0.75,3.6,3.6999999999999997,12
2023-07-01 20:30:00,2023-07-01 21:45:00,1.5,5.1,5.25,20
2023-07-02 00:15:00,2023-07-02 02:00:00,2.0,3.3,3.8125000000000004,0
2023-07-02 11:00:00,2023-07-02 11:15:00,0.5,3.9,4.0,11
2023-07-03 01:15:00,2023-07-03 02:00:00,1.0,3.6,3.8749999999999996,1
2023-07-03 09:00:00,2023-07-03 09:15:00,0.5,3.9,4.0,9
2023-07-03 12:00:00,2023-07-03 12:15:00,0.5,3.7,3.8,12
2023-07-04 02:15:00,2023-07-04 04:00:00,2.0,2.8,3.3125,2
2023-07-04 23:15:00,2023-07-05 00:30:00,1.5,4.0,4.166666666666667,23
2023-07-05 03:00:00,2023-07-05 04:45:00,2.0,2.6,3.075,3
2023-07-06 04:30:00,2023-07-06 05:45:00,1.5,2.6,2.866666666666667,4
2023-07-06 15:15:00,2023-07-06 15:30:00,0.5,3.5,3.6,15
2023-07-07 04:30:00,2023-07-07 05:00:00,0.75,3.1,3.266666666666666,4
2023-07-08 05:15:00,2023-07-08 05:30:00,0.5,3.3,3.4,5
2023-07-09 06:00:00,2023-07-09 06:30:00,0.75,3.2,3.366666666666667,6
2023-07-09 15:00:00,2023-07-09 16:00:00,1.25,4.1,4.4399999999999995,15
2023-07-10 06:30:00,2023-07-10 06:45:00,0.5,3.7,3.8,6
2023-07-10 19:45:00,2023-07-10 21:15:00,1.75,3.5,3.857142857142857,19
2023-07-11 07:15:00,2023-07-11 07:30:00,0.5,3.6,3.7,7
2023-07-11 17:00:00,2023-07-11 18:15:00,1.5,4.6,4.733333333333333,17
2023-07-11 21:00:00,2023-07-11 22:15:00,1.5,3.7,3.9666666666666663,21
2023-07-13 08:00:00,2023-07-13 08:30:00,0.75,3.7,3.9,8
2023-07-13 21:45:00,2023-07-13 22:30:00,1.0,4.2,4.5,21
2023-07-14 08:30:00,2023-07-14 09:00:00,0.75,3.8,4.066666666666666,8
2023-07-14 16:15:00,2023-07-14 16:30:00,0.5,5.3,5.4,16
2023-07-14 22:45:00,2023-07-14 23:45:00,1.25,4.0,4.34,22
2023-07-15 07:00:00,2023-07-15 07:15:00,0.5,4.1,4.199999999999999,7
2023-07-15 09:30:00,2023-07-15 10:00:00,0.75,3.9,4.1,9
2023-07-15 17:00:00,2023-07-15 17:15:00,0.5,5.3,5.4,17
2023-07-15 23:45:00,2023-07-16 01:15:00,1.75,3.7,4.185714285714285,23
2023-07-16 10:00:00,2023-07-16 10:15:00,0.5,4.3,4.4,10
2023-07-16 14:30:00,2023-07-16 15:15:00,1.0,4.9,5.075,14
2023-07-17 00:00:00,2023-07-17 00:30:00,0.75,4.4,4.566666666666667,0
2023-07-17 02:00:00,2023-07-17 02:30:00,0.75,3.5,3.6999999999999997,2
2023-07-18 00:45:00,2023-07-18 02:15:00,1.75,3.7,4.128571428571428,0
2023-07-18 12:00:00,2023-07-18 12:15:00,0.5,4.3,4.4,12
2023-07-18 19:15:00,2023-07-18 19:30:00,0.5,5.1,5.199999999999999,19
2023-07-19 01:30:00,2023-07-19 03:45:00,2.5,3.4,3.95,1
2023-07-19 12:15:00,2023-07-19 12:30:00,0.5,4.5,4.6,12
2023-07-20 01:30:00,2023-07-20 02:15:00,1.0,4.3,4.525,1
2023-07-20 10:30:00,2023-07-20 10:45:00,0.5,4.2,4.35,10
2023-07-21 13:45:00,2023-07-21 14:00:00,0.5,5.0,5.1,13
2023-07-21 17:15:00,2023-07-21 17:30:00,0.5,4.6,4.699999999999999,17
2023-07-22 03:30:00,2023-07-22 03:45:00,0.5,4.5,4.6,3
2023-07-22 14:45:00,2023-07-22 15:00:00,0.5,5.3,5.4,14
2023-07-23 03:45:00,2023-07-23 04:00:00,0.5,4.6,4.699999999999999,3
2023-07-23 13:00:00,2023-07-23 13:15:00,0.5,5.0,5.15,13
2023-07-23 16:00:00,2023-07-23 16:30:00,0.75,5.0,5.2,16
2023-07-23 18:00:00,2023-07-23 19:00:00,1.25,4.3,4.680000000000001,18
2023-07-24 04:00:00,2023-07-24 04:30:00,0.75,4.1,4.3,4
2023-07-24 15:15:00,2023-07-24 16:45:00,1.75,4.4,4.957142857142856,15
2023-07-25 04:15:00,2023-07-25 05:00:00,1.0,3.7,4.075,4
2023-07-25 06:30:00,2023-07-25 07:00:00,0.75,3.0,3.1333333333333333,6
2023-07-25 17:00:00,2023-07-25 18:00:00,1.25,4.3,4.76,17
2023-07-26 04:45:00,2023-07-26 05:30:00,1.0,3.8,4.199999999999999,4
2023-07-26 15:45:00,2023-07-26 19:15:00,3.75,4.5,5.653333333333333,15
2023-07-27 05:15:00,2023-07-27 06:30:00,1.5,3.9,4.433333333333334,5
2023-07-27 16:45:00,2023-07-27 20:15:00,3.75,4.6,5.76,16
2023-07-28 06:00:00,2023-07-28 06:45:00,1.0,4.2,4.5,6
2023-07-28 18:00:00,2023-07-28 20:45:00,3.0,4.4,5.158333333333334,18
2023-07-29 07:15:00,2023-07-29 08:00:00,1.0,3.7,4.0,7
2023-07-29 18:45:00,2023-07-29 19:00:00,0.5,5.0,5.1,18
2023-07-29 21:00:00,2023-07-29 22:15:00,1.5,3.6,4.1000000000000005,21
2023-07-30 08:30:00,2023-07-30 09:15:00,1.0,3.2,3.55,8
2023-07-30 23:00:00,2023-07-31 00:00:00,1.25,3.3,3.7,23
2023-07-31 10:15:00,2023-07-31 11:00:00,1.0,2.9,3.275,10
2023-08-01 12:00:00,2023-08-01 12:30:00,0.75,3.4,3.6,12
2023-08-02 10:15:00,2023-08-02 10:45:00,0.75,3.3,3.5,10
2023-08-02 13:45:00,2023-08-02 14:00:00,0.5,3.5,3.6,13
2023-08-08 15:30:00,2023-08-08 17:45:00,2.5,4.0,4.6,15
2023-08-09 05:30:00,2023-08-09 06:00:00,0.75,3.4,3.566666666666667,5
2023-08-09 17:45:00,2023-08-09 19:15:00,1.75,3.8,4.314285714285714,17
2023-08-10 04:00:00,2023-08-10 04:15:00,0.5,4.0,4.15,4
2023-08-10 06:15:00,2023-08-10 07:00:00,1.0,3.4,3.675,6
2023-08-10 17:30:00,2023-08-10 20:30:00,3.25,4.0,4.907692307692308,17
2023-08-11 06:15:00,2023-08-11 06:45:00,0.75,4.0,4.133333333333334,6
2023-08-11 20:15:00,2023-08-11 20:45:00,0.75,4.0,4.2,20
2023-08-12 11:00:00,2023-08-12 12:00:00,1.25,3.0,3.0799999999999996,11
2023-08-12 20:30:00,2023-08-12 22:00:00,1.75,3.8,4.428571428571429,20
2023-08-13 00:15:00,2023-08-13 00:30:00,0.5,2.8,2.9,0
2023-08-13 06:45:00,2023-08-13 09:15:00,2.75,3.4,4.081818181818182,6
2023-08-13 20:00:00,2023-08-13 23:15:00,3.5,3.6,4.992857142857142,20
2023-08-14 07:15:00,2023-08-14 10:30:00,3.5,3.4,4.3500000000000005,7
2023-08-14 14:45:00,2023-08-14 15:00:00,0.5,3.7,3.8,14
2023-08-14 20:45:00,2023-08-15 00:15:00,3.75,3.6,4.953333333333333,20
2023-08-15 01:45:00,2023-08-15 02:15:00,0.75,3.0,3.0666666666666664,1
2023-08-15 10:00:00,2023-08-15 11:00:00,1.25,3.8,4.119999999999999,10
2023-08-15 22:15:00,2023-08-16 00:15:00,2.25,3.7,4.388888888888889,22
2023-08-16 11:15:00,2023-08-16 12:15:00,1.25,3.5,3.84,11
2023-08-17 00:00:00,2023-08-17 01:45:00,2.0,3.8,4.4375,0
2023-08-17 12:15:00,2023-08-17 13:00:00,1.0,3.8,4.125,12
2023-08-18 01:00:00,2023-08-18 02:15:00,1.5,3.5,4.0,1
2023-08-18 12:45:00,2023-08-18 13:30:00,1.0,3.7,4.0,12
2023-08-19 00:30:00,2023-08-19 01:45:00,1.5,3.8,4.216666666666667,0
2023-08-19 11:15:00,2023-08-19 14:00:00,3.0,3.7,4.308333333333334,11
2023-08-20 01:45:00,2023-08-20 03:00:00,1.5,3.3,3.6666666666666674,1
2023-08-20 13:15:00,2023-08-20 14:45:00,1.75,3.8,4.214285714285714,13
2023-08-21 01:30:00,2023-08-21 02:45:00,1.5,3.7,4.0666666666666655,1
2023-08-21 12:30:00,2023-08-21 14:15:00,2.0,4.1,4.324999999999999,12
2023-08-22 13:00:00,2023-08-22 13:30:00,0.75,3.9,4.1,13
2023-08-23 01:15:00,2023-08-23 01:30:00,0.5,3.9,4.05,1
2023-08-23 16:30:00,2023-08-23 17:45:00,1.5,4.2,4.583333333333333,16
2023-08-24 05:00:00,2023-08-24 06:00:00,1.25,3.6,4.000000000000001,5
2023-08-24 18:30:00,2023-08-24 19:15:00,1.0,4.4,4.675,18
2023-08-25 05:00:00,2023-08-25 05:45:00,1.0,3.9,4.2,5
2023-08-25 08:00:00,2023-08-25 08:15:00,0.5,3.1,3.2,8
2023-08-25 17:45:00,2023-08-25 19:30:00,2.0,4.2,5.025,17
2023-08-26 06:00:00,2023-08-26 06:45:00,1.0,3.6,3.9,6
2023-08-26 17:30:00,2023-08-26 17:45:00,0.5,5.4,5.5,17
2023-08-26 19:30:00,2023-08-26 20:45:00,1.5,3.9,4.5,19
2023-08-27 07:15:00,2023-08-27 08:15:00,1.25,3.2,3.6,7
2023-08-27 20:45:00,2023-08-28 00:00:00,3.5,2.7,3.607142857142857,20
2023-08-28 09:15:00,2023-08-28 10:00:00,1.0,3.0,3.425,9
2023-08-28 11:45:00,2023-08-28 12:30:00,1.0,2.4,2.5,11
2023-08-28 23:00:00,2023-08-29 01:15:00,2.5,2.6,3.3600000000000003,23
2023-08-29 07:45:00,2023-08-29 08:00:00,0.5,3.6,3.75,7
2023-08-29 11:00:00,2023-08-29 11:45:00,1.0,2.8,3.175,11
2023-08-30 01:30:00,2023-08-30 02:45:00,1.5,2.0,2.533333333333333,1
2023-08-30 21:15:00,2023-08-30 22:30:00,1.5,4.4,4.583333333333333,21
2023-08-31 09:45:00,2023-08-31 10:30:00,1.0,3.3,3.575,9
2023-08-31 22:30:00,2023-08-31 23:45:00,1.5,3.9,4.2,22
2023-09-01 23:30:00,2023-09-02 01:00:00,1.75,3.6,3.957142857142857,23
2023-09-06 15:15:00,2023-09-06 17:30:00,2.5,3.8,4.409999999999999,15
2023-09-09 07:15:00,2023-09-09 07:30:00,0.5,3.1,3.2,7
2023-09-09 09:45:00,2023-09-09 10:45:00,1.25,2.6,2.6599999999999997,9
2023-09-09 17:30:00,2023-09-09 18:00:00,0.75,4.2,4.333333333333333,17
2023-09-10 05:15:00,2023-09-10 06:00:00,1.0,3.1,3.375,5
2023-09-10 07:45:00,2023-09-10 08:15:00,0.75,3.0,3.1999999999999997,7
2023-09-10 21:45:00,2023-09-10 23:00:00,1.5,2.8,3.0666666666666664,21
2023-09-11 06:00:00,2023-09-11 06:45:00,1.0,3.2,3.3499999999999996,6
2023-09-11 09:00:00,2023-09-11 09:15:00,0.5,3.0,3.1,9
2023-09-11 10:45:00,2023-09-11 11:00:00,0.5,2.3,2.4,10
2023-09-11 22:30:00,2023-09-11 23:00:00,0.75,3.1,3.266666666666666,22
2023-09-12 09:45:00,2023-09-12 10:45:00,1.25,2.7,3.0800000000000005,9
2023-09-12 23:30:00,2023-09-13 00:00:00,0.75,3.1,3.266666666666666,23
2023-09-13 11:00:00,2023-09-13 11:15:00,0.5,3.0,3.15,11
2023-09-14 00:15:00,2023-09-14 01:00:00,1.0,2.8,3.05,0
2023-09-14 12:15:00,2023-09-14 12:30:00,0.5,3.1,3.2,12
2023-09-21 04:45:00,2023-09-21 05:15:00,0.75,3.6,3.6999999999999997,4
2023-09-22 01:45:00,2023-09-22 02:15:00,0.75,4.3,4.466666666666666,1
2023-09-22 17:15:00,2023-09-22 17:30:00,0.5,5.3,5.4,17
2023-09-23 05:15:00,2023-09-23 05:45:00,0.75,4.6,4.8,5
2023-09-23 18:00:00,2023-09-23 20:00:00,2.25,4.7,5.322222222222223,18
2023-09-24 06:00:00,2023-09-24 07:30:00,1.75,4.1,4.557142857142857,6
2023-09-24 17:30:00,2023-09-24 18:45:00,1.5,5.7,5.933333333333334,17
2023-09-24 20:15:00,2023-09-24 22:15:00,2.25,3.9,4.488888888888889,20
2023-09-25 07:45:00,2023-09-25 08:30:00,1.0,4.2,4.525,7
2023-09-25 21:30:00,2023-09-25 23:45:00,2.5,3.5,4.23,21
2023-09-26 09:45:00,2023-09-26 10:45:00,1.25,3.6,3.94,9
2023-09-26 23:30:00,2023-09-27 00:15:00,1.0,3.6,3.85,23
2023-09-27 11:45:00,2023-09-27 12:15:00,0.75,3.6,3.8000000000000003,11
2023-10-03 05:30:00,2023-10-03 05:45:00,0.5,4.0,4.15,5
2023-10-05 14:30:00,2023-10-05 14:45:00,0.5,5.0,5.1,14
2023-10-06 15:30:00,2023-10-06 16:30:00,1.25,5.2,5.34,15
2023-10-08 20:45:00,2023-10-08 21:00:00,0.5,4.6,4.699999999999999,20
2023-10-09 07:45:00,2023-10-09 08:15:00,0.75,4.5,4.666666666666667,7
2023-10-09 20:30:00,2023-10-09 21:45:00,1.5,4.5,4.95,20
2023-10-10 22:00:00,2023-10-10 22:45:00,1.0,4.5,4.75,22
2023-10-11 09:45:00,2023-10-11 10:00:00,0.5,4.7,4.800000000000001,9
2023-10-11 23:00:00,2023-10-11 23:15:00,0.5,4.6,4.699999999999999,23
2023-10-13 00:30:00,2023-10-13 01:15:00,1.0,4.8,5.025,0
2023-10-24 22:15:00,2023-10-24 22:45:00,0.75,5.4,5.566666666666667,22
2023-11-22 08:30:00,2023-11-22 08:45:00,0.5,6.0,6.1,8
2023-11-22 19:00:00,2023-11-22 19:45:00,1.0,6.0,6.3,19
2023-11-23 09:45:00,2023-11-23 10:30:00,1.0,5.9,6.15,9
2023-11-23 22:00:00,2023-11-23 23:00:00,1.25,5.8,6.1000000000000005,22
2023-11-24 22:45:00,2023-11-24 23:15:00,0.75,5.9,6.066666666666667,22
2023-12-11 11:30:00,2023-12-11 11:45:00,0.5,7.2,7.300000000000001,11
2024-03-07 22:00:00,2024-03-07 22:30:00,0.75,6.5,6.666666666666667,22
2024-03-09 00:15:00,2024-03-09 00:30:00,0.5,6.4,6.5,0
2024-03-12 18:45:00,2024-03-12 19:00:00,0.5,6.3,6.4,18
2024-03-13 19:30:00,2024-03-13 19:45:00,0.5,6.1,6.199999999999999,19
2024-04-05 21:45:00,2024-04-05 22:30:00,1.0,6.4,6.625,21
2024-04-12 04:15:00,2024-04-12 04:30:00,0.5,5.8,5.9,4
2024-04-12 14:00:00,2024-04-12 14:30:00,0.75,6.2,6.366666666666667,14
2024-04-13 03:30:00,2024-04-13 04:15:00,1.0,6.1,6.35,3
2024-04-13 15:15:00,2024-04-13 15:45:00,0.75,6.3,6.466666666666666,15
2024-04-14 04:30:00,2024-04-14 05:15:00,1.0,6.2,6.425,4
2024-04-19 08:45:00,2024-04-19 09:00:00,0.5,5.7,5.800000000000001,8
2024-04-20 09:30:00,2024-04-20 10:15:00,1.0,5.3,5.575,9
2024-04-20 22:30:00,2024-04-20 23:15:00,1.0,5.1,5.35,22
2024-04-21 10:15:00,2024-04-21 11:00:00,1.0,5.0,5.25,10
2024-04-21 23:30:00,2024-04-21 23:45:00,0.5,5.2,5.300000000000001,23
2024-04-22 11:45:00,2024-04-22 12:15:00,0.75,5.4,5.566666666666667,11
2024-04-23 12:00:00,2024-04-23 12:15:00,0.5,5.4,5.5,12
2024-04-24 11:45:00,2024-04-24 12:30:00,1.0,5.4,5.625,11
2024-04-27 03:45:00,2024-04-27 05:15:00,1.75,4.8,5.171428571428571,3
2024-04-27 13:45:00,2024-04-27 14:15:00,0.75,5.5,5.7,13
2024-04-28 03:30:00,2024-04-28 04:30:00,1.25,5.1,5.42,3
2024-04-29 04:30:00,2024-04-29 04:45:00,0.5,5.3,5.4,4
2024-04-30 05:15:00,2024-04-30 07:15:00,2.25,4.5,5.022222222222222,5
2024-05-01 06:00:00,2024-05-01 08:15:00,2.5,4.2,5.029999999999999,6
2024-05-01 17:15:00,2024-05-01 17:45:00,0.75,5.6,5.766666666666666,17
2024-05-02 07:00:00,2024-05-02 07:30:00,0.75,5.1,5.3,7
2024-05-02 19:00:00,2024-05-02 19:15:00,0.5,5.4,5.5,19
2024-05-03 08:15:00,2024-05-03 08:45:00,0.75,4.9,5.1,8
2024-05-03 20:45:00,2024-05-03 21:00:00,0.5,5.1,5.199999999999999,20
2024-05-03 22:45:00,2024-05-03 23:00:00,0.5,4.0,4.15,22
2024-05-04 09:15:00,2024-05-04 11:30:00,2.5,3.9,4.529999999999999,9
2024-05-04 22:00:00,2024-05-05 00:00:00,2.25,3.9,4.5,22
2024-05-05 07:00:00,2024-05-05 07:15:00,0.5,4.7,4.85,7
2024-05-05 10:15:00,2024-05-05 12:30:00,2.5,3.3,4.21,10
2024-05-05 23:30:00,2024-05-06 01:15:00,2.0,3.0,4.0,23
2024-05-06 11:00:00,2024-05-06 13:30:00,2.75,3.1,4.018181818181819,11
2024-05-07 00:30:00,2024-05-07 02:00:00,1.75,3.5,4.071428571428571,0
2024-05-07 11:45:00,2024-05-07 12:15:00,0.75,4.4,4.533333333333333,11
2024-05-08 01:30:00,2024-05-08 03:15:00,2.0,3.5,3.9624999999999995,1
2024-05-08 12:15:00,2024-05-08 12:45:00,0.75,4.2,4.3999999999999995,12
2024-05-09 02:15:00,2024-05-09 04:00:00,2.0,3.4,3.875,2
2024-05-09 12:30:00,2024-05-09 13:15:00,1.0,4.2,4.4750000000000005,12
2024-05-10 02:45:00,2024-05-10 04:45:00,2.25,3.3,3.888888888888888,2
2024-05-10 13:15:00,2024-05-10 13:45:00,0.75,4.2,4.3999999999999995,13
2024-05-11 03:15:00,2024-05-11 05:00:00,2.0,3.8,4.225,3
2024-05-11 15:00:00,2024-05-11 15:30:00,0.75,4.7,4.8999999999999995,15
2024-05-12 04:45:00,2024-05-12 06:15:00,1.75,3.8,4.3,4
2024-05-12 12:30:00,2024-05-12 12:45:00,0.5,4.8,4.9,12
2024-05-12 15:00:00,2024-05-12 15:15:00,0.5,4.9,5.0,15
2024-05-13 05:00:00,2024-05-13 06:45:00,2.0,3.8,4.362500000000001,5
2024-05-13 16:15:00,2024-05-13 17:00:00,1.0,4.5,4.725,16
2024-05-13 18:30:00,2024-05-13 18:45:00,0.5,3.5,3.7,18
2024-05-14 06:00:00,2024-05-14 07:45:00,2.0,3.5,4.2125,6
2024-05-14 17:00:00,2024-05-14 17:45:00,1.0,4.6,4.824999999999999,17
2024-05-14 19:30:00,2024-05-14 20:00:00,0.75,3.6,3.8333333333333335,19
2024-05-15 06:00:00,2024-05-15 06:45:00,1.0,4.4,4.7,6
2024-05-15 18:00:00,2024-05-15 18:30:00,0.75,4.9,5.1,18
2024-05-16 06:30:00,2024-05-16 07:15:00,1.0,4.6,4.875,6
2024-05-16 19:00:00,2024-05-16 21:15:00,2.5,4.3,4.9799999999999995,19
2024-05-17 04:30:00,2024-05-17 04:45:00,0.5,5.6,5.699999999999999,4
2024-05-17 07:15:00,2024-05-17 10:00:00,3.0,3.7,4.591666666666668,7
2024-05-17 20:00:00,2024-05-17 22:30:00,2.75,3.8,4.727272727272727,20
2024-05-18 08:30:00,2024-05-18 09:15:00,1.0,4.5,4.8,8
2024-05-18 10:45:00,2024-05-18 11:15:00,0.75,3.9,4.033333333333333,10
2024-05-18 21:15:00,2024-05-18 23:30:00,2.5,3.7,4.430000000000001,21
2024-05-19 09:15:00,2024-05-19 11:30:00,2.5,3.5,4.18,9
2024-05-19 22:45:00,2024-05-20 00:30:00,2.0,3.6,4.3125,22
2024-05-20 10:45:00,2024-05-20 11:15:00,0.75,4.6,4.8,10
2024-05-21 00:30:00,2024-05-21 01:15:00,1.0,4.2,4.5,0
2024-05-21 11:00:00,2024-05-21 11:30:00,0.75,4.6,4.866666666666666,11
2024-05-22 00:45:00,2024-05-22 02:00:00,1.5,3.9,4.3500000000000005,0
2024-05-22 11:00:00,2024-05-22 11:45:00,1.0,4.4,4.775,11
2024-05-22 21:15:00,2024-05-22 21:30:00,0.5,5.8,5.9,21
2024-05-23 00:30:00,2024-05-23 02:00:00,1.75,4.1,4.799999999999999,0
2024-05-23 11:15:00,2024-05-23 12:00:00,1.0,4.6,5.05,11
2024-05-24 01:15:00,2024-05-24 03:30:00,2.5,3.7,4.55,1
2024-05-24 12:00:00,2024-05-24 12:45:00,1.0,4.7,5.175,12
2024-05-25 01:45:00,2024-05-25 03:00:00,1.5,3.9,4.449999999999999,1
2024-05-25 12:30:00,2024-05-25 13:45:00,1.5,4.0,4.6,12
2024-05-26 02:30:00,2024-05-26 05:00:00,2.75,3.0,3.9545454545454546,2
2024-05-26 13:30:00,2024-05-26 14:30:00,1.25,4.3,4.880000000000001,13
2024-05-27 03:45:00,2024-05-27 05:45:00,2.25,3.0,3.9111111111111114,3
2024-05-27 13:45:00,2024-05-27 15:00:00,1.5,4.3,4.8,13
2024-05-28 04:00:00,2024-05-28 06:15:00,2.5,3.3,4.029999999999999,4
2024-05-28 12:45:00,2024-05-28 13:00:00,0.5,4.8,4.9,12
2024-05-28 15:15:00,2024-05-28 16:15:00,1.25,4.5,4.88,15
2024-05-28 17:45:00,2024-05-28 18:30:00,1.0,3.5,3.925,17
2024-05-29 05:00:00,2024-05-29 07:15:00,2.5,3.3,4.069999999999999,5
2024-05-29 14:00:00,2024-05-29 19:15:00,5.5,4.0,5.15,14
2024-05-30 06:00:00,2024-05-30 06:30:00,0.75,4.4,4.6,6
2024-05-30 15:15:00,2024-05-30 16:00:00,1.0,5.4,5.775,15
2024-05-30 18:30:00,2024-05-30 20:30:00,2.25,3.9,4.855555555555555,18
2024-05-31 07:00:00,2024-05-31 07:15:00,0.5,4.7,4.800000000000001,7
2024-05-31 20:00:00,2024-05-31 21:30:00,1.75,4.1,4.8,20
2024-06-01 07:45:00,2024-06-01 08:15:00,0.75,4.7,4.866666666666667,7
2024-06-01 21:30:00,2024-06-01 22:45:00,1.5,3.9,4.583333333333333,21
2024-06-02 08:45:00,2024-06-02 11:15:00,2.75,3.5,4.3,8
2024-06-02 22:00:00,2024-06-03 00:00:00,2.25,4.0,4.544444444444444,22
2024-06-03 09:15:00,2024-06-03 10:00:00,1.0,4.4,4.65,9
2024-06-03 23:15:00,2024-06-04 01:00:00,2.0,3.8,4.4625,23
2024-06-04 10:15:00,2024-06-04 10:45:00,0.75,4.4,4.6,10
2024-06-05 00:00:00,2024-06-05 01:45:00,2.0,4.0,4.5,0
2024-06-05 11:15:00,2024-06-05 11:45:00,0.75,4.5,4.7,11
2024-06-06 11:30:00,2024-06-06 12:00:00,0.75,4.4,4.6,11
2024-06-07 02:00:00,2024-06-07 03:45:00,2.0,3.3,3.925,2
2024-06-07 12:15:00,2024-06-07 12:45:00,0.75,4.3,4.5,12
2024-06-08 02:15:00,2024-06-08 04:15:00,2.25,3.4,3.9555555555555557,2
2024-06-08 13:30:00,2024-06-08 14:15:00,1.0,4.4,4.675,13
2024-06-09 03:45:00,2024-06-09 05:00:00,1.5,3.5,3.916666666666666,3
2024-06-09 11:00:00,2024-06-09 11:30:00,0.75,4.2,4.5,11
2024-06-09 13:45:00,2024-06-09 14:15:00,0.75,4.5,4.7,13
2024-06-09 16:15:00,2024-06-09 16:30:00,0.5,3.9,4.05,16
2024-06-10 03:15:00,2024-06-10 05:45:00,2.75,3.3,4.018181818181818,3
2024-06-10 14:45:00,2024-06-10 15:15:00,0.75,4.5,4.7,14
2024-06-11 04:30:00,2024-06-11 06:15:00,2.0,3.2,3.8625,4
2024-06-11 16:00:00,2024-06-11 16:15:00,0.5,4.6,4.699999999999999,16
2024-06-12 04:45:00,2024-06-12 06:45:00,2.25,3.5,4.055555555555555,4
2024-06-12 16:45:00,2024-06-12 17:00:00,0.5,4.9,5.0,16
2024-06-13 05:45:00,2024-06-13 07:30:00,2.0,3.6,4.225,5
2024-06-13 17:45:00,2024-06-13 18:15:00,0.75,4.9,5.066666666666667,17
2024-06-13 19:45:00,2024-06-13 20:00:00,0.5,3.8,4.05,19
2024-06-14 06:15:00,2024-06-14 08:15:00,2.25,3.4,4.211111111111111,6
2024-06-14 18:45:00,2024-06-14 19:00:00,0.5,5.1,5.199999999999999,18
2024-06-15 05:45:00,2024-06-15 06:15:00,0.75,4.7,4.8999999999999995,5
2024-06-15 21:15:00,2024-06-15 21:30:00,0.5,4.1,4.4,21
2024-06-16 17:30:00,2024-06-16 17:45:00,0.5,5.2,5.35,17
2024-06-16 22:30:00,2024-06-16 22:45:00,0.5,4.3,4.449999999999999,22
2024-06-17 10:00:00,2024-06-17 10:30:00,0.75,3.9,4.166666666666667,10
2024-06-17 22:15:00,2024-06-17 23:30:00,1.5,4.4,4.783333333333334,22
2024-06-18 23:30:00,2024-06-19 00:45:00,1.5,4.2,4.6,23
2024-06-19 09:30:00,2024-06-19 10:00:00,0.75,4.6,4.8,9
2024-06-19 23:45:00,2024-06-20 01:30:00,2.0,4.1,4.6,23
2024-06-20 10:15:00,2024-06-20 10:30:00,0.5,4.7,4.800000000000001,10
2024-06-21 00:45:00,2024-06-21 02:30:00,2.0,3.8,4.387499999999999,0
2024-06-21 08:30:00,2024-06-21 08:45:00,0.5,4.7,4.800000000000001,8
2024-06-21 11:15:00,2024-06-21 11:30:00,0.5,4.7,4.85,11
2024-06-21 13:45:00,2024-06-21 14:00:00,0.5,3.8,3.9,13
2024-06-22 01:30:00,2024-06-22 03:15:00,2.0,3.5,4.1125,1
2024-06-22 12:00:00,2024-06-22 12:15:00,0.5,4.4,4.550000000000001,12
2024-06-22 22:15:00,2024-06-22 22:30:00,0.5,4.9,5.0,22
2024-06-23 01:45:00,2024-06-23 04:00:00,2.5,3.2,3.9900000000000007,1
2024-06-23 10:00:00,2024-06-23 10:15:00,0.5,4.1,4.199999999999999,10
2024-06-23 12:30:00,2024-06-23 13:00:00,0.75,4.1,4.366666666666666,12
2024-06-23 23:00:00,2024-06-23 23:15:00,0.5,4.7,4.800000000000001,23
2024-06-24 02:30:00,2024-06-24 05:00:00,2.75,2.7,3.5909090909090917,2
2024-06-24 10:45:00,2024-06-24 13:45:00,3.25,3.8,4.538461538461538,10
2024-06-24 16:00:00,2024-06-24 16:30:00,0.75,2.9,3.1666666666666665,16
2024-06-25 03:15:00,2024-06-25 05:30:00,2.5,2.6,3.4799999999999995,3
2024-06-25 14:15:00,2024-06-25 15:00:00,1.0,4.2,4.550000000000001,14
2024-06-26 00:45:00,2024-06-26 01:00:00,0.5,4.7,4.800000000000001,0
2024-06-26 04:30:00,2024-06-26 06:15:00,2.0,2.9,3.7125000000000004,4
2024-06-26 15:45:00,2024-06-26 16:15:00,0.75,4.5,4.7,15
2024-06-26 18:00:00,2024-06-26 18:15:00,0.5,3.4,3.55,18
2024-06-27 05:00:00,2024-06-27 07:15:00,2.5,2.8,3.7,5
2024-06-27 17:15:00,2024-06-27 19:30:00,2.5,3.3,4.09,17
2024-06-28 05:45:00,2024-06-28 08:00:00,2.5,2.4,3.45,5
2024-06-28 15:00:00,2024-06-28 16:15:00,1.5,4.2,4.683333333333334,15
2024-06-28 18:30:00,2024-06-28 20:15:00,2.0,3.2,3.8875,18
2024-06-29 06:30:00,2024-06-29 08:45:00,2.5,2.5,3.28,6
2024-06-29 15:45:00,2024-06-29 16:00:00,0.5,4.2,4.35,15
2024-06-29 19:30:00,2024-06-29 21:30:00,2.25,2.8,3.6555555555555554,19
2024-06-30 03:45:00,2024-06-30 04:00:00,0.5,3.4,3.7,3
2024-06-30 06:30:00,2024-06-30 07:00:00,0.75,3.7,3.866666666666667,6
2024-06-30 09:30:00,2024-06-30 09:45:00,0.5,2.6,2.7,9
2024-06-30 22:15:00,2024-06-30 22:30:00,0.5,2.2,2.6500000000000004,22
2024-07-01 07:15:00,2024-07-01 07:30:00,0.5,3.7,3.8,7
2024-07-01 20:15:00,2024-07-01 21:45:00,1.75,3.8,4.214285714285714,20
2024-07-02 08:45:00,2024-07-02 09:30:00,1.0,3.6,3.9,8
2024-07-02 22:00:00,2024-07-03 00:15:00,2.5,3.2,3.9199999999999995,22
2024-07-03 09:30:00,2024-07-03 10:15:00,1.0,3.2,3.575,9
2024-07-03 22:30:00,2024-07-04 01:45:00,3.5,2.6,3.5857142857142854,22
2024-07-04 07:15:00,2024-07-04 07:45:00,0.75,3.8,3.9333333333333336,7
2024-07-04 10:15:00,2024-07-04 11:00:00,1.0,3.1,3.475,10
2024-07-05 00:15:00,2024-07-05 02:30:00,2.5,2.4,3.21,0
2024-07-05 08:30:00,2024-07-05 09:00:00,0.75,3.7,3.7999999999999994,8
2024-07-05 11:00:00,2024-07-05 11:45:00,1.0,3.3,3.675,11
2024-07-06 01:00:00,2024-07-06 03:15:00,2.5,2.7,3.4,1
2024-07-06 09:15:00,2024-07-06 09:30:00,0.5,3.7,3.8,9
2024-07-06 11:45:00,2024-07-06 12:45:00,1.25,3.3,3.72,11
2024-07-07 00:30:00,2024-07-07 03:30:00,3.25,2.9,3.7846153846153845,0
2024-07-07 10:00:00,2024-07-07 13:00:00,3.25,3.6,4.138461538461538,10
2024-07-08 00:45:00,2024-07-08 04:30:00,4.0,2.5,3.7687500000000003,0
2024-07-08 13:15:00,2024-07-08 14:00:00,1.0,3.5,3.775,13
2024-07-08 23:30:00,2024-07-09 00:45:00,1.5,4.2,4.516666666666667,23
2024-07-09 02:45:00,2024-07-09 05:00:00,2.5,2.3,3.13,2
2024-07-09 11:30:00,2024-07-09 11:45:00,0.5,3.3,3.5,11
2024-07-09 14:00:00,2024-07-09 14:45:00,1.0,3.5,3.75,14
2024-07-09 18:30:00,2024-07-09 18:45:00,0.5,3.1,3.2,18
2024-07-10 00:00:00,2024-07-10 00:15:00,0.5,3.9,4.0,0
2024-07-10 02:15:00,2024-07-10 03:00:00,1.0,3.6,3.9,2
2024-07-10 05:30:00,2024-07-10 05:45:00,0.5,2.2,2.45,5
2024-07-10 12:15:00,2024-07-10 12:30:00,0.5,3.6,3.75,12
2024-07-10 14:45:00,2024-07-10 15:30:00,1.0,3.5,3.8,14
2024-07-10 17:30:00,2024-07-10 17:45:00,0.5,2.7,2.85,17
2024-07-11 03:15:00,2024-07-11 03:45:00,0.75,3.3,3.533333333333333,3
2024-07-11 05:45:00,2024-07-11 06:15:00,0.75,2.3,2.433333333333333,5
2024-07-11 15:30:00,2024-07-11 16:00:00,0.75,3.5,3.6666666666666665,15
2024-07-11 18:15:00,2024-07-11 18:30:00,0.5,2.5,2.6,18
2024-07-12 04:00:00,2024-07-12 04:30:00,0.75,3.3,3.5666666666666664,4
2024-07-12 13:15:00,2024-07-12 13:30:00,0.5,3.4,3.7,13
2024-07-12 15:45:00,2024-07-12 16:45:00,1.25,3.3,3.6,15
2024-07-12 19:00:00,2024-07-12 19:15:00,0.5,2.3,2.55,19
2024-07-13 03:30:00,2024-07-13 04:15:00,1.0,3.1,3.4,3
2024-07-13 14:15:00,2024-07-13 14:30:00,0.5,3.4,3.55,14
2024-07-13 16:30:00,2024-07-13 17:00:00,0.75,3.4,3.566666666666667,16
2024-07-13 19:30:00,2024-07-13 20:00:00,0.75,2.2,2.5000000000000004,19
2024-07-14 01:45:00,2024-07-14 02:15:00,0.75,3.3,3.5333333333333337,1
2024-07-14 04:30:00,2024-07-14 04:45:00,0.5,3.1,3.2,4
2024-07-14 07:45:00,2024-07-14 08:00:00,0.5,1.9,2.05,7
2024-07-14 14:45:00,2024-07-14 15:45:00,1.25,3.6,3.94,14
2024-07-15 02:45:00,2024-07-15 03:00:00,0.5,3.5,3.65,2
2024-07-15 17:00:00,2024-07-15 19:30:00,2.75,3.9,4.6454545454545455,17
2024-07-15 21:30:00,2024-07-15 21:45:00,0.5,3.0,3.1,21
2024-07-16 03:45:00,2024-07-16 06:15:00,2.75,3.6,4.109090909090909,3
2024-07-16 09:15:00,2024-07-16 09:30:00,0.5,2.6,2.7,9
2024-07-16 11:45:00,2024-07-16 12:00:00,0.5,3.3,3.45,11
2024-07-16 17:45:00,2024-07-16 20:45:00,3.25,4.0,4.938461538461539,17
2024-07-17 04:45:00,2024-07-17 05:00:00,0.5,4.1,4.199999999999999,4
2024-07-17 06:30:00,2024-07-17 07:00:00,0.75,3.9,4.066666666666667,6
2024-07-17 12:30:00,2024-07-17 12:45:00,0.5,3.9,4.05,12
2024-07-17 18:30:00,2024-07-17 22:00:00,3.75,4.0,5.053333333333334,18
2024-07-17 23:30:00,2024-07-18 00:00:00,0.75,2.9,3.3000000000000003,23
2024-07-18 05:30:00,2024-07-18 05:45:00,0.5,4.1,4.199999999999999,5
2024-07-18 11:15:00,2024-07-18 12:00:00,1.0,2.9,3.2249999999999996,11
2024-07-18 19:15:00,2024-07-18 19:45:00,0.75,5.4,5.5,19
2024-07-18 21:30:00,2024-07-19 01:00:00,3.75,2.9,3.973333333333333,21
2024-07-19 06:00:00,2024-07-19 07:15:00,1.5,4.2,4.516666666666667,6
2024-07-19 09:00:00,2024-07-19 10:15:00,1.5,3.6,3.966666666666667,9
2024-07-19 12:30:00,2024-07-19 13:00:00,0.75,2.9,3.033333333333333,12
2024-07-19 23:15:00,2024-07-20 01:45:00,2.75,2.7,3.527272727272728,23
2024-07-20 07:30:00,2024-07-20 07:45:00,0.5,3.7,3.95,7
2024-07-20 09:45:00,2024-07-20 11:00:00,1.5,3.3,3.6999999999999997,9
2024-07-20 13:00:00,2024-07-20 13:30:00,0.75,2.4,2.6,13
2024-07-21 00:30:00,2024-07-21 02:15:00,2.0,2.8,3.4375,0
2024-07-21 08:45:00,2024-07-21 09:00:00,0.5,3.5,3.6,8
2024-07-21 11:15:00,2024-07-21 12:15:00,1.25,3.1,3.4800000000000004,11
2024-07-21 14:15:00,2024-07-21 16:00:00,2.0,2.7,3.0875,14
2024-07-22 01:15:00,2024-07-22 03:45:00,2.75,2.3,3.1727272727272724,1
2024-07-22 12:45:00,2024-07-22 13:15:00,0.75,3.2,3.5,12
2024-07-22 22:45:00,2024-07-22 23:00:00,0.5,3.1,3.5999999999999996,22
2024-07-23 02:45:00,2024-07-23 03:45:00,1.25,2.7,3.04,2
2024-07-23 11:00:00,2024-07-23 11:15:00,0.5,2.9,3.15,11
2024-07-23 16:15:00,2024-07-23 16:30:00,0.5,2.2,2.55,16
2024-07-23 23:45:00,2024-07-24 00:00:00,0.5,3.4,3.65,23
2024-07-24 04:00:00,2024-07-24 05:30:00,1.75,1.9,2.7714285714285714,4
2024-07-24 15:00:00,2024-07-24 15:15:00,0.5,3.4,3.5,15
2024-07-24 17:00:00,2024-07-24 17:15:00,0.5,2.5,2.7,17
2024-07-25 00:30:00,2024-07-25 00:45:00,0.5,3.5,3.6,0
2024-07-25 03:45:00,2024-07-25 06:00:00,2.5,2.2,3.25,3
2024-07-25 17:45:00,2024-07-25 18:15:00,0.75,2.8,2.9333333333333336,17
2024-07-26 04:15:00,2024-07-26 04:30:00,0.5,3.4,3.5,4
2024-07-26 06:15:00,2024-07-26 06:45:00,0.75,2.1,2.3333333333333335,6
2024-07-26 13:45:00,2024-07-26 15:00:00,1.5,3.0,3.8166666666666664,13
2024-07-26 17:15:00,2024-07-26 19:00:00,2.0,2.3,3.125,17
2024-07-27 01:45:00,2024-07-27 02:00:00,0.5,2.7,2.95,1
2024-07-27 05:00:00,2024-07-27 07:30:00,2.75,1.8,2.690909090909091,5
2024-07-27 19:30:00,2024-07-27 19:45:00,0.5,2.9,3.05,19
2024-07-28 02:30:00,2024-07-28 03:15:00,1.0,3.3,3.7750000000000004,2
2024-07-28 06:15:00,2024-07-28 08:15:00,2.25,2.3,3.0000000000000004,6
2024-07-28 16:00:00,2024-07-28 16:15:00,0.5,3.4,3.7,16
2024-07-29 03:45:00,2024-07-29 04:00:00,0.5,2.8,2.95,3
2024-07-29 08:15:00,2024-07-29 09:15:00,1.25,2.0,2.68,8
2024-07-29 16:45:00,2024-07-29 17:00:00,0.5,3.0,3.45,16
2024-07-29 21:45:00,2024-07-29 22:15:00,0.75,2.4,2.8000000000000003,21
2024-07-30 08:45:00,2024-07-30 10:00:00,1.5,2.1,2.6833333333333336,8
2024-07-30 23:00:00,2024-07-30 23:15:00,0.5,2.4,2.5999999999999996,23
2024-07-31 05:00:00,2024-07-31 05:30:00,0.75,2.6,3.033333333333333,5
2024-07-31 07:30:00,2024-07-31 08:15:00,1.0,3.2,3.4000000000000004,7
2024-07-31 20:45:00,2024-08-01 00:00:00,3.5,2.2,3.592857142857143,20
2024-08-01 06:15:00,2024-08-01 06:45:00,0.75,2.8,3.233333333333333,6
2024-08-01 09:00:00,2024-08-01 09:15:00,0.5,3.3,3.4,9
2024-08-01 13:45:00,2024-08-01 14:00:00,0.5,3.9,4.05,13
2024-08-01 23:00:00,2024-08-01 23:30:00,0.75,3.7,3.866666666666667,23
2024-08-02 07:30:00,2024-08-02 07:45:00,0.5,3.6,3.75,7
2024-08-02 09:45:00,2024-08-02 10:15:00,0.75,3.5,3.6999999999999997,9
2024-08-02 12:45:00,2024-08-02 13:30:00,1.0,2.7,3.15,12
2024-08-02 20:15:00,2024-08-02 20:30:00,0.5,3.9,4.2,20
2024-08-02 23:15:00,2024-08-03 02:00:00,3.0,1.9,3.158333333333333,23
2024-08-03 08:00:00,2024-08-03 08:30:00,0.75,3.6,3.8000000000000003,8
2024-08-03 10:30:00,2024-08-03 11:00:00,0.75,3.4,3.6666666666666665,10
2024-08-03 13:30:00,2024-08-03 14:00:00,0.75,2.5,2.9,13
2024-08-03 21:15:00,2024-08-03 21:30:00,0.5,4.8,4.9,21
2024-08-04 00:15:00,2024-08-04 02:45:00,2.75,2.5,3.6545454545454543,0
2024-08-04 08:45:00,2024-08-04 09:00:00,0.5,3.6,3.75,8
2024-08-04 11:15:00,2024-08-04 12:00:00,1.0,3.7,3.95,11
2024-08-05 00:00:00,2024-08-05 03:30:00,3.75,2.3,3.7599999999999993,0
2024-08-05 10:00:00,2024-08-05 10:15:00,0.5,3.5,3.8,10
2024-08-05 13:00:00,2024-08-05 15:30:00,2.75,2.8,3.463636363636364,13
2024-08-05 23:00:00,2024-08-05 23:15:00,0.5,4.8,4.9,23
2024-08-06 11:15:00,2024-08-06 11:30:00,0.5,4.9,5.0,11
2024-08-06 16:30:00,2024-08-06 16:45:00,0.5,3.8,4.1,16
2024-08-06 23:30:00,2024-08-06 23:45:00,0.5,4.1,4.4,23
2024-08-07 04:30:00,2024-08-07 04:45:00,0.5,3.8,3.9,4
2024-08-07 11:15:00,2024-08-07 11:30:00,0.5,4.1,4.4,11
2024-08-07 13:45:00,2024-08-07 14:15:00,0.75,4.3,4.466666666666666,13
2024-08-07 16:00:00,2024-08-07 16:45:00,1.0,3.1,3.4999999999999996,16
2024-08-08 02:00:00,2024-08-08 04:45:00,3.0,2.9,3.974999999999999,2
2024-08-08 15:15:00,2024-08-08 16:30:00,1.5,3.3,3.866666666666667,15
2024-08-09 04:00:00,2024-08-09 05:30:00,1.75,2.8,3.3714285714285714,4
2024-08-09 16:45:00,2024-08-09 17:45:00,1.25,2.8,3.1399999999999997,16
2024-08-09 20:15:00,2024-08-09 20:30:00,0.5,3.4,3.5,20
2024-08-10 04:30:00,2024-08-10 05:30:00,1.25,2.7,3.04,4
2024-08-10 17:45:00,2024-08-10 18:15:00,0.75,2.4,2.6666666666666665,17
2024-08-11 05:45:00,2024-08-11 06:00:00,0.5,2.3,2.4,5
2024-08-11 09:15:00,2024-08-11 09:45:00,0.75,2.6,2.733333333333333,9
2024-08-13 10:45:00,2024-08-13 11:15:00,0.75,1.8,1.9666666666666666,10
2024-08-13 15:45:00,2024-08-13 17:30:00,2.0,2.0,2.2750000000000004,15
2024-08-14 17:00:00,2024-08-14 17:15:00,0.5,2.2,2.45,17
2024-08-14 19:00:00,2024-08-14 19:15:00,0.5,2.2,2.3,19
2024-08-15 09:30:00,2024-08-15 09:45:00,0.5,1.5,1.65,9
2024-08-15 12:45:00,2024-08-15 13:00:00,0.5,2.1,2.2,12
2024-08-16 05:45:00,2024-08-16 06:00:00,0.5,1.6,1.7000000000000002,5
2024-08-16 09:45:00,2024-08-16 10:45:00,1.25,1.6,1.9400000000000002,9
2024-08-16 13:30:00,2024-08-16 14:00:00,0.75,2.0,2.1666666666666665,13
2024-08-17 07:00:00,2024-08-17 07:15:00,0.5,1.8,1.9500000000000002,7
2024-08-17 12:00:00,2024-08-17 12:30:00,0.75,1.7,1.8,12
2024-08-17 14:15:00,2024-08-17 14:45:00,0.75,2.2,2.3333333333333335,14
2024-08-18 08:00:00,2024-08-18 08:15:00,0.5,1.8,1.9500000000000002,8
2024-08-19 13:30:00,2024-08-19 14:15:00,1.0,1.9,2.175,13
2024-08-22 00:00:00,2024-08-22 01:15:00,1.5,3.0,3.266666666666666,0
2024-08-22 12:15:00,2024-08-22 13:15:00,1.25,3.0,3.1999999999999997,12
2024-08-23 13:00:00,2024-08-23 14:00:00,1.25,3.5,3.56,13
2024-08-24 13:45:00,2024-08-24 14:00:00,0.5,3.4,3.65,13
2024-08-25 14:30:00,2024-08-25 15:00:00,0.75,4.1,4.2,14
2024-08-26 02:15:00,2024-08-26 02:30:00,0.5,3.5,3.6,2
2024-08-26 06:45:00,2024-08-26 07:45:00,1.25,2.5,3.02,6
2024-08-26 15:30:00,2024-08-26 15:45:00,0.5,3.6,3.8,15
2024-08-26 19:45:00,2024-08-26 20:30:00,1.0,3.1,3.3,19
2024-08-27 08:00:00,2024-08-27 08:45:00,1.0,2.2,2.5250000000000004,8
2024-08-28 08:30:00,2024-08-28 09:30:00,1.25,2.3,2.6199999999999997,8
2024-08-28 21:45:00,2024-08-28 22:45:00,1.25,1.8,2.6,21
2024-08-29 10:00:00,2024-08-29 10:45:00,1.0,1.9,2.1999999999999997,10
2024-08-29 23:00:00,2024-08-29 23:45:00,1.0,1.9,2.275,23
2024-08-30 06:15:00,2024-08-30 06:30:00,0.5,2.8,2.9,6
2024-08-30 22:45:00,2024-08-31 00:45:00,2.25,1.9,2.5777777777777775,22
2024-08-31 10:00:00,2024-08-31 10:30:00,0.75,2.7,2.8333333333333335,10
2024-08-31 12:00:00,2024-08-31 12:15:00,0.5,1.8,1.9500000000000002,12
2024-08-31 20:15:00,2024-08-31 20:30:00,0.5,3.4,3.5,20
2024-09-01 08:15:00,2024-09-01 08:30:00,0.5,2.7,2.85,8
2024-09-03 10:00:00,2024-09-03 10:45:00,1.0,3.2,3.5999999999999996,10
2024-09-03 14:45:00,2024-09-03 15:00:00,0.5,2.8,2.95,14
2024-09-03 22:30:00,2024-09-03 22:45:00,0.5,4.2,4.300000000000001,22
2024-09-04 11:00:00,2024-09-04 12:15:00,1.5,4.4,4.633333333333333,11
2024-09-06 02:45:00,2024-09-06 03:15:00,0.75,4.0,4.166666666666667,2
2024-09-06 15:30:00,2024-09-06 16:15:00,1.0,3.9,4.125,15
2024-09-07 03:15:00,2024-09-07 03:30:00,0.5,3.9,4.0,3
2024-09-07 15:45:00,2024-09-07 17:30:00,2.0,3.3,3.7874999999999996,15
2024-09-08 00:00:00,2024-09-08 00:15:00,0.5,4.1,4.199999999999999,0
2024-09-08 03:00:00,2024-09-08 05:00:00,2.25,3.2,3.688888888888889,3
2024-09-08 13:15:00,2024-09-08 14:30:00,1.5,4.6,4.716666666666666,13
2024-09-09 05:30:00,2024-09-09 05:45:00,0.5,3.2,3.3,5
2024-09-10 15:00:00,2024-09-10 15:15:00,0.5,5.2,5.300000000000001,15
2024-09-10 18:15:00,2024-09-10 19:00:00,1.0,4.3,4.525,18
2024-09-11 04:30:00,2024-09-11 05:30:00,1.25,4.2,4.54,4
2024-09-11 15:30:00,2024-09-11 16:00:00,0.75,5.2,5.466666666666666,15
2024-09-11 19:15:00,2024-09-11 19:45:00,0.75,4.5,4.666666666666667,19
2024-09-12 05:45:00,2024-09-12 06:45:00,1.25,4.4,4.720000000000001,5
2024-09-12 20:15:00,2024-09-12 22:00:00,2.0,3.8,4.375,20
2024-09-13 06:45:00,2024-09-13 08:00:00,1.5,4.1,4.5,6
2024-09-13 21:15:00,2024-09-13 22:15:00,1.25,4.0,4.4,21
2024-09-14 08:15:00,2024-09-14 09:30:00,1.5,3.9,4.333333333333333,8
2024-09-14 23:00:00,2024-09-15 00:45:00,2.0,3.5,4.1,23
2024-09-15 10:30:00,2024-09-15 12:15:00,2.0,3.6,4.125,10
2024-09-15 20:30:00,2024-09-15 21:45:00,1.5,5.5,5.75,20
2024-09-16 00:45:00,2024-09-16 01:15:00,0.75,4.3,4.466666666666666,0
2024-09-16 11:30:00,2024-09-16 13:45:00,2.5,4.1,4.569999999999999,11
2024-09-17 01:00:00,2024-09-17 02:30:00,1.75,3.9,4.285714285714286,1
2024-09-17 13:00:00,2024-09-17 13:15:00,0.5,4.6,4.699999999999999,13
2024-09-18 22:30:00,2024-09-18 23:30:00,1.25,4.7,4.82,22
2024-09-20 11:45:00,2024-09-20 12:00:00,0.5,4.1,4.25,11
2024-09-24 07:15:00,2024-09-24 07:30:00,0.5,3.3,3.4,7
2024-09-24 15:15:00,2024-09-24 15:30:00,0.5,4.2,4.4,15
2024-09-26 17:00:00,2024-09-26 17:15:00,0.5,4.8,4.9,17
2024-09-27 21:00:00,2024-09-27 21:30:00,0.75,4.6,4.8,21
2024-09-28 08:30:00,2024-09-28 09:00:00,0.75,4.2,4.3999999999999995,8
2024-09-28 22:30:00,2024-09-29 00:15:00,2.0,3.1,3.6624999999999996,22
2024-09-29 10:00:00,2024-09-29 10:30:00,0.75,3.8,4.0,10
2024-09-29 20:00:00,2024-09-29 21:15:00,1.5,4.9,5.05,20
2024-09-29 23:15:00,2024-09-30 00:15:00,1.25,3.5,3.84,23
2024-09-30 20:45:00,2024-09-30 22:15:00,1.75,4.6,4.928571428571429,20
2024-10-01 00:15:00,2024-10-01 00:45:00,0.75,3.5,3.6999999999999997,0
2024-10-01 09:00:00,2024-10-01 10:00:00,1.25,4.5,4.64,9
2024-10-01 12:30:00,2024-10-01 14:00:00,1.75,3.1,3.4571428571428577,12
2024-10-01 21:15:00,2024-10-01 22:15:00,1.25,4.5,4.68,21
2024-10-02 00:45:00,2024-10-02 02:15:00,1.75,2.9,3.3,0
2024-10-02 22:00:00,2024-10-02 23:45:00,2.0,4.4,4.75,22
2024-10-03 22:30:00,2024-10-03 23:45:00,1.5,4.7,4.933333333333333,22
2024-10-05 22:45:00,2024-10-05 23:15:00,0.75,4.5,4.566666666666666,22
2024-10-08 05:15:00,2024-10-08 05:30:00,0.5,3.6,3.8,5
2024-10-11 06:30:00,2024-10-11 06:45:00,0.5,5.1,5.199999999999999,6
2024-10-11 21:45:00,2024-10-11 22:00:00,0.5,4.4,4.550000000000001,21
2024-10-12 07:00:00,2024-10-12 07:30:00,0.75,5.0,5.2,7
2024-10-12 09:30:00,2024-10-12 10:15:00,1.0,4.1,4.275,9
2024-10-13 05:15:00,2024-10-13 05:30:00,0.5,5.2,5.300000000000001,5
2024-10-13 08:15:00,2024-10-13 08:45:00,0.75,4.8,4.966666666666666,8
2024-10-13 21:45:00,2024-10-13 22:30:00,1.0,4.6,4.85,21
2024-10-14 06:00:00,2024-10-14 06:15:00,0.5,5.1,5.199999999999999,6
2024-10-14 09:15:00,2024-10-14 09:30:00,0.5,4.7,4.800000000000001,9
2024-10-14 11:45:00,2024-10-14 12:00:00,0.5,3.8,3.9499999999999997,11
2024-10-14 18:45:00,2024-10-14 19:00:00,0.5,5.5,5.6,18
2024-10-14 22:00:00,2024-10-14 22:30:00,0.75,4.8,5.0,22
2024-10-15 11:15:00,2024-10-15 12:45:00,1.75,4.2,4.714285714285714,11
2024-10-15 23:45:00,2024-10-16 01:45:00,2.25,4.1,4.633333333333334,23
2024-10-21 00:00:00,2024-10-21 00:15:00,0.5,6.0,6.15,0
2024-10-23 14:30:00,2024-10-23 14:45:00,0.5,5.9,6.050000000000001,14
2024-10-24 02:15:00,2024-10-24 02:30:00,0.5,5.7,5.85,2
2024-10-24 15:30:00,2024-10-24 15:45:00,0.5,6.0,6.1,15
2024-10-24 20:30:00,2024-10-24 20:45:00,0.5,5.2,5.45,20
2024-10-25 21:15:00,2024-10-25 21:30:00,0.5,5.2,5.300000000000001,21
2024-10-26 16:45:00,2024-10-26 17:15:00,0.75,5.8,6.0,16
2024-10-26 20:00:00,2024-10-26 20:15:00,0.5,5.7,5.800000000000001,20
2024-10-26 22:30:00,2024-10-26 23:00:00,0.75,4.6,4.833333333333333,22
2024-10-27 04:30:00,2024-10-27 05:45:00,1.5,5.7,5.983333333333334,4
2024-10-27 10:15:00,2024-10-27 10:45:00,0.75,4.7,4.866666666666667,10
2024-10-27 17:45:00,2024-10-27 18:30:00,1.0,6.0,6.2,17
2024-10-27 23:15:00,2024-10-27 23:45:00,0.75,4.6,4.833333333333333,23
2024-10-28 10:15:00,2024-10-28 12:00:00,2.0,4.7,5.25,10
2024-10-28 22:45:00,2024-10-29 00:45:00,2.25,4.6,5.177777777777778,22
2024-10-29 11:15:00,2024-10-29 13:00:00,2.0,4.6,5.075,11
2024-10-29 23:00:00,2024-10-30 01:00:00,2.25,4.3,4.966666666666667,23
2024-10-30 11:30:00,2024-10-30 13:30:00,2.25,4.4,5.033333333333334,11
2024-10-30 19:00:00,2024-10-30 20:15:00,1.5,5.4,5.8500000000000005,19
2024-10-30 23:00:00,2024-10-30 23:30:00,0.75,5.3,5.5,23
2024-10-31 01:15:00,2024-10-31 01:30:00,0.5,4.1,4.3,1
2024-10-31 12:15:00,2024-10-31 12:30:00,0.5,5.4,5.5,12
2024-10-31 14:00:00,2024-10-31 14:15:00,0.5,4.5,4.65,14
2024-10-31 20:45:00,2024-10-31 21:00:00,0.5,5.6,5.699999999999999,20
2024-11-01 00:00:00,2024-11-01 00:15:00,0.5,5.3,5.4,0
2024-11-01 01:45:00,2024-11-01 02:00:00,0.5,4.3,4.5,1
2024-11-01 09:30:00,2024-11-01 09:45:00,0.5,5.4,5.5,9
2024-11-02 00:30:00,2024-11-02 02:45:00,2.5,4.4,4.99,0
2024-11-02 14:00:00,2024-11-02 15:30:00,1.75,4.7,5.171428571428572,14
2024-11-04 03:45:00,2024-11-04 04:00:00,0.5,4.9,5.0,3
2024-11-04 12:00:00,2024-11-04 12:15:00,0.5,5.7,5.800000000000001,12
2024-11-05 04:15:00,2024-11-05 04:30:00,0.5,4.8,5.0,4
2024-11-06 04:15:00,2024-11-06 04:45:00,0.75,5.0,5.133333333333334,4
2024-11-07 06:00:00,2024-11-07 06:45:00,1.0,4.6,4.775,6
2024-11-07 13:45:00,2024-11-07 14:00:00,0.5,5.3,5.5,13
2024-11-07 17:00:00,2024-11-07 18:45:00,2.0,4.6,5.0,17
2024-11-08 03:45:00,2024-11-08 04:15:00,0.75,4.9,5.133333333333334,3
2024-11-08 17:45:00,2024-11-08 19:45:00,2.25,4.0,4.566666666666666,17
2024-11-09 05:15:00,2024-11-09 05:45:00,0.75,4.5,4.7,5
2024-11-09 20:00:00,2024-11-09 21:00:00,1.25,4.4,4.739999999999999,20
2024-11-10 08:00:00,2024-11-10 09:45:00,2.0,4.2,4.6875,8
2024-11-10 20:15:00,2024-11-10 22:15:00,2.25,4.0,4.6000000000000005,20
2024-11-11 08:45:00,2024-11-11 10:15:00,1.75,3.9,4.314285714285714,8
2024-11-11 21:15:00,2024-11-11 23:15:00,2.25,3.6,4.188888888888889,21
2024-11-12 06:15:00,2024-11-12 06:30:00,0.5,4.9,5.0,6
2024-11-12 10:15:00,2024-11-12 11:30:00,1.5,3.8,4.166666666666666,10
2024-11-12 23:00:00,2024-11-13 00:15:00,1.5,3.8,4.15,23
2024-11-14 00:15:00,2024-11-14 01:30:00,1.5,4.5,4.716666666666666,0
2024-11-18 17:30:00,2024-11-18 17:45:00,0.5,5.8,5.9,17
2024-11-18 19:30:00,2024-11-18 20:45:00,1.5,5.5,5.716666666666666,19
2024-11-19 12:15:00,2024-11-19 12:45:00,0.75,5.2,5.3,12
2024-11-19 18:00:00,2024-11-19 18:15:00,0.5,5.8,5.9,18
2024-11-19 20:15:00,2024-11-19 20:45:00,0.75,5.7,5.8,20
2024-11-20 07:30:00,2024-11-20 08:00:00,0.75,5.6,5.733333333333333,7
2024-11-20 18:45:00,2024-11-20 20:00:00,1.5,5.6,5.766666666666667,18
2024-11-20 21:30:00,2024-11-20 22:30:00,1.25,4.9,5.58,21
2024-11-21 07:30:00,2024-11-21 08:15:00,1.0,5.6,5.75,7
2024-11-22 00:45:00,2024-11-22 01:30:00,1.0,6.0,6.1,0
2024-11-22 14:00:00,2024-11-22 14:45:00,1.0,6.4,6.525,14
2024-11-22 19:45:00,2024-11-22 21:45:00,2.25,5.7,5.988888888888889,19
2024-11-23 21:15:00,2024-11-23 22:45:00,1.75,5.9,6.071428571428571,21
2024-11-24 09:00:00,2024-11-24 09:45:00,1.0,5.9,6.050000000000001,9
2024-11-25 02:00:00,2024-11-25 03:15:00,1.5,6.5,6.666666666666667,2
2024-11-25 10:15:00,2024-11-25 11:30:00,1.5,5.9,6.083333333333333,10
2024-11-25 15:45:00,2024-11-25 16:45:00,1.25,6.6,6.68,15
2024-11-25 23:00:00,2024-11-25 23:30:00,0.75,5.8,5.933333333333334,23
2024-11-27 23:45:00,2024-11-28 00:30:00,1.0,5.8,6.0,23
2024-11-29 00:15:00,2024-11-29 01:15:00,1.25,5.6,5.82,0
2024-11-29 13:30:00,2024-11-29 14:15:00,1.0,5.8,5.949999999999999,13
2024-11-30 02:00:00,2024-11-30 02:15:00,0.5,5.6,5.699999999999999,2
2024-11-30 07:15:00,2024-11-30 08:00:00,1.0,6.8,6.875,7
2024-11-30 14:15:00,2024-11-30 15:00:00,1.0,6.1,6.25,14
2024-12-01 02:00:00,2024-12-01 02:30:00,0.75,6.1,6.233333333333333,2
2024-12-21 18:45:00,2024-12-21 19:00:00,0.5,7.3,7.4,18
2025-01-19 06:00:00,2025-01-19 06:30:00,0.75,9.3,9.366666666666667,6
2025-01-31 16:45:00,2025-01-31 17:00:00,0.5,11.0,11.1,16
2025-01-31 18:30:00,2025-01-31 19:00:00,0.75,10.4,10.566666666666665,18
2025-02-01 10:30:00,2025-02-01 11:00:00,0.75,9.8,9.9,10
2025-02-01 17:30:00,2025-02-01 19:30:00,2.25,10.2,10.7,17
2025-02-02 05:00:00,2025-02-02 05:45:00,1.0,9.4,9.85,5
2025-02-02 18:00:00,2025-02-02 20:30:00,2.75,9.9,10.345454545454546,18
2025-02-03 06:15:00,2025-02-03 06:45:00,0.75,9.2,9.433333333333334,6
2025-02-03 18:30:00,2025-02-03 21:00:00,2.75,8.8,10.236363636363636,18
2025-02-04 00:45:00,2025-02-04 02:00:00,1.5,9.4,9.566666666666668,0
2025-02-04 07:15:00,2025-02-04 08:00:00,1.0,9.3,9.5,7
2025-02-04 19:15:00,2025-02-04 22:30:00,3.5,9.6,10.085714285714285,19
2025-02-05 01:15:00,2025-02-05 01:45:00,0.75,9.4,9.5,1
2025-02-05 08:15:00,2025-02-05 09:45:00,1.75,8.8,9.37142857142857,8
2025-02-05 20:00:00,2025-02-05 20:45:00,1.0,9.0,9.7,20
2025-02-06 09:15:00,2025-02-06 09:30:00,0.5,8.9,9.0,9
2025-03-11 22:45:00,2025-03-11 23:15:00,0.75,7.8,7.966666666666668,22
2025-03-17 02:15:00,2025-03-17 02:30:00,0.5,7.0,7.1,2
2025-04-01 14:30:00,2025-04-01 14:45:00,0.5,6.1,6.199999999999999,14
2025-04-02 04:30:00,2025-04-02 05:00:00,0.75,5.5,5.666666666666667,4
2025-04-02 15:15:00,2025-04-02 15:30:00,0.5,6.0,6.1,15
2025-04-03 05:15:00,2025-04-03 07:00:00,2.0,4.9,5.375,5
2025-04-03 15:30:00,2025-04-03 15:45:00,0.5,6.0,6.1,15
2025-04-03 18:30:00,2025-04-03 18:45:00,0.5,5.0,5.1,18
2025-04-04 05:15:00,2025-04-04 05:45:00,0.75,5.5,5.7,5
2025-04-04 16:15:00,2025-04-04 16:30:00,0.5,6.0,6.1,16
2025-04-05 05:45:00,2025-04-05 06:45:00,1.25,5.3,5.7,5
2025-04-05 17:15:00,2025-04-05 18:00:00,1.0,5.9,6.15,17
2025-04-05 20:30:00,2025-04-05 20:45:00,0.5,4.8,4.949999999999999,20
2025-04-06 06:30:00,2025-04-06 07:15:00,1.0,5.7,5.999999999999999,6
2025-04-06 15:30:00,2025-04-06 16:15:00,1.0,6.5,6.75,15
2025-04-06 18:30:00,2025-04-06 18:45:00,0.5,6.3,6.4,18
2025-04-06 21:45:00,2025-04-06 22:00:00,0.5,4.9,5.050000000000001,21
2025-04-07 04:45:00,2025-04-07 05:00:00,0.5,6.3,6.4,4
2025-04-07 07:15:00,2025-04-07 10:30:00,3.5,5.0,5.707142857142857,7
2025-04-07 20:15:00,2025-04-07 21:00:00,1.0,6.1,6.35,20
2025-04-08 08:00:00,2025-04-08 08:45:00,1.0,5.9,6.15,8
2025-04-08 21:30:00,2025-04-08 23:45:00,2.5,5.3,6.02,21
2025-04-09 10:30:00,2025-04-09 11:00:00,0.75,5.9,6.066666666666667,10
2025-04-09 23:45:00,2025-04-10 00:30:00,1.0,5.8,6.05,23
2025-04-10 10:45:00,2025-04-10 11:30:00,1.0,5.9,6.174999999999999,10
2025-04-10 23:30:00,2025-04-11 00:15:00,1.0,5.8,6.1000000000000005,23
2025-04-11 10:30:00,2025-04-11 11:15:00,1.0,5.8,6.1000000000000005,10
2025-04-11 13:15:00,2025-04-11 14:45:00,1.75,5.0,5.428571428571429,13
2025-04-12 00:00:00,2025-04-12 00:45:00,1.0,5.6,5.9,0
2025-04-12 11:45:00,2025-04-12 12:15:00,0.75,5.8,5.966666666666666,11
2025-04-13 01:15:00,2025-04-13 01:45:00,0.75,5.7,5.8999999999999995,1
2025-04-13 12:30:00,2025-04-13 12:45:00,0.5,6.1,6.199999999999999,12
2025-04-14 01:30:00,2025-04-14 03:45:00,2.5,5.0,5.72,1
2025-04-15 01:45:00,2025-04-15 02:00:00,0.5,6.2,6.300000000000001,1
2025-04-16 16:00:00,2025-04-16 16:15:00,0.5,5.8,5.949999999999999,16
2025-04-18 03:45:00,2025-04-18 04:00:00,0.5,6.6,6.699999999999999,3
2025-04-18 05:30:00,2025-04-18 05:45:00,0.5,5.8,5.9,5
2025-04-18 12:00:00,2025-04-18 12:15:00,0.5,6.8,6.9,12
2025-04-18 17:30:00,2025-04-18 17:45:00,0.5,5.8,6.1,17
2025-04-19 03:45:00,2025-04-19 04:00:00,0.5,6.9,7.0,3
2025-04-19 12:45:00,2025-04-19 13:00:00,0.5,6.6,6.75,12
2025-04-19 18:00:00,2025-04-19 18:15:00,0.5,6.2,6.4,18
2025-04-20 18:45:00,2025-04-20 19:00:00,0.5,6.4,6.550000000000001,18
2025-04-21 20:15:00,2025-04-21 20:30:00,0.5,6.1,6.3,20
2025-04-22 21:45:00,2025-04-22 22:00:00,0.5,5.8,5.949999999999999,21
2025-04-24 09:15:00,2025-04-24 09:45:00,0.75,5.7,5.866666666666667,9
2025-04-24 22:00:00,2025-04-24 22:30:00,0.75,5.6,5.8,22
2025-04-25 00:00:00,2025-04-25 00:15:00,0.5,4.6,4.75,0
2025-04-25 10:30:00,2025-04-25 11:00:00,0.75,5.2,5.3999999999999995,10
2025-04-25 23:45:00,2025-04-26 01:15:00,1.75,4.2,4.714285714285714,23
2025-04-26 11:30:00,2025-04-26 11:45:00,0.5,4.9,5.0,11
2025-04-27 00:45:00,2025-04-27 02:30:00,2.0,3.6,4.375,0
2025-04-27 09:00:00,2025-04-27 10:00:00,1.25,4.3,5.0200000000000005,9
2025-04-27 12:00:00,2025-04-27 12:30:00,0.75,4.6,4.8,12
2025-04-27 14:00:00,2025-04-27 14:15:00,0.5,3.6,3.8499999999999996,14
2025-04-27 22:00:00,2025-04-27 23:00:00,1.25,4.3,5.339999999999999,22
2025-04-29 10:30:00,2025-04-29 10:45:00,0.5,4.0,4.25,10
2025-04-29 15:45:00,2025-04-29 16:15:00,0.75,3.7,4.1000000000000005,15
2025-04-30 05:00:00,2025-04-30 05:15:00,0.5,3.4,3.7,5
2025-05-01 04:30:00,2025-05-01 05:45:00,1.5,4.0,4.4,4
2025-05-01 17:30:00,2025-05-01 17:45:00,0.5,4.2,4.4,17
2025-05-02 04:30:00,2025-05-02 06:30:00,2.25,3.9,4.633333333333334,4
2025-05-03 13:30:00,2025-05-03 14:00:00,0.75,5.0,5.333333333333333,13
2025-05-03 19:30:00,2025-05-03 19:45:00,0.5,3.7,4.25,19
2025-05-04 08:00:00,2025-05-04 08:30:00,0.75,3.8,4.2,8
2025-05-04 15:00:00,2025-05-04 15:15:00,0.5,5.2,5.45,15
2025-05-04 18:00:00,2025-05-04 20:30:00,2.75,4.0,5.163636363636363,18
2025-05-05 06:30:00,2025-05-05 06:45:00,0.5,5.3,5.4,6
2025-05-05 08:45:00,2025-05-05 09:00:00,0.5,4.3,4.449999999999999,8
2025-05-05 17:45:00,2025-05-05 19:30:00,2.0,5.5,5.9875,17
2025-05-05 21:30:00,2025-05-05 21:45:00,0.5,4.4,4.550000000000001,21
2025-05-06 04:15:00,2025-05-06 04:30:00,0.5,5.4,5.5,4
2025-05-06 07:00:00,2025-05-06 07:15:00,0.5,5.4,5.5,7
2025-05-06 20:00:00,2025-05-06 20:15:00,0.5,5.6,5.699999999999999,20
2025-05-07 08:00:00,2025-05-07 08:15:00,0.5,5.2,5.300000000000001,8
2025-05-07 10:15:00,2025-05-07 10:45:00,0.75,4.3,4.466666666666666,10
2025-05-07 20:45:00,2025-05-07 21:30:00,1.0,5.1,5.375,20
2025-05-08 08:45:00,2025-05-08 09:30:00,1.0,4.8,5.05,8
2025-05-08 22:00:00,2025-05-08 22:30:00,0.75,4.8,5.033333333333334,22
2025-05-09 09:00:00,2025-05-09 10:00:00,1.25,4.5,4.84,9
2025-05-09 22:45:00,2025-05-10 01:15:00,2.75,3.7,4.481818181818182,22
2025-05-10 10:00:00,2025-05-10 12:30:00,2.75,3.8,4.427272727272728,10
2025-05-11 00:00:00,2025-05-11 03:15:00,3.5,3.7,4.364285714285715,0
2025-05-11 10:15:00,2025-05-11 11:00:00,1.0,4.7,5.050000000000001,10
2025-05-11 13:15:00,2025-05-11 13:30:00,0.5,3.8,3.9,13
2025-05-12 00:45:00,2025-05-12 02:45:00,2.25,3.8,4.466666666666667,0
2025-05-12 11:15:00,2025-05-12 12:15:00,1.25,4.5,4.94,11
2025-05-12 14:00:00,2025-05-12 14:15:00,0.5,3.4,3.5999999999999996,14
2025-05-13 01:15:00,2025-05-13 03:15:00,2.25,3.8,4.355555555555556,1
2025-05-13 11:45:00,2025-05-13 12:30:00,1.0,4.4,4.725,11
2025-05-13 14:15:00,2025-05-13 14:45:00,0.75,3.6,3.733333333333333,14
2025-05-14 01:45:00,2025-05-14 04:00:00,2.5,3.5,4.21,1
2025-05-14 12:15:00,2025-05-14 15:15:00,3.25,3.5,4.338461538461538,12
2025-05-14 22:45:00,2025-05-14 23:00:00,0.5,5.7,5.800000000000001,22
2025-05-15 02:15:00,2025-05-15 02:45:00,0.75,4.5,4.733333333333333,2
2025-05-15 04:15:00,2025-05-15 04:30:00,0.5,3.6,3.7,4
2025-05-15 10:30:00,2025-05-15 13:15:00,3.0,4.8,5.333333333333333,10
2025-05-15 15:30:00,2025-05-15 15:45:00,0.5,3.8,3.9,15
2025-05-15 23:15:00,2025-05-15 23:45:00,0.75,5.8,5.933333333333334,23
2025-05-16 02:00:00,2025-05-16 03:15:00,1.5,4.5,5.0,2
2025-05-16 05:00:00,2025-05-16 05:15:00,0.5,3.6,3.7,5
2025-05-16 13:30:00,2025-05-16 14:30:00,1.25,4.7,5.02,13
2025-05-16 16:30:00,2025-05-16 17:15:00,1.0,4.2,4.3500000000000005,16
2025-05-17 02:45:00,2025-05-17 05:45:00,3.25,3.2,4.592307692307692,2
2025-05-17 11:30:00,2025-05-17 11:45:00,0.5,4.9,5.15,11
2025-05-17 13:45:00,2025-05-17 14:15:00,0.75,5.3,5.466666666666666,13
2025-05-18 03:15:00,2025-05-18 04:00:00,1.0,4.9,5.2,3
2025-05-18 06:15:00,2025-05-18 06:30:00,0.5,3.5,3.8,6
2025-05-18 12:30:00,2025-05-18 13:30:00,1.25,5.3,5.720000000000001,12
2025-05-18 15:00:00,2025-05-18 18:00:00,3.25,4.0,4.892307692307692,15
2025-05-19 04:15:00,2025-05-19 07:15:00,3.25,3.9,4.6230769230769235,4
2025-05-19 13:30:00,2025-05-19 13:45:00,0.5,5.5,5.6,13
2025-05-19 16:15:00,2025-05-19 17:15:00,1.25,5.1,5.42,16
2025-05-19 18:45:00,2025-05-19 19:00:00,0.5,4.2,4.4,18
2025-05-20 05:15:00,2025-05-20 06:15:00,1.25,4.9,5.3,5
2025-05-20 08:00:00,2025-05-20 08:15:00,0.5,3.7,3.85,8
2025-05-20 14:45:00,2025-05-20 18:00:00,3.5,5.4,6.1,14
2025-05-20 19:30:00,2025-05-20 20:15:00,1.0,4.1,4.6,19
2025-05-21 06:15:00,2025-05-21 07:00:00,1.0,4.9,5.2,6
2025-05-21 08:30:00,2025-05-21 09:15:00,1.0,3.9,4.225,8
2025-05-21 15:45:00,2025-05-21 16:00:00,0.5,5.7,5.9,15
2025-05-21 18:15:00,2025-05-21 19:00:00,1.0,5.5,5.85,18
2025-05-21 21:15:00,2025-05-21 21:30:00,0.5,4.6,4.75,21
2025-05-22 04:00:00,2025-05-22 04:15:00,0.5,4.9,5.35,4
2025-05-22 06:45:00,2025-05-22 07:30:00,1.0,5.1,5.35,6
2025-05-22 17:15:00,2025-05-22 17:30:00,0.5,6.4,6.5,17
2025-05-22 20:30:00,2025-05-22 21:00:00,0.75,5.5,5.666666666666667,20
2025-05-23 08:15:00,2025-05-23 08:30:00,0.5,5.2,5.300000000000001,8
2025-05-23 22:00:00,2025-05-23 22:30:00,0.75,5.1,5.266666666666667,22
2025-05-24 09:30:00,2025-05-24 09:45:00,0.5,4.9,5.0,9
2025-05-24 11:45:00,2025-05-24 12:00:00,0.5,4.0,4.2,11
2025-05-25 10:45:00,2025-05-25 11:00:00,0.5,5.1,5.199999999999999,10
2025-05-28 10:00:00,2025-05-28 10:15:00,0.5,3.4,3.65,10
2025-05-29 11:00:00,2025-05-29 11:15:00,0.5,3.1,3.45,11
2025-05-29 16:15:00,2025-05-29 16:30:00,0.5,3.3,3.45,16
2025-05-30 05:15:00,2025-05-30 05:30:00,0.5,3.0,3.2,5
2025-05-31 17:45:00,2025-05-31 18:15:00,0.75,4.4,4.566666666666667,17
2025-06-01 04:45:00,2025-06-01 05:00:00,0.5,4.8,4.9,4
2025-06-01 13:45:00,2025-06-01 14:00:00,0.5,4.9,5.1,13
2025-06-02 19:45:00,2025-06-02 20:00:00,0.5,4.8,4.949999999999999,19
2025-06-03 20:45:00,2025-06-03 21:00:00,0.5,4.8,4.949999999999999,20
2025-06-04 03:45:00,2025-06-04 04:00:00,0.5,4.8,5.05,3
2025-06-05 06:45:00,2025-06-05 07:00:00,0.5,5.1,5.199999999999999,6
2025-06-05 20:15:00,2025-06-05 20:30:00,0.5,5.2,5.35,20
2025-06-06 10:15:00,2025-06-06 10:45:00,0.75,4.1,4.233333333333333,10
2025-06-07 21:15:00,2025-06-07 21:45:00,0.75,5.2,5.3999999999999995,21
2025-06-08 11:45:00,2025-06-08 12:15:00,0.75,4.1,4.2,11
2025-06-08 22:30:00,2025-06-09 01:45:00,3.5,3.8,4.521428571428571,22
2025-06-09 07:45:00,2025-06-09 10:00:00,2.5,4.8,5.1899999999999995,7
2025-06-09 22:45:00,2025-06-09 23:15:00,0.75,5.1,5.266666666666667,22
2025-06-10 07:45:00,2025-06-10 08:00:00,0.5,4.7,4.9,7
2025-06-10 10:15:00,2025-06-10 10:45:00,0.75,4.8,4.966666666666666,10
2025-06-11 00:15:00,2025-06-11 00:30:00,0.5,4.8,4.9,0
2025-06-12 00:15:00,2025-06-12 01:00:00,1.0,4.8,5.025,0
2025-06-12 03:00:00,2025-06-12 03:15:00,0.5,3.7,3.8,3
2025-06-12 10:45:00,2025-06-12 12:15:00,1.75,4.7,5.114285714285715,10
2025-06-13 01:45:00,2025-06-13 04:00:00,2.5,3.6,4.22,1
2025-06-13 10:00:00,2025-06-13 10:15:00,0.5,4.4,4.550000000000001,10
2025-06-13 12:30:00,2025-06-13 13:15:00,1.0,4.3,4.55,12
2025-06-14 02:15:00,2025-06-14 05:00:00,3.0,3.0,3.9250000000000003,2
2025-06-14 13:00:00,2025-06-14 14:30:00,1.75,4.1,4.471428571428572,13
2025-06-15 02:30:00,2025-06-15 03:15:00,1.0,4.0,4.25,2
2025-06-15 05:15:00,2025-06-15 05:45:00,0.75,3.1,3.1999999999999997,5
2025-06-15 13:45:00,2025-06-15 14:30:00,1.0,4.0,4.3,13
2025-06-15 16:00:00,2025-06-15 16:45:00,1.0,3.1,3.3249999999999997,16
2025-06-16 03:30:00,2025-06-16 04:15:00,1.0,3.7,4.025,3
2025-06-16 05:45:00,2025-06-16 06:15:00,0.75,2.9,3.0,5
2025-06-16 15:15:00,2025-06-16 17:45:00,2.75,2.7,3.627272727272728,15
2025-06-17 01:15:00,2025-06-17 01:45:00,0.75,4.7,4.833333333333333,1
2025-06-17 04:15:00,2025-06-17 06:45:00,2.75,2.8,3.5818181818181816,4
2025-06-17 13:30:00,2025-06-17 13:45:00,0.5,4.3,4.449999999999999,13
2025-06-17 16:15:00,2025-06-17 16:45:00,0.75,4.2,4.366666666666667,16
2025-06-17 18:15:00,2025-06-17 18:45:00,0.75,3.0,3.3000000000000003,18
2025-06-18 04:45:00,2025-06-18 05:30:00,1.0,4.0,4.25,4
2025-06-18 07:30:00,2025-06-18 08:00:00,0.75,2.8,2.9666666666666663,7
2025-06-18 19:00:00,2025-06-18 20:00:00,1.25,3.0,3.6,19
2025-06-19 02:45:00,2025-06-19 03:00:00,0.5,4.0,4.35,2
2025-06-19 05:30:00,2025-06-19 06:15:00,1.0,3.9,4.15,5
2025-06-19 08:45:00,2025-06-19 09:00:00,0.5,3.1,3.2,8
2025-06-19 20:30:00,2025-06-19 21:15:00,1.0,2.7,3.4000000000000004,20
2025-06-20 03:30:00,2025-06-20 03:45:00,0.5,4.1,4.3,3
2025-06-20 06:00:00,2025-06-20 06:30:00,0.75,4.1,4.266666666666667,6
2025-06-20 17:00:00,2025-06-20 18:15:00,1.5,4.8,5.1,17
2025-06-20 21:45:00,2025-06-20 22:15:00,0.75,2.9,3.3666666666666667,21
2025-06-21 07:15:00,2025-06-21 10:30:00,3.5,3.0,3.557142857142857,7
2025-06-21 23:00:00,2025-06-21 23:15:00,0.5,2.9,3.05,23
2025-06-22 05:45:00,2025-06-22 06:00:00,0.5,3.3,3.5999999999999996,5
2025-06-22 08:15:00,2025-06-22 11:00:00,3.0,2.6,3.1999999999999997,8
2025-06-22 19:00:00,2025-06-22 19:15:00,0.5,4.0,4.3,19
2025-06-22 22:45:00,2025-06-23 00:15:00,1.75,2.7,3.242857142857143,22
2025-06-23 06:45:00,2025-06-23 07:00:00,0.5,3.1,3.3,6
2025-06-23 09:30:00,2025-06-23 10:00:00,0.75,3.1,3.3000000000000003,9
2025-06-23 12:00:00,2025-06-23 12:15:00,0.5,2.0,2.1,12
2025-06-23 20:00:00,2025-06-23 20:15:00,0.5,3.8,4.05,20
2025-06-24 00:00:00,2025-06-24 01:30:00,1.75,2.4,2.9428571428571426,0
2025-06-24 07:30:00,2025-06-24 08:00:00,0.75,2.3,2.8333333333333335,7
2025-06-24 10:30:00,2025-06-24 11:00:00,0.75,2.9,3.1,10
2025-06-24 12:30:00,2025-06-24 13:15:00,1.0,2.2,2.55,12
2025-06-24 21:00:00,2025-06-24 21:15:00,0.5,3.8,3.9499999999999997,21
2025-06-25 08:45:00,2025-06-25 09:00:00,0.5,2.5,2.8,8
2025-06-25 14:00:00,2025-06-25 14:30:00,0.75,2.0,2.233333333333333,14
2025-06-25 22:00:00,2025-06-25 22:15:00,0.5,3.6,3.7,22
2025-06-26 09:30:00,2025-06-26 09:45:00,0.5,2.5,2.85,9
2025-06-26 15:15:00,2025-06-26 15:30:00,0.5,2.3,2.45,15
2025-06-26 22:45:00,2025-06-26 23:00:00,0.5,3.2,3.6,22
2025-06-27 10:45:00,2025-06-27 11:00:00,0.5,2.4,2.65,10
2025-06-27 15:30:00,2025-06-27 16:45:00,1.5,2.2,2.6999999999999997,15
2025-06-27 23:30:00,2025-06-27 23:45:00,0.5,3.2,3.65,23
2025-06-28 03:45:00,2025-06-28 05:15:00,1.75,2.0,2.857142857142857,3
2025-06-28 11:30:00,2025-06-28 11:45:00,0.5,2.9,3.0999999999999996,11
2025-06-28 16:30:00,2025-06-28 17:00:00,0.75,2.3,2.733333333333333,16
2025-06-29 00:15:00,2025-06-29 00:45:00,0.75,3.6,3.8333333333333335,0
2025-06-29 12:15:00,2025-06-29 12:45:00,0.75,3.0,3.4,12
2025-06-29 17:15:00,2025-06-29 18:00:00,1.0,2.3,2.925,17
2025-06-30 01:00:00,2025-06-30 01:15:00,0.5,3.1,3.5,1
2025-06-30 04:15:00,2025-06-30 04:30:00,0.5,3.7,3.8,4
2025-06-30 06:00:00,2025-06-30 06:30:00,0.75,2.2,2.566666666666667,6
2025-06-30 18:15:00,2025-06-30 18:45:00,0.75,2.7,3.3333333333333335,18
2025-07-01 01:00:00,2025-07-01 01:45:00,1.0,3.5,4.2,1
2025-07-01 13:30:00,2025-07-01 14:30:00,1.25,3.9,4.359999999999999,13
2025-07-02 02:00:00,2025-07-02 02:15:00,0.5,4.3,4.4,2
2025-07-02 04:45:00,2025-07-02 07:45:00,3.25,3.2,3.8538461538461544,4
2025-07-02 14:45:00,2025-07-02 20:30:00,6.0,3.4,4.879166666666666,14
2025-07-03 01:15:00,2025-07-03 03:00:00,2.0,4.1,4.725,1
2025-07-03 07:45:00,2025-07-03 08:15:00,0.75,3.2,3.633333333333333,7
2025-07-03 21:00:00,2025-07-03 23:15:00,2.5,3.6,4.0,21
2025-07-04 02:00:00,2025-07-04 03:45:00,2.0,3.7,4.5375,2
2025-07-04 08:30:00,2025-07-04 10:30:00,2.25,3.3,3.5222222222222226,8
2025-07-04 21:45:00,2025-07-04 22:15:00,0.75,3.9,4.2,21
2025-07-05 03:00:00,2025-07-05 05:00:00,2.25,4.5,4.877777777777778,3
2025-07-05 06:30:00,2025-07-05 07:00:00,0.75,4.7,4.866666666666667,6
2025-07-05 09:00:00,2025-07-05 09:45:00,1.0,3.5,3.7249999999999996,9
2025-07-05 17:30:00,2025-07-05 18:30:00,1.25,4.8,5.260000000000001,17
2025-07-05 21:45:00,2025-07-06 00:00:00,2.5,3.7,4.44,21
2025-07-06 01:30:00,2025-07-06 05:45:00,4.5,4.0,4.738888888888888,1
2025-07-06 07:30:00,2025-07-06 08:45:00,1.5,4.2,4.5666666666666655,7
2025-07-06 10:45:00,2025-07-06 11:30:00,1.0,3.1,3.4250000000000003,10
2025-07-06 18:00:00,2025-07-06 18:45:00,1.0,5.0,5.300000000000001,18
2025-07-06 20:45:00,2025-07-07 00:00:00,3.5,2.9,4.271428571428571,20
2025-07-07 05:30:00,2025-07-07 06:00:00,0.75,4.0,4.233333333333333,5
2025-07-07 07:45:00,2025-07-07 08:45:00,1.25,4.0,4.3,7
2025-07-07 11:00:00,2025-07-07 12:00:00,1.25,3.0,3.1599999999999997,11
2025-07-07 21:00:00,2025-07-08 00:45:00,4.0,2.6,4.475,21
2025-07-08 06:30:00,2025-07-08 07:00:00,0.75,4.1,4.333333333333333,6
2025-07-08 10:00:00,2025-07-08 11:00:00,1.25,3.8,3.9599999999999995,10
2025-07-08 23:00:00,2025-07-09 01:30:00,2.75,3.5,4.327272727272727,23
2025-07-09 09:30:00,2025-07-09 11:15:00,2.0,4.0,4.5375,9
2025-07-09 13:15:00,2025-07-09 13:45:00,0.75,3.4,3.466666666666667,13
2025-07-09 20:45:00,2025-07-09 21:00:00,0.5,5.3,5.4,20
2025-07-09 23:15:00,2025-07-10 02:30:00,3.5,3.0,3.992857142857143,23
2025-07-10 10:30:00,2025-07-10 11:45:00,1.5,3.7,4.1499999999999995,10
2025-07-10 21:15:00,2025-07-10 21:30:00,0.5,4.9,5.0,21
2025-07-11 00:00:00,2025-07-11 01:15:00,1.5,3.6,4.15,0
2025-07-11 11:15:00,2025-07-11 12:15:00,1.25,3.8,4.14,11
2025-07-12 01:00:00,2025-07-12 04:00:00,3.25,2.7,3.538461538461539,1
2025-07-12 12:30:00,2025-07-12 13:15:00,1.0,3.8,4.1000000000000005,12
2025-07-12 14:45:00,2025-07-12 16:00:00,1.5,3.0,3.1666666666666665,14
2025-07-13 02:15:00,2025-07-13 05:00:00,3.0,2.4,3.2249999999999996,2
2025-07-13 11:00:00,2025-07-13 11:15:00,0.5,3.9,4.0,11
2025-07-13 13:45:00,2025-07-13 14:30:00,1.0,3.7,4.025,13
2025-07-13 16:45:00,2025-07-13 17:15:00,0.75,2.9,2.966666666666667,16
2025-07-14 03:00:00,2025-07-14 05:15:00,2.5,2.4,3.19,3
2025-07-14 14:45:00,2025-07-14 15:30:00,1.0,3.5,3.8499999999999996,14
2025-07-14 17:00:00,2025-07-14 17:30:00,0.75,2.6,2.6999999999999997,17
2025-07-15 04:00:00,2025-07-15 06:00:00,2.25,2.3,3.088888888888889,4
2025-07-15 13:00:00,2025-07-15 13:30:00,0.75,3.6,4.2,13
2025-07-15 16:00:00,2025-07-15 16:15:00,0.5,3.9,4.0,16
2025-07-15 17:45:00,2025-07-15 18:00:00,0.5,2.8,3.05,17
2025-07-16 04:30:00,2025-07-16 05:15:00,1.0,3.5,3.8,4
2025-07-16 16:45:00,2025-07-16 17:00:00,0.5,4.1,4.199999999999999,16
2025-07-16 18:45:00,2025-07-16 19:00:00,0.5,3.2,3.35,18
2025-07-17 04:45:00,2025-07-17 05:30:00,1.0,3.8,4.1000000000000005,4
2025-07-17 19:30:00,2025-07-17 20:00:00,0.75,3.1,3.5999999999999996,19
2025-07-18 02:15:00,2025-07-18 02:30:00,0.5,4.2,4.300000000000001,2
2025-07-18 05:00:00,2025-07-18 05:45:00,1.0,4.0,4.25,5
2025-07-18 08:00:00,2025-07-18 08:15:00,0.5,3.1,3.25,8
2025-07-18 15:30:00,2025-07-18 15:45:00,0.5,4.5,4.6,15
2025-07-18 18:45:00,2025-07-18 19:00:00,0.5,4.1,4.199999999999999,18
2025-07-18 20:30:00,2025-07-18 21:00:00,0.75,2.7,3.1333333333333333,20
2025-07-19 03:15:00,2025-07-19 03:30:00,0.5,3.8,4.1,3
2025-07-19 05:45:00,2025-07-19 06:45:00,1.25,3.6,3.94,5
2025-07-19 09:00:00,2025-07-19 09:15:00,0.5,2.4,2.7,9
2025-07-19 16:45:00,2025-07-19 18:00:00,1.5,5.0,5.349999999999999,16
2025-07-19 19:45:00,2025-07-19 20:15:00,0.75,4.3,4.466666666666666,19
2025-07-19 21:45:00,2025-07-19 22:00:00,0.5,2.9,3.15,21
2025-07-20 04:15:00,2025-07-20 04:45:00,0.75,3.9,4.133333333333334,4
2025-07-20 06:30:00,2025-07-20 07:30:00,1.25,3.8,4.14,6
2025-07-20 09:45:00,2025-07-20 10:15:00,0.75,2.4,3.0,9
2025-07-20 17:45:00,2025-07-20 18:00:00,0.5,4.9,5.2,17
2025-07-20 19:30:00,2025-07-20 23:00:00,3.75,3.2,4.413333333333333,19
2025-07-21 05:00:00,2025-07-21 05:45:00,1.0,3.5,4.05,5
2025-07-21 07:30:00,2025-07-21 08:45:00,1.5,3.7,4.116666666666666,7
2025-07-21 11:00:00,2025-07-21 11:15:00,0.5,2.3,2.5,11
2025-07-21 18:45:00,2025-07-21 19:15:00,0.75,4.4,4.966666666666667,18
2025-07-21 21:15:00,2025-07-22 00:15:00,3.25,2.9,4.161538461538461,21
2025-07-22 06:30:00,2025-07-22 07:00:00,0.75,3.4,3.9000000000000004,6
2025-07-22 09:45:00,2025-07-22 10:15:00,0.75,3.5,3.733333333333333,9
2025-07-23 00:00:00,2025-07-23 01:45:00,2.0,2.6,3.2624999999999997,0
2025-07-23 11:30:00,2025-07-23 11:45:00,0.5,3.4,3.5,11
2025-07-24 02:00:00,2025-07-24 03:00:00,1.25,2.5,2.8200000000000003,2
2025-07-24 12:00:00,2025-07-24 12:15:00,0.5,3.2,3.3,12
2025-07-25 09:45:00,2025-07-25 10:00:00,0.5,2.5,2.85,9
2025-07-25 12:45:00,2025-07-25 13:00:00,0.5,3.2,3.3,12
2025-07-26 10:30:00,2025-07-26 10:45:00,0.5,2.8,3.15,10
2025-07-27 02:45:00,2025-07-27 04:30:00,2.0,2.6,3.1125,2
2025-07-27 11:15:00,2025-07-27 12:30:00,1.5,2.9,3.5999999999999996,11
2025-07-27 16:30:00,2025-07-27 16:45:00,0.5,3.2,3.35,16
2025-07-27 23:45:00,2025-07-28 00:00:00,0.5,3.2,3.6,23
2025-07-28 03:30:00,2025-07-28 05:00:00,1.75,2.6,3.142857142857143,3
2025-07-28 11:45:00,2025-07-28 12:15:00,0.75,2.6,3.4,11
2025-07-28 17:00:00,2025-07-28 17:15:00,0.5,3.2,3.5,17
2025-07-29 00:15:00,2025-07-29 00:30:00,0.5,3.2,3.35,0
2025-07-29 05:00:00,2025-07-29 05:30:00,0.75,2.3,2.6999999999999997,5
2025-07-29 12:45:00,2025-07-29 13:00:00,0.5,2.7,3.2,12
2025-07-29 17:30:00,2025-07-29 18:00:00,0.75,3.1,3.4,17
2025-07-30 01:00:00,2025-07-30 01:15:00,0.5,2.9,3.15,1
2025-07-30 03:45:00,2025-07-30 04:00:00,0.5,3.6,3.7,3
2025-07-30 05:30:00,2025-07-30 06:15:00,1.0,2.1,2.525,5
2025-07-30 18:00:00,2025-07-30 18:30:00,0.75,3.4,3.6,18
2025-07-31 01:15:00,2025-07-31 01:30:00,0.5,2.7,3.25,1
2025-07-31 04:00:00,2025-07-31 04:15:00,0.5,3.6,3.7,4
2025-07-31 05:45:00,2025-07-31 07:00:00,1.5,2.3,2.8666666666666667,5
2025-07-31 14:30:00,2025-07-31 16:30:00,2.25,3.6,4.6,14
2025-07-31 19:15:00,2025-07-31 19:30:00,0.5,3.4,3.5999999999999996,19
2025-08-01 01:45:00,2025-08-01 02:00:00,0.5,3.3,3.4,1
2025-08-01 03:45:00,2025-08-01 04:00:00,0.5,3.9,4.05,3
2025-08-01 05:45:00,2025-08-01 07:30:00,2.0,2.6,3.1375,5
2025-08-01 14:45:00,2025-08-01 17:30:00,3.0,4.2,4.908333333333333,14
2025-08-01 20:00:00,2025-08-01 20:15:00,0.5,3.9,4.1,20
2025-08-02 02:00:00,2025-08-02 02:15:00,0.5,3.8,4.199999999999999,2
2025-08-02 03:45:00,2025-08-02 04:45:00,1.25,2.9,3.8199999999999994,3
2025-08-02 07:30:00,2025-08-02 08:15:00,1.0,2.8,3.4000000000000004,7
2025-08-02 16:15:00,2025-08-02 16:30:00,0.5,4.4,4.550000000000001,16
2025-08-02 21:30:00,2025-08-02 21:45:00,0.5,3.8,3.9,21
2025-08-03 03:00:00,2025-08-03 04:15:00,1.5,3.5,4.616666666666666,3
2025-08-03 06:15:00,2025-08-03 09:00:00,3.0,2.7,3.983333333333334,6
2025-08-03 17:30:00,2025-08-03 17:45:00,0.5,3.9,4.35,17
2025-08-03 21:00:00,2025-08-03 22:45:00,2.0,2.7,4.0125,21
2025-08-04 04:30:00,2025-08-04 05:15:00,1.0,3.0,3.9749999999999996,4
2025-08-04 07:15:00,2025-08-04 10:00:00,3.0,2.4,3.649999999999999,7
2025-08-04 18:15:00,2025-08-04 18:30:00,0.5,4.0,4.3,18
2025-08-04 21:45:00,2025-08-04 23:30:00,2.0,2.5,3.725,21
2025-08-05 08:00:00,2025-08-05 08:45:00,1.0,3.6,3.9,8
2025-08-05 10:30:00,2025-08-05 10:45:00,0.5,2.0,2.2,10
2025-08-05 21:30:00,2025-08-05 22:30:00,1.25,4.4,4.859999999999999,21
2025-08-06 06:15:00,2025-08-06 06:30:00,0.5,4.0,4.25,6
2025-08-06 08:15:00,2025-08-06 08:30:00,0.5,4.2,4.300000000000001,8
2025-08-06 19:45:00,2025-08-06 22:30:00,3.0,4.5,4.983333333333333,19
2025-08-07 00:45:00,2025-08-07 01:00:00,0.5,2.7,3.1,0
2025-08-07 07:15:00,2025-08-07 07:30:00,0.5,3.6,3.8,7
2025-08-07 09:45:00,2025-08-07 10:00:00,0.5,3.8,3.9,9
2025-08-07 12:30:00,2025-08-07 12:45:00,0.5,3.0,3.15,12
2025-08-07 20:45:00,2025-08-07 21:00:00,0.5,4.5,4.7,20
2025-08-08 00:00:00,2025-08-08 01:45:00,2.0,3.1,3.7375,0
2025-08-08 11:30:00,2025-08-08 11:45:00,0.5,3.8,3.9,11
2025-08-08 13:15:00,2025-08-08 13:30:00,0.5,3.0,3.2,13
2025-08-09 01:30:00,2025-08-09 03:00:00,1.75,3.1,3.557142857142857,1
2025-08-09 09:30:00,2025-08-09 09:45:00,0.5,3.5,3.8,9
2025-08-09 12:30:00,2025-08-09 13:00:00,0.75,3.8,4.0,12
2025-08-10 02:15:00,2025-08-10 03:45:00,1.75,3.1,3.5142857142857147,2
2025-08-10 13:45:00,2025-08-10 14:00:00,0.5,3.8,3.9,13
2025-08-10 15:30:00,2025-08-10 15:45:00,0.5,2.9,3.05,15
2025-08-11 03:00:00,2025-08-11 04:30:00,1.75,2.8,3.2857142857142856,3
2025-08-11 14:00:00,2025-08-11 16:15:00,2.5,2.5,3.47,14
2025-08-11 23:15:00,2025-08-11 23:30:00,0.5,3.4,3.7,23
2025-08-12 02:45:00,2025-08-12 03:15:00,0.75,3.5,3.6666666666666665,2
2025-08-12 04:45:00,2025-08-12 05:00:00,0.5,2.4,2.55,4
2025-08-12 11:45:00,2025-08-12 12:00:00,0.5,3.2,3.3,11
2025-08-13 00:00:00,2025-08-13 00:15:00,0.5,3.1,3.5,0
2025-08-13 03:30:00,2025-08-13 03:45:00,0.5,3.5,3.6,3
2025-08-13 05:15:00,2025-08-13 06:00:00,1.0,2.7,2.7750000000000004,5
2025-08-13 17:45:00,2025-08-13 18:00:00,0.5,2.8,3.05,17
2025-08-14 00:30:00,2025-08-14 00:45:00,0.5,3.1,3.45,0
2025-08-14 05:45:00,2025-08-14 06:15:00,0.75,2.3,2.6999999999999997,5
2025-08-14 18:30:00,2025-08-14 18:45:00,0.5,2.9,3.05,18
2025-08-15 01:15:00,2025-08-15 01:30:00,0.5,3.2,3.4000000000000004,1
2025-08-15 04:30:00,2025-08-15 07:00:00,2.75,2.1,3.0,4
2025-08-15 14:30:00,2025-08-15 14:45:00,0.5,3.4,3.5999999999999996,14
2025-08-17 03:30:00,2025-08-17 03:45:00,0.5,3.3,3.4,3
2025-08-17 06:00:00,2025-08-17 06:30:00,0.75,3.0,3.1999999999999997,6
2025-08-17 16:30:00,2025-08-17 16:45:00,0.5,3.9,4.0,16
2025-08-18 07:00:00,2025-08-18 07:45:00,1.0,2.9,3.2,7
2025-08-18 21:45:00,2025-08-18 22:15:00,0.75,3.0,3.1666666666666665,21
2025-08-19 08:30:00,2025-08-19 08:45:00,0.5,3.0,3.1,8
2025-09-04 19:45:00,2025-09-04 20:45:00,1.25,5.0,5.14,19
2025-09-04 22:45:00,2025-09-04 23:45:00,1.25,3.7,4.0600000000000005,22
2025-09-05 10:15:00,2025-09-05 10:30:00,0.5,3.7,3.8,10
2025-09-05 23:45:00,2025-09-06 00:45:00,1.25,3.4,3.72,23
2025-09-06 11:15:00,2025-09-06 11:45:00,0.75,3.6,3.766666666666666,11
2025-09-16 09:30:00,2025-09-16 10:15:00,1.0,3.9,4.074999999999999,9
2025-09-18 09:30:00,2025-09-18 10:00:00,0.75,3.9,4.066666666666667,9
2025-09-18 23:30:00,2025-09-19 00:00:00,0.75,3.7,3.866666666666667,23
2025-09-19 11:00:00,2025-09-19 11:30:00,0.75,3.7,3.866666666666667,11
2025-09-20 11:45:00,2025-09-20 13:45:00,2.25,3.3,3.6999999999999997,11
2025-09-22 01:45:00,2025-09-22 03:00:00,1.5,3.5,3.766666666666666,1
2025-10-01 07:30:00,2025-10-01 07:45:00,0.5,4.3,4.4,7
2025-10-01 21:45:00,2025-10-01 23:00:00,1.5,3.8,4.15,21
2025-10-02 08:30:00,2025-10-02 09:00:00,0.75,4.2,4.366666666666667,8
2025-10-02 23:00:00,2025-10-02 23:15:00,0.5,4.2,4.300000000000001,23
2025-10-03 09:45:00,2025-10-03 10:15:00,0.75,4.3,4.5,9
2025-10-03 23:45:00,2025-10-04 00:00:00,0.5,4.2,4.300000000000001,23
2025-10-04 11:15:00,2025-10-04 11:45:00,0.75,4.3,4.466666666666666,11
2025-10-06 00:45:00,2025-10-06 01:15:00,0.75,4.0,4.166666666666667,0
2025-10-13 04:45:00,2025-10-13 05:15:00,0.75,5.4,5.566666666666667,4
2025-10-17 19:30:00,2025-10-17 20:45:00,1.5,5.7,5.866666666666667,19
2025-10-31 04:00:00,2025-10-31 04:15:00,0.5,6.6,6.699999999999999,4
2025-10-31 06:30:00,2025-10-31 06:45:00,0.5,6.5,6.6,6
2025-12-02 21:30:00,2025-12-02 21:45:00,0.5,7.0,7.1,21
2025-12-15 11:30:00,2025-12-15 12:00:00,0.75,7.8,8.066666666666666,11
2025-12-20 15:30:00,2025-12-20 15:45:00,0.5,8.0,8.2,15
2026-02-22 04:15:00,2026-02-22 04:45:00,0.75,7.5,7.666666666666667,4
2026-02-22 15:00:00,2026-02-22 15:15:00,0.5,7.7,7.800000000000001,15
2026-02-24 05:45:00,2026-02-24 06:15:00,0.75,7.7,7.8999999999999995,5
2026-02-25 06:45:00,2026-02-25 07:00:00,0.5,8.1,8.2,6
2026-02-26 07:45:00,2026-02-26 08:15:00,0.75,7.9,8.066666666666665,7
2026-02-27 09:00:00,2026-02-27 09:15:00,0.5,8.0,8.1,9
2026-02-28 10:45:00,2026-02-28 12:15:00,1.75,7.2,7.542857142857143,10
2026-02-28 21:45:00,2026-02-28 22:15:00,0.75,7.8,7.966666666666668,21
2026-03-01 11:45:00,2026-03-01 13:30:00,2.0,7.0,7.35,11
2026-03-01 23:00:00,2026-03-01 23:45:00,1.0,7.5,7.75,23
2026-03-05 04:00:00,2026-03-05 04:15:00,0.5,6.6,6.699999999999999,4
2026-03-06 02:15:00,2026-03-06 02:30:00,0.5,7.5,7.6,2
2026-03-06 04:30:00,2026-03-06 05:00:00,0.75,6.4,6.666666666666667,4
2026-03-07 02:30:00,2026-03-07 02:45:00,0.5,7.4,7.5,2
2026-03-08 03:00:00,2026-03-08 03:45:00,1.0,7.2,7.4750000000000005,3
2026-03-09 03:30:00,2026-03-09 05:30:00,2.25,6.4,6.866666666666667,3
2026-03-09 18:00:00,2026-03-09 18:45:00,1.0,6.2,6.425,18
2026-03-10 03:45:00,2026-03-10 04:30:00,1.0,7.0,7.25,3
2026-03-10 06:45:00,2026-03-10 07:15:00,0.75,6.1,6.2,6
2026-03-10 12:30:00,2026-03-10 13:00:00,0.75,6.9,7.0,12
2026-03-11 04:30:00,2026-03-11 04:45:00,0.5,7.0,7.1,4
2026-03-11 07:00:00,2026-03-11 07:30:00,0.75,6.1,6.233333333333333,7
2026-03-11 13:45:00,2026-03-11 14:15:00,0.75,6.9,7.066666666666667,13
2026-03-11 16:00:00,2026-03-11 16:15:00,0.5,7.0,7.1,16
2026-03-11 18:45:00,2026-03-11 20:15:00,1.75,6.6,6.657142857142857,18
2026-03-12 02:45:00,2026-03-12 04:00:00,1.5,6.8,7.133333333333333,2
2026-03-12 14:00:00,2026-03-12 15:15:00,1.5,6.5,6.849999999999999,14
2026-03-12 18:30:00,2026-03-12 19:15:00,1.0,6.2,6.3999999999999995,18
2026-03-13 10:00:00,2026-03-13 10:15:00,0.5,5.9,6.0,10
2026-03-13 15:15:00,2026-03-13 16:15:00,1.25,6.5,6.9399999999999995,15
2026-03-14 10:30:00,2026-03-14 10:45:00,0.5,5.9,6.0,10
2026-03-15 11:45:00,2026-03-15 12:30:00,1.0,6.0,6.1,11
2026-03-15 23:30:00,2026-03-16 00:00:00,0.75,5.9,6.066666666666667,23
2026-03-17 00:30:00,2026-03-17 01:00:00,0.75,5.9,5.966666666666666,0
2026-03-17 23:00:00,2026-03-17 23:30:00,0.75,6.7,6.866666666666667,23
2026-03-24 05:00:00,2026-03-24 05:45:00,1.0,6.0,6.3,5
2026-03-25 07:00:00,2026-03-25 08:15:00,1.5,6.0,6.316666666666666,7
2026-03-27 07:45:00,2026-03-27 08:00:00,0.5,6.3,6.4,7
2026-03-27 10:00:00,2026-03-27 10:15:00,0.5,5.3,5.449999999999999,10
2026-03-27 22:00:00,2026-03-27 22:30:00,0.75,5.4,5.633333333333333,22
2026-03-28 05:15:00,2026-03-28 05:45:00,0.75,6.4,6.633333333333333,5
2026-03-28 08:30:00,2026-03-28 09:00:00,0.75,6.3,6.466666666666666,8
2026-03-28 18:30:00,2026-03-28 18:45:00,0.5,6.6,6.8,18
2026-03-29 22:15:00,2026-03-29 22:30:00,0.5,6.8,6.9,22
2026-03-30 00:15:00,2026-03-30 00:45:00,0.75,5.7,5.933333333333334,0
2026-03-30 10:45:00,2026-03-30 11:15:00,0.75,6.6,6.766666666666666,10
2026-03-30 23:15:00,2026-03-30 23:30:00,0.5,6.6,6.699999999999999,23
2026-03-31 11:15:00,2026-03-31 11:45:00,0.75,6.4,6.599999999999999,11
2026-03-31 23:45:00,2026-04-01 00:15:00,0.75,6.4,6.599999999999999,23
2026-04-01 02:00:00,2026-04-01 02:15:00,0.5,5.4,5.550000000000001,2
2026-04-01 11:45:00,2026-04-01 12:45:00,1.25,6.3,6.459999999999999,11
2026-04-02 00:45:00,2026-04-02 01:00:00,0.5,6.5,6.6,0
2026-04-02 09:15:00,2026-04-02 10:30:00,1.5,6.4,6.7,9
2026-04-02 12:15:00,2026-04-02 12:30:00,0.5,6.4,6.5,12
2026-04-03 01:30:00,2026-04-03 01:45:00,0.5,6.3,6.4,1
2026-04-03 03:30:00,2026-04-03 03:45:00,0.5,5.2,5.35,3
2026-04-03 12:30:00,2026-04-03 12:45:00,0.5,6.3,6.4,12
2026-04-03 22:30:00,2026-04-03 22:45:00,0.5,6.6,6.699999999999999,22
2026-04-04 01:45:00,2026-04-04 02:15:00,0.75,6.1,6.3,1
2026-04-04 13:00:00,2026-04-04 13:30:00,0.75,6.2,6.366666666666667,13
2026-04-05 02:45:00,2026-04-05 05:00:00,2.5,5.0,5.680000000000001,2
2026-04-05 16:30:00,2026-04-05 16:45:00,0.5,4.8,5.0,16
2026-04-06 02:15:00,2026-04-06 03:00:00,1.0,5.9,6.199999999999999,2
2026-04-06 15:00:00,2026-04-06 15:15:00,0.5,6.2,6.300000000000001,15
2026-04-07 00:45:00,2026-04-07 01:00:00,0.5,6.0,6.3,0
2026-04-07 04:00:00,2026-04-07 05:45:00,2.0,5.3,5.862500000000001,4
2026-04-07 16:45:00,2026-04-07 17:30:00,1.0,5.4,5.65,16
2026-04-08 05:30:00,2026-04-08 06:45:00,1.5,5.6,5.966666666666666,5
2026-04-08 18:00:00,2026-04-08 18:30:00,0.75,5.8,6.133333333333333,18
2026-04-09 17:00:00,2026-04-09 17:15:00,0.5,7.0,7.1,17
2026-04-09 19:00:00,2026-04-09 19:15:00,0.5,5.7,5.95,19
2026-04-10 06:30:00,2026-04-10 08:30:00,2.25,5.7,6.344444444444445,6
2026-04-10 17:00:00,2026-04-10 17:45:00,1.0,6.9,7.15,17
2026-04-10 20:00:00,2026-04-10 20:15:00,0.5,5.6,5.9,20
2026-04-11 06:15:00,2026-04-11 06:45:00,0.75,6.6,6.8,6
2026-04-11 09:15:00,2026-04-11 09:30:00,0.5,5.5,5.6,9
2026-04-11 15:30:00,2026-04-11 15:45:00,0.5,6.5,6.9,15
2026-04-11 18:00:00,2026-04-11 18:15:00,0.5,6.9,7.0,18
2026-04-12 04:30:00,2026-04-12 04:45:00,0.5,6.4,6.6,4
2026-04-12 07:15:00,2026-04-12 07:30:00,0.5,6.6,6.699999999999999,7
2026-04-12 22:15:00,2026-04-12 22:30:00,0.5,5.5,5.75,22
2026-04-13 18:00:00,2026-04-13 18:15:00,0.5,6.5,6.65,18
2026-04-13 23:30:00,2026-04-13 23:45:00,0.5,5.8,5.949999999999999,23
2026-04-15 23:45:00,2026-04-16 01:45:00,2.25,4.7,5.666666666666667,23
2026-04-16 13:45:00,2026-04-16 14:00:00,0.5,5.0,5.2,13
2026-04-17 01:00:00,2026-04-17 02:45:00,2.0,4.1,5.1625,1
2026-04-17 09:00:00,2026-04-17 09:15:00,0.5,5.1,5.3,9
2026-04-17 12:00:00,2026-04-17 12:30:00,0.75,5.5,5.666666666666667,12
2026-04-17 14:30:00,2026-04-17 14:45:00,0.5,4.6,4.8,14
2026-04-18 02:15:00,2026-04-18 03:30:00,1.5,4.1,4.833333333333333,2
2026-04-18 10:00:00,2026-04-18 10:15:00,0.5,4.7,5.0,10
2026-04-18 13:15:00,2026-04-18 13:30:00,0.5,5.2,5.300000000000001,13
2026-04-18 15:15:00,2026-04-18 15:30:00,0.5,4.2,4.4,15
2026-04-19 03:30:00,2026-04-19 04:45:00,1.5,3.6,4.3500000000000005,3
2026-04-19 13:30:00,2026-04-19 14:00:00,0.75,4.8,4.966666666666666,13
2026-04-19 16:15:00,2026-04-19 16:30:00,0.5,3.9,4.05,16
2026-04-19 23:45:00,2026-04-20 00:00:00,0.5,4.9,5.0,23
2026-04-21 12:15:00,2026-04-21 12:30:00,0.5,4.7,4.800000000000001,12
2026-04-22 13:15:00,2026-04-22 13:30:00,0.5,4.7,4.85,13
2026-04-22 18:30:00,2026-04-22 19:00:00,0.75,4.1,4.499999999999999,18
2026-04-23 06:00:00,2026-04-23 08:00:00,2.25,3.9,4.688888888888888,6
2026-04-23 14:15:00,2026-04-23 14:30:00,0.5,5.0,5.15,14
2026-04-23 19:45:00,2026-04-23 20:00:00,0.5,4.3,4.5,19
2026-04-24 06:45:00,2026-04-24 07:15:00,0.75,5.1,5.266666666666667,6
2026-04-24 15:30:00,2026-04-24 15:45:00,0.5,5.3,5.5,15
2026-04-24 20:15:00,2026-04-24 21:00:00,1.0,4.4,4.95,20
2026-04-25 04:15:00,2026-04-25 04:30:00,0.5,5.0,5.35,4
2026-04-25 07:30:00,2026-04-25 08:00:00,0.75,5.3,5.466666666666666,7
2026-04-25 09:30:00,2026-04-25 09:45:00,0.5,4.1,4.3,9
2026-04-25 16:45:00,2026-04-25 17:00:00,0.5,5.1,5.5,16
2026-04-25 20:30:00,2026-04-25 22:30:00,2.25,4.1,5.011111111111111,20
2026-04-26 08:45:00,2026-04-26 10:45:00,2.25,4.1,4.855555555555555,8
2026-04-26 22:30:00,2026-04-26 23:30:00,1.25,4.4,4.82,22
2026-04-27 11:15:00,2026-04-27 12:00:00,1.0,4.2,4.625,11
2026-04-27 19:30:00,2026-04-27 19:45:00,0.5,5.2,5.300000000000001,19
2026-04-28 07:15:00,2026-04-28 07:30:00,0.5,5.1,5.25,7
2026-04-28 20:00:00,2026-04-28 20:15:00,0.5,5.2,5.4,20
2026-04-29 12:45:00,2026-04-29 13:00:00,0.5,4.1,4.25,12
2026-04-30 00:45:00,2026-04-30 02:15:00,1.75,3.8,4.457142857142857,0
2026-04-30 11:45:00,2026-04-30 12:00:00,0.5,4.8,4.9,11
2026-05-01 02:30:00,2026-05-01 03:00:00,0.75,4.1,4.266666666666667,2
2026-05-01 14:15:00,2026-05-01 14:30:00,0.5,3.7,3.9,14
2026-05-02 02:30:00,2026-05-02 03:45:00,1.5,3.6,4.083333333333333,2
2026-05-02 22:45:00,2026-05-02 23:00:00,0.5,4.9,5.050000000000001,22
2026-05-03 02:45:00,2026-05-03 04:15:00,1.75,3.8,4.285714285714286,2
2026-05-03 10:15:00,2026-05-03 10:30:00,0.5,4.3,4.6,10
2026-05-03 15:30:00,2026-05-03 15:45:00,0.5,3.8,3.9,15
2026-05-03 23:00:00,2026-05-03 23:15:00,0.5,4.9,5.1,23
2026-05-04 02:45:00,2026-05-04 04:45:00,2.25,3.2,4.455555555555556,2
2026-05-04 10:15:00,2026-05-04 10:45:00,0.75,4.5,4.8999999999999995,10
2026-05-04 15:45:00,2026-05-04 16:00:00,0.5,3.8,4.15,15
2026-05-05 03:00:00,2026-05-05 05:15:00,2.5,3.9,4.8,3
2026-05-05 16:00:00,2026-05-05 16:30:00,0.75,4.5,4.733333333333333,16
2026-05-06 03:30:00,2026-05-06 05:45:00,2.5,4.1,4.97,3
2026-05-06 11:30:00,2026-05-06 11:45:00,0.5,4.9,5.1,11
2026-05-06 16:45:00,2026-05-06 17:15:00,0.75,4.3,4.6000000000000005,16
2026-05-07 00:30:00,2026-05-07 01:00:00,0.75,5.8,5.966666666666666,0
2026-05-07 03:15:00,2026-05-07 06:30:00,3.5,3.9,5.17857142857143,3
2026-05-07 12:15:00,2026-05-07 12:45:00,0.75,5.5,5.7,12
2026-05-07 14:45:00,2026-05-07 15:00:00,0.5,5.8,5.9,14
2026-05-07 17:30:00,2026-05-07 18:15:00,1.0,4.6,4.925,17
2026-05-07 23:45:00,2026-05-08 01:00:00,1.5,5.6,6.133333333333333,23
2026-05-08 03:30:00,2026-05-08 04:30:00,1.25,5.5,5.779999999999999,3
2026-05-08 13:15:00,2026-05-08 13:30:00,0.5,5.8,5.9,13
2026-05-08 18:30:00,2026-05-08 19:00:00,0.75,4.9,5.133333333333334,18
2026-05-09 02:00:00,2026-05-09 02:45:00,1.0,5.8,5.9750000000000005,2
2026-05-09 05:30:00,2026-05-09 05:45:00,0.5,5.8,5.9,5
2026-05-09 07:30:00,2026-05-09 07:45:00,0.5,4.5,4.7,7
2026-05-09 14:15:00,2026-05-09 14:30:00,0.5,5.8,5.949999999999999,14
2026-05-09 16:30:00,2026-05-09 17:15:00,1.0,5.8,6.025,16
2026-05-09 19:15:00,2026-05-09 19:30:00,0.5,4.8,4.949999999999999,19
2026-05-10 05:30:00,2026-05-10 06:00:00,0.75,5.5,5.7,5
2026-05-10 08:45:00,2026-05-10 09:00:00,0.5,4.2,4.300000000000001,8
2026-05-10 15:15:00,2026-05-10 15:30:00,0.5,5.6,5.85,15
2026-05-10 17:45:00,2026-05-10 18:00:00,0.5,6.0,6.1,17
2026-05-10 19:45:00,2026-05-10 21:00:00,1.5,4.5,5.1000000000000005,19
2026-05-11 03:30:00,2026-05-11 04:00:00,0.75,5.5,5.833333333333333,3
2026-05-11 06:15:00,2026-05-11 06:45:00,0.75,5.6,5.766666666666666,6
2026-05-11 21:00:00,2026-05-11 22:00:00,1.25,4.9,5.18,21
2026-05-13 09:30:00,2026-05-13 10:00:00,0.75,5.3,5.5,9
2026-05-13 22:45:00,2026-05-13 23:15:00,0.75,4.9,5.1,22
2026-05-14 10:15:00,2026-05-14 10:45:00,0.75,4.8,5.0,10
2026-05-15 00:00:00,2026-05-15 00:15:00,0.5,4.8,4.9,0
2026-05-15 11:15:00,2026-05-15 11:30:00,0.5,5.0,5.1,11
2026-05-16 01:00:00,2026-05-16 01:45:00,1.0,4.6,4.824999999999999,1
2026-05-16 11:45:00,2026-05-16 12:00:00,0.5,4.9,5.0,11
2026-05-17 02:30:00,2026-05-17 03:30:00,1.25,4.1,4.340000000000001,2
2026-05-17 12:45:00,2026-05-17 13:00:00,0.5,4.7,4.800000000000001,12
2026-05-18 13:30:00,2026-05-18 13:45:00,0.5,4.6,4.699999999999999,13
2026-05-19 10:30:00,2026-05-19 11:00:00,0.75,4.0,4.266666666666667,10
2026-05-19 14:15:00,2026-05-19 14:30:00,0.5,4.6,4.699999999999999,14
2026-05-20 04:45:00,2026-05-20 06:00:00,1.5,3.6,3.9333333333333336,4
2026-05-20 15:15:00,2026-05-20 15:30:00,0.5,4.6,4.699999999999999,15
2026-05-20 17:45:00,2026-05-20 18:00:00,0.5,4.0,4.1,17
2026-05-21 05:00:00,2026-05-21 06:45:00,2.0,3.5,4.0125,5
2026-05-21 16:00:00,2026-05-21 16:15:00,0.5,4.7,4.800000000000001,16
2026-05-22 05:30:00,2026-05-22 07:30:00,2.25,3.4,4.044444444444444,5
2026-05-22 17:15:00,2026-05-22 17:30:00,0.5,5.0,5.15,17
2026-05-22 19:00:00,2026-05-22 20:00:00,1.25,3.8,4.200000000000001,19
2026-05-23 06:15:00,2026-05-23 08:30:00,2.5,3.4,4.09,6
2026-05-23 13:15:00,2026-05-23 14:15:00,1.25,5.3,5.4399999999999995,13
2026-05-23 18:30:00,2026-05-23 21:00:00,2.75,3.9,4.5,18
2026-05-24 07:00:00,2026-05-24 07:45:00,1.0,4.1,4.425000000000001,7
2026-05-24 09:15:00,2026-05-24 09:30:00,0.5,3.2,3.3,9
2026-05-24 15:15:00,2026-05-24 16:30:00,1.5,5.3,5.516666666666666,15
2026-05-24 19:30:00,2026-05-24 20:30:00,1.25,4.4,4.76,19
2026-05-24 22:00:00,2026-05-24 22:15:00,0.5,3.4,3.5999999999999996,22
2026-05-25 07:30:00,2026-05-25 08:15:00,1.0,4.2,4.5,7
2026-05-25 10:15:00,2026-05-25 10:45:00,0.75,3.2,3.3333333333333335,10
2026-05-25 17:00:00,2026-05-25 17:45:00,1.0,5.5,5.775,17
2026-05-25 20:45:00,2026-05-25 23:00:00,2.5,3.5,4.3500000000000005,20
2026-05-26 08:00:00,2026-05-26 09:00:00,1.25,4.3,4.64,8
2026-05-26 21:45:00,2026-05-27 00:00:00,2.5,3.2,4.470000000000001,21
2026-05-27 05:00:00,2026-05-27 06:15:00,1.5,4.8,5.133333333333334,5
2026-05-27 08:45:00,2026-05-27 09:15:00,0.75,4.6,4.8,8
2026-05-27 19:15:00,2026-05-27 19:30:00,0.5,5.6,5.699999999999999,19
2026-05-27 22:30:00,2026-05-27 23:30:00,1.25,4.5,4.86,22
2026-05-28 09:00:00,2026-05-28 09:45:00,1.0,4.7,4.95,9
2026-05-28 23:15:00,2026-05-29 00:15:00,1.25,4.2,4.58,23
2026-05-29 10:15:00,2026-05-29 10:45:00,0.75,4.5,4.7,10
2026-05-30 00:45:00,2026-05-30 02:15:00,1.75,3.6,4.071428571428571,0
2026-05-30 10:30:00,2026-05-30 11:15:00,1.0,4.1,4.4,10
2026-05-31 00:45:00,2026-05-31 02:45:00,2.25,3.1,3.788888888888889,0
2026-05-31 22:15:00,2026-05-31 22:30:00,0.5,4.6,4.699999999999999,22
2026-06-01 02:15:00,2026-06-01 03:30:00,1.5,3.3,3.683333333333333,2
2026-06-01 12:30:00,2026-06-01 13:15:00,1.0,3.8,4.125,12
2026-06-01 22:30:00,2026-06-01 22:45:00,0.5,4.7,4.800000000000001,22
2026-06-02 02:00:00,2026-06-02 02:45:00,1.0,3.6,3.9,2
2026-06-02 13:00:00,2026-06-02 14:15:00,1.5,3.5,3.9333333333333336,13
2026-06-03 03:45:00,2026-06-03 05:00:00,1.5,3.4,3.8000000000000003,3
2026-06-03 11:30:00,2026-06-03 11:45:00,0.5,4.8,4.9,11
2026-06-03 14:15:00,2026-06-03 14:45:00,0.75,4.5,4.733333333333333,14
2026-06-04 04:00:00,2026-06-04 05:45:00,2.0,3.8,4.2875,4
2026-06-04 12:00:00,2026-06-04 12:15:00,0.5,5.2,5.300000000000001,12
2026-06-04 14:30:00,2026-06-04 15:15:00,1.0,4.7,5.0,14
2026-06-05 04:00:00,2026-06-05 06:00:00,2.25,3.8,4.455555555555555,4
2026-06-05 14:45:00,2026-06-05 15:15:00,0.75,5.4,5.599999999999999,14
2026-06-06 04:15:00,2026-06-06 06:30:00,2.5,4.1,4.8,4
2026-06-07 05:00:00,2026-06-07 05:15:00,0.5,5.1,5.199999999999999,5
2026-06-07 14:00:00,2026-06-07 14:15:00,0.5,5.4,5.550000000000001,14
2026-06-08 14:45:00,2026-06-08 15:15:00,0.75,5.5,5.633333333333333,14
2026-06-09 08:45:00,2026-06-09 09:00:00,0.5,4.3,4.4,8
2026-06-09 21:00:00,2026-06-09 21:30:00,0.75,4.4,4.8,21
2026-06-11 05:15:00,2026-06-11 05:30:00,0.5,4.8,4.9,5
2026-06-12 06:00:00,2026-06-12 06:15:00,0.5,4.3,4.4,6
2026-06-12 11:45:00,2026-06-12 13:30:00,2.0,3.9,4.4125,11
2026-06-12 22:45:00,2026-06-12 23:30:00,1.0,4.0,4.275,22
2026-06-13 07:00:00,2026-06-13 07:15:00,0.5,4.0,4.15,7
2026-06-13 09:45:00,2026-06-13 10:15:00,0.75,3.7,4.0,9
2026-06-13 23:30:00,2026-06-14 02:00:00,2.75,2.8,3.6909090909090905,23
2026-06-14 11:00:00,2026-06-14 11:30:00,0.75,3.6,3.8333333333333335,11
2026-06-15 01:00:00,2026-06-15 01:30:00,0.75,3.5,3.6666666666666665,1
2026-06-15 11:45:00,2026-06-15 12:15:00,0.75,3.7,3.9,11
2026-06-15 15:15:00,2026-06-15 16:15:00,1.25,3.6,4.040000000000001,15
2026-06-16 01:45:00,2026-06-16 02:30:00,1.0,3.7,3.925,1
2026-06-17 03:00:00,2026-06-17 05:00:00,2.25,2.6,3.2333333333333334,3
2026-06-18 00:00:00,2026-06-18 00:15:00,0.5,4.3,4.449999999999999,0
2026-06-18 05:30:00,2026-06-18 05:45:00,0.5,2.9,3.0,5
2026-06-19 04:45:00,2026-06-19 05:15:00,0.75,3.5,3.6666666666666665,4
2026-06-19 15:00:00,2026-06-19 15:15:00,0.5,4.1,4.25,15
2026-06-19 18:30:00,2026-06-19 19:00:00,0.75,3.6,3.7999999999999994,18
2026-06-20 04:45:00,2026-06-20 05:00:00,0.5,3.9,4.0,4
2026-06-20 14:15:00,2026-06-20 15:30:00,1.5,4.4,4.916666666666667,14
2026-06-21 05:45:00,2026-06-21 07:45:00,2.25,3.1,3.755555555555555,5
2026-06-21 20:15:00,2026-06-21 21:15:00,1.25,3.4,4.06,20
2026-06-22 09:15:00,2026-06-22 10:30:00,1.5,3.8,4.35,9
2026-06-22 15:45:00,2026-06-22 16:00:00,0.5,5.1,5.25,15
2026-06-22 18:00:00,2026-06-22 19:15:00,1.5,4.9,5.333333333333333,18
2026-06-22 20:45:00,2026-06-22 21:45:00,1.25,4.4,4.659999999999999,20
2026-06-23 05:30:00,2026-06-23 06:00:00,0.75,4.6,4.766666666666667,5
2026-06-23 16:30:00,2026-06-23 16:45:00,0.5,5.5,5.6,16
2026-06-23 22:00:00,2026-06-24 00:15:00,2.5,5.2,5.5,22
2026-06-24 03:45:00,2026-06-24 04:15:00,0.75,4.5,4.833333333333333,3
2026-06-24 09:45:00,2026-06-24 10:15:00,0.75,4.9,5.166666666666667,9
2026-06-26 22:45:00,2026-06-27 01:00:00,2.5,4.4,4.970000000000001,22
2026-06-27 06:30:00,2026-06-27 06:45:00,0.5,4.2,4.5,6
2026-06-27 12:45:00,2026-06-27 13:00:00,0.5,4.2,4.300000000000001,12
2026-06-27 23:15:00,2026-06-28 01:00:00,2.0,4.4,4.8125,23
2026-06-28 07:15:00,2026-06-28 07:30:00,0.5,4.5,4.65,7
2026-06-28 13:00:00,2026-06-28 13:30:00,0.75,4.1,4.3,13
2026-06-29 00:00:00,2026-06-29 02:15:00,2.5,3.4,4.21,0
2026-06-29 08:30:00,2026-06-29 10:45:00,2.5,4.4,4.85,8
2026-06-29 13:45:00,2026-06-29 14:15:00,0.75,3.7,3.7999999999999994,13
2026-06-30 01:15:00,2026-06-30 03:00:00,2.0,3.0,3.8375000000000004,1
2026-06-30 09:15:00,2026-06-30 09:30:00,0.5,4.2,4.35,9
2026-06-30 11:45:00,2026-06-30 12:30:00,1.0,4.1,4.35,11
2026-07-01 02:15:00,2026-07-01 04:00:00,2.0,3.0,3.6625,2
2026-07-01 12:30:00,2026-07-01 13:00:00,0.75,4.2,4.433333333333334,12
2026-07-02 02:15:00,2026-07-02 04:30:00,2.5,3.1,3.8200000000000003,2
2026-07-02 13:15:00,2026-07-02 13:45:00,0.75,4.4,4.6,13
2026-07-03 03:15:00,2026-07-03 05:00:00,2.0,3.0,3.725,3
2026-07-03 14:15:00,2026-07-03 14:30:00,0.5,4.6,4.699999999999999,14
2026-07-03 16:15:00,2026-07-03 17:15:00,1.25,4.0,4.04,16
2026-07-04 03:30:00,2026-07-04 05:45:00,2.5,3.0,3.81,3
2026-07-04 17:30:00,2026-07-04 18:00:00,0.75,4.1,4.2,17
2026-07-05 04:00:00,2026-07-05 06:15:00,2.5,3.0,3.75,4
2026-07-05 13:00:00,2026-07-05 16:00:00,3.25,4.6,4.946153846153846,13
2026-07-06 04:15:00,2026-07-06 05:15:00,1.25,3.7,4.02,4
2026-07-06 13:45:00,2026-07-06 14:00:00,0.5,4.6,4.699999999999999,13
2026-07-06 16:30:00,2026-07-06 16:45:00,0.5,4.8,4.9,16
2026-07-06 19:00:00,2026-07-06 19:30:00,0.75,3.7,3.8333333333333335,19
2026-07-07 01:45:00,2026-07-07 02:00:00,0.5,4.3,4.5,1
2026-07-07 04:15:00,2026-07-07 04:45:00,0.75,4.4,4.566666666666667,4
2026-07-07 14:30:00,2026-07-07 14:45:00,0.5,4.8,5.0,14
2026-07-07 17:45:00,2026-07-07 18:00:00,0.5,4.9,5.0,17
2026-07-07 20:00:00,2026-07-07 20:15:00,0.5,3.9,4.1,20
2026-07-08 02:30:00,2026-07-08 02:45:00,0.5,4.5,4.6,2
2026-07-08 04:45:00,2026-07-08 05:45:00,1.25,4.2,4.48,4
2026-07-08 08:15:00,2026-07-08 08:30:00,0.5,3.3,3.4,8
2026-07-08 20:45:00,2026-07-08 21:00:00,0.5,3.9,4.0,20
2026-07-09 03:15:00,2026-07-09 03:30:00,0.5,4.5,4.6,3
2026-07-09 16:45:00,2026-07-09 17:00:00,0.5,5.1,5.25,16
2026-07-09 22:00:00,2026-07-09 22:30:00,0.75,3.5,3.8333333333333335,22
2026-07-10 06:45:00,2026-07-10 07:30:00,1.0,4.0,4.225,6
2026-07-10 21:15:00,2026-07-10 23:30:00,2.5,2.8,3.95,21
2026-07-11 05:30:00,2026-07-11 05:45:00,0.5,3.8,4.0,5
2026-07-11 11:15:00,2026-07-11 11:30:00,0.5,2.7,3.05,11
2026-07-11 22:15:00,2026-07-12 00:45:00,2.75,2.8,3.6727272727272724,22
2026-07-12 08:45:00,2026-07-12 09:30:00,1.0,3.6,3.85,8
2026-07-12 12:30:00,2026-07-12 14:15:00,2.0,3.0,3.7,12
2026-07-12 23:00:00,2026-07-13 01:30:00,2.75,2.8,3.5090909090909093,23
2026-07-13 11:00:00,2026-07-13 11:30:00,0.75,3.1,3.4,11
2026-07-14 09:00:00,2026-07-14 09:15:00,0.5,3.3,3.4,9
2026-07-14 12:30:00,2026-07-14 13:00:00,0.75,2.8,3.0,12
2026-07-16 16:30:00,2026-07-16 17:00:00,0.75,2.6,2.6999999999999997,16
2026-07-18 18:00:00,2026-07-18 18:15:00,0.5,3.5,3.6,18
2026-07-19 04:15:00,2026-07-19 04:45:00,0.75,3.4,3.566666666666667,4
2026-07-19 13:30:00,2026-07-19 13:45:00,0.5,4.0,4.15,13
2026-07-20 04:15:00,2026-07-20 05:00:00,1.0,3.9,4.175,4
2026-07-20 07:00:00,2026-07-20 07:15:00,0.5,3.0,3.15,7
2026-07-20 14:30:00,2026-07-20 17:15:00,3.0,4.7,5.291666666666666,14
2026-07-21 02:15:00,2026-07-21 02:30:00,0.5,4.6,4.75,2
2026-07-21 05:00:00,2026-07-21 08:00:00,3.25,3.2,3.9461538461538463,5
2026-07-21 15:30:00,2026-07-21 17:00:00,1.75,5.2,5.8428571428571425,15
2026-07-21 18:30:00,2026-07-21 21:00:00,2.75,4.0,4.863636363636363,18
2026-07-22 02:45:00,2026-07-22 03:15:00,0.75,4.5,4.8,2
2026-07-22 16:00:00,2026-07-22 16:15:00,0.5,5.3,5.449999999999999,16
2026-07-22 19:00:00,2026-07-22 19:30:00,0.75,5.1,5.3,19
2026-07-23 11:15:00,2026-07-23 11:30:00,0.5,4.7,4.800000000000001,11
2026-07-23 17:00:00,2026-07-23 17:15:00,0.5,5.1,5.25,17
2026-07-23 19:45:00,2026-07-23 20:15:00,0.75,5.3,5.5,19
2026-07-23 22:15:00,2026-07-23 22:30:00,0.5,4.3,4.449999999999999,22
2026-07-24 10:00:00,2026-07-24 10:45:00,1.0,3.8,4.025,10
2026-07-24 23:00:00,2026-07-24 23:15:00,0.5,3.9,4.0,23
2026-07-25 10:45:00,2026-07-25 11:00:00,0.5,3.8,3.9499999999999997,10
2026-07-25 13:15:00,2026-07-25 14:00:00,1.0,4.7,4.825,13
2026-07-25 18:45:00,2026-07-25 19:15:00,0.75,5.2,5.3,18
2026-07-25 22:15:00,2026-07-26 00:45:00,2.75,3.6,4.1,22
2026-07-26 06:30:00,2026-07-26 06:45:00,0.5,4.1,4.199999999999999,6
2026-07-26 23:30:00,2026-07-27 01:30:00,2.25,2.7,3.511111111111111,23
2026-07-27 07:45:00,2026-07-27 08:00:00,0.5,3.6,3.8,7
2026-07-27 10:00:00,2026-07-27 10:45:00,1.0,3.4,3.85,10
2026-07-27 20:45:00,2026-07-27 21:45:00,1.25,4.9,5.0600000000000005,20
2026-07-28 00:15:00,2026-07-28 02:15:00,2.25,2.6,3.2777777777777777,0
2026-07-28 11:00:00,2026-07-28 11:30:00,0.75,3.4,3.6333333333333333,11
2026-07-28 13:30:00,2026-07-28 14:00:00,0.75,2.5,2.6,13
2026-07-28 21:15:00,2026-07-28 21:45:00,0.75,4.8,4.966666666666666,21
2026-07-28 23:30:00,2026-07-29 02:00:00,2.75,3.0,3.8818181818181823,23
2026-07-29 11:15:00,2026-07-29 11:45:00,0.75,3.3,3.533333333333333,11
2026-07-30 01:15:00,2026-07-30 03:15:00,2.25,2.4,3.033333333333333,1
2026-07-30 13:00:00,2026-07-30 13:30:00,0.75,3.4,3.566666666666667,13
2026-07-31 00:30:00,2026-07-31 04:00:00,3.75,2.5,3.6199999999999997,0
2026-07-31 10:45:00,2026-07-31 11:45:00,1.25,3.7,4.0200000000000005,10
2026-07-31 13:30:00,2026-07-31 13:45:00,0.5,3.7,3.8,13
2026-08-01 02:30:00,2026-08-01 04:30:00,2.25,2.6,3.244444444444445,2
2026-08-01 14:00:00,2026-08-01 14:15:00,0.5,3.6,3.7,14
2026-08-01 23:30:00,2026-08-01 23:45:00,0.5,3.9,4.1,23
2026-08-02 02:45:00,2026-08-02 03:30:00,1.0,3.2,3.5250000000000004,2
2026-08-02 05:00:00,2026-08-02 05:15:00,0.5,2.4,2.5,5
2026-08-02 15:00:00,2026-08-02 15:15:00,0.5,3.5,3.6,15
2026-08-03 00:15:00,2026-08-03 00:30:00,0.5,3.7,3.8,0
2026-08-03 02:45:00,2026-08-03 03:30:00,1.0,3.2,3.5250000000000004,2
2026-08-03 15:15:00,2026-08-03 15:30:00,0.5,3.5,3.65,15
2026-08-04 03:15:00,2026-08-04 03:45:00,0.75,3.1,3.3666666666666667,3
2026-08-05 01:00:00,2026-08-05 01:30:00,0.75,3.6,3.8000000000000003,1
2026-08-05 03:30:00,2026-08-05 04:00:00,0.75,3.3,3.5,3
2026-08-05 14:15:00,2026-08-05 14:30:00,0.5,3.9,4.0,14
2026-08-05 17:15:00,2026-08-05 17:30:00,0.5,3.4,3.5,17
2026-08-06 04:15:00,2026-08-06 05:30:00,1.5,2.9,3.25,4
2026-08-06 18:30:00,2026-08-06 19:00:00,0.75,3.3,3.4666666666666663,18
2026-08-07 02:45:00,2026-08-07 03:00:00,0.5,3.6,3.7,2
2026-08-07 05:15:00,2026-08-07 06:45:00,1.75,2.8,3.1428571428571432,5
2026-08-07 18:45:00,2026-08-07 20:00:00,1.5,3.6,3.9333333333333336,18
2026-08-08 04:00:00,2026-08-08 04:15:00,0.5,3.5,3.6,4
2026-08-08 06:15:00,2026-08-08 06:45:00,0.75,3.4,3.6,6
2026-08-08 20:45:00,2026-08-08 23:00:00,2.5,1.8,2.6500000000000004,20
2026-08-09 07:45:00,2026-08-09 08:45:00,1.25,2.4,2.7800000000000002,7
2026-08-09 22:00:00,2026-08-10 00:00:00,2.25,1.9,2.5444444444444443,22
2026-08-10 09:00:00,2026-08-10 09:45:00,1.0,2.3,2.625,9
2026-08-10 23:00:00,2026-08-11 01:00:00,2.25,2.0,2.588888888888889,23
2026-08-11 10:30:00,2026-08-11 11:00:00,0.75,2.5,2.766666666666667,10
2026-08-11 20:45:00,2026-08-11 21:00:00,0.5,3.7,3.8,20
2026-08-11 23:30:00,2026-08-12 01:30:00,2.25,2.2,2.8111111111111113,23
2026-08-12 12:00:00,2026-08-12 12:30:00,0.75,2.6,2.8000000000000003,12
2026-08-13 00:45:00,2026-08-13 01:45:00,1.25,2.7,2.96,0
2026-08-14 01:30:00,2026-08-14 02:30:00,1.25,2.7,2.9800000000000004,1
2026-08-14 14:15:00,2026-08-14 14:45:00,0.75,2.9,3.066666666666667,14
2026-08-15 02:45:00,2026-08-15 03:15:00,0.75,2.4,2.6,2
2026-08-15 15:15:00,2026-08-15 15:30:00,0.5,2.9,3.0,15
2026-08-15 23:15:00,2026-08-16 00:00:00,1.0,3.3,3.6500000000000004,23
2026-08-16 03:15:00,2026-08-16 03:45:00,0.75,2.6,2.8000000000000003,3
2026-08-16 11:45:00,2026-08-16 12:30:00,1.0,3.4,3.5500000000000003,11
2026-08-16 23:30:00,2026-08-17 01:30:00,2.25,3.4,3.6333333333333337,23
2026-08-17 12:30:00,2026-08-17 14:30:00,2.25,3.7,4.066666666666666,12
2026-08-17 18:15:00,2026-08-17 19:30:00,1.5,3.1,3.3666666666666667,18
2026-08-18 03:15:00,2026-08-18 03:45:00,0.75,3.2,3.366666666666667,3
2026-08-18 14:00:00,2026-08-18 16:00:00,2.25,4.3,4.633333333333333,14
2026-08-19 03:00:00,2026-08-19 04:00:00,1.25,3.5,3.88,3
2026-08-19 14:30:00,2026-08-19 18:00:00,3.75,4.6,5.333333333333333,14
2026-08-20 02:00:00,2026-08-20 02:15:00,0.5,4.4,4.550000000000001,2
2026-08-20 04:15:00,2026-08-20 05:00:00,1.0,4.0,4.375,4
2026-08-20 08:00:00,2026-08-20 08:30:00,0.75,3.5,3.5666666666666664,8
2026-08-20 10:00:00,2026-08-20 11:00:00,1.25,3.9,4.340000000000001,10
2026-08-20 15:30:00,2026-08-20 15:45:00,0.5,5.4,5.550000000000001,15
2026-08-20 18:00:00,2026-08-20 18:45:00,1.0,5.3,5.7749999999999995,18
2026-08-20 20:30:00,2026-08-20 21:15:00,1.0,4.4,4.6,20
2026-08-21 04:30:00,2026-08-21 04:45:00,0.5,4.8,4.9,4
2026-08-21 16:15:00,2026-08-21 16:30:00,0.5,5.7,5.800000000000001,16
2026-08-21 18:15:00,2026-08-21 18:45:00,0.75,5.8,5.966666666666666,18
2026-08-21 21:30:00,2026-08-21 22:00:00,0.75,4.8,5.1000000000000005,21
2026-08-22 03:15:00,2026-08-22 03:30:00,0.5,4.4,4.75,3
2026-08-22 08:15:00,2026-08-22 09:45:00,1.75,4.3,4.6,8
2026-08-22 11:45:00,2026-08-22 12:30:00,1.0,5.3,5.4,11
2026-08-22 17:00:00,2026-08-22 17:30:00,0.75,5.7,5.966666666666666,17
2026-08-22 19:45:00,2026-08-22 20:15:00,0.75,5.7,5.866666666666667,19
2026-08-22 22:30:00,2026-08-22 23:15:00,1.0,4.5,4.925000000000001,22
2026-08-23 01:00:00,2026-08-23 01:15:00,0.5,4.8,4.9,1
2026-08-23 04:15:00,2026-08-23 05:00:00,1.0,3.7,4.675,4
2026-08-23 09:45:00,2026-08-23 10:30:00,1.0,3.8,4.075,9
2026-08-23 17:15:00,2026-08-23 18:15:00,1.25,5.0,5.659999999999999,17
2026-08-23 20:30:00,2026-08-23 23:30:00,3.25,3.3,4.569230769230769,20
2026-08-24 05:45:00,2026-08-24 06:00:00,0.5,4.1,4.25,5
2026-08-24 07:30:00,2026-08-24 08:00:00,0.75,4.2,4.3999999999999995,7
2026-08-24 11:00:00,2026-08-24 13:45:00,3.0,3.4,4.075,11
2026-08-24 18:45:00,2026-08-24 19:15:00,0.75,4.9,5.233333333333333,18
2026-08-24 21:30:00,2026-08-25 00:30:00,3.25,3.2,4.223076923076923,21
2026-08-25 06:15:00,2026-08-25 07:00:00,1.0,3.8,4.275,6
2026-08-25 09:00:00,2026-08-25 09:30:00,0.75,4.0,4.166666666666667,9
2026-08-25 12:00:00,2026-08-25 12:30:00,0.75,3.3,3.6,12
2026-08-25 19:45:00,2026-08-25 20:00:00,0.5,4.3,4.6,19
2026-08-25 22:15:00,2026-08-26 01:15:00,3.25,2.5,3.7461538461538457,22
2026-08-26 09:45:00,2026-08-26 10:45:00,1.25,3.2,3.5800000000000005,9
2026-08-26 20:45:00,2026-08-26 21:00:00,0.5,3.8,3.9,20
2026-08-27 00:00:00,2026-08-27 02:15:00,2.5,1.7,2.7500000000000004,0
2026-08-27 08:15:00,2026-08-27 08:30:00,0.5,2.9,3.15,8
2026-08-27 10:45:00,2026-08-27 11:45:00,1.25,2.7,3.06,10
