mulai,selesai,durasi_jam,nilai_min,nilai_rata,jam_mulai
2021-01-01 00:30:00,2021-01-01 03:30:00,3.25,5.7,6.2846153846153845,0
2021-01-01 23:30:00,2021-01-02 03:45:00,4.5,5.5,6.761111111111111,23
2021-01-02 12:30:00,2021-01-02 14:15:00,2.0,7.4,7.8875,12
2021-01-02 16:15:00,2021-01-02 16:30:00,0.5,6.4,6.5,16
2021-01-03 01:00:00,2021-01-03 05:00:00,4.25,5.6,6.5,1
2021-01-04 02:00:00,2021-01-04 05:30:00,3.75,6.1,7.0666666666666655,2
2021-01-05 01:00:00,2021-01-05 02:30:00,1.75,7.9,8.271428571428572,1
2021-01-05 18:15:00,2021-01-05 18:45:00,0.75,8.3,8.5,18
2021-01-06 03:00:00,2021-01-06 03:30:00,0.75,7.9,8.033333333333333,3
2021-01-06 07:15:00,2021-01-06 07:45:00,0.75,6.7,6.866666666666667,7
2021-01-06 19:45:00,2021-01-06 21:00:00,1.5,8.4,8.583333333333334,19
2021-01-07 20:30:00,2021-01-07 21:30:00,1.25,7.8,7.959999999999999,20
2021-01-11 20:30:00,2021-01-11 20:45:00,0.5,7.9,8.0,20
2021-01-12 00:45:00,2021-01-12 02:45:00,2.25,7.0,7.577777777777778,0
2021-01-12 20:30:00,2021-01-12 21:15:00,1.0,8.1,8.275,20
2021-01-13 01:30:00,2021-01-13 03:45:00,2.5,7.0,7.43,1
2021-01-14 03:30:00,2021-01-14 04:15:00,1.0,7.5,7.875,3
2021-01-14 16:15:00,2021-01-14 16:45:00,0.75,8.8,9.066666666666666,16
2021-01-16 18:00:00,2021-01-16 18:15:00,0.5,9.1,9.25,18
2021-01-17 06:45:00,2021-01-17 08:15:00,1.75,8.3,8.842857142857143,6
2021-01-17 18:15:00,2021-01-17 18:30:00,0.5,9.5,9.7,18
2021-01-18 08:15:00,2021-01-18 08:45:00,0.75,8.9,8.966666666666667,8
2021-01-19 04:00:00,2021-01-19 04:45:00,1.0,8.4,8.725,4
2021-01-19 06:30:00,2021-01-19 08:15:00,2.0,8.2,8.600000000000001,6
2021-01-20 07:00:00,2021-01-20 09:30:00,2.75,8.4,8.68181818181818,7
2021-01-20 15:15:00,2021-01-20 15:45:00,0.75,8.7,8.866666666666665,15
2021-01-20 17:30:00,2021-01-20 20:30:00,3.25,8.7,9.169230769230769,17
2021-01-20 23:00:00,2021-01-20 23:45:00,1.0,8.9,9.175,23
2021-01-22 06:45:00,2021-01-22 07:45:00,1.25,7.7,7.92,6
2021-01-22 18:15:00,2021-01-22 19:30:00,1.5,8.6,8.7,18
2021-01-23 01:00:00,2021-01-23 01:15:00,0.5,8.6,8.7,1
2021-01-23 13:30:00,2021-01-23 13:45:00,0.5,8.7,8.8,13
2021-01-23 19:30:00,2021-01-23 20:15:00,1.0,8.3,8.400000000000002,19
2021-01-23 22:00:00,2021-01-23 23:00:00,1.25,8.2,8.319999999999999,22
2021-01-24 14:30:00,2021-01-24 14:45:00,0.5,8.6,8.75,14
2021-01-25 19:45:00,2021-01-25 21:15:00,1.75,7.1,7.5857142857142845,19
2021-01-26 07:30:00,2021-01-26 08:30:00,1.25,7.5,7.82,7
2021-01-26 20:45:00,2021-01-26 23:30:00,3.0,6.4,7.158333333333334,20
2021-01-27 08:00:00,2021-01-27 09:00:00,1.25,7.6,7.88,8
2021-01-27 20:30:00,2021-01-27 21:30:00,1.25,7.4,7.8,20
2021-01-28 21:30:00,2021-01-28 22:00:00,0.75,8.0,8.166666666666666,21
2021-01-29 15:15:00,2021-01-29 16:30:00,1.5,8.9,9.383333333333333,15
2021-01-31 23:30:00,2021-02-01 00:30:00,1.25,7.8,8.08,23
2021-02-02 19:00:00,2021-02-02 19:15:00,0.5,9.2,9.3,19
2021-02-03 19:45:00,2021-02-03 21:00:00,1.5,9.4,9.566666666666666,19
2021-02-04 20:45:00,2021-02-04 21:45:00,1.25,9.5,9.74,20
2021-02-09 01:30:00,2021-02-09 01:45:00,0.5,8.4,8.55,1
2021-02-09 07:30:00,2021-02-09 08:30:00,1.25,8.2,8.440000000000001,7
2021-02-10 20:45:00,2021-02-10 21:30:00,1.0,7.8,8.275,20
2021-02-11 02:30:00,2021-02-11 03:30:00,1.25,6.9,7.94,2
2021-02-11 21:45:00,2021-02-11 22:00:00,0.5,8.0,8.1,21
2021-02-12 22:15:00,2021-02-12 23:15:00,1.25,8.0,8.28,22
2021-02-15 17:45:00,2021-02-15 18:15:00,0.75,8.9,9.133333333333333,17
2021-02-16 00:00:00,2021-02-16 01:00:00,1.25,8.3,8.52,0
2021-02-16 07:00:00,2021-02-16 07:30:00,0.75,7.9,8.366666666666667,7
2021-02-16 15:30:00,2021-02-16 16:30:00,1.25,9.8,9.940000000000001,15
2021-02-17 07:15:00,2021-02-17 09:00:00,2.0,7.8,8.5625,7
2021-02-17 17:45:00,2021-02-17 19:00:00,1.5,9.4,9.783333333333333,17
2021-02-19 11:45:00,2021-02-19 12:30:00,1.0,8.9,9.025,11
2021-02-20 16:00:00,2021-02-20 17:15:00,1.5,8.8,8.983333333333334,16
2021-02-20 20:15:00,2021-02-20 22:30:00,2.5,8.7,8.860000000000001,20
2021-02-21 13:45:00,2021-02-21 14:45:00,1.25,8.6,9.02,13
2021-02-21 21:15:00,2021-02-21 22:45:00,1.75,8.5,8.7,21
2021-02-22 00:30:00,2021-02-22 01:15:00,1.0,9.0,9.2,0
2021-02-22 20:15:00,2021-02-22 21:15:00,1.25,7.8,8.04,20
2021-02-22 23:15:00,2021-02-23 00:00:00,1.0,8.4,8.6,23
2021-02-23 07:00:00,2021-02-23 08:30:00,1.75,7.8,8.214285714285714,7
2021-02-23 20:15:00,2021-02-23 23:15:00,3.25,7.4,8.13076923076923,20
2021-02-24 07:00:00,2021-02-24 07:15:00,0.5,8.8,8.9,7
2021-02-24 13:30:00,2021-02-24 13:45:00,0.5,8.4,8.55,13
2021-02-24 20:15:00,2021-02-25 01:30:00,5.5,6.9,7.7681818181818185,20
2021-02-25 07:30:00,2021-02-25 08:15:00,1.0,8.7,8.925,7
2021-02-25 12:15:00,2021-02-25 14:00:00,2.0,7.9,8.2375,12
2021-02-25 20:00:00,2021-02-25 23:15:00,3.5,6.9,7.878571428571428,20
2021-02-26 12:45:00,2021-02-26 13:30:00,1.0,8.1,8.2,12
2021-02-26 20:45:00,2021-02-27 01:45:00,5.25,5.9,7.352380952380954,20
2021-02-27 13:45:00,2021-02-27 14:15:00,0.75,7.9,8.133333333333333,13
2021-02-27 21:30:00,2021-02-28 02:30:00,5.25,5.5,6.947619047619048,21
2021-02-28 22:15:00,2021-03-01 01:30:00,3.5,6.2,7.4142857142857155,22
2021-03-01 15:00:00,2021-03-01 15:45:00,1.0,7.5,7.7,15
2021-03-01 23:00:00,2021-03-02 01:15:00,2.5,6.4,7.43,23
2021-03-03 18:00:00,2021-03-03 19:15:00,1.5,8.2,9.049999999999999,18
2021-03-04 01:15:00,2021-03-04 02:00:00,1.0,7.9,8.125,1
2021-03-04 06:45:00,2021-03-04 07:15:00,0.75,6.3,6.433333333333334,6
2021-03-04 19:45:00,2021-03-04 20:30:00,1.0,8.2,8.475,19
2021-03-05 02:00:00,2021-03-05 03:00:00,1.25,7.4,7.779999999999999,2
2021-03-05 20:15:00,2021-03-05 21:15:00,1.25,8.4,8.56,20
2021-03-06 03:30:00,2021-03-06 05:30:00,2.25,6.9,7.455555555555555,3
2021-03-06 22:30:00,2021-03-06 23:45:00,1.5,8.1,8.250000000000002,22
2021-03-07 04:30:00,2021-03-07 05:00:00,0.75,7.8,8.0,4
2021-03-08 05:45:00,2021-03-08 06:15:00,0.75,7.8,7.966666666666668,5
2021-03-09 00:15:00,2021-03-09 00:30:00,0.5,7.4,7.5,0
2021-03-09 06:30:00,2021-03-09 07:15:00,1.0,7.6,7.9,6
2021-03-09 19:15:00,2021-03-09 19:30:00,0.5,7.9,8.0,19
2021-03-09 23:30:00,2021-03-10 01:30:00,2.25,6.4,6.9,23
2021-03-10 07:15:00,2021-03-10 07:45:00,0.75,7.8,8.0,7
2021-03-10 19:30:00,2021-03-10 21:45:00,2.5,6.7,7.390000000000001,19
2021-03-10 23:30:00,2021-03-11 02:15:00,3.0,5.6,6.141666666666666,23
2021-03-11 08:00:00,2021-03-11 08:15:00,0.5,7.9,8.0,8
2021-03-11 20:15:00,2021-03-11 22:45:00,2.75,6.1,6.99090909090909,20
2021-03-12 03:00:00,2021-03-12 03:15:00,0.5,6.5,6.6,3
2021-03-12 21:00:00,2021-03-12 23:00:00,2.25,6.1,6.944444444444444,21
2021-03-13 01:00:00,2021-03-13 01:30:00,0.75,5.1,5.2,1
2021-03-13 21:30:00,2021-03-13 23:45:00,2.5,6.2,7.100000000000001,21
2021-03-14 22:15:00,2021-03-15 00:45:00,2.75,5.6,6.563636363636363,22
2021-03-15 02:15:00,2021-03-15 03:00:00,1.0,4.7,4.9,2
2021-03-15 22:45:00,2021-03-16 01:30:00,3.0,6.2,7.033333333333334,22
2021-03-16 23:15:00,2021-03-17 02:00:00,3.0,5.6,6.574999999999999,23
2021-03-17 16:15:00,2021-03-17 17:45:00,1.75,7.2,7.328571428571428,16
2021-03-17 23:45:00,2021-03-18 03:15:00,3.75,5.2,6.373333333333334,23
2021-03-18 04:45:00,2021-03-18 06:00:00,1.5,4.6,4.783333333333333,4
2021-03-18 13:15:00,2021-03-18 14:30:00,1.5,6.5,6.8999999999999995,13
2021-03-18 16:15:00,2021-03-18 16:45:00,0.75,6.5,6.7,16
2021-03-18 23:45:00,2021-03-19 02:00:00,2.5,6.0,7.0,23
2021-03-19 05:30:00,2021-03-19 06:00:00,0.75,5.6,5.7,5
2021-03-19 17:45:00,2021-03-19 18:45:00,1.25,7.2,7.339999999999999,17
2021-03-20 02:15:00,2021-03-20 03:30:00,1.5,6.5,6.916666666666667,2
2021-03-20 16:45:00,2021-03-20 18:30:00,2.0,7.9,8.1125,16
2021-03-21 03:30:00,2021-03-21 04:30:00,1.25,7.0,7.3,3
2021-03-22 03:30:00,2021-03-22 04:00:00,0.75,7.6,7.733333333333333,3
2021-03-23 04:15:00,2021-03-23 07:30:00,3.5,5.9,6.878571428571429,4
2021-03-23 09:30:00,2021-03-23 10:30:00,1.25,5.2,5.4799999999999995,9
2021-03-23 17:15:00,2021-03-23 20:45:00,3.75,6.2,7.186666666666667,17
2021-03-24 04:30:00,2021-03-24 11:15:00,7.0,4.5,6.007142857142857,4
2021-03-24 18:00:00,2021-03-25 00:00:00,6.25,4.5,5.912000000000001,18
2021-03-25 06:00:00,2021-03-25 09:00:00,3.25,5.2,6.392307692307692,6
2021-03-25 18:45:00,2021-03-25 23:45:00,5.25,3.9,5.552380952380953,18
2021-03-26 07:00:00,2021-03-26 09:00:00,2.25,6.0,6.722222222222222,7
2021-03-26 19:15:00,2021-03-27 00:15:00,5.25,3.4,5.3,19
2021-03-27 08:00:00,2021-03-27 09:00:00,1.25,6.5,6.880000000000001,8
2021-03-27 13:00:00,2021-03-27 14:15:00,1.5,5.3,6.016666666666667,13
2021-03-27 19:45:00,2021-03-27 23:00:00,3.5,4.6,6.2,19
2021-03-28 01:15:00,2021-03-28 01:30:00,0.5,3.3,3.5,1
2021-03-28 08:00:00,2021-03-28 09:30:00,1.75,6.8,7.185714285714285,8
2021-03-28 21:00:00,2021-03-28 23:45:00,3.0,4.8,5.9750000000000005,21
2021-03-29 14:30:00,2021-03-29 16:30:00,2.25,6.4,6.644444444444444,14
2021-03-29 22:00:00,2021-03-30 00:45:00,3.0,5.5,6.383333333333333,22
2021-03-30 03:15:00,2021-03-30 04:00:00,1.0,4.5,4.775,3
2021-03-30 14:45:00,2021-03-30 15:45:00,1.25,6.0,6.279999999999999,14
2021-03-30 22:15:00,2021-03-31 01:30:00,3.5,5.5,6.528571428571428,22
2021-03-31 15:15:00,2021-03-31 17:30:00,2.5,6.0,6.42,15
2021-03-31 23:00:00,2021-04-01 02:15:00,3.5,5.0,6.185714285714286,23
2021-04-01 05:00:00,2021-04-01 05:30:00,0.75,3.9,4.1,5
2021-04-02 01:00:00,2021-04-02 02:15:00,1.5,6.4,6.8,1
2021-04-02 05:30:00,2021-04-02 07:00:00,1.75,4.9,5.242857142857143,5
2021-04-02 17:15:00,2021-04-02 19:30:00,2.5,6.9,7.32,17
2021-04-03 01:00:00,2021-04-03 03:30:00,2.75,6.4,7.090909090909091,1
2021-04-03 06:45:00,2021-04-03 07:45:00,1.25,5.3,5.5,6
2021-04-03 17:45:00,2021-04-03 18:15:00,0.75,7.1,7.266666666666666,17
2021-04-03 21:15:00,2021-04-03 22:00:00,1.0,7.0,7.299999999999999,21
2021-04-04 02:00:00,2021-04-04 04:45:00,3.0,6.2,7.075,2
2021-04-04 18:30:00,2021-04-04 20:00:00,1.75,5.9,6.585714285714286,18
2021-04-05 03:00:00,2021-04-05 05:30:00,2.75,6.1,7.109090909090909,3
2021-04-05 08:15:00,2021-04-05 10:00:00,2.0,4.6,5.025,8
2021-04-05 11:45:00,2021-04-05 12:15:00,0.75,7.5,7.566666666666666,11
2021-04-05 17:30:00,2021-04-05 21:30:00,4.25,5.1,6.447058823529411,17
2021-04-06 04:45:00,2021-04-06 11:00:00,6.5,4.4,5.6,4
2021-04-06 17:45:00,2021-04-06 22:30:00,5.0,4.3,5.98,17
2021-04-07 06:00:00,2021-04-07 10:30:00,4.75,4.5,5.58421052631579,6
2021-04-07 18:30:00,2021-04-07 23:00:00,4.75,3.8,5.557894736842106,18
2021-04-08 06:00:00,2021-04-08 09:00:00,3.25,5.3,6.476923076923076,6
2021-04-08 10:30:00,2021-04-08 12:45:00,2.5,4.6,4.97,10
2021-04-08 18:30:00,2021-04-09 00:45:00,6.5,3.5,5.323076923076922,18
2021-04-09 07:30:00,2021-04-09 09:00:00,1.75,6.1,6.671428571428572,7
2021-04-09 12:15:00,2021-04-09 13:45:00,1.75,5.2,5.442857142857143,12
2021-04-09 19:45:00,2021-04-10 02:00:00,6.5,2.9,4.815384615384615,19
2021-04-10 08:30:00,2021-04-10 09:30:00,1.25,6.3,6.619999999999999,8
2021-04-10 12:30:00,2021-04-10 13:30:00,1.25,5.7,5.819999999999999,12
2021-04-10 20:30:00,2021-04-10 23:15:00,3.0,5.0,5.983333333333333,20
2021-04-11 01:15:00,2021-04-11 03:15:00,2.25,3.7,4.222222222222222,1
2021-04-11 09:30:00,2021-04-11 10:15:00,1.0,6.3,6.575,9
2021-04-11 13:15:00,2021-04-11 13:45:00,0.75,5.6,5.766666666666666,13
2021-04-11 21:30:00,2021-04-12 04:00:00,6.75,3.2,4.696296296296296,21
2021-04-12 14:15:00,2021-04-12 15:45:00,1.75,6.4,6.957142857142857,14
2021-04-12 21:00:00,2021-04-13 00:00:00,3.25,4.6,5.9923076923076914,21
2021-04-13 01:45:00,2021-04-13 03:45:00,2.25,2.6,3.1111111111111116,1
2021-04-13 14:30:00,2021-04-13 16:15:00,2.0,6.4,6.800000000000001,14
2021-04-13 21:30:00,2021-04-14 00:45:00,3.5,4.9,6.178571428571429,21
2021-04-14 03:00:00,2021-04-14 04:45:00,2.0,3.2,3.55,3
2021-04-14 15:00:00,2021-04-14 16:45:00,2.0,6.7,7.0375000000000005,15
2021-04-14 22:15:00,2021-04-15 01:00:00,3.0,5.2,6.316666666666666,22
2021-04-15 03:45:00,2021-04-15 05:00:00,1.5,3.3,3.5833333333333335,3
2021-04-15 23:15:00,2021-04-16 01:30:00,2.5,4.8,5.84,23
2021-04-16 03:30:00,2021-04-16 05:00:00,1.75,3.4,3.6714285714285713,3
2021-04-16 16:15:00,2021-04-16 17:45:00,1.75,6.4,6.742857142857142,16
2021-04-17 00:15:00,2021-04-17 02:00:00,2.0,5.3,6.0,0
2021-04-17 04:45:00,2021-04-17 07:15:00,2.75,3.6,4.027272727272727,4
2021-04-17 16:00:00,2021-04-17 18:45:00,3.0,6.5,7.0249999999999995,16
2021-04-18 00:45:00,2021-04-18 08:30:00,8.0,3.4,4.6875,0
2021-04-18 16:45:00,2021-04-18 18:45:00,2.25,6.0,6.48888888888889,16
2021-04-19 01:00:00,2021-04-19 07:30:00,6.75,3.2,4.7481481481481485,1
2021-04-19 13:00:00,2021-04-19 13:45:00,1.0,6.6,6.725,13
2021-04-19 16:45:00,2021-04-19 18:15:00,1.75,6.1,6.814285714285716,16
2021-04-20 02:30:00,2021-04-20 05:00:00,2.75,4.7,5.800000000000001,2
2021-04-20 06:30:00,2021-04-20 09:00:00,2.75,3.6,3.890909090909091,6
2021-04-20 16:30:00,2021-04-20 20:15:00,4.0,5.6,6.1937500000000005,16
2021-04-21 03:30:00,2021-04-21 06:15:00,3.0,4.4,5.425,3
2021-04-21 17:15:00,2021-04-21 20:30:00,3.5,5.3,6.078571428571428,17
2021-04-22 05:30:00,2021-04-22 06:30:00,1.25,5.6,6.040000000000001,5
2021-04-22 17:15:00,2021-04-22 19:00:00,2.0,6.2,6.7625,17
2021-04-22 21:30:00,2021-04-22 22:15:00,1.0,4.9,5.125,21
2021-04-23 05:15:00,2021-04-23 06:45:00,1.75,5.8,6.471428571428571,5
2021-04-23 11:30:00,2021-04-23 12:30:00,1.25,5.0,5.24,11
2021-04-23 18:00:00,2021-04-23 20:00:00,2.25,5.7,6.533333333333334,18
2021-04-23 22:30:00,2021-04-23 23:30:00,1.25,4.4,4.5,22
2021-04-24 06:15:00,2021-04-24 08:30:00,2.5,5.3,6.06,6
2021-04-24 19:15:00,2021-04-24 20:45:00,1.75,5.9,6.385714285714286,19
2021-04-25 07:15:00,2021-04-25 08:15:00,1.25,6.2,6.5200000000000005,7
2021-04-25 19:45:00,2021-04-25 22:15:00,2.75,5.2,6.036363636363637,19
2021-04-26 12:45:00,2021-04-26 13:30:00,1.0,6.0,6.2,12
2021-04-26 20:45:00,2021-04-27 00:00:00,3.5,4.8,5.764285714285713,20
2021-04-27 02:15:00,2021-04-27 03:15:00,1.25,3.8,3.9799999999999995,2
2021-04-27 13:45:00,2021-04-27 15:00:00,1.5,5.2,5.900000000000001,13
2021-04-27 21:00:00,2021-04-28 00:30:00,3.75,4.7,5.893333333333334,21
2021-04-28 14:45:00,2021-04-28 16:00:00,1.5,5.2,5.783333333333334,14
2021-04-28 22:00:00,2021-04-29 01:30:00,3.75,4.4,5.666666666666668,22
2021-04-29 14:30:00,2021-04-29 17:15:00,3.0,5.0,5.75,14
2021-04-29 22:30:00,2021-04-30 01:30:00,3.25,4.6,5.807692307692307,22
2021-04-30 04:15:00,2021-04-30 04:45:00,0.75,2.8,3.1999999999999997,4
2021-04-30 15:30:00,2021-04-30 18:00:00,2.75,5.2,5.6454545454545455,15
2021-05-01 00:15:00,2021-05-01 03:00:00,3.0,4.1,5.083333333333333,0
2021-05-01 17:00:00,2021-05-01 18:00:00,1.25,5.7,5.9399999999999995,17
2021-05-02 01:00:00,2021-05-02 04:00:00,3.25,4.4,5.492307692307692,1
2021-05-02 06:45:00,2021-05-02 08:00:00,1.5,3.3,3.4000000000000004,6
2021-05-02 17:15:00,2021-05-02 18:45:00,1.75,5.2,5.700000000000001,17
2021-05-03 02:30:00,2021-05-03 04:45:00,2.5,4.1,5.029999999999999,2
2021-05-03 07:30:00,2021-05-03 08:30:00,1.25,2.9,3.06,7
2021-05-03 16:30:00,2021-05-03 20:30:00,4.25,4.4,5.252941176470588,16
2021-05-04 03:30:00,2021-05-04 06:45:00,3.5,3.1,4.4,3
2021-05-04 16:30:00,2021-05-04 21:30:00,5.25,3.7,4.819047619047619,16
2021-05-05 03:30:00,2021-05-05 07:15:00,4.0,3.0,4.69375,3
2021-05-05 16:00:00,2021-05-05 22:00:00,6.25,3.1,4.856,16
2021-05-06 05:00:00,2021-05-06 07:30:00,2.75,3.6,4.745454545454545,5
2021-05-06 09:15:00,2021-05-06 10:30:00,1.5,2.7,2.9166666666666665,9
2021-05-20 16:45:00,2021-05-20 20:45:00,4.25,4.7,5.758823529411764,16
2021-05-21 03:15:00,2021-05-21 06:30:00,3.5,3.7,5.142857142857144,3
2021-05-21 08:00:00,2021-05-21 08:45:00,1.0,3.0,3.175,8
2021-05-21 16:00:00,2021-05-21 22:45:00,7.0,3.6,5.2250000000000005,16
2021-05-22 04:45:00,2021-05-22 07:30:00,3.0,3.6,4.825,4
2021-05-22 09:15:00,2021-05-22 10:15:00,1.25,2.7,3.0200000000000005,9
2021-05-22 12:30:00,2021-05-22 13:15:00,1.0,3.6,5.625,12
2021-05-22 17:00:00,2021-05-22 22:45:00,6.0,2.7,4.7375,17
2021-05-23 05:15:00,2021-05-23 08:15:00,3.25,3.4,4.853846153846154,5
2021-05-23 10:30:00,2021-05-23 11:15:00,1.0,3.0,3.05,10
2021-05-23 18:00:00,2021-05-23 21:15:00,3.5,3.6,5.257142857142857,18
2021-05-23 23:15:00,2021-05-24 00:00:00,1.0,2.3,2.5999999999999996,23
2021-05-24 06:15:00,2021-05-24 08:45:00,2.75,3.7,4.963636363636363,6
2021-05-24 12:30:00,2021-05-24 13:15:00,1.0,3.7,5.2250000000000005,12
2021-05-24 19:30:00,2021-05-24 22:15:00,3.0,3.3,4.8583333333333325,19
2021-05-25 00:15:00,2021-05-25 01:00:00,1.0,2.1,2.4250000000000003,0
2021-05-25 07:15:00,2021-05-25 09:00:00,2.0,4.5,5.362500000000001,7
2021-05-25 13:15:00,2021-05-25 14:15:00,1.25,4.6,5.36,13
2021-05-25 20:30:00,2021-05-25 23:15:00,3.0,3.5,4.758333333333334,20
2021-05-26 01:15:00,2021-05-26 02:45:00,1.75,2.3,2.614285714285714,1
2021-05-26 08:15:00,2021-05-26 09:45:00,1.75,5.1,5.571428571428571,8
2021-05-26 13:45:00,2021-05-26 15:15:00,1.75,4.8,5.4142857142857155,13
2021-05-26 20:45:00,2021-05-27 00:00:00,3.5,3.5,5.014285714285714,20
2021-05-27 02:30:00,2021-05-27 03:15:00,1.0,2.1,2.5,2
2021-05-27 09:00:00,2021-05-27 09:45:00,1.0,5.4,5.65,9
2021-05-27 15:45:00,2021-05-27 16:15:00,0.75,5.0,5.266666666666667,15
2021-05-27 21:30:00,2021-05-28 01:00:00,3.75,3.1,4.819999999999999,21
2021-05-28 03:30:00,2021-05-28 04:30:00,1.25,1.8,2.12,3
2021-05-28 15:45:00,2021-05-28 16:45:00,1.25,4.8,5.26,15
2021-05-28 22:30:00,2021-05-29 01:30:00,3.25,3.8,5.06923076923077,22
2021-05-29 04:30:00,2021-05-29 05:30:00,1.25,2.6,2.78,4
2021-05-29 11:00:00,2021-05-29 12:30:00,1.75,5.1,5.485714285714286,11
2021-05-29 16:15:00,2021-05-29 16:45:00,0.75,3.8,4.1000000000000005,16
2021-05-30 00:00:00,2021-05-30 02:15:00,2.5,3.6,4.63,0
2021-05-30 04:30:00,2021-05-30 05:30:00,1.25,2.1,2.5799999999999996,4
2021-05-30 17:45:00,2021-05-30 18:45:00,1.25,5.2,5.44,17
2021-05-31 00:30:00,2021-05-31 03:45:00,3.5,3.4,4.685714285714286,0
2021-05-31 05:15:00,2021-05-31 06:30:00,1.5,2.0,2.6999999999999997,5
2021-05-31 17:30:00,2021-05-31 18:45:00,1.5,4.3,5.066666666666667,17
2021-06-01 01:15:00,2021-06-01 04:30:00,3.5,3.6,5.0,1
2021-06-01 06:30:00,2021-06-01 08:45:00,2.5,2.1,2.58,6
2021-06-01 15:45:00,2021-06-01 19:30:00,4.0,3.6,5.05625,15
2021-06-02 02:00:00,2021-06-02 05:30:00,3.75,3.2,4.786666666666667,2
2021-06-02 07:45:00,2021-06-02 08:00:00,0.5,2.0,2.25,7
2021-06-02 14:45:00,2021-06-02 20:45:00,6.25,2.8,4.954166666666667,14
2021-06-03 04:00:00,2021-06-03 06:30:00,2.75,2.6,3.809090909090909,4
2021-06-03 08:45:00,2021-06-03 10:00:00,1.5,1.7,1.7999999999999998,8
2021-06-03 15:30:00,2021-06-03 22:00:00,6.75,2.2,4.185185185185186,15
2021-06-04 04:30:00,2021-06-04 07:30:00,3.25,2.6,4.069230769230769,4
2021-06-04 09:15:00,2021-06-04 10:45:00,1.75,1.5,1.9000000000000001,9
2021-06-04 17:30:00,2021-06-04 22:45:00,5.5,2.2,3.6318181818181827,17
2021-06-05 04:45:00,2021-06-05 11:45:00,7.25,1.5,3.3000000000000003,4
2021-06-05 17:15:00,2021-06-05 23:30:00,6.5,1.5,3.784615384615385,17
2021-06-06 05:15:00,2021-06-06 09:00:00,4.0,2.6,4.43125,5
2021-06-06 10:30:00,2021-06-06 12:15:00,2.0,2.1,2.3625,10
2021-06-06 17:45:00,2021-06-07 01:30:00,8.0,1.5,3.375,17
2021-06-07 05:45:00,2021-06-07 09:45:00,4.25,3.1,4.647058823529411,5
2021-06-07 19:30:00,2021-06-08 02:00:00,6.75,1.2,2.818518518518519,19
2021-06-08 06:45:00,2021-06-08 10:15:00,3.75,3.0,4.5600000000000005,6
2021-06-08 19:30:00,2021-06-08 23:00:00,3.75,2.4,4.326666666666667,19
2021-06-09 00:45:00,2021-06-09 02:45:00,2.25,1.7,2.0777777777777775,0
2021-06-09 07:15:00,2021-06-09 10:15:00,3.25,3.6,4.846153846153846,7
2021-06-09 13:15:00,2021-06-09 14:00:00,1.0,3.6,4.175,13
2021-06-09 20:30:00,2021-06-09 23:15:00,3.0,2.5,4.133333333333334,20
2021-06-23 15:00:00,2021-06-23 15:15:00,0.5,5.6,5.699999999999999,15
2021-06-23 20:15:00,2021-06-23 23:45:00,3.75,3.3,4.626666666666666,20
2021-06-24 08:30:00,2021-06-24 09:30:00,1.25,5.3,5.54,8
2021-06-24 16:15:00,2021-06-24 16:30:00,0.5,5.7,5.85,16
2021-06-24 21:00:00,2021-06-25 00:15:00,3.5,3.4,4.728571428571429,21
2021-06-25 02:30:00,2021-06-25 03:00:00,0.75,2.6,2.733333333333333,2
2021-06-25 17:00:00,2021-06-25 17:15:00,0.5,5.7,5.85,17
2021-06-25 21:45:00,2021-06-26 00:45:00,3.25,3.2,4.661538461538461,21
2021-06-26 10:45:00,2021-06-26 11:30:00,1.0,5.1,5.375,10
2021-06-26 22:45:00,2021-06-27 01:45:00,3.25,3.0,4.392307692307692,22
2021-06-27 23:45:00,2021-06-28 02:45:00,3.25,2.8,4.184615384615385,23
2021-06-28 04:30:00,2021-06-28 05:00:00,0.75,2.1,2.3,4
2021-06-28 11:30:00,2021-06-28 16:45:00,5.5,3.7,4.7272727272727275,11
2021-06-29 00:00:00,2021-06-29 03:15:00,3.5,3.4,4.735714285714287,0
2021-06-29 04:45:00,2021-06-29 05:45:00,1.25,2.8,2.9799999999999995,4
2021-06-29 14:45:00,2021-06-29 16:45:00,2.25,4.6,5.211111111111111,14
2021-06-30 01:15:00,2021-06-30 04:30:00,3.5,2.3,3.8571428571428577,1
2021-06-30 15:15:00,2021-06-30 18:45:00,3.75,4.1,4.966666666666668,15
2021-07-01 02:15:00,2021-07-01 05:15:00,3.25,2.3,3.6538461538461537,2
2021-07-01 15:15:00,2021-07-01 17:15:00,2.25,3.9,5.233333333333333,15
2021-07-01 19:30:00,2021-07-01 20:45:00,1.5,3.5,3.5833333333333335,19
2021-07-02 03:00:00,2021-07-02 06:15:00,3.5,2.4,3.728571428571428,3
2021-07-02 16:00:00,2021-07-02 20:30:00,4.75,2.5,3.831578947368421,16
2021-07-03 02:45:00,2021-07-03 07:00:00,4.5,2.5,4.361111111111111,2
2021-07-03 08:45:00,2021-07-03 10:00:00,1.5,2.2,2.733333333333333,8
2021-07-03 16:45:00,2021-07-03 21:15:00,4.75,2.8,4.152631578947369,16
2021-07-04 04:00:00,2021-07-04 07:15:00,3.5,2.5,4.335714285714285,4
2021-07-04 10:45:00,2021-07-04 11:30:00,1.0,2.4,3.0999999999999996,10
2021-07-04 16:45:00,2021-07-04 20:15:00,3.75,3.3,5.006666666666667,16
2021-07-05 05:15:00,2021-07-05 08:30:00,3.5,2.5,3.8928571428571432,5
2021-07-05 10:30:00,2021-07-05 11:15:00,1.0,2.3,2.55,10
2021-07-05 13:15:00,2021-07-05 13:30:00,0.5,5.9,6.050000000000001,13
2021-07-05 18:15:00,2021-07-05 21:30:00,3.5,2.8,4.25,18
2021-07-05 23:15:00,2021-07-06 01:15:00,2.25,2.4,2.566666666666667,23
2021-07-06 05:45:00,2021-07-06 09:15:00,3.75,2.5,4.086666666666667,5
2021-07-06 11:45:00,2021-07-06 14:15:00,2.75,2.7,4.318181818181818,11
2021-07-06 18:45:00,2021-07-06 21:45:00,3.25,2.8,4.2846153846153845,18
2021-07-06 23:45:00,2021-07-07 01:00:00,1.5,2.1,2.2666666666666666,23
2021-07-07 07:15:00,2021-07-07 09:45:00,2.75,2.5,3.572727272727273,7
2021-07-07 19:30:00,2021-07-07 22:00:00,2.75,3.2,4.363636363636363,19
2021-07-08 00:30:00,2021-07-08 01:30:00,1.25,3.4,3.8,0
2021-07-08 08:15:00,2021-07-08 08:45:00,0.75,4.6,4.8,8
2021-07-08 11:00:00,2021-07-08 11:30:00,0.75,4.9,5.033333333333333,11
2021-07-08 20:30:00,2021-07-08 22:45:00,2.5,2.7,4.14,20
2021-07-09 08:45:00,2021-07-09 11:30:00,3.0,3.2,4.291666666666667,8
2021-07-09 20:30:00,2021-07-09 23:15:00,3.0,2.5,4.2749999999999995,20
2021-07-10 02:00:00,2021-07-10 04:00:00,2.25,1.9,2.7888888888888888,2
2021-07-10 09:30:00,2021-07-10 11:45:00,2.5,3.4,4.24,9
2021-07-10 21:00:00,2021-07-11 00:45:00,4.0,2.4,4.1125,21
2021-07-11 10:45:00,2021-07-11 11:45:00,1.25,4.4,4.8,10
2021-07-11 22:00:00,2021-07-12 00:45:00,3.0,2.9,4.216666666666667,22
2021-07-12 11:30:00,2021-07-12 12:30:00,1.25,4.4,4.8,11
2021-07-12 14:15:00,2021-07-12 15:30:00,1.5,4.1,4.3500000000000005,14
2021-07-12 23:00:00,2021-07-13 01:30:00,2.75,2.8,4.118181818181818,23
2021-07-13 11:45:00,2021-07-13 13:30:00,2.0,3.3,4.15,11
2021-07-13 23:45:00,2021-07-14 02:15:00,2.75,2.6,3.9,23
2021-07-14 14:00:00,2021-07-14 14:15:00,0.5,5.0,5.1,14
2021-07-15 00:00:00,2021-07-15 03:30:00,3.75,2.1,3.853333333333333,0
2021-07-15 15:00:00,2021-07-15 17:30:00,2.75,4.1,4.654545454545454,15
2021-07-16 01:15:00,2021-07-16 03:45:00,2.75,2.4,3.772727272727273,1
2021-07-16 14:45:00,2021-07-16 18:45:00,4.25,3.9,4.7823529411764705,14
2021-07-17 01:30:00,2021-07-17 04:30:00,3.25,2.4,4.115384615384615,1
2021-07-17 07:15:00,2021-07-17 08:30:00,1.5,1.1,1.8,7
2021-07-17 15:30:00,2021-07-17 20:00:00,4.75,2.7,3.9842105263157896,15
2021-07-18 02:45:00,2021-07-18 06:00:00,3.5,2.2,3.6285714285714286,2
2021-07-18 10:15:00,2021-07-18 11:00:00,1.0,4.0,4.9,10
2021-07-18 16:00:00,2021-07-18 18:30:00,2.75,2.8,4.036363636363636,16
2021-07-19 04:00:00,2021-07-19 06:30:00,2.75,2.3,3.536363636363636,4
2021-07-19 11:15:00,2021-07-19 12:15:00,1.25,3.5,4.36,11
2021-07-19 17:15:00,2021-07-19 23:30:00,6.5,2.1,3.3,17
2021-07-20 05:30:00,2021-07-20 08:00:00,2.75,2.2,3.254545454545455,5
2021-07-20 12:30:00,2021-07-20 13:00:00,0.75,4.6,4.833333333333333,12
2021-07-20 18:00:00,2021-07-20 20:45:00,3.0,3.0,4.425,18
2021-07-20 23:30:00,2021-07-21 00:00:00,0.75,2.6,2.733333333333333,23
2021-07-21 06:00:00,2021-07-21 07:45:00,2.0,2.8,3.8375,6
2021-07-21 19:00:00,2021-07-21 21:30:00,2.75,3.1,4.509090909090909,19
2021-07-22 07:30:00,2021-07-22 09:15:00,2.0,2.8,3.6374999999999997,7
2021-07-22 19:45:00,2021-07-22 22:45:00,3.25,2.8,4.261538461538462,19
2021-07-23 08:15:00,2021-07-23 09:45:00,1.75,3.7,4.314285714285714,8
2021-07-23 15:45:00,2021-07-23 16:00:00,0.5,4.6,4.699999999999999,15
2021-07-23 20:45:00,2021-07-24 00:00:00,3.5,2.9,4.385714285714286,20
2021-07-24 09:00:00,2021-07-24 11:00:00,2.25,4.3,4.877777777777777,9
2021-07-24 16:45:00,2021-07-24 17:00:00,0.5,4.8,4.9,16
2021-07-24 21:30:00,2021-07-25 00:45:00,3.5,2.9,4.335714285714286,21
2021-07-25 10:00:00,2021-07-25 11:45:00,2.0,4.6,5.05,10
2021-07-25 22:00:00,2021-07-26 01:45:00,4.0,2.5,4.24375,22
2021-07-26 11:15:00,2021-07-26 12:00:00,1.0,4.8,5.025,11
2021-07-26 14:30:00,2021-07-26 16:45:00,2.5,3.5,3.900000000000001,14
2021-07-26 23:15:00,2021-07-27 02:00:00,3.0,2.7,4.016666666666667,23
2021-07-27 11:45:00,2021-07-27 13:15:00,1.75,3.7,4.3,11
2021-07-28 00:00:00,2021-07-28 02:15:00,2.5,3.1,4.14,0
2021-07-28 12:30:00,2021-07-28 13:15:00,1.0,4.8,4.975,12
2021-07-29 00:45:00,2021-07-29 03:15:00,2.75,2.5,3.663636363636364,0
2021-07-29 07:15:00,2021-07-29 09:00:00,2.0,2.2,3.6624999999999996,7
2021-07-30 01:30:00,2021-07-30 03:30:00,2.25,2.4,3.7333333333333334,1
2021-07-30 07:45:00,2021-07-30 10:00:00,2.5,1.6,2.99,7
2021-07-30 15:00:00,2021-07-30 19:45:00,5.0,3.4,4.295000000000001,15
2021-07-31 01:30:00,2021-07-31 06:15:00,5.0,1.7,3.4150000000000005,1
2021-07-31 10:00:00,2021-07-31 10:45:00,1.0,2.5,3.925,10
2021-07-31 14:15:00,2021-07-31 19:45:00,5.75,2.7,4.434782608695652,14
2021-07-31 22:45:00,2021-07-31 23:45:00,1.25,5.1,5.3,22
2021-08-01 02:15:00,2021-08-01 06:45:00,4.75,1.9,3.8894736842105266,2
2021-08-01 16:15:00,2021-08-01 17:30:00,1.5,4.2,4.816666666666667,16
2021-08-01 19:30:00,2021-08-01 19:45:00,0.5,3.2,3.3,19
2021-08-01 22:15:00,2021-08-01 23:30:00,1.5,3.7,5.133333333333334,22
2021-08-02 01:45:00,2021-08-02 08:15:00,6.75,2.2,4.337037037037037,1
2021-08-02 10:30:00,2021-08-02 12:00:00,1.75,4.2,5.014285714285714,10
2021-08-02 16:00:00,2021-08-02 19:15:00,3.5,3.1,4.614285714285714,16
2021-08-03 03:45:00,2021-08-03 13:00:00,9.5,1.8,3.4499999999999997,3
2021-08-03 17:30:00,2021-08-03 19:45:00,2.5,3.2,4.4,17
2021-08-03 23:30:00,2021-08-04 00:30:00,1.25,2.8,3.62,23
2021-08-04 05:45:00,2021-08-04 08:30:00,3.0,2.3,3.5083333333333333,5
2021-08-04 11:45:00,2021-08-04 14:15:00,2.75,2.3,4.3999999999999995,11
2021-08-04 18:15:00,2021-08-04 20:30:00,2.5,2.8,4.15,18
2021-08-05 00:00:00,2021-08-05 01:15:00,1.5,2.2,2.8833333333333333,0
2021-08-05 06:30:00,2021-08-05 09:00:00,2.75,2.5,3.5,6
2021-08-05 12:15:00,2021-08-05 14:45:00,2.75,2.8,4.3545454545454545,12
2021-08-05 19:00:00,2021-08-05 21:45:00,3.0,2.8,4.191666666666667,19
2021-08-06 00:00:00,2021-08-06 01:15:00,1.5,2.0,2.233333333333334,0
2021-08-06 07:15:00,2021-08-06 09:00:00,2.0,3.1,3.8875,7
2021-08-06 14:30:00,2021-08-06 15:15:00,1.0,4.3,4.825,14
2021-08-06 19:45:00,2021-08-06 22:30:00,3.0,2.5,4.0,19
2021-08-07 00:15:00,2021-08-07 01:15:00,1.25,1.8,1.9200000000000004,0
2021-08-07 07:30:00,2021-08-07 10:15:00,3.0,2.5,3.9250000000000003,7
2021-08-07 13:30:00,2021-08-07 15:15:00,2.0,2.1,3.6375,13
2021-08-07 20:30:00,2021-08-07 23:15:00,3.0,2.6,4.083333333333333,20
2021-08-08 01:45:00,2021-08-08 03:00:00,1.5,1.9,2.0833333333333335,1
2021-08-08 09:00:00,2021-08-08 10:30:00,1.75,3.3,4.071428571428571,9
2021-08-08 14:15:00,2021-08-08 16:30:00,2.5,2.6,4.1,14
2021-08-08 21:00:00,2021-08-09 02:30:00,5.75,1.9,3.2913043478260873,21
2021-08-09 10:00:00,2021-08-09 11:30:00,1.75,3.8,4.485714285714286,10
2021-08-09 13:45:00,2021-08-09 17:15:00,3.75,3.3,4.126666666666667,13
2021-08-09 21:30:00,2021-08-10 00:30:00,3.25,2.5,4.161538461538462,21
2021-08-10 03:00:00,2021-08-10 04:00:00,1.25,1.5,1.7399999999999998,3
2021-08-10 15:15:00,2021-08-10 15:45:00,0.75,3.9,4.066666666666667,15
2021-08-10 22:30:00,2021-08-11 01:30:00,3.25,2.2,3.7153846153846155,22
2021-08-11 03:45:00,2021-08-11 04:15:00,0.75,1.6,1.7,3
2021-08-11 14:45:00,2021-08-11 17:45:00,3.25,3.7,4.307692307692308,14
2021-08-11 22:45:00,2021-08-12 01:45:00,3.25,2.4,4.176923076923076,22
2021-08-12 16:30:00,2021-08-12 17:00:00,0.75,4.1,4.233333333333333,16
2021-08-12 23:45:00,2021-08-13 02:45:00,3.25,2.0,3.6076923076923078,23
2021-08-13 04:30:00,2021-08-13 06:00:00,1.75,1.3,1.4428571428571428,4
2021-08-13 14:45:00,2021-08-13 17:30:00,3.0,3.5,4.325,14
2021-08-14 01:00:00,2021-08-14 03:00:00,2.25,2.2,3.522222222222222,1
2021-08-14 05:15:00,2021-08-14 07:15:00,2.25,1.4,1.6,5
2021-08-14 14:00:00,2021-08-14 16:00:00,2.25,3.5,4.377777777777778,14
2021-08-14 18:00:00,2021-08-14 20:45:00,3.0,2.4,2.8249999999999997,18
2021-08-15 01:15:00,2021-08-15 04:15:00,3.25,2.0,3.630769230769231,1
2021-08-15 06:30:00,2021-08-15 10:00:00,3.75,1.1,2.2866666666666666,6
2021-08-15 15:00:00,2021-08-15 20:30:00,5.75,2.7,3.882608695652174,15
2021-08-16 02:15:00,2021-08-16 04:45:00,2.75,2.3,3.8545454545454545,2
2021-08-16 08:00:00,2021-08-16 10:00:00,2.25,1.6,2.3,8
2021-08-16 16:15:00,2021-08-16 18:30:00,2.5,3.7,4.7700000000000005,16
2021-08-16 20:45:00,2021-08-16 21:00:00,0.5,2.5,2.6,20
2021-08-17 03:45:00,2021-08-17 05:45:00,2.25,3.0,4.222222222222222,3
2021-08-17 08:15:00,2021-08-17 10:45:00,2.75,2.3,2.854545454545455,8
2021-08-17 17:00:00,2021-08-17 19:45:00,3.0,3.5,4.783333333333334,17
2021-08-18 05:45:00,2021-08-18 06:30:00,1.0,4.5,4.9,5
2021-08-18 09:15:00,2021-08-18 10:15:00,1.25,3.6,3.78,9
2021-08-18 17:45:00,2021-08-18 20:45:00,3.25,2.9,4.561538461538461,17
2021-08-18 22:30:00,2021-08-18 23:30:00,1.25,1.9,2.14,22
2021-08-19 05:30:00,2021-08-19 08:00:00,2.75,2.3,3.772727272727273,5
2021-08-19 10:00:00,2021-08-19 11:45:00,2.0,1.2,1.5,10
2021-08-19 18:15:00,2021-08-19 21:00:00,3.0,3.1,4.708333333333334,18
2021-08-20 06:30:00,2021-08-20 09:30:00,3.25,2.5,3.6153846153846154,6
2021-08-20 19:15:00,2021-08-20 22:45:00,3.75,2.5,4.26,19
2021-08-21 07:00:00,2021-08-21 09:30:00,2.75,3.2,4.281818181818182,7
2021-08-21 12:15:00,2021-08-21 14:15:00,2.25,2.4,2.944444444444444,12
2021-08-21 20:30:00,2021-08-21 23:00:00,2.75,3.4,4.281818181818181,20
2021-08-22 09:00:00,2021-08-22 10:00:00,1.25,3.9,4.4,9
2021-08-22 21:30:00,2021-08-22 23:45:00,2.5,2.7,3.6800000000000006,21
2021-08-23 02:30:00,2021-08-23 03:45:00,1.5,1.9,2.1333333333333333,2
2021-08-23 09:45:00,2021-08-23 11:15:00,1.75,3.6,4.257142857142858,9
2021-08-23 15:15:00,2021-08-23 16:15:00,1.25,3.4,3.72,15
2021-08-23 22:15:00,2021-08-24 00:45:00,2.75,2.2,3.627272727272727,22
2021-08-24 03:15:00,2021-08-24 04:15:00,1.25,1.6,1.8400000000000003,3
2021-08-24 15:15:00,2021-08-24 17:15:00,2.25,3.9,4.188888888888888,15
2021-08-24 22:30:00,2021-08-25 01:00:00,2.75,2.4,3.8545454545454545,22
2021-08-25 03:45:00,2021-08-25 05:15:00,1.75,1.5,2.0142857142857147,3
2021-08-25 14:30:00,2021-08-25 15:45:00,1.5,4.2,4.5,14
2021-08-25 17:15:00,2021-08-25 18:00:00,1.0,4.5,4.6,17
2021-08-25 23:15:00,2021-08-26 01:30:00,2.5,2.3,3.8199999999999994,23
2021-08-26 03:30:00,2021-08-26 06:00:00,2.75,1.4,1.6818181818181819,3
2021-08-26 14:15:00,2021-08-26 16:30:00,2.5,3.8,4.65,14
2021-08-26 23:30:00,2021-08-27 02:15:00,3.0,2.4,4.25,23
2021-08-27 04:30:00,2021-08-27 05:15:00,1.0,1.3,1.425,4
2021-08-27 13:45:00,2021-08-27 16:15:00,2.75,4.3,5.136363636363637,13
2021-08-27 18:15:00,2021-08-27 19:00:00,1.0,4.1,4.55,18
2021-08-28 00:45:00,2021-08-28 06:30:00,6.0,1.2,2.5541666666666667,0
2021-08-28 14:15:00,2021-08-28 18:00:00,4.0,3.6,5.1125,14
2021-08-29 00:45:00,2021-08-29 07:30:00,7.0,1.6,3.1214285714285706,0
2021-08-29 15:15:00,2021-08-29 19:30:00,4.5,3.8,4.811111111111112,15
2021-08-29 23:00:00,2021-08-30 10:30:00,11.75,1.7,3.982978723404256,23
2021-08-30 15:45:00,2021-08-30 19:45:00,4.25,3.3,4.670588235294118,15
2021-08-30 23:45:00,2021-08-31 00:00:00,0.5,5.7,5.800000000000001,23
2021-08-31 02:15:00,2021-08-31 07:30:00,5.5,1.3,3.6636363636363622,2
2021-08-31 10:30:00,2021-08-31 11:45:00,1.5,2.2,5.016666666666667,10
2021-08-31 15:15:00,2021-08-31 23:00:00,8.0,2.7,4.168749999999999,15
2021-09-01 03:30:00,2021-09-01 07:15:00,4.0,2.4,4.1625000000000005,3
2021-09-01 09:30:00,2021-09-01 10:00:00,0.75,1.8,2.1666666666666665,9
2021-09-01 16:45:00,2021-09-01 23:30:00,7.0,2.0,3.371428571428571,16
2021-09-02 03:45:00,2021-09-02 11:45:00,8.25,1.8,3.45,3
2021-09-02 17:00:00,2021-09-02 23:45:00,7.0,1.7,3.246428571428571,17
2021-09-03 06:00:00,2021-09-03 10:15:00,4.5,2.2,3.1611111111111114,6
2021-09-03 12:45:00,2021-09-03 14:45:00,2.25,2.3,5.9111111111111105,12
2021-09-03 18:00:00,2021-09-04 01:00:00,7.25,1.9,3.606896551724138,18
2021-09-04 06:45:00,2021-09-04 09:30:00,3.0,2.7,3.858333333333334,6
2021-09-04 11:15:00,2021-09-04 11:45:00,0.75,2.2,2.3666666666666667,11
2021-09-04 13:30:00,2021-09-04 14:45:00,1.5,2.6,4.216666666666667,13
2021-09-04 18:45:00,2021-09-05 01:30:00,7.0,1.8,3.7035714285714283,18
2021-09-05 07:30:00,2021-09-05 09:15:00,2.0,3.5,4.3375,7
2021-09-05 14:15:00,2021-09-05 15:30:00,1.5,3.3,4.816666666666666,14
2021-09-05 19:15:00,2021-09-05 23:00:00,4.0,2.7,4.543749999999999,19
2021-09-06 00:45:00,2021-09-06 02:30:00,2.0,1.7,1.9249999999999998,0
2021-09-06 08:45:00,2021-09-06 09:45:00,1.25,3.8,4.340000000000001,8
2021-09-06 12:00:00,2021-09-06 13:15:00,1.5,2.9,3.15,12
2021-09-06 20:45:00,2021-09-06 23:15:00,2.75,2.8,4.1454545454545455,20
2021-09-07 00:45:00,2021-09-07 03:00:00,2.5,1.7,1.9300000000000002,0
2021-09-07 09:30:00,2021-09-07 11:00:00,1.75,4.0,4.571428571428571,9
2021-09-07 13:00:00,2021-09-07 16:45:00,4.0,2.7,3.69375,13
2021-09-07 20:45:00,2021-09-08 00:00:00,3.5,2.8,4.514285714285714,20
2021-09-08 02:00:00,2021-09-08 03:30:00,1.75,1.6,1.8571428571428572,2
2021-09-08 09:30:00,2021-09-08 10:15:00,1.0,5.0,5.4,9
2021-09-08 14:00:00,2021-09-08 15:30:00,1.75,3.2,3.857142857142857,14
2021-09-08 21:45:00,2021-09-09 00:45:00,3.25,3.0,4.276923076923077,21
2021-09-09 03:00:00,2021-09-09 03:30:00,0.75,2.0,2.1333333333333333,3
2021-09-09 09:45:00,2021-09-09 10:15:00,0.75,5.2,5.333333333333333,9
2021-09-09 14:45:00,2021-09-09 16:45:00,2.25,3.7,4.433333333333334,14
2021-09-09 22:30:00,2021-09-10 01:45:00,3.5,2.5,3.971428571428572,22
2021-09-10 03:30:00,2021-09-10 04:30:00,1.25,1.5,1.8800000000000001,3
2021-09-10 16:00:00,2021-09-10 17:45:00,2.0,4.0,4.6000000000000005,16
2021-09-10 23:45:00,2021-09-11 02:00:00,2.5,2.9,4.17,23
2021-09-11 04:30:00,2021-09-11 06:30:00,2.25,1.7,1.9222222222222223,4
2021-09-11 16:00:00,2021-09-11 17:45:00,2.0,3.8,4.8375,16
2021-09-12 00:45:00,2021-09-12 03:30:00,3.0,2.5,3.7583333333333333,0
2021-09-12 05:00:00,2021-09-12 06:00:00,1.25,1.8,1.9,5
2021-09-12 16:30:00,2021-09-12 18:15:00,2.0,4.1,4.824999999999999,16
2021-09-13 01:00:00,2021-09-13 03:45:00,3.0,2.6,4.133333333333334,1
2021-09-13 05:30:00,2021-09-13 07:30:00,2.25,1.6,1.8333333333333333,5
2021-09-13 15:30:00,2021-09-13 19:15:00,4.0,3.0,4.65,15
2021-09-14 02:00:00,2021-09-14 10:45:00,9.0,1.6,2.869444444444445,2
2021-09-14 15:00:00,2021-09-14 21:30:00,6.75,2.4,4.385185185185185,15
2021-09-15 04:00:00,2021-09-15 06:00:00,2.25,2.4,3.5999999999999996,4
2021-09-15 07:45:00,2021-09-15 12:00:00,4.5,1.6,2.5888888888888895,7
2021-09-15 16:00:00,2021-09-15 22:30:00,6.75,2.5,4.225925925925925,16
2021-09-16 04:30:00,2021-09-16 07:30:00,3.25,2.6,4.069230769230769,4
2021-09-16 09:15:00,2021-09-16 11:00:00,2.0,1.8,2.0,9
2021-09-16 16:45:00,2021-09-16 20:30:00,4.0,3.1,4.7125,16
2021-09-16 22:45:00,2021-09-17 00:45:00,2.25,2.2,2.433333333333333,22
2021-09-17 05:30:00,2021-09-17 08:00:00,2.75,2.8,4.181818181818181,5
2021-09-17 10:45:00,2021-09-17 12:00:00,1.5,2.0,2.1666666666666665,10
2021-09-17 18:15:00,2021-09-17 21:30:00,3.5,2.9,4.45,18
2021-09-18 06:15:00,2021-09-18 09:00:00,3.0,2.8,4.058333333333333,6
2021-09-18 11:45:00,2021-09-18 12:15:00,0.75,2.1,2.466666666666667,11
2021-09-18 19:00:00,2021-09-18 22:45:00,4.0,2.6,4.4625,19
2021-09-19 00:15:00,2021-09-19 01:15:00,1.25,1.9,2.08,0
2021-09-19 07:45:00,2021-09-19 09:30:00,2.0,3.9,4.5625,7
2021-09-19 12:00:00,2021-09-19 13:00:00,1.25,3.5,3.6800000000000006,12
2021-09-19 19:45:00,2021-09-20 03:00:00,7.5,2.1,3.633333333333333,19
2021-09-20 13:30:00,2021-09-20 14:45:00,1.5,3.7,3.9,13
2021-09-20 20:30:00,2021-09-21 04:15:00,8.0,2.3,3.6624999999999996,20
2021-09-21 08:45:00,2021-09-21 11:15:00,2.75,4.1,4.845454545454545,8
2021-09-21 14:00:00,2021-09-21 15:15:00,1.5,3.0,3.233333333333334,14
2021-09-21 21:00:00,2021-09-22 00:15:00,3.5,3.1,4.478571428571429,21
2021-09-22 02:00:00,2021-09-22 02:30:00,0.75,2.1,2.3666666666666667,2
2021-09-22 14:00:00,2021-09-22 17:00:00,3.25,3.7,4.546153846153846,14
2021-09-22 21:15:00,2021-09-23 04:00:00,7.0,1.9,3.367857142857143,21
2021-09-23 14:00:00,2021-09-23 17:00:00,3.25,4.5,5.2153846153846155,14
2021-09-23 22:00:00,2021-09-24 00:45:00,3.0,3.2,4.866666666666667,22
2021-09-24 03:15:00,2021-09-24 04:45:00,1.75,2.1,2.4142857142857146,3
2021-09-24 14:30:00,2021-09-24 18:00:00,3.75,5.3,5.7733333333333325,14
2021-09-24 23:15:00,2021-09-25 02:00:00,3.0,3.1,4.374999999999999,23
2021-09-25 14:30:00,2021-09-25 18:30:00,4.25,5.5,6.0588235294117645,14
2021-09-26 00:00:00,2021-09-26 06:15:00,6.5,2.2,3.5307692307692307,0
2021-09-26 14:45:00,2021-09-26 15:15:00,0.75,6.3,6.433333333333334,14
2021-09-26 16:45:00,2021-09-26 17:30:00,1.0,5.2,5.3999999999999995,16
2021-09-26 19:45:00,2021-09-26 21:15:00,1.75,6.0,6.171428571428571,19
2021-09-26 23:45:00,2021-09-27 06:45:00,7.25,2.0,3.927586206896552,23
2021-09-27 08:30:00,2021-09-27 08:45:00,0.5,4.6,4.75,8
2021-09-27 15:30:00,2021-09-27 17:30:00,2.25,4.7,5.477777777777778,15
2021-09-27 20:45:00,2021-09-27 21:30:00,1.0,5.9,6.049999999999999,20
2021-09-28 01:45:00,2021-09-28 07:15:00,5.75,2.0,3.717391304347826,1
2021-09-28 08:45:00,2021-09-28 10:15:00,1.75,3.7,5.128571428571428,8
2021-09-28 15:00:00,2021-09-28 16:45:00,2.0,5.2,5.775,15
2021-09-28 18:15:00,2021-09-28 18:45:00,0.75,4.2,4.366666666666667,18
2021-09-28 22:45:00,2021-09-28 23:15:00,0.75,5.8,5.8999999999999995,22
2021-09-29 02:45:00,2021-09-29 09:00:00,6.5,2.0,3.4461538461538455,2
2021-09-29 10:30:00,2021-09-29 10:45:00,0.5,4.3,4.699999999999999,10
2021-09-29 15:45:00,2021-09-29 19:30:00,4.0,3.4,4.6,15
2021-09-30 04:15:00,2021-09-30 11:15:00,7.25,1.8,3.3379310344827586,4
2021-09-30 15:15:00,2021-09-30 22:45:00,7.75,2.6,4.058064516129032,15
2021-10-01 03:45:00,2021-10-01 10:00:00,6.5,1.8,3.373076923076923,3
2021-10-01 12:15:00,2021-10-01 12:45:00,0.75,4.7,5.366666666666667,12
2021-10-01 16:45:00,2021-10-01 19:45:00,3.25,3.4,4.838461538461539,16
2021-10-01 21:30:00,2021-10-01 22:00:00,0.75,2.3,2.5,21
2021-10-02 05:00:00,2021-10-02 11:00:00,6.25,1.5,3.196,5
2021-10-02 17:30:00,2021-10-03 00:00:00,6.75,2.3,3.8962962962962964,17
2021-10-03 06:30:00,2021-10-03 08:45:00,2.5,3.5,4.5,6
2021-10-03 10:45:00,2021-10-03 12:15:00,1.75,2.6,2.9285714285714284,10
2021-10-03 19:15:00,2021-10-03 22:30:00,3.5,2.7,3.9785714285714286,19
2021-10-04 00:00:00,2021-10-04 00:30:00,0.75,1.4,1.8333333333333333,0
2021-10-04 07:15:00,2021-10-04 09:00:00,2.0,3.6,4.3875,7
2021-10-04 11:15:00,2021-10-04 13:15:00,2.25,2.5,3.088888888888889,11
2021-10-04 19:45:00,2021-10-04 22:45:00,3.25,2.7,4.0076923076923086,19
2021-10-05 00:30:00,2021-10-05 01:15:00,1.0,1.6,1.975,0
2021-10-05 08:00:00,2021-10-05 10:00:00,2.25,3.6,4.4222222222222225,8
2021-10-05 12:30:00,2021-10-05 16:00:00,3.75,2.9,3.8866666666666663,12
2021-10-05 20:15:00,2021-10-05 23:00:00,3.0,3.1,4.25,20
2021-10-06 00:30:00,2021-10-06 02:45:00,2.5,2.4,2.68,0
2021-10-06 08:45:00,2021-10-06 11:30:00,3.0,3.3,4.341666666666666,8
2021-10-06 20:30:00,2021-10-07 00:00:00,3.75,2.9,4.246666666666667,20
2021-10-07 21:45:00,2021-10-08 00:45:00,3.25,2.8,4.023076923076923,21
2021-10-08 02:45:00,2021-10-08 04:00:00,1.5,2.1,2.25,2
2021-10-08 11:30:00,2021-10-08 13:15:00,2.0,3.8,4.449999999999999,11
2021-10-08 15:15:00,2021-10-08 17:15:00,2.25,2.9,3.388888888888889,15
2021-10-08 22:45:00,2021-10-09 01:00:00,2.5,3.1,4.01,22
2021-10-09 16:00:00,2021-10-09 17:45:00,2.0,4.2,4.425000000000001,16
2021-10-09 23:45:00,2021-10-10 01:45:00,2.25,3.4,4.3,23
2021-10-10 04:45:00,2021-10-10 05:15:00,0.75,2.4,2.5666666666666664,4
2021-10-10 16:00:00,2021-10-10 18:15:00,2.5,4.7,5.15,16
2021-10-11 00:30:00,2021-10-11 02:45:00,2.5,3.4,4.45,0
2021-10-11 15:45:00,2021-10-11 19:15:00,3.75,4.1,5.253333333333333,15
2021-10-12 01:30:00,2021-10-12 07:45:00,6.5,2.5,3.5461538461538455,1
2021-10-12 15:45:00,2021-10-12 20:30:00,5.0,3.9,5.33,15
2021-10-13 02:00:00,2021-10-13 04:45:00,3.0,3.5,4.95,2
2021-10-13 06:45:00,2021-10-13 08:30:00,2.0,2.5,2.8125,6
2021-10-13 16:45:00,2021-10-13 21:00:00,4.5,3.5,4.888888888888889,16
2021-10-14 03:15:00,2021-10-14 06:00:00,3.0,3.5,4.9,3
2021-10-14 07:30:00,2021-10-14 10:15:00,3.0,2.4,2.7416666666666667,7
2021-10-14 16:45:00,2021-10-14 22:45:00,6.25,2.9,4.4,16
2021-10-15 04:45:00,2021-10-15 07:15:00,2.75,3.2,4.427272727272728,4
2021-10-15 09:45:00,2021-10-15 10:30:00,1.0,2.4,2.675,9
2021-10-15 17:45:00,2021-10-15 23:30:00,6.0,2.4,3.8375000000000004,17
2021-10-16 05:45:00,2021-10-16 08:15:00,2.75,3.1,4.29090909090909,5
2021-10-16 17:45:00,2021-10-16 22:00:00,4.5,2.9,4.516666666666667,17
2021-10-17 06:15:00,2021-10-17 08:45:00,2.75,4.2,5.236363636363636,6
2021-10-17 19:15:00,2021-10-17 21:45:00,2.75,4.0,5.154545454545455,19
2021-10-18 07:15:00,2021-10-18 09:15:00,2.25,4.8,5.444444444444445,7
2021-10-18 13:45:00,2021-10-18 14:15:00,0.75,4.5,4.866666666666666,13
2021-10-18 19:45:00,2021-10-18 22:30:00,3.0,4.0,5.2749999999999995,19
2021-10-19 08:15:00,2021-10-19 09:15:00,1.25,5.4,5.8,8
2021-10-19 14:00:00,2021-10-19 14:45:00,1.0,4.9,5.0,14
2021-10-19 20:00:00,2021-10-19 23:00:00,3.25,4.0,5.476923076923077,20
2021-10-20 08:15:00,2021-10-20 10:00:00,2.0,5.6,6.15,8
2021-10-20 13:15:00,2021-10-20 15:00:00,2.0,4.8,5.3875,13
2021-10-20 20:30:00,2021-10-20 23:30:00,3.25,4.0,5.43076923076923,20
2021-10-21 01:15:00,2021-10-21 02:15:00,1.25,3.1,3.34,1
2021-10-21 09:45:00,2021-10-21 10:45:00,1.25,5.7,5.999999999999999,9
2021-10-21 14:15:00,2021-10-21 15:15:00,1.25,4.9,5.2,14
2021-10-21 21:30:00,2021-10-21 23:45:00,2.5,3.8,5.01,21
2021-10-22 01:45:00,2021-10-22 03:30:00,2.0,2.9,3.0374999999999996,1
2021-10-22 10:15:00,2021-10-22 11:15:00,1.25,5.7,6.04,10
2021-10-22 14:30:00,2021-10-22 16:30:00,2.25,5.0,5.388888888888889,14
2021-10-22 22:00:00,2021-10-23 02:30:00,4.75,2.8,4.121052631578947,22
2021-10-23 04:15:00,2021-10-23 05:15:00,1.25,3.0,4.1,4
2021-10-23 15:30:00,2021-10-23 17:15:00,2.0,5.1,5.675000000000001,15
2021-10-23 22:00:00,2021-10-24 00:30:00,2.75,4.3,5.536363636363637,22
2021-10-24 16:00:00,2021-10-24 17:45:00,2.0,5.4,5.7125,16
2021-10-24 23:45:00,2021-10-25 04:45:00,5.25,3.1,4.104761904761905,23
2021-10-25 16:30:00,2021-10-25 17:45:00,1.5,5.3,5.433333333333334,16
2021-10-25 23:15:00,2021-10-26 03:00:00,4.0,3.4,4.95,23
2021-10-26 16:15:00,2021-10-26 17:15:00,1.25,5.4,5.840000000000001,16
2021-10-27 02:15:00,2021-10-27 05:15:00,3.25,4.4,5.215384615384616,2
2021-10-27 17:45:00,2021-10-27 19:00:00,1.5,5.2,5.5,17
2021-10-28 03:00:00,2021-10-28 07:45:00,5.0,3.8,4.670000000000001,3
2021-10-28 15:30:00,2021-10-28 17:30:00,2.25,5.3,5.9111111111111105,15
2021-10-29 04:00:00,2021-10-29 05:45:00,2.0,4.0,4.875,4
2021-10-29 16:15:00,2021-10-29 18:15:00,2.25,5.5,5.977777777777778,16
2021-10-29 20:15:00,2021-10-29 20:45:00,0.75,4.8,4.933333333333334,20
2021-10-30 05:15:00,2021-10-30 07:00:00,2.0,4.7,5.2625,5
2021-10-30 16:15:00,2021-10-30 18:45:00,2.75,5.3,6.136363636363637,16
2021-10-30 21:30:00,2021-10-30 22:45:00,1.5,4.5,4.683333333333334,21
2021-10-31 04:30:00,2021-10-31 06:45:00,2.5,5.2,6.220000000000001,4
2021-10-31 17:15:00,2021-10-31 19:45:00,2.75,5.2,6.109090909090909,17
2021-11-01 05:15:00,2021-11-01 08:30:00,3.5,4.9,5.914285714285714,5
2021-11-01 10:00:00,2021-11-01 11:15:00,1.5,4.4,4.483333333333333,10
2021-11-01 18:00:00,2021-11-01 21:15:00,3.5,4.7,5.828571428571429,18
2021-11-02 00:30:00,2021-11-02 01:00:00,0.75,4.2,5.2,0
2021-11-02 06:45:00,2021-11-02 08:15:00,1.75,5.4,5.942857142857142,6
2021-11-02 19:15:00,2021-11-02 21:30:00,2.5,4.7,5.59,19
2021-11-03 07:45:00,2021-11-03 08:00:00,0.5,6.2,6.300000000000001,7
2021-11-03 20:00:00,2021-11-03 22:15:00,2.5,5.0,5.87,20
2021-11-04 20:15:00,2021-11-04 22:45:00,2.75,5.6,6.390909090909091,20
2021-11-05 01:30:00,2021-11-05 02:45:00,1.5,4.8,4.983333333333333,1
2021-11-09 05:15:00,2021-11-09 06:15:00,1.25,5.7,5.859999999999999,5
2021-11-09 17:15:00,2021-11-09 18:15:00,1.25,6.9,7.3,17
2021-11-10 00:45:00,2021-11-10 03:00:00,2.5,6.5,7.13,0
2021-11-10 05:45:00,2021-11-10 06:15:00,0.75,5.2,5.3,5
2021-11-10 17:45:00,2021-11-10 19:00:00,1.5,6.5,6.933333333333334,17
2021-11-11 02:00:00,2021-11-11 07:45:00,6.0,4.8,6.054166666666667,2
2021-11-11 17:00:00,2021-11-11 20:45:00,4.0,5.4,6.39375,17
2021-11-12 03:00:00,2021-11-12 08:15:00,5.5,4.2,5.836363636363637,3
2021-11-12 17:15:00,2021-11-12 20:45:00,3.75,4.9,6.166666666666668,17
2021-11-13 04:30:00,2021-11-13 10:30:00,6.25,4.5,5.668000000000001,4
2021-11-13 16:30:00,2021-11-13 22:45:00,6.5,4.5,6.11923076923077,16
2021-11-14 05:45:00,2021-11-14 07:30:00,2.0,6.1,6.699999999999999,5
2021-11-14 11:30:00,2021-11-14 11:45:00,0.5,5.1,5.25,11
2021-11-14 18:00:00,2021-11-14 19:45:00,2.0,6.2,6.875,18
2021-11-14 21:15:00,2021-11-14 22:15:00,1.25,5.1,5.359999999999999,21
2021-11-15 05:45:00,2021-11-15 07:30:00,2.0,6.4,7.050000000000001,5
2021-11-15 19:15:00,2021-11-15 21:00:00,2.0,5.9,6.575,19
2021-11-16 06:30:00,2021-11-16 08:30:00,2.25,6.5,7.1625,6
2021-11-16 19:15:00,2021-11-16 22:00:00,3.0,5.5,6.483333333333333,19
2021-11-17 08:00:00,2021-11-17 09:00:00,1.25,6.6,6.88,8
2021-11-17 12:15:00,2021-11-17 13:30:00,1.5,5.6,5.733333333333334,12
2021-11-17 20:00:00,2021-11-17 23:30:00,3.75,4.8,5.96,20
2021-11-18 01:00:00,2021-11-18 01:45:00,1.0,4.2,4.675,1
2021-11-18 07:45:00,2021-11-18 09:00:00,1.5,6.9,7.3,7
2021-11-18 12:30:00,2021-11-18 14:15:00,2.0,5.6,5.725,12
2021-11-18 20:00:00,2021-11-19 01:15:00,5.5,3.8,5.631818181818182,20
2021-11-19 08:15:00,2021-11-19 10:00:00,2.0,6.7,7.200000000000001,8
2021-11-19 21:45:00,2021-11-20 00:30:00,3.0,5.4,6.208333333333333,21
2021-11-20 14:00:00,2021-11-20 16:00:00,2.25,6.9,7.222222222222222,14
2021-11-20 21:00:00,2021-11-21 01:45:00,5.0,5.5,6.665000000000001,21
2021-11-21 14:45:00,2021-11-21 15:30:00,1.0,6.3,6.875000000000001,14
2021-11-21 22:45:00,2021-11-22 05:45:00,7.25,4.8,6.027586206896552,22
2021-11-22 23:45:00,2021-11-23 05:00:00,5.5,5.2,5.940909090909091,23
2021-11-23 16:30:00,2021-11-23 17:00:00,0.75,7.3,7.466666666666666,16
2021-11-23 22:15:00,2021-11-23 23:15:00,1.25,7.6,7.74,22
2021-11-24 02:30:00,2021-11-24 03:15:00,1.0,6.4,6.549999999999999,2
2021-11-24 07:30:00,2021-11-24 08:15:00,1.0,7.5,7.7250000000000005,7
2021-11-24 16:00:00,2021-11-24 16:30:00,0.75,7.8,7.8999999999999995,16
2021-11-25 01:30:00,2021-11-25 03:00:00,1.75,6.8,7.142857142857143,1
2021-11-25 05:30:00,2021-11-25 06:15:00,1.0,5.8,6.175,5
2021-11-25 16:30:00,2021-11-25 19:30:00,3.25,7.3,7.692307692307693,16
2021-11-26 02:30:00,2021-11-26 03:45:00,1.5,6.7,7.133333333333334,2
2021-11-26 08:00:00,2021-11-26 09:00:00,1.25,6.0,7.32,8
2021-11-26 11:00:00,2021-11-26 13:00:00,2.25,7.7,8.02222222222222,11
2021-11-26 17:45:00,2021-11-26 18:15:00,0.75,7.1,7.2,17
2021-11-27 03:15:00,2021-11-27 06:00:00,3.0,6.3,7.058333333333333,3
2021-11-28 04:30:00,2021-11-28 06:45:00,2.5,6.3,6.9,4
2021-11-28 08:30:00,2021-11-28 09:15:00,1.0,5.6,5.975,8
2021-11-28 17:15:00,2021-11-28 18:15:00,1.25,7.3,7.58,17
2021-11-28 20:15:00,2021-11-28 21:00:00,1.0,6.5,6.65,20
2021-11-29 05:15:00,2021-11-29 06:45:00,1.75,6.8,7.2142857142857135,5
2021-11-29 09:00:00,2021-11-29 10:00:00,1.25,6.0,6.38,9
2021-11-30 06:15:00,2021-11-30 06:30:00,0.5,7.4,7.5,6
2021-11-30 09:45:00,2021-11-30 10:30:00,1.0,6.3,6.45,9
2021-11-30 16:45:00,2021-11-30 18:30:00,2.0,7.6,8.1,16
2021-11-30 21:30:00,2021-11-30 22:00:00,0.75,6.3,6.433333333333334,21
2021-12-01 06:15:00,2021-12-01 07:45:00,1.75,7.2,7.642857142857143,6
2021-12-01 18:45:00,2021-12-01 19:45:00,1.25,7.3,7.720000000000001,18
2021-12-01 23:00:00,2021-12-01 23:30:00,0.75,5.6,5.833333333333333,23
2021-12-02 19:45:00,2021-12-02 20:45:00,1.25,6.9,7.339999999999999,19
2021-12-03 00:15:00,2021-12-03 00:45:00,0.75,5.1,5.333333333333333,0
2021-12-03 20:30:00,2021-12-03 22:30:00,2.25,6.5,7.166666666666667,20
2021-12-04 01:00:00,2021-12-04 01:30:00,0.75,5.1,5.333333333333333,1
2021-12-04 13:45:00,2021-12-04 14:30:00,1.0,6.7,7.1,13
2021-12-04 21:15:00,2021-12-04 23:00:00,2.0,6.5,7.112500000000001,21
2021-12-05 02:00:00,2021-12-05 02:30:00,0.75,5.2,5.333333333333333,2
2021-12-05 15:15:00,2021-12-05 15:45:00,0.75,6.7,6.8999999999999995,15
2021-12-05 22:00:00,2021-12-05 23:30:00,1.75,6.5,7.1000000000000005,22
2021-12-06 02:45:00,2021-12-06 03:15:00,0.75,4.9,5.133333333333334,2
2021-12-06 23:15:00,2021-12-07 00:45:00,1.75,6.1,6.671428571428571,23
2021-12-07 03:15:00,2021-12-07 03:45:00,0.75,4.8,5.066666666666666,3
2021-12-07 16:45:00,2021-12-07 17:00:00,0.5,6.0,6.15,16
2021-12-08 00:15:00,2021-12-08 01:15:00,1.25,6.4,6.88,0
2021-12-08 04:45:00,2021-12-08 05:45:00,1.25,4.5,5.0,4
2021-12-09 01:30:00,2021-12-09 03:30:00,2.25,5.9,6.3999999999999995,1
2021-12-09 17:45:00,2021-12-09 18:45:00,1.25,6.8,7.3,17
2021-12-10 02:15:00,2021-12-10 03:15:00,1.25,6.7,7.12,2
2021-12-10 06:45:00,2021-12-10 07:45:00,1.25,5.3,5.6,6
2021-12-10 18:15:00,2021-12-10 19:15:00,1.25,6.6,7.12,18
2021-12-11 02:30:00,2021-12-11 05:00:00,2.75,6.2,7.090909090909093,2
2021-12-11 18:15:00,2021-12-11 21:15:00,3.25,5.5,6.253846153846155,18
2021-12-12 03:15:00,2021-12-12 07:00:00,4.0,5.2,6.5375000000000005,3
2021-12-12 08:30:00,2021-12-12 09:00:00,0.75,4.4,4.533333333333333,8
2021-12-12 18:00:00,2021-12-12 22:30:00,4.75,5.4,6.3,18
2021-12-13 04:15:00,2021-12-13 06:15:00,2.25,6.7,7.400000000000001,4
2021-12-13 18:00:00,2021-12-13 21:00:00,3.25,6.2,6.861538461538463,18
2021-12-14 06:00:00,2021-12-14 07:00:00,1.25,6.7,7.160000000000001,6
2021-12-14 19:00:00,2021-12-14 20:45:00,2.0,6.4,6.925,19
2021-12-14 22:15:00,2021-12-14 22:45:00,0.75,5.3,5.566666666666666,22
2021-12-15 06:45:00,2021-12-15 07:45:00,1.25,6.8,7.159999999999999,6
2021-12-15 11:15:00,2021-12-15 12:45:00,1.75,5.6,5.857142857142857,11
2021-12-15 19:30:00,2021-12-15 21:15:00,2.0,6.5,7.074999999999999,19
2021-12-15 22:45:00,2021-12-16 00:00:00,1.5,5.2,5.6000000000000005,22
2021-12-16 07:00:00,2021-12-16 08:15:00,1.5,6.9,7.383333333333333,7
2021-12-16 11:15:00,2021-12-16 11:45:00,0.75,5.5,5.833333333333333,11
2021-12-16 20:00:00,2021-12-17 00:15:00,4.5,4.9,6.183333333333334,20
2021-12-17 08:00:00,2021-12-17 09:00:00,1.25,6.7,7.18,8
2021-12-17 12:00:00,2021-12-17 14:00:00,2.25,5.2,5.555555555555555,12
2021-12-17 19:30:00,2021-12-18 01:15:00,6.0,4.3,6.133333333333333,19
2021-12-18 08:45:00,2021-12-18 09:45:00,1.25,6.9,7.26,8
2021-12-18 13:15:00,2021-12-18 13:45:00,0.75,5.6,5.866666666666667,13
2021-12-18 21:00:00,2021-12-19 01:45:00,5.0,4.1,5.81,21
2021-12-19 09:30:00,2021-12-19 10:45:00,1.5,6.2,6.816666666666667,9
2021-12-19 22:15:00,2021-12-20 01:15:00,3.25,5.2,5.992307692307694,22
2021-12-20 15:15:00,2021-12-20 17:15:00,2.25,7.7,7.877777777777778,15
2021-12-20 21:30:00,2021-12-20 23:15:00,2.0,7.0,7.4125,21
2021-12-21 23:15:00,2021-12-21 23:45:00,0.75,7.2,7.333333333333333,23
2021-12-22 16:00:00,2021-12-22 17:45:00,2.0,8.0,8.675,16
2021-12-23 00:00:00,2021-12-23 00:15:00,0.5,7.5,7.6,0
2021-12-23 16:45:00,2021-12-23 18:15:00,1.75,8.4,8.814285714285713,16
2021-12-24 17:15:00,2021-12-24 18:45:00,1.75,8.6,8.828571428571427,17
2021-12-25 17:15:00,2021-12-25 18:00:00,1.0,8.1,8.5,17
2021-12-26 04:15:00,2021-12-26 07:15:00,3.25,6.3,7.046153846153846,4
2021-12-26 16:30:00,2021-12-26 18:45:00,2.5,7.7,8.43,16
2021-12-27 03:45:00,2021-12-27 06:30:00,3.0,6.3,7.108333333333332,3
2021-12-27 17:30:00,2021-12-27 20:30:00,3.25,6.3,7.384615384615383,17
2021-12-28 04:15:00,2021-12-28 08:30:00,4.5,5.4,6.566666666666666,4
2021-12-28 18:00:00,2021-12-28 21:30:00,3.75,6.2,7.093333333333335,18
2021-12-29 05:00:00,2021-12-29 07:15:00,2.5,6.3,7.1,5
2021-12-29 10:00:00,2021-12-29 11:15:00,1.5,5.1,6.05,10
2021-12-29 17:30:00,2021-12-29 22:15:00,5.0,5.3,6.745,17
2021-12-30 06:00:00,2021-12-30 08:15:00,2.5,6.2,6.959999999999999,6
2021-12-30 10:45:00,2021-12-30 11:00:00,0.5,5.1,5.199999999999999,10
2021-12-30 17:15:00,2021-12-30 23:00:00,6.0,4.8,6.441666666666666,17
2021-12-31 06:45:00,2021-12-31 08:30:00,2.0,6.6,7.175,6
2021-12-31 19:15:00,2021-12-31 21:30:00,2.5,5.8,6.6899999999999995,19
2022-01-01 00:00:00,2022-01-01 00:15:00,0.5,4.7,4.800000000000001,0
2022-01-01 08:00:00,2022-01-01 08:15:00,0.5,7.4,7.5,8
2022-01-01 12:45:00,2022-01-01 13:45:00,1.25,5.8,6.14,12
2022-01-01 20:15:00,2022-01-01 22:15:00,2.25,5.7,6.455555555555556,20
2022-01-02 21:00:00,2022-01-02 22:45:00,2.0,5.8,6.5875,21
2022-01-03 21:45:00,2022-01-03 23:00:00,1.5,6.7,7.166666666666667,21
2022-01-04 02:00:00,2022-01-04 03:15:00,1.5,5.8,5.866666666666666,2
2022-01-04 16:00:00,2022-01-04 17:00:00,1.25,7.8,8.12,16
2022-01-04 22:45:00,2022-01-05 00:30:00,2.0,6.9,7.3875,22
2022-01-05 16:45:00,2022-01-05 18:00:00,1.5,7.6,7.8,16
2022-01-05 23:45:00,2022-01-06 01:15:00,1.75,6.6,7.128571428571428,23
2022-01-06 05:00:00,2022-01-06 06:00:00,1.25,5.8,6.139999999999999,5
2022-01-06 17:00:00,2022-01-06 18:30:00,1.75,7.5,7.928571428571428,17
2022-01-07 00:45:00,2022-01-07 02:00:00,1.5,6.8,7.166666666666667,0
2022-01-07 17:30:00,2022-01-07 19:00:00,1.75,8.0,8.328571428571427,17
2022-01-08 00:45:00,2022-01-08 02:15:00,1.75,7.4,7.814285714285714,0
2022-01-08 06:00:00,2022-01-08 07:30:00,1.75,6.6,6.828571428571428,6
2022-01-08 18:30:00,2022-01-08 19:00:00,0.75,8.2,8.366666666666665,18
2022-01-09 02:45:00,2022-01-09 03:45:00,1.25,7.4,7.7,2
2022-01-09 08:15:00,2022-01-09 08:30:00,0.5,6.6,6.699999999999999,8
2022-01-09 18:15:00,2022-01-09 19:15:00,1.25,7.9,8.239999999999998,18
2022-01-10 03:30:00,2022-01-10 06:00:00,2.75,6.3,7.0,3
2022-01-10 10:45:00,2022-01-10 11:00:00,0.5,7.7,7.800000000000001,10
2022-01-10 18:30:00,2022-01-10 20:45:00,2.5,7.3,7.94,18
2022-01-11 21:30:00,2022-01-11 21:45:00,0.5,7.9,8.05,21
2022-01-12 22:00:00,2022-01-12 22:15:00,0.5,7.3,7.449999999999999,22
2022-01-13 23:15:00,2022-01-14 02:00:00,3.0,6.8,7.483333333333334,23
2022-01-14 07:30:00,2022-01-14 07:45:00,0.5,7.7,7.800000000000001,7
2022-01-15 00:30:00,2022-01-15 01:30:00,1.25,7.0,7.3,0
2022-01-15 07:45:00,2022-01-15 08:30:00,1.0,7.6,7.824999999999999,7
2022-01-15 15:30:00,2022-01-15 16:30:00,1.25,8.4,8.66,15
2022-01-16 20:45:00,2022-01-16 21:15:00,0.75,8.0,8.166666666666666,20
2022-01-19 16:15:00,2022-01-19 16:45:00,0.75,9.1,9.233333333333333,16
2022-01-23 19:00:00,2022-01-23 19:30:00,0.75,9.3,9.533333333333333,19
2022-01-24 20:15:00,2022-01-24 20:45:00,0.75,9.4,9.533333333333333,20
2022-01-25 09:15:00,2022-01-25 09:30:00,0.5,7.8,8.1,9
2022-01-26 04:00:00,2022-01-26 04:30:00,0.75,8.2,8.366666666666665,4
2022-01-28 00:00:00,2022-01-28 01:15:00,1.5,8.6,9.016666666666667,0
2022-01-31 21:00:00,2022-01-31 22:15:00,1.5,8.5,8.816666666666668,21
2022-02-02 22:30:00,2022-02-02 23:45:00,1.5,8.1,8.483333333333333,22
2022-02-03 03:00:00,2022-02-03 05:30:00,2.75,6.6,7.254545454545456,3
2022-02-03 23:15:00,2022-02-04 00:30:00,1.5,7.7,8.216666666666667,23
2022-02-04 02:00:00,2022-02-04 04:30:00,2.75,4.0,6.027272727272727,2
2022-02-04 14:45:00,2022-02-04 17:45:00,3.25,8.0,8.538461538461538,14
2022-02-04 23:00:00,2022-02-05 05:15:00,6.5,5.7,7.011538461538462,23
2022-02-05 07:30:00,2022-02-05 08:45:00,1.5,8.3,8.699999999999998,7
2022-02-05 14:30:00,2022-02-05 20:00:00,5.75,8.1,9.1,14
2022-02-06 01:00:00,2022-02-06 03:15:00,2.5,7.4,7.95,1
2022-02-06 04:45:00,2022-02-06 06:15:00,1.75,6.2,6.8571428571428585,4
2022-02-06 17:45:00,2022-02-06 20:00:00,2.5,8.2,9.059999999999999,17
2022-02-07 02:00:00,2022-02-07 03:00:00,1.25,8.1,8.379999999999999,2
2022-02-07 07:45:00,2022-02-07 08:15:00,0.75,7.3,7.433333333333333,7
2022-02-07 16:15:00,2022-02-07 18:30:00,2.5,9.1,9.459999999999999,16
2022-02-07 20:15:00,2022-02-07 21:00:00,1.0,9.0,9.275,20
2022-02-08 05:30:00,2022-02-08 05:45:00,0.5,7.4,7.5,5
2022-02-08 08:45:00,2022-02-08 13:45:00,5.25,7.4,8.576190476190476,8
2022-02-08 16:15:00,2022-02-08 23:15:00,7.25,8.7,9.548275862068964,16
2022-02-09 04:15:00,2022-02-09 05:15:00,1.25,7.8,8.16,4
2022-02-09 09:15:00,2022-02-09 10:45:00,1.75,7.6,8.314285714285715,9
2022-02-09 13:00:00,2022-02-09 15:00:00,2.25,8.1,8.822222222222223,13
2022-02-09 18:00:00,2022-02-09 19:45:00,2.0,9.2,9.5,18
2022-02-10 04:45:00,2022-02-10 06:00:00,1.5,8.0,8.333333333333334,4
2022-02-10 07:30:00,2022-02-10 10:15:00,3.0,5.6,7.266666666666666,7
2022-02-10 12:30:00,2022-02-10 13:45:00,1.5,8.9,9.133333333333331,12
2022-02-10 19:30:00,2022-02-11 01:45:00,6.5,8.6,9.003846153846155,19
2022-02-11 08:00:00,2022-02-11 10:00:00,2.25,7.4,7.555555555555555,8
2022-02-11 12:00:00,2022-02-11 14:15:00,2.5,7.8,8.79,12
2022-02-11 21:45:00,2022-02-11 23:15:00,1.75,8.3,8.614285714285716,21
2022-02-12 01:15:00,2022-02-12 02:00:00,1.0,8.9,9.025,1
2022-02-12 06:45:00,2022-02-12 10:45:00,4.25,7.0,7.570588235294117,6
2022-02-12 13:00:00,2022-02-12 15:15:00,2.5,7.8,8.969999999999999,13
2022-02-12 21:00:00,2022-02-12 22:15:00,1.5,8.0,8.35,21
2022-02-13 07:15:00,2022-02-13 10:45:00,3.75,5.9,7.186666666666667,7
2022-02-13 12:30:00,2022-02-13 13:30:00,1.25,6.7,7.12,12
2022-02-13 16:30:00,2022-02-13 18:00:00,1.75,8.6,8.799999999999999,16
2022-02-13 20:45:00,2022-02-13 22:15:00,1.75,7.6,8.0,20
2022-02-14 11:15:00,2022-02-14 11:45:00,0.75,7.4,7.7,11
2022-02-14 13:15:00,2022-02-14 13:30:00,0.5,6.0,7.05,13
2022-02-14 22:45:00,2022-02-15 01:15:00,2.75,7.3,7.690909090909091,22
2022-02-15 21:15:00,2022-02-15 21:30:00,0.5,8.2,8.3,21
2022-02-15 23:45:00,2022-02-16 00:45:00,1.25,6.1,7.0200000000000005,23
2022-02-16 12:30:00,2022-02-16 13:30:00,1.25,7.9,8.16,12
2022-02-16 15:15:00,2022-02-16 16:00:00,1.0,8.5,8.675,15
2022-02-16 21:30:00,2022-02-16 22:45:00,1.5,7.6,8.0,21
2022-02-17 21:45:00,2022-02-17 23:45:00,2.25,7.0,7.7666666666666675,21
2022-02-18 22:30:00,2022-02-18 23:30:00,1.25,7.3,7.76,22
2022-02-19 01:30:00,2022-02-19 02:45:00,1.5,6.0,6.25,1
2022-02-19 16:00:00,2022-02-19 17:00:00,1.25,8.9,9.16,16
2022-02-19 23:15:00,2022-02-20 00:15:00,1.25,7.5,7.959999999999999,23
2022-02-20 16:15:00,2022-02-20 17:45:00,1.75,9.0,9.428571428571429,16
2022-02-21 00:15:00,2022-02-21 01:15:00,1.25,7.5,7.859999999999999,0
2022-02-21 05:00:00,2022-02-21 06:00:00,1.25,6.5,6.56,5
2022-02-21 17:00:00,2022-02-21 18:00:00,1.25,8.9,9.04,17
2022-02-22 00:45:00,2022-02-22 02:30:00,2.0,6.8,7.487499999999999,0
2022-02-22 06:00:00,2022-02-22 07:30:00,1.75,5.4,6.214285714285714,6
2022-02-22 17:30:00,2022-02-22 19:00:00,1.75,8.3,8.657142857142857,17
2022-02-23 01:45:00,2022-02-23 03:30:00,2.0,6.6,7.2875,1
2022-02-23 17:15:00,2022-02-23 18:45:00,1.75,8.0,8.385714285714286,17
2022-02-24 03:00:00,2022-02-24 06:45:00,4.0,5.4,6.475,3
2022-02-24 18:15:00,2022-02-24 19:15:00,1.25,7.5,7.9,18
2022-02-25 04:15:00,2022-02-25 07:45:00,3.75,5.3,6.299999999999999,4
2022-02-25 18:00:00,2022-02-25 21:45:00,4.0,6.3,7.1375,18
2022-02-26 05:15:00,2022-02-26 07:00:00,2.0,5.9,6.65,5
2022-02-26 11:00:00,2022-02-26 13:00:00,2.25,5.3,7.311111111111111,11
2022-02-26 18:00:00,2022-02-26 21:45:00,4.0,5.9,6.8,18
2022-02-27 06:15:00,2022-02-27 08:00:00,2.0,6.5,7.0125,6
2022-02-27 18:45:00,2022-02-27 20:15:00,1.75,6.2,6.7,18
2022-02-27 23:30:00,2022-02-28 00:45:00,1.5,5.3,5.433333333333334,23
2022-02-28 07:15:00,2022-02-28 07:45:00,0.75,7.3,7.433333333333334,7
2022-02-28 19:45:00,2022-02-28 21:30:00,2.0,6.5,7.0625,19
2022-03-01 14:30:00,2022-03-01 15:00:00,0.75,7.5,7.766666666666667,14
2022-03-01 20:30:00,2022-03-01 22:30:00,2.25,6.2,6.888888888888889,20
2022-03-02 21:15:00,2022-03-02 23:30:00,2.5,5.8,6.709999999999999,21
2022-03-03 21:45:00,2022-03-04 00:00:00,2.5,5.8,6.74,21
2022-03-04 16:30:00,2022-03-04 16:45:00,0.5,7.7,7.85,16
2022-03-04 23:00:00,2022-03-05 01:15:00,2.5,5.8,6.63,23
2022-03-05 17:00:00,2022-03-05 17:15:00,0.5,7.4,7.5,17
2022-03-05 23:30:00,2022-03-06 01:45:00,2.5,5.5,6.390000000000001,23
2022-03-06 17:45:00,2022-03-06 18:00:00,0.5,7.3,7.449999999999999,17
2022-03-07 00:00:00,2022-03-07 02:45:00,3.0,4.8,5.925000000000001,0
2022-03-08 01:00:00,2022-03-08 03:00:00,2.25,5.0,5.833333333333333,1
2022-03-09 01:45:00,2022-03-09 05:45:00,4.25,4.1,5.323529411764706,1
2022-03-09 16:00:00,2022-03-09 17:15:00,1.5,6.4,6.766666666666666,16
2022-03-10 02:45:00,2022-03-10 06:45:00,4.25,4.3,5.447058823529412,2
2022-03-10 16:30:00,2022-03-10 19:00:00,2.75,5.6,6.209090909090909,16
2022-03-11 04:00:00,2022-03-11 06:30:00,2.75,4.7,5.5181818181818185,4
2022-03-11 12:15:00,2022-03-11 13:15:00,1.25,6.7,6.94,12
2022-03-11 19:45:00,2022-03-11 20:45:00,1.25,6.2,6.6,19
2022-03-12 05:30:00,2022-03-12 06:45:00,1.5,5.1,5.766666666666667,5
2022-03-12 23:30:00,2022-03-13 00:15:00,1.0,6.7,6.95,23
2022-03-14 06:45:00,2022-03-14 07:00:00,0.5,7.0,7.1,6
2022-03-14 20:45:00,2022-03-14 23:00:00,2.5,6.5,7.0200000000000005,20
2022-03-15 07:00:00,2022-03-15 08:30:00,1.75,6.3,6.8428571428571425,7
2022-03-15 20:30:00,2022-03-16 00:00:00,3.75,5.4,6.266666666666667,20
2022-03-16 07:45:00,2022-03-16 09:30:00,2.0,6.0,6.7125,7
2022-03-16 20:45:00,2022-03-16 23:15:00,2.75,5.0,5.845454545454547,20
2022-03-17 08:30:00,2022-03-17 10:00:00,1.75,6.4,6.828571428571429,8
2022-03-17 20:45:00,2022-03-17 23:00:00,2.5,5.1,6.1,20
2022-03-18 13:45:00,2022-03-18 15:15:00,1.75,7.1,7.228571428571428,13
2022-03-18 22:15:00,2022-03-19 00:00:00,2.0,5.1,6.012499999999999,22
2022-03-19 22:15:00,2022-03-20 00:45:00,2.75,5.0,6.0636363636363635,22
2022-03-20 23:15:00,2022-03-21 01:00:00,2.0,5.5,6.275,23
2022-03-22 00:00:00,2022-03-22 02:30:00,2.75,5.3,6.163636363636365,0
2022-03-22 16:45:00,2022-03-22 18:15:00,1.75,7.0,7.457142857142856,16
2022-03-23 00:45:00,2022-03-23 02:45:00,2.25,5.3,6.199999999999999,0
2022-03-23 07:15:00,2022-03-23 08:00:00,1.0,4.3,4.949999999999999,7
2022-03-24 01:45:00,2022-03-24 04:00:00,2.5,5.0,5.910000000000001,1
2022-03-24 15:00:00,2022-03-24 16:45:00,2.0,5.1,5.7875,15
2022-03-25 02:45:00,2022-03-25 04:30:00,2.0,5.2,5.9,2
2022-03-26 04:15:00,2022-03-26 05:15:00,1.25,5.8,6.279999999999999,4
2022-03-26 10:45:00,2022-03-26 11:15:00,0.75,6.3,6.533333333333334,10
2022-03-26 23:45:00,2022-03-27 00:15:00,0.75,6.9,7.099999999999999,23
2022-03-27 05:30:00,2022-03-27 06:30:00,1.25,6.3,6.720000000000001,5
2022-03-27 13:15:00,2022-03-27 13:45:00,0.75,7.6,7.733333333333333,13
2022-03-27 18:15:00,2022-03-27 18:45:00,0.75,7.0,7.2,18
2022-03-27 21:15:00,2022-03-27 22:15:00,1.25,5.8,6.0,21
2022-03-28 00:00:00,2022-03-28 00:30:00,0.75,5.9,6.2,0
2022-03-28 06:15:00,2022-03-28 07:15:00,1.25,6.3,6.8,6
2022-03-28 18:45:00,2022-03-28 23:30:00,5.0,4.8,5.865,18
2022-03-29 01:00:00,2022-03-29 01:30:00,0.75,5.4,5.566666666666667,1
2022-03-29 07:15:00,2022-03-29 08:00:00,1.0,6.7,6.925,7
2022-03-29 19:30:00,2022-03-29 20:30:00,1.25,6.3,6.88,19
2022-03-30 20:30:00,2022-03-30 22:30:00,2.25,5.3,6.088888888888889,20
2022-03-31 01:30:00,2022-03-31 02:30:00,1.25,4.4,4.62,1
2022-03-31 21:15:00,2022-03-31 23:30:00,2.5,4.9,5.81,21
2022-04-01 15:30:00,2022-04-01 16:45:00,1.5,6.8,7.050000000000001,15
2022-04-01 21:30:00,2022-04-02 02:45:00,5.5,3.6,5.113636363636363,21
2022-04-02 14:45:00,2022-04-02 16:30:00,2.0,7.0,7.3,14
2022-04-02 22:30:00,2022-04-03 00:45:00,2.5,5.2,5.99,22
2022-04-03 03:00:00,2022-04-03 04:45:00,2.0,4.5,4.6,3
2022-04-03 14:30:00,2022-04-03 16:45:00,2.5,7.0,7.63,14
2022-04-03 23:00:00,2022-04-04 01:15:00,2.5,4.9,5.75,23
2022-04-04 15:30:00,2022-04-04 17:30:00,2.25,7.0,7.422222222222222,15
2022-04-04 23:45:00,2022-04-05 02:15:00,2.75,4.7,5.663636363636363,23
2022-04-05 04:00:00,2022-04-05 06:00:00,2.25,3.8,3.9777777777777774,4
2022-04-05 17:45:00,2022-04-05 19:30:00,2.0,6.0,6.5625,17
2022-04-05 23:45:00,2022-04-06 05:45:00,6.25,3.6,4.688,23
2022-04-06 11:00:00,2022-04-06 13:00:00,2.25,6.4,6.633333333333334,11
2022-04-06 14:30:00,2022-04-06 17:15:00,3.0,5.3,5.825,14
2022-04-06 19:45:00,2022-04-06 20:00:00,0.5,6.5,6.65,19
2022-04-07 00:00:00,2022-04-07 04:30:00,4.75,3.5,5.21578947368421,0
2022-04-07 06:45:00,2022-04-07 08:45:00,2.25,3.8,5.51111111111111,6
2022-04-07 11:30:00,2022-04-07 12:30:00,1.25,6.4,6.74,11
2022-04-07 15:45:00,2022-04-07 18:30:00,3.0,6.2,6.474999999999999,15
2022-04-08 02:00:00,2022-04-08 08:15:00,6.5,3.8,4.723076923076923,2
2022-04-08 13:30:00,2022-04-08 20:15:00,7.0,6.5,7.039285714285714,13
2022-04-09 08:45:00,2022-04-09 12:45:00,4.25,5.6,6.6,8
2022-04-09 22:45:00,2022-04-09 23:30:00,1.0,7.2,7.3,22
2022-04-10 08:15:00,2022-04-10 13:00:00,5.0,6.0,6.7299999999999995,8
2022-04-10 17:45:00,2022-04-10 21:00:00,3.5,7.0,7.485714285714286,17
2022-04-10 23:00:00,2022-04-11 00:45:00,2.0,6.8,7.1625,23
2022-04-11 03:45:00,2022-04-11 06:15:00,2.75,6.0,6.672727272727273,3
2022-04-11 07:45:00,2022-04-11 09:00:00,1.5,4.9,5.1499999999999995,7
2022-04-11 13:00:00,2022-04-11 14:00:00,1.25,7.2,7.360000000000001,13
2022-04-11 20:30:00,2022-04-11 22:30:00,2.25,6.0,6.288888888888889,20
2022-04-12 04:45:00,2022-04-12 07:30:00,3.0,4.9,6.158333333333334,4
2022-04-12 12:00:00,2022-04-12 12:45:00,1.0,4.7,5.15,12
2022-04-12 16:45:00,2022-04-12 23:00:00,6.5,4.4,6.161538461538461,16
2022-04-13 06:30:00,2022-04-13 08:30:00,2.25,4.7,5.577777777777778,6
2022-04-13 10:00:00,2022-04-13 10:45:00,1.0,4.1,4.175000000000001,10
2022-04-13 12:30:00,2022-04-13 13:45:00,1.5,4.3,4.683333333333334,12
2022-04-13 19:00:00,2022-04-13 23:30:00,4.75,3.6,4.989473684210527,19
2022-04-14 01:00:00,2022-04-14 02:00:00,1.25,4.5,5.779999999999999,1
2022-04-14 07:15:00,2022-04-14 09:00:00,2.0,4.9,5.6625,7
2022-04-14 12:45:00,2022-04-14 15:30:00,3.0,5.0,6.066666666666666,12
2022-04-14 19:45:00,2022-04-14 21:30:00,2.0,4.8,5.7625,19
2022-04-14 23:45:00,2022-04-15 00:15:00,0.75,3.4,3.6999999999999997,23
2022-04-15 02:30:00,2022-04-15 02:45:00,0.5,4.5,4.6,2
2022-04-15 08:00:00,2022-04-15 09:00:00,1.25,5.9,6.220000000000001,8
2022-04-15 20:30:00,2022-04-15 22:45:00,2.5,5.2,5.9399999999999995,20
2022-04-16 02:00:00,2022-04-16 03:45:00,2.0,3.8,4.2625,2
2022-04-16 09:00:00,2022-04-16 09:30:00,0.75,6.1,6.233333333333333,9
2022-04-16 12:30:00,2022-04-16 15:45:00,3.5,5.9,6.214285714285714,12
2022-04-16 20:30:00,2022-04-16 23:15:00,3.0,4.9,6.0,20
2022-04-17 02:00:00,2022-04-17 04:00:00,2.25,3.7,4.155555555555556,2
2022-04-17 14:15:00,2022-04-17 15:30:00,1.5,6.5,6.816666666666666,14
2022-04-17 22:00:00,2022-04-18 00:00:00,2.25,5.0,5.844444444444444,22
2022-04-18 03:15:00,2022-04-18 04:15:00,1.25,4.4,4.720000000000001,3
2022-04-18 10:45:00,2022-04-18 11:30:00,1.0,5.9,6.125,10
2022-04-18 15:15:00,2022-04-18 16:45:00,1.75,5.5,6.328571428571428,15
2022-04-18 22:30:00,2022-04-19 01:00:00,2.75,4.8,5.718181818181818,22
2022-04-19 16:15:00,2022-04-19 18:30:00,2.5,5.9,6.590000000000001,16
2022-04-19 23:30:00,2022-04-20 02:15:00,3.0,4.8,5.758333333333334,23
2022-04-20 17:45:00,2022-04-20 20:00:00,2.5,6.2,6.65,17
2022-04-21 00:00:00,2022-04-21 03:00:00,3.25,5.2,6.200000000000001,0
2022-04-26 11:45:00,2022-04-26 12:15:00,0.75,3.6,3.7999999999999994,11
2022-04-28 19:15:00,2022-04-28 22:00:00,3.0,4.2,5.483333333333333,19
2022-04-29 08:00:00,2022-04-29 09:00:00,1.25,5.5,5.819999999999999,8
2022-04-29 20:30:00,2022-04-29 22:30:00,2.25,4.2,5.222222222222222,20
2022-04-30 01:30:00,2022-04-30 02:45:00,1.5,3.3,3.4499999999999997,1
2022-04-30 12:45:00,2022-04-30 14:00:00,1.5,5.2,5.400000000000001,12
2022-04-30 20:30:00,2022-04-30 23:30:00,3.25,3.8,5.238461538461539,20
2022-05-01 02:00:00,2022-05-01 03:15:00,1.5,3.0,3.1333333333333333,2
2022-05-01 13:30:00,2022-05-01 15:15:00,2.0,5.3,5.5375,13
2022-05-01 21:45:00,2022-05-02 00:00:00,2.5,3.7,4.89,21
2022-05-02 02:45:00,2022-05-02 04:00:00,1.5,2.5,2.6999999999999997,2
2022-05-02 13:15:00,2022-05-02 13:45:00,0.75,4.8,4.966666666666667,13
2022-05-02 22:15:00,2022-05-03 00:30:00,2.5,3.3,4.7,22
2022-05-03 03:00:00,2022-05-03 04:45:00,2.0,2.1,2.4125,3
2022-05-03 13:30:00,2022-05-03 17:15:00,4.0,4.8,5.5,13
2022-05-03 23:00:00,2022-05-04 01:00:00,2.25,3.3,4.588888888888889,23
2022-05-04 03:45:00,2022-05-04 05:00:00,1.5,2.3,2.4499999999999997,3
2022-05-04 10:45:00,2022-05-04 12:00:00,1.5,5.5,5.733333333333334,10
2022-05-04 18:00:00,2022-05-04 19:15:00,1.5,5.4,5.716666666666666,18
2022-05-04 22:45:00,2022-05-05 01:30:00,3.0,3.3,5.066666666666666,22
2022-05-05 04:15:00,2022-05-05 05:45:00,1.75,2.3,2.4,4
2022-05-05 10:45:00,2022-05-05 13:00:00,2.5,5.6,5.869999999999999,10
2022-05-05 15:00:00,2022-05-05 16:15:00,1.5,5.4,5.6000000000000005,15
2022-05-05 18:00:00,2022-05-05 19:00:00,1.25,5.4,5.8,18
2022-05-06 00:30:00,2022-05-06 02:15:00,2.0,3.2,4.3875,0
2022-05-06 04:45:00,2022-05-06 07:00:00,2.5,2.1,2.2600000000000007,4
2022-05-06 14:30:00,2022-05-06 18:30:00,4.25,5.5,5.847058823529412,14
2022-05-11 17:45:00,2022-05-11 21:15:00,3.75,4.7,5.78,17
2022-05-11 22:45:00,2022-05-11 23:30:00,1.0,3.7,3.875,22
2022-05-12 05:45:00,2022-05-12 08:00:00,2.5,4.8,5.5,5
2022-05-12 11:15:00,2022-05-12 12:15:00,1.25,4.4,4.639999999999999,11
2022-05-12 18:30:00,2022-05-12 21:15:00,3.0,4.4,5.458333333333333,18
2022-05-13 06:30:00,2022-05-13 08:15:00,2.0,5.0,5.574999999999999,6
2022-05-13 11:30:00,2022-05-13 13:00:00,1.75,4.6,5.0,11
2022-05-13 18:30:00,2022-05-13 22:00:00,3.75,4.4,5.72,18
2022-05-14 00:15:00,2022-05-14 00:30:00,0.5,3.2,3.35,0
2022-05-14 06:45:00,2022-05-14 08:15:00,1.75,5.2,5.742857142857143,6
2022-05-14 12:30:00,2022-05-14 13:30:00,1.25,4.7,4.9,12
2022-05-14 20:00:00,2022-05-14 22:45:00,3.0,3.8,5.05,20
2022-05-15 01:15:00,2022-05-15 02:15:00,1.25,2.5,2.84,1
2022-05-15 08:00:00,2022-05-15 09:15:00,1.5,5.0,5.433333333333334,8
2022-05-15 12:45:00,2022-05-15 14:30:00,2.0,4.8,5.05,12
2022-05-15 20:15:00,2022-05-15 23:30:00,3.5,3.6,5.164285714285714,20
2022-05-16 01:45:00,2022-05-16 02:15:00,0.75,2.6,2.8333333333333335,1
2022-05-16 09:00:00,2022-05-16 09:30:00,0.75,5.6,5.766666666666666,9
2022-05-16 13:45:00,2022-05-16 15:30:00,2.0,4.7,5.2375,13
2022-05-16 21:00:00,2022-05-17 00:15:00,3.5,3.8,5.242857142857143,21
2022-05-17 14:45:00,2022-05-17 16:15:00,1.75,5.3,5.757142857142858,14
2022-05-17 22:00:00,2022-05-18 01:30:00,3.75,3.4,5.1066666666666665,22
2022-05-18 15:30:00,2022-05-18 17:00:00,1.75,5.3,5.685714285714285,15
2022-05-18 22:45:00,2022-05-19 02:15:00,3.75,3.5,5.0600000000000005,22
2022-05-19 17:45:00,2022-05-19 18:15:00,0.75,5.3,5.466666666666666,17
2022-05-20 00:15:00,2022-05-20 02:30:00,2.5,3.5,4.7299999999999995,0
2022-05-20 05:30:00,2022-05-20 05:45:00,0.5,2.6,2.7,5
2022-05-20 16:45:00,2022-05-20 18:45:00,2.25,5.1,5.511111111111111,16
2022-05-21 01:00:00,2022-05-21 03:45:00,3.0,3.2,4.558333333333334,1
2022-05-21 06:30:00,2022-05-21 07:15:00,1.0,2.3,2.5,6
2022-05-21 18:15:00,2022-05-21 19:15:00,1.25,4.7,4.98,18
2022-05-22 02:30:00,2022-05-22 04:30:00,2.25,3.4,4.522222222222222,2
2022-05-22 14:00:00,2022-05-22 16:15:00,2.5,4.8,5.37,14
2022-05-22 20:45:00,2022-05-22 21:30:00,1.0,4.2,4.45,20
2022-05-23 02:45:00,2022-05-23 05:30:00,3.0,3.2,4.633333333333334,2
2022-05-23 16:30:00,2022-05-23 18:00:00,1.75,4.8,5.385714285714284,16
2022-05-23 20:30:00,2022-05-23 21:00:00,0.75,3.4,3.6333333333333333,20
2022-05-24 04:15:00,2022-05-24 06:45:00,2.75,2.7,4.036363636363637,4
2022-05-24 09:15:00,2022-05-24 10:00:00,1.0,2.3,2.45,9
2022-05-24 17:00:00,2022-05-24 19:15:00,2.5,3.8,4.9399999999999995,17
2022-05-24 21:30:00,2022-05-24 22:00:00,0.75,2.6,2.766666666666666,21
2022-05-25 04:45:00,2022-05-25 07:30:00,3.0,2.7,4.266666666666667,4
2022-05-25 17:45:00,2022-05-25 22:15:00,4.75,2.8,4.136842105263159,17
2022-05-26 06:00:00,2022-05-26 08:15:00,2.5,3.1,4.42,6
2022-05-26 18:15:00,2022-05-26 21:15:00,3.25,3.2,4.792307692307692,18
2022-05-27 06:15:00,2022-05-27 08:45:00,2.75,3.7,5.00909090909091,6
2022-05-27 19:30:00,2022-05-27 21:45:00,2.5,3.5,4.711111111111112,19
2022-05-28 07:30:00,2022-05-28 09:15:00,2.0,3.6,4.5375,7
2022-05-28 20:00:00,2022-05-28 22:45:00,3.0,2.5,4.191666666666667,20
2022-05-29 08:30:00,2022-05-29 10:00:00,1.75,3.7,4.414285714285714,8
2022-05-29 20:00:00,2022-05-29 23:30:00,3.75,2.5,4.446666666666667,20
2022-05-30 03:00:00,2022-05-30 03:30:00,0.75,2.0,2.066666666666667,3
2022-05-30 09:15:00,2022-05-30 11:00:00,2.0,3.7,4.3374999999999995,9
2022-05-30 21:15:00,2022-05-31 00:00:00,3.0,2.5,4.075,21
2022-05-31 02:30:00,2022-05-31 03:30:00,1.25,1.9,2.1,2
2022-05-31 08:45:00,2022-05-31 11:15:00,2.75,4.4,5.036363636363637,8
2022-05-31 14:15:00,2022-05-31 15:15:00,1.25,4.2,4.4,14
2022-05-31 22:00:00,2022-06-01 00:30:00,2.75,2.5,3.954545454545455,22
2022-06-01 03:00:00,2022-06-01 04:15:00,1.5,1.7,1.8499999999999999,3
2022-06-01 15:15:00,2022-06-01 16:15:00,1.25,4.6,5.12,15
2022-06-01 22:30:00,2022-06-02 01:00:00,2.75,2.5,4.009090909090909,22
2022-06-02 04:45:00,2022-06-02 05:15:00,0.75,1.7,1.7666666666666666,4
2022-06-02 15:00:00,2022-06-02 15:15:00,0.5,5.0,5.1,15
2022-06-02 16:45:00,2022-06-02 17:15:00,0.75,5.3,5.533333333333334,16
2022-06-02 23:15:00,2022-06-03 01:30:00,2.5,2.5,3.9200000000000004,23
2022-06-03 15:45:00,2022-06-03 18:15:00,2.75,5.4,5.590909090909091,15
2022-06-03 23:45:00,2022-06-04 02:15:00,2.75,2.3,3.8272727272727267,23
2022-06-04 04:00:00,2022-06-04 06:30:00,2.75,1.6,1.8454545454545455,4
2022-06-04 13:30:00,2022-06-04 14:30:00,1.25,4.7,5.1,13
2022-06-05 00:15:00,2022-06-05 04:00:00,4.0,2.4,4.143750000000001,0
2022-06-05 14:30:00,2022-06-05 18:00:00,3.75,3.9,4.773333333333334,14
2022-06-06 01:30:00,2022-06-06 05:15:00,4.0,2.3,3.7812499999999996,1
2022-06-06 17:45:00,2022-06-06 19:30:00,2.0,4.5,4.85,17
2022-06-07 02:15:00,2022-06-07 05:00:00,3.0,2.5,3.858333333333333,2
2022-06-07 10:00:00,2022-06-07 11:00:00,1.25,2.9,4.68,10
2022-06-07 16:00:00,2022-06-07 17:15:00,1.5,4.8,5.266666666666667,16
2022-06-07 19:15:00,2022-06-07 20:45:00,1.75,3.6,3.8285714285714283,19
2022-06-08 03:00:00,2022-06-08 05:45:00,3.0,2.1,3.625,3
2022-06-08 16:15:00,2022-06-08 18:15:00,2.25,3.6,4.555555555555556,16
2022-06-08 19:45:00,2022-06-08 20:30:00,1.0,2.7,2.95,19
2022-06-09 04:00:00,2022-06-09 06:15:00,2.5,2.3,3.7099999999999995,4
2022-06-09 16:30:00,2022-06-09 19:15:00,3.0,2.4,4.008333333333334,16
2022-06-09 22:00:00,2022-06-09 23:00:00,1.25,1.7,1.94,22
2022-06-10 04:15:00,2022-06-10 07:15:00,3.25,2.3,3.9000000000000004,4
2022-06-10 12:45:00,2022-06-10 13:00:00,0.5,5.2,5.300000000000001,12
2022-06-10 17:00:00,2022-06-10 21:00:00,4.25,2.8,4.811764705882353,17
2022-06-11 06:00:00,2022-06-11 08:15:00,2.5,2.5,3.7,6
2022-06-11 12:30:00,2022-06-11 14:00:00,1.75,3.0,4.228571428571429,12
2022-06-11 18:30:00,2022-06-11 21:30:00,3.25,2.8,4.269230769230768,18
2022-06-12 06:45:00,2022-06-12 08:15:00,1.75,3.0,3.8857142857142857,6
2022-06-12 12:15:00,2022-06-12 13:00:00,1.0,3.3,3.6500000000000004,12
2022-06-12 19:15:00,2022-06-12 22:30:00,3.5,2.8,4.371428571428571,19
2022-06-13 07:45:00,2022-06-13 09:30:00,2.0,3.0,3.9250000000000003,7
2022-06-13 13:15:00,2022-06-13 14:00:00,1.0,4.0,4.65,13
2022-06-13 19:45:00,2022-06-13 23:00:00,3.5,2.7,4.5357142857142865,19
2022-06-14 08:45:00,2022-06-14 09:45:00,1.25,3.8,4.4,8
2022-06-14 21:15:00,2022-06-15 00:00:00,3.0,2.5,3.9583333333333335,21
2022-06-15 21:15:00,2022-06-16 01:30:00,4.5,2.6,4.8277777777777775,21
2022-06-16 23:00:00,2022-06-17 01:45:00,3.0,2.7,4.3,23
2022-06-17 15:00:00,2022-06-17 16:45:00,2.0,4.5,4.7625,15
2022-06-18 00:00:00,2022-06-18 02:30:00,2.75,2.6,3.9818181818181815,0
2022-06-18 06:15:00,2022-06-18 07:00:00,1.0,2.1,2.2,6
2022-06-19 00:30:00,2022-06-19 03:45:00,3.5,2.3,3.907142857142857,0
2022-06-19 13:30:00,2022-06-19 18:30:00,5.25,4.1,5.376190476190477,13
2022-06-20 01:30:00,2022-06-20 04:45:00,3.5,2.4,3.9714285714285715,1
2022-06-20 15:15:00,2022-06-20 17:45:00,2.75,4.1,5.0181818181818185,15
2022-06-21 02:00:00,2022-06-21 06:15:00,4.5,1.9,3.6611111111111114,2
2022-06-21 10:45:00,2022-06-21 12:00:00,1.5,4.2,4.6499999999999995,10
2022-06-21 16:15:00,2022-06-21 19:30:00,3.5,3.5,4.328571428571429,16
2022-06-22 03:45:00,2022-06-22 06:15:00,2.75,2.2,3.436363636363637,3
2022-06-22 15:45:00,2022-06-22 19:45:00,4.25,3.1,4.658823529411764,15
2022-06-23 04:00:00,2022-06-23 08:00:00,4.25,1.9,3.4647058823529413,4
2022-06-23 17:15:00,2022-06-23 20:15:00,3.25,2.9,4.415384615384616,17
2022-06-23 22:30:00,2022-06-23 23:15:00,1.0,2.1,2.375,22
2022-06-24 05:15:00,2022-06-24 08:00:00,3.0,2.1,3.433333333333333,5
2022-06-24 18:15:00,2022-06-24 21:00:00,3.0,3.1,4.358333333333333,18
2022-06-25 06:15:00,2022-06-25 08:15:00,2.25,2.6,3.7000000000000006,6
2022-06-25 11:45:00,2022-06-25 12:15:00,0.75,2.5,2.7000000000000006,11
2022-06-25 18:45:00,2022-06-25 21:45:00,3.25,2.7,4.015384615384615,18
2022-06-25 23:45:00,2022-06-26 01:00:00,1.5,2.0,2.1833333333333336,23
2022-06-26 07:00:00,2022-06-26 09:15:00,2.5,2.4,3.45,7
2022-06-26 19:15:00,2022-06-26 22:15:00,3.25,2.5,3.9153846153846152,19
2022-06-27 07:45:00,2022-06-27 09:30:00,2.0,2.9,3.8125,7
2022-06-27 20:00:00,2022-06-27 22:45:00,3.0,2.5,4.016666666666667,20
2022-06-28 01:15:00,2022-06-28 03:15:00,2.25,1.8,1.9666666666666666,1
2022-06-28 08:45:00,2022-06-28 10:45:00,2.25,2.2,3.022222222222222,8
2022-06-28 20:15:00,2022-06-28 23:30:00,3.5,2.3,3.8785714285714286,20
2022-06-29 09:30:00,2022-06-29 11:15:00,2.0,2.8,3.4499999999999997,9
2022-06-29 14:00:00,2022-06-29 14:30:00,0.75,2.1,3.466666666666667,14
2022-06-29 21:30:00,2022-06-30 00:15:00,3.0,2.2,3.4333333333333336,21
2022-06-30 10:15:00,2022-06-30 11:30:00,1.5,3.6,4.1000000000000005,10
2022-06-30 22:15:00,2022-07-01 01:00:00,3.0,2.2,3.641666666666667,22
2022-07-01 11:15:00,2022-07-01 12:15:00,1.25,4.1,4.4399999999999995,11
2022-07-01 17:15:00,2022-07-01 17:45:00,0.75,4.3,4.6000000000000005,17
2022-07-01 22:30:00,2022-07-02 00:45:00,2.5,3.0,4.15,22
2022-07-02 12:00:00,2022-07-02 15:00:00,3.25,3.9,4.461538461538462,12
2022-07-02 16:30:00,2022-07-02 17:15:00,1.0,4.4,4.475,16
2022-07-02 22:30:00,2022-07-03 01:45:00,3.5,2.1,4.214285714285714,22
2022-07-03 13:15:00,2022-07-03 16:30:00,3.5,4.2,4.950000000000001,13
2022-07-04 00:15:00,2022-07-04 02:45:00,2.75,2.1,3.6999999999999997,0
2022-07-04 05:45:00,2022-07-04 06:30:00,1.0,1.3,1.95,5
2022-07-04 14:45:00,2022-07-04 18:30:00,4.0,4.1,4.81875,14
2022-07-05 00:45:00,2022-07-05 03:30:00,3.0,2.1,3.691666666666667,0
2022-07-05 17:00:00,2022-07-05 18:15:00,1.5,4.3,4.716666666666667,17
2022-07-06 01:30:00,2022-07-06 04:00:00,2.75,2.2,3.6545454545454548,1
2022-07-06 15:00:00,2022-07-06 16:45:00,2.0,4.9,5.4625,15
2022-07-06 18:30:00,2022-07-06 19:30:00,1.25,3.7,3.96,18
2022-07-07 02:15:00,2022-07-07 05:15:00,3.25,2.0,3.5000000000000004,2
2022-07-07 08:00:00,2022-07-07 09:30:00,1.75,1.4,2.1714285714285717,8
2022-07-07 15:15:00,2022-07-07 17:45:00,2.75,2.8,4.054545454545455,15
2022-07-07 20:30:00,2022-07-07 21:30:00,1.25,1.8,2.38,20
2022-07-08 02:30:00,2022-07-08 06:30:00,4.25,1.8,3.652941176470588,2
2022-07-08 09:45:00,2022-07-08 11:45:00,2.25,2.2,4.433333333333334,9
2022-07-08 16:45:00,2022-07-08 21:15:00,4.75,2.0,3.4157894736842107,16
2022-07-09 04:30:00,2022-07-09 07:30:00,3.25,2.1,3.576923076923077,4
2022-07-09 09:45:00,2022-07-09 11:00:00,1.5,1.5,2.5500000000000003,9
2022-07-09 17:15:00,2022-07-09 20:00:00,3.0,2.5,3.975,17
2022-07-09 22:45:00,2022-07-09 23:30:00,1.0,1.8,2.125,22
2022-07-10 05:30:00,2022-07-10 08:30:00,3.25,2.0,3.269230769230769,5
2022-07-10 11:45:00,2022-07-10 12:00:00,0.5,2.5,3.05,11
2022-07-10 18:00:00,2022-07-10 20:45:00,3.0,2.6,3.9583333333333335,18
2022-07-11 06:15:00,2022-07-11 08:30:00,2.5,2.2,3.4899999999999998,6
2022-07-11 19:00:00,2022-07-11 22:15:00,3.5,2.6,4.05,19
2022-07-12 07:30:00,2022-07-12 08:45:00,1.5,3.3,3.9166666666666674,7
2022-07-12 11:45:00,2022-07-12 12:30:00,1.0,3.0,3.1999999999999997,11
2022-07-12 19:30:00,2022-07-12 22:45:00,3.5,2.8,4.5,19
2022-07-13 02:30:00,2022-07-13 02:45:00,0.5,2.1,2.2,2
2022-07-13 08:15:00,2022-07-13 09:30:00,1.5,3.5,4.216666666666667,8
2022-07-13 20:30:00,2022-07-13 23:45:00,3.5,2.4,4.164285714285714,20
2022-07-14 09:30:00,2022-07-14 10:15:00,1.0,4.2,4.5,9
2022-07-14 21:45:00,2022-07-15 00:30:00,3.0,2.3,3.6833333333333336,21
2022-07-15 10:30:00,2022-07-15 11:30:00,1.25,4.1,4.4799999999999995,10
2022-07-15 22:45:00,2022-07-16 01:30:00,3.0,2.2,3.5749999999999997,22
2022-07-16 11:30:00,2022-07-16 12:30:00,1.25,3.9,4.3,11
2022-07-16 23:30:00,2022-07-17 02:15:00,3.0,2.3,3.8000000000000003,23
2022-07-17 13:00:00,2022-07-17 14:00:00,1.25,3.9,4.3,13
2022-07-18 00:30:00,2022-07-18 03:15:00,3.0,2.2,3.558333333333334,0
2022-07-18 15:00:00,2022-07-18 16:15:00,1.5,4.5,4.983333333333333,15
2022-07-19 01:15:00,2022-07-19 04:00:00,3.0,2.0,3.4083333333333337,1
2022-07-19 16:00:00,2022-07-19 18:30:00,2.75,4.1,4.79090909090909,16
2022-07-20 02:00:00,2022-07-20 04:30:00,2.75,2.3,3.627272727272727,2
2022-07-20 15:00:00,2022-07-20 18:15:00,3.5,2.9,4.207142857142857,15
2022-07-21 03:00:00,2022-07-21 06:00:00,3.25,2.3,3.6999999999999997,3
2022-07-21 16:30:00,2022-07-21 20:30:00,4.25,3.0,4.147058823529412,16
2022-07-22 03:00:00,2022-07-22 08:45:00,6.0,1.6,3.616666666666667,3
2022-07-22 10:15:00,2022-07-22 10:45:00,0.75,2.2,3.033333333333333,10
2022-07-22 16:45:00,2022-07-22 19:15:00,2.75,3.4,4.745454545454546,16
2022-07-22 21:30:00,2022-07-23 00:00:00,2.75,2.3,2.709090909090909,21
2022-07-23 04:15:00,2022-07-23 08:15:00,4.25,2.1,4.129411764705882,4
2022-07-23 10:15:00,2022-07-23 12:15:00,2.25,1.8,2.6222222222222222,10
2022-07-23 17:45:00,2022-07-23 20:15:00,2.75,2.8,4.372727272727273,17
2022-07-23 21:45:00,2022-07-23 22:15:00,0.75,2.1,2.1999999999999997,21
2022-07-24 05:45:00,2022-07-24 08:30:00,3.0,2.3,3.7833333333333328,5
2022-07-24 18:15:00,2022-07-24 20:45:00,2.75,2.5,4.290909090909091,18
2022-07-24 23:30:00,2022-07-25 03:15:00,4.0,1.8,2.79375,23
2022-07-25 05:30:00,2022-07-25 09:45:00,4.5,2.1,3.955555555555555,5
2022-07-25 12:45:00,2022-07-25 14:45:00,2.25,2.1,3.9555555555555557,12
2022-07-25 19:00:00,2022-07-25 21:30:00,2.75,2.3,4.199999999999999,19
2022-07-26 00:15:00,2022-07-26 02:30:00,2.5,1.5,1.73,0
2022-07-26 06:45:00,2022-07-26 10:15:00,3.75,2.6,4.08,6
2022-07-26 12:15:00,2022-07-26 15:45:00,3.75,2.5,3.933333333333333,12
2022-07-26 19:15:00,2022-07-26 22:30:00,3.5,2.2,4.192857142857144,19
2022-07-27 07:15:00,2022-07-27 11:15:00,4.25,3.0,4.41764705882353,7
2022-07-27 14:00:00,2022-07-27 16:30:00,2.75,3.5,4.763636363636365,14
2022-07-27 20:30:00,2022-07-27 22:30:00,2.25,2.5,4.066666666666666,20
2022-07-28 03:30:00,2022-07-28 04:15:00,1.0,1.6,2.625,3
2022-07-28 09:15:00,2022-07-28 12:45:00,3.75,2.9,3.8400000000000003,9
2022-07-28 16:45:00,2022-07-28 17:00:00,0.5,5.7,5.85,16
2022-07-28 21:00:00,2022-07-28 23:15:00,2.5,2.4,3.9,21
2022-07-29 02:15:00,2022-07-29 03:30:00,1.5,1.7,1.7666666666666666,2
2022-07-29 09:00:00,2022-07-29 17:30:00,8.75,3.2,4.662857142857142,9
2022-07-29 20:45:00,2022-07-29 23:45:00,3.25,2.4,4.438461538461539,20
2022-07-30 04:30:00,2022-07-30 05:15:00,1.0,1.5,1.75,4
2022-07-30 11:00:00,2022-07-30 15:15:00,4.5,3.2,3.7944444444444443,11
2022-07-30 17:15:00,2022-07-30 18:00:00,1.0,5.7,6.0249999999999995,17
2022-07-30 22:15:00,2022-07-31 00:30:00,2.5,2.2,3.65,22
2022-07-31 04:15:00,2022-07-31 04:45:00,0.75,1.6,1.6666666666666667,4
2022-07-31 11:30:00,2022-07-31 15:45:00,4.5,3.7,4.4944444444444445,11
2022-07-31 18:00:00,2022-07-31 18:30:00,0.75,5.5,5.933333333333334,18
2022-07-31 22:45:00,2022-08-01 01:15:00,2.75,2.3,3.8545454545454545,22
2022-08-01 04:15:00,2022-08-01 06:00:00,2.0,1.7,1.85,4
2022-08-01 12:30:00,2022-08-01 13:15:00,1.0,5.3,5.55,12
2022-08-01 16:00:00,2022-08-01 16:45:00,1.0,4.2,4.375,16
2022-08-01 19:00:00,2022-08-01 19:15:00,0.5,5.7,5.85,19
2022-08-01 23:45:00,2022-08-02 02:00:00,2.5,2.1,3.3899999999999997,23
2022-08-02 14:15:00,2022-08-02 15:00:00,1.0,5.0,5.225,14
2022-08-03 00:15:00,2022-08-03 02:45:00,2.75,1.9,3.3090909090909095,0
2022-08-03 14:15:00,2022-08-03 17:45:00,3.75,3.3,4.373333333333334,14
2022-08-04 00:45:00,2022-08-04 03:00:00,2.5,2.2,3.6799999999999997,0
2022-08-04 15:30:00,2022-08-04 16:15:00,1.0,5.2,5.499999999999999,15
2022-08-05 01:45:00,2022-08-05 04:00:00,2.5,2.2,3.6300000000000003,1
2022-08-05 15:00:00,2022-08-05 17:45:00,3.0,3.5,4.675,15
2022-08-05 20:30:00,2022-08-05 21:15:00,1.0,2.6,2.825,20
2022-08-06 02:00:00,2022-08-06 05:15:00,3.5,2.1,3.857142857142857,2
2022-08-06 16:00:00,2022-08-06 19:00:00,3.25,3.4,4.7384615384615385,16
2022-08-07 03:45:00,2022-08-07 06:15:00,2.75,2.1,3.4090909090909083,3
2022-08-07 16:45:00,2022-08-07 19:15:00,2.75,2.8,4.409090909090908,16
2022-08-07 22:15:00,2022-08-08 00:15:00,2.25,1.8,2.088888888888889,22
2022-08-08 04:45:00,2022-08-08 07:30:00,3.0,2.1,3.3249999999999993,4
2022-08-08 18:00:00,2022-08-08 20:30:00,2.75,2.8,4.309090909090909,18
2022-08-09 05:45:00,2022-08-09 08:00:00,2.5,2.3,3.5699999999999994,5
2022-08-09 19:00:00,2022-08-09 21:45:00,3.0,2.5,4.025,19
2022-08-10 07:15:00,2022-08-10 08:45:00,1.75,2.7,3.5285714285714285,7
2022-08-10 19:45:00,2022-08-10 22:15:00,2.75,2.6,4.118181818181818,19
2022-08-11 08:00:00,2022-08-11 09:45:00,2.0,2.9,3.8125,8
2022-08-11 20:30:00,2022-08-11 23:00:00,2.75,2.3,3.9909090909090903,20
2022-08-12 09:15:00,2022-08-12 10:15:00,1.25,3.5,4.04,9
2022-08-12 21:45:00,2022-08-13 00:15:00,2.75,2.5,3.7909090909090906,21
2022-08-13 22:30:00,2022-08-14 01:45:00,3.5,2.4,3.9142857142857146,22
2022-08-14 17:30:00,2022-08-14 18:00:00,0.75,4.8,4.933333333333334,17
2022-08-14 23:00:00,2022-08-15 02:15:00,3.5,2.4,4.0285714285714285,23
2022-08-15 15:00:00,2022-08-15 16:00:00,1.25,4.7,4.98,15
2022-08-15 18:15:00,2022-08-15 18:30:00,0.5,4.7,4.800000000000001,18
2022-08-16 00:15:00,2022-08-16 02:30:00,2.5,2.6,3.8199999999999994,0
2022-08-16 14:30:00,2022-08-16 16:00:00,1.75,4.6,5.114285714285714,14
2022-08-17 00:45:00,2022-08-17 03:30:00,3.0,2.3,3.65,0
2022-08-17 13:45:00,2022-08-17 16:15:00,2.75,4.3,4.990909090909091,13
2022-08-18 01:30:00,2022-08-18 04:00:00,2.75,2.4,3.6818181818181817,1
2022-08-18 14:15:00,2022-08-18 17:15:00,3.25,4.0,4.884615384615385,14
2022-08-18 19:30:00,2022-08-18 20:30:00,1.25,3.3,3.4799999999999995,19
2022-08-19 02:30:00,2022-08-19 04:30:00,2.25,2.5,3.7333333333333334,2
2022-08-19 15:45:00,2022-08-19 20:15:00,4.75,3.0,4.0210526315789465,15
2022-08-20 02:15:00,2022-08-20 08:00:00,6.0,1.5,3.233333333333333,2
2022-08-20 09:30:00,2022-08-20 10:15:00,1.0,2.0,3.25,9
2022-08-20 16:00:00,2022-08-20 19:00:00,3.25,3.6,4.838461538461539,16
2022-08-21 03:30:00,2022-08-21 08:15:00,5.0,1.8,3.5549999999999997,3
2022-08-21 11:00:00,2022-08-21 11:30:00,0.75,2.4,3.9333333333333336,11
2022-08-21 16:45:00,2022-08-21 19:00:00,2.5,2.8,4.279999999999999,16
2022-08-21 23:30:00,2022-08-22 00:45:00,1.5,2.0,3.4500000000000006,23
2022-08-22 05:30:00,2022-08-22 09:00:00,3.75,2.0,3.3066666666666666,5
2022-08-22 10:30:00,2022-08-22 12:30:00,2.25,2.1,3.388888888888889,10
2022-08-22 18:00:00,2022-08-22 20:00:00,2.25,2.7,3.877777777777778,18
2022-08-23 05:15:00,2022-08-23 09:30:00,4.5,2.1,3.7277777777777774,5
2022-09-07 18:45:00,2022-09-07 21:30:00,3.0,2.7,4.308333333333334,18
2022-09-08 07:00:00,2022-09-08 09:00:00,2.25,2.9,3.9000000000000004,7
2022-09-08 12:15:00,2022-09-08 13:00:00,1.0,2.8,3.25,12
2022-09-08 20:00:00,2022-09-08 22:45:00,3.0,3.0,4.175,20
2022-09-09 08:15:00,2022-09-09 10:30:00,2.5,3.9,4.55,8
2022-09-09 22:15:00,2022-09-10 00:15:00,2.25,3.3,3.9777777777777774,22
2022-09-10 14:00:00,2022-09-10 15:30:00,1.75,4.4,4.614285714285714,14
2022-09-10 21:15:00,2022-09-11 00:15:00,3.25,2.5,3.776923076923077,21
2022-09-11 15:00:00,2022-09-11 16:15:00,1.5,4.3,4.616666666666667,15
2022-09-11 22:00:00,2022-09-12 00:45:00,3.0,2.4,3.725,22
2022-09-12 15:45:00,2022-09-12 17:00:00,1.5,4.2,4.783333333333332,15
2022-09-12 22:00:00,2022-09-13 01:00:00,3.25,2.5,4.146153846153846,22
2022-09-13 15:15:00,2022-09-13 18:15:00,3.25,4.4,4.953846153846154,15
2022-09-13 23:15:00,2022-09-14 01:30:00,2.5,2.5,3.72,23
2022-09-15 00:00:00,2022-09-15 02:30:00,2.75,2.6,3.9909090909090907,0
2022-09-15 04:45:00,2022-09-15 07:00:00,2.5,2.0,2.18,4
2022-09-15 16:00:00,2022-09-15 18:00:00,2.25,4.9,5.6,16
2022-09-16 01:00:00,2022-09-16 03:15:00,2.5,2.9,4.15,1
2022-09-16 05:30:00,2022-09-16 07:15:00,2.0,1.9,2.1625,5
2022-09-16 15:45:00,2022-09-16 18:30:00,3.0,4.6,5.625,15
2022-09-17 02:00:00,2022-09-17 04:00:00,2.25,2.9,4.111111111111111,2
2022-09-17 07:45:00,2022-09-17 08:15:00,0.75,1.8,1.9333333333333333,7
2022-09-17 17:00:00,2022-09-17 17:30:00,0.75,5.1,5.333333333333333,17
2022-09-17 19:00:00,2022-09-17 21:30:00,2.75,4.1,4.381818181818182,19
2022-09-18 01:45:00,2022-09-18 08:00:00,6.5,1.9,3.5961538461538463,1
2022-09-18 14:45:00,2022-09-18 22:00:00,7.5,3.2,4.616666666666668,14
2022-09-19 03:00:00,2022-09-19 10:45:00,8.0,2.1,3.46875,3
2022-09-19 16:30:00,2022-09-19 23:00:00,6.75,2.6,3.755555555555556,16
2022-09-20 05:00:00,2022-09-20 07:00:00,2.25,2.8,3.9777777777777774,5
2022-09-20 08:45:00,2022-09-20 09:30:00,1.0,1.8,1.9500000000000002,8
2022-09-20 16:30:00,2022-09-20 20:15:00,4.0,3.0,4.918749999999999,16
2022-09-20 22:15:00,2022-09-21 00:15:00,2.25,2.0,2.833333333333333,22
2022-09-21 05:45:00,2022-09-21 07:45:00,2.25,2.7,3.9000000000000004,5
2022-09-21 09:15:00,2022-09-21 11:00:00,2.0,1.8,2.0875000000000004,9
2022-09-21 18:00:00,2022-09-21 21:30:00,3.75,2.7,4.413333333333333,18
2022-09-21 23:00:00,2022-09-22 00:30:00,1.75,2.0,2.157142857142857,23
2022-09-22 06:00:00,2022-09-22 08:45:00,3.0,2.8,4.241666666666666,6
2022-09-22 10:30:00,2022-09-22 12:15:00,2.0,2.3,2.5625,10
2022-09-22 18:30:00,2022-09-22 22:00:00,3.75,2.6,4.52,18
2022-09-23 07:45:00,2022-09-23 09:30:00,2.0,4.1,4.825,7
2022-09-23 12:30:00,2022-09-23 14:15:00,2.0,3.7,4.0625,12
2022-09-23 19:45:00,2022-09-23 22:45:00,3.25,3.3,4.592307692307693,19
2022-09-24 01:00:00,2022-09-24 01:45:00,1.0,2.4,2.575,1
2022-09-24 08:15:00,2022-09-24 09:45:00,1.75,4.6,5.014285714285714,8
2022-09-24 12:30:00,2022-09-24 13:45:00,1.5,4.3,4.616666666666666,12
2022-09-24 20:00:00,2022-09-24 23:00:00,3.25,3.1,4.484615384615385,20
2022-09-25 08:15:00,2022-09-25 09:15:00,1.25,5.3,5.6,8
2022-09-25 14:00:00,2022-09-25 15:30:00,1.75,4.2,4.742857142857142,14
2022-09-25 20:15:00,2022-09-25 23:45:00,3.75,2.9,4.58,20
2022-09-26 02:00:00,2022-09-26 02:30:00,0.75,2.3,2.3666666666666667,2
2022-09-26 09:30:00,2022-09-26 09:45:00,0.5,5.4,5.5,9
2022-09-26 13:45:00,2022-09-26 16:00:00,2.5,4.4,4.92,13
2022-09-26 20:45:00,2022-09-27 00:00:00,3.5,2.8,4.535714285714286,20
2022-12-06 20:15:00,2022-12-06 22:30:00,2.5,5.2,6.130000000000001,20
2022-12-07 08:45:00,2022-12-07 09:45:00,1.25,6.7,7.0,8
2022-12-07 20:30:00,2022-12-07 23:00:00,2.75,5.1,6.127272727272726,20
2022-12-08 09:15:00,2022-12-08 10:30:00,1.5,6.8,7.183333333333333,9
2022-12-08 21:15:00,2022-12-09 00:30:00,3.5,4.7,5.764285714285715,21
2022-12-09 10:15:00,2022-12-09 12:15:00,2.25,6.2,6.822222222222222,10
2022-12-09 22:15:00,2022-12-10 00:15:00,2.25,5.5,6.333333333333333,22
2022-12-10 23:00:00,2022-12-11 00:30:00,1.75,5.8,6.357142857142857,23
2022-12-12 00:00:00,2022-12-12 01:15:00,1.5,5.9,6.333333333333332,0
2022-12-13 00:30:00,2022-12-13 01:45:00,1.5,6.4,6.883333333333333,0
2022-12-13 17:30:00,2022-12-13 18:45:00,1.5,7.8,7.966666666666668,17
2022-12-14 01:30:00,2022-12-14 03:00:00,1.75,6.6,7.014285714285714,1
2022-12-14 19:00:00,2022-12-14 19:30:00,0.75,7.4,7.466666666666666,19
2022-12-15 02:15:00,2022-12-15 04:15:00,2.25,5.9,6.611111111111111,2
2022-12-15 15:45:00,2022-12-15 16:30:00,1.0,7.3,7.525,15
2022-12-16 04:15:00,2022-12-16 05:15:00,1.25,6.4,6.76,4
2022-12-17 09:00:00,2022-12-17 10:45:00,2.0,6.3,6.5625,9
2022-12-18 05:15:00,2022-12-18 06:30:00,1.5,7.0,7.3500000000000005,5
2022-12-18 23:00:00,2022-12-18 23:45:00,1.0,7.1,7.449999999999999,23
2022-12-19 06:00:00,2022-12-19 07:00:00,1.25,7.5,7.76,6
2022-12-20 00:00:00,2022-12-20 01:00:00,1.25,7.4,7.919999999999999,0
2022-12-20 07:45:00,2022-12-20 08:15:00,0.75,7.4,7.533333333333334,7
2022-12-20 18:45:00,2022-12-20 19:30:00,1.0,7.7,7.975,18
2022-12-21 20:45:00,2022-12-21 21:15:00,0.75,7.7,7.866666666666667,20
2022-12-22 21:00:00,2022-12-22 21:30:00,0.75,7.8,7.966666666666668,21
2022-12-24 16:15:00,2022-12-24 16:30:00,0.5,9.3,9.5,16
2022-12-31 04:15:00,2022-12-31 06:15:00,2.25,7.8,8.31111111111111,4
2022-12-31 18:00:00,2022-12-31 20:30:00,2.75,7.3,8.018181818181818,18
2023-01-01 05:15:00,2023-01-01 09:00:00,4.0,6.8,7.781249999999999,5
2023-01-01 19:00:00,2023-01-01 22:15:00,3.5,7.0,7.971428571428572,19
2023-01-02 06:00:00,2023-01-02 07:45:00,2.0,7.8,8.25,6
2023-01-02 19:45:00,2023-01-02 22:00:00,2.5,7.3,8.06,19
2023-01-03 07:30:00,2023-01-03 07:45:00,0.5,8.2,8.3,7
2023-01-03 13:00:00,2023-01-03 13:45:00,1.0,7.5,8.25,13
2023-01-03 19:30:00,2023-01-03 23:15:00,4.0,6.7,7.793749999999999,19
2023-01-04 07:30:00,2023-01-04 08:45:00,1.5,7.9,8.333333333333334,7
2023-01-04 20:15:00,2023-01-05 00:15:00,4.25,5.5,6.764705882352941,20
2023-01-05 08:30:00,2023-01-05 09:15:00,1.0,7.8,8.1,8
2023-01-05 20:45:00,2023-01-05 23:30:00,3.0,6.7,7.666666666666667,20
2023-01-06 22:00:00,2023-01-06 23:00:00,1.25,8.1,8.360000000000001,22
2023-01-07 02:45:00,2023-01-07 04:00:00,1.5,7.3,7.966666666666666,2
2023-01-08 22:15:00,2023-01-08 23:00:00,1.0,8.1,8.35,22
2023-01-09 22:00:00,2023-01-09 23:30:00,1.75,8.1,8.442857142857143,22
2023-01-10 23:30:00,2023-01-11 00:15:00,1.0,7.9,8.15,23
2023-01-13 01:00:00,2023-01-13 01:45:00,1.0,7.8,8.049999999999999,1
2023-01-13 15:45:00,2023-01-13 17:00:00,1.5,8.3,8.666666666666666,15
2023-01-14 03:30:00,2023-01-14 04:45:00,1.5,7.8,8.116666666666665,3
2023-01-14 21:15:00,2023-01-14 21:30:00,0.5,9.0,9.1,21
2023-01-18 06:30:00,2023-01-18 07:30:00,1.25,7.5,7.82,6
2023-01-18 19:15:00,2023-01-18 21:30:00,2.5,7.1,7.669999999999999,19
2023-01-19 06:45:00,2023-01-19 08:15:00,1.75,7.5,7.942857142857143,6
2023-01-19 13:15:00,2023-01-19 13:45:00,0.75,7.6,8.133333333333335,13
2023-01-19 19:30:00,2023-01-19 22:45:00,3.5,6.2,7.064285714285715,19
2023-01-20 07:45:00,2023-01-20 08:45:00,1.25,7.5,7.840000000000001,7
2023-01-20 20:00:00,2023-01-20 21:00:00,1.25,7.7,8.040000000000001,20
2023-01-21 08:45:00,2023-01-21 09:45:00,1.25,7.9,8.1,8
2023-01-21 21:00:00,2023-01-21 22:00:00,1.25,7.5,7.88,21
2023-01-22 22:45:00,2023-01-22 23:00:00,0.5,7.5,7.6,22
2023-01-24 15:30:00,2023-01-24 17:30:00,2.25,8.8,9.088888888888889,15
2023-01-24 23:15:00,2023-01-25 00:45:00,1.75,7.6,8.057142857142857,23
2023-01-25 16:15:00,2023-01-25 17:00:00,1.0,7.9,8.049999999999999,16
2023-01-26 00:30:00,2023-01-26 02:15:00,2.0,6.8,7.425,0
2023-01-27 19:15:00,2023-01-27 19:45:00,0.75,9.1,9.233333333333334,19
2023-01-28 20:15:00,2023-01-28 22:30:00,2.5,9.3,9.67,20
2023-01-29 10:15:00,2023-01-29 12:00:00,2.0,8.1,8.675,10
2023-01-30 05:00:00,2023-01-30 05:15:00,0.5,7.9,8.0,5
2023-01-30 22:30:00,2023-01-30 23:15:00,1.0,8.3,8.45,22
2023-01-31 05:30:00,2023-01-31 06:45:00,1.5,7.2,7.633333333333334,5
2023-02-01 06:15:00,2023-02-01 08:00:00,2.0,6.8,7.4,6
2023-02-01 19:30:00,2023-02-01 22:15:00,3.0,6.5,7.3999999999999995,19
2023-02-02 07:15:00,2023-02-02 08:15:00,1.25,6.8,7.2,7
2023-02-02 13:00:00,2023-02-02 16:15:00,3.5,6.1,7.4642857142857135,13
2023-02-02 20:30:00,2023-02-02 22:30:00,2.25,6.1,6.766666666666667,20
2023-02-03 08:15:00,2023-02-03 08:45:00,0.75,7.1,7.266666666666666,8
2023-02-04 02:30:00,2023-02-04 03:00:00,0.75,7.0,7.166666666666667,2
2023-02-04 17:15:00,2023-02-04 18:00:00,1.0,8.0,8.274999999999999,17
2023-02-05 03:30:00,2023-02-05 04:30:00,1.25,7.7,8.040000000000001,3
2023-02-05 21:45:00,2023-02-05 22:00:00,0.5,7.6,7.699999999999999,21
2023-02-06 03:45:00,2023-02-06 05:15:00,1.75,6.9,7.528571428571429,3
2023-02-07 16:30:00,2023-02-07 18:45:00,2.5,8.1,8.399999999999999,16
2023-02-07 22:30:00,2023-02-07 23:15:00,1.0,7.5,7.75,22
2023-02-08 05:00:00,2023-02-08 05:45:00,1.0,7.4,7.6,5
2023-02-08 18:00:00,2023-02-08 19:15:00,1.5,8.0,8.283333333333333,18
2023-02-08 23:15:00,2023-02-09 00:15:00,1.25,7.2,7.5200000000000005,23
2023-02-09 23:45:00,2023-02-10 01:15:00,1.75,6.6,7.214285714285714,23
2023-02-10 13:45:00,2023-02-10 17:00:00,3.5,6.5,7.228571428571428,13
2023-02-11 00:30:00,2023-02-11 02:45:00,2.5,6.0,6.76,0
2023-02-11 04:15:00,2023-02-11 05:45:00,1.75,5.0,5.271428571428571,4
2023-02-12 01:30:00,2023-02-12 02:00:00,0.75,7.5,7.666666666666667,1
2023-02-14 03:15:00,2023-02-14 04:00:00,1.0,7.4,7.65,3
2023-02-14 10:45:00,2023-02-14 11:45:00,1.25,8.1,8.18,10
2023-02-15 04:30:00,2023-02-15 05:45:00,1.5,6.8,7.283333333333334,4
2023-02-15 12:00:00,2023-02-15 13:00:00,1.25,7.8,8.1,12
2023-02-15 19:30:00,2023-02-15 21:00:00,1.75,7.1,7.557142857142857,19
2023-02-16 05:30:00,2023-02-16 07:30:00,2.25,6.2,6.944444444444445,5
2023-02-16 12:45:00,2023-02-16 13:45:00,1.25,7.5,7.9399999999999995,12
2023-02-16 19:30:00,2023-02-16 22:30:00,3.25,5.7,6.592307692307693,19
2023-02-17 00:30:00,2023-02-17 01:45:00,1.5,7.1,7.533333333333334,0
2023-02-17 06:15:00,2023-02-17 08:00:00,2.0,6.4,7.1125,6
2023-02-17 12:45:00,2023-02-17 14:30:00,2.0,6.2,7.225,12
2023-02-17 19:30:00,2023-02-17 22:30:00,3.25,5.5,6.384615384615385,19
2023-02-18 20:15:00,2023-02-18 20:30:00,0.5,7.3,7.449999999999999,20
2023-02-19 20:30:00,2023-02-19 22:00:00,1.75,6.7,7.314285714285714,20
2023-02-20 03:15:00,2023-02-20 03:30:00,0.5,6.3,6.65,3
2023-02-20 21:30:00,2023-02-20 23:15:00,2.0,6.3,6.9625,21
2023-02-21 22:30:00,2023-02-22 00:15:00,2.0,6.1,6.8125,22
2023-02-22 23:15:00,2023-02-23 01:15:00,2.25,6.0,6.7333333333333325,23
2023-02-23 23:45:00,2023-02-24 01:45:00,2.25,5.7,6.611111111111111,23
2023-02-25 01:00:00,2023-02-25 02:45:00,2.0,5.7,6.4625,1
2023-02-26 01:45:00,2023-02-26 03:45:00,2.25,5.3,6.199999999999999,1
2023-02-26 09:00:00,2023-02-26 09:30:00,0.75,5.7,6.233333333333334,9
2023-02-27 02:15:00,2023-02-27 04:45:00,2.75,5.0,6.2272727272727275,2
2023-02-28 03:45:00,2023-02-28 06:45:00,3.25,4.6,5.7153846153846155,3
2023-02-28 13:30:00,2023-02-28 14:30:00,1.25,7.2,7.280000000000001,13
2023-02-28 20:00:00,2023-02-28 20:30:00,0.75,6.7,6.833333333333333,20
2023-03-01 04:15:00,2023-03-01 07:00:00,3.0,4.6,5.733333333333333,4
2023-03-01 13:30:00,2023-03-01 14:00:00,0.75,7.1,7.233333333333334,13
2023-03-02 05:30:00,2023-03-02 07:30:00,2.25,4.6,5.7,5
2023-03-02 19:00:00,2023-03-03 01:00:00,6.25,4.3,5.763999999999999,19
2023-03-03 06:30:00,2023-03-03 08:45:00,2.5,4.7,5.73,6
2023-03-03 19:45:00,2023-03-03 21:15:00,1.75,4.8,5.7142857142857135,19
2023-03-04 07:00:00,2023-03-04 09:45:00,3.0,4.5,5.575,7
2023-03-04 19:30:00,2023-03-04 22:15:00,3.0,4.3,5.45,19
2023-03-05 07:45:00,2023-03-05 09:00:00,1.5,6.1,6.516666666666667,7
2023-03-05 20:30:00,2023-03-05 22:30:00,2.25,4.8,5.788888888888888,20
2023-03-06 08:45:00,2023-03-06 10:00:00,1.5,6.2,6.550000000000001,8
2023-03-06 21:00:00,2023-03-06 23:30:00,2.75,4.4,5.536363636363637,21
2023-03-07 09:15:00,2023-03-07 10:00:00,1.0,6.4,6.625,9
2023-03-07 21:15:00,2023-03-07 23:45:00,2.75,4.3,5.545454545454546,21
2023-03-08 22:00:00,2023-03-09 00:45:00,3.0,5.0,6.008333333333333,22
2023-03-09 23:00:00,2023-03-10 01:45:00,3.0,4.9,5.808333333333334,23
2023-03-10 11:15:00,2023-03-10 12:00:00,1.0,6.4,6.625,11
2023-03-10 23:15:00,2023-03-11 00:45:00,1.75,5.5,6.171428571428572,23
2023-03-11 16:30:00,2023-03-11 18:00:00,1.75,6.7,7.471428571428572,16
2023-03-12 00:00:00,2023-03-12 02:30:00,2.75,5.4,6.245454545454546,0
2023-03-12 13:45:00,2023-03-12 14:15:00,0.75,6.4,6.566666666666667,13
2023-03-13 00:45:00,2023-03-13 02:30:00,2.0,5.6,6.3375,0
2023-03-13 18:30:00,2023-03-13 20:00:00,1.75,6.7,7.200000000000001,18
2023-03-14 02:00:00,2023-03-14 03:15:00,1.5,6.0,6.516666666666666,2
2023-03-14 18:00:00,2023-03-14 18:30:00,0.75,7.8,7.866666666666667,18
2023-03-14 20:45:00,2023-03-14 21:15:00,0.75,6.9,7.133333333333333,20
2023-03-15 03:15:00,2023-03-15 04:45:00,1.75,6.2,6.685714285714286,3
2023-03-16 04:45:00,2023-03-16 05:30:00,1.0,6.4,6.674999999999999,4
2023-03-17 05:00:00,2023-03-17 06:45:00,2.0,6.2,6.800000000000001,5
2023-03-17 18:15:00,2023-03-17 19:30:00,1.5,6.3,6.733333333333333,18
2023-03-18 06:30:00,2023-03-18 08:00:00,1.75,5.9,6.585714285714286,6
2023-03-18 18:45:00,2023-03-18 20:00:00,1.5,6.2,6.716666666666668,18
2023-03-19 19:30:00,2023-03-19 21:00:00,1.75,6.4,6.942857142857142,19
2023-03-20 20:45:00,2023-03-20 22:00:00,1.5,6.5,6.883333333333333,20
2023-03-21 21:30:00,2023-03-21 23:00:00,1.75,6.3,6.885714285714286,21
2023-03-22 21:45:00,2023-03-23 00:30:00,3.0,5.6,6.483333333333333,21
2023-03-23 22:45:00,2023-03-24 01:15:00,2.75,5.2,6.181818181818182,22
2023-03-24 23:30:00,2023-03-25 02:00:00,2.75,5.1,6.1090909090909085,23
2023-03-26 00:30:00,2023-03-26 02:45:00,2.5,4.7,5.720000000000001,0
2023-03-27 01:15:00,2023-03-27 03:30:00,2.5,4.5,5.57,1
2023-03-27 06:00:00,2023-03-27 07:15:00,1.5,3.7,3.8499999999999996,6
2023-03-27 14:15:00,2023-03-27 16:45:00,2.75,5.6,6.281818181818181,14
2023-03-27 20:15:00,2023-03-27 20:45:00,0.75,6.1,6.533333333333334,20
2023-03-28 01:45:00,2023-03-28 05:30:00,4.0,3.8,5.0125,1
2023-03-28 09:30:00,2023-03-28 10:15:00,1.0,6.2,6.675,9
2023-03-28 16:15:00,2023-03-28 18:15:00,2.25,5.7,6.188888888888889,16
2023-03-29 02:30:00,2023-03-29 04:15:00,2.0,5.0,5.8125,2
2023-03-29 08:30:00,2023-03-29 09:15:00,1.0,4.5,5.55,8
2023-03-29 13:00:00,2023-03-29 14:00:00,1.25,7.2,7.3,13
2023-03-30 04:15:00,2023-03-30 06:00:00,2.0,5.2,5.9125,4
2023-03-30 09:45:00,2023-03-30 12:00:00,2.5,4.6,5.569999999999999,9
2023-03-31 00:45:00,2023-03-31 01:00:00,0.5,7.0,7.1,0
2023-03-31 04:45:00,2023-03-31 07:00:00,2.5,5.0,5.99,4
2023-03-31 08:30:00,2023-03-31 09:15:00,1.0,4.2,4.3500000000000005,8
2023-03-31 13:00:00,2023-03-31 13:45:00,1.0,6.9,7.325,13
2023-03-31 18:15:00,2023-03-31 21:30:00,3.5,5.5,6.428571428571429,18
2023-04-01 00:30:00,2023-04-01 01:00:00,0.75,6.9,7.066666666666667,0
2023-04-01 06:00:00,2023-04-01 08:30:00,2.75,4.5,5.418181818181819,6
2023-04-01 19:00:00,2023-04-01 22:45:00,4.0,4.6,5.93125,19
2023-04-02 07:30:00,2023-04-02 10:15:00,3.0,4.5,5.45,7
2023-04-02 13:45:00,2023-04-02 14:45:00,1.25,5.9,7.08,13
2023-04-02 19:00:00,2023-04-02 21:45:00,3.0,4.8,6.041666666666667,19
2023-04-03 07:15:00,2023-04-03 08:30:00,1.5,5.5,6.133333333333333,7
2023-04-03 12:45:00,2023-04-03 14:30:00,2.0,5.0,5.487500000000001,12
2023-04-03 19:45:00,2023-04-03 21:45:00,2.25,4.8,5.7333333333333325,19
2023-04-04 08:00:00,2023-04-04 09:00:00,1.25,5.5,5.9799999999999995,8
2023-04-04 20:15:00,2023-04-04 22:30:00,2.5,4.2,5.39,20
2023-04-05 09:00:00,2023-04-05 09:45:00,1.0,5.8,6.075,9
2023-04-05 21:00:00,2023-04-05 23:15:00,2.5,4.0,5.2299999999999995,21
2023-04-06 15:15:00,2023-04-06 17:00:00,2.0,5.9,6.3,15
2023-04-06 21:30:00,2023-04-07 00:15:00,3.0,3.8,5.141666666666667,21
2023-04-07 15:00:00,2023-04-07 16:00:00,1.25,6.2,7.2,15
2023-04-07 22:00:00,2023-04-08 00:30:00,2.75,4.3,5.427272727272728,22
2023-04-08 11:00:00,2023-04-08 12:00:00,1.25,5.8,6.08,11
2023-04-09 01:30:00,2023-04-09 02:15:00,1.0,5.1,5.324999999999999,1
2023-04-09 04:15:00,2023-04-09 05:30:00,1.5,4.8,5.016666666666667,4
2023-04-09 17:15:00,2023-04-09 17:45:00,0.75,6.7,7.166666666666667,17
2023-04-10 01:45:00,2023-04-10 03:15:00,1.75,5.7,6.1571428571428575,1
2023-04-10 16:00:00,2023-04-10 18:15:00,2.5,7.2,7.909999999999999,16
2023-04-11 02:00:00,2023-04-11 03:00:00,1.25,5.9,6.239999999999999,2
2023-04-11 19:00:00,2023-04-11 19:30:00,0.75,7.2,7.433333333333334,19
2023-04-12 01:30:00,2023-04-12 04:30:00,3.25,5.2,6.1000000000000005,1
2023-04-12 08:15:00,2023-04-12 09:00:00,1.0,4.8,5.15,8
2023-04-12 18:45:00,2023-04-12 19:45:00,1.25,7.2,7.340000000000001,18
2023-04-13 02:30:00,2023-04-13 05:00:00,2.75,5.1,6.072727272727272,2
2023-04-13 15:15:00,2023-04-13 16:45:00,1.75,6.2,6.642857142857143,15
2023-04-13 22:00:00,2023-04-13 23:15:00,1.5,6.6,6.8,22
2023-04-14 03:45:00,2023-04-14 06:30:00,3.0,4.6,5.683333333333334,3
2023-04-14 17:00:00,2023-04-14 19:00:00,2.25,5.8,6.422222222222222,17
2023-04-15 05:00:00,2023-04-15 07:45:00,3.0,4.1,5.283333333333333,5
2023-04-15 17:30:00,2023-04-15 19:45:00,2.5,5.1,6.08,17
2023-04-16 06:00:00,2023-04-16 08:30:00,2.75,4.2,5.281818181818182,6
2023-04-16 18:30:00,2023-04-16 20:45:00,2.5,4.4,5.4,18
2023-04-17 06:45:00,2023-04-17 08:15:00,1.75,4.9,5.428571428571428,6
2023-04-17 19:15:00,2023-04-17 21:15:00,2.25,4.9,5.822222222222222,19
2023-04-17 23:15:00,2023-04-18 00:15:00,1.25,4.0,4.2,23
2023-04-18 07:45:00,2023-04-18 08:30:00,1.0,6.1,6.35,7
2023-04-18 20:00:00,2023-04-18 22:45:00,3.0,4.8,5.891666666666667,20
2023-04-19 14:30:00,2023-04-19 14:45:00,0.5,6.0,6.15,14
2023-04-19 20:45:00,2023-04-19 23:30:00,3.0,4.4,5.550000000000001,20
2023-04-20 14:15:00,2023-04-20 15:30:00,1.5,5.9,6.466666666666666,14
2023-04-20 21:30:00,2023-04-21 00:15:00,3.0,4.2,5.375,21
2023-04-21 14:45:00,2023-04-21 16:15:00,1.75,5.9,6.428571428571429,14
2023-04-21 21:45:00,2023-04-22 00:45:00,3.25,4.3,5.684615384615384,21
2023-04-22 14:15:00,2023-04-22 17:00:00,3.0,5.8,6.675,14
2023-04-22 22:45:00,2023-04-23 01:30:00,3.0,3.9,5.033333333333333,22
2023-04-23 04:00:00,2023-04-23 05:00:00,1.25,3.4,3.4799999999999995,4
2023-04-23 16:00:00,2023-04-23 17:30:00,1.75,6.1,6.885714285714286,16
2023-04-23 23:45:00,2023-04-24 02:15:00,2.75,4.1,5.2272727272727275,23
2023-04-24 17:45:00,2023-04-24 19:00:00,1.5,5.9,6.1499999999999995,17
2023-04-25 00:30:00,2023-04-25 03:00:00,2.75,4.0,5.127272727272726,0
2023-04-25 06:15:00,2023-04-25 06:45:00,0.75,3.5,3.6333333333333333,6
2023-04-26 00:45:00,2023-04-26 03:30:00,3.0,4.5,5.766666666666667,0
2023-04-26 21:45:00,2023-04-26 22:15:00,0.75,6.3,6.433333333333333,21
2023-04-27 02:00:00,2023-04-27 04:30:00,2.75,4.1,5.363636363636363,2
2023-04-27 10:15:00,2023-04-27 11:00:00,1.0,5.9,6.2,10
2023-04-27 17:30:00,2023-04-27 20:30:00,3.25,6.1,6.392307692307692,17
2023-04-28 02:30:00,2023-04-28 05:45:00,3.5,4.1,5.621428571428571,2
2023-04-28 17:30:00,2023-04-28 18:30:00,1.25,5.7,6.04,17
2023-04-29 04:00:00,2023-04-29 07:15:00,3.5,3.1,4.442857142857142,4
2023-04-29 10:00:00,2023-04-29 12:45:00,3.0,2.8,5.283333333333333,10
2023-04-29 15:45:00,2023-04-29 21:45:00,6.25,3.9,5.484,15
2023-04-30 04:45:00,2023-04-30 07:15:00,2.75,3.7,4.881818181818182,4
2023-04-30 16:45:00,2023-04-30 17:45:00,1.25,6.3,6.56,16
2023-04-30 19:15:00,2023-04-30 22:30:00,3.5,4.5,5.500000000000001,19
2023-05-01 06:30:00,2023-05-01 08:45:00,2.5,4.4,5.279999999999999,6
2023-05-01 17:30:00,2023-05-01 20:45:00,3.5,4.5,5.764285714285714,17
2023-05-01 23:45:00,2023-05-02 00:45:00,1.25,3.7,4.000000000000001,23
2023-05-02 07:00:00,2023-05-02 08:30:00,1.75,4.7,5.3571428571428585,7
2023-05-02 19:15:00,2023-05-02 21:00:00,2.0,4.8,5.612500000000001,19
2023-05-03 01:30:00,2023-05-03 02:15:00,1.0,3.9,4.85,1
2023-05-03 07:30:00,2023-05-03 09:15:00,2.0,5.1,5.675,7
2023-05-03 19:45:00,2023-05-03 22:00:00,2.5,4.7,5.82,19
2023-05-04 08:00:00,2023-05-04 08:15:00,0.5,6.4,6.5,8
2023-05-04 20:15:00,2023-05-04 22:45:00,2.75,4.8,5.845454545454545,20
2023-05-05 09:00:00,2023-05-05 09:30:00,0.75,6.0,6.166666666666667,9
2023-05-05 21:00:00,2023-05-06 00:15:00,3.5,4.2,5.392857142857144,21
2023-05-06 09:45:00,2023-05-06 10:15:00,0.75,5.7,5.966666666666666,9
2023-05-06 14:00:00,2023-05-06 15:00:00,1.25,5.3,5.6,14
2023-05-06 21:15:00,2023-05-07 00:30:00,3.5,4.3,5.6499999999999995,21
2023-05-07 16:15:00,2023-05-07 16:30:00,0.5,5.2,5.6,16
2023-05-07 22:45:00,2023-05-08 00:45:00,2.25,4.5,5.533333333333333,22
2023-05-08 12:45:00,2023-05-08 16:15:00,3.75,5.4,5.913333333333332,12
2023-05-08 23:00:00,2023-05-09 02:00:00,3.25,3.8,5.346153846153846,23
2023-05-09 03:45:00,2023-05-09 04:30:00,1.0,3.0,3.125,3
2023-05-09 16:15:00,2023-05-09 16:30:00,0.5,5.4,5.65,16
2023-05-10 00:15:00,2023-05-10 05:00:00,5.0,2.8,4.115,0
2023-05-11 01:15:00,2023-05-11 04:15:00,3.25,3.8,5.023076923076923,1
2023-05-11 08:15:00,2023-05-11 08:45:00,0.75,3.2,4.366666666666667,8
2023-05-11 17:45:00,2023-05-11 18:30:00,1.0,5.8,6.075,17
2023-05-12 02:30:00,2023-05-12 05:00:00,2.75,3.5,4.672727272727273,2
2023-05-12 16:45:00,2023-05-12 19:45:00,3.25,5.1,5.892307692307692,16
2023-05-13 03:45:00,2023-05-13 06:15:00,2.75,3.3,4.427272727272728,3
2023-05-13 09:15:00,2023-05-13 11:45:00,2.75,3.0,4.427272727272728,9
2023-05-13 16:15:00,2023-05-13 22:30:00,6.5,4.1,5.161538461538462,16
2023-05-14 03:45:00,2023-05-14 06:45:00,3.25,3.3,4.9923076923076914,3
2023-05-14 09:15:00,2023-05-14 10:15:00,1.25,2.6,2.7400000000000007,9
2023-05-14 17:00:00,2023-05-14 19:30:00,2.75,4.0,5.190909090909091,17
2023-05-15 05:15:00,2023-05-15 08:00:00,3.0,3.3,4.641666666666667,5
2023-05-15 18:00:00,2023-05-15 21:00:00,3.25,4.2,5.323076923076924,18
2023-05-15 23:30:00,2023-05-16 00:30:00,1.25,3.3,3.4199999999999995,23
2023-05-16 06:00:00,2023-05-16 08:30:00,2.75,4.0,4.945454545454546,6
2023-05-16 11:15:00,2023-05-16 11:45:00,0.75,4.0,4.066666666666666,11
2023-05-16 18:45:00,2023-05-16 21:15:00,2.75,3.8,5.0636363636363635,18
2023-05-17 07:15:00,2023-05-17 08:30:00,1.5,4.1,4.8500000000000005,7
2023-05-17 13:45:00,2023-05-17 14:45:00,1.25,4.9,5.32,13
2023-05-17 19:45:00,2023-05-17 22:30:00,3.0,3.2,4.475,19
2023-05-18 00:45:00,2023-05-18 02:30:00,2.0,2.4,2.6624999999999996,0
2023-05-18 07:45:00,2023-05-18 09:45:00,2.25,4.0,4.800000000000001,7
2023-05-18 20:00:00,2023-05-18 23:45:00,4.0,3.7,5.1625,20
2023-05-19 09:00:00,2023-05-19 09:30:00,0.75,5.3,5.466666666666666,9
2023-05-19 14:30:00,2023-05-19 15:15:00,1.0,4.7,5.075,14
2023-05-19 21:00:00,2023-05-20 00:00:00,3.25,3.2,4.446153846153846,21
2023-05-20 02:30:00,2023-05-20 03:15:00,1.0,2.4,2.65,2
2023-05-20 14:30:00,2023-05-20 17:00:00,2.75,4.7,5.281818181818182,14
2023-05-20 21:15:00,2023-05-21 00:30:00,3.5,2.9,4.635714285714286,21
2023-05-21 03:15:00,2023-05-21 04:30:00,1.5,2.2,2.3333333333333335,3
2023-05-21 10:15:00,2023-05-21 11:30:00,1.5,4.2,4.65,10
2023-05-21 22:00:00,2023-05-22 01:15:00,3.5,2.9,4.521428571428571,22
2023-05-22 03:30:00,2023-05-22 05:45:00,2.5,2.4,2.8600000000000003,3
2023-05-22 16:45:00,2023-05-22 17:30:00,1.0,5.5,6.1,16
2023-05-22 23:15:00,2023-05-23 02:45:00,3.75,3.1,4.6,23
2023-05-23 16:15:00,2023-05-23 18:15:00,2.25,5.9,6.455555555555556,16
2023-05-24 00:15:00,2023-05-24 03:15:00,3.25,3.2,4.507692307692308,0
2023-05-24 15:45:00,2023-05-24 16:45:00,1.25,6.7,7.0600000000000005,15
2023-05-24 18:30:00,2023-05-24 18:45:00,0.5,6.3,6.4,18
2023-05-25 00:45:00,2023-05-25 03:45:00,3.25,3.3,4.669230769230769,0
2023-05-25 07:15:00,2023-05-25 08:00:00,1.0,2.6,2.8499999999999996,7
2023-05-25 16:00:00,2023-05-25 18:00:00,2.25,5.4,5.822222222222222,16
2023-05-26 01:15:00,2023-05-26 04:45:00,3.75,3.9,5.346666666666667,1
2023-05-26 15:00:00,2023-05-26 16:45:00,2.0,5.2,5.65,15
2023-05-27 03:15:00,2023-05-27 05:15:00,2.25,5.2,5.833333333333333,3
2023-05-27 15:15:00,2023-05-27 17:30:00,2.5,5.8,6.42,15
2023-05-28 03:30:00,2023-05-28 05:45:00,2.5,4.4,5.39,3
2023-05-28 19:45:00,2023-05-28 20:30:00,1.0,4.9,5.275,19
2023-05-29 03:45:00,2023-05-29 05:45:00,2.25,4.4,5.5777777777777775,3
2023-05-29 10:45:00,2023-05-29 11:15:00,0.75,4.0,4.3,10
2023-05-29 17:15:00,2023-05-29 21:15:00,4.25,4.0,5.370588235294118,17
2023-05-30 05:00:00,2023-05-30 09:15:00,4.5,2.7,4.25,5
2023-05-30 18:00:00,2023-05-30 22:45:00,5.0,3.3,5.069999999999999,18
2023-05-31 06:00:00,2023-05-31 08:30:00,2.75,3.5,4.718181818181818,6
2023-05-31 10:00:00,2023-05-31 11:30:00,1.75,3.1,3.3857142857142852,10
2023-05-31 18:45:00,2023-06-01 00:15:00,5.75,3.3,4.895652173913043,18
2023-06-01 06:30:00,2023-06-01 08:15:00,2.0,4.8,5.6125,6
2023-06-01 11:15:00,2023-06-01 12:30:00,1.5,4.2,4.45,11
2023-06-01 18:45:00,2023-06-02 01:30:00,7.0,3.1,4.771428571428571,18
2023-06-02 07:30:00,2023-06-02 09:00:00,1.75,4.9,5.385714285714285,7
2023-06-02 20:15:00,2023-06-02 23:45:00,3.75,3.6,5.04,20
2023-06-03 08:15:00,2023-06-03 10:00:00,2.0,5.1,5.5249999999999995,8
2023-06-03 13:15:00,2023-06-03 14:15:00,1.25,4.9,5.140000000000001,13
2023-06-03 20:30:00,2023-06-04 00:30:00,4.25,3.5,5.070588235294117,20
2023-06-04 09:00:00,2023-06-04 10:45:00,2.0,4.9,5.375,9
2023-06-04 22:15:00,2023-06-05 01:30:00,3.5,3.9,5.021428571428571,22
2023-06-05 22:00:00,2023-06-06 02:00:00,4.25,3.6,5.164705882352941,22
2023-06-06 16:45:00,2023-06-06 17:30:00,1.0,5.2,5.6000000000000005,16
2023-06-06 22:30:00,2023-06-07 02:00:00,3.75,3.5,5.113333333333333,22
2023-06-07 16:45:00,2023-06-07 19:15:00,2.75,5.3,5.79090909090909,16
2023-06-08 00:15:00,2023-06-08 03:00:00,3.0,3.5,4.6416666666666675,0
2023-06-08 05:30:00,2023-06-08 06:45:00,1.5,2.8,3.766666666666667,5
2023-06-09 00:30:00,2023-06-09 04:15:00,4.0,3.1,4.737500000000001,0
2023-06-09 13:00:00,2023-06-09 15:00:00,2.25,5.0,5.666666666666667,13
2023-06-09 16:45:00,2023-06-09 19:30:00,3.0,4.0,4.333333333333334,16
2023-06-10 01:30:00,2023-06-10 05:00:00,3.75,3.0,4.613333333333332,1
2023-06-10 16:00:00,2023-06-10 19:30:00,3.75,4.4,5.186666666666666,16
2023-06-11 03:00:00,2023-06-11 05:45:00,3.0,2.7,4.133333333333334,3
2023-06-11 08:00:00,2023-06-11 09:00:00,1.25,2.2,2.3,8
2023-06-11 15:45:00,2023-06-11 18:30:00,3.0,4.2,5.125,15
2023-06-12 04:15:00,2023-06-12 06:30:00,2.5,2.9,4.08,4
2023-06-12 16:45:00,2023-06-12 19:30:00,3.0,3.7,4.708333333333333,16
2023-06-12 21:15:00,2023-06-12 22:30:00,1.5,2.7,3.0333333333333337,21
2023-06-13 05:00:00,2023-06-13 07:00:00,2.25,2.8,4.0777777777777775,5
2023-06-13 17:30:00,2023-06-13 20:15:00,3.0,3.4,4.75,17
2023-06-14 05:00:00,2023-06-14 07:45:00,3.0,3.0,4.516666666666667,5
2023-06-14 18:30:00,2023-06-14 21:00:00,2.75,3.7,4.718181818181818,18
2023-06-15 07:00:00,2023-06-15 08:30:00,1.75,3.5,4.514285714285714,7
2023-06-15 13:00:00,2023-06-15 13:30:00,0.75,4.6,4.8,13
2023-06-15 19:15:00,2023-06-15 22:00:00,3.0,3.4,4.566666666666666,19
2023-06-16 00:45:00,2023-06-16 02:00:00,1.5,2.9,3.1,0
2023-06-16 07:45:00,2023-06-16 09:15:00,1.75,3.8,4.514285714285714,7
2023-06-16 20:00:00,2023-06-16 23:15:00,3.5,2.9,4.578571428571429,20
2023-06-17 08:30:00,2023-06-17 10:00:00,1.75,4.0,4.742857142857143,8
2023-06-17 12:15:00,2023-06-17 14:45:00,2.75,3.6,4.2272727272727275,12
2023-06-17 20:15:00,2023-06-18 00:00:00,4.0,2.8,4.70625,20
2023-06-18 09:15:00,2023-06-18 10:15:00,1.25,4.8,5.300000000000001,9
2023-06-18 14:15:00,2023-06-18 15:15:00,1.25,4.8,5.14,14
2023-06-18 21:15:00,2023-06-19 00:30:00,3.5,2.8,4.521428571428571,21
2023-06-19 10:45:00,2023-06-19 12:30:00,2.0,3.9,4.6875,10
2023-06-19 14:45:00,2023-06-19 15:00:00,0.5,2.3,2.65,14
2023-06-19 22:00:00,2023-06-20 01:00:00,3.25,3.1,4.515384615384615,22
2023-06-20 11:30:00,2023-06-20 11:45:00,0.5,4.7,4.800000000000001,11
2023-06-20 15:00:00,2023-06-20 15:15:00,0.5,3.9,4.0,15
2023-06-20 22:15:00,2023-06-21 02:00:00,4.0,2.8,4.449999999999999,22
2023-06-21 15:00:00,2023-06-21 17:45:00,3.0,4.8,5.116666666666666,15
2023-06-21 22:30:00,2023-06-22 02:00:00,3.75,2.8,4.586666666666665,22
2023-06-22 13:00:00,2023-06-22 14:30:00,1.75,4.5,4.971428571428571,13
2023-06-22 16:15:00,2023-06-22 18:15:00,2.25,3.8,4.4111111111111105,16
2023-06-22 23:30:00,2023-06-23 03:00:00,3.75,3.5,4.906666666666667,23
2023-06-23 14:15:00,2023-06-23 14:45:00,0.75,5.7,5.866666666666667,14
2023-06-24 01:00:00,2023-06-24 03:45:00,3.0,2.4,3.9250000000000003,1
2023-06-24 15:30:00,2023-06-24 19:00:00,3.75,4.8,5.366666666666666,15
2023-06-25 01:00:00,2023-06-25 04:15:00,3.5,2.4,4.335714285714285,1
2023-06-25 15:30:00,2023-06-25 17:30:00,2.25,5.0,5.7555555555555555,15
2023-06-26 02:00:00,2023-06-26 05:30:00,3.75,2.1,3.8,2
2023-06-26 08:30:00,2023-06-26 09:30:00,1.25,1.6,1.7,8
2023-06-26 16:30:00,2023-06-26 20:30:00,4.25,3.8,4.905882352941177,16
2023-06-27 03:00:00,2023-06-27 06:00:00,3.25,2.4,3.8769230769230774,3
2023-06-27 08:30:00,2023-06-27 12:00:00,3.75,2.0,4.04,8
2023-06-27 16:15:00,2023-06-27 22:15:00,6.25,3.1,4.279999999999999,16
2023-06-28 04:00:00,2023-06-28 06:30:00,2.75,2.6,4.109090909090909,4
2023-06-28 10:45:00,2023-06-28 13:30:00,3.0,2.2,4.766666666666667,10
2023-06-28 17:00:00,2023-06-28 23:45:00,7.0,2.3,3.417857142857143,17
2023-06-29 05:00:00,2023-06-29 07:15:00,2.5,2.5,3.7900000000000005,5
2023-06-29 11:45:00,2023-06-29 12:45:00,1.25,2.4,3.4599999999999995,11
2023-06-29 17:15:00,2023-06-29 20:45:00,3.75,2.9,4.706666666666666,17
2023-06-29 22:15:00,2023-06-30 00:00:00,2.0,2.0,2.2125000000000004,22
2023-06-30 05:45:00,2023-06-30 08:00:00,2.5,2.4,3.6800000000000006,5
2023-06-30 11:30:00,2023-06-30 13:15:00,2.0,2.4,3.1375,11
2023-06-30 19:00:00,2023-07-01 01:15:00,6.5,2.0,3.253846153846154,19
2023-07-01 07:00:00,2023-07-01 08:30:00,1.75,2.7,3.6285714285714286,7
2023-07-01 12:45:00,2023-07-01 15:00:00,2.5,3.7,4.24,12
2023-07-01 19:30:00,2023-07-01 22:45:00,3.5,2.5,4.05,19
2023-07-02 02:00:00,2023-07-02 03:15:00,1.5,1.8,3.15,2
2023-07-02 07:30:00,2023-07-02 09:15:00,2.0,3.2,4.1625,7
2023-07-02 13:00:00,2023-07-02 14:45:00,2.0,3.8,4.362499999999999,13
2023-07-02 20:30:00,2023-07-02 23:30:00,3.25,2.6,4.076923076923077,20
2023-07-03 08:15:00,2023-07-03 10:30:00,2.5,3.4,4.359999999999999,8
2023-07-03 13:15:00,2023-07-03 16:30:00,3.5,3.5,4.3,13
2023-07-03 21:30:00,2023-07-04 00:45:00,3.5,2.3,3.764285714285714,21
2023-07-04 03:00:00,2023-07-04 03:45:00,1.0,1.8,1.9250000000000003,3
2023-07-04 10:00:00,2023-07-04 10:30:00,0.75,4.6,4.766666666666667,10
2023-07-04 15:00:00,2023-07-04 15:45:00,1.0,4.2,4.625,15
2023-07-04 21:45:00,2023-07-05 01:00:00,3.5,2.3,3.957142857142857,21
2023-07-05 15:30:00,2023-07-05 16:45:00,1.5,4.3,4.483333333333333,15
2023-07-05 22:45:00,2023-07-06 01:45:00,3.25,2.4,3.9615384615384617,22
2023-07-06 16:45:00,2023-07-06 17:30:00,1.0,3.8,4.0249999999999995,16
2023-07-07 00:00:00,2023-07-07 02:45:00,3.0,2.2,3.5583333333333336,0
2023-07-07 16:00:00,2023-07-07 17:15:00,1.5,4.0,4.466666666666667,16
2023-07-08 00:45:00,2023-07-08 03:30:00,3.0,2.1,3.516666666666666,0
2023-07-08 06:00:00,2023-07-08 07:00:00,1.25,1.5,1.6,6
2023-07-08 15:00:00,2023-07-08 19:15:00,4.5,3.0,3.9833333333333325,15
2023-07-09 01:45:00,2023-07-09 04:15:00,2.75,2.0,3.3454545454545457,1
2023-07-09 16:15:00,2023-07-09 20:45:00,4.75,3.3,4.110526315789474,16
2023-07-10 03:00:00,2023-07-10 05:00:00,2.25,2.1,3.4111111111111114,3
2023-07-10 15:45:00,2023-07-10 18:15:00,2.75,3.2,4.300000000000001,15
2023-07-10 20:30:00,2023-07-10 22:00:00,1.75,2.5,2.8000000000000003,20
2023-07-11 03:45:00,2023-07-11 06:00:00,2.5,2.1,3.4299999999999997,3
2023-07-11 11:00:00,2023-07-11 11:30:00,0.75,3.5,4.2,11
2023-07-11 16:30:00,2023-07-11 23:15:00,7.0,2.1,3.607142857142857,16
2023-07-12 04:30:00,2023-07-12 06:30:00,2.25,2.0,3.377777777777778,4
2023-07-12 09:15:00,2023-07-12 11:30:00,2.5,1.4,1.77,9
2023-07-12 17:15:00,2023-07-12 20:00:00,3.0,2.8,4.458333333333333,17
2023-07-13 05:30:00,2023-07-13 07:30:00,2.25,2.0,3.2999999999999994,5
2023-07-13 10:45:00,2023-07-13 13:45:00,3.25,1.7,3.123076923076923,10
2023-07-13 18:15:00,2023-07-13 20:45:00,2.75,2.5,4.081818181818182,18
2023-07-14 06:15:00,2023-07-14 10:15:00,4.25,1.8,2.729411764705882,6
2023-07-14 18:15:00,2023-07-14 21:45:00,3.75,2.2,4.34,18
2023-07-15 00:00:00,2023-07-15 01:45:00,2.0,1.5,1.7625000000000002,0
2023-07-15 06:30:00,2023-07-15 12:30:00,6.25,1.9,2.9520000000000004,6
2023-07-15 14:00:00,2023-07-15 15:00:00,1.25,2.7,4.24,14
2023-07-15 19:45:00,2023-07-15 22:30:00,3.0,2.3,3.841666666666667,19
2023-07-16 01:00:00,2023-07-16 03:00:00,2.25,1.4,1.6444444444444444,1
2023-07-16 08:00:00,2023-07-16 11:30:00,3.75,2.1,3.1933333333333334,8
2023-07-16 14:45:00,2023-07-16 16:00:00,1.5,4.8,5.566666666666666,14
2023-07-16 20:00:00,2023-07-16 23:00:00,3.25,2.0,3.8076923076923075,20
2023-07-17 03:00:00,2023-07-17 04:30:00,1.75,1.4,2.1142857142857143,3
2023-07-17 09:00:00,2023-07-17 14:45:00,6.0,2.1,3.016666666666667,9
2023-07-17 16:15:00,2023-07-17 16:30:00,0.5,5.2,5.45,16
2023-07-17 21:00:00,2023-07-17 23:45:00,3.0,1.8,3.3499999999999996,21
2023-07-18 09:30:00,2023-07-18 11:00:00,1.75,3.4,4.085714285714286,9
2023-07-18 12:30:00,2023-07-18 17:30:00,5.25,2.6,3.9380952380952388,12
2023-07-18 21:45:00,2023-07-19 00:00:00,2.5,2.0,3.5799999999999996,21
2023-07-19 09:15:00,2023-07-19 18:15:00,9.25,2.7,3.9891891891891897,9
2023-07-19 22:15:00,2023-07-20 00:30:00,2.5,2.0,3.5,22
2023-07-20 02:45:00,2023-07-20 03:15:00,0.75,1.2,1.3333333333333333,2
2023-07-20 10:15:00,2023-07-20 16:00:00,6.0,3.1,4.304166666666667,10
2023-07-20 18:00:00,2023-07-20 19:00:00,1.25,5.1,5.5,18
2023-07-20 23:00:00,2023-07-21 01:15:00,2.5,2.0,3.35,23
2023-07-21 04:15:00,2023-07-21 05:45:00,1.75,1.3,1.4142857142857144,4
2023-07-21 12:15:00,2023-07-21 16:00:00,4.0,3.6,4.26875,12
2023-07-21 19:15:00,2023-07-21 19:30:00,0.5,5.2,5.35,19
2023-07-21 23:45:00,2023-07-22 02:00:00,2.5,2.0,3.29,23
2023-07-22 14:15:00,2023-07-22 16:15:00,2.25,4.0,4.677777777777777,14
2023-07-22 17:45:00,2023-07-22 19:00:00,1.5,4.3,4.916666666666667,17
2023-07-22 20:30:00,2023-07-22 20:45:00,0.5,5.1,5.25,20
2023-07-23 00:15:00,2023-07-23 02:30:00,2.5,2.1,3.56,0
2023-07-23 06:30:00,2023-07-23 07:15:00,1.0,1.4,1.9,6
2023-07-23 15:00:00,2023-07-23 19:00:00,4.25,3.5,4.517647058823529,15
2023-07-24 00:45:00,2023-07-24 03:00:00,2.5,2.2,3.4800000000000004,0
2023-07-24 05:00:00,2023-07-24 09:00:00,4.25,1.5,2.2411764705882353,5
2023-07-24 14:15:00,2023-07-24 18:00:00,4.0,3.4,4.51875,14
2023-07-25 01:30:00,2023-07-25 03:45:00,2.5,2.1,3.4200000000000004,1
2023-07-25 06:00:00,2023-07-25 06:15:00,0.5,1.1,1.2000000000000002,6
2023-07-25 15:30:00,2023-07-25 20:00:00,4.75,3.2,4.205263157894737,15
2023-07-26 01:45:00,2023-07-26 08:00:00,6.5,1.1,2.596153846153846,1
2023-07-26 10:45:00,2023-07-26 11:15:00,0.75,5.0,5.233333333333333,10
2023-07-26 15:30:00,2023-07-26 18:00:00,2.75,3.8,4.945454545454544,15
2023-07-26 19:45:00,2023-07-26 20:30:00,1.0,2.6,2.9,19
2023-07-27 03:15:00,2023-07-27 10:45:00,7.75,1.2,2.267741935483871,3
2023-07-27 16:30:00,2023-07-27 20:45:00,4.5,2.4,3.738888888888889,16
2023-07-27 22:30:00,2023-07-27 23:15:00,1.0,2.4,3.275,22
2023-07-28 04:45:00,2023-07-28 08:15:00,3.75,1.5,2.726666666666667,4
2023-07-28 11:45:00,2023-07-28 13:00:00,1.5,1.6,4.133333333333334,11
2023-07-28 17:30:00,2023-07-28 20:15:00,3.0,2.5,3.85,17
2023-07-28 22:15:00,2023-07-29 00:00:00,2.0,2.0,2.0999999999999996,22
2023-07-29 05:15:00,2023-07-29 08:00:00,3.0,2.0,3.25,5
2023-07-29 10:15:00,2023-07-29 13:30:00,3.5,1.8,3.335714285714286,10
2023-07-29 18:00:00,2023-07-29 20:45:00,3.0,2.1,3.733333333333334,18
2023-07-29 23:30:00,2023-07-30 01:15:00,2.0,1.5,2.0625,23
2023-07-30 05:30:00,2023-07-30 08:45:00,3.5,2.4,3.8214285714285716,5
2023-07-30 19:15:00,2023-07-30 22:00:00,3.0,2.6,3.9583333333333335,19
2023-07-31 06:45:00,2023-07-31 08:45:00,2.25,2.6,3.688888888888889,6
2023-07-31 13:45:00,2023-07-31 14:45:00,1.25,4.3,4.7,13
2023-07-31 20:15:00,2023-07-31 23:45:00,3.75,3.1,4.0600000000000005,20
2023-08-01 01:15:00,2023-08-01 01:45:00,0.75,2.9,3.033333333333333,1
2023-08-01 08:15:00,2023-08-01 09:30:00,1.5,3.1,3.983333333333333,8
2023-08-01 13:15:00,2023-08-01 16:15:00,3.25,3.1,4.4,13
2023-08-01 21:00:00,2023-08-02 00:15:00,3.5,2.3,3.814285714285714,21
2023-08-02 10:15:00,2023-08-02 11:15:00,1.25,3.9,4.26,10
2023-08-02 17:00:00,2023-08-02 17:15:00,0.5,4.4,4.5,17
2023-08-02 22:00:00,2023-08-03 01:15:00,3.5,2.6,4.05,22
2023-08-03 22:45:00,2023-08-04 01:30:00,3.0,2.6,3.883333333333333,22
2023-08-04 10:30:00,2023-08-04 11:15:00,1.0,4.7,4.8500000000000005,10
2023-08-04 12:45:00,2023-08-04 13:45:00,1.25,3.4,3.72,12
2023-08-04 16:30:00,2023-08-04 17:15:00,1.0,2.6,2.775,16
2023-08-04 23:00:00,2023-08-05 02:00:00,3.25,2.3,3.8692307692307684,23
2023-08-05 15:15:00,2023-08-05 17:15:00,2.25,3.6,4.211111111111111,15
2023-08-06 00:15:00,2023-08-06 02:45:00,2.75,2.0,3.5000000000000004,0
2023-08-06 05:30:00,2023-08-06 06:45:00,1.5,1.3,1.5166666666666666,5
2023-08-06 15:15:00,2023-08-06 18:15:00,3.25,3.9,4.584615384615384,15
2023-08-07 01:15:00,2023-08-07 04:30:00,3.5,1.6,2.978571428571428,1
2023-08-07 15:45:00,2023-08-07 19:15:00,3.75,3.3,4.486666666666666,15
2023-08-08 02:45:00,2023-08-08 04:45:00,2.25,1.7,2.8666666666666667,2
2023-08-08 15:00:00,2023-08-08 18:30:00,3.75,3.2,4.513333333333334,15
2023-08-08 20:15:00,2023-08-08 22:15:00,2.25,2.6,3.9444444444444438,20
2023-08-09 03:15:00,2023-08-09 05:45:00,2.75,2.0,3.090909090909091,3
2023-08-09 09:00:00,2023-08-09 11:15:00,2.5,1.9,3.7700000000000005,9
2023-08-09 15:00:00,2023-08-09 19:15:00,4.5,2.9,4.605555555555556,15
2023-08-09 20:45:00,2023-08-09 23:15:00,2.75,2.0,2.8999999999999995,20
2023-08-10 04:15:00,2023-08-10 07:00:00,3.0,1.9,3.3249999999999997,4
2023-08-10 12:30:00,2023-08-10 12:45:00,0.5,5.3,5.4,12
2023-08-10 17:00:00,2023-08-10 19:30:00,2.75,2.8,4.290909090909091,17
2023-08-10 21:00:00,2023-08-10 22:45:00,2.0,1.9,2.0375,21
2023-08-11 04:00:00,2023-08-11 08:45:00,5.0,1.8,3.7049999999999996,4
2023-08-11 10:45:00,2023-08-11 12:15:00,1.75,1.8,3.6142857142857143,10
2023-08-11 17:45:00,2023-08-11 20:15:00,2.75,2.3,3.8,17
2023-08-12 05:30:00,2023-08-12 08:45:00,3.5,2.2,3.842857142857143,5
2023-08-12 10:30:00,2023-08-12 11:15:00,1.0,1.8,2.0500000000000003,10
2023-08-12 13:00:00,2023-08-12 15:30:00,2.75,3.7,5.827272727272727,13
2023-08-12 17:45:00,2023-08-12 21:15:00,3.75,2.0,4.166666666666667,17
2023-08-13 05:45:00,2023-08-13 09:45:00,4.25,1.9,3.705882352941176,5
2023-08-13 12:15:00,2023-08-13 15:00:00,3.0,2.2,4.091666666666667,12
2023-08-13 19:15:00,2023-08-13 22:00:00,3.0,1.9,3.5833333333333335,19
2023-08-14 07:45:00,2023-08-14 10:15:00,2.75,2.3,3.4818181818181815,7
2023-08-14 12:45:00,2023-08-14 15:30:00,3.0,2.7,4.6499999999999995,12
2023-08-14 20:00:00,2023-08-14 22:15:00,2.5,2.2,3.6400000000000006,20
2023-08-15 08:30:00,2023-08-15 13:30:00,5.25,2.2,3.1714285714285717,8
2023-08-15 15:15:00,2023-08-15 16:30:00,1.5,4.7,5.383333333333333,15
2023-08-15 20:15:00,2023-08-15 23:00:00,3.0,2.2,3.5000000000000004,20
2023-08-16 00:30:00,2023-08-16 01:45:00,1.5,1.5,1.6833333333333333,0
2023-08-16 08:15:00,2023-08-16 11:30:00,3.5,3.1,4.228571428571429,8
2023-08-16 14:15:00,2023-08-16 17:15:00,3.25,3.1,4.892307692307693,14
2023-08-16 21:15:00,2023-08-17 00:15:00,3.25,2.8,4.184615384615385,21
2023-08-17 09:15:00,2023-08-17 17:30:00,8.5,3.1,4.4676470588235295,9
2023-08-17 21:45:00,2023-08-18 00:15:00,2.75,2.2,3.600000000000001,21
2023-08-18 03:00:00,2023-08-18 04:15:00,1.5,1.5,1.6666666666666667,3
2023-08-18 11:15:00,2023-08-18 12:00:00,1.0,4.6,4.875,11
2023-08-18 13:30:00,2023-08-18 15:00:00,1.75,4.0,4.271428571428571,13
2023-08-18 16:45:00,2023-08-18 18:45:00,2.25,5.4,5.888888888888888,16
2023-08-18 22:15:00,2023-08-19 00:30:00,2.5,2.1,3.7600000000000002,22
2023-08-19 12:00:00,2023-08-19 13:00:00,1.25,4.9,5.239999999999999,12
2023-08-19 14:30:00,2023-08-19 15:30:00,1.25,4.1,4.340000000000001,14
2023-08-19 18:30:00,2023-08-19 18:45:00,0.5,5.5,5.7,18
2023-08-19 22:45:00,2023-08-20 01:00:00,2.5,2.1,3.7,22
2023-08-20 05:15:00,2023-08-20 06:00:00,1.0,1.2,1.6,5
2023-08-20 15:45:00,2023-08-20 17:15:00,1.75,4.3,4.514285714285714,15
2023-08-20 19:00:00,2023-08-20 19:30:00,0.75,5.6,5.866666666666667,19
2023-08-20 23:00:00,2023-08-21 02:00:00,3.25,1.9,3.6230769230769235,23
2023-08-21 03:45:00,2023-08-21 06:30:00,3.0,1.0,1.1916666666666667,3
2023-08-21 13:45:00,2023-08-21 14:00:00,0.5,5.3,5.4,13
2023-08-21 16:30:00,2023-08-21 18:15:00,2.0,4.4,4.6,16
2023-08-21 23:30:00,2023-08-22 03:15:00,4.0,1.8,3.5812500000000003,23
2023-08-22 06:30:00,2023-08-22 07:30:00,1.25,1.1,1.52,6
2023-08-22 14:00:00,2023-08-22 18:45:00,5.0,3.8,4.8149999999999995,14
2023-08-23 00:30:00,2023-08-23 03:30:00,3.25,2.0,3.761538461538462,0
2023-08-23 05:30:00,2023-08-23 06:45:00,1.5,1.2,1.45,5
2023-08-23 15:45:00,2023-08-23 17:00:00,1.5,4.5,4.85,15
2023-08-24 02:15:00,2023-08-24 04:30:00,2.5,2.1,3.44,2
2023-08-24 07:45:00,2023-08-24 08:00:00,0.5,1.2,1.2999999999999998,7
2023-08-24 10:00:00,2023-08-24 10:45:00,1.0,5.2,5.3999999999999995,10
2023-08-24 16:00:00,2023-08-24 20:00:00,4.25,2.8,4.2705882352941185,16
2023-08-25 02:45:00,2023-08-25 06:00:00,3.5,1.7,3.0357142857142856,2
2023-08-25 07:45:00,2023-08-25 11:30:00,4.0,1.1,2.50625,7
2023-08-25 16:15:00,2023-08-25 18:45:00,2.75,3.1,4.336363636363636,16
2023-08-25 20:15:00,2023-08-25 22:00:00,2.0,2.2,2.3625,20
2023-08-26 03:45:00,2023-08-26 11:00:00,7.5,1.1,2.19,3
2023-08-26 17:00:00,2023-08-26 19:45:00,3.0,2.6,4.133333333333334,17
2023-08-26 21:30:00,2023-08-26 23:45:00,2.5,1.7,1.9599999999999997,21
2023-08-27 05:00:00,2023-08-27 07:00:00,2.25,2.0,3.2333333333333334,5
2023-08-27 09:00:00,2023-08-27 13:00:00,4.25,1.1,2.5470588235294116,9
2023-08-27 18:00:00,2023-08-27 20:30:00,2.75,2.5,4.045454545454546,18
2023-08-27 23:00:00,2023-08-28 00:30:00,1.75,1.3,1.5857142857142856,23
2023-08-28 05:30:00,2023-08-28 08:15:00,3.0,2.0,3.5416666666666665,5
2023-08-28 10:00:00,2023-08-28 11:30:00,1.75,1.7,1.9285714285714286,10
2023-08-28 18:15:00,2023-08-28 22:00:00,4.0,2.3,4.2562500000000005,18
2023-08-28 23:45:00,2023-08-29 01:15:00,1.75,1.4,1.6428571428571426,23
2023-08-29 07:15:00,2023-08-29 09:30:00,2.5,2.1,3.2399999999999998,7
2023-08-29 11:45:00,2023-08-29 14:15:00,2.75,1.7,2.4909090909090903,11
2023-08-29 19:30:00,2023-08-29 22:15:00,3.0,2.7,4.166666666666667,19
2023-08-30 07:45:00,2023-08-30 09:45:00,2.25,3.3,4.088888888888889,7
2023-08-30 21:00:00,2023-08-30 23:15:00,2.5,3.7,4.4,21
2023-08-31 09:30:00,2023-08-31 10:15:00,1.0,4.3,4.55,9
2023-08-31 13:30:00,2023-08-31 13:45:00,0.5,3.7,3.8,13
2023-08-31 21:30:00,2023-09-01 00:45:00,3.5,2.3,3.75,21
2023-09-01 14:30:00,2023-09-01 15:15:00,1.0,4.1,4.4,14
2023-09-01 22:15:00,2023-09-02 01:45:00,3.75,2.5,4.1066666666666665,22
2023-09-02 03:45:00,2023-09-02 04:30:00,1.0,1.5,1.65,3
2023-09-02 14:45:00,2023-09-02 18:45:00,4.25,3.9,4.611764705882353,14
2023-09-02 23:15:00,2023-09-03 02:15:00,3.25,2.2,3.7,23
2023-09-03 04:00:00,2023-09-03 05:15:00,1.5,1.5,1.6833333333333333,4
2023-09-03 15:30:00,2023-09-03 17:00:00,1.75,3.8,4.771428571428571,15
2023-09-04 00:00:00,2023-09-04 02:30:00,2.75,2.3,3.645454545454545,0
2023-09-04 04:00:00,2023-09-04 05:30:00,1.75,1.5,1.6999999999999997,4
2023-09-04 16:00:00,2023-09-04 17:45:00,2.0,3.7,4.8,16
2023-09-05 00:15:00,2023-09-05 03:00:00,3.0,2.2,3.850000000000001,0
2023-09-05 06:15:00,2023-09-05 08:15:00,2.25,1.2,1.5555555555555556,6
2023-09-05 15:30:00,2023-09-05 21:00:00,5.75,3.4,4.430434782608696,15
2023-09-06 01:00:00,2023-09-06 04:00:00,3.25,2.1,3.646153846153846,1
2023-09-06 06:15:00,2023-09-06 09:45:00,3.75,1.2,1.7733333333333337,6
2023-09-06 15:30:00,2023-09-06 20:30:00,5.25,2.7,4.247619047619047,15
2023-09-06 22:15:00,2023-09-06 23:15:00,1.25,4.4,4.5600000000000005,22
2023-09-07 01:45:00,2023-09-07 04:15:00,2.75,2.4,4.118181818181818,1
2023-09-07 06:30:00,2023-09-07 07:15:00,1.0,1.2,1.425,6
2023-09-07 09:15:00,2023-09-07 10:30:00,1.5,1.0,2.9333333333333336,9
2023-09-07 16:15:00,2023-09-07 18:15:00,2.25,3.3,4.311111111111111,16
2023-09-07 19:45:00,2023-09-07 21:15:00,1.75,2.0,2.2285714285714286,19
2023-09-07 22:45:00,2023-09-07 23:45:00,1.25,3.8,4.08,22
2023-09-08 01:45:00,2023-09-08 11:15:00,9.75,1.2,2.907692307692307,1
2023-09-08 16:15:00,2023-09-08 19:15:00,3.25,2.7,4.153846153846153,16
2023-09-08 23:00:00,2023-09-09 00:45:00,2.0,3.3,3.7375,23
2023-09-09 05:00:00,2023-09-09 09:00:00,4.25,1.2,2.364705882352941,5
2023-09-09 10:30:00,2023-09-09 12:15:00,2.0,1.3,2.6625,10
2023-09-09 16:30:00,2023-09-09 19:45:00,3.5,2.5,4.478571428571429,16
2023-09-10 01:30:00,2023-09-10 02:00:00,0.75,3.9,4.166666666666667,1
2023-09-10 05:30:00,2023-09-10 07:45:00,2.5,2.0,3.22,5
2023-09-10 12:15:00,2023-09-10 13:15:00,1.25,1.4,2.88,12
2023-09-10 17:30:00,2023-09-10 20:45:00,3.5,2.0,4.135714285714285,17
2023-09-11 00:00:00,2023-09-11 00:45:00,1.0,1.5,1.575,0
2023-09-11 05:45:00,2023-09-11 08:30:00,3.0,2.0,3.641666666666667,5
2023-09-11 10:30:00,2023-09-11 13:45:00,3.5,1.1,2.257142857142857,10
2023-09-11 19:00:00,2023-09-11 21:30:00,2.75,2.1,3.690909090909091,19
2023-09-12 00:00:00,2023-09-12 01:15:00,1.5,1.1,1.4666666666666668,0
2023-09-12 06:30:00,2023-09-12 09:00:00,2.75,2.3,3.790909090909091,6
2023-09-12 11:45:00,2023-09-12 13:45:00,2.25,1.8,2.3888888888888893,11
2023-09-12 19:45:00,2023-09-12 22:15:00,2.75,2.0,3.7090909090909094,19
2023-09-13 02:45:00,2023-09-13 03:00:00,0.5,4.1,4.5,2
2023-09-13 07:30:00,2023-09-13 09:30:00,2.25,3.2,4.311111111111112,7
2023-09-13 11:45:00,2023-09-13 12:15:00,0.75,2.6,2.8666666666666667,11
2023-09-13 14:00:00,2023-09-13 16:15:00,2.5,3.2,4.1,14
2023-09-13 20:15:00,2023-09-13 23:00:00,3.0,2.3,3.983333333333333,20
2023-09-14 01:15:00,2023-09-14 02:45:00,1.75,1.6,2.1285714285714286,1
2023-09-14 08:45:00,2023-09-14 10:45:00,2.25,3.3,4.344444444444444,8
2023-09-14 13:30:00,2023-09-14 17:00:00,3.75,2.8,4.006666666666667,13
2023-09-14 20:30:00,2023-09-15 00:00:00,3.75,2.2,3.926666666666667,20
2023-09-15 10:00:00,2023-09-15 11:00:00,1.25,3.9,4.52,10
2023-09-15 14:15:00,2023-09-15 15:30:00,1.5,3.6,3.8333333333333335,14
2023-09-15 17:30:00,2023-09-15 17:45:00,0.5,4.9,5.0,17
2023-09-15 22:00:00,2023-09-16 00:30:00,2.75,2.4,3.563636363636364,22
2023-09-16 02:30:00,2023-09-16 03:45:00,1.5,1.5,1.75,2
2023-09-16 15:00:00,2023-09-16 18:00:00,3.25,4.5,5.33846153846154,15
2023-09-16 22:00:00,2023-09-17 00:45:00,3.0,2.3,3.8000000000000003,22
2023-09-17 02:45:00,2023-09-17 03:30:00,1.0,1.3,1.4749999999999999,2
2023-09-17 11:45:00,2023-09-17 13:00:00,1.5,4.2,4.6,11
2023-09-17 14:30:00,2023-09-17 16:45:00,2.5,3.5,3.71,14
2023-09-17 22:15:00,2023-09-18 01:45:00,3.75,2.0,3.54,22
2023-09-18 15:00:00,2023-09-18 17:45:00,3.0,4.8,5.1,15
2023-09-18 22:30:00,2023-09-19 01:45:00,3.5,2.2,3.8857142857142866,22
2023-09-19 04:15:00,2023-09-19 06:15:00,2.25,1.2,2.122222222222222,4
2023-09-19 16:00:00,2023-09-19 17:45:00,2.0,4.3,4.6499999999999995,16
2023-09-19 19:45:00,2023-09-19 20:30:00,1.0,5.2,5.275,19
2023-09-19 23:00:00,2023-09-20 07:30:00,8.75,1.4,3.002857142857143,23
2023-09-20 13:30:00,2023-09-20 14:15:00,1.0,5.4,5.725,13
2023-09-20 16:45:00,2023-09-20 18:00:00,1.5,4.0,4.1499999999999995,16
2023-09-21 00:30:00,2023-09-21 04:15:00,4.0,2.2,3.59375,0
2023-09-21 06:00:00,2023-09-21 06:15:00,0.5,1.9,2.0,6
2023-09-21 14:45:00,2023-09-21 18:45:00,4.25,3.3,4.488235294117647,14
2023-09-22 00:45:00,2023-09-22 10:30:00,10.0,1.6,3.9574999999999996,0
2023-09-22 15:45:00,2023-09-22 21:45:00,6.25,3.4,4.287999999999999,15
2023-09-23 02:15:00,2023-09-23 08:45:00,6.75,2.1,3.6185185185185182,2
2023-09-23 16:00:00,2023-09-23 22:15:00,6.5,2.4,4.230769230769231,16
2023-09-24 03:45:00,2023-09-24 09:30:00,6.0,1.3,2.9625000000000004,3
2023-09-24 16:00:00,2023-09-24 22:00:00,6.25,1.5,4.288,16
2023-09-25 04:15:00,2023-09-25 10:15:00,6.25,1.3,3.296,4
2023-09-25 17:00:00,2023-09-26 00:00:00,7.25,1.2,3.813793103448276,17
2023-09-26 05:15:00,2023-09-26 09:00:00,4.0,2.4,4.112500000000001,5
2023-09-26 10:45:00,2023-09-26 12:00:00,1.5,2.1,2.2499999999999996,10
2023-09-26 18:00:00,2023-09-26 21:45:00,4.0,3.0,4.6875,18
2023-09-27 00:00:00,2023-09-27 01:00:00,1.25,2.2,2.5200000000000005,0
2023-09-27 07:00:00,2023-09-27 09:30:00,2.75,3.4,4.409090909090909,7
2023-09-27 19:30:00,2023-09-27 23:00:00,3.75,3.5,4.933333333333334,19
2023-09-28 01:00:00,2023-09-28 02:00:00,1.25,2.6,2.84,1
2023-09-28 08:15:00,2023-09-28 10:30:00,2.5,4.4,5.159999999999999,8
2023-09-28 20:15:00,2023-09-29 00:00:00,4.0,3.3,4.875,20
2023-09-29 08:30:00,2023-09-29 11:30:00,3.25,4.6,5.3999999999999995,8
2023-09-29 14:15:00,2023-09-29 15:15:00,1.25,4.1,4.56,14
2023-09-29 21:15:00,2023-09-30 00:45:00,3.75,2.9,4.506666666666667,21
2023-09-30 09:45:00,2023-09-30 11:00:00,1.5,5.9,6.133333333333333,9
2023-09-30 14:30:00,2023-09-30 16:30:00,2.25,4.7,5.0,14
2023-09-30 21:30:00,2023-10-01 01:00:00,3.75,3.1,4.866666666666666,21
2023-10-01 15:15:00,2023-10-01 16:00:00,1.0,4.9,5.225,15
2023-10-01 23:00:00,2023-10-02 01:45:00,3.0,3.2,4.541666666666667,23
2023-10-02 15:45:00,2023-10-02 16:45:00,1.25,4.1,5.0200000000000005,15
2023-10-02 23:15:00,2023-10-03 05:15:00,6.25,2.1,3.6919999999999997,23
2023-10-03 16:15:00,2023-10-03 18:30:00,2.5,4.3,5.08,16
2023-10-04 00:00:00,2023-10-04 04:30:00,4.75,2.5,4.14736842105263,0
2023-10-04 06:30:00,2023-10-04 06:45:00,0.5,2.1,2.2,6
2023-10-04 14:45:00,2023-10-04 18:15:00,3.75,3.5,5.513333333333334,14
2023-10-05 00:45:00,2023-10-05 06:30:00,6.0,2.0,3.75,0
2023-10-05 15:15:00,2023-10-05 19:00:00,4.0,3.8,5.43125,15
2023-10-06 02:30:00,2023-10-06 09:15:00,7.0,1.9,3.032142857142858,2
2023-10-06 15:45:00,2023-10-06 21:30:00,6.0,3.6,4.779166666666666,15
2023-10-07 02:30:00,2023-10-07 08:00:00,5.75,1.8,3.717391304347826,2
2023-10-07 15:00:00,2023-10-07 23:00:00,8.25,2.8,4.5212121212121215,15
2023-10-08 03:45:00,2023-10-08 08:45:00,5.25,2.4,4.195238095238095,3
2023-10-08 16:00:00,2023-10-08 21:15:00,5.5,3.3,5.172727272727273,16
2023-10-09 04:45:00,2023-10-09 08:00:00,3.5,3.2,4.6,4
2023-10-09 17:30:00,2023-10-09 22:30:00,5.25,2.9,4.461904761904762,17
2023-10-10 06:15:00,2023-10-10 08:00:00,2.0,3.6,4.65,6
2023-10-10 18:00:00,2023-10-10 22:00:00,4.25,3.2,4.929411764705883,18
2023-10-10 23:30:00,2023-10-11 00:45:00,1.5,2.6,2.933333333333333,23
2023-10-11 06:00:00,2023-10-11 09:45:00,4.0,3.0,4.6875,6
2023-10-11 18:45:00,2023-10-12 01:15:00,6.75,2.6,3.9222222222222225,18
2023-10-12 08:00:00,2023-10-12 10:15:00,2.5,4.7,5.54,8
2023-10-12 20:00:00,2023-10-12 23:30:00,3.75,3.8,5.1066666666666665,20
2023-10-13 20:30:00,2023-10-13 23:45:00,3.5,3.6,4.935714285714285,20
2023-10-14 10:30:00,2023-10-14 11:30:00,1.25,5.0,5.3,10
2023-10-14 20:15:00,2023-10-14 23:30:00,3.5,3.7,5.078571428571429,20
2023-10-15 14:30:00,2023-10-15 16:00:00,1.75,5.5,5.928571428571428,14
2023-10-15 20:45:00,2023-10-16 00:45:00,4.25,3.5,5.105882352941177,20
2023-10-16 14:45:00,2023-10-16 16:30:00,2.0,5.5,5.875,14
2023-10-16 21:45:00,2023-10-17 04:00:00,6.5,3.4,4.569230769230769,21
2023-10-17 14:45:00,2023-10-17 17:00:00,2.5,5.3,6.26,14
2023-10-17 23:00:00,2023-10-18 04:15:00,5.5,2.7,4.3181818181818175,23
2023-10-18 15:15:00,2023-10-18 17:00:00,2.0,5.6,6.1875,15
2023-10-18 23:00:00,2023-10-19 05:30:00,6.75,2.6,4.496296296296296,23
2023-10-19 11:30:00,2023-10-19 11:45:00,0.5,6.7,6.800000000000001,11
2023-10-19 16:15:00,2023-10-19 17:30:00,1.5,4.8,5.75,16
2023-10-19 23:45:00,2023-10-20 05:15:00,5.75,2.7,4.604347826086956,23
2023-10-20 14:30:00,2023-10-20 15:30:00,1.25,6.2,6.460000000000001,14
2023-10-20 17:00:00,2023-10-20 19:00:00,2.25,4.1,4.866666666666667,17
2023-10-21 01:00:00,2023-10-21 03:45:00,3.0,3.9,5.291666666666667,1
2023-10-21 15:45:00,2023-10-21 19:30:00,4.0,4.6,5.65625,15
2023-10-22 01:30:00,2023-10-22 05:45:00,4.5,3.8,5.344444444444445,1
2023-10-22 16:15:00,2023-10-22 20:00:00,4.0,4.0,5.25,16
2023-10-23 04:00:00,2023-10-23 06:15:00,2.5,4.2,5.12,4
2023-10-23 17:15:00,2023-10-23 22:00:00,5.0,3.7,5.075,17
2023-10-24 04:45:00,2023-10-24 08:30:00,4.0,4.0,5.11875,4
2023-10-24 18:00:00,2023-10-24 22:15:00,4.5,3.7,5.072222222222223,18
2023-10-25 05:15:00,2023-10-25 09:15:00,4.25,4.1,5.458823529411764,5
2023-10-25 11:00:00,2023-10-25 11:45:00,1.0,3.4,3.65,11
2023-10-25 18:30:00,2023-10-25 23:30:00,5.25,3.2,4.880952380952381,18
2023-10-26 07:00:00,2023-10-26 09:00:00,2.25,4.9,5.644444444444445,7
2023-10-26 11:15:00,2023-10-26 11:45:00,0.75,3.6,3.933333333333333,11
2023-10-26 19:15:00,2023-10-27 00:30:00,5.5,2.7,4.590909090909092,19
2023-10-27 08:00:00,2023-10-27 10:00:00,2.25,5.2,5.755555555555556,8
2023-10-27 12:15:00,2023-10-27 13:00:00,1.0,3.4,4.125,12
2023-10-27 20:00:00,2023-10-27 23:15:00,3.5,3.6,5.064285714285714,20
2023-10-28 00:45:00,2023-10-28 01:00:00,0.5,2.4,2.65,0
2023-10-28 09:30:00,2023-10-28 10:30:00,1.25,5.7,5.9399999999999995,9
2023-10-28 12:45:00,2023-10-28 15:30:00,3.0,4.3,4.975,12
2023-10-28 20:30:00,2023-10-29 02:00:00,5.75,2.1,4.37391304347826,20
2023-10-29 13:45:00,2023-10-29 16:00:00,2.5,3.6,4.9399999999999995,13
2023-10-29 21:30:00,2023-10-30 02:30:00,5.25,2.1,4.157142857142857,21
2023-10-30 14:45:00,2023-10-30 16:00:00,1.5,4.7,5.05,14
2023-10-30 22:15:00,2023-10-31 03:45:00,5.75,2.4,3.813043478260871,22
2023-10-31 16:00:00,2023-10-31 16:15:00,0.5,4.1,4.35,16
2023-10-31 23:15:00,2023-11-01 01:30:00,2.5,3.9,4.760000000000001,23
2023-11-01 03:00:00,2023-11-01 03:45:00,1.0,3.0,3.1500000000000004,3
2023-11-01 23:30:00,2023-11-02 02:30:00,3.25,4.7,5.723076923076923,23
2023-11-02 16:45:00,2023-11-02 17:45:00,1.25,6.4,6.58,16
2023-11-03 01:30:00,2023-11-03 02:45:00,1.5,5.4,5.833333333333332,1
2023-11-03 17:30:00,2023-11-03 18:00:00,0.75,6.2,6.433333333333334,17
2023-11-03 19:30:00,2023-11-03 20:00:00,0.75,6.1,6.2,19
2023-11-04 02:00:00,2023-11-04 04:15:00,2.5,5.2,6.050000000000001,2
2023-11-04 16:15:00,2023-11-04 17:15:00,1.25,6.9,7.18,16
2023-11-04 18:45:00,2023-11-04 19:45:00,1.25,5.8,5.98,18
2023-11-05 02:15:00,2023-11-05 06:45:00,4.75,4.5,5.878947368421053,2
2023-11-05 17:15:00,2023-11-05 19:45:00,2.75,5.5,6.263636363636365,17
2023-11-06 04:00:00,2023-11-06 07:15:00,3.5,4.4,5.614285714285715,4
2023-11-06 09:30:00,2023-11-06 10:00:00,0.75,4.2,4.6000000000000005,9
2023-11-06 16:45:00,2023-11-06 21:30:00,5.0,4.4,5.72,16
2023-11-07 04:00:00,2023-11-07 11:30:00,7.75,3.1,5.132258064516129,4
2023-11-07 15:45:00,2023-11-07 21:00:00,5.5,4.1,5.963636363636363,15
2023-11-08 04:45:00,2023-11-08 08:15:00,3.75,4.3,5.946666666666666,4
2023-11-08 11:45:00,2023-11-08 12:15:00,0.75,4.0,5.066666666666666,11
2023-11-08 17:00:00,2023-11-08 23:00:00,6.25,3.0,5.124,17
2023-11-09 05:15:00,2023-11-09 11:45:00,6.75,3.3,4.959259259259261,5
2023-11-09 17:45:00,2023-11-09 23:45:00,6.25,3.1,4.9239999999999995,17
2023-11-10 07:00:00,2023-11-10 12:30:00,5.75,2.6,4.495652173913044,7
2023-11-10 18:30:00,2023-11-10 23:15:00,5.0,2.8,4.965000000000001,18
2023-11-11 07:15:00,2023-11-11 13:30:00,6.5,4.0,5.234615384615386,7
2023-11-11 20:00:00,2023-11-12 01:00:00,5.25,3.6,4.942857142857143,20
2023-11-12 08:00:00,2023-11-12 10:30:00,2.75,5.7,6.481818181818183,8
2023-11-12 12:30:00,2023-11-12 14:30:00,2.25,3.1,4.266666666666667,12
2023-11-12 20:45:00,2023-11-12 22:45:00,2.25,5.2,5.922222222222222,20
2023-11-13 00:30:00,2023-11-13 01:30:00,1.25,3.8,4.16,0
2023-11-13 14:15:00,2023-11-13 14:45:00,0.75,6.2,6.333333333333333,14
2023-11-13 21:15:00,2023-11-13 23:30:00,2.5,5.2,6.0600000000000005,21
2023-11-14 21:15:00,2023-11-15 00:15:00,3.25,5.4,6.476923076923077,21
2023-11-15 16:00:00,2023-11-15 16:15:00,0.5,6.0,6.1,16
2023-11-15 22:45:00,2023-11-16 00:45:00,2.25,5.6,6.377777777777777,22
2023-11-16 03:00:00,2023-11-16 04:45:00,2.0,4.4,4.8125,3
2023-11-16 16:15:00,2023-11-16 17:00:00,1.0,5.8,6.3,16
2023-11-16 23:00:00,2023-11-17 02:30:00,3.75,4.9,6.1466666666666665,23
2023-11-17 04:15:00,2023-11-17 04:45:00,0.75,4.0,4.233333333333333,4
2023-11-17 17:00:00,2023-11-17 17:30:00,0.75,5.6,6.033333333333334,17
2023-11-18 00:30:00,2023-11-18 03:45:00,3.5,4.4,5.521428571428571,0
2023-11-18 05:15:00,2023-11-18 06:45:00,1.75,3.7,4.328571428571428,5
2023-11-18 16:45:00,2023-11-18 18:15:00,1.75,5.4,6.171428571428572,16
2023-11-19 00:45:00,2023-11-19 04:00:00,3.5,4.8,6.0214285714285705,0
2023-11-19 16:15:00,2023-11-19 19:15:00,3.25,5.7,6.607692307692308,16
2023-11-20 01:45:00,2023-11-20 08:15:00,6.75,3.7,5.362962962962962,1
2023-11-20 16:30:00,2023-11-20 20:30:00,4.25,4.6,5.98235294117647,16
2023-11-21 04:00:00,2023-11-21 08:30:00,4.75,3.8,5.2368421052631575,4
2023-11-21 17:00:00,2023-11-21 19:45:00,3.0,4.8,5.683333333333334,17
2023-11-21 21:15:00,2023-11-21 21:30:00,0.5,4.0,4.15,21
2023-11-22 04:45:00,2023-11-22 09:30:00,5.0,3.7,5.110000000000001,4
2023-11-22 17:00:00,2023-11-22 19:45:00,3.0,4.9,5.958333333333333,17
2023-11-22 21:45:00,2023-11-22 22:15:00,0.75,3.8,3.9333333333333336,21
2023-11-23 05:45:00,2023-11-23 07:15:00,1.75,5.9,6.385714285714285,5
2023-11-23 18:15:00,2023-11-23 20:45:00,2.75,5.3,6.190909090909091,18
2023-11-24 05:45:00,2023-11-24 08:45:00,3.25,5.6,6.576923076923076,5
2023-11-24 18:45:00,2023-11-24 21:00:00,2.5,5.4,6.290000000000001,18
2023-11-24 22:45:00,2023-11-25 00:00:00,1.5,4.3,4.566666666666667,22
2023-11-25 07:15:00,2023-11-25 08:30:00,1.5,6.4,6.816666666666666,7
2023-11-25 20:00:00,2023-11-25 21:45:00,2.0,5.7,6.45,20
2023-11-26 13:30:00,2023-11-26 13:45:00,0.5,5.6,5.75,13
2023-11-26 20:45:00,2023-11-26 22:00:00,1.5,6.3,6.716666666666666,20
2023-11-27 14:30:00,2023-11-27 15:45:00,1.5,6.8,7.083333333333333,14
2023-11-27 21:15:00,2023-11-27 22:30:00,1.5,6.2,6.733333333333334,21
2023-11-28 22:00:00,2023-11-28 22:30:00,0.75,6.9,7.2,22
2023-11-29 15:30:00,2023-11-29 17:00:00,1.75,7.3,7.557142857142857,15
2023-11-29 22:00:00,2023-11-29 23:30:00,1.75,6.9,7.457142857142856,22
2023-11-30 16:00:00,2023-11-30 17:45:00,2.0,7.2,7.5625,16
2023-11-30 22:45:00,2023-12-01 01:15:00,2.75,6.5,7.236363636363637,22
2023-12-01 16:15:00,2023-12-01 17:00:00,1.0,6.6,6.950000000000001,16
2023-12-01 23:30:00,2023-12-02 04:45:00,5.5,4.7,6.3090909090909095,23
2023-12-02 16:00:00,2023-12-02 17:30:00,1.75,5.6,6.314285714285714,16
2023-12-03 01:15:00,2023-12-03 06:15:00,5.25,3.5,5.533333333333333,1
2023-12-03 15:30:00,2023-12-03 19:00:00,3.75,5.3,6.04,15
2023-12-04 03:15:00,2023-12-04 06:45:00,3.75,4.3,5.493333333333334,3
2023-12-04 16:00:00,2023-12-04 19:00:00,3.25,5.8,6.846153846153846,16
2023-12-05 03:45:00,2023-12-05 06:15:00,2.75,5.5,6.445454545454544,3
2023-12-05 07:45:00,2023-12-05 10:00:00,2.5,4.5,5.789999999999999,7
2023-12-05 17:00:00,2023-12-05 19:45:00,3.0,6.4,6.875,17
2023-12-06 05:15:00,2023-12-06 10:00:00,5.0,5.3,5.95,5
2023-12-06 21:00:00,2023-12-06 21:45:00,1.0,6.3,6.5,21
2023-12-07 04:15:00,2023-12-07 10:45:00,6.75,5.8,6.633333333333334,4
2023-12-07 18:30:00,2023-12-07 19:15:00,1.0,7.0,7.225,18
2023-12-07 21:15:00,2023-12-07 22:30:00,1.5,6.1,6.199999999999999,21
2023-12-08 05:45:00,2023-12-08 09:45:00,4.25,5.8,6.635294117647058,5
2023-12-08 18:30:00,2023-12-08 22:15:00,4.0,5.5,6.44375,18
2023-12-09 06:30:00,2023-12-09 07:15:00,1.0,6.8,7.1499999999999995,6
2023-12-09 10:15:00,2023-12-09 13:15:00,3.25,4.9,5.6461538461538465,10
2023-12-09 18:30:00,2023-12-09 23:30:00,5.25,4.4,5.995238095238095,18
2023-12-10 07:15:00,2023-12-10 09:00:00,2.0,6.2,6.825,7
2023-12-10 11:00:00,2023-12-10 11:45:00,1.0,4.8,5.175,11
2023-12-10 19:45:00,2023-12-10 23:15:00,3.75,4.6,5.779999999999999,19
2023-12-11 07:30:00,2023-12-11 08:45:00,1.5,6.8,7.316666666666666,7
2023-12-11 20:15:00,2023-12-11 21:45:00,1.75,6.4,7.0,20
2023-12-12 20:45:00,2023-12-12 21:45:00,1.25,7.1,7.459999999999999,20
2023-12-13 01:30:00,2023-12-13 02:00:00,0.75,5.9,5.966666666666666,1
2023-12-13 21:45:00,2023-12-13 22:30:00,1.0,7.3,7.6000000000000005,21
2023-12-14 03:15:00,2023-12-14 04:00:00,1.0,6.3,6.674999999999999,3
2023-12-14 22:30:00,2023-12-14 23:45:00,1.5,7.4,7.766666666666667,22
2023-12-15 16:15:00,2023-12-15 17:45:00,1.75,8.0,8.285714285714286,16
2023-12-15 23:15:00,2023-12-16 00:15:00,1.25,7.6,7.88,23
2023-12-18 02:00:00,2023-12-18 02:30:00,0.75,7.3,7.466666666666666,2
2023-12-18 18:30:00,2023-12-18 19:00:00,0.75,7.1,7.400000000000001,18
2023-12-19 09:15:00,2023-12-19 09:45:00,0.75,7.1,7.266666666666666,9
2023-12-19 18:30:00,2023-12-19 19:30:00,1.25,8.0,8.32,18
2023-12-21 11:00:00,2023-12-21 11:30:00,0.75,7.3,7.733333333333333,11
2023-12-22 10:15:00,2023-12-22 11:30:00,1.5,6.8,7.083333333333333,10
2023-12-23 00:15:00,2023-12-23 00:30:00,0.5,7.5,7.7,0
2023-12-23 20:15:00,2023-12-23 21:15:00,1.25,7.0,7.279999999999999,20
2023-12-24 19:30:00,2023-12-25 00:00:00,4.75,5.6,6.9526315789473685,19
2023-12-25 02:00:00,2023-12-25 02:15:00,0.5,6.9,7.0,2
2023-12-25 20:30:00,2023-12-25 22:45:00,2.5,6.3,7.13,20
2023-12-26 00:15:00,2023-12-26 00:30:00,0.5,5.2,5.4,0
2023-12-26 21:45:00,2023-12-26 23:30:00,2.0,6.4,6.95,21
2023-12-27 14:15:00,2023-12-27 14:30:00,0.5,6.3,6.5,14
2023-12-27 21:45:00,2023-12-28 00:30:00,3.0,6.0,6.816666666666667,21
2023-12-28 02:15:00,2023-12-28 02:30:00,0.5,5.2,5.300000000000001,2
2023-12-28 17:15:00,2023-12-28 18:00:00,1.0,7.3,7.7250000000000005,17
2023-12-28 22:30:00,2023-12-28 23:15:00,1.0,7.3,7.55,22
2023-12-29 05:00:00,2023-12-29 05:30:00,0.75,6.2,6.366666666666666,5
2023-12-29 17:15:00,2023-12-29 18:30:00,1.5,7.9,8.116666666666667,17
2023-12-30 03:00:00,2023-12-30 03:15:00,0.5,7.2,7.300000000000001,3
2023-12-30 05:45:00,2023-12-30 06:45:00,1.25,7.5,7.68,5
2023-12-30 15:00:00,2023-12-30 18:00:00,3.25,8.6,9.146153846153847,15
2023-12-31 06:15:00,2023-12-31 08:15:00,2.25,7.7,8.222222222222221,6
2023-12-31 17:00:00,2023-12-31 20:30:00,3.75,8.6,8.953333333333331,17
2024-01-01 03:45:00,2024-01-01 04:30:00,1.0,7.6,7.775,3
2024-01-01 06:45:00,2024-01-01 07:00:00,0.5,7.5,7.65,6
2024-01-01 20:00:00,2024-01-01 21:15:00,1.5,8.5,8.666666666666666,20
2024-01-02 03:30:00,2024-01-02 07:30:00,4.25,7.2,7.905882352941175,3
2024-01-02 17:15:00,2024-01-02 17:45:00,0.75,8.6,8.9,17
2024-01-02 22:45:00,2024-01-03 00:00:00,1.5,8.4,8.433333333333334,22
2024-01-04 18:30:00,2024-01-04 20:00:00,1.75,8.5,8.685714285714287,18
2024-01-04 22:15:00,2024-01-05 00:00:00,2.0,8.6,8.7625,22
2024-01-05 04:15:00,2024-01-05 04:45:00,0.75,8.0,8.133333333333333,4
2024-01-06 18:45:00,2024-01-06 22:45:00,4.25,7.0,7.623529411764705,18
2024-01-07 06:00:00,2024-01-07 06:45:00,1.0,7.7,7.95,6
2024-01-07 19:15:00,2024-01-07 22:00:00,3.0,7.2,7.941666666666667,19
2024-01-08 23:00:00,2024-01-09 00:00:00,1.25,7.2,7.4,23
2024-01-09 20:45:00,2024-01-09 21:45:00,1.25,7.0,7.279999999999999,20
2024-01-10 00:15:00,2024-01-10 00:45:00,0.75,6.3,6.3999999999999995,0
2024-01-11 00:15:00,2024-01-11 00:30:00,0.5,7.1,7.199999999999999,0
2024-01-11 21:15:00,2024-01-11 22:00:00,1.0,8.0,8.225000000000001,21
2024-01-13 02:45:00,2024-01-13 03:15:00,0.75,6.0,6.2,2
2024-01-14 16:30:00,2024-01-14 18:15:00,2.0,8.5,8.8375,16
2024-01-14 23:45:00,2024-01-15 00:30:00,1.0,8.0,8.225000000000001,23
2024-01-15 06:30:00,2024-01-15 07:00:00,0.75,7.4,7.666666666666667,6
2024-01-15 17:30:00,2024-01-15 18:45:00,1.5,8.6,8.833333333333334,17
2024-01-16 01:00:00,2024-01-16 01:45:00,1.0,7.7,7.974999999999999,1
2024-01-16 05:30:00,2024-01-16 06:45:00,1.5,6.4,6.5,5
2024-01-16 18:00:00,2024-01-16 20:15:00,2.5,7.7,8.04,18
2024-01-17 20:30:00,2024-01-17 22:00:00,1.75,8.9,9.242857142857144,20
2024-01-19 11:15:00,2024-01-19 11:30:00,0.5,8.4,8.5,11
2024-01-19 19:00:00,2024-01-19 21:00:00,2.25,7.7,8.211111111111112,19
2024-01-19 23:30:00,2024-01-20 01:00:00,1.75,8.1,8.614285714285714,23
2024-01-20 20:45:00,2024-01-21 01:45:00,5.25,7.9,8.447619047619048,20
2024-01-21 15:15:00,2024-01-21 15:45:00,0.75,8.9,9.033333333333333,15
2024-01-23 07:45:00,2024-01-23 08:45:00,1.25,8.2,8.52,7
2024-01-23 21:30:00,2024-01-24 02:30:00,5.25,7.0,7.6952380952380945,21
2024-01-24 08:30:00,2024-01-24 09:30:00,1.25,8.0,8.32,8
2024-01-24 13:00:00,2024-01-24 16:30:00,3.75,6.9,7.8533333333333335,13
2024-01-24 21:15:00,2024-01-25 01:30:00,4.5,5.8,7.344444444444445,21
2024-01-25 03:00:00,2024-01-25 03:30:00,0.75,7.8,8.033333333333333,3
2024-01-25 09:30:00,2024-01-25 09:45:00,0.5,8.5,8.6,9
2024-01-25 13:15:00,2024-01-25 14:15:00,1.25,6.8,7.26,13
2024-01-25 22:30:00,2024-01-26 02:00:00,3.75,5.5,6.973333333333334,22
2024-01-26 10:00:00,2024-01-26 10:30:00,0.75,8.4,8.566666666666665,10
2024-01-26 14:00:00,2024-01-26 15:15:00,1.5,6.9,7.25,14
2024-01-26 22:30:00,2024-01-27 03:15:00,5.0,5.2,6.904999999999999,22
2024-01-27 22:45:00,2024-01-28 04:45:00,6.25,5.3,6.820000000000001,22
2024-01-28 15:15:00,2024-01-28 15:45:00,0.75,7.6,7.733333333333333,15
2024-01-29 00:30:00,2024-01-29 06:30:00,6.25,6.9,7.820000000000001,0
2024-01-30 16:30:00,2024-01-30 18:00:00,1.75,8.8,9.2,16
2024-01-31 00:45:00,2024-01-31 01:30:00,1.0,8.0,8.25,0
2024-01-31 15:45:00,2024-01-31 17:15:00,1.75,8.7,9.028571428571428,15
2024-02-01 01:15:00,2024-02-01 02:30:00,1.5,8.1,8.45,1
2024-02-02 02:15:00,2024-02-02 03:45:00,1.75,7.7,8.2,2
2024-02-02 05:30:00,2024-02-02 06:30:00,1.25,6.8,7.019999999999999,5
2024-02-02 08:00:00,2024-02-02 08:30:00,0.75,6.8,6.866666666666667,8
2024-02-02 18:30:00,2024-02-02 19:00:00,0.75,8.7,8.9,18
2024-02-03 03:45:00,2024-02-03 05:15:00,1.75,7.6,8.014285714285714,3
2024-02-03 08:15:00,2024-02-03 09:00:00,1.0,6.8,7.375,8
2024-02-03 19:45:00,2024-02-03 20:30:00,1.0,8.2,8.425,19
2024-02-05 18:00:00,2024-02-05 19:30:00,1.75,7.9,8.257142857142856,18
2024-02-06 18:45:00,2024-02-06 19:15:00,0.75,8.6,8.733333333333334,18
2024-02-07 00:15:00,2024-02-07 01:30:00,1.5,7.5,8.1,0
2024-02-08 20:30:00,2024-02-08 21:00:00,0.75,8.1,8.266666666666667,20
2024-02-09 01:00:00,2024-02-09 02:15:00,1.5,6.7,6.8500000000000005,1
2024-02-09 21:00:00,2024-02-09 23:15:00,2.5,7.2,7.840000000000001,21
2024-02-10 15:15:00,2024-02-10 15:30:00,0.5,7.4,7.5,15
2024-02-10 22:00:00,2024-02-10 23:30:00,1.75,7.3,7.828571428571428,22
2024-02-11 15:45:00,2024-02-11 16:00:00,0.5,6.8,6.949999999999999,15
2024-02-11 22:45:00,2024-02-12 01:30:00,3.0,6.5,7.316666666666666,22
2024-02-12 03:15:00,2024-02-12 03:30:00,0.5,5.5,5.65,3
2024-02-12 11:30:00,2024-02-12 13:00:00,1.75,7.3,7.714285714285714,11
2024-02-12 23:30:00,2024-02-12 23:45:00,0.5,7.9,8.0,23
2024-02-13 17:30:00,2024-02-13 18:15:00,1.0,7.8,8.0,17
2024-02-13 23:45:00,2024-02-14 01:45:00,2.25,7.3,7.911111111111111,23
2024-02-14 17:15:00,2024-02-14 18:45:00,1.75,8.3,8.700000000000001,17
2024-02-15 01:30:00,2024-02-15 02:30:00,1.25,7.5,7.82,1
2024-02-15 06:30:00,2024-02-15 07:30:00,1.25,6.3,6.4,6
2024-02-16 02:15:00,2024-02-16 03:45:00,1.75,7.2,7.7142857142857135,2
2024-02-17 03:15:00,2024-02-17 06:30:00,3.5,6.4,7.192857142857143,3
2024-02-17 08:30:00,2024-02-17 09:45:00,1.5,5.7,6.1000000000000005,8
2024-02-17 19:45:00,2024-02-17 23:00:00,3.5,6.6,6.942857142857143,19
2024-02-18 05:00:00,2024-02-18 05:30:00,0.75,7.4,7.633333333333333,5
2024-02-18 09:45:00,2024-02-18 10:45:00,1.25,6.4,6.9,9
2024-02-18 20:15:00,2024-02-18 21:30:00,1.5,7.1,7.383333333333334,20
2024-02-18 23:30:00,2024-02-18 23:45:00,0.5,7.4,7.5,23
2024-02-19 11:45:00,2024-02-19 14:15:00,2.75,7.3,8.218181818181819,11
2024-02-19 22:30:00,2024-02-19 23:00:00,0.75,7.0,7.133333333333333,22
2024-02-20 07:00:00,2024-02-20 07:30:00,0.75,7.5,7.666666666666667,7
2024-02-20 14:15:00,2024-02-20 14:45:00,0.75,8.2,8.266666666666667,14
2024-02-20 23:00:00,2024-02-21 00:45:00,2.0,6.7,6.9125,23
2024-02-21 20:00:00,2024-02-21 20:45:00,1.0,7.7,7.9750000000000005,20
2024-02-22 20:30:00,2024-02-22 21:30:00,1.25,7.4,7.92,20
2024-02-23 21:30:00,2024-02-23 23:30:00,2.25,6.7,7.344444444444444,21
2024-02-24 03:15:00,2024-02-24 03:45:00,0.75,6.3,6.3999999999999995,3
2024-02-24 21:45:00,2024-02-24 22:30:00,1.0,7.5,7.75,21
2024-02-25 04:00:00,2024-02-25 04:15:00,0.5,6.8,6.949999999999999,4
2024-02-25 16:15:00,2024-02-25 16:30:00,0.5,8.5,8.6,16
2024-02-25 22:00:00,2024-02-25 23:15:00,1.5,7.5,7.8999999999999995,22
2024-02-26 22:45:00,2024-02-27 00:15:00,1.75,7.1,7.6,22
2024-02-27 04:45:00,2024-02-27 05:45:00,1.25,6.2,6.7,4
2024-02-27 23:30:00,2024-02-28 00:30:00,1.25,7.1,7.4799999999999995,23
2024-02-29 00:00:00,2024-02-29 03:00:00,3.25,6.1,7.023076923076923,0
2024-02-29 05:30:00,2024-02-29 06:15:00,1.0,5.8,6.3,5
2024-02-29 20:30:00,2024-02-29 20:45:00,0.5,8.3,8.4,20
2024-03-01 01:15:00,2024-03-01 02:00:00,1.0,7.3,7.6499999999999995,1
2024-03-02 01:30:00,2024-03-02 03:15:00,2.0,6.7,7.362500000000001,1
2024-03-02 15:30:00,2024-03-02 15:45:00,0.5,7.8,7.9,15
2024-03-03 02:45:00,2024-03-03 05:30:00,3.0,6.2,7.033333333333334,2
2024-03-03 18:30:00,2024-03-03 19:45:00,1.5,7.9,8.016666666666667,18
2024-03-04 03:30:00,2024-03-04 07:30:00,4.25,5.3,6.411764705882352,3
2024-03-05 04:30:00,2024-03-05 06:45:00,2.5,5.9,6.85,4
2024-03-05 12:30:00,2024-03-05 13:00:00,0.75,8.0,8.1,12
2024-03-05 18:00:00,2024-03-05 21:00:00,3.25,6.1,7.053846153846154,18
2024-03-06 05:15:00,2024-03-06 07:45:00,2.75,6.0,6.854545454545455,5
2024-03-06 18:00:00,2024-03-06 21:15:00,3.5,5.3,6.492857142857142,18
2024-03-07 06:15:00,2024-03-07 08:45:00,2.75,5.9,6.781818181818182,6
2024-03-07 18:45:00,2024-03-07 22:15:00,3.75,5.0,6.193333333333333,18
2024-03-08 07:15:00,2024-03-08 08:30:00,1.5,7.0,7.366666666666667,7
2024-03-08 19:45:00,2024-03-08 23:15:00,3.75,5.5,6.52,19
2024-03-09 02:00:00,2024-03-09 03:00:00,1.25,5.2,5.720000000000001,2
2024-03-09 20:45:00,2024-03-09 23:15:00,2.75,5.5,6.3090909090909095,20
2024-03-10 21:30:00,2024-03-10 22:45:00,1.5,6.6,7.016666666666666,21
2024-03-11 16:15:00,2024-03-11 16:30:00,0.5,7.1,7.199999999999999,16
2024-03-11 21:30:00,2024-03-12 00:15:00,3.0,6.5,7.358333333333334,21
2024-03-12 23:15:00,2024-03-13 01:45:00,2.75,6.1,6.872727272727272,23
2024-03-13 16:30:00,2024-03-13 18:30:00,2.25,6.9,7.28888888888889,16
2024-03-14 00:00:00,2024-03-14 02:15:00,2.5,5.8,6.639999999999999,0
2024-03-14 18:15:00,2024-03-14 19:30:00,1.5,6.8,7.0,18
2024-03-15 01:00:00,2024-03-15 03:15:00,2.5,5.5,6.380000000000001,1
2024-03-15 17:15:00,2024-03-15 17:45:00,0.75,6.3,6.433333333333334,17
2024-03-16 01:30:00,2024-03-16 03:45:00,2.5,5.1,6.14,1
2024-03-16 08:45:00,2024-03-16 09:15:00,0.75,5.6,5.900000000000001,8
2024-03-16 18:00:00,2024-03-16 19:00:00,1.25,6.1,6.24,18
2024-03-17 03:00:00,2024-03-17 05:45:00,3.0,4.6,5.666666666666665,3
2024-03-17 19:30:00,2024-03-17 20:00:00,0.75,5.6,5.766666666666666,19
2024-03-17 22:00:00,2024-03-17 23:15:00,1.5,6.5,6.75,22
2024-03-18 04:00:00,2024-03-18 06:00:00,2.25,4.9,5.766666666666667,4
2024-03-18 19:30:00,2024-03-18 22:30:00,3.25,6.1,6.453846153846154,19
2024-03-19 06:00:00,2024-03-19 07:45:00,2.0,6.4,6.925,6
2024-03-19 09:15:00,2024-03-19 09:30:00,0.5,6.0,6.3,9
2024-03-19 18:15:00,2024-03-19 19:00:00,1.0,6.8,7.125,18
2024-03-20 05:45:00,2024-03-20 07:15:00,1.75,6.3,6.885714285714285,5
2024-03-20 14:00:00,2024-03-20 14:45:00,1.0,7.2,7.6,14
2024-03-20 19:30:00,2024-03-20 21:15:00,2.0,6.2,6.8,19
2024-03-21 00:15:00,2024-03-21 01:30:00,1.5,5.7,6.733333333333334,0
2024-03-21 06:30:00,2024-03-21 08:15:00,2.0,6.1,6.887499999999999,6
2024-03-21 14:30:00,2024-03-21 14:45:00,0.5,7.5,7.6,14
2024-03-21 19:00:00,2024-03-21 20:45:00,2.0,6.0,6.9375,19
2024-03-22 07:15:00,2024-03-22 10:00:00,3.0,5.6,6.583333333333332,7
2024-03-22 13:30:00,2024-03-22 14:15:00,1.0,5.6,6.375,13
2024-03-22 20:15:00,2024-03-22 21:45:00,1.75,6.3,6.871428571428571,20
2024-03-23 08:30:00,2024-03-23 09:30:00,1.25,6.6,7.0,8
2024-03-23 20:30:00,2024-03-23 23:15:00,3.0,4.9,6.041666666666667,20
2024-03-24 13:30:00,2024-03-24 14:45:00,1.5,7.3,7.3999999999999995,13
2024-03-24 21:45:00,2024-03-25 00:15:00,2.75,6.0,6.818181818181818,21
2024-03-25 22:00:00,2024-03-26 01:00:00,3.25,5.9,6.830769230769231,22
2024-03-26 22:45:00,2024-03-27 01:15:00,2.75,5.7,6.545454545454546,22
2024-03-27 11:30:00,2024-03-27 12:15:00,1.0,6.6,6.85,11
2024-03-27 23:00:00,2024-03-28 01:45:00,3.0,5.3,6.425,23
2024-03-28 11:30:00,2024-03-28 12:30:00,1.25,6.1,6.720000000000001,11
2024-03-28 23:30:00,2024-03-29 02:15:00,3.0,5.2,6.108333333333334,23
2024-03-29 16:30:00,2024-03-29 17:45:00,1.5,6.8,7.416666666666667,16
2024-03-30 00:00:00,2024-03-30 02:00:00,2.25,5.5,6.300000000000001,0
2024-03-30 18:15:00,2024-03-30 18:30:00,0.5,6.8,6.949999999999999,18
2024-03-31 00:00:00,2024-03-31 02:45:00,3.0,5.3,6.533333333333332,0
2024-03-31 18:45:00,2024-03-31 20:30:00,2.0,7.0,7.1625,18
2024-04-01 01:45:00,2024-04-01 04:15:00,2.75,5.0,5.972727272727273,1
2024-04-01 06:30:00,2024-04-01 07:00:00,0.75,4.1,4.166666666666666,6
2024-04-01 14:45:00,2024-04-01 15:15:00,0.75,7.3,7.366666666666667,14
2024-04-01 17:45:00,2024-04-01 20:30:00,3.0,7.0,7.283333333333334,17
2024-04-02 03:00:00,2024-04-02 06:45:00,4.0,4.3,5.3125,3
2024-04-02 16:00:00,2024-04-02 16:30:00,0.75,7.4,7.466666666666666,16
2024-04-02 20:00:00,2024-04-02 20:30:00,0.75,6.5,6.666666666666667,20
2024-04-03 03:15:00,2024-04-03 06:00:00,3.0,4.6,6.033333333333332,3
2024-04-03 08:30:00,2024-04-03 09:30:00,1.25,3.9,4.08,8
2024-04-03 17:15:00,2024-04-03 21:00:00,4.0,5.5,5.9625,17
2024-04-04 05:30:00,2024-04-04 06:45:00,1.5,5.1,5.6499999999999995,5
2024-04-04 18:00:00,2024-04-04 18:30:00,0.75,6.6,6.8,18
2024-04-04 21:15:00,2024-04-04 22:15:00,1.25,5.4,5.58,21
2024-04-05 06:15:00,2024-04-05 08:00:00,2.0,5.4,5.9,6
2024-04-05 18:30:00,2024-04-05 20:45:00,2.5,5.3,6.07,18
2024-04-06 07:00:00,2024-04-06 08:15:00,1.5,6.2,6.466666666666668,7
2024-04-06 19:45:00,2024-04-06 21:30:00,2.0,5.6,6.2125,19
2024-04-07 20:15:00,2024-04-07 23:15:00,3.25,5.2,6.13846153846154,20
2024-04-08 01:15:00,2024-04-08 02:00:00,1.0,4.4,4.55,1
2024-04-08 14:00:00,2024-04-08 15:00:00,1.25,6.7,7.159999999999999,14
2024-04-08 21:00:00,2024-04-08 23:45:00,3.0,5.3,6.266666666666666,21
2024-04-09 15:00:00,2024-04-09 16:00:00,1.25,6.4,6.9399999999999995,15
2024-04-09 22:00:00,2024-04-10 00:15:00,2.5,5.2,6.130000000000001,22
2024-04-10 16:15:00,2024-04-10 16:30:00,0.5,6.4,6.6,16
2024-04-10 22:00:00,2024-04-11 01:45:00,4.0,5.1,6.237500000000001,22
2024-04-11 15:45:00,2024-04-11 16:15:00,0.75,5.8,5.866666666666667,15
2024-04-11 23:30:00,2024-04-12 01:30:00,2.25,5.6,6.255555555555556,23
2024-04-13 00:30:00,2024-04-13 01:45:00,1.5,5.8,6.333333333333333,0
2024-04-13 17:00:00,2024-04-13 18:30:00,1.75,6.9,7.085714285714286,17
2024-04-14 01:15:00,2024-04-14 03:00:00,2.0,5.4,6.1875,1
2024-04-14 12:15:00,2024-04-14 13:45:00,1.75,7.0,7.1,12
2024-04-14 21:00:00,2024-04-14 21:45:00,1.0,7.0,7.15,21
2024-04-15 02:15:00,2024-04-15 04:00:00,2.0,5.1,6.0,2
2024-04-15 09:30:00,2024-04-15 10:00:00,0.75,4.1,5.766666666666666,9
2024-04-15 18:30:00,2024-04-15 19:45:00,1.5,6.0,6.45,18
2024-04-15 22:30:00,2024-04-15 23:00:00,0.75,7.0,7.066666666666666,22
2024-04-16 02:15:00,2024-04-16 09:00:00,7.0,3.4,5.0,2
2024-04-16 14:45:00,2024-04-16 21:00:00,6.5,5.7,6.6461538461538465,14
2024-04-16 22:30:00,2024-04-16 23:30:00,1.25,6.6,6.840000000000001,22
2024-04-17 04:00:00,2024-04-17 06:45:00,3.0,4.5,5.675000000000001,4
2024-04-17 08:45:00,2024-04-17 09:45:00,1.25,3.5,3.62,8
2024-04-17 17:45:00,2024-04-17 22:15:00,4.75,4.4,5.636842105263158,17
2024-04-18 05:00:00,2024-04-18 09:15:00,4.5,3.4,4.611111111111111,5
2024-04-18 11:30:00,2024-04-18 14:00:00,2.75,3.5,5.045454545454546,11
2024-04-18 15:30:00,2024-04-18 16:30:00,1.25,6.6,6.8,15
2024-04-18 18:30:00,2024-04-18 23:00:00,4.75,3.9,5.1947368421052635,18
2024-04-19 05:15:00,2024-04-19 09:00:00,4.0,3.5,5.231250000000001,5
2024-04-19 14:00:00,2024-04-19 14:15:00,0.5,6.7,6.800000000000001,14
2024-04-19 18:00:00,2024-04-19 23:15:00,5.5,2.7,4.804545454545455,18
2024-04-20 07:00:00,2024-04-20 09:15:00,2.5,3.7,4.78,7
2024-04-20 14:15:00,2024-04-20 14:45:00,0.75,6.3,6.533333333333334,14
2024-04-20 19:30:00,2024-04-21 00:15:00,5.0,2.4,4.045,19
2024-04-21 06:30:00,2024-04-21 16:00:00,9.75,3.2,4.579487179487181,6
2024-04-21 20:00:00,2024-04-22 00:15:00,4.5,3.0,4.566666666666666,20
2024-04-22 07:30:00,2024-04-22 09:30:00,2.25,5.7,6.266666666666667,7
2024-04-22 12:30:00,2024-04-22 15:00:00,2.75,5.6,6.045454545454546,12
2024-04-22 19:45:00,2024-04-22 23:15:00,3.75,4.7,5.906666666666667,19
2024-04-23 02:00:00,2024-04-23 02:45:00,1.0,3.3,3.7249999999999996,2
2024-04-23 12:15:00,2024-04-23 16:15:00,4.25,5.8,6.164705882352941,12
2024-04-23 21:00:00,2024-04-23 23:45:00,3.0,4.8,5.841666666666668,21
2024-04-24 02:15:00,2024-04-24 03:15:00,1.25,3.5,3.8,2
2024-04-24 10:00:00,2024-04-24 10:15:00,0.5,6.2,6.300000000000001,10
2024-04-24 13:45:00,2024-04-24 15:30:00,2.0,6.0,6.4125,13
2024-04-24 21:00:00,2024-04-25 00:00:00,3.25,4.7,6.0076923076923086,21
2024-04-25 02:30:00,2024-04-25 03:45:00,1.5,3.2,3.516666666666666,2
2024-04-25 10:30:00,2024-04-25 11:15:00,1.0,6.0,6.275,10
2024-04-25 13:30:00,2024-04-25 15:15:00,2.0,5.3,5.7125,13
2024-04-25 22:15:00,2024-04-26 00:45:00,2.75,4.3,5.4818181818181815,22
2024-04-26 02:45:00,2024-04-26 04:30:00,2.0,2.9,3.2125,2
2024-04-26 13:45:00,2024-04-26 17:15:00,3.75,5.8,6.293333333333334,13
2024-04-26 22:30:00,2024-04-27 01:45:00,3.5,4.3,5.621428571428572,22
2024-04-27 04:00:00,2024-04-27 05:00:00,1.25,3.1,3.3800000000000003,4
2024-04-27 11:45:00,2024-04-27 12:45:00,1.25,6.0,6.279999999999999,11
2024-04-27 14:45:00,2024-04-27 16:15:00,1.75,4.9,5.214285714285714,14
2024-04-27 23:15:00,2024-04-28 02:30:00,3.5,4.1,5.407142857142857,23
2024-04-28 04:45:00,2024-04-28 05:30:00,1.0,3.0,3.05,4
2024-04-28 10:45:00,2024-04-28 11:00:00,0.5,6.0,6.1,10
2024-04-28 15:30:00,2024-04-28 16:00:00,0.75,5.8,5.966666666666668,15
2024-04-28 23:45:00,2024-04-29 06:15:00,6.75,2.8,4.551851851851852,23
2024-04-29 17:30:00,2024-04-29 18:45:00,1.5,5.8,6.266666666666666,17
2024-04-30 00:45:00,2024-04-30 04:00:00,3.5,3.7,5.364285714285714,0
2024-04-30 06:00:00,2024-04-30 07:45:00,2.0,2.5,2.8499999999999996,6
2024-04-30 16:30:00,2024-04-30 19:00:00,2.75,5.1,5.781818181818182,16
2024-05-01 01:45:00,2024-05-01 05:15:00,3.75,3.8,5.313333333333333,1
2024-05-01 15:30:00,2024-05-01 20:15:00,5.0,3.3,5.199999999999999,15
2024-05-02 02:45:00,2024-05-02 06:15:00,3.75,3.2,4.966666666666667,2
2024-05-02 08:30:00,2024-05-02 10:15:00,2.0,2.1,2.3625,8
2024-05-02 16:30:00,2024-05-02 20:45:00,4.5,3.3,4.95,16
2024-05-03 04:30:00,2024-05-03 07:15:00,3.0,3.1,4.475,4
2024-05-03 09:00:00,2024-05-03 10:45:00,2.0,1.9,2.225,9
2024-05-03 17:15:00,2024-05-03 23:00:00,6.0,2.5,4.1000000000000005,17
2024-05-04 05:00:00,2024-05-04 08:00:00,3.25,3.4,4.838461538461538,5
2024-05-04 17:15:00,2024-05-05 00:15:00,7.25,2.0,4.113793103448275,17
2024-05-05 06:30:00,2024-05-05 08:30:00,2.25,3.7,4.688888888888889,6
2024-05-05 18:15:00,2024-05-05 22:15:00,4.25,3.2,4.805882352941176,18
2024-05-05 23:45:00,2024-05-06 01:15:00,1.75,1.8,2.2142857142857144,23
2024-05-06 06:45:00,2024-05-06 09:15:00,2.75,4.1,5.090909090909091,6
2024-05-06 11:30:00,2024-05-06 13:30:00,2.25,3.3,4.0375,11
2024-05-06 19:30:00,2024-05-06 22:30:00,3.25,3.5,4.846153846153846,19
2024-05-07 00:15:00,2024-05-07 02:15:00,2.25,1.9,2.466666666666667,0
2024-05-07 07:30:00,2024-05-07 09:15:00,2.0,4.8,5.5,7
2024-05-07 13:15:00,2024-05-07 14:30:00,1.5,4.7,5.383333333333333,13
2024-05-07 20:00:00,2024-05-07 23:30:00,3.75,3.2,4.88,20
2024-05-08 01:15:00,2024-05-08 03:00:00,2.0,1.8,2.3,1
2024-05-08 08:30:00,2024-05-08 10:00:00,1.75,4.9,5.428571428571429,8
2024-05-08 14:15:00,2024-05-08 15:15:00,1.25,4.8,5.46,14
2024-05-08 20:45:00,2024-05-09 00:15:00,3.75,3.2,4.78,20
2024-05-09 02:15:00,2024-05-09 04:15:00,2.25,2.2,2.5777777777777775,2
2024-05-09 08:45:00,2024-05-09 11:45:00,3.25,4.3,5.076923076923077,8
2024-05-09 14:30:00,2024-05-09 16:15:00,2.0,3.8,4.074999999999999,14
2024-05-09 21:30:00,2024-05-10 01:00:00,3.75,3.7,4.893333333333334,21
2024-05-10 03:00:00,2024-05-10 03:45:00,1.0,2.8,3.0999999999999996,3
2024-05-10 09:30:00,2024-05-10 15:00:00,5.75,3.8,4.426086956521738,9
2024-05-10 23:15:00,2024-05-11 02:00:00,3.0,3.3,4.358333333333333,23
2024-05-11 05:30:00,2024-05-11 06:00:00,0.75,3.3,3.7000000000000006,5
2024-05-11 16:00:00,2024-05-11 18:00:00,2.25,5.3,6.022222222222222,16
2024-05-11 23:15:00,2024-05-12 02:45:00,3.75,3.5,5.1,23
2024-05-12 05:00:00,2024-05-12 06:30:00,1.75,2.3,2.6000000000000005,5
2024-05-13 00:45:00,2024-05-13 07:30:00,7.0,2.0,3.4892857142857143,0
2024-05-13 12:45:00,2024-05-13 19:00:00,6.5,3.2,4.634615384615385,12
2024-05-14 01:45:00,2024-05-14 03:30:00,2.0,4.0,4.9875,1
2024-05-14 05:45:00,2024-05-14 06:45:00,1.25,2.1,2.78,5
2024-05-14 18:00:00,2024-05-14 19:00:00,1.25,4.3,4.64,18
2024-05-15 01:45:00,2024-05-15 05:00:00,3.5,3.1,4.85,1
2024-05-15 07:00:00,2024-05-15 08:45:00,2.0,2.4,2.525,7
2024-05-15 16:30:00,2024-05-15 20:30:00,4.25,3.7,4.988235294117647,16
2024-05-16 03:30:00,2024-05-16 08:15:00,5.0,1.9,3.66,3
2024-05-16 15:30:00,2024-05-16 21:00:00,5.75,2.6,5.039130434782608,15
2024-05-17 04:15:00,2024-05-17 08:45:00,4.75,2.0,3.3736842105263154,4
2024-05-17 17:15:00,2024-05-17 21:45:00,4.75,2.1,4.005263157894737,17
2024-05-18 04:15:00,2024-05-18 11:30:00,7.5,2.0,3.5500000000000003,4
2024-05-18 18:30:00,2024-05-18 21:45:00,3.5,2.7,3.9857142857142853,18
2024-05-19 06:30:00,2024-05-19 11:45:00,5.5,2.2,3.3181818181818183,6
2024-05-19 18:45:00,2024-05-20 00:15:00,5.75,3.0,4.2,18
2024-05-20 06:00:00,2024-05-20 08:15:00,2.5,4.6,5.35,6
2024-05-20 11:30:00,2024-05-20 12:45:00,1.5,3.3,3.666666666666666,11
2024-05-20 19:30:00,2024-05-21 01:30:00,6.25,2.1,4.144,19
2024-05-21 07:30:00,2024-05-21 09:00:00,1.75,4.6,5.114285714285714,7
2024-05-21 11:45:00,2024-05-21 12:15:00,0.75,3.7,4.066666666666666,11
2024-05-21 19:15:00,2024-05-22 02:15:00,7.25,2.0,4.031034482758621,19
2024-05-22 08:15:00,2024-05-22 09:30:00,1.5,4.5,5.066666666666667,8
2024-05-22 12:45:00,2024-05-22 13:45:00,1.25,3.7,4.12,12
2024-05-22 20:15:00,2024-05-23 02:45:00,6.75,1.7,3.640740740740741,20
2024-05-23 09:00:00,2024-05-23 10:15:00,1.5,4.4,4.949999999999999,9
2024-05-23 12:30:00,2024-05-23 15:00:00,2.75,3.6,4.336363636363636,12
2024-05-23 20:30:00,2024-05-24 00:15:00,4.0,2.9,4.8875,20
2024-05-24 02:00:00,2024-05-24 03:30:00,1.75,1.7,2.0571428571428574,2
2024-05-24 08:45:00,2024-05-24 11:00:00,2.5,4.8,5.459999999999999,8
2024-05-24 14:15:00,2024-05-24 17:00:00,3.0,4.7,5.216666666666668,14
2024-05-24 22:00:00,2024-05-25 01:00:00,3.25,2.4,4.038461538461538,22
2024-05-25 03:00:00,2024-05-25 04:15:00,1.5,1.8,2.9,3
2024-05-25 11:00:00,2024-05-25 11:30:00,0.75,4.8,5.033333333333334,11
2024-05-25 13:15:00,2024-05-25 16:00:00,3.0,3.4,4.1,13
2024-05-25 22:00:00,2024-05-26 01:30:00,3.75,2.6,4.473333333333333,22
2024-05-26 03:15:00,2024-05-26 05:15:00,2.25,1.5,1.9222222222222223,3
2024-05-26 15:30:00,2024-05-26 17:15:00,2.0,4.8,5.387499999999999,15
2024-05-26 22:45:00,2024-05-27 02:30:00,4.0,2.6,4.4375,22
2024-05-27 04:30:00,2024-05-27 05:45:00,1.5,1.4,1.7166666666666666,4
2024-05-27 16:30:00,2024-05-27 16:45:00,0.5,4.1,4.25,16
2024-05-28 00:15:00,2024-05-28 05:15:00,5.25,1.5,3.1380952380952385,0
2024-05-28 16:30:00,2024-05-28 18:30:00,2.25,4.2,4.9,16
2024-05-29 01:00:00,2024-05-29 05:45:00,5.0,1.6,3.2599999999999993,1
2024-05-29 07:15:00,2024-05-29 08:00:00,1.0,1.6,1.7750000000000001,7
2024-05-29 14:45:00,2024-05-29 16:15:00,1.75,5.1,5.514285714285713,14
2024-05-29 17:45:00,2024-05-29 18:15:00,0.75,4.0,4.3,17
2024-05-30 01:30:00,2024-05-30 05:15:00,4.0,2.4,4.1875,1
2024-05-30 08:00:00,2024-05-30 08:15:00,0.5,2.0,2.1,8
2024-05-30 15:15:00,2024-05-30 19:45:00,4.75,3.5,4.9789473684210535,15
2024-05-31 02:30:00,2024-05-31 09:00:00,6.75,2.1,3.4962962962962965,2
2024-05-31 15:00:00,2024-05-31 22:00:00,7.25,2.8,4.5793103448275865,15
2024-06-01 04:00:00,2024-06-01 10:00:00,6.25,2.3,3.432,4
2024-06-01 17:15:00,2024-06-01 23:15:00,6.25,2.5,3.912,17
2024-06-02 04:30:00,2024-06-02 07:30:00,3.25,3.1,4.738461538461538,4
2024-06-02 17:45:00,2024-06-02 20:45:00,3.25,3.6,4.938461538461539,17
2024-06-02 22:15:00,2024-06-02 22:30:00,0.5,2.7,2.8,22
2024-06-03 06:00:00,2024-06-03 09:30:00,3.75,2.4,3.7466666666666666,6
2024-06-03 11:30:00,2024-06-03 12:00:00,0.75,2.6,2.8666666666666667,11
2024-06-03 18:30:00,2024-06-03 22:00:00,3.75,3.1,4.679999999999999,18
2024-06-03 23:30:00,2024-06-04 01:00:00,1.75,2.2,2.4857142857142853,23
2024-06-04 07:00:00,2024-06-04 08:45:00,2.0,3.3,4.2875000000000005,7
2024-06-04 11:00:00,2024-06-04 13:00:00,2.25,2.6,3.0999999999999996,11
2024-06-04 19:45:00,2024-06-04 23:00:00,3.5,2.9,4.3,19
2024-06-05 00:45:00,2024-06-05 01:45:00,1.25,2.1,2.34,0
2024-06-05 08:00:00,2024-06-05 09:30:00,1.75,3.9,4.642857142857143,8
2024-06-05 20:30:00,2024-06-05 23:15:00,3.0,3.1,4.45,20
2024-06-06 01:30:00,2024-06-06 01:45:00,0.5,2.2,2.3,1
2024-06-06 08:00:00,2024-06-06 10:30:00,2.75,3.5,4.663636363636364,8
2024-06-06 13:30:00,2024-06-06 14:15:00,1.0,3.1,3.7,13
2024-06-06 20:30:00,2024-06-07 00:00:00,3.75,2.9,4.653333333333333,20
2024-06-07 02:30:00,2024-06-07 03:00:00,0.75,2.1,2.266666666666666,2
2024-06-07 10:15:00,2024-06-07 11:45:00,1.75,3.9,4.3428571428571425,10
2024-06-07 14:00:00,2024-06-07 15:15:00,1.5,3.7,4.25,14
2024-06-07 21:15:00,2024-06-08 00:45:00,3.75,2.4,4.38,21
2024-06-08 14:30:00,2024-06-08 16:15:00,2.0,3.9,4.75,14
2024-06-08 22:15:00,2024-06-09 01:45:00,3.75,2.4,4.3133333333333335,22
2024-06-09 03:45:00,2024-06-09 04:30:00,1.0,1.4,1.475,3
2024-06-09 12:30:00,2024-06-09 16:30:00,4.25,4.4,4.829411764705882,12
2024-06-09 22:45:00,2024-06-10 05:30:00,7.0,1.5,3.099999999999999,22
2024-06-10 13:00:00,2024-06-10 16:30:00,3.75,3.5,4.293333333333334,13
2024-06-10 23:45:00,2024-06-11 05:30:00,6.0,1.6,3.1375000000000006,23
2024-06-11 14:15:00,2024-06-11 15:30:00,1.5,5.0,5.3999999999999995,14
2024-06-11 17:15:00,2024-06-11 17:45:00,0.75,4.4,4.466666666666667,17
2024-06-12 00:30:00,2024-06-12 05:30:00,5.25,1.5,3.3523809523809525,0
2024-06-12 15:00:00,2024-06-12 18:45:00,4.0,4.2,5.0625,15
2024-06-13 01:15:00,2024-06-13 06:15:00,5.25,1.6,3.4380952380952374,1
2024-06-13 08:15:00,2024-06-13 09:30:00,1.5,1.4,3.3166666666666664,8
2024-06-13 14:45:00,2024-06-13 16:45:00,2.25,4.1,4.988888888888889,14
2024-06-13 18:45:00,2024-06-13 19:15:00,0.75,3.2,3.2999999999999994,18
2024-06-14 02:15:00,2024-06-14 06:00:00,4.0,2.0,3.7375,2
2024-06-14 16:15:00,2024-06-14 20:30:00,4.5,2.7,4.183333333333334,16
2024-06-15 02:30:00,2024-06-15 06:30:00,4.25,1.9,3.8,2
2024-06-15 15:30:00,2024-06-15 21:30:00,6.25,2.4,4.284000000000001,15
2024-06-16 04:00:00,2024-06-16 07:45:00,4.0,1.8,3.4437499999999996,4
2024-06-16 09:15:00,2024-06-16 11:30:00,2.5,1.5,1.7399999999999998,9
2024-06-16 16:30:00,2024-06-16 23:30:00,7.25,1.7,3.534482758620689,16
2024-06-17 04:45:00,2024-06-17 07:30:00,3.0,2.2,3.6750000000000003,4
2024-06-17 10:00:00,2024-06-17 10:45:00,1.0,1.7,2.175,10
2024-06-17 13:15:00,2024-06-17 13:30:00,0.5,5.6,5.75,13
2024-06-17 17:15:00,2024-06-18 00:45:00,7.75,1.9,3.509677419354838,17
2024-06-18 05:15:00,2024-06-18 10:00:00,5.0,2.2,3.535,5
2024-06-18 11:45:00,2024-06-18 12:15:00,0.75,3.4,3.5,11
2024-06-18 18:30:00,2024-06-19 00:00:00,5.75,1.9,3.6869565217391305,18
2024-06-19 06:45:00,2024-06-19 08:45:00,2.25,2.9,4.111111111111111,6
2024-06-19 11:15:00,2024-06-19 12:30:00,1.5,2.4,3.15,11
2024-06-19 19:30:00,2024-06-19 23:15:00,4.0,2.4,3.9125000000000005,19
2024-06-20 07:00:00,2024-06-20 09:30:00,2.75,3.2,4.509090909090909,7
2024-06-20 20:15:00,2024-06-21 03:00:00,7.0,1.7,3.1428571428571432,20
2024-06-21 08:00:00,2024-06-21 10:45:00,3.0,3.4,4.491666666666667,8
2024-06-21 12:15:00,2024-06-21 13:15:00,1.25,3.0,3.4799999999999995,12
2024-06-21 20:30:00,2024-06-22 03:15:00,7.0,1.8,3.214285714285715,20
2024-06-22 09:30:00,2024-06-22 11:00:00,1.75,3.6,4.257142857142857,9
2024-06-22 21:00:00,2024-06-23 01:00:00,4.25,2.2,3.9588235294117644,21
2024-06-23 10:30:00,2024-06-23 11:30:00,1.25,4.0,4.48,10
2024-06-23 21:45:00,2024-06-24 01:15:00,3.75,2.3,4.133333333333333,21
2024-06-24 11:30:00,2024-06-24 15:45:00,4.5,3.3,3.9444444444444438,11
2024-06-24 23:15:00,2024-06-25 02:15:00,3.25,2.3,3.7846153846153845,23
2024-06-25 16:00:00,2024-06-25 17:00:00,1.25,4.2,4.34,16
2024-06-26 00:00:00,2024-06-26 03:00:00,3.25,2.3,3.853846153846154,0
2024-06-26 13:30:00,2024-06-26 17:45:00,4.5,3.8,4.538888888888889,13
2024-06-27 01:15:00,2024-06-27 04:00:00,3.0,2.1,3.4333333333333336,1
2024-06-27 06:15:00,2024-06-27 07:15:00,1.25,1.6,1.8799999999999997,6
2024-06-27 15:15:00,2024-06-27 18:30:00,3.5,3.2,4.328571428571428,15
2024-06-28 01:45:00,2024-06-28 04:45:00,3.25,2.0,3.523076923076923,1
2024-06-28 15:45:00,2024-06-28 19:45:00,4.25,2.9,3.994117647058824,15
2024-06-29 02:45:00,2024-06-29 05:45:00,3.25,1.9,3.1384615384615384,2
2024-06-29 15:30:00,2024-06-29 19:45:00,4.5,2.6,4.1611111111111105,15
2024-06-30 03:30:00,2024-06-30 06:00:00,2.75,1.9,3.3909090909090907,3
2024-06-30 15:45:00,2024-06-30 23:30:00,8.0,1.9,3.7,15
2024-07-01 04:45:00,2024-07-01 06:45:00,2.25,2.1,3.377777777777778,4
2024-07-01 09:00:00,2024-07-01 10:00:00,1.25,1.4,1.6,9
2024-07-01 16:45:00,2024-07-01 20:30:00,4.0,2.9,4.4375,16
2024-07-01 22:45:00,2024-07-02 01:30:00,3.0,2.6,3.733333333333334,22
2024-07-02 05:45:00,2024-07-02 07:45:00,2.25,2.5,3.6999999999999997,5
2024-07-02 18:30:00,2024-07-02 22:00:00,3.75,2.5,4.14,18
2024-07-03 06:45:00,2024-07-03 09:30:00,3.0,2.1,3.2083333333333326,6
2024-07-03 11:30:00,2024-07-03 12:45:00,1.5,2.0,2.6166666666666667,11
2024-07-03 19:15:00,2024-07-03 22:45:00,3.75,2.3,3.9466666666666663,19
2024-07-04 00:15:00,2024-07-04 01:45:00,1.75,1.5,1.6857142857142857,0
2024-07-04 07:00:00,2024-07-04 09:30:00,2.75,2.5,3.872727272727273,7
2024-07-04 19:30:00,2024-07-04 23:00:00,3.75,2.3,4.173333333333333,19
2024-07-05 00:30:00,2024-07-05 02:45:00,2.5,1.3,1.6300000000000001,0
2024-07-05 07:45:00,2024-07-05 11:45:00,4.25,2.4,3.576470588235294,7
2024-07-05 13:30:00,2024-07-05 14:00:00,0.75,2.6,2.6666666666666665,13
2024-07-05 20:15:00,2024-07-06 00:00:00,4.0,2.3,4.13125,20
2024-07-06 02:15:00,2024-07-06 03:15:00,1.25,1.2,1.42,2
2024-07-06 08:30:00,2024-07-06 10:45:00,2.5,3.6,4.49,8
2024-07-06 21:00:00,2024-07-07 01:00:00,4.25,1.8,3.635294117647059,21
2024-07-07 09:15:00,2024-07-07 15:15:00,6.25,2.6,3.6879999999999997,9
2024-07-07 22:30:00,2024-07-08 03:30:00,5.25,1.1,2.5666666666666664,22
2024-07-08 10:00:00,2024-07-08 12:45:00,3.0,3.4,4.466666666666666,10
2024-07-08 14:15:00,2024-07-08 15:45:00,1.75,2.4,2.728571428571428,14
2024-07-08 22:30:00,2024-07-09 01:30:00,3.25,2.0,3.8230769230769233,22
2024-07-09 03:30:00,2024-07-09 05:45:00,2.5,1.1,1.49,3
2024-07-09 12:45:00,2024-07-09 17:15:00,4.75,3.7,4.131578947368421,12
2024-07-09 23:00:00,2024-07-10 02:30:00,3.75,1.7,3.6200000000000006,23
2024-07-10 04:00:00,2024-07-10 06:15:00,2.5,1.0,1.2799999999999998,4
2024-07-10 14:00:00,2024-07-10 15:00:00,1.25,4.6,4.92,14
2024-07-11 00:15:00,2024-07-11 06:30:00,6.5,0.9,2.161538461538462,0
2024-07-11 14:45:00,2024-07-11 17:15:00,2.75,4.3,4.790909090909091,14
2024-07-12 00:30:00,2024-07-12 04:15:00,4.0,1.5,3.45,0
2024-07-12 14:00:00,2024-07-12 20:30:00,6.75,1.7,3.1629629629629625,14
2024-07-13 02:15:00,2024-07-13 05:45:00,3.75,1.2,2.72,2
2024-07-13 13:30:00,2024-07-13 14:00:00,0.75,5.2,5.333333333333333,13
2024-07-13 16:00:00,2024-07-13 19:15:00,3.5,2.2,3.75,16
2024-07-14 01:45:00,2024-07-14 07:30:00,6.0,0.8,3.045833333333333,1
2024-07-14 16:30:00,2024-07-14 20:30:00,4.25,2.8,4.317647058823529,16
2024-07-15 02:15:00,2024-07-15 10:00:00,8.0,1.2,3.3875,2
2024-07-15 16:45:00,2024-07-15 21:45:00,5.25,1.3,2.9380952380952374,16
2024-07-16 03:00:00,2024-07-16 11:30:00,8.75,1.0,2.9857142857142858,3
2024-07-16 17:30:00,2024-07-16 20:30:00,3.25,2.3,3.7076923076923074,17
2024-07-16 22:00:00,2024-07-17 00:00:00,2.25,1.4,1.8333333333333333,22
2024-07-17 05:30:00,2024-07-17 08:45:00,3.5,1.8,3.314285714285714,5
2024-07-17 17:30:00,2024-07-17 21:30:00,4.25,1.9,3.8705882352941177,17
2024-07-17 23:15:00,2024-07-18 00:30:00,1.5,1.5,1.8333333333333333,23
2024-07-18 06:15:00,2024-07-18 12:00:00,6.0,1.6,2.6999999999999997,6
2024-07-18 19:00:00,2024-07-19 00:00:00,5.25,1.4,2.8047619047619046,19
2024-07-19 07:30:00,2024-07-19 10:45:00,3.5,2.0,2.9571428571428577,7
2024-07-19 19:15:00,2024-07-19 23:45:00,4.75,1.8,3.3421052631578947,19
2024-07-20 07:30:00,2024-07-20 11:15:00,4.0,2.1,3.05625,7
2024-07-20 20:30:00,2024-07-20 23:15:00,3.0,2.5,3.766666666666667,20
2024-07-21 09:00:00,2024-07-21 10:15:00,1.5,3.2,3.766666666666667,9
2024-07-21 12:30:00,2024-07-21 14:15:00,2.0,2.5,2.7,12
2024-07-21 20:45:00,2024-07-22 00:00:00,3.5,2.5,4.185714285714286,20
2024-07-22 02:15:00,2024-07-22 02:30:00,0.5,1.7,1.7999999999999998,2
2024-07-22 09:00:00,2024-07-22 10:45:00,2.0,3.8,4.5,9
2024-07-22 21:30:00,2024-07-23 01:00:00,3.75,2.2,3.94,21
2024-07-23 15:30:00,2024-07-23 16:30:00,1.25,3.5,3.8599999999999994,15
2024-07-23 23:00:00,2024-07-24 04:15:00,5.5,1.6,2.931818181818181,23
2024-07-24 14:00:00,2024-07-24 16:30:00,2.75,2.7,3.627272727272728,14
2024-07-24 23:15:00,2024-07-25 01:15:00,2.25,3.1,4.411111111111111,23
2024-07-25 04:45:00,2024-07-25 05:15:00,0.75,2.0,2.1666666666666665,4
2024-07-25 11:30:00,2024-07-25 13:15:00,2.0,4.2,4.7875,11
2024-07-25 16:45:00,2024-07-25 17:15:00,0.75,3.3,3.5666666666666664,16
2024-07-26 00:15:00,2024-07-26 03:15:00,3.25,1.9,3.5692307692307685,0
2024-07-26 05:30:00,2024-07-26 06:00:00,0.75,1.5,1.6666666666666667,5
2024-07-26 16:00:00,2024-07-26 16:45:00,1.0,4.0,4.225,16
2024-07-26 18:15:00,2024-07-26 18:30:00,0.5,2.9,3.0999999999999996,18
2024-07-27 01:30:00,2024-07-27 06:30:00,5.25,1.1,2.3666666666666663,1
2024-07-27 15:15:00,2024-07-27 19:30:00,4.5,2.4,3.9000000000000004,15
2024-07-28 02:15:00,2024-07-28 09:00:00,7.0,0.8,2.4464285714285716,2
2024-07-28 14:30:00,2024-07-28 21:15:00,7.0,1.9,4.207142857142857,14
2024-07-29 02:45:00,2024-07-29 10:15:00,7.75,0.9,2.345161290322581,2
2024-07-29 15:30:00,2024-07-29 22:30:00,7.25,1.5,3.5448275862068965,15
2024-07-30 04:30:00,2024-07-30 08:00:00,3.75,1.4,2.4733333333333336,4
2024-07-30 09:30:00,2024-07-30 10:30:00,1.25,0.9,1.44,9
2024-07-30 16:15:00,2024-07-30 21:30:00,5.5,1.4,4.113636363636363,16
2024-07-31 03:15:00,2024-07-31 09:45:00,6.75,1.2,3.2259259259259263,3
2024-07-31 17:45:00,2024-08-01 00:15:00,6.75,1.1,2.977777777777778,17
2024-08-01 05:30:00,2024-08-01 13:00:00,7.75,1.6,2.9999999999999996,5
2024-08-01 18:30:00,2024-08-01 21:45:00,3.5,2.3,4.314285714285715,18
2024-08-01 23:15:00,2024-08-02 00:45:00,1.75,1.3,1.5857142857142856,23
2024-08-02 06:30:00,2024-08-02 12:30:00,6.25,2.0,3.136,6
2024-08-02 19:45:00,2024-08-02 22:15:00,2.75,2.3,3.7818181818181813,19
2024-08-03 01:00:00,2024-08-03 02:00:00,1.25,1.4,1.5,1
2024-08-03 07:15:00,2024-08-03 10:15:00,3.25,2.8,4.207692307692307,7
2024-08-03 11:45:00,2024-08-03 13:45:00,2.25,2.3,2.7111111111111112,11
2024-08-03 20:15:00,2024-08-04 03:00:00,7.0,1.5,2.996428571428571,20
2024-08-04 08:30:00,2024-08-04 14:00:00,5.75,1.8,2.956521739130434,8
2024-08-04 21:15:00,2024-08-04 23:45:00,2.75,2.5,3.863636363636364,21
2024-08-05 09:45:00,2024-08-05 11:15:00,1.75,3.5,4.314285714285714,9
2024-08-05 14:45:00,2024-08-05 15:30:00,1.0,2.8,2.95,14
2024-08-05 21:00:00,2024-08-05 21:30:00,0.75,5.8,5.933333333333333,21
2024-08-06 04:15:00,2024-08-06 04:30:00,0.5,4.6,5.0,4
2024-08-06 10:45:00,2024-08-06 13:15:00,2.75,4.0,4.890909090909091,10
2024-08-06 22:15:00,2024-08-07 01:30:00,3.5,3.2,4.6,22
2024-08-07 10:30:00,2024-08-07 13:30:00,3.25,3.2,4.423076923076923,10
2024-08-07 15:15:00,2024-08-07 16:15:00,1.25,2.8,2.9,15
2024-08-07 23:30:00,2024-08-08 02:00:00,2.75,3.3,4.218181818181818,23
2024-08-08 04:30:00,2024-08-08 05:45:00,1.5,2.8,3.183333333333333,4
2024-08-08 12:15:00,2024-08-08 13:30:00,1.5,4.8,5.133333333333334,12
2024-08-08 15:15:00,2024-08-08 16:00:00,1.0,3.8,4.05,15
2024-08-08 20:00:00,2024-08-08 20:15:00,0.5,5.6,5.699999999999999,20
2024-08-08 23:30:00,2024-08-09 02:45:00,3.5,2.1,3.6785714285714293,23
2024-08-09 04:15:00,2024-08-09 04:45:00,0.75,1.2,1.3333333333333333,4
2024-08-09 06:15:00,2024-08-09 08:15:00,2.25,1.5,3.0999999999999996,6
2024-08-09 13:15:00,2024-08-09 17:15:00,4.25,3.2,4.464705882352941,13
2024-08-09 19:45:00,2024-08-09 21:00:00,1.5,5.3,5.666666666666667,19
2024-08-09 23:30:00,2024-08-10 04:30:00,5.25,1.8,3.5666666666666664,23
2024-08-10 14:00:00,2024-08-10 15:30:00,1.75,4.6,5.171428571428571,14
2024-08-10 17:15:00,2024-08-10 20:00:00,3.0,3.6,4.4750000000000005,17
2024-08-10 23:15:00,2024-08-10 23:45:00,0.75,5.3,5.3999999999999995,23
2024-08-11 01:15:00,2024-08-11 08:00:00,7.0,1.1,2.5035714285714277,1
2024-08-11 14:45:00,2024-08-12 08:45:00,18.25,1.9,4.032857142857143,14
2024-08-12 11:00:00,2024-08-12 13:30:00,2.75,3.7,4.463636363636363,11
2024-08-12 15:15:00,2024-08-12 18:45:00,3.75,3.4,3.9933333333333336,15
2024-08-12 20:45:00,2024-08-12 23:15:00,2.75,3.8,4.290909090909091,20
2024-08-13 01:15:00,2024-08-13 08:45:00,7.75,1.9,3.106451612903226,1
2024-08-13 16:15:00,2024-08-13 19:00:00,3.0,2.1,3.1749999999999994,16
2024-08-13 20:30:00,2024-08-13 23:45:00,3.5,2.7,3.5,20
2024-08-14 02:45:00,2024-08-14 10:30:00,8.0,2.2,2.9625,2
2024-08-14 16:45:00,2024-08-14 19:15:00,2.75,2.6,4.036363636363636,16
2024-08-14 22:15:00,2024-08-14 23:15:00,1.25,2.5,2.82,22
2024-08-15 03:45:00,2024-08-15 06:30:00,3.0,2.1,3.3333333333333335,3
2024-08-15 08:45:00,2024-08-15 11:15:00,2.75,1.0,1.4909090909090907,8
2024-08-15 12:45:00,2024-08-15 13:15:00,0.75,3.2,3.4333333333333336,12
2024-08-15 17:30:00,2024-08-15 22:00:00,4.75,1.7,3.2578947368421054,17
2024-08-16 05:15:00,2024-08-16 07:30:00,2.5,2.1,3.37,5
2024-08-16 09:00:00,2024-08-16 10:00:00,1.25,1.1,1.42,9
2024-08-16 17:45:00,2024-08-16 21:30:00,4.0,2.2,4.35,17
2024-08-16 23:15:00,2024-08-16 23:45:00,0.75,1.3,1.5,23
2024-08-17 01:30:00,2024-08-17 02:00:00,0.75,1.9,2.1999999999999997,1
2024-08-17 06:45:00,2024-08-17 08:45:00,2.25,2.1,3.2333333333333334,6
2024-08-17 11:00:00,2024-08-17 13:45:00,3.0,1.1,1.6916666666666667,11
2024-08-17 18:45:00,2024-08-17 22:30:00,4.0,2.1,4.0,18
2024-08-18 00:30:00,2024-08-18 03:00:00,2.75,1.1,1.5,0
2024-08-18 07:00:00,2024-08-18 09:30:00,2.75,2.3,3.627272727272727,7
2024-08-18 11:15:00,2024-08-18 14:30:00,3.5,1.1,1.6285714285714286,11
2024-08-18 20:15:00,2024-08-18 23:15:00,3.25,2.3,3.7923076923076926,20
2024-08-19 01:30:00,2024-08-19 03:00:00,1.75,0.9,1.5714285714285714,1
2024-08-19 08:30:00,2024-08-19 10:15:00,2.0,2.8,3.75,8
2024-08-19 12:30:00,2024-08-19 13:15:00,1.0,1.5,1.85,12
2024-08-19 15:00:00,2024-08-19 15:15:00,0.5,2.1,2.2,15
2024-08-19 20:15:00,2024-08-20 00:15:00,4.25,2.1,3.8470588235294123,20
2024-08-20 10:15:00,2024-08-20 11:15:00,1.25,3.4,3.7600000000000002,10
2024-08-20 13:15:00,2024-08-20 17:00:00,4.0,1.9,2.775,13
2024-08-20 21:15:00,2024-08-21 00:45:00,3.75,2.4,3.94,21
2024-08-21 03:15:00,2024-08-21 03:30:00,0.5,1.3,1.4500000000000002,3
2024-08-21 11:15:00,2024-08-21 12:45:00,1.75,4.0,4.514285714285714,11
2024-08-21 15:00:00,2024-08-21 15:15:00,0.5,2.9,3.2,15
2024-08-21 22:45:00,2024-08-22 02:00:00,3.5,2.4,4.057142857142856,22
2024-08-22 12:15:00,2024-08-22 13:45:00,1.75,4.3,4.885714285714285,12
2024-08-22 16:00:00,2024-08-22 17:30:00,1.75,3.1,3.8857142857142857,16
2024-08-22 23:30:00,2024-08-23 02:30:00,3.25,2.6,4.184615384615385,23
2024-08-23 04:45:00,2024-08-23 06:30:00,2.0,1.8,2.2874999999999996,4
2024-08-23 13:15:00,2024-08-23 14:45:00,1.75,4.9,5.5,13
2024-08-23 17:30:00,2024-08-23 18:00:00,0.75,3.8,4.066666666666666,17
2024-08-24 00:15:00,2024-08-24 03:15:00,3.25,2.6,4.115384615384615,0
2024-08-24 05:15:00,2024-08-24 06:15:00,1.25,1.9,2.14,5
2024-08-24 14:15:00,2024-08-24 16:00:00,2.0,4.5,5.225,14
2024-08-24 17:45:00,2024-08-24 19:30:00,2.0,3.0,3.4125,17
2024-08-25 01:15:00,2024-08-25 04:00:00,3.0,2.5,3.858333333333334,1
2024-08-25 06:15:00,2024-08-25 08:15:00,2.25,1.4,1.811111111111111,6
2024-08-25 13:15:00,2024-08-25 17:00:00,4.0,3.5,5.19375,13
2024-08-25 18:30:00,2024-08-25 20:30:00,2.25,1.9,2.311111111111112,18
2024-08-26 01:30:00,2024-08-26 04:30:00,3.25,2.4,4.069230769230769,1
2024-08-26 06:45:00,2024-08-26 10:15:00,3.75,1.0,1.9666666666666666,6
2024-08-26 15:45:00,2024-08-26 20:30:00,5.0,1.5,3.585,15
2024-08-27 03:00:00,2024-08-27 10:45:00,8.0,0.7,2.1843749999999997,3
2024-08-27 15:00:00,2024-08-27 22:45:00,8.0,1.6,3.784375,15
2024-08-28 03:00:00,2024-08-28 11:15:00,8.5,0.8,2.5205882352941176,3
2024-08-28 16:15:00,2024-08-28 23:30:00,7.5,1.1,3.2733333333333334,16
2024-08-29 04:15:00,2024-08-29 10:30:00,6.5,0.7,2.7384615384615385,4
2024-08-29 17:00:00,2024-08-29 21:00:00,4.25,2.0,4.3999999999999995,17
2024-08-29 22:45:00,2024-08-30 00:45:00,2.25,0.7,0.9444444444444446,22
2024-08-30 04:00:00,2024-08-30 09:00:00,5.25,1.5,3.933333333333333,4
2024-08-30 10:30:00,2024-08-30 10:45:00,0.5,0.6,0.8500000000000001,10
2024-08-30 18:15:00,2024-08-31 00:45:00,6.75,0.6,2.8296296296296295,18
2024-08-31 06:15:00,2024-08-31 13:15:00,7.25,0.8,2.362068965517241,6
2024-08-31 19:00:00,2024-08-31 22:30:00,3.75,2.0,4.2,19
2024-09-01 00:30:00,2024-09-01 02:00:00,1.75,0.6,0.9,0
2024-09-01 07:00:00,2024-09-01 10:00:00,3.25,2.4,4.115384615384615,7
2024-09-01 11:30:00,2024-09-01 14:30:00,3.25,1.2,1.6307692307692307,11
2024-09-01 19:30:00,2024-09-02 02:15:00,7.0,0.5,2.9392857142857145,19
2024-09-02 08:00:00,2024-09-02 10:15:00,2.5,2.9,4.13,8
2024-09-02 12:00:00,2024-09-02 15:00:00,3.25,0.1,2.0923076923076924,12
2024-09-02 20:15:00,2024-09-03 00:00:00,4.0,1.8,3.71875,20
2024-09-03 01:30:00,2024-09-03 02:00:00,0.75,1.1,1.3333333333333333,1
2024-09-03 08:45:00,2024-09-03 11:30:00,3.0,4.0,5.125,8
2024-09-03 13:30:00,2024-09-03 14:15:00,1.0,2.4,3.0,13
2024-09-03 21:00:00,2024-09-04 01:00:00,4.25,2.4,4.2823529411764705,21
2024-09-04 02:30:00,2024-09-04 04:00:00,1.75,1.2,1.5857142857142856,2
2024-09-04 11:00:00,2024-09-04 12:15:00,1.5,4.8,5.166666666666666,11
2024-09-04 14:00:00,2024-09-04 15:45:00,2.0,2.7,3.6,14
2024-09-04 21:45:00,2024-09-05 02:00:00,4.5,2.5,4.355555555555556,21
2024-09-05 03:30:00,2024-09-05 03:45:00,0.5,1.1,1.35,3
2024-09-05 11:45:00,2024-09-05 16:30:00,5.0,2.6,4.404999999999999,11
2024-09-05 22:15:00,2024-09-06 04:45:00,6.75,1.1,3.311111111111111,22
2024-09-06 12:15:00,2024-09-06 17:30:00,5.5,2.6,4.05,12
2024-09-06 22:45:00,2024-09-07 04:45:00,6.25,1.4,3.4240000000000004,22
2024-09-07 13:00:00,2024-09-07 14:00:00,1.25,4.8,5.2,13
2024-09-07 16:30:00,2024-09-07 17:45:00,1.5,3.3,3.733333333333333,16
2024-09-07 23:30:00,2024-09-08 05:45:00,6.5,1.2,2.8153846153846156,23
2024-09-08 12:15:00,2024-09-08 18:45:00,6.75,2.7,3.8703703703703702,12
2024-09-09 00:45:00,2024-09-09 06:15:00,5.75,1.3,2.8391304347826085,0
2024-09-09 15:45:00,2024-09-09 18:15:00,2.75,4.5,5.3181818181818175,15
2024-09-10 01:00:00,2024-09-10 03:45:00,3.0,3.1,4.6499999999999995,1
2024-09-10 05:45:00,2024-09-10 08:00:00,2.5,1.7,2.0700000000000003,5
2024-09-10 15:30:00,2024-09-10 19:15:00,4.0,3.9,5.3875,15
2024-09-11 01:45:00,2024-09-11 08:15:00,6.75,1.6,3.3629629629629627,1
2024-09-11 15:30:00,2024-09-11 21:30:00,6.25,3.2,4.856,15
2024-09-12 02:45:00,2024-09-12 09:30:00,7.0,1.9,3.5357142857142856,2
2024-09-12 15:15:00,2024-09-12 19:30:00,4.5,3.6,5.494444444444444,15
2024-09-12 21:00:00,2024-09-12 23:00:00,2.25,2.6,3.4777777777777783,21
2024-09-13 04:30:00,2024-09-13 11:00:00,6.75,1.8,2.9629629629629637,4
2024-09-13 16:15:00,2024-09-13 21:15:00,5.25,2.6,4.866666666666666,16
2024-09-14 04:45:00,2024-09-14 08:15:00,3.75,2.5,4.173333333333334,4
2024-09-14 10:30:00,2024-09-14 12:00:00,1.75,2.3,3.228571428571428,10
2024-09-14 17:45:00,2024-09-15 01:15:00,7.75,1.9,4.306451612903226,17
2024-09-15 05:45:00,2024-09-15 09:15:00,3.75,3.2,4.6466666666666665,5
2024-09-15 11:30:00,2024-09-15 12:30:00,1.25,2.7,3.3600000000000003,11
2024-09-15 19:30:00,2024-09-16 01:45:00,6.5,1.9,4.023076923076922,19
2024-09-16 07:00:00,2024-09-16 10:00:00,3.25,4.4,5.223076923076923,7
2024-09-16 11:30:00,2024-09-16 13:00:00,1.75,3.2,4.014285714285714,11
2024-09-16 19:15:00,2024-09-17 02:00:00,7.0,2.1,4.207142857142857,19
2024-09-17 09:30:00,2024-09-17 10:30:00,1.25,5.0,5.22,9
2024-09-17 13:00:00,2024-09-17 13:15:00,0.5,4.3,4.55,13
2024-09-17 20:15:00,2024-09-18 00:15:00,4.25,3.0,4.882352941176471,20
2024-09-18 02:00:00,2024-09-18 02:15:00,0.5,1.7,1.7999999999999998,2
2024-09-18 10:00:00,2024-09-18 11:15:00,1.5,5.2,5.516666666666667,10
2024-09-18 13:45:00,2024-09-18 14:30:00,1.0,3.1,3.975,13
2024-09-18 21:00:00,2024-09-19 00:45:00,4.0,2.9,4.6625,21
2024-09-19 02:30:00,2024-09-19 03:00:00,0.75,1.1,1.6000000000000003,2
2024-09-19 12:00:00,2024-09-19 12:30:00,0.75,5.0,5.166666666666667,12
2024-09-19 14:45:00,2024-09-19 16:00:00,1.5,3.6,4.333333333333334,14
2024-09-19 22:15:00,2024-09-20 01:30:00,3.5,2.8,4.307142857142856,22
2024-09-20 03:15:00,2024-09-20 03:30:00,0.5,1.4,1.75,3
2024-09-20 15:45:00,2024-09-20 17:15:00,1.75,4.3,4.842857142857143,15
2024-09-20 22:30:00,2024-09-21 02:15:00,4.0,2.8,4.543749999999999,22
2024-09-21 04:00:00,2024-09-21 04:15:00,0.5,1.4,1.65,4
2024-09-21 11:00:00,2024-09-21 11:15:00,0.5,5.6,5.75,11
2024-09-21 16:15:00,2024-09-21 18:00:00,2.0,3.9,4.725,16
2024-09-21 23:15:00,2024-09-22 02:45:00,3.75,2.8,4.473333333333333,23
2024-09-22 04:30:00,2024-09-22 05:15:00,1.0,1.6,1.7999999999999998,4
2024-09-22 16:45:00,2024-09-22 18:00:00,1.5,3.5,4.433333333333333,16
2024-09-23 00:15:00,2024-09-23 03:30:00,3.5,2.5,4.157142857142857,0
2024-09-23 05:00:00,2024-09-23 06:00:00,1.25,0.9,1.34,5
2024-09-23 15:30:00,2024-09-23 19:30:00,4.25,2.6,4.629411764705883,15
2024-09-24 01:00:00,2024-09-24 06:45:00,6.0,1.1,3.3541666666666665,1
2024-09-24 16:15:00,2024-09-24 19:45:00,3.75,2.0,4.3199999999999985,16
2024-09-25 02:00:00,2024-09-25 08:45:00,7.0,0.8,3.035714285714285,2
2024-09-25 16:30:00,2024-09-25 22:15:00,6.0,1.9,3.65,16
2024-09-26 03:15:00,2024-09-26 09:00:00,6.0,1.2,3.3708333333333336,3
2024-09-26 15:00:00,2024-09-26 21:30:00,6.75,2.4,4.4037037037037035,15
2024-09-27 03:45:00,2024-09-27 04:45:00,1.25,5.5,5.82,3
2024-09-27 08:15:00,2024-09-27 08:45:00,0.75,5.1,5.2,8
2024-09-27 10:45:00,2024-09-27 11:15:00,0.75,3.2,3.8333333333333335,10
2024-09-27 17:15:00,2024-09-27 22:30:00,5.5,1.6,3.963636363636363,17
2024-09-28 05:00:00,2024-09-28 12:15:00,7.5,1.2,3.0300000000000002,5
2024-09-28 17:45:00,2024-09-28 23:30:00,6.0,1.2,3.595833333333333,17
2024-09-29 06:45:00,2024-09-29 11:45:00,5.25,1.7,3.0285714285714285,6
2024-09-29 18:30:00,2024-09-30 00:15:00,6.0,1.0,3.5833333333333335,18
2024-09-30 07:30:00,2024-09-30 09:30:00,2.25,3.4,4.422222222222222,7
2024-09-30 11:30:00,2024-09-30 13:00:00,1.75,1.5,1.9571428571428573,11
2024-09-30 19:00:00,2024-10-01 01:15:00,6.5,0.9,3.5153846153846158,19
2024-10-01 07:45:00,2024-10-01 10:30:00,3.0,3.6,4.7749999999999995,7
2024-10-01 12:00:00,2024-10-01 13:15:00,1.5,1.9,2.5833333333333335,12
2024-10-01 19:45:00,2024-10-02 01:30:00,6.0,1.5,3.408333333333333,19
2024-10-02 08:15:00,2024-10-02 08:45:00,0.75,5.6,5.666666666666667,8
2024-10-02 10:30:00,2024-10-02 11:00:00,0.75,4.6,4.733333333333333,10
2024-10-02 13:00:00,2024-10-02 14:00:00,1.25,3.0,3.8,13
2024-10-02 20:15:00,2024-10-03 00:15:00,4.25,2.5,4.476470588235294,20
2024-10-03 01:45:00,2024-10-03 02:45:00,1.25,1.4,1.6,1
2024-10-03 10:45:00,2024-10-03 11:45:00,1.25,5.2,5.46,10
2024-10-03 14:00:00,2024-10-03 14:30:00,0.75,3.8,4.433333333333334,14
2024-10-03 21:00:00,2024-10-04 03:45:00,7.0,1.2,3.460714285714285,21
2024-10-04 11:30:00,2024-10-04 12:45:00,1.5,4.8,5.316666666666667,11
2024-10-04 14:30:00,2024-10-04 15:45:00,1.5,2.9,3.416666666666666,14
2024-10-04 22:15:00,2024-10-05 03:00:00,5.0,1.6,3.2449999999999997,22
2024-10-05 12:00:00,2024-10-05 13:00:00,1.25,5.4,5.68,12
2024-10-05 15:15:00,2024-10-05 17:15:00,2.25,3.7,4.544444444444445,15
2024-10-05 22:00:00,2024-10-06 05:00:00,7.25,1.4,3.1620689655172414,22
2024-10-06 16:00:00,2024-10-06 16:45:00,1.0,3.8,4.2,16
2024-10-06 22:45:00,2024-10-07 07:15:00,8.75,1.8,3.4085714285714284,22
2024-10-07 11:15:00,2024-10-07 12:15:00,1.25,5.5,5.92,11
2024-10-07 14:15:00,2024-10-07 18:45:00,4.75,4.5,5.594736842105263,14
2024-10-07 23:15:00,2024-10-08 02:45:00,3.75,2.7,4.333333333333333,23
2024-10-08 04:45:00,2024-10-08 07:00:00,2.5,1.6,2.16,4
2024-10-08 14:45:00,2024-10-08 18:00:00,3.5,4.0,5.492857142857143,14
2024-10-09 01:00:00,2024-10-09 07:30:00,6.75,1.5,3.0962962962962965,1
2024-10-09 15:15:00,2024-10-09 20:00:00,5.0,3.8,4.805,15
2024-10-10 01:15:00,2024-10-10 05:15:00,4.25,3.4,4.847058823529412,1
2024-10-10 16:30:00,2024-10-10 20:30:00,4.25,4.0,5.464705882352941,16
2024-10-10 22:45:00,2024-10-10 23:30:00,1.0,5.1,5.7,22
2024-10-11 02:45:00,2024-10-11 08:15:00,5.75,2.5,4.434782608695653,2
2024-10-11 09:45:00,2024-10-11 10:30:00,1.0,4.1,4.25,9
2024-10-11 17:00:00,2024-10-11 21:15:00,4.5,3.7,5.144444444444445,17
2024-10-12 03:15:00,2024-10-12 07:15:00,4.25,3.4,5.011764705882353,3
2024-10-12 15:45:00,2024-10-12 22:15:00,6.75,2.9,5.196296296296297,15
2024-10-13 04:45:00,2024-10-13 07:45:00,3.25,3.4,4.730769230769232,4
2024-10-13 09:30:00,2024-10-13 10:00:00,0.75,2.6,2.733333333333333,9
2024-10-13 17:00:00,2024-10-13 21:00:00,4.25,3.5,5.417647058823529,17
2024-10-13 22:45:00,2024-10-13 23:00:00,0.5,2.3,2.55,22
2024-10-14 05:15:00,2024-10-14 11:15:00,6.25,2.0,3.9359999999999995,5
2024-10-14 18:30:00,2024-10-14 23:15:00,5.0,2.6,4.005000000000001,18
2024-10-15 06:30:00,2024-10-15 09:00:00,2.75,4.7,5.6090909090909085,6
2024-10-15 11:45:00,2024-10-15 12:15:00,0.75,2.7,3.0,11
2024-10-15 18:45:00,2024-10-16 00:00:00,5.5,2.8,4.6863636363636365,18
2024-10-16 07:30:00,2024-10-16 09:00:00,1.75,5.2,5.714285714285715,7
2024-10-16 12:00:00,2024-10-16 13:15:00,1.5,4.0,4.3,12
2024-10-16 20:00:00,2024-10-16 22:45:00,3.0,4.5,5.650000000000001,20
2024-10-17 00:45:00,2024-10-17 01:30:00,1.0,3.5,3.65,0
2024-10-17 14:00:00,2024-10-17 15:15:00,1.5,5.4,5.683333333333334,14
2024-10-17 21:00:00,2024-10-17 23:30:00,2.75,4.7,5.672727272727273,21
2024-10-18 01:45:00,2024-10-18 02:00:00,0.5,3.4,3.5999999999999996,1
2024-10-18 14:30:00,2024-10-18 15:15:00,1.0,5.7,6.0249999999999995,14
2024-10-18 22:00:00,2024-10-19 00:15:00,2.5,4.7,5.61,22
2024-10-19 02:15:00,2024-10-19 02:45:00,0.75,3.7,3.8333333333333335,2
2024-10-19 15:15:00,2024-10-19 16:15:00,1.25,5.1,5.94,15
2024-10-19 22:15:00,2024-10-20 01:45:00,3.75,4.4,5.6866666666666665,22
2024-10-20 16:00:00,2024-10-20 16:45:00,1.0,5.0,6.0,16
2024-10-20 23:00:00,2024-10-21 02:15:00,3.5,4.5,5.757142857142857,23
2024-10-21 04:00:00,2024-10-21 05:15:00,1.5,3.4,3.516666666666666,4
2024-10-21 16:15:00,2024-10-21 17:30:00,1.5,4.4,5.866666666666666,16
2024-10-22 00:00:00,2024-10-22 06:00:00,6.25,2.8,4.696,0
2024-10-22 16:45:00,2024-10-22 19:00:00,2.5,4.8,5.58,16
2024-10-23 00:30:00,2024-10-23 07:00:00,6.75,2.2,4.57037037037037,0
2024-10-23 15:15:00,2024-10-23 19:30:00,4.5,4.0,5.572222222222223,15
2024-10-24 01:30:00,2024-10-24 09:00:00,7.75,2.0,4.319354838709678,1
2024-10-24 15:45:00,2024-10-24 20:45:00,5.25,3.1,4.961904761904761,15
2024-10-25 03:15:00,2024-10-25 08:30:00,5.5,2.4,4.45,3
2024-10-25 16:15:00,2024-10-25 21:45:00,5.75,3.0,4.673913043478261,16
2024-10-26 04:45:00,2024-10-26 09:15:00,4.75,2.0,4.21578947368421,4
2024-10-26 10:45:00,2024-10-26 11:45:00,1.25,2.7,4.18,10
2024-10-26 16:00:00,2024-10-26 22:45:00,7.0,2.4,4.628571428571428,16
2024-10-27 04:45:00,2024-10-27 11:45:00,7.25,1.9,4.024137931034482,4
2024-10-27 17:30:00,2024-10-27 23:15:00,6.0,2.5,4.466666666666667,17
2024-10-28 05:45:00,2024-10-28 11:15:00,5.75,2.7,4.765217391304348,5
2024-10-28 18:15:00,2024-10-28 23:30:00,5.5,2.1,4.718181818181818,18
2024-10-29 06:30:00,2024-10-29 09:30:00,3.25,4.5,5.684615384615385,6
2024-10-29 11:15:00,2024-10-29 12:15:00,1.25,2.7,3.16,11
2024-10-29 18:45:00,2024-10-30 00:00:00,5.5,2.3,4.495454545454546,18
2024-10-30 07:30:00,2024-10-30 10:00:00,2.75,4.5,5.427272727272728,7
2024-10-30 11:45:00,2024-10-30 12:45:00,1.25,2.7,3.3,11
2024-10-30 19:15:00,2024-10-31 00:45:00,5.75,1.8,4.234782608695651,19
2024-10-31 07:45:00,2024-10-31 14:15:00,6.75,2.6,4.525925925925926,7
2024-10-31 19:45:00,2024-11-01 02:15:00,6.75,1.9,4.014814814814814,19
2024-11-01 08:15:00,2024-11-01 11:15:00,3.25,5.0,5.9923076923076914,8
2024-11-01 13:00:00,2024-11-01 14:15:00,1.5,2.9,3.766666666666667,13
2024-11-01 20:30:00,2024-11-02 02:00:00,5.75,2.0,3.98695652173913,20
2024-11-02 10:00:00,2024-11-02 11:30:00,1.75,5.3,5.757142857142857,10
2024-11-02 13:30:00,2024-11-02 15:00:00,1.75,2.9,3.4857142857142853,13
2024-11-02 21:00:00,2024-11-03 03:30:00,6.75,2.1,3.9592592592592593,21
2024-11-03 11:30:00,2024-11-03 12:15:00,1.0,6.0,6.25,11
2024-11-03 15:30:00,2024-11-03 15:45:00,0.5,4.5,4.85,15
2024-11-03 22:00:00,2024-11-04 01:30:00,3.75,3.7,5.120000000000001,22
2024-11-04 03:00:00,2024-11-04 03:15:00,0.5,2.1,2.35,3
2024-11-04 13:15:00,2024-11-04 13:30:00,0.5,6.5,6.6,13
2024-11-04 15:15:00,2024-11-04 16:30:00,1.5,4.3,5.3500000000000005,15
2024-11-04 22:30:00,2024-11-05 03:45:00,5.5,2.2,4.404545454545453,22
2024-11-05 13:30:00,2024-11-05 14:00:00,0.75,6.6,6.766666666666666,13
2024-11-05 16:15:00,2024-11-05 17:00:00,1.0,4.1,5.15,16
2024-11-05 23:00:00,2024-11-06 02:30:00,3.75,3.4,5.053333333333333,23
2024-11-06 04:00:00,2024-11-06 04:45:00,1.0,2.1,2.4,4
2024-11-06 14:00:00,2024-11-06 14:45:00,1.0,5.9,6.199999999999999,14
2024-11-06 16:30:00,2024-11-06 19:15:00,3.0,4.1,4.758333333333334,16
2024-11-06 23:45:00,2024-11-07 02:30:00,3.0,3.7,5.241666666666667,23
2024-11-07 05:30:00,2024-11-07 07:15:00,2.0,4.6,4.7875,5
2024-11-07 13:45:00,2024-11-07 17:45:00,4.25,3.3,4.588235294117646,13
2024-11-08 00:45:00,2024-11-08 07:30:00,7.0,2.2,3.882142857142857,0
2024-11-08 15:15:00,2024-11-08 20:30:00,5.5,3.7,4.881818181818182,15
2024-11-09 01:45:00,2024-11-09 05:15:00,3.75,3.1,4.673333333333333,1
2024-11-09 07:00:00,2024-11-09 07:45:00,1.0,1.8,2.225,7
2024-11-09 16:00:00,2024-11-09 18:30:00,2.75,4.7,5.654545454545455,16
2024-11-10 04:00:00,2024-11-10 10:00:00,6.25,2.1,4.136,4
2024-11-10 17:00:00,2024-11-10 22:30:00,5.75,2.2,4.200000000000001,17
2024-11-11 03:45:00,2024-11-11 07:45:00,4.25,3.4,4.964705882352941,3
2024-11-11 09:30:00,2024-11-11 10:15:00,1.0,2.1,2.35,9
2024-11-11 17:15:00,2024-11-11 23:15:00,6.25,2.5,4.104,17
2024-11-12 05:00:00,2024-11-12 08:45:00,4.0,3.5,4.893750000000001,5
2024-11-12 10:45:00,2024-11-12 11:15:00,0.75,2.4,2.9333333333333336,10
2024-11-12 18:00:00,2024-11-12 23:15:00,5.5,2.5,4.422727272727272,18
2024-11-13 07:45:00,2024-11-13 09:00:00,1.5,5.1,5.483333333333333,7
2024-11-13 12:15:00,2024-11-13 12:30:00,0.5,4.1,4.3,12
2024-11-13 19:15:00,2024-11-13 22:30:00,3.5,4.2,5.392857142857144,19
2024-11-14 09:45:00,2024-11-14 10:15:00,0.75,5.8,5.933333333333334,9
2024-11-14 19:45:00,2024-11-14 22:45:00,3.25,4.2,5.269230769230769,19
2024-11-15 02:30:00,2024-11-15 03:15:00,1.0,4.1,4.425000000000001,2
2024-11-15 14:00:00,2024-11-15 15:45:00,2.0,5.1,5.75,14
2024-11-15 20:45:00,2024-11-15 23:45:00,3.25,4.7,5.676923076923076,20
2024-11-16 01:15:00,2024-11-16 03:45:00,2.75,3.9,4.3545454545454545,1
2024-11-16 16:00:00,2024-11-16 17:15:00,1.5,5.5,5.983333333333333,16
2024-11-16 21:45:00,2024-11-17 00:15:00,2.75,4.8,5.572727272727272,21
2024-11-17 02:45:00,2024-11-17 04:30:00,2.0,3.9,4.2375,2
2024-11-17 15:30:00,2024-11-17 17:15:00,2.0,5.8,6.1625000000000005,15
2024-11-17 22:15:00,2024-11-18 01:00:00,3.0,4.6,5.541666666666667,22
2024-11-18 03:15:00,2024-11-18 05:15:00,2.25,3.6,4.1,3
2024-11-18 16:15:00,2024-11-18 18:45:00,2.75,5.7,5.927272727272728,16
2024-11-18 22:30:00,2024-11-19 01:00:00,2.75,4.7,5.754545454545455,22
2024-11-19 05:00:00,2024-11-19 06:15:00,1.5,3.5,3.766666666666667,5
2024-11-19 16:15:00,2024-11-19 17:00:00,1.0,5.5,5.8,16
2024-11-19 23:30:00,2024-11-20 06:30:00,7.25,3.1,4.458620689655172,23
2024-11-20 14:00:00,2024-11-20 18:00:00,4.25,4.8,5.523529411764706,14
2024-11-20 23:45:00,2024-11-21 03:45:00,4.25,4.1,5.235294117647059,23
2024-11-21 07:00:00,2024-11-21 08:15:00,1.5,3.9,4.416666666666667,7
2024-11-21 18:45:00,2024-11-21 19:00:00,0.5,5.5,5.65,18
2024-11-21 20:30:00,2024-11-21 20:45:00,0.5,5.6,5.699999999999999,20
2024-11-22 03:30:00,2024-11-22 06:00:00,2.75,5.3,5.745454545454545,3
2024-11-22 17:00:00,2024-11-22 21:00:00,4.25,6.1,6.311764705882353,17
2024-11-23 04:15:00,2024-11-23 06:45:00,2.75,5.5,6.1,4
2024-11-23 10:30:00,2024-11-23 10:45:00,0.5,6.6,6.75,10
2024-11-23 17:30:00,2024-11-23 19:00:00,1.75,5.8,6.1000000000000005,17
2024-11-24 04:30:00,2024-11-24 07:30:00,3.25,5.3,5.984615384615385,4
2024-11-24 09:00:00,2024-11-24 10:00:00,1.25,4.8,5.279999999999999,9
2024-11-24 17:00:00,2024-11-24 19:45:00,3.0,5.4,6.041666666666667,17
2024-11-24 23:30:00,2024-11-25 00:15:00,1.0,5.9,6.425000000000001,23
2024-11-25 04:00:00,2024-11-25 08:00:00,4.25,5.0,6.270588235294118,4
2024-11-25 17:15:00,2024-11-25 21:45:00,4.75,4.4,5.689473684210527,17
2024-11-26 05:30:00,2024-11-26 11:00:00,5.75,3.8,5.234782608695651,5
2024-11-26 17:00:00,2024-11-26 17:45:00,1.0,6.7,6.875,17
2024-11-26 19:15:00,2024-11-26 22:45:00,3.75,3.2,5.113333333333333,19
2024-11-27 06:45:00,2024-11-27 11:45:00,5.25,3.5,4.828571428571428,6
2024-11-27 19:00:00,2024-11-27 23:15:00,4.5,3.4,4.961111111111111,19
2024-11-28 06:15:00,2024-11-28 09:30:00,3.5,4.7,5.992857142857143,6
2024-11-28 11:30:00,2024-11-28 13:45:00,2.5,3.5,4.09,11
2024-11-28 20:00:00,2024-11-28 23:45:00,4.0,3.1,4.75625,20
2024-11-29 07:45:00,2024-11-29 09:45:00,2.25,5.6,6.266666666666667,7
2024-11-29 12:45:00,2024-11-29 13:00:00,0.5,4.2,4.35,12
2024-11-29 19:45:00,2024-11-29 23:00:00,3.5,4.9,5.892857142857144,19
2024-11-30 01:15:00,2024-11-30 02:00:00,1.0,4.5,4.825,1
2024-11-30 08:45:00,2024-11-30 09:30:00,1.0,6.6,6.85,8
2024-11-30 13:30:00,2024-11-30 14:15:00,1.0,6.1,6.35,13
2024-11-30 20:45:00,2024-11-30 22:45:00,2.25,5.8,6.377777777777777,20
2024-12-01 01:00:00,2024-12-01 03:00:00,2.25,5.0,5.188888888888889,1
2024-12-01 14:30:00,2024-12-01 15:15:00,1.0,6.3,6.65,14
2024-12-01 20:15:00,2024-12-01 22:15:00,2.25,6.4,7.022222222222222,20
2024-12-02 21:45:00,2024-12-02 22:45:00,1.25,6.8,7.1,21
2024-12-03 15:30:00,2024-12-03 15:45:00,0.5,7.4,7.5,15
2024-12-05 16:45:00,2024-12-05 17:15:00,0.75,7.2,7.333333333333333,16
2024-12-06 01:00:00,2024-12-06 05:45:00,5.0,6.9,7.530000000000001,1
2024-12-08 19:30:00,2024-12-08 19:45:00,0.5,7.3,7.4,19
2024-12-09 03:45:00,2024-12-09 04:45:00,1.25,7.5,7.779999999999999,3
2024-12-09 08:15:00,2024-12-09 09:30:00,1.5,6.0,6.416666666666667,8
2024-12-09 19:15:00,2024-12-09 21:15:00,2.25,6.3,6.744444444444444,19
2024-12-10 04:30:00,2024-12-10 06:30:00,2.25,6.4,7.055555555555555,4
2024-12-10 17:30:00,2024-12-10 21:45:00,4.5,5.0,6.5166666666666675,17
2024-12-11 05:30:00,2024-12-11 07:30:00,2.25,6.4,7.111111111111111,5
2024-12-11 17:45:00,2024-12-11 19:30:00,2.0,6.6,7.025,17
2024-12-12 06:15:00,2024-12-12 07:00:00,1.0,7.4,7.699999999999999,6
2024-12-12 19:00:00,2024-12-12 19:30:00,0.75,7.7,7.866666666666667,19
2024-12-12 23:00:00,2024-12-12 23:45:00,1.0,6.1,6.300000000000001,23
2024-12-13 19:30:00,2024-12-13 21:00:00,1.75,7.3,7.799999999999999,19
2024-12-14 21:00:00,2024-12-14 22:30:00,1.75,7.1,7.542857142857143,21
2024-12-15 01:45:00,2024-12-15 02:00:00,0.5,5.9,6.050000000000001,1
2024-12-15 21:15:00,2024-12-15 23:00:00,2.0,7.0,7.5125,21
2024-12-16 02:00:00,2024-12-16 02:15:00,0.5,5.2,5.45,2
2024-12-16 15:00:00,2024-12-16 15:30:00,0.75,6.9,7.033333333333334,15
2024-12-16 22:15:00,2024-12-17 00:30:00,2.5,6.3,7.010000000000001,22
2024-12-17 03:00:00,2024-12-17 03:15:00,0.5,4.7,4.85,3
2024-12-17 16:00:00,2024-12-17 16:15:00,0.5,6.6,6.8,16
2024-12-17 23:00:00,2024-12-18 04:15:00,5.5,3.9,5.918181818181818,23
2024-12-18 16:15:00,2024-12-18 16:30:00,0.5,6.6,6.75,16
2024-12-18 23:45:00,2024-12-19 05:00:00,5.5,4.0,5.945454545454546,23
2024-12-20 01:00:00,2024-12-20 06:45:00,6.0,5.0,5.929166666666666,1
2024-12-20 17:45:00,2024-12-20 18:15:00,0.75,6.3,6.566666666666666,17
2024-12-21 18:30:00,2024-12-21 20:30:00,2.25,7.4,7.688888888888889,18
2024-12-24 04:30:00,2024-12-24 05:15:00,1.0,7.8,8.049999999999999,4
2024-12-25 05:15:00,2024-12-25 06:00:00,1.0,7.8,8.049999999999999,5
2024-12-25 20:15:00,2024-12-25 21:30:00,1.5,7.8,8.049999999999999,20
2024-12-26 06:00:00,2024-12-26 07:00:00,1.25,8.0,8.24,6
2024-12-27 07:30:00,2024-12-27 08:00:00,0.75,7.9,8.033333333333333,7
2024-12-27 19:00:00,2024-12-27 21:30:00,2.75,7.0,7.818181818181818,19
2024-12-28 08:00:00,2024-12-28 09:45:00,2.0,7.2,7.6875,8
2024-12-28 19:45:00,2024-12-29 00:15:00,4.75,5.2,6.773684210526315,19
2024-12-29 08:15:00,2024-12-29 09:15:00,1.25,7.9,8.18,8
2024-12-29 20:15:00,2024-12-29 22:45:00,2.75,6.4,7.263636363636365,20
2024-12-30 13:30:00,2024-12-30 14:45:00,1.5,7.2,7.283333333333334,13
2024-12-30 20:15:00,2024-12-31 00:15:00,4.25,6.2,7.3999999999999995,20
2024-12-31 21:45:00,2025-01-01 00:15:00,2.75,6.4,7.127272727272728,21
2025-01-01 15:15:00,2025-01-01 15:45:00,0.75,7.7,7.866666666666667,15
2025-01-01 22:45:00,2025-01-01 23:00:00,0.5,7.8,7.9,22
2025-01-02 02:30:00,2025-01-02 03:15:00,1.0,6.2,6.45,2
2025-01-02 16:15:00,2025-01-02 17:30:00,1.5,8.4,8.65,16
2025-01-03 16:45:00,2025-01-03 18:00:00,1.5,8.6,8.85,16
2025-01-04 06:45:00,2025-01-04 07:15:00,0.75,7.4,7.5,6
2025-01-04 17:45:00,2025-01-04 18:45:00,1.25,8.7,8.92,17
2025-01-05 18:15:00,2025-01-05 18:30:00,0.5,8.8,8.9,18
2025-01-06 02:15:00,2025-01-06 02:45:00,0.75,8.0,8.200000000000001,2
2025-01-06 06:45:00,2025-01-06 07:00:00,0.5,6.6,6.75,6
2025-01-06 19:15:00,2025-01-06 20:00:00,1.0,7.3,7.4750000000000005,19
2025-01-07 19:15:00,2025-01-07 20:30:00,1.5,8.8,9.016666666666666,19
2025-01-08 08:45:00,2025-01-08 09:30:00,1.0,7.5,7.65,8
2025-01-08 20:15:00,2025-01-08 21:30:00,1.5,8.4,8.683333333333334,20
2025-01-10 11:15:00,2025-01-10 12:15:00,1.25,8.0,8.14,11
2025-01-14 02:15:00,2025-01-14 03:00:00,1.0,7.1,7.375,2
2025-01-15 15:15:00,2025-01-15 16:45:00,1.75,9.1,9.35714285714286,15
2025-01-17 16:30:00,2025-01-17 17:30:00,1.25,9.5,9.64,16
2025-01-18 04:45:00,2025-01-18 05:30:00,1.0,7.3,7.525,4
2025-01-19 15:45:00,2025-01-19 17:45:00,2.25,7.9,8.311111111111112,15
2025-01-20 02:45:00,2025-01-20 06:30:00,4.0,7.9,8.51875,2
2025-01-21 14:00:00,2025-01-21 14:45:00,1.0,8.9,9.025,14
2025-01-21 17:00:00,2025-01-21 18:00:00,1.25,9.8,9.959999999999999,17
2025-01-22 12:30:00,2025-01-22 14:00:00,1.75,9.2,9.671428571428569,12
2025-01-22 18:15:00,2025-01-22 20:00:00,2.0,9.5,9.850000000000001,18
2025-01-22 21:30:00,2025-01-22 22:30:00,1.25,9.5,9.84,21
2025-01-23 15:00:00,2025-01-23 20:00:00,5.25,9.4,9.995238095238097,15
2025-01-24 20:45:00,2025-01-25 01:15:00,4.75,9.4,9.673684210526314,20
2025-01-25 21:30:00,2025-01-25 22:30:00,1.25,9.7,9.819999999999999,21
2025-01-27 12:30:00,2025-01-27 12:45:00,0.5,7.6,7.85,12
2025-01-27 21:45:00,2025-01-28 00:15:00,2.75,7.6,8.445454545454545,21
2025-01-28 23:30:00,2025-01-29 00:00:00,0.75,8.6,8.766666666666667,23
2025-01-29 13:15:00,2025-01-29 14:30:00,1.5,9.5,9.616666666666667,13
2025-01-29 23:15:00,2025-01-30 02:15:00,3.25,7.3,8.315384615384614,23
2025-01-30 14:15:00,2025-01-30 14:45:00,0.75,9.2,9.433333333333334,14
2025-01-31 02:45:00,2025-01-31 03:15:00,0.75,6.8,6.966666666666666,2
2025-01-31 15:30:00,2025-01-31 15:45:00,0.5,8.7,8.899999999999999,15
2025-01-31 23:00:00,2025-02-01 04:30:00,5.75,6.1,7.4217391304347835,23
2025-02-01 16:00:00,2025-02-01 16:45:00,1.0,8.6,8.95,16
2025-02-01 23:45:00,2025-02-02 00:00:00,0.5,8.7,8.8,23
2025-02-02 02:15:00,2025-02-02 04:45:00,2.75,6.6,7.218181818181818,2
2025-02-02 17:00:00,2025-02-02 17:15:00,0.5,9.1,9.3,17
2025-02-03 00:45:00,2025-02-03 02:15:00,1.75,7.8,8.242857142857142,0
2025-02-03 17:15:00,2025-02-03 18:45:00,1.75,9.0,9.442857142857141,17
2025-02-04 01:45:00,2025-02-04 02:30:00,1.0,8.1,8.375,1
2025-02-04 17:15:00,2025-02-04 18:45:00,1.75,8.3,9.0,17
2025-02-05 02:45:00,2025-02-05 04:00:00,1.5,7.7,8.083333333333334,2
2025-02-05 07:00:00,2025-02-05 09:30:00,2.75,5.9,6.581818181818182,7
2025-02-05 18:15:00,2025-02-05 20:00:00,2.0,8.2,8.900000000000002,18
2025-02-06 03:30:00,2025-02-06 06:15:00,3.0,6.9,7.7,3
2025-02-06 18:00:00,2025-02-06 23:15:00,5.5,7.2,8.386363636363638,18
2025-02-07 04:45:00,2025-02-07 07:15:00,2.75,6.8,7.554545454545454,4
2025-02-07 09:15:00,2025-02-07 09:30:00,0.5,5.6,5.8,9
2025-02-07 15:00:00,2025-02-07 22:00:00,7.25,6.0,8.441379310344828,15
2025-02-08 05:45:00,2025-02-08 08:15:00,2.75,6.5,7.345454545454545,5
2025-02-08 19:30:00,2025-02-08 23:15:00,4.0,5.5,7.081250000000001,19
2025-02-09 06:45:00,2025-02-09 09:00:00,2.5,6.4,7.220000000000001,6
2025-02-09 20:15:00,2025-02-10 00:00:00,4.0,4.7,6.393750000000001,20
2025-02-10 07:30:00,2025-02-10 09:00:00,1.75,6.9,7.485714285714286,7
2025-02-10 13:45:00,2025-02-10 15:00:00,1.5,6.4,7.616666666666667,13
2025-02-10 20:00:00,2025-02-11 00:30:00,4.75,5.5,6.821052631578947,20
2025-02-11 20:45:00,2025-02-11 22:45:00,2.25,6.8,7.377777777777778,20
2025-02-12 14:15:00,2025-02-12 15:30:00,1.5,7.0,7.333333333333333,14
2025-02-12 21:30:00,2025-02-12 23:30:00,2.25,6.6,7.311111111111111,21
2025-02-13 02:15:00,2025-02-13 03:45:00,1.75,5.2,5.671428571428571,2
2025-02-13 22:00:00,2025-02-14 01:15:00,3.5,5.7,6.635714285714286,22
2025-02-14 14:45:00,2025-02-14 15:00:00,0.5,8.9,9.0,14
2025-02-14 16:45:00,2025-02-14 17:15:00,0.75,8.2,8.433333333333334,16
2025-02-14 23:00:00,2025-02-15 00:45:00,2.0,7.0,7.575,23
2025-02-15 03:45:00,2025-02-15 04:45:00,1.25,6.0,6.12,3
2025-02-15 23:45:00,2025-02-16 01:15:00,1.75,6.6,7.171428571428571,23
2025-02-16 04:30:00,2025-02-16 05:45:00,1.5,5.5,5.833333333333333,4
2025-02-17 01:00:00,2025-02-17 02:45:00,2.0,6.6,7.1125,1
2025-02-17 16:45:00,2025-02-17 19:15:00,2.75,8.3,8.763636363636364,16
2025-02-18 05:15:00,2025-02-18 09:45:00,4.75,6.8,7.43157894736842,5
2025-02-18 12:00:00,2025-02-18 12:45:00,1.0,8.1,8.575,12
2025-02-18 18:45:00,2025-02-18 20:00:00,1.5,8.5,8.799999999999999,18
2025-02-19 22:30:00,2025-02-19 23:30:00,1.25,8.3,8.4,22
2025-02-20 19:15:00,2025-02-20 20:30:00,1.5,8.9,9.233333333333333,19
2025-02-20 22:15:00,2025-02-20 23:30:00,1.5,8.4,8.549999999999999,22
2025-02-21 01:30:00,2025-02-21 02:45:00,1.5,8.2,8.35,1
2025-02-21 12:00:00,2025-02-21 13:30:00,1.75,8.6,8.785714285714286,12
2025-02-21 18:00:00,2025-02-21 20:45:00,3.0,8.4,8.733333333333333,18
2025-02-22 14:45:00,2025-02-22 15:45:00,1.25,8.4,8.62,14
2025-02-22 17:30:00,2025-02-22 19:30:00,2.25,8.5,8.588888888888889,17
2025-02-22 22:45:00,2025-02-23 00:00:00,1.5,8.5,8.616666666666667,22
2025-02-23 18:00:00,2025-02-23 23:15:00,5.5,8.4,8.927272727272728,18
2025-02-24 06:15:00,2025-02-24 07:00:00,1.0,7.8,8.075,6
2025-02-24 20:15:00,2025-02-24 23:30:00,3.5,6.9,7.678571428571429,20
2025-02-25 06:45:00,2025-02-25 08:00:00,1.5,7.8,8.133333333333333,6
2025-02-25 19:30:00,2025-02-25 20:45:00,1.5,7.4,7.833333333333332,19
2025-02-26 20:15:00,2025-02-26 22:00:00,2.0,6.9,7.45,20
2025-02-27 21:00:00,2025-02-27 23:15:00,2.5,6.5,7.18,21
2025-02-28 21:30:00,2025-02-28 23:00:00,1.75,7.2,7.671428571428572,21
2025-03-01 22:30:00,2025-03-02 00:15:00,2.0,6.8,7.3375,22
2025-03-02 23:15:00,2025-03-03 00:30:00,1.5,7.4,7.733333333333333,23
2025-03-04 00:00:00,2025-03-04 01:45:00,2.0,7.2,7.65,0
2025-03-05 01:30:00,2025-03-05 02:45:00,1.5,7.0,7.433333333333334,1
2025-03-05 07:30:00,2025-03-05 07:45:00,0.5,6.0,6.1,7
2025-03-08 04:30:00,2025-03-08 05:15:00,1.0,7.4,7.65,4
2025-03-08 19:00:00,2025-03-08 21:45:00,3.0,7.2,7.916666666666668,19
2025-03-09 05:45:00,2025-03-09 07:15:00,1.75,7.0,7.442857142857143,5
2025-03-09 12:00:00,2025-03-09 12:15:00,0.5,6.9,7.25,12
2025-03-09 19:45:00,2025-03-09 21:45:00,2.25,6.9,7.322222222222223,19
2025-03-10 06:45:00,2025-03-10 07:30:00,1.0,7.2,7.475,6
2025-03-10 19:00:00,2025-03-10 20:00:00,1.25,7.2,7.5200000000000005,19
2025-03-11 20:00:00,2025-03-11 21:30:00,1.75,6.9,7.357142857142857,20
2025-03-12 20:30:00,2025-03-12 22:15:00,2.0,6.6,7.25,20
2025-03-13 21:15:00,2025-03-13 23:00:00,2.0,6.4,7.0375,21
2025-03-14 21:30:00,2025-03-15 00:30:00,3.25,5.7,6.746153846153846,21
2025-03-15 22:15:00,2025-03-16 00:30:00,2.5,5.9,6.74,22
2025-03-16 11:15:00,2025-03-16 12:15:00,1.25,6.8,7.08,11
2025-03-16 23:15:00,2025-03-17 01:45:00,2.75,5.0,6.0636363636363635,23
2025-03-17 23:15:00,2025-03-18 03:00:00,4.0,5.8,6.6625,23
2025-03-19 00:00:00,2025-03-19 01:45:00,2.0,6.3,6.987500000000001,0
2025-03-20 01:00:00,2025-03-20 03:15:00,2.5,5.8,6.659999999999999,1
2025-03-21 12:00:00,2025-03-21 12:15:00,0.5,7.6,7.85,12
2025-03-21 19:45:00,2025-03-21 22:30:00,3.0,7.9,8.266666666666667,19
2025-03-22 16:00:00,2025-03-22 17:00:00,1.25,8.3,8.420000000000002,16
2025-03-23 05:30:00,2025-03-23 07:15:00,2.0,6.3,6.8375,5
2025-03-23 18:45:00,2025-03-23 20:45:00,2.25,7.8,8.18888888888889,18
2025-03-23 22:45:00,2025-03-24 00:30:00,2.0,8.0,8.175,22
2025-03-24 05:15:00,2025-03-24 06:45:00,1.75,6.2,6.671428571428572,5
2025-03-24 11:15:00,2025-03-24 14:00:00,3.0,6.1,8.008333333333331,11
2025-03-24 19:15:00,2025-03-24 21:00:00,2.0,6.3,6.825,19
2025-03-24 23:15:00,2025-03-25 00:15:00,1.25,6.8,7.340000000000001,23
2025-03-25 05:45:00,2025-03-25 08:00:00,2.5,5.9,6.590000000000001,5
2025-03-25 11:45:00,2025-03-25 13:00:00,1.5,5.7,6.516666666666667,11
2025-03-25 19:00:00,2025-03-25 21:30:00,2.75,6.2,7.027272727272727,19
2025-03-26 06:15:00,2025-03-26 07:45:00,1.75,6.4,6.942857142857142,6
2025-03-26 13:00:00,2025-03-26 13:15:00,0.5,6.9,7.050000000000001,13
2025-03-26 19:00:00,2025-03-26 20:30:00,1.75,6.3,6.857142857142856,19
2025-03-26 22:15:00,2025-03-26 23:45:00,1.75,4.9,5.185714285714285,22
2025-03-27 07:45:00,2025-03-27 08:15:00,0.75,6.8,7.0,7
2025-03-27 15:15:00,2025-03-27 15:30:00,0.5,7.8,7.9,15
2025-03-27 19:45:00,2025-03-27 22:45:00,3.25,5.6,6.3769230769230765,19
2025-03-28 02:00:00,2025-03-28 03:00:00,1.25,5.0,5.8,2
2025-03-28 20:15:00,2025-03-28 23:15:00,3.25,5.2,6.261538461538462,20
2025-03-29 15:00:00,2025-03-29 15:15:00,0.5,6.9,7.0,15
2025-03-29 21:15:00,2025-03-30 00:00:00,3.0,5.1,6.074999999999999,21
2025-03-30 14:45:00,2025-03-30 15:45:00,1.25,6.7,7.040000000000001,14
2025-03-30 22:15:00,2025-03-31 00:30:00,2.5,5.3,6.07,22
2025-03-31 16:30:00,2025-03-31 16:45:00,0.5,6.5,6.7,16
2025-03-31 23:00:00,2025-04-01 01:45:00,3.0,5.0,5.858333333333333,23
2025-04-01 16:30:00,2025-04-01 17:30:00,1.25,6.7,7.540000000000001,16
2025-04-01 23:45:00,2025-04-02 02:30:00,3.0,4.8,5.766666666666667,23
2025-04-02 18:00:00,2025-04-02 18:30:00,0.75,6.6,6.866666666666667,18
2025-04-03 00:45:00,2025-04-03 03:15:00,2.75,4.9,5.890909090909091,0
2025-04-03 06:15:00,2025-04-03 07:30:00,1.5,3.9,4.016666666666667,6
2025-04-03 18:00:00,2025-04-03 19:00:00,1.25,6.8,6.959999999999999,18
2025-04-04 01:00:00,2025-04-04 04:00:00,3.25,4.4,5.8307692307692305,1
2025-04-04 07:00:00,2025-04-04 07:45:00,1.0,3.3,3.4000000000000004,7
2025-04-04 18:15:00,2025-04-04 18:45:00,0.75,6.3,6.533333333333334,18
2025-04-05 02:00:00,2025-04-05 04:45:00,3.0,4.5,5.841666666666666,2
2025-04-05 07:45:00,2025-04-05 09:30:00,2.0,3.1,3.3875,7
2025-04-05 19:00:00,2025-04-05 20:15:00,1.5,6.4,6.716666666666666,19
2025-04-06 03:00:00,2025-04-06 05:45:00,3.0,4.7,5.900000000000001,3
2025-04-06 10:30:00,2025-04-06 12:45:00,2.5,4.0,5.78,10
2025-04-07 04:00:00,2025-04-07 07:15:00,3.5,4.5,5.8,4
2025-04-07 18:30:00,2025-04-07 21:30:00,3.25,4.7,5.653846153846154,18
2025-04-08 05:15:00,2025-04-08 08:00:00,3.0,4.8,5.625,5
2025-04-08 18:30:00,2025-04-08 20:00:00,1.75,5.5,6.128571428571429,18
2025-04-09 06:30:00,2025-04-09 07:45:00,1.5,5.5,5.8999999999999995,6
2025-04-09 19:15:00,2025-04-09 21:00:00,2.0,5.6,6.2125,19
2025-04-10 07:30:00,2025-04-10 08:15:00,1.0,6.1,6.324999999999999,7
2025-04-10 20:00:00,2025-04-10 22:15:00,2.5,4.9,5.8100000000000005,20
2025-04-11 08:00:00,2025-04-11 08:30:00,0.75,6.2,6.366666666666667,8
2025-04-11 14:45:00,2025-04-11 16:15:00,1.75,6.0,6.571428571428571,14
2025-04-11 20:30:00,2025-04-11 22:30:00,2.25,4.9,5.644444444444444,20
2025-04-12 21:00:00,2025-04-12 23:30:00,2.75,5.0,5.927272727272728,21
2025-04-13 15:30:00,2025-04-13 17:15:00,2.0,6.6,6.9125,15
2025-04-13 21:30:00,2025-04-13 23:30:00,2.25,5.3,6.155555555555555,21
2025-04-14 02:45:00,2025-04-14 03:30:00,1.0,4.2,4.325,2
2025-04-14 22:15:00,2025-04-15 00:15:00,2.25,5.0,5.911111111111111,22
2025-04-15 22:45:00,2025-04-16 01:45:00,3.25,4.7,5.6692307692307695,22
2025-04-16 19:00:00,2025-04-16 19:15:00,0.5,6.9,7.0,19
2025-04-16 23:00:00,2025-04-17 01:15:00,2.5,5.2,6.08,23
2025-04-18 00:15:00,2025-04-18 02:00:00,2.0,5.1,5.7875,0
2025-04-18 05:15:00,2025-04-18 05:45:00,0.75,3.9,4.0,5
2025-04-19 01:15:00,2025-04-19 03:00:00,2.0,4.8,5.575,1
2025-04-19 08:30:00,2025-04-19 09:00:00,0.75,4.1,5.033333333333334,8
2025-04-19 16:45:00,2025-04-19 17:30:00,1.0,6.7,6.8999999999999995,16
2025-04-20 02:15:00,2025-04-20 06:00:00,4.0,3.9,4.9437500000000005,2
2025-04-20 15:00:00,2025-04-20 15:30:00,0.75,6.7,6.833333333333333,15
2025-04-20 17:30:00,2025-04-20 21:30:00,4.25,6.4,6.770588235294119,17
2025-04-21 03:30:00,2025-04-21 06:15:00,3.0,4.1,5.091666666666666,3
2025-04-21 09:15:00,2025-04-21 10:00:00,1.0,3.8,4.0249999999999995,9
2025-04-21 14:00:00,2025-04-21 14:15:00,0.5,6.6,6.699999999999999,14
2025-04-21 17:00:00,2025-04-21 18:15:00,1.5,6.6,6.816666666666666,17
2025-04-21 19:45:00,2025-04-21 21:00:00,1.5,6.1,6.300000000000001,19
2025-04-22 03:00:00,2025-04-22 07:15:00,4.5,3.9,5.294444444444445,3
2025-04-22 09:30:00,2025-04-22 10:45:00,1.5,3.4,3.683333333333333,9
2025-04-22 18:00:00,2025-04-22 21:00:00,3.25,4.9,5.738461538461539,18
2025-04-23 05:00:00,2025-04-23 07:00:00,2.25,4.2,5.166666666666667,5
2025-04-23 10:00:00,2025-04-23 11:30:00,1.75,3.0,4.014285714285714,10
2025-04-23 16:30:00,2025-04-23 20:45:00,4.5,4.6,5.8277777777777775,16
2025-04-24 05:45:00,2025-04-24 07:45:00,2.25,4.2,5.144444444444445,5
2025-04-24 18:15:00,2025-04-24 21:15:00,3.25,4.2,5.215384615384616,18
2025-04-24 23:00:00,2025-04-25 00:15:00,1.5,2.9,3.3000000000000003,23
2025-04-25 06:00:00,2025-04-25 07:45:00,2.0,4.9,5.800000000000001,6
2025-04-25 18:30:00,2025-04-25 22:00:00,3.75,4.0,5.346666666666667,18
2025-04-26 00:30:00,2025-04-26 01:15:00,1.0,3.0,3.2,0
2025-04-26 07:30:00,2025-04-26 08:30:00,1.25,5.2,5.579999999999999,7
2025-04-26 12:00:00,2025-04-26 13:00:00,1.25,4.3,4.680000000000001,12
2025-04-26 19:45:00,2025-04-26 22:45:00,3.25,4.0,5.1461538461538465,19
2025-04-27 00:45:00,2025-04-27 02:00:00,1.5,2.9,3.216666666666667,0
2025-04-27 08:30:00,2025-04-27 09:00:00,0.75,5.4,5.566666666666667,8
2025-04-27 13:00:00,2025-04-27 13:15:00,0.5,5.1,5.199999999999999,13
2025-04-27 20:45:00,2025-04-28 00:15:00,3.75,4.1,5.306666666666667,20
2025-04-28 02:15:00,2025-04-28 03:00:00,1.0,3.2,3.325,2
2025-04-28 13:45:00,2025-04-28 15:30:00,2.0,4.9,5.4625,13
2025-04-28 21:45:00,2025-04-29 01:00:00,3.5,4.2,5.271428571428571,21
2025-04-29 03:00:00,2025-04-29 03:15:00,0.5,3.3,3.4,3
2025-04-29 14:45:00,2025-04-29 16:15:00,1.75,5.1,5.6000000000000005,14
2025-04-29 22:30:00,2025-04-30 01:00:00,2.75,4.3,5.300000000000001,22
2025-04-30 03:45:00,2025-04-30 04:00:00,0.5,3.0,3.1,3
2025-04-30 15:15:00,2025-04-30 17:15:00,2.25,5.4,5.766666666666667,15
2025-04-30 23:30:00,2025-05-01 01:30:00,2.25,4.4,5.311111111111112,23
2025-05-01 03:00:00,2025-05-01 05:45:00,3.0,2.9,3.341666666666667,3
2025-05-01 18:00:00,2025-05-01 18:15:00,0.5,5.7,5.800000000000001,18
2025-05-02 00:30:00,2025-05-02 06:45:00,6.5,2.7,3.923076923076923,0
2025-05-02 16:30:00,2025-05-02 19:00:00,2.75,5.1,5.854545454545455,16
2025-05-03 01:15:00,2025-05-03 03:30:00,2.5,4.1,5.08,1
2025-05-03 05:45:00,2025-05-03 06:45:00,1.25,2.9,3.06,5
2025-05-03 16:45:00,2025-05-03 18:45:00,2.25,5.5,6.088888888888889,16
2025-05-04 02:15:00,2025-05-04 08:30:00,6.5,2.5,3.823076923076923,2
2025-05-04 17:45:00,2025-05-04 21:00:00,3.5,4.8,5.385714285714286,17
2025-05-05 03:00:00,2025-05-05 08:00:00,5.25,2.5,3.9523809523809526,3
2025-05-05 17:45:00,2025-05-05 21:00:00,3.5,4.3,5.364285714285714,17
2025-05-06 04:00:00,2025-05-06 06:30:00,2.75,3.7,4.809090909090909,4
2025-05-06 16:30:00,2025-05-06 23:15:00,7.0,3.9,5.328571428571428,16
2025-05-07 04:45:00,2025-05-07 07:15:00,2.75,3.7,4.8909090909090915,4
2025-05-07 17:00:00,2025-05-07 20:15:00,3.5,3.7,5.157142857142858,17
2025-05-08 06:15:00,2025-05-08 08:15:00,2.25,3.5,4.388888888888889,6
2025-05-08 18:15:00,2025-05-08 21:00:00,3.0,3.8,5.191666666666667,18
2025-05-08 22:45:00,2025-05-08 23:00:00,0.5,2.8,2.95,22
2025-05-09 00:30:00,2025-05-09 01:30:00,1.25,2.9,3.1599999999999997,0
2025-05-09 06:30:00,2025-05-09 11:15:00,5.0,2.6,3.814999999999999,6
2025-05-09 19:00:00,2025-05-09 22:00:00,3.25,3.4,4.753846153846154,19
2025-05-09 23:30:00,2025-05-10 02:00:00,2.75,2.5,2.8181818181818183,23
2025-05-10 07:15:00,2025-05-10 14:15:00,7.25,2.9,3.944827586206897,7
2025-05-10 19:45:00,2025-05-10 23:15:00,3.75,3.7,4.773333333333334,19
2025-05-11 01:15:00,2025-05-11 02:30:00,1.5,3.1,3.566666666666667,1
2025-05-11 08:00:00,2025-05-11 09:00:00,1.25,4.8,5.26,8
2025-05-11 13:45:00,2025-05-11 14:15:00,0.75,4.5,4.6000000000000005,13
2025-05-11 21:00:00,2025-05-11 23:30:00,2.75,4.0,4.918181818181818,21
2025-05-12 09:00:00,2025-05-12 13:00:00,4.25,3.9,4.623529411764706,9
2025-05-12 21:30:00,2025-05-13 00:00:00,2.75,4.1,5.0,21
2025-05-13 13:00:00,2025-05-13 14:30:00,1.75,3.8,4.542857142857143,13
2025-05-13 21:15:00,2025-05-14 00:45:00,3.75,3.4,4.933333333333334,21
2025-05-14 03:00:00,2025-05-14 04:45:00,2.0,2.2,2.625,3
2025-05-14 13:15:00,2025-05-14 15:30:00,2.5,4.1,4.9,13
2025-05-14 21:45:00,2025-05-15 01:00:00,3.5,3.5,5.121428571428572,21
2025-05-15 02:30:00,2025-05-15 04:45:00,2.5,2.3,2.59,2
2025-05-15 13:00:00,2025-05-15 16:30:00,3.75,5.0,5.473333333333334,13
2025-05-15 23:00:00,2025-05-16 06:30:00,7.75,1.9,3.619354838709677,23
2025-05-16 10:15:00,2025-05-16 10:45:00,0.75,5.9,6.066666666666667,10
2025-05-16 12:30:00,2025-05-16 16:45:00,4.5,5.6,6.188888888888888,12
2025-05-16 19:00:00,2025-05-16 19:15:00,0.5,6.7,6.800000000000001,19
2025-05-16 23:15:00,2025-05-17 04:45:00,5.75,2.1,4.052173913043477,23
2025-05-17 10:45:00,2025-05-17 11:45:00,1.25,5.9,6.2,10
2025-05-17 14:00:00,2025-05-17 17:45:00,4.0,5.4,6.1625,14
2025-05-18 00:45:00,2025-05-18 09:00:00,8.5,1.9,3.4588235294117644,0
2025-05-18 11:45:00,2025-05-18 12:00:00,0.5,6.1,6.35,11
2025-05-18 15:30:00,2025-05-18 17:15:00,2.0,5.0,5.65,15
2025-05-19 01:30:00,2025-05-19 06:30:00,5.25,2.1,3.695238095238094,1
2025-05-19 08:45:00,2025-05-19 09:15:00,0.75,2.8,3.266666666666667,8
2025-05-19 15:45:00,2025-05-19 18:15:00,2.75,4.9,5.945454545454546,15
2025-05-20 01:45:00,2025-05-20 07:45:00,6.25,1.8,3.708,1
2025-05-20 16:00:00,2025-05-20 20:45:00,5.0,4.0,5.41,16
2025-05-21 03:30:00,2025-05-21 08:00:00,4.75,1.9,3.3894736842105266,3
2025-05-21 10:30:00,2025-05-21 11:45:00,1.5,3.7,5.2,10
2025-05-21 15:00:00,2025-05-21 21:00:00,6.25,3.6,5.324,15
2025-05-21 23:00:00,2025-05-21 23:15:00,0.5,5.1,5.199999999999999,23
2025-05-22 03:30:00,2025-05-22 11:00:00,7.75,2.4,3.912903225806452,3
2025-05-22 17:00:00,2025-05-22 22:15:00,5.5,2.4,4.559090909090909,17
2025-05-23 00:00:00,2025-05-23 00:15:00,0.5,3.0,3.25,0
2025-05-23 04:30:00,2025-05-23 07:30:00,3.25,3.3,4.753846153846154,4
2025-05-23 09:45:00,2025-05-23 13:00:00,3.5,2.3,3.835714285714286,9
2025-05-23 17:45:00,2025-05-24 00:15:00,6.75,2.1,4.07037037037037,17
2025-05-24 06:00:00,2025-05-24 08:00:00,2.25,3.8,4.722222222222222,6
2025-05-24 10:00:00,2025-05-24 10:15:00,0.5,2.9,3.0,10
2025-05-24 12:45:00,2025-05-24 14:00:00,1.5,4.2,5.633333333333333,12
2025-05-24 18:45:00,2025-05-25 02:30:00,8.0,2.3,4.231249999999999,18
2025-05-25 07:15:00,2025-05-25 09:15:00,2.25,3.8,4.533333333333333,7
2025-05-25 11:15:00,2025-05-25 13:15:00,2.25,3.9,5.233333333333333,11
2025-05-25 14:45:00,2025-05-25 15:00:00,0.5,5.4,5.5,14
2025-05-25 19:45:00,2025-05-25 22:45:00,3.25,4.0,5.015384615384615,19
2025-05-26 01:15:00,2025-05-26 02:00:00,1.0,2.7,3.05,1
2025-05-26 07:45:00,2025-05-26 09:30:00,2.0,4.3,4.85,7
2025-05-26 11:15:00,2025-05-26 12:45:00,1.75,3.3,3.6857142857142864,11
2025-05-26 14:30:00,2025-05-26 15:00:00,0.75,4.1,4.233333333333333,14
2025-05-26 20:30:00,2025-05-26 23:45:00,3.5,3.7,4.978571428571429,20
2025-05-27 02:00:00,2025-05-27 02:45:00,1.0,2.5,2.8750000000000004,2
2025-05-27 09:00:00,2025-05-27 10:45:00,2.0,4.6,5.2625,9
2025-05-27 12:45:00,2025-05-27 16:30:00,4.0,3.4,4.21875,12
2025-05-27 21:00:00,2025-05-28 00:30:00,3.75,4.2,5.28,21
2025-05-28 02:45:00,2025-05-28 03:30:00,1.0,2.9,3.1,2
2025-05-28 10:30:00,2025-05-28 10:45:00,0.5,5.1,5.199999999999999,10
2025-05-28 13:30:00,2025-05-28 16:00:00,2.75,3.2,4.163636363636363,13
2025-05-28 21:45:00,2025-05-29 01:15:00,3.75,3.1,4.753333333333333,21
2025-05-29 03:00:00,2025-05-29 05:00:00,2.25,1.9,2.1444444444444444,3
2025-05-29 11:15:00,2025-05-29 11:30:00,0.5,5.4,5.5,11
2025-05-29 15:00:00,2025-05-29 15:30:00,0.75,3.5,3.8333333333333335,15
2025-05-29 22:15:00,2025-05-30 02:00:00,4.0,3.1,4.55,22
2025-05-30 04:30:00,2025-05-30 05:45:00,1.5,2.1,2.3666666666666667,4
2025-05-30 14:45:00,2025-05-30 17:45:00,3.25,4.3,4.823076923076923,14
2025-05-30 23:45:00,2025-05-31 02:15:00,2.75,3.5,4.627272727272728,23
2025-05-31 05:15:00,2025-05-31 07:45:00,2.75,2.6,2.9272727272727277,5
2025-05-31 14:15:00,2025-05-31 17:00:00,3.0,4.6,5.766666666666667,14
2025-06-01 00:30:00,2025-06-01 07:15:00,7.0,2.3,3.8214285714285716,0
2025-06-01 15:45:00,2025-06-01 19:45:00,4.25,4.3,5.417647058823529,15
2025-06-02 01:15:00,2025-06-02 06:15:00,5.25,2.3,4.119047619047619,1
2025-06-02 08:15:00,2025-06-02 08:30:00,0.5,1.7,1.9,8
2025-06-02 16:00:00,2025-06-02 20:00:00,4.25,3.7,5.3,16
2025-06-03 02:00:00,2025-06-03 08:15:00,6.5,1.7,3.6499999999999995,2
2025-06-03 10:00:00,2025-06-03 11:15:00,1.5,3.8,5.366666666666667,10
2025-06-03 16:30:00,2025-06-03 20:30:00,4.25,3.8,5.0588235294117645,16
2025-06-04 03:15:00,2025-06-04 12:15:00,9.25,2.3,3.991891891891892,3
2025-06-04 15:30:00,2025-06-04 18:30:00,3.25,4.8,5.630769230769231,15
2025-06-05 03:45:00,2025-06-05 06:00:00,2.5,4.0,5.16,3
2025-06-05 17:15:00,2025-06-05 21:45:00,4.75,3.0,4.363157894736843,17
2025-06-06 04:15:00,2025-06-06 10:45:00,6.75,1.9,3.9370370370370376,4
2025-06-06 18:15:00,2025-06-06 20:15:00,2.25,4.0,5.111111111111111,18
2025-06-06 21:45:00,2025-06-06 23:15:00,1.75,2.6,2.9285714285714284,21
2025-06-07 05:00:00,2025-06-07 10:15:00,5.5,2.2,4.254545454545455,5
2025-06-07 12:15:00,2025-06-07 14:45:00,2.75,3.9,5.827272727272727,12
2025-06-07 18:45:00,2025-06-07 23:45:00,5.25,1.9,3.833333333333334,18
2025-06-08 05:30:00,2025-06-08 06:30:00,1.25,4.8,5.28,5
2025-06-08 08:00:00,2025-06-08 15:30:00,7.75,2.6,4.52258064516129,8
2025-06-08 18:45:00,2025-06-09 01:45:00,7.25,2.2,3.862068965517242,18
2025-06-09 08:45:00,2025-06-09 10:45:00,2.25,3.5,4.344444444444444,8
2025-06-09 13:00:00,2025-06-09 15:30:00,2.75,4.1,5.5,13
2025-06-09 18:45:00,2025-06-09 21:45:00,3.25,3.7,5.376923076923077,18
2025-06-10 00:45:00,2025-06-10 03:15:00,2.75,2.1,2.6272727272727274,0
2025-06-10 06:15:00,2025-06-10 13:15:00,7.25,2.1,4.472413793103448,6
2025-06-10 15:00:00,2025-06-10 16:30:00,1.75,5.3,5.828571428571428,15
2025-06-10 20:45:00,2025-06-10 23:00:00,2.5,3.4,4.71,20
2025-06-11 01:15:00,2025-06-11 03:30:00,2.5,2.1,2.5799999999999996,1
2025-06-11 07:30:00,2025-06-11 17:15:00,10.0,3.2,4.904999999999999,7
2025-06-11 20:30:00,2025-06-11 23:45:00,3.5,3.1,4.964285714285714,20
2025-06-12 01:15:00,2025-06-12 03:00:00,2.0,1.8,2.2125000000000004,1
2025-06-12 04:30:00,2025-06-12 04:45:00,0.5,4.4,4.550000000000001,4
2025-06-12 10:30:00,2025-06-12 17:45:00,7.5,3.3,4.606666666666667,10
2025-06-12 21:30:00,2025-06-13 01:30:00,4.25,2.8,4.56470588235294,21
2025-06-13 03:15:00,2025-06-13 04:45:00,1.75,2.1,2.485714285714286,3
2025-06-13 10:45:00,2025-06-13 15:30:00,5.0,3.7,4.42,10
2025-06-13 22:00:00,2025-06-14 04:45:00,7.0,2.1,3.664285714285714,22
2025-06-14 10:15:00,2025-06-14 10:45:00,0.75,5.2,5.400000000000001,10
2025-06-14 13:30:00,2025-06-14 19:15:00,6.0,4.5,5.233333333333333,13
2025-06-15 00:00:00,2025-06-15 02:15:00,2.5,2.9,3.95,0
2025-06-15 04:00:00,2025-06-15 06:00:00,2.25,1.9,2.433333333333333,4
2025-06-15 10:30:00,2025-06-15 11:00:00,0.75,4.8,5.133333333333333,10
2025-06-15 14:00:00,2025-06-15 16:45:00,3.0,4.4,5.1499999999999995,14
2025-06-15 19:30:00,2025-06-15 20:15:00,1.0,5.1,5.450000000000001,19
2025-06-16 00:00:00,2025-06-16 02:30:00,2.75,3.1,4.572727272727272,0
2025-06-16 05:00:00,2025-06-16 07:00:00,2.25,1.9,2.2444444444444445,5
2025-06-16 15:30:00,2025-06-16 18:15:00,3.0,5.1,5.5,15
2025-06-17 00:30:00,2025-06-17 07:15:00,7.0,1.9,3.3285714285714287,0
2025-06-17 16:00:00,2025-06-17 18:30:00,2.75,4.8,5.445454545454545,16
2025-06-17 21:45:00,2025-06-17 22:00:00,0.5,5.6,5.699999999999999,21
2025-06-18 01:00:00,2025-06-18 05:00:00,4.25,2.5,4.2,1
2025-06-18 06:30:00,2025-06-18 09:15:00,3.0,1.6,2.766666666666667,6
2025-06-18 15:15:00,2025-06-18 17:30:00,2.5,5.1,5.75,15
2025-06-18 19:15:00,2025-06-18 20:15:00,1.25,3.8,4.24,19
2025-06-19 02:00:00,2025-06-19 06:30:00,4.75,2.3,3.973684210526315,2
2025-06-19 16:00:00,2025-06-19 21:45:00,6.0,3.3,4.4375,16
2025-06-20 03:00:00,2025-06-20 06:30:00,3.75,2.6,4.213333333333333,3
2025-06-20 09:30:00,2025-06-20 12:00:00,2.75,2.5,4.945454545454545,9
2025-06-20 15:45:00,2025-06-20 22:45:00,7.25,2.7,4.286206896551724,15
2025-06-21 04:45:00,2025-06-21 06:45:00,2.25,2.8,3.9444444444444446,4
2025-06-21 08:15:00,2025-06-21 12:45:00,4.75,1.9,3.3894736842105266,8
2025-06-21 16:45:00,2025-06-22 00:15:00,7.75,2.0,3.6677419354838707,16
2025-06-22 05:00:00,2025-06-22 13:30:00,8.75,2.0,3.3828571428571426,5
2025-06-22 18:00:00,2025-06-23 00:45:00,7.0,2.0,3.6357142857142866,18
2025-06-23 06:45:00,2025-06-23 08:30:00,2.0,2.8,3.75,6
2025-06-23 10:30:00,2025-06-23 12:00:00,1.75,2.1,2.528571428571429,10
2025-06-23 13:30:00,2025-06-23 14:15:00,1.0,4.8,4.95,13
2025-06-23 18:30:00,2025-06-23 22:15:00,4.0,3.0,4.64375,18
2025-06-24 00:00:00,2025-06-24 02:45:00,3.0,1.8,2.391666666666667,0
2025-06-24 07:00:00,2025-06-24 09:00:00,2.25,3.2,4.2444444444444445,7
2025-06-24 11:30:00,2025-06-24 12:00:00,0.75,3.0,3.0666666666666664,11
2025-06-24 13:30:00,2025-06-24 15:00:00,1.75,4.5,4.714285714285714,13
2025-06-24 20:00:00,2025-06-24 23:15:00,3.5,2.6,4.078571428571428,20
2025-06-25 01:45:00,2025-06-25 03:15:00,1.75,1.8,2.2,1
2025-06-25 08:00:00,2025-06-25 10:15:00,2.5,3.5,4.37,8
2025-06-25 14:00:00,2025-06-25 16:00:00,2.25,3.8,4.71111111111111,14
2025-06-25 20:30:00,2025-06-26 00:00:00,3.75,2.9,4.413333333333333,20
2025-06-26 02:15:00,2025-06-26 04:30:00,2.5,2.0,2.54,2
2025-06-26 08:45:00,2025-06-26 10:30:00,2.0,4.3,4.875,8
2025-06-26 13:30:00,2025-06-26 16:30:00,3.25,3.7,4.530769230769231,13
2025-06-26 21:15:00,2025-06-27 00:30:00,3.5,3.1,4.55,21
2025-06-27 03:15:00,2025-06-27 05:00:00,2.0,2.0,2.1500000000000004,3
2025-06-27 15:00:00,2025-06-27 18:00:00,3.25,4.2,4.8999999999999995,15
2025-06-27 22:30:00,2025-06-28 01:45:00,3.5,2.9,4.257142857142857,22
2025-06-28 03:45:00,2025-06-28 05:00:00,1.5,1.9,2.1666666666666665,3
2025-06-28 15:15:00,2025-06-28 16:30:00,1.5,4.1,4.366666666666667,15
2025-06-28 18:45:00,2025-06-28 19:00:00,0.5,4.7,4.800000000000001,18
2025-06-28 23:30:00,2025-06-29 02:15:00,3.0,2.9,4.133333333333334,23
2025-06-29 04:00:00,2025-06-29 05:30:00,1.75,1.6,2.042857142857143,4
2025-06-29 15:30:00,2025-06-29 19:45:00,4.5,4.0,4.766666666666666,15
2025-06-30 00:00:00,2025-06-30 05:45:00,6.0,1.5,3.15,0
2025-07-01 00:45:00,2025-07-01 08:45:00,8.25,1.7,2.8696969696969696,0
2025-07-01 16:15:00,2025-07-01 19:30:00,3.5,4.4,5.028571428571429,16
2025-07-02 02:00:00,2025-07-02 06:15:00,4.5,2.0,3.4499999999999997,2
2025-07-02 08:15:00,2025-07-02 08:45:00,0.75,2.1,2.466666666666667,8
2025-07-02 14:00:00,2025-07-02 14:15:00,0.5,5.2,5.550000000000001,14
2025-07-02 17:00:00,2025-07-02 21:30:00,4.75,4.0,4.678947368421052,17
2025-07-03 02:15:00,2025-07-03 11:45:00,9.75,1.7,3.5641025641025643,2
2025-07-03 15:15:00,2025-07-03 22:00:00,7.0,3.2,4.642857142857143,15
2025-07-04 02:45:00,2025-07-04 09:45:00,7.25,1.6,3.1965517241379313,2
2025-07-04 16:15:00,2025-07-04 21:15:00,5.25,3.0,4.599999999999999,16
2025-07-05 04:00:00,2025-07-05 11:45:00,8.0,2.1,3.6156249999999996,4
2025-07-05 17:00:00,2025-07-06 00:00:00,7.25,2.6,4.024137931034482,17
2025-07-06 05:15:00,2025-07-06 13:00:00,8.0,2.0,3.240625,5
2025-07-06 18:15:00,2025-07-07 00:45:00,6.75,2.2,3.5518518518518514,18
2025-07-07 06:30:00,2025-07-07 11:45:00,5.5,1.7,2.8545454545454545,6
2025-07-07 14:00:00,2025-07-07 14:45:00,1.0,5.5,5.925000000000001,14
2025-07-07 18:15:00,2025-07-08 01:45:00,7.75,1.8,3.3483870967741924,18
2025-07-08 07:30:00,2025-07-08 12:15:00,5.0,2.0,3.055,7
2025-07-08 14:45:00,2025-07-08 15:15:00,0.75,5.9,6.066666666666667,14
2025-07-08 19:30:00,2025-07-08 22:15:00,3.0,3.0,4.333333333333333,19
2025-07-08 23:45:00,2025-07-09 02:30:00,3.0,1.6,1.9583333333333337,23
2025-07-09 08:15:00,2025-07-09 15:30:00,7.5,2.4,3.8633333333333324,8
2025-07-09 20:00:00,2025-07-10 00:30:00,4.75,2.0,3.6105263157894742,20
2025-07-10 02:00:00,2025-07-10 03:00:00,1.25,1.7,1.94,2
2025-07-10 08:15:00,2025-07-10 16:15:00,8.25,1.7,3.3878787878787877,8
2025-07-10 21:00:00,2025-07-10 23:00:00,2.25,3.2,4.188888888888889,21
2025-07-11 01:30:00,2025-07-11 03:00:00,1.75,2.1,2.257142857142857,1
2025-07-11 10:00:00,2025-07-11 13:00:00,3.25,3.3,3.853846153846154,10
2025-07-11 21:00:00,2025-07-12 00:30:00,3.75,2.6,4.279999999999999,21
2025-07-12 03:00:00,2025-07-12 03:15:00,0.5,1.6,1.8,3
2025-07-12 10:45:00,2025-07-12 13:30:00,3.0,3.9,4.316666666666666,10
2025-07-12 15:00:00,2025-07-12 15:45:00,1.0,3.8,4.324999999999999,15
2025-07-12 22:15:00,2025-07-13 01:15:00,3.25,2.7,3.9846153846153842,22
2025-07-13 03:30:00,2025-07-13 05:30:00,2.25,1.9,2.311111111111111,3
2025-07-13 11:30:00,2025-07-13 17:00:00,5.75,3.9,4.6695652173913045,11
2025-07-13 23:00:00,2025-07-14 02:00:00,3.25,2.6,3.9923076923076923,23
2025-07-14 12:00:00,2025-07-14 12:30:00,0.75,5.0,5.2,12
2025-07-15 00:00:00,2025-07-15 02:45:00,3.0,2.6,3.783333333333333,0
2025-07-15 05:15:00,2025-07-15 07:00:00,2.0,1.4,2.1875,5
2025-07-15 13:00:00,2025-07-15 15:30:00,2.75,4.3,4.972727272727273,13
2025-07-16 00:15:00,2025-07-16 03:15:00,3.25,2.9,4.3307692307692305,0
2025-07-16 16:15:00,2025-07-16 18:00:00,2.0,3.7,4.25,16
2025-07-17 01:15:00,2025-07-17 04:15:00,3.25,2.6,3.930769230769231,1
2025-07-17 14:15:00,2025-07-17 19:30:00,5.5,3.2,4.704545454545454,14
2025-07-18 01:30:00,2025-07-18 07:15:00,6.0,1.7,3.420833333333333,1
2025-07-18 14:30:00,2025-07-18 21:45:00,7.5,2.3,3.61,14
2025-07-19 03:15:00,2025-07-19 06:15:00,3.25,2.1,3.538461538461538,3
2025-07-19 11:00:00,2025-07-19 11:15:00,0.5,4.8,4.9,11
2025-07-19 16:15:00,2025-07-19 21:30:00,5.5,2.3,3.9999999999999996,16
2025-07-20 03:45:00,2025-07-20 07:30:00,4.0,2.0,3.6625,3
2025-07-20 12:00:00,2025-07-20 12:15:00,0.5,5.2,5.300000000000001,12
2025-07-20 17:15:00,2025-07-20 23:30:00,6.5,2.2,3.557692307692307,17
2025-07-21 05:15:00,2025-07-21 08:00:00,3.0,2.4,3.7083333333333326,5
2025-07-21 13:00:00,2025-07-21 13:15:00,0.5,5.1,5.25,13
2025-07-21 18:00:00,2025-07-21 23:00:00,5.25,1.9,3.880952380952381,18
2025-07-22 06:00:00,2025-07-22 14:15:00,8.5,2.2,3.4588235294117644,6
2025-07-22 19:00:00,2025-07-22 22:15:00,3.5,2.7,3.992857142857143,19
2025-07-22 23:45:00,2025-07-23 01:45:00,2.25,1.8,2.033333333333333,23
2025-07-23 07:30:00,2025-07-23 09:00:00,1.75,3.4,4.185714285714285,7
2025-07-23 12:30:00,2025-07-23 13:30:00,1.25,2.6,2.74,12
2025-07-23 15:15:00,2025-07-23 15:30:00,0.5,4.5,4.7,15
2025-07-23 20:15:00,2025-07-24 02:15:00,6.25,2.0,3.488,20
2025-07-24 08:30:00,2025-07-24 10:00:00,1.75,3.6,4.2,8
2025-07-24 13:00:00,2025-07-24 16:15:00,3.5,2.8,3.95,13
2025-07-24 20:15:00,2025-07-25 00:00:00,4.0,2.6,4.28125,20
2025-07-25 02:15:00,2025-07-25 03:30:00,1.5,1.6,1.7666666666666666,2
2025-07-25 09:45:00,2025-07-25 11:15:00,1.75,3.6,4.114285714285715,9
2025-07-25 13:45:00,2025-07-25 17:00:00,3.5,3.6,4.192857142857142,13
2025-07-25 21:45:00,2025-07-26 01:30:00,4.0,2.3,3.6312499999999996,21
2025-07-26 03:00:00,2025-07-26 05:30:00,2.75,1.8,2.5,3
2025-07-26 10:30:00,2025-07-26 11:15:00,1.0,4.4,4.675,10
2025-07-26 15:15:00,2025-07-26 17:15:00,2.25,3.7,4.533333333333334,15
2025-07-26 21:30:00,2025-07-27 04:00:00,6.75,1.2,3.214814814814815,21
2025-07-27 11:45:00,2025-07-27 18:30:00,7.0,3.2,4.392857142857143,11
2025-07-27 23:00:00,2025-07-28 05:00:00,6.25,1.2,2.728,23
2025-07-28 14:30:00,2025-07-28 16:15:00,2.0,4.2,4.362500000000001,14
2025-07-28 23:15:00,2025-07-29 02:15:00,3.25,2.4,3.853846153846154,23
2025-07-29 05:30:00,2025-07-29 06:15:00,1.0,1.4,1.525,5
2025-07-29 15:00:00,2025-07-29 17:30:00,2.75,3.3,4.290909090909091,15
2025-07-29 23:45:00,2025-07-30 03:00:00,3.5,3.0,4.521428571428571,23
2025-07-30 05:15:00,2025-07-30 07:15:00,2.25,2.1,2.7,5
2025-07-30 16:00:00,2025-07-30 19:15:00,3.5,3.6,4.357142857142857,16
2025-07-31 00:15:00,2025-07-31 03:30:00,3.5,2.4,4.114285714285714,0
2025-07-31 05:30:00,2025-07-31 06:15:00,1.0,1.3,1.55,5
2025-07-31 15:00:00,2025-07-31 16:15:00,1.5,5.3,5.55,15
2025-07-31 17:45:00,2025-07-31 19:00:00,1.5,3.5,4.3,17
2025-07-31 23:00:00,2025-08-01 10:30:00,11.75,1.2,3.425531914893617,23
2025-08-01 14:00:00,2025-08-01 14:15:00,0.5,5.5,5.65,14
2025-08-01 15:45:00,2025-08-01 21:15:00,5.75,3.1,4.378260869565216,15
2025-08-02 00:00:00,2025-08-02 10:30:00,10.75,1.7,3.8046511627906976,0
2025-08-02 15:15:00,2025-08-02 17:30:00,2.5,4.8,5.54,15
2025-08-02 19:15:00,2025-08-02 21:00:00,2.0,3.0,4.175000000000001,19
2025-08-02 22:45:00,2025-08-03 00:45:00,2.25,4.4,5.188888888888888,22
2025-08-03 03:00:00,2025-08-03 05:00:00,2.25,4.5,5.166666666666667,3
2025-08-03 07:45:00,2025-08-03 10:00:00,2.5,4.1,4.42,7
2025-08-03 16:00:00,2025-08-03 20:00:00,4.25,3.6,4.958823529411764,16
2025-08-03 21:30:00,2025-08-03 23:30:00,2.25,2.8,3.7666666666666666,21
2025-08-04 04:00:00,2025-08-04 07:00:00,3.25,3.0,4.2384615384615385,4
2025-08-04 09:00:00,2025-08-04 10:30:00,1.75,2.0,2.2142857142857144,9
2025-08-04 17:45:00,2025-08-04 22:15:00,4.75,2.6,4.078947368421052,17
2025-08-05 05:45:00,2025-08-05 09:45:00,4.25,1.4,3.011764705882353,5
2025-08-05 17:45:00,2025-08-05 22:00:00,4.5,3.3,4.888888888888888,17
2025-08-06 05:30:00,2025-08-06 10:45:00,5.5,1.9,3.4818181818181824,5
2025-08-06 12:15:00,2025-08-06 15:00:00,3.0,2.2,5.216666666666667,12
2025-08-06 18:30:00,2025-08-06 22:00:00,3.75,3.0,4.7,18
2025-08-06 23:30:00,2025-08-07 00:30:00,1.25,1.7,2.02,23
2025-08-07 07:15:00,2025-08-07 11:30:00,4.5,1.9,3.172222222222222,7
2025-08-07 15:15:00,2025-08-07 15:45:00,0.75,5.5,5.833333333333333,15
2025-08-07 19:30:00,2025-08-08 02:45:00,7.5,2.0,3.5700000000000003,19
2025-08-08 07:30:00,2025-08-08 15:30:00,8.25,2.7,3.6606060606060606,7
2025-08-08 20:15:00,2025-08-09 01:00:00,5.0,2.3,4.185,20
2025-08-09 09:15:00,2025-08-09 11:15:00,2.25,4.0,4.555555555555555,9
2025-08-09 13:15:00,2025-08-09 14:00:00,1.0,3.0,3.2,13
2025-08-09 20:45:00,2025-08-10 01:15:00,4.75,2.9,4.378947368421053,20
2025-08-10 09:15:00,2025-08-10 16:00:00,7.0,3.2,4.153571428571429,9
2025-08-10 21:30:00,2025-08-11 01:00:00,3.75,3.3,4.453333333333333,21
2025-08-11 15:15:00,2025-08-11 15:45:00,0.75,3.6,3.7999999999999994,15
2025-08-11 23:00:00,2025-08-12 01:30:00,2.75,2.9,3.9545454545454546,23
2025-08-12 03:45:00,2025-08-12 04:15:00,0.75,1.5,1.8666666666666665,3
2025-08-12 13:45:00,2025-08-12 17:00:00,3.5,3.5,4.192857142857143,13
2025-08-12 23:00:00,2025-08-13 02:45:00,4.0,2.3,4.09375,23
2025-08-13 13:45:00,2025-08-13 18:15:00,4.75,2.7,4.3,13
2025-08-13 23:30:00,2025-08-14 03:00:00,3.75,2.4,4.153333333333333,23
2025-08-14 05:00:00,2025-08-14 05:15:00,0.5,1.5,1.7,5
2025-08-14 12:15:00,2025-08-14 18:00:00,6.0,2.9,4.858333333333333,12
2025-08-15 00:30:00,2025-08-15 06:00:00,5.75,1.1,3.07391304347826,0
2025-08-15 15:00:00,2025-08-15 21:00:00,6.25,2.8,4.028,15
2025-08-16 01:15:00,2025-08-16 06:30:00,5.5,1.5,3.2818181818181817,1
2025-08-16 14:00:00,2025-08-16 20:30:00,6.75,2.2,4.044444444444444,14
2025-08-17 03:15:00,2025-08-17 06:15:00,3.25,2.1,3.2615384615384615,3
2025-08-17 07:45:00,2025-08-17 09:00:00,1.5,1.3,1.5999999999999999,7
2025-08-17 16:00:00,2025-08-17 22:45:00,7.0,2.0,3.6,16
2025-08-18 03:30:00,2025-08-18 06:30:00,3.25,2.6,4.007692307692308,3
2025-08-18 08:00:00,2025-08-18 12:15:00,4.5,1.4,2.3111111111111113,8
2025-08-18 16:15:00,2025-08-18 20:45:00,4.75,3.0,5.015789473684211,16
2025-08-18 22:15:00,2025-08-18 23:30:00,1.5,1.8,1.9666666666666668,22
2025-08-19 05:30:00,2025-08-19 12:15:00,7.0,1.5,2.6321428571428576,5
2025-08-19 17:45:00,2025-08-19 23:45:00,6.25,1.9,4.096,17
2025-08-20 06:15:00,2025-08-20 12:45:00,6.75,2.0,3.2814814814814817,6
2025-08-20 19:30:00,2025-08-21 02:00:00,6.75,1.7,3.4185185185185185,19
2025-08-21 07:00:00,2025-08-21 09:15:00,2.5,3.7,4.39,7
2025-08-21 11:30:00,2025-08-21 12:45:00,1.5,2.6,2.866666666666667,11
2025-08-21 20:15:00,2025-08-22 02:30:00,6.5,1.6,3.276923076923077,20
2025-08-22 08:45:00,2025-08-22 10:30:00,2.0,3.9,4.325,8
2025-08-22 12:45:00,2025-08-22 14:15:00,1.75,1.9,3.314285714285714,12
2025-08-22 20:15:00,2025-08-22 21:00:00,1.0,5.3,5.45,20
2025-08-22 22:45:00,2025-08-23 00:00:00,1.5,3.7,4.2,22
2025-08-23 02:15:00,2025-08-23 02:45:00,0.75,3.2,3.366666666666667,2
2025-08-23 09:00:00,2025-08-23 12:00:00,3.25,4.0,4.6923076923076925,9
2025-08-23 21:45:00,2025-08-24 03:30:00,6.0,1.9,3.6916666666666664,21
2025-08-24 11:30:00,2025-08-24 12:30:00,1.25,4.6,4.9,11
2025-08-24 21:30:00,2025-08-25 04:15:00,7.0,1.5,3.474999999999999,21
2025-08-25 12:45:00,2025-08-25 16:00:00,3.5,2.4,3.9928571428571424,12
2025-08-25 22:00:00,2025-08-26 02:15:00,4.5,2.1,3.9166666666666665,22
2025-08-26 03:45:00,2025-08-26 05:30:00,2.0,1.1,1.5375,3
2025-08-26 13:15:00,2025-08-26 16:30:00,3.5,3.2,4.307142857142857,13
2025-08-26 22:30:00,2025-08-27 05:45:00,7.5,0.9,2.99,22
2025-08-27 11:00:00,2025-08-27 11:15:00,0.5,5.3,5.6,11
2025-08-27 15:30:00,2025-08-27 17:45:00,2.5,3.1,4.04,15
2025-08-27 23:15:00,2025-08-28 04:15:00,5.25,1.9,3.7333333333333334,23
2025-08-28 05:45:00,2025-08-28 06:15:00,0.75,1.5,1.7,5
2025-08-28 15:00:00,2025-08-28 18:45:00,4.0,3.5,4.5375,15
2025-08-28 23:45:00,2025-08-29 07:30:00,8.0,1.2,2.9468750000000004,23
2025-08-29 12:45:00,2025-08-29 14:45:00,2.25,5.5,5.977777777777778,12
2025-08-29 16:30:00,2025-08-29 19:00:00,2.75,3.5,4.172727272727273,16
2025-08-30 01:00:00,2025-08-30 07:30:00,6.75,1.6,3.033333333333333,1
2025-08-30 13:15:00,2025-08-30 15:30:00,2.5,4.8,5.61,13
2025-08-30 18:00:00,2025-08-30 21:30:00,3.75,3.7,4.420000000000001,18
2025-08-31 01:45:00,2025-08-31 05:00:00,3.5,3.0,4.45,1
2025-08-31 07:00:00,2025-08-31 08:00:00,1.25,3.0,3.78,7
2025-08-31 11:15:00,2025-08-31 12:15:00,1.25,5.7,5.9,11
2025-08-31 16:15:00,2025-08-31 20:15:00,4.25,3.7,4.670588235294117,16
2025-09-01 02:30:00,2025-09-01 05:30:00,3.25,3.3,4.769230769230768,2
2025-09-01 07:30:00,2025-09-01 08:30:00,1.25,2.0,2.5200000000000005,7
2025-09-01 15:30:00,2025-09-01 15:45:00,0.5,6.0,6.2,15
2025-09-01 18:00:00,2025-09-01 22:00:00,4.25,3.2,4.311764705882353,18
2025-09-02 03:30:00,2025-09-02 10:30:00,7.25,1.9,3.6965517241379313,3
2025-09-02 16:15:00,2025-09-02 23:15:00,7.25,2.2,4.720689655172414,16
2025-09-03 05:30:00,2025-09-03 08:15:00,3.0,2.8,4.133333333333332,5
2025-09-03 17:00:00,2025-09-04 00:30:00,7.75,2.3,4.483870967741937,17
2025-09-04 06:15:00,2025-09-04 11:15:00,5.25,2.1,3.2904761904761908,6
2025-09-04 18:00:00,2025-09-05 01:00:00,7.25,1.7,4.072413793103449,18
2025-09-05 06:00:00,2025-09-05 10:45:00,5.0,2.0,3.935,6
2025-09-05 12:15:00,2025-09-05 13:15:00,1.25,1.5,2.5,12
2025-09-05 19:00:00,2025-09-06 01:30:00,6.75,1.7,3.744444444444445,19
2025-09-06 07:00:00,2025-09-06 09:45:00,3.0,3.7,4.691666666666666,7
2025-09-06 11:15:00,2025-09-06 15:45:00,4.75,2.5,3.547368421052631,11
2025-09-06 19:45:00,2025-09-07 01:30:00,6.0,1.2,3.6583333333333337,19
2025-09-07 07:45:00,2025-09-07 10:00:00,2.5,4.2,5.01,7
2025-09-07 12:45:00,2025-09-07 15:30:00,3.0,2.4,3.5,12
2025-09-07 20:30:00,2025-09-08 00:00:00,3.75,2.8,4.306666666666667,20
2025-09-08 02:15:00,2025-09-08 03:00:00,1.0,1.8,2.225,2
2025-09-08 09:15:00,2025-09-08 11:15:00,2.25,4.5,5.088888888888889,9
2025-09-08 21:30:00,2025-09-09 01:00:00,3.75,3.3,4.54,21
2025-09-09 02:45:00,2025-09-09 03:15:00,0.75,2.0,2.1999999999999997,2
2025-09-09 12:45:00,2025-09-09 17:00:00,4.5,3.4,4.894444444444444,12
2025-09-09 22:15:00,2025-09-10 05:00:00,7.0,2.0,3.7035714285714283,22
2025-09-10 11:45:00,2025-09-10 13:30:00,2.0,5.2,5.625,11
2025-09-10 15:30:00,2025-09-10 17:30:00,2.25,3.4,4.177777777777778,15
2025-09-10 22:45:00,2025-09-11 04:30:00,6.0,1.7,3.6666666666666665,22
2025-09-11 14:15:00,2025-09-11 15:30:00,1.5,4.9,5.183333333333334,14
2025-09-11 17:00:00,2025-09-11 17:45:00,1.0,3.7,4.1,17
2025-09-12 00:00:00,2025-09-12 06:30:00,6.75,1.6,3.1851851851851847,0
2025-09-12 15:15:00,2025-09-12 18:15:00,3.25,3.5,5.13846153846154,15
2025-09-13 00:15:00,2025-09-13 07:15:00,7.25,2.0,3.7689655172413787,0
2025-09-13 16:15:00,2025-09-13 19:45:00,3.75,3.3,4.8133333333333335,16
2025-09-14 01:30:00,2025-09-14 08:30:00,7.25,2.2,3.603448275862069,1
2025-09-14 16:00:00,2025-09-14 21:15:00,5.5,3.6,5.009090909090909,16
2025-09-15 02:30:00,2025-09-15 06:45:00,4.5,2.6,4.344444444444445,2
2025-09-15 09:00:00,2025-09-15 09:45:00,1.0,2.2,2.45,9
2025-09-15 17:15:00,2025-09-15 22:15:00,5.25,3.2,4.371428571428573,17
2025-09-16 03:15:00,2025-09-16 10:00:00,7.0,1.4,3.578571428571429,3
2025-09-16 16:30:00,2025-09-16 22:00:00,5.75,2.8,4.782608695652173,16
2025-09-17 05:15:00,2025-09-17 10:45:00,5.75,2.2,3.447826086956522,5
2025-09-17 17:15:00,2025-09-17 22:45:00,5.75,2.4,4.508695652173913,17
2025-09-18 05:45:00,2025-09-18 10:00:00,4.5,2.2,3.9000000000000004,5
2025-09-18 18:15:00,2025-09-18 21:45:00,3.75,3.2,4.886666666666668,18
2025-09-18 23:15:00,2025-09-18 23:45:00,0.75,2.1,2.3000000000000003,23
2025-09-19 06:30:00,2025-09-19 12:30:00,6.25,2.4,3.72,6
2025-09-19 19:30:00,2025-09-20 01:45:00,6.5,1.9,3.442307692307693,19
2025-09-20 07:45:00,2025-09-20 09:45:00,2.25,4.1,4.811111111111112,7
2025-09-20 12:15:00,2025-09-20 13:15:00,1.25,3.0,3.4200000000000004,12
2025-09-20 20:00:00,2025-09-20 23:15:00,3.5,3.0,4.514285714285714,20
2025-09-21 00:45:00,2025-09-21 03:00:00,2.5,1.9,2.1999999999999997,0
2025-09-21 08:15:00,2025-09-21 10:45:00,2.75,4.6,5.263636363636363,8
2025-09-21 13:15:00,2025-09-21 15:00:00,2.0,3.4,4.025,13
2025-09-21 21:00:00,2025-09-22 03:00:00,6.25,1.9,3.404,21
2025-09-22 09:30:00,2025-09-22 11:00:00,1.75,5.1,5.4,9
2025-09-22 13:45:00,2025-09-22 15:30:00,2.0,3.6,3.9125,13
2025-09-22 21:00:00,2025-09-23 02:15:00,5.5,2.0,3.859090909090909,21
2025-09-23 13:45:00,2025-09-23 16:00:00,2.5,3.1,3.9800000000000004,13
2025-09-23 21:30:00,2025-09-24 03:30:00,6.25,1.4,3.296,21
2025-09-24 13:30:00,2025-09-24 16:45:00,3.5,3.5,4.4071428571428575,13
2025-09-24 22:00:00,2025-09-25 01:15:00,3.5,2.6,4.15,22
2025-09-25 03:00:00,2025-09-25 03:30:00,0.75,1.5,1.7,3
2025-09-25 15:30:00,2025-09-25 16:15:00,1.0,3.8,4.2250000000000005,15
2025-09-25 22:30:00,2025-09-26 03:30:00,5.25,1.6,3.4047619047619047,22
2025-09-26 14:45:00,2025-09-26 16:30:00,2.0,4.1,4.85,14
2025-09-26 23:30:00,2025-09-27 06:15:00,7.0,1.6,2.9035714285714285,23
2025-09-27 13:45:00,2025-09-27 19:30:00,6.0,2.8,3.975,13
2025-09-28 00:30:00,2025-09-28 05:30:00,5.25,1.7,3.076190476190476,0
2025-09-28 16:00:00,2025-09-28 18:15:00,2.5,3.8,4.5,16
2025-09-29 01:00:00,2025-09-29 07:45:00,7.0,1.6,3.214285714285715,1
2025-09-29 13:45:00,2025-09-29 21:15:00,7.75,2.8,4.306451612903227,13
2025-09-30 03:00:00,2025-09-30 07:45:00,5.0,2.1,3.325,3
2025-09-30 15:15:00,2025-09-30 21:00:00,6.0,3.1,4.7125,15
2025-10-01 04:00:00,2025-10-01 09:30:00,5.75,1.8,3.360869565217391,4
2025-10-01 15:30:00,2025-10-01 16:30:00,1.25,5.9,6.1,15
2025-10-01 18:15:00,2025-10-01 21:30:00,3.5,2.8,4.385714285714285,18
2025-10-02 04:15:00,2025-10-02 07:30:00,3.5,3.3,4.571428571428572,4
2025-10-02 09:45:00,2025-10-02 10:30:00,1.0,2.5,2.825,9
2025-10-02 17:00:00,2025-10-02 23:15:00,6.5,2.7,4.696153846153846,17
2025-10-03 05:15:00,2025-10-03 11:15:00,6.25,2.3,4.064,5
2025-10-03 17:45:00,2025-10-03 23:30:00,6.0,2.4,4.779166666666666,17
2025-10-04 06:45:00,2025-10-04 08:15:00,1.75,4.6,5.242857142857143,6
2025-10-04 11:45:00,2025-10-04 12:00:00,0.5,3.0,3.15,11
2025-10-04 19:30:00,2025-10-05 00:30:00,5.25,2.5,4.395238095238095,19
2025-10-05 06:45:00,2025-10-05 08:45:00,2.25,5.3,5.722222222222221,6
2025-10-05 13:00:00,2025-10-05 13:30:00,0.75,3.0,3.5333333333333337,13
2025-10-05 19:30:00,2025-10-05 23:30:00,4.25,3.4,4.847058823529412,19
2025-10-06 13:00:00,2025-10-06 14:30:00,1.75,3.6,4.1571428571428575,13
2025-10-06 20:45:00,2025-10-07 02:00:00,5.5,1.8,3.8636363636363638,20
2025-10-07 10:15:00,2025-10-07 14:15:00,4.25,3.9,5.2,10
2025-10-07 21:15:00,2025-10-08 02:30:00,5.5,2.2,3.9045454545454548,21
2025-10-08 11:45:00,2025-10-08 16:15:00,4.75,4.1,5.194736842105263,11
2025-10-08 22:00:00,2025-10-09 00:45:00,3.0,3.1,4.366666666666666,22
2025-10-09 12:45:00,2025-10-09 14:15:00,1.75,4.8,5.328571428571428,12
2025-10-09 16:00:00,2025-10-09 16:15:00,0.5,3.5,3.7,16
2025-10-09 23:15:00,2025-10-10 02:00:00,3.0,3.9,4.866666666666666,23
2025-10-10 14:30:00,2025-10-10 17:15:00,3.0,4.5,5.325,14
2025-10-11 00:30:00,2025-10-11 02:15:00,2.0,5.0,5.5,0
2025-10-11 15:15:00,2025-10-11 16:30:00,1.5,5.5,5.816666666666666,15
2025-10-12 01:30:00,2025-10-12 03:30:00,2.25,4.8,5.366666666666666,1
2025-10-12 15:15:00,2025-10-12 19:30:00,4.5,4.6,5.522222222222223,15
2025-10-13 02:15:00,2025-10-13 05:00:00,3.0,4.0,4.925,2
2025-10-13 06:30:00,2025-10-13 07:15:00,1.0,3.4,3.575,6
2025-10-13 16:45:00,2025-10-13 18:15:00,1.75,5.1,5.571428571428571,16
2025-10-14 02:30:00,2025-10-14 05:45:00,3.5,4.2,5.507142857142858,2
2025-10-14 07:45:00,2025-10-14 08:00:00,0.5,3.2,3.3,7
2025-10-14 17:15:00,2025-10-14 21:00:00,4.0,3.7,4.9,17
2025-10-15 04:00:00,2025-10-15 08:00:00,4.25,3.5,4.9411764705882355,4
2025-10-15 18:00:00,2025-10-15 21:45:00,4.0,3.6,5.043749999999999,18
2025-10-16 05:30:00,2025-10-16 10:30:00,5.25,3.1,4.471428571428571,5
2025-10-16 17:45:00,2025-10-16 23:15:00,5.75,3.5,5.108695652173913,17
2025-10-17 06:15:00,2025-10-17 09:15:00,3.25,4.4,5.300000000000001,6
2025-10-17 10:45:00,2025-10-17 11:45:00,1.25,3.4,3.6,10
2025-10-17 18:00:00,2025-10-17 23:15:00,5.5,3.4,5.145454545454545,18
2025-10-18 06:15:00,2025-10-18 09:00:00,3.0,5.0,5.908333333333332,6
2025-10-18 11:15:00,2025-10-18 12:45:00,1.75,3.4,3.7571428571428567,11
2025-10-18 18:45:00,2025-10-18 23:45:00,5.25,3.0,4.904761904761905,18
2025-10-19 07:00:00,2025-10-19 09:30:00,2.75,5.1,6.009090909090909,7
2025-10-19 12:00:00,2025-10-19 12:45:00,1.0,3.7,4.075,12
2025-10-19 20:00:00,2025-10-20 02:00:00,6.25,2.5,3.9759999999999995,20
2025-10-20 08:15:00,2025-10-20 09:30:00,1.5,5.6,6.066666666666666,8
2025-10-20 12:00:00,2025-10-20 14:30:00,2.75,3.8,4.3999999999999995,12
2025-10-20 20:00:00,2025-10-21 02:30:00,6.75,3.1,4.548148148148148,20
2025-10-21 10:30:00,2025-10-21 11:00:00,0.75,5.8,5.933333333333334,10
2025-10-21 13:00:00,2025-10-21 15:00:00,2.25,3.6,4.388888888888889,13
2025-10-21 20:30:00,2025-10-22 02:15:00,6.0,2.5,4.458333333333333,20
2025-10-22 13:15:00,2025-10-22 15:00:00,2.0,4.3,4.775,13
2025-10-22 21:00:00,2025-10-23 04:45:00,8.0,2.8,4.209375,21
2025-10-23 14:30:00,2025-10-23 15:15:00,1.0,4.3,4.825,14
2025-10-23 21:45:00,2025-10-24 00:15:00,2.75,4.3,5.4363636363636365,21
2025-10-24 02:15:00,2025-10-24 04:45:00,2.75,3.0,3.4272727272727277,2
2025-10-24 12:15:00,2025-10-24 16:15:00,4.25,4.3,5.8882352941176475,12
2025-10-24 22:00:00,2025-10-25 01:45:00,4.0,4.1,5.4937499999999995,22
2025-10-25 04:00:00,2025-10-25 05:30:00,1.75,3.1,3.357142857142857,4
2025-10-25 14:45:00,2025-10-25 16:30:00,2.0,4.7,5.85,14
2025-10-25 23:00:00,2025-10-26 01:45:00,3.0,4.8,6.0,23
2025-10-26 03:30:00,2025-10-26 04:15:00,1.0,3.6,3.8249999999999997,3
2025-10-26 15:30:00,2025-10-26 19:30:00,4.25,4.8,5.929411764705883,15
2025-10-26 23:45:00,2025-10-27 05:00:00,5.5,3.9,5.445454545454546,23
2025-10-27 15:15:00,2025-10-27 16:30:00,1.5,5.7,6.016666666666667,15
2025-10-27 18:00:00,2025-10-27 18:45:00,1.0,4.6,4.85,18
2025-10-28 01:15:00,2025-10-28 03:45:00,2.75,4.8,5.745454545454545,1
2025-10-28 16:00:00,2025-10-28 19:45:00,4.0,5.4,6.11875,16
2025-10-29 02:30:00,2025-10-29 07:15:00,5.0,3.7,5.21,2
2025-10-29 17:15:00,2025-10-29 20:00:00,3.0,5.1,6.133333333333333,17
2025-10-30 01:45:00,2025-10-30 04:45:00,3.25,5.2,6.138461538461538,1
2025-10-30 07:30:00,2025-10-30 08:15:00,1.0,4.0,4.25,7
2025-10-30 17:00:00,2025-10-30 21:15:00,4.5,4.9,5.944444444444445,17
2025-10-31 04:00:00,2025-10-31 10:00:00,6.25,4.3,5.503999999999999,4
2025-10-31 17:45:00,2025-10-31 22:30:00,5.0,4.6,5.6049999999999995,17
2025-11-01 04:30:00,2025-11-01 10:00:00,5.75,4.3,5.834782608695653,4
2025-11-01 17:00:00,2025-11-01 22:15:00,5.5,4.5,6.295454545454546,17
2025-11-02 05:00:00,2025-11-02 07:30:00,2.75,6.1,6.845454545454545,5
2025-11-02 10:00:00,2025-11-02 10:45:00,1.0,4.7,4.9,10
2025-11-02 18:30:00,2025-11-02 23:15:00,5.0,4.2,5.779999999999999,18
2025-11-03 07:00:00,2025-11-03 08:00:00,1.25,6.3,6.779999999999999,7
2025-11-03 11:30:00,2025-11-03 12:00:00,0.75,4.9,5.0,11
2025-11-03 18:45:00,2025-11-04 00:45:00,6.25,3.9,5.476,18
2025-11-04 07:30:00,2025-11-04 08:45:00,1.5,6.7,7.133333333333334,7
2025-11-04 12:15:00,2025-11-04 12:30:00,0.5,5.1,5.5,12
2025-11-04 20:00:00,2025-11-04 22:45:00,3.0,5.4,6.375,20
2025-11-05 00:30:00,2025-11-05 00:45:00,0.5,4.2,4.35,0
2025-11-05 13:30:00,2025-11-05 13:45:00,0.5,5.6,5.8,13
2025-11-05 20:45:00,2025-11-06 01:45:00,5.25,3.9,5.352380952380953,20
2025-11-06 10:45:00,2025-11-06 11:15:00,0.75,6.8,6.933333333333334,10
2025-11-06 13:30:00,2025-11-06 14:30:00,1.25,5.6,6.0200000000000005,13
2025-11-06 21:30:00,2025-11-06 23:45:00,2.5,5.4,6.35,21
2025-11-07 14:30:00,2025-11-07 15:45:00,1.5,5.5,6.066666666666667,14
2025-11-07 22:45:00,2025-11-08 01:45:00,3.25,4.5,5.6,22
2025-11-08 03:15:00,2025-11-08 03:30:00,0.5,3.6,3.75,3
2025-11-08 12:30:00,2025-11-08 13:00:00,0.75,6.6,6.733333333333333,12
2025-11-08 14:45:00,2025-11-08 16:15:00,1.75,5.0,5.5,14
2025-11-08 23:00:00,2025-11-09 05:00:00,6.25,2.9,4.856,23
2025-11-09 15:15:00,2025-11-09 18:30:00,3.5,5.1,5.814285714285714,15
2025-11-09 23:45:00,2025-11-10 03:00:00,3.5,4.6,5.771428571428571,23
2025-11-10 17:15:00,2025-11-10 18:00:00,1.0,6.1,6.275,17
2025-11-11 00:30:00,2025-11-11 02:45:00,2.5,6.8,7.05,0
2025-11-11 07:45:00,2025-11-11 08:15:00,0.75,6.7,6.900000000000001,7
2025-11-12 04:00:00,2025-11-12 05:15:00,1.5,6.5,6.833333333333333,4
2025-11-12 06:45:00,2025-11-12 08:45:00,2.25,5.7,5.933333333333334,6
2025-11-12 18:30:00,2025-11-12 20:45:00,2.5,5.9,6.33,18
2025-11-13 02:45:00,2025-11-13 08:45:00,6.25,5.1,6.739999999999998,2
2025-11-13 15:15:00,2025-11-13 21:00:00,6.0,5.3,6.95,15
2025-11-14 04:00:00,2025-11-14 10:45:00,7.0,5.2,6.385714285714286,4
2025-11-14 16:00:00,2025-11-14 22:00:00,6.25,5.3,6.908,16
2025-11-15 05:45:00,2025-11-15 11:45:00,6.25,5.1,6.155999999999999,5
2025-11-15 18:30:00,2025-11-15 22:45:00,4.5,5.0,6.2,18
2025-11-16 07:15:00,2025-11-16 11:30:00,4.5,4.9,5.955555555555555,7
2025-11-16 19:30:00,2025-11-16 23:30:00,4.25,4.5,6.052941176470589,19
2025-11-17 07:00:00,2025-11-17 08:15:00,1.5,7.0,7.366666666666667,7
2025-11-17 19:45:00,2025-11-17 22:15:00,2.75,5.8,6.536363636363635,19
2025-11-17 23:45:00,2025-11-18 00:00:00,0.5,5.0,5.1,23
2025-11-18 07:15:00,2025-11-18 08:45:00,1.75,6.9,7.257142857142857,7
2025-11-18 12:00:00,2025-11-18 13:00:00,1.25,5.9,6.08,12
2025-11-18 20:30:00,2025-11-18 22:15:00,2.0,5.9,6.4750000000000005,20
2025-11-19 00:00:00,2025-11-19 02:15:00,2.5,4.5,4.9799999999999995,0
2025-11-19 12:15:00,2025-11-19 14:00:00,2.0,5.7,5.9375,12
2025-11-19 20:45:00,2025-11-20 01:00:00,4.5,4.2,5.683333333333334,20
2025-11-20 09:00:00,2025-11-20 10:15:00,1.5,6.8,7.116666666666666,9
2025-11-20 13:00:00,2025-11-20 15:15:00,2.5,5.2,5.680000000000001,13
2025-11-20 21:15:00,2025-11-21 01:45:00,4.75,4.2,5.626315789473685,21
2025-11-21 13:30:00,2025-11-21 15:15:00,2.0,5.4,5.875,13
2025-11-21 21:45:00,2025-11-22 02:00:00,4.5,4.1,5.583333333333332,21
2025-11-22 14:45:00,2025-11-22 15:45:00,1.25,5.5,5.66,14
2025-11-22 22:45:00,2025-11-23 03:15:00,4.75,3.7,5.310526315789475,22
2025-11-23 10:30:00,2025-11-23 12:15:00,2.0,6.6,7.125,10
2025-11-23 14:00:00,2025-11-23 15:15:00,1.5,5.3,5.583333333333333,14
2025-11-23 17:00:00,2025-11-23 17:30:00,0.75,5.3,5.933333333333333,17
2025-11-23 23:00:00,2025-11-24 03:00:00,4.25,4.3,5.576470588235294,23
2025-11-25 00:15:00,2025-11-25 02:45:00,2.75,5.1,5.990909090909091,0
2025-11-25 15:15:00,2025-11-25 17:15:00,2.25,5.5,6.144444444444444,15
2025-11-26 01:00:00,2025-11-26 06:30:00,5.75,4.0,5.165217391304347,1
2025-11-26 15:15:00,2025-11-26 18:00:00,3.0,5.5,6.166666666666667,15
2025-11-27 02:15:00,2025-11-27 05:00:00,3.0,4.8,5.808333333333334,2
2025-11-27 16:00:00,2025-11-27 20:45:00,5.0,5.9,6.445,16
2025-11-28 04:00:00,2025-11-28 09:00:00,5.25,5.1,5.719047619047618,4
2025-11-28 18:30:00,2025-11-28 21:15:00,3.0,6.3,6.508333333333334,18
2025-11-29 03:15:00,2025-11-29 05:00:00,2.0,6.7,7.137499999999999,3
2025-11-29 09:00:00,2025-11-29 10:30:00,1.75,5.9,6.4,9
2025-11-30 05:15:00,2025-11-30 05:45:00,0.75,6.9,7.133333333333333,5
2025-11-30 17:00:00,2025-11-30 22:00:00,5.25,5.0,6.39047619047619,17
2025-12-01 05:00:00,2025-12-01 07:30:00,2.75,6.2,6.954545454545454,5
2025-12-01 09:15:00,2025-12-01 12:00:00,3.0,5.1,5.758333333333333,9
2025-12-01 18:00:00,2025-12-01 19:45:00,2.0,6.5,7.05,18
2025-12-02 07:45:00,2025-12-02 08:30:00,1.0,6.8,7.0,7
2025-12-02 10:45:00,2025-12-02 12:00:00,1.5,5.7,5.916666666666668,10
2025-12-02 18:15:00,2025-12-02 20:45:00,2.75,6.0,6.863636363636363,18
2025-12-03 06:45:00,2025-12-03 07:45:00,1.25,7.3,7.539999999999999,6
2025-12-03 19:45:00,2025-12-03 21:15:00,1.75,6.6,7.114285714285714,19
2025-12-04 21:00:00,2025-12-04 21:45:00,1.0,6.9,7.199999999999999,21
2025-12-05 08:30:00,2025-12-05 10:15:00,2.0,7.3,7.65,8
2025-12-05 21:45:00,2025-12-05 22:45:00,1.25,6.6,6.9399999999999995,21
2025-12-06 23:00:00,2025-12-06 23:30:00,0.75,6.8,6.966666666666666,23
2025-12-07 23:15:00,2025-12-08 00:15:00,1.25,6.9,7.2,23
2025-12-08 17:15:00,2025-12-08 18:30:00,1.5,7.4,7.566666666666666,17
2025-12-09 00:15:00,2025-12-09 01:15:00,1.25,7.2,7.460000000000001,0
2025-12-13 05:15:00,2025-12-13 09:00:00,4.0,6.5,7.325,5
2025-12-13 15:00:00,2025-12-13 15:30:00,0.75,8.4,8.533333333333333,15
2025-12-13 19:30:00,2025-12-13 21:15:00,2.0,7.2,7.5875,19
2025-12-14 05:30:00,2025-12-14 08:00:00,2.75,6.8,7.527272727272727,5
2025-12-14 19:30:00,2025-12-14 20:45:00,1.5,7.4,7.766666666666667,19
2025-12-14 23:15:00,2025-12-15 00:30:00,1.5,7.9,8.299999999999999,23
2025-12-16 01:00:00,2025-12-16 01:15:00,0.5,8.4,8.5,1
2025-12-16 11:30:00,2025-12-16 13:15:00,2.0,8.2,8.450000000000001,11
2025-12-17 01:45:00,2025-12-17 02:00:00,0.5,8.4,8.5,1
2025-12-17 12:00:00,2025-12-17 12:45:00,1.0,7.7,7.925,12
2025-12-17 14:15:00,2025-12-17 15:15:00,1.25,8.5,8.66,14
2025-12-17 22:45:00,2025-12-17 23:30:00,1.0,8.0,8.2,22
2025-12-18 01:00:00,2025-12-18 02:30:00,1.75,7.9,8.6,1
2025-12-18 08:15:00,2025-12-18 08:30:00,0.5,8.4,8.5,8
2025-12-18 12:30:00,2025-12-18 13:00:00,0.75,7.2,7.433333333333334,12
2025-12-18 21:15:00,2025-12-19 01:15:00,4.25,6.2,7.2176470588235295,21
2025-12-19 09:00:00,2025-12-19 09:15:00,0.5,8.2,8.3,9
2025-12-19 22:45:00,2025-12-20 01:00:00,2.5,7.0,7.779999999999999,22
2025-12-20 13:45:00,2025-12-20 14:00:00,0.5,8.3,8.45,13
2025-12-21 14:30:00,2025-12-21 14:45:00,0.5,8.4,8.600000000000001,14
2025-12-22 00:30:00,2025-12-22 02:00:00,1.75,7.3,7.7142857142857135,0
2025-12-22 16:00:00,2025-12-22 16:15:00,0.5,8.8,8.9,16
2025-12-23 02:30:00,2025-12-23 06:00:00,3.75,7.2,7.720000000000001,2
2025-12-23 16:00:00,2025-12-23 16:15:00,0.5,8.6,8.7,16
2025-12-24 01:15:00,2025-12-24 04:15:00,3.25,6.7,7.453846153846154,1
2025-12-24 06:15:00,2025-12-24 06:30:00,0.5,7.6,7.8,6
2025-12-25 02:15:00,2025-12-25 06:15:00,4.25,6.1,7.117647058823529,2
2025-12-25 16:15:00,2025-12-25 17:30:00,1.5,7.6,8.15,16
2025-12-26 01:45:00,2025-12-26 05:15:00,3.75,6.1,7.253333333333333,1
2025-12-26 16:30:00,2025-12-26 18:00:00,1.75,7.3,8.142857142857142,16
2025-12-27 01:15:00,2025-12-27 08:15:00,7.25,6.0,7.124137931034482,1
2025-12-27 16:30:00,2025-12-27 19:30:00,3.25,6.7,7.661538461538462,16
2025-12-28 03:30:00,2025-12-28 06:00:00,2.75,6.5,7.254545454545454,3
2025-12-28 08:00:00,2025-12-28 09:15:00,1.5,5.4,5.933333333333334,8
2025-12-28 17:45:00,2025-12-28 22:15:00,4.75,6.1,7.152631578947369,17
2025-12-29 04:00:00,2025-12-29 08:45:00,5.0,5.7,6.864999999999999,4
2025-12-29 17:15:00,2025-12-29 21:00:00,4.0,6.2,7.0,17
2025-12-30 05:00:00,2025-12-30 05:45:00,1.0,7.6,7.85,5
2025-12-31 22:30:00,2025-12-31 23:15:00,1.0,7.3,7.425,22
2026-01-01 11:00:00,2026-01-01 11:30:00,0.75,7.7,7.8,11
2026-01-02 20:30:00,2026-01-02 21:15:00,1.0,7.8,8.049999999999999,20
2026-01-02 23:45:00,2026-01-03 00:45:00,1.25,6.4,6.720000000000001,23
2026-01-03 21:15:00,2026-01-03 23:00:00,2.0,7.2,7.6625000000000005,21
2026-01-04 22:15:00,2026-01-04 22:45:00,0.75,7.9,8.033333333333333,22
2026-01-05 15:15:00,2026-01-05 17:15:00,2.25,8.1,8.488888888888889,15
2026-01-05 22:15:00,2026-01-05 23:45:00,1.75,7.6,8.085714285714285,22
2026-01-06 03:30:00,2026-01-06 03:45:00,0.5,6.1,6.199999999999999,3
2026-01-07 00:00:00,2026-01-07 01:00:00,1.25,7.2,7.540000000000001,0
2026-01-07 03:45:00,2026-01-07 04:00:00,0.5,5.9,6.0,3
2026-01-07 16:45:00,2026-01-07 17:30:00,1.0,7.2,7.425,16
2026-01-08 01:15:00,2026-01-08 02:45:00,1.75,6.9,7.342857142857143,1
2026-01-08 05:00:00,2026-01-08 06:45:00,2.0,5.5,5.775,5
2026-01-08 16:15:00,2026-01-08 18:00:00,2.0,7.4,8.125,16
2026-01-09 01:45:00,2026-01-09 04:15:00,2.75,6.5,7.209090909090909,1
2026-01-09 16:00:00,2026-01-09 18:45:00,3.0,6.6,7.8500000000000005,16
2026-01-10 01:30:00,2026-01-10 07:00:00,5.75,5.3,6.9173913043478255,1
2026-01-10 16:45:00,2026-01-10 19:30:00,3.0,6.7,7.516666666666668,16
2026-01-11 04:00:00,2026-01-11 08:30:00,4.75,4.6,6.2789473684210515,4
2026-01-11 16:45:00,2026-01-11 19:15:00,2.75,7.1,7.781818181818181,16
2026-01-12 07:00:00,2026-01-12 08:30:00,1.75,6.8,7.1,7
2026-01-12 19:15:00,2026-01-12 21:00:00,2.0,8.3,8.5375,19
2026-01-12 22:45:00,2026-01-12 23:45:00,1.25,8.2,8.34,22
2026-01-13 04:30:00,2026-01-13 05:30:00,1.25,8.1,8.24,4
2026-01-13 09:00:00,2026-01-13 09:45:00,1.0,6.9,7.049999999999999,9
2026-01-13 11:15:00,2026-01-13 12:30:00,1.5,7.3,7.683333333333334,11
2026-01-13 20:15:00,2026-01-13 22:15:00,2.25,8.1,8.344444444444443,20
2026-01-14 06:15:00,2026-01-14 07:15:00,1.25,7.5,7.779999999999999,6
2026-01-14 10:00:00,2026-01-14 11:00:00,1.25,6.5,6.719999999999999,10
2026-01-14 20:15:00,2026-01-14 21:15:00,1.25,7.8,8.04,20
2026-01-17 23:45:00,2026-01-18 00:45:00,1.25,7.5,7.68,23
2026-01-18 22:30:00,2026-01-18 23:15:00,1.0,7.7,7.925,22
2026-01-19 16:15:00,2026-01-19 16:45:00,0.75,8.9,9.066666666666665,16
2026-01-20 15:15:00,2026-01-20 16:30:00,1.5,9.4,9.516666666666667,15
2026-01-21 03:15:00,2026-01-21 04:00:00,1.0,8.1,8.25,3
2026-01-21 16:00:00,2026-01-21 17:00:00,1.25,9.5,9.78,16
2026-01-22 17:45:00,2026-01-22 18:00:00,0.5,9.5,9.6,17
2026-01-23 01:45:00,2026-01-23 04:30:00,3.0,6.8,7.583333333333332,1
2026-01-23 17:00:00,2026-01-23 17:15:00,0.5,9.0,9.1,17
2026-01-25 07:45:00,2026-01-25 08:30:00,1.0,7.0,7.275,7
2026-01-25 18:15:00,2026-01-25 20:45:00,2.75,9.1,9.19090909090909,18
2026-01-26 02:45:00,2026-01-26 03:15:00,0.75,8.2,8.366666666666665,2
2026-01-27 07:15:00,2026-01-27 08:30:00,1.5,8.0,8.266666666666667,7
2026-01-27 22:15:00,2026-01-27 23:00:00,1.0,9.5,9.625,22
2026-01-28 08:45:00,2026-01-28 09:45:00,1.25,8.4,8.52,8
2026-01-29 17:00:00,2026-01-29 17:30:00,0.75,9.0,9.233333333333334,17
2026-02-02 14:15:00,2026-02-02 14:45:00,0.75,9.9,9.966666666666667,14
2026-02-04 16:00:00,2026-02-04 16:15:00,0.5,9.0,9.1,16
2026-02-06 17:15:00,2026-02-06 18:45:00,1.75,10.0,10.328571428571427,17
2026-02-07 18:45:00,2026-02-07 19:00:00,0.5,10.4,10.5,18
2026-02-08 17:30:00,2026-02-08 20:30:00,3.25,10.5,10.707692307692309,17
2026-02-09 17:45:00,2026-02-09 19:30:00,2.0,10.5,10.7625,17
2026-02-09 23:15:00,2026-02-09 23:30:00,0.5,10.1,10.2,23
2026-02-10 07:45:00,2026-02-10 08:30:00,1.0,8.3,8.55,7
2026-02-10 19:15:00,2026-02-10 19:45:00,0.75,10.3,10.433333333333334,19
2026-02-11 06:30:00,2026-02-11 09:15:00,3.0,7.6,8.416666666666666,6
2026-02-11 13:45:00,2026-02-11 14:00:00,0.5,10.3,10.4,13
2026-02-11 15:30:00,2026-02-11 17:30:00,2.25,9.9,10.066666666666666,15
2026-02-11 21:30:00,2026-02-11 22:15:00,1.0,9.8,9.900000000000002,21
2026-02-12 06:30:00,2026-02-12 07:45:00,1.5,8.6,8.883333333333335,6
2026-02-12 19:30:00,2026-02-12 22:45:00,3.5,8.9,9.6,19
2026-02-13 20:45:00,2026-02-13 23:15:00,2.75,8.5,9.118181818181817,20
2026-02-14 11:15:00,2026-02-14 13:00:00,2.0,8.4,8.700000000000001,11
2026-02-14 22:45:00,2026-02-15 00:00:00,1.5,8.0,8.299999999999999,22
2026-02-15 20:30:00,2026-02-15 22:00:00,1.75,7.9,8.342857142857143,20
2026-02-15 23:30:00,2026-02-16 01:30:00,2.25,6.8,7.0,23
2026-02-16 21:00:00,2026-02-16 22:45:00,2.0,7.8,8.2625,21
2026-02-17 13:45:00,2026-02-17 14:30:00,1.0,8.4,8.6,13
2026-02-17 21:30:00,2026-02-18 00:30:00,3.25,7.2,7.93076923076923,21
2026-02-18 02:00:00,2026-02-18 02:15:00,0.5,6.3,6.449999999999999,2
2026-02-18 22:15:00,2026-02-18 23:00:00,1.0,7.8,8.15,22
2026-02-19 23:00:00,2026-02-20 00:30:00,1.75,7.3,7.814285714285714,23
2026-02-20 23:30:00,2026-02-21 01:45:00,2.5,6.2,7.15,23
2026-02-21 04:15:00,2026-02-21 04:45:00,0.75,5.5,5.766666666666667,4
2026-02-21 16:15:00,2026-02-21 18:00:00,2.0,7.0,7.6125,16
2026-02-22 00:30:00,2026-02-22 03:15:00,3.0,6.0,7.066666666666666,0
2026-02-23 19:30:00,2026-02-23 20:00:00,0.75,8.5,8.966666666666667,19
2026-02-24 02:45:00,2026-02-24 03:00:00,0.5,8.1,8.2,2
2026-02-24 19:15:00,2026-02-24 21:00:00,2.0,8.8,9.6625,19
2026-02-26 04:45:00,2026-02-26 05:30:00,1.0,7.8,8.1,4
2026-02-26 11:00:00,2026-02-26 11:45:00,1.0,7.4,7.875,11
2026-02-27 05:45:00,2026-02-27 07:00:00,1.5,7.6,8.016666666666667,5
2026-02-27 19:45:00,2026-02-27 21:15:00,1.75,7.1,7.542857142857143,19
2026-02-28 06:30:00,2026-02-28 07:00:00,0.75,8.0,8.133333333333333,6
2026-02-28 19:15:00,2026-02-28 19:45:00,0.75,7.8,8.0,19
2026-03-01 20:15:00,2026-03-01 20:45:00,0.75,7.5,7.766666666666667,20
2026-03-02 08:00:00,2026-03-02 08:30:00,0.75,8.1,8.233333333333334,8
2026-03-02 20:45:00,2026-03-02 22:15:00,1.75,7.3,7.757142857142857,20
2026-03-03 16:30:00,2026-03-03 17:15:00,1.0,8.0,8.424999999999999,16
2026-03-03 21:30:00,2026-03-03 23:45:00,2.5,6.6,7.2700000000000005,21
2026-03-04 22:15:00,2026-03-05 00:45:00,2.75,6.2,7.027272727272728,22
2026-03-05 23:00:00,2026-03-06 01:45:00,3.0,5.7,6.716666666666668,23
2026-03-06 23:30:00,2026-03-07 03:00:00,3.75,5.2,6.3,23
2026-03-07 06:30:00,2026-03-07 06:45:00,0.5,5.8,6.3,6
2026-03-08 00:15:00,2026-03-08 03:00:00,3.0,5.4,6.458333333333333,0
2026-03-08 07:30:00,2026-03-08 07:45:00,0.5,6.7,6.9,7
2026-03-09 01:00:00,2026-03-09 03:30:00,2.75,5.1,6.209090909090909,1
2026-03-09 15:30:00,2026-03-09 16:15:00,1.0,7.9,8.075,15
2026-03-09 19:00:00,2026-03-09 20:15:00,1.5,7.7,7.966666666666668,19
2026-03-10 02:00:00,2026-03-10 04:45:00,3.0,5.0,5.991666666666666,2
2026-03-10 16:00:00,2026-03-10 21:15:00,5.5,7.5,7.7727272727272725,16
2026-03-11 05:15:00,2026-03-11 08:30:00,3.5,6.8,7.007142857142857,5
2026-03-11 18:30:00,2026-03-11 21:45:00,3.5,7.1,7.321428571428571,18
2026-03-12 07:45:00,2026-03-12 09:00:00,1.5,6.6,6.733333333333333,7
2026-03-12 11:00:00,2026-03-12 13:15:00,2.5,6.7,7.210000000000001,11
2026-03-12 15:15:00,2026-03-12 16:15:00,1.25,7.4,7.5,15
2026-03-13 05:00:00,2026-03-13 06:15:00,1.5,6.0,6.550000000000001,5
2026-03-13 11:00:00,2026-03-13 13:15:00,2.5,5.8,6.3100000000000005,11
2026-03-14 05:15:00,2026-03-14 07:15:00,2.25,5.8,6.7333333333333325,5
2026-03-14 19:45:00,2026-03-14 20:30:00,1.0,6.9,7.15,19
2026-03-14 22:15:00,2026-03-14 23:30:00,1.5,6.9,7.016666666666667,22
2026-03-15 06:15:00,2026-03-15 08:45:00,2.75,5.2,6.290909090909091,6
2026-03-15 18:45:00,2026-03-15 22:30:00,4.0,5.1,6.09375,18
2026-03-16 07:15:00,2026-03-16 08:30:00,1.5,6.2,6.766666666666667,7
2026-03-16 19:15:00,2026-03-16 21:30:00,2.5,5.7,6.28,19
2026-03-17 20:00:00,2026-03-17 21:15:00,1.5,6.6,7.1000000000000005,20
2026-03-18 20:45:00,2026-03-18 22:45:00,2.25,6.4,7.0,20
2026-03-19 21:30:00,2026-03-19 23:00:00,1.75,6.6,7.114285714285714,21
2026-03-20 15:00:00,2026-03-20 16:15:00,1.5,7.5,7.599999999999999,15
2026-03-20 22:15:00,2026-03-21 00:00:00,2.0,6.4,7.0375,22
2026-03-21 23:00:00,2026-03-22 01:30:00,2.75,5.7,6.590909090909091,23
2026-03-23 00:00:00,2026-03-23 02:30:00,2.75,5.4,6.300000000000001,0
2026-03-23 16:45:00,2026-03-23 18:30:00,2.0,7.1,7.4125,16
2026-03-24 00:45:00,2026-03-24 02:45:00,2.25,5.5,6.300000000000001,0
2026-03-25 02:15:00,2026-03-25 03:30:00,1.5,6.6,7.050000000000001,2
2026-03-26 02:45:00,2026-03-26 04:30:00,2.0,6.2,6.85,2
2026-03-26 19:15:00,2026-03-26 20:15:00,1.25,6.2,6.44,19
2026-03-27 04:15:00,2026-03-27 07:30:00,3.5,4.8,5.871428571428571,4
2026-03-27 18:00:00,2026-03-27 21:30:00,3.75,5.4,6.326666666666667,18
2026-03-28 05:15:00,2026-03-28 07:45:00,2.75,5.1,6.054545454545454,5
2026-03-28 18:45:00,2026-03-28 19:30:00,1.0,6.7,6.95,18
2026-03-29 19:00:00,2026-03-29 20:45:00,2.0,6.2,6.875,19
2026-03-30 07:15:00,2026-03-30 08:00:00,1.0,6.8,7.075,7
2026-03-30 14:30:00,2026-03-30 15:15:00,1.0,7.2,7.5,14
2026-03-30 19:30:00,2026-03-30 21:45:00,2.5,5.6,6.5699999999999985,19
2026-03-31 07:45:00,2026-03-31 09:30:00,2.0,6.2,6.775,7
2026-03-31 20:15:00,2026-03-31 22:30:00,2.5,5.2,6.26,20
2026-04-01 09:00:00,2026-04-01 09:45:00,1.0,6.2,6.5,9
2026-04-01 21:00:00,2026-04-01 23:30:00,2.75,5.0,6.090909090909091,21
2026-04-02 09:15:00,2026-04-02 10:45:00,1.75,6.1,6.5857142857142845,9
2026-04-02 21:30:00,2026-04-02 23:45:00,2.5,5.0,6.130000000000001,21
2026-04-03 10:30:00,2026-04-03 11:30:00,1.25,6.0,6.319999999999999,10
2026-04-03 22:00:00,2026-04-04 00:15:00,2.5,4.9,6.0200000000000005,22
2026-04-04 15:45:00,2026-04-04 16:30:00,1.0,6.7,7.025,15
2026-04-04 22:45:00,2026-04-05 01:45:00,3.25,4.5,5.661538461538462,22
2026-04-05 23:30:00,2026-04-06 01:30:00,2.25,4.5,5.422222222222222,23
2026-04-07 00:15:00,2026-04-07 02:30:00,2.5,4.9,5.79,0
2026-04-07 06:15:00,2026-04-07 07:00:00,1.0,4.2,4.275,6
2026-04-08 01:15:00,2026-04-08 02:45:00,1.75,5.7,6.228571428571429,1
2026-04-09 02:00:00,2026-04-09 03:30:00,1.75,6.2,6.771428571428572,2
2026-04-10 02:15:00,2026-04-10 06:00:00,4.0,5.1,6.3374999999999995,2
2026-04-10 08:45:00,2026-04-10 10:00:00,1.5,4.7,4.933333333333333,8
2026-04-10 17:45:00,2026-04-10 19:45:00,2.25,6.2,6.633333333333334,17
2026-04-11 04:00:00,2026-04-11 06:45:00,3.0,4.5,5.575,4
2026-04-11 08:15:00,2026-04-11 09:45:00,1.75,3.8,4.085714285714286,8
2026-04-11 18:15:00,2026-04-11 20:45:00,2.75,5.5,6.172727272727273,18
2026-04-12 04:45:00,2026-04-12 08:30:00,4.0,4.0,5.2875,4
2026-04-12 17:45:00,2026-04-12 22:00:00,4.5,4.5,5.722222222222222,17
2026-04-13 05:45:00,2026-04-13 09:00:00,3.5,4.1,5.221428571428571,5
2026-04-13 10:30:00,2026-04-13 11:15:00,1.0,3.9,4.0,10
2026-04-13 18:15:00,2026-04-13 22:30:00,4.5,4.2,5.294444444444445,18
2026-04-14 06:30:00,2026-04-14 09:30:00,3.25,4.3,5.238461538461539,6
2026-04-14 18:45:00,2026-04-14 21:00:00,2.5,4.8,5.85,18
2026-04-15 07:00:00,2026-04-15 09:15:00,2.5,4.8,5.6899999999999995,7
2026-04-15 19:15:00,2026-04-15 22:15:00,3.25,4.4,5.592307692307693,19
2026-04-16 08:00:00,2026-04-16 09:15:00,1.5,5.4,5.949999999999999,8
2026-04-16 13:30:00,2026-04-16 14:00:00,0.75,5.1,5.833333333333333,13
2026-04-16 20:00:00,2026-04-16 23:00:00,3.25,4.3,5.5076923076923086,20
2026-04-17 09:15:00,2026-04-17 09:45:00,0.75,5.7,5.8999999999999995,9
2026-04-17 14:45:00,2026-04-17 15:00:00,0.5,5.9,6.050000000000001,14
2026-04-17 21:00:00,2026-04-18 00:00:00,3.25,4.2,5.330769230769231,21
2026-04-18 15:00:00,2026-04-18 15:30:00,0.75,5.4,5.800000000000001,15
2026-04-18 22:00:00,2026-04-19 01:45:00,4.0,4.0,5.15,22
2026-04-19 23:00:00,2026-04-20 01:45:00,3.0,4.6,5.491666666666666,23
2026-04-20 17:15:00,2026-04-20 17:30:00,0.5,5.9,6.0,17
2026-04-21 00:00:00,2026-04-21 02:15:00,2.5,5.0,5.7299999999999995,0
2026-04-21 04:45:00,2026-04-21 06:00:00,1.5,4.0,4.1000000000000005,4
2026-04-22 00:30:00,2026-04-22 04:00:00,3.75,4.4,5.453333333333333,0
2026-04-22 05:30:00,2026-04-22 07:30:00,2.25,3.6,3.7999999999999994,5
2026-04-22 17:15:00,2026-04-22 18:00:00,1.0,5.7,5.925,17
2026-04-23 01:45:00,2026-04-23 04:45:00,3.25,4.2,5.161538461538461,1
2026-04-23 08:15:00,2026-04-23 08:30:00,0.5,3.7,3.8,8
2026-04-24 02:30:00,2026-04-24 08:00:00,5.75,3.4,4.5782608695652165,2
2026-04-24 18:00:00,2026-04-24 20:45:00,3.0,4.2,4.983333333333333,18
2026-04-25 04:00:00,2026-04-25 08:30:00,4.75,3.2,4.373684210526316,4
2026-04-25 16:00:00,2026-04-25 22:00:00,6.25,3.3,5.004,16
2026-04-26 04:45:00,2026-04-26 10:30:00,6.0,2.8,4.079166666666667,4
2026-04-26 17:00:00,2026-04-26 22:30:00,5.75,3.3,4.782608695652173,17
2026-04-27 05:15:00,2026-04-27 07:00:00,2.0,5.2,5.8500000000000005,5
2026-04-27 18:00:00,2026-04-27 23:15:00,5.5,3.9,5.2318181818181815,18
2026-04-28 06:45:00,2026-04-28 08:00:00,1.5,5.1,5.533333333333334,6
2026-04-28 11:00:00,2026-04-28 12:00:00,1.25,4.6,4.74,11
2026-04-28 19:15:00,2026-04-28 22:00:00,3.0,4.6,5.516666666666667,19
2026-04-29 07:30:00,2026-04-29 09:15:00,2.0,4.4,5.05,7
2026-04-29 12:00:00,2026-04-29 13:15:00,1.5,3.6,3.8833333333333333,12
2026-04-29 19:30:00,2026-04-29 22:30:00,3.25,4.2,5.446153846153847,19
2026-04-30 00:15:00,2026-04-30 01:15:00,1.25,2.7,3.22,0
2026-04-30 08:00:00,2026-04-30 10:45:00,3.0,4.2,4.933333333333334,8
2026-04-30 20:45:00,2026-05-01 00:00:00,3.5,3.9,4.942857142857143,20
2026-05-01 01:30:00,2026-05-01 02:45:00,1.5,3.3,3.5,1
2026-05-01 08:15:00,2026-05-01 10:30:00,2.5,4.6,5.45,8
2026-05-01 12:00:00,2026-05-01 14:15:00,2.5,3.8,3.9799999999999995,12
2026-05-01 20:45:00,2026-05-02 00:30:00,4.0,4.1,5.21875,20
2026-05-02 02:15:00,2026-05-02 02:45:00,0.75,3.0,3.1,2
2026-05-02 09:45:00,2026-05-02 10:15:00,0.75,5.5,5.666666666666667,9
2026-05-02 22:15:00,2026-05-03 01:00:00,3.0,4.4,5.116666666666667,22
2026-05-03 03:00:00,2026-05-03 03:45:00,1.0,3.9,4.05,3
2026-05-03 14:00:00,2026-05-03 16:15:00,2.5,5.1,5.79,14
2026-05-03 21:45:00,2026-05-04 00:15:00,2.75,4.8,5.799999999999999,21
2026-05-04 03:45:00,2026-05-04 04:45:00,1.25,3.5,3.72,3
2026-05-04 13:15:00,2026-05-04 17:00:00,4.0,5.2,5.71875,13
2026-05-04 22:30:00,2026-05-05 01:15:00,3.0,4.5,5.691666666666667,22
2026-05-05 03:00:00,2026-05-05 03:45:00,1.0,3.4,3.625,3
2026-05-05 13:30:00,2026-05-05 18:00:00,4.75,5.6,6.0210526315789465,13
2026-05-05 23:15:00,2026-05-06 05:00:00,6.0,3.2,4.641666666666667,23
2026-05-06 10:15:00,2026-05-06 11:30:00,1.5,5.8,6.083333333333333,10
2026-05-06 14:00:00,2026-05-06 15:15:00,1.5,5.5,5.933333333333334,14
2026-05-06 17:15:00,2026-05-06 18:00:00,1.0,5.2,5.65,17
2026-05-06 23:30:00,2026-05-07 05:45:00,6.5,2.9,4.503846153846154,23
2026-05-07 12:30:00,2026-05-07 18:15:00,6.0,4.5,5.5375000000000005,12
2026-05-08 00:45:00,2026-05-08 08:45:00,8.25,2.9,4.381818181818182,0
2026-05-08 15:30:00,2026-05-08 19:00:00,3.75,5.6,6.3199999999999985,15
2026-05-09 01:15:00,2026-05-09 09:15:00,8.25,2.6,4.375757575757575,1
2026-05-09 16:30:00,2026-05-09 17:30:00,1.25,5.0,5.42,16
2026-05-10 02:30:00,2026-05-10 08:00:00,5.75,2.7,4.121739130434783,2
2026-05-10 16:45:00,2026-05-10 20:00:00,3.5,4.6,5.614285714285713,16
2026-05-11 02:15:00,2026-05-11 09:00:00,7.0,2.3,4.346428571428571,2
2026-05-11 15:45:00,2026-05-11 20:45:00,5.25,2.9,5.0,15
2026-05-12 05:00:00,2026-05-12 07:15:00,2.5,4.0,4.96,5
2026-05-12 08:45:00,2026-05-12 09:15:00,0.75,3.2,3.3333333333333335,8
2026-05-12 17:30:00,2026-05-12 19:45:00,2.5,5.2,5.8,17
2026-05-12 21:15:00,2026-05-13 00:15:00,3.25,4.1,4.3307692307692305,21
2026-05-13 05:45:00,2026-05-13 06:45:00,1.25,5.1,5.7,5
2026-05-13 10:30:00,2026-05-13 11:00:00,0.75,3.3,3.633333333333333,10
2026-05-13 18:15:00,2026-05-14 00:30:00,6.5,3.2,4.553846153846154,18
2026-05-14 06:45:00,2026-05-14 08:00:00,1.5,4.8,5.266666666666667,6
2026-05-14 18:30:00,2026-05-15 01:00:00,6.75,2.7,4.496296296296296,18
2026-05-15 07:00:00,2026-05-15 08:30:00,1.75,5.4,5.857142857142857,7
2026-05-15 10:45:00,2026-05-15 12:45:00,2.25,4.1,4.411111111111111,10
2026-05-15 19:30:00,2026-05-16 02:30:00,7.25,2.7,4.6689655172413795,19
2026-05-16 08:15:00,2026-05-16 09:15:00,1.25,5.4,5.739999999999999,8
2026-05-16 13:00:00,2026-05-16 13:30:00,0.75,4.3,4.433333333333334,13
2026-05-16 20:15:00,2026-05-17 01:45:00,5.75,2.9,4.804347826086956,20
2026-05-17 12:15:00,2026-05-17 15:15:00,3.25,3.5,4.276923076923078,12
2026-05-17 21:15:00,2026-05-18 03:00:00,6.0,2.0,4.374999999999999,21
2026-05-18 09:30:00,2026-05-18 10:00:00,0.75,5.2,5.6000000000000005,9
2026-05-18 12:45:00,2026-05-18 14:30:00,2.0,4.0,4.7625,12
2026-05-18 22:30:00,2026-05-19 04:00:00,5.75,2.3,4.156521739130435,22
2026-05-19 15:30:00,2026-05-19 17:00:00,1.75,4.5,5.028571428571429,15
2026-05-19 23:30:00,2026-05-20 06:00:00,6.75,2.1,3.6740740740740745,23
2026-05-20 15:15:00,2026-05-20 18:45:00,3.75,4.2,5.04,15
2026-05-21 00:15:00,2026-05-21 03:00:00,3.0,3.5,4.616666666666666,0
2026-05-21 04:30:00,2026-05-21 07:00:00,2.75,1.8,2.3999999999999995,4
2026-05-21 17:00:00,2026-05-21 18:00:00,1.25,4.4,5.040000000000001,17
2026-05-22 00:45:00,2026-05-22 03:45:00,3.25,3.3,4.623076923076923,0
2026-05-22 06:00:00,2026-05-22 08:15:00,2.5,1.7,2.21,6
2026-05-22 16:00:00,2026-05-22 19:00:00,3.25,4.0,5.107692307692308,16
2026-05-23 01:45:00,2026-05-23 09:00:00,7.5,1.7,3.276666666666667,1
2026-05-23 17:00:00,2026-05-23 20:15:00,3.5,3.6,4.328571428571428,17
2026-05-24 02:45:00,2026-05-24 10:00:00,7.5,1.7,3.1966666666666663,2
2026-05-24 15:15:00,2026-05-24 21:15:00,6.25,3.1,4.796,15
2026-05-25 03:45:00,2026-05-25 06:45:00,3.25,2.9,4.161538461538462,3
2026-05-25 10:00:00,2026-05-25 10:45:00,1.0,2.1,2.6,10
2026-05-25 16:30:00,2026-05-25 21:45:00,5.5,2.6,4.527272727272727,16
2026-05-26 04:30:00,2026-05-26 07:15:00,3.0,3.0,4.508333333333334,4
2026-05-26 10:00:00,2026-05-26 12:15:00,2.5,2.1,3.22,10
2026-05-26 17:30:00,2026-05-26 23:15:00,6.0,2.5,4.179166666666666,17
2026-05-27 05:45:00,2026-05-27 12:00:00,6.5,2.4,3.3615384615384616,5
2026-05-27 18:30:00,2026-05-27 22:15:00,4.0,2.6,3.95,18
2026-05-27 23:45:00,2026-05-28 01:15:00,1.75,2.0,2.5285714285714285,23
2026-05-28 06:30:00,2026-05-28 12:15:00,6.0,2.2,3.4250000000000003,6
2026-05-28 19:30:00,2026-05-28 22:30:00,3.25,2.5,3.9384615384615387,19
2026-05-29 00:15:00,2026-05-29 02:00:00,2.0,1.8,2.7375,0
2026-05-29 07:00:00,2026-05-29 12:45:00,6.0,2.3,3.5750000000000006,7
2026-05-29 20:00:00,2026-05-30 01:45:00,6.0,1.6,3.4166666666666665,20
2026-05-30 08:15:00,2026-05-30 13:30:00,5.5,2.2,3.1,8
2026-05-30 20:30:00,2026-05-31 03:15:00,7.0,1.9,3.1357142857142857,20
2026-05-31 10:00:00,2026-05-31 11:45:00,2.0,3.9,4.325,10
2026-05-31 21:30:00,2026-06-01 04:15:00,7.0,2.1,3.3392857142857144,21
2026-06-01 10:45:00,2026-06-01 15:30:00,5.0,2.5,3.4899999999999998,10
2026-06-01 21:15:00,2026-06-02 00:30:00,3.5,3.7,4.957142857142857,21
2026-06-02 02:45:00,2026-06-02 04:00:00,1.5,3.1,3.3333333333333335,2
2026-06-02 09:45:00,2026-06-02 12:15:00,2.75,4.4,5.127272727272728,9
2026-06-02 13:45:00,2026-06-02 15:30:00,2.0,3.2,3.6999999999999997,13
2026-06-02 22:15:00,2026-06-03 01:45:00,3.75,3.6,4.8533333333333335,22
2026-06-03 14:00:00,2026-06-03 17:15:00,3.5,5.2,5.7,14
2026-06-03 22:45:00,2026-06-04 06:15:00,7.75,2.4,4.061290322580645,22
2026-06-04 14:00:00,2026-06-04 17:15:00,3.5,5.3,5.814285714285715,14
2026-06-04 23:15:00,2026-06-05 03:45:00,4.75,2.8,4.568421052631579,23
2026-06-05 05:15:00,2026-06-05 06:30:00,1.5,2.3,2.516666666666667,5
2026-06-05 14:30:00,2026-06-05 17:45:00,3.5,5.4,5.864285714285714,14
2026-06-06 00:45:00,2026-06-06 04:00:00,3.5,2.9,4.3428571428571425,0
2026-06-06 05:30:00,2026-06-06 07:45:00,2.5,2.1,2.4600000000000004,5
2026-06-06 14:45:00,2026-06-06 19:00:00,4.5,4.8,5.477777777777778,14
2026-06-07 01:30:00,2026-06-07 08:30:00,7.25,2.2,3.3758620689655174,1
2026-06-07 15:15:00,2026-06-07 20:00:00,5.0,4.2,5.15,15
2026-06-08 02:00:00,2026-06-08 07:15:00,5.5,1.9,3.540909090909092,2
2026-06-08 16:15:00,2026-06-08 19:45:00,3.75,3.8,4.846666666666666,16
2026-06-09 02:30:00,2026-06-09 07:30:00,5.25,2.0,3.8238095238095235,2
2026-06-09 15:15:00,2026-06-09 19:30:00,4.5,3.8,5.1499999999999995,15
2026-06-10 03:30:00,2026-06-10 08:45:00,5.5,2.0,3.527272727272728,3
2026-06-10 10:15:00,2026-06-10 12:15:00,2.25,2.7,4.633333333333333,10
2026-06-10 16:45:00,2026-06-10 22:00:00,5.5,2.6,4.228571428571429,16
2026-06-11 04:45:00,2026-06-11 07:30:00,3.0,2.6,3.9583333333333335,4
2026-06-11 17:45:00,2026-06-11 21:30:00,4.0,2.9,4.25625,17
2026-06-12 05:15:00,2026-06-12 08:15:00,3.25,2.5,3.9923076923076923,5
2026-06-12 09:45:00,2026-06-12 11:15:00,1.75,2.0,2.8285714285714287,9
2026-06-12 18:00:00,2026-06-12 21:45:00,4.0,2.9,4.5375,18
2026-06-13 07:00:00,2026-06-13 14:15:00,7.5,2.3,3.48,7
2026-06-13 19:15:00,2026-06-13 22:30:00,3.5,2.8,4.128571428571428,19
2026-06-14 07:45:00,2026-06-14 09:30:00,2.0,3.4,4.1375,7
2026-06-14 11:00:00,2026-06-14 11:45:00,1.0,2.5,2.675,11
2026-06-14 13:15:00,2026-06-14 15:30:00,2.5,3.4,4.4799999999999995,13
2026-06-14 20:00:00,2026-06-14 22:45:00,3.0,3.2,4.3500000000000005,20
2026-06-15 09:15:00,2026-06-15 13:30:00,4.5,3.3,3.8333333333333335,9
2026-06-15 15:15:00,2026-06-15 16:15:00,1.25,4.1,4.680000000000001,15
2026-06-15 21:30:00,2026-06-16 00:15:00,3.0,2.8,3.9083333333333328,21
2026-06-16 04:45:00,2026-06-16 05:30:00,1.0,3.3,3.75,4
2026-06-16 10:30:00,2026-06-16 12:15:00,2.0,3.4,3.9000000000000004,10
2026-06-16 16:15:00,2026-06-16 17:30:00,1.5,3.7,4.3,16
2026-06-16 21:45:00,2026-06-17 00:45:00,3.25,3.2,4.3076923076923075,21
2026-06-17 11:45:00,2026-06-17 13:00:00,1.5,4.0,4.283333333333333,11
2026-06-17 14:30:00,2026-06-17 16:30:00,2.25,3.0,3.466666666666667,14
2026-06-17 22:45:00,2026-06-18 02:00:00,3.5,3.0,4.228571428571429,22
2026-06-18 03:30:00,2026-06-18 04:30:00,1.25,2.0,2.3200000000000003,3
2026-06-18 13:00:00,2026-06-18 15:00:00,2.25,3.5,4.111111111111111,13
2026-06-18 17:15:00,2026-06-18 17:30:00,0.5,3.0,3.15,17
2026-06-19 00:15:00,2026-06-19 02:30:00,2.5,3.1,4.17,0
2026-06-19 13:15:00,2026-06-19 13:45:00,0.75,4.5,4.7,13
2026-06-20 01:00:00,2026-06-20 03:15:00,2.5,2.9,4.029999999999999,1
2026-06-20 14:30:00,2026-06-20 18:30:00,4.25,3.3,4.564705882352941,14
2026-06-21 01:30:00,2026-06-21 07:00:00,5.75,1.6,3.247826086956522,1
2026-06-21 14:15:00,2026-06-21 18:30:00,4.5,3.3,5.105555555555555,14
2026-06-21 20:15:00,2026-06-21 20:45:00,0.75,2.8,2.9666666666666663,20
2026-06-22 02:15:00,2026-06-22 09:00:00,7.0,1.7,2.9428571428571426,2
2026-06-22 16:00:00,2026-06-22 20:30:00,4.75,2.9,4.257894736842106,16
2026-06-23 02:45:00,2026-06-23 07:45:00,5.25,1.8,3.7095238095238097,2
2026-06-23 09:15:00,2026-06-23 12:15:00,3.25,1.7,4.153846153846153,9
2026-06-23 16:45:00,2026-06-23 21:15:00,4.75,2.7,4.1157894736842096,16
2026-06-24 03:15:00,2026-06-24 08:30:00,5.5,2.5,4.5227272727272725,3
2026-06-24 10:00:00,2026-06-24 11:00:00,1.25,2.6,3.7600000000000002,10
2026-06-24 16:45:00,2026-06-24 21:15:00,4.75,2.5,4.526315789473684,16
2026-06-24 22:45:00,2026-06-25 00:00:00,1.5,2.5,2.783333333333333,22
2026-06-25 05:15:00,2026-06-25 09:45:00,4.75,2.1,3.426315789473684,5
2026-06-25 11:30:00,2026-06-25 13:30:00,2.25,2.3,4.155555555555555,11
2026-06-25 17:30:00,2026-06-26 00:45:00,7.5,1.9,3.6866666666666665,17
2026-06-26 06:45:00,2026-06-26 10:15:00,3.75,1.9,3.073333333333333,6
2026-06-26 11:45:00,2026-06-26 14:15:00,2.75,1.7,3.6727272727272733,11
2026-06-26 19:15:00,2026-06-27 02:30:00,7.5,1.8,2.9899999999999998,19
2026-06-27 05:45:00,2026-06-27 15:00:00,9.5,2.1,3.8210526315789473,5
2026-06-27 19:00:00,2026-06-27 23:30:00,4.75,2.2,3.8000000000000003,19
2026-06-28 01:00:00,2026-06-28 02:45:00,2.0,1.7,1.95,1
2026-06-28 06:45:00,2026-06-28 11:00:00,4.5,2.5,4.2555555555555555,6
2026-06-28 13:00:00,2026-06-28 14:15:00,1.5,3.0,3.4166666666666665,13
2026-06-28 20:15:00,2026-06-29 01:15:00,5.25,1.6,3.1000000000000005,20
2026-06-29 09:15:00,2026-06-29 14:00:00,5.0,2.5,3.4150000000000005,9
2026-06-29 20:30:00,2026-06-30 00:00:00,3.75,2.4,3.9266666666666667,20
2026-06-30 09:00:00,2026-06-30 14:30:00,5.75,2.5,3.6260869565217386,9
2026-06-30 21:30:00,2026-07-01 01:45:00,4.5,2.2,3.4222222222222225,21
2026-07-01 03:15:00,2026-07-01 04:30:00,1.5,1.6,1.8333333333333333,3
2026-07-01 10:30:00,2026-07-01 14:30:00,4.25,2.9,3.770588235294117,10
2026-07-01 21:45:00,2026-07-02 01:15:00,3.75,2.6,3.946666666666666,21
2026-07-02 03:15:00,2026-07-02 03:45:00,0.75,1.6,1.7,3
2026-07-02 12:45:00,2026-07-02 16:30:00,4.0,3.7,4.45625,12
2026-07-02 22:45:00,2026-07-03 04:00:00,5.5,1.4,2.9954545454545456,22
2026-07-03 13:00:00,2026-07-03 15:15:00,2.5,3.8,4.540000000000001,13
2026-07-03 16:45:00,2026-07-03 18:15:00,1.75,4.4,5.014285714285714,16
2026-07-03 22:45:00,2026-07-04 06:15:00,7.75,1.1,2.809677419354838,22
2026-07-04 14:00:00,2026-07-04 17:00:00,3.25,3.5,4.376923076923077,14
2026-07-05 00:00:00,2026-07-05 08:45:00,9.0,1.0,2.636111111111111,0
2026-07-05 14:30:00,2026-07-05 18:00:00,3.75,3.3,4.166666666666666,14
2026-07-06 00:30:00,2026-07-06 04:45:00,4.5,1.6,3.0222222222222226,0
2026-07-06 06:15:00,2026-07-06 06:30:00,0.5,0.9,1.0,6
2026-07-06 16:15:00,2026-07-06 17:15:00,1.25,4.2,4.6,16
2026-07-06 20:45:00,2026-07-06 21:45:00,1.25,4.6,4.9399999999999995,20
2026-07-07 01:00:00,2026-07-07 08:15:00,7.5,0.8,2.64,1
2026-07-07 15:15:00,2026-07-07 19:45:00,4.75,2.2,4.294736842105263,15
2026-07-08 01:45:00,2026-07-08 07:30:00,6.0,1.0,3.091666666666667,1
2026-07-08 14:45:00,2026-07-08 20:30:00,6.0,2.2,4.116666666666666,14
2026-07-09 02:45:00,2026-07-09 10:00:00,7.5,1.0,2.7266666666666666,2
2026-07-09 16:30:00,2026-07-09 22:15:00,6.0,2.0,3.5125000000000006,16
2026-07-10 03:45:00,2026-07-10 09:00:00,5.5,1.2,2.913636363636364,3
2026-07-10 16:30:00,2026-07-10 23:15:00,7.0,1.7,3.4928571428571438,16
2026-07-11 04:45:00,2026-07-11 10:15:00,5.75,1.5,2.808695652173913,4
2026-07-11 18:00:00,2026-07-12 00:00:00,6.25,1.6,3.112,18
2026-07-12 06:00:00,2026-07-12 08:45:00,3.0,2.3,3.3833333333333333,6
2026-07-12 10:15:00,2026-07-12 13:15:00,3.25,1.9,3.0384615384615383,10
2026-07-12 19:00:00,2026-07-13 01:15:00,6.5,1.7,3.0846153846153848,19
2026-07-13 07:30:00,2026-07-13 10:15:00,3.0,2.7,3.408333333333333,7
2026-07-13 12:00:00,2026-07-13 13:30:00,1.75,2.6,3.142857142857143,12
2026-07-13 19:30:00,2026-07-13 23:15:00,4.0,2.6,3.9937500000000004,19
2026-07-14 08:30:00,2026-07-14 10:45:00,2.5,2.6,3.2700000000000005,8
2026-07-14 13:00:00,2026-07-14 14:00:00,1.25,2.0,2.12,13
2026-07-14 16:45:00,2026-07-14 17:00:00,0.5,3.6,3.7,16
2026-07-14 21:15:00,2026-07-14 23:30:00,2.5,2.9,3.7099999999999995,21
2026-07-15 09:45:00,2026-07-15 11:15:00,1.75,3.5,3.871428571428571,9
2026-07-15 14:30:00,2026-07-15 15:45:00,1.5,2.9,3.3333333333333335,14
2026-07-15 22:00:00,2026-07-16 00:45:00,3.0,2.5,3.5583333333333336,22
2026-07-16 02:45:00,2026-07-16 03:30:00,1.0,1.7,1.8499999999999999,2
2026-07-16 15:45:00,2026-07-16 16:30:00,1.0,3.3,3.5749999999999997,15
2026-07-16 22:45:00,2026-07-17 01:30:00,3.0,2.4,3.4583333333333335,22
2026-07-17 15:45:00,2026-07-17 16:30:00,1.0,3.5,3.775,15
2026-07-17 23:30:00,2026-07-18 02:15:00,3.0,2.2,3.3333333333333335,23
2026-07-18 04:00:00,2026-07-18 06:15:00,2.5,1.3,1.7399999999999998,4
2026-07-18 17:30:00,2026-07-18 17:45:00,0.5,3.7,3.85,17
2026-07-19 00:15:00,2026-07-19 02:45:00,2.75,2.5,3.436363636363637,0
2026-07-19 16:45:00,2026-07-19 18:15:00,1.75,3.8,4.214285714285714,16
2026-07-20 00:30:00,2026-07-20 03:15:00,3.0,2.6,3.9250000000000003,0
2026-07-20 06:00:00,2026-07-20 07:45:00,2.0,1.2,1.6125,6
2026-07-20 15:00:00,2026-07-20 19:15:00,4.5,3.8,4.627777777777777,15
2026-07-21 02:00:00,2026-07-21 04:30:00,2.75,2.6,3.790909090909091,2
2026-07-21 15:45:00,2026-07-21 18:45:00,3.25,4.1,4.8999999999999995,15
2026-07-22 03:45:00,2026-07-22 09:45:00,6.25,1.3,2.552,3
2026-07-22 15:15:00,2026-07-22 22:00:00,7.0,2.7,4.250000000000001,15
2026-07-23 02:45:00,2026-07-23 07:45:00,5.25,1.9,3.900000000000001,2
2026-07-23 16:45:00,2026-07-23 21:30:00,5.0,2.5,3.8950000000000005,16
2026-07-23 23:15:00,2026-07-23 23:30:00,0.5,2.6,2.8,23
2026-07-24 03:30:00,2026-07-24 10:45:00,7.5,1.2,3.2,3
2026-07-24 17:00:00,2026-07-24 20:30:00,3.75,2.6,4.1,17
2026-07-24 23:00:00,2026-07-25 00:15:00,1.5,1.4,1.8666666666666665,23
2026-07-25 04:45:00,2026-07-25 12:15:00,7.75,1.5,2.9516129032258065,4
2026-07-25 18:15:00,2026-07-25 21:30:00,3.5,2.4,3.85,18
2026-07-26 06:00:00,2026-07-26 11:45:00,6.0,1.5,2.891666666666667,6
2026-07-26 19:00:00,2026-07-27 00:00:00,5.25,2.0,3.7952380952380946,19
2026-07-27 07:00:00,2026-07-27 12:15:00,5.5,2.4,3.213636363636364,7
2026-07-27 19:15:00,2026-07-27 22:45:00,3.75,2.7,4.126666666666667,19
2026-07-28 07:45:00,2026-07-28 09:00:00,1.5,3.4,3.8166666666666664,7
2026-07-28 13:15:00,2026-07-28 13:45:00,0.75,2.8,3.0666666666666664,13
2026-07-28 20:30:00,2026-07-28 22:30:00,2.25,3.0,4.222222222222222,20
2026-07-29 01:30:00,2026-07-29 03:00:00,1.75,1.9,2.057142857142857,1
2026-07-29 08:30:00,2026-07-29 10:45:00,2.5,3.2,3.71,8
2026-07-29 12:30:00,2026-07-29 13:45:00,1.5,3.0,3.25,12
2026-07-29 17:15:00,2026-07-29 17:30:00,0.5,5.1,5.25,17
2026-07-29 20:15:00,2026-07-29 23:45:00,3.75,2.5,4.026666666666666,20
2026-07-30 01:30:00,2026-07-30 04:15:00,3.0,1.6,2.125,1
2026-07-30 10:00:00,2026-07-30 15:30:00,5.75,3.7,4.108695652173912,10
2026-07-30 21:00:00,2026-07-31 01:30:00,4.75,2.1,3.7263157894736842,21
2026-07-31 13:15:00,2026-07-31 13:30:00,0.5,4.0,4.1,13
2026-07-31 16:15:00,2026-07-31 17:15:00,1.25,4.1,4.380000000000001,16
2026-07-31 22:00:00,2026-08-01 00:45:00,3.0,2.8,3.983333333333333,22
2026-08-01 10:00:00,2026-08-01 10:45:00,1.0,4.8,4.975,10
2026-08-01 13:00:00,2026-08-01 17:15:00,4.5,3.8,4.438888888888889,13
2026-08-01 22:30:00,2026-08-02 01:30:00,3.25,2.4,3.723076923076923,22
2026-08-02 23:30:00,2026-08-03 02:30:00,3.25,2.1,3.5615384615384613,23
2026-08-03 11:45:00,2026-08-03 13:00:00,1.5,4.9,5.1499999999999995,11
2026-08-03 14:45:00,2026-08-03 15:15:00,0.75,3.7,3.9,14
2026-08-03 16:45:00,2026-08-03 18:00:00,1.5,3.0,3.233333333333334,16
2026-08-04 00:00:00,2026-08-04 03:30:00,3.75,1.7,3.3333333333333335,0
2026-08-04 05:15:00,2026-08-04 07:00:00,2.0,1.2,2.1,5
2026-08-04 15:00:00,2026-08-04 15:15:00,0.5,4.1,4.4,15
2026-08-04 17:15:00,2026-08-04 18:00:00,1.0,3.2,3.575,17
2026-08-05 01:00:00,2026-08-05 06:15:00,5.5,0.9,2.5999999999999996,1
2026-08-05 13:15:00,2026-08-05 19:00:00,6.0,3.1,4.3,13
2026-08-06 01:15:00,2026-08-06 08:45:00,7.75,1.4,2.851612903225806,1
2026-08-06 15:30:00,2026-08-06 20:00:00,4.75,2.1,3.5421052631578944,15
2026-08-07 02:15:00,2026-08-07 08:00:00,6.0,1.1,2.9875000000000003,2
2026-08-07 09:30:00,2026-08-07 10:15:00,1.0,3.4,4.225,9
2026-08-07 15:15:00,2026-08-07 21:30:00,6.5,2.2,4.103846153846154,15
2026-08-08 03:45:00,2026-08-08 10:15:00,6.75,0.6,2.6555555555555554,3
2026-08-08 16:15:00,2026-08-08 20:00:00,4.0,2.8,4.3125,16
2026-08-08 23:30:00,2026-08-09 00:00:00,0.75,3.1,3.3666666666666667,23
2026-08-09 04:45:00,2026-08-09 07:30:00,3.0,2.2,3.6,4
2026-08-09 17:30:00,2026-08-10 00:15:00,7.0,1.8,3.210714285714286,17
2026-08-10 05:45:00,2026-08-10 08:45:00,3.25,2.0,3.269230769230769,5
2026-08-10 10:45:00,2026-08-10 12:30:00,2.0,1.4,1.9500000000000002,10
2026-08-10 18:30:00,2026-08-10 22:00:00,3.75,2.6,3.973333333333333,18
2026-08-11 00:15:00,2026-08-11 01:30:00,1.5,1.6,1.9000000000000004,0
2026-08-11 07:15:00,2026-08-11 13:30:00,6.5,2.2,2.95,7
2026-08-11 20:00:00,2026-08-11 23:30:00,3.75,2.3,3.74,20
2026-08-12 08:30:00,2026-08-12 10:30:00,2.25,3.2,3.944444444444445,8
2026-08-12 13:30:00,2026-08-12 14:30:00,1.25,2.6,2.8600000000000003,13
2026-08-12 20:45:00,2026-08-13 01:45:00,5.25,1.4,3.1666666666666665,20
2026-08-13 09:45:00,2026-08-13 11:30:00,2.0,3.9,4.45,9
2026-08-13 13:00:00,2026-08-13 15:30:00,2.75,2.3,3.1363636363636362,13
2026-08-13 21:15:00,2026-08-14 00:30:00,3.5,2.4,3.8857142857142857,21
2026-08-14 11:15:00,2026-08-14 12:30:00,1.5,3.8,4.216666666666667,11
2026-08-14 15:00:00,2026-08-14 16:30:00,1.75,2.7,3.1142857142857143,15
2026-08-14 21:45:00,2026-08-15 01:30:00,4.0,2.2,3.8125,21
2026-08-15 03:45:00,2026-08-15 05:00:00,1.5,1.6,1.9666666666666668,3
2026-08-15 11:30:00,2026-08-15 16:15:00,5.0,2.5,3.8600000000000008,11
2026-08-15 22:45:00,2026-08-16 02:30:00,4.0,1.9,3.475,22
2026-08-16 04:30:00,2026-08-16 05:15:00,1.0,1.2,1.35,4
2026-08-16 12:15:00,2026-08-16 13:00:00,1.0,5.0,5.175,12
2026-08-16 15:00:00,2026-08-16 17:15:00,2.5,2.7,3.5700000000000003,15
2026-08-16 23:45:00,2026-08-17 06:45:00,7.25,1.0,2.2655172413793103,23
2026-08-17 15:45:00,2026-08-17 18:00:00,2.5,2.9,3.6800000000000006,15
2026-08-18 00:00:00,2026-08-18 06:45:00,7.0,0.8,2.371428571428571,0
2026-08-18 13:00:00,2026-08-18 19:15:00,6.5,3.2,4.61923076923077,13
2026-08-19 00:30:00,2026-08-19 08:00:00,7.75,0.7,2.7032258064516133,0
2026-08-19 13:45:00,2026-08-19 20:15:00,6.75,2.7,4.607407407407407,13
2026-08-20 01:30:00,2026-08-20 05:45:00,4.5,1.8,3.7722222222222217,1
2026-08-20 07:30:00,2026-08-20 09:15:00,2.0,0.9,1.3125,7
2026-08-20 14:30:00,2026-08-20 23:15:00,9.0,2.5,4.563888888888889,14
2026-08-21 02:00:00,2026-08-21 09:30:00,7.75,0.8,3.041935483870968,2
2026-08-21 15:30:00,2026-08-22 10:15:00,19.0,1.5,3.7776315789473687,15
2026-08-22 16:00:00,2026-08-22 19:30:00,3.75,3.4,4.966666666666667,16
2026-08-22 21:15:00,2026-08-23 00:00:00,3.0,0.1,2.7000000000000006,21
2026-08-23 03:45:00,2026-08-23 07:45:00,4.25,3.4,4.294117647058823,3
2026-08-23 17:15:00,2026-08-23 22:45:00,5.75,1.3,3.3652173913043475,17
2026-08-24 05:00:00,2026-08-24 10:45:00,6.0,1.2,3.1041666666666665,5
2026-08-24 14:00:00,2026-08-24 14:15:00,0.5,5.2,5.300000000000001,14
2026-08-24 19:00:00,2026-08-24 21:45:00,3.0,2.2,3.475000000000001,19
2026-08-24 23:15:00,2026-08-25 00:30:00,1.5,1.3,1.5166666666666664,23
2026-08-25 02:00:00,2026-08-25 03:00:00,1.25,3.8,4.24,2
2026-08-25 07:30:00,2026-08-25 12:45:00,5.5,1.4,2.4136363636363636,7
2026-08-25 14:30:00,2026-08-25 15:15:00,1.0,5.0,5.175,14
2026-08-25 18:30:00,2026-08-25 22:00:00,3.75,2.5,4.073333333333333,18
2026-08-26 00:45:00,2026-08-26 02:00:00,1.5,3.4,3.483333333333333,0
2026-08-26 07:15:00,2026-08-26 09:30:00,2.5,2.1,3.12,7
2026-08-26 12:00:00,2026-08-26 13:00:00,1.25,0.8,1.8799999999999997,12
2026-08-26 19:30:00,2026-08-26 22:15:00,3.0,2.6,3.9666666666666663,19
2026-08-27 02:00:00,2026-08-27 02:30:00,0.75,2.4,2.533333333333333,2
2026-08-27 07:15:00,2026-08-27 09:30:00,2.5,2.6,3.9,7
2026-08-27 11:15:00,2026-08-27 11:45:00,0.75,1.8,1.9666666666666666,11
2026-08-27 20:15:00,2026-08-27 22:45:00,2.75,2.9,3.909090909090909,20
2026-08-28 01:00:00,2026-08-28 02:45:00,2.0,1.9,2.1625,1
2026-08-28 07:45:00,2026-08-28 10:30:00,3.0,2.9,4.033333333333333,7
2026-08-28 12:30:00,2026-08-28 14:15:00,2.0,1.6,2.2125,12
2026-08-28 21:00:00,2026-08-28 23:45:00,3.0,2.3,3.5,21
2026-08-29 08:45:00,2026-08-29 10:45:00,2.25,3.3,4.188888888888888,8
2026-08-29 14:30:00,2026-08-29 14:45:00,0.5,2.0,2.15,14
2026-08-29 21:00:00,2026-08-30 01:15:00,4.5,1.9,3.466666666666667,21
2026-08-30 10:00:00,2026-08-30 11:15:00,1.5,3.9,4.6,10
2026-08-30 15:00:00,2026-08-30 15:45:00,1.0,2.4,2.65,15
2026-08-30 22:15:00,2026-08-31 01:15:00,3.25,2.2,3.484615384615385,22
2026-08-31 03:15:00,2026-08-31 04:00:00,1.0,1.4,1.5500000000000003,3
2026-08-31 10:30:00,2026-08-31 12:15:00,2.0,4.4,4.9875,10
2026-08-31 15:15:00,2026-08-31 17:45:00,2.75,2.6,3.3272727272727276,15
2026-08-31 22:30:00,2026-09-01 01:45:00,3.5,2.1,3.771428571428572,22
2026-09-01 03:15:00,2026-09-01 05:00:00,2.0,1.2,1.4874999999999998,3
2026-09-01 13:30:00,2026-09-01 17:45:00,4.5,2.4,3.8777777777777778,13
2026-09-01 23:30:00,2026-09-02 06:00:00,6.75,0.8,2.3629629629629627,23
2026-09-02 15:30:00,2026-09-02 17:45:00,2.5,2.6,3.6699999999999995,15
2026-09-03 00:00:00,2026-09-03 07:15:00,7.5,0.9,2.3433333333333333,0
2026-09-03 12:45:00,2026-09-03 20:15:00,7.75,2.3,4.341935483870968,12
2026-09-04 00:45:00,2026-09-04 07:45:00,7.25,0.8,2.56551724137931,0
2026-09-04 13:45:00,2026-09-04 21:30:00,8.0,2.5,4.290625,13
2026-09-05 02:00:00,2026-09-05 09:15:00,7.5,0.8,2.423333333333334,2
2026-09-05 14:45:00,2026-09-05 23:15:00,8.75,1.6,3.9399999999999995,14
2026-09-06 03:30:00,2026-09-06 08:15:00,5.0,1.1,2.8150000000000004,3
2026-09-06 09:45:00,2026-09-06 10:15:00,0.75,1.6,1.9333333333333336,9
2026-09-06 15:45:00,2026-09-06 19:00:00,3.5,3.6,5.114285714285714,15
2026-09-06 21:00:00,2026-09-06 22:45:00,2.0,3.4,3.625,21
2026-09-07 05:00:00,2026-09-07 07:30:00,2.75,2.6,3.6363636363636362,5
2026-09-07 09:45:00,2026-09-07 10:15:00,0.75,1.4,1.8666666666666665,9
2026-09-07 11:45:00,2026-09-07 12:45:00,1.25,3.9,4.14,11
2026-09-07 17:15:00,2026-09-07 23:30:00,6.5,2.2,4.226923076923077,17
2026-09-08 05:45:00,2026-09-08 08:00:00,2.5,3.6,4.46,5
2026-09-08 10:00:00,2026-09-08 12:30:00,2.75,2.2,2.8636363636363638,10
2026-09-08 18:30:00,2026-09-09 01:15:00,7.0,1.8,3.778571428571429,18
