mulai,selesai,durasi_jam,nilai_min,nilai_rata,jam_mulai
2020-01-01 01:30:00,2020-01-01 03:15:00,2.0,6.9,7.1375,1
2020-01-01 04:45:00,2020-01-01 08:45:00,4.25,6.3,6.852941176470588,4
2020-01-01 12:30:00,2020-01-01 19:45:00,7.5,7.3,8.24,12
2020-01-01 22:00:00,2020-01-02 01:45:00,4.0,7.3,7.668749999999999,22
2020-01-02 04:30:00,2020-01-02 09:15:00,5.0,6.9,7.209999999999999,4
2020-01-02 11:00:00,2020-01-02 13:15:00,2.5,7.2,7.460000000000001,11
2020-01-02 22:30:00,2020-01-03 01:15:00,3.0,6.9,7.208333333333333,22
2020-01-03 07:15:00,2020-01-03 09:45:00,2.75,5.9,6.5,7
2020-01-03 21:30:00,2020-01-03 22:45:00,1.5,6.4,6.516666666666667,21
2020-01-04 14:45:00,2020-01-04 15:30:00,1.0,5.9,6.074999999999999,14
2020-01-05 09:15:00,2020-01-05 22:00:00,13.0,4.9,6.673076923076923,9
2020-01-06 00:45:00,2020-01-06 02:00:00,1.5,6.0,6.6499999999999995,0
2020-01-06 07:45:00,2020-01-06 10:45:00,3.25,5.1,5.846153846153846,7
2020-01-06 12:45:00,2020-01-06 14:15:00,1.75,7.5,7.757142857142857,12
2020-01-06 18:15:00,2020-01-06 20:15:00,2.25,7.1,7.466666666666667,18
2020-01-06 21:45:00,2020-01-06 22:30:00,1.0,6.7,6.95,21
2020-01-07 00:00:00,2020-01-07 00:30:00,0.75,7.3,7.566666666666666,0
2020-01-07 02:00:00,2020-01-07 02:30:00,0.75,6.7,6.833333333333333,2
2020-01-07 06:00:00,2020-01-07 06:15:00,0.5,6.2,6.300000000000001,6
2020-01-07 08:15:00,2020-01-07 09:00:00,1.0,6.4,6.675,8
2020-01-07 11:00:00,2020-01-07 14:30:00,3.75,6.7,7.246666666666665,11
2020-01-07 20:30:00,2020-01-08 03:45:00,7.5,6.1,7.480000000000001,20
2020-01-08 12:00:00,2020-01-08 14:00:00,2.25,6.6,7.011111111111111,12
2020-01-08 23:30:00,2020-01-09 01:30:00,2.25,7.6,8.244444444444444,23
2020-01-09 10:30:00,2020-01-09 12:15:00,2.0,6.7,6.800000000000001,10
2020-01-09 14:00:00,2020-01-09 15:45:00,2.0,7.4,7.700000000000001,14
2020-01-10 01:30:00,2020-01-10 04:00:00,2.75,6.9,7.554545454545454,1
2020-01-10 08:45:00,2020-01-10 10:30:00,2.0,6.6,6.725,8
2020-01-11 01:30:00,2020-01-11 02:30:00,1.25,7.4,7.640000000000001,1
2020-01-11 04:00:00,2020-01-11 05:15:00,1.5,6.4,6.699999999999999,4
2020-01-12 01:45:00,2020-01-12 03:30:00,2.0,5.7,6.3125,1
2020-01-12 10:45:00,2020-01-12 11:45:00,1.25,5.8,5.88,10
2020-01-12 23:45:00,2020-01-13 03:45:00,4.25,5.8,6.8999999999999995,23
2020-01-13 11:00:00,2020-01-13 14:30:00,3.75,5.4,5.706666666666666,11
2020-01-14 01:00:00,2020-01-14 02:30:00,1.75,6.4,7.114285714285715,1
2020-01-14 04:00:00,2020-01-14 05:00:00,1.25,5.8,5.96,4
2020-01-14 14:45:00,2020-01-14 17:30:00,3.0,6.1,6.483333333333333,14
2020-01-14 19:00:00,2020-01-14 19:30:00,0.75,5.9,6.033333333333334,19
2020-01-15 03:00:00,2020-01-15 03:45:00,1.0,6.3,6.449999999999999,3
2020-01-15 06:00:00,2020-01-15 07:00:00,1.25,5.3,5.78,6
2020-01-15 13:15:00,2020-01-15 14:15:00,1.25,4.7,5.24,13
2020-01-15 15:45:00,2020-01-16 03:15:00,11.75,4.7,5.81276595744681,15
2020-01-16 05:15:00,2020-01-16 08:15:00,3.25,4.4,4.984615384615386,5
2020-01-16 11:00:00,2020-01-16 12:15:00,1.5,4.7,4.95,11
2020-01-16 15:15:00,2020-01-16 21:30:00,6.5,5.2,6.026923076923075,15
2020-01-16 23:00:00,2020-01-16 23:45:00,1.0,5.1,5.775,23
2020-01-17 04:15:00,2020-01-17 08:15:00,4.25,5.9,6.241176470588236,4
2020-01-17 13:00:00,2020-01-17 14:45:00,2.0,6.8,7.2875,13
2020-01-17 17:00:00,2020-01-17 18:30:00,1.75,6.3,6.714285714285714,17
2020-01-18 00:15:00,2020-01-18 01:00:00,1.0,6.7,6.825,0
2020-01-18 04:15:00,2020-01-18 05:15:00,1.25,6.5,6.7,4
2020-01-18 21:00:00,2020-01-19 00:00:00,3.25,5.4,6.076923076923077,21
2020-01-19 03:45:00,2020-01-19 06:15:00,2.75,4.8,5.045454545454546,3
2020-01-19 19:15:00,2020-01-19 20:15:00,1.25,7.9,8.120000000000001,19
2020-01-19 23:00:00,2020-01-19 23:30:00,0.75,7.2,7.3999999999999995,23
2020-01-20 17:45:00,2020-01-20 23:00:00,5.5,9.0,10.031818181818183,17
2020-01-21 00:30:00,2020-01-21 03:45:00,3.5,7.3,8.092857142857143,0
2020-01-21 16:30:00,2020-01-21 17:15:00,1.0,11.0,11.1,16
2020-01-22 00:00:00,2020-01-22 03:15:00,3.5,9.5,10.107142857142856,0
2020-01-22 05:45:00,2020-01-22 06:00:00,0.5,9.2,9.3,5
2020-01-22 12:45:00,2020-01-22 13:15:00,0.75,10.5,10.733333333333334,12
2020-01-22 14:45:00,2020-01-22 16:00:00,1.5,10.8,10.933333333333332,14
2020-01-22 23:45:00,2020-01-23 00:45:00,1.25,10.3,10.520000000000001,23
2020-01-23 03:00:00,2020-01-23 03:30:00,0.75,9.8,9.9,3
2020-01-24 01:00:00,2020-01-24 02:45:00,2.0,8.5,8.975000000000001,1
2020-01-25 00:00:00,2020-01-25 02:15:00,2.5,7.8,8.43,0
2020-01-26 00:15:00,2020-01-26 00:45:00,0.75,8.7,8.833333333333334,0
2020-01-26 09:30:00,2020-01-26 10:15:00,1.0,7.9,8.075,9
2020-01-26 12:15:00,2020-01-26 12:45:00,0.75,8.0,8.133333333333333,12
2020-01-26 14:15:00,2020-01-26 15:15:00,1.25,8.0,8.100000000000001,14
2020-01-27 00:00:00,2020-01-27 03:15:00,3.5,7.3,8.05,0
2020-01-28 02:00:00,2020-01-28 03:00:00,1.25,7.9,8.22,2
2020-01-28 04:30:00,2020-01-28 05:15:00,1.0,7.5,7.675,4
2020-01-28 17:45:00,2020-01-28 20:00:00,2.5,8.3,8.580000000000002,17
2020-01-29 04:45:00,2020-01-29 07:30:00,3.0,7.6,7.858333333333334,4
2020-01-29 14:15:00,2020-01-29 15:30:00,1.5,8.3,8.566666666666665,14
2020-01-29 17:15:00,2020-01-29 19:30:00,2.5,8.2,8.47,17
2020-01-30 14:00:00,2020-01-30 17:15:00,3.5,8.7,9.142857142857142,14
2020-01-30 22:15:00,2020-01-30 23:15:00,1.25,8.4,8.64,22
2020-01-31 01:30:00,2020-01-31 04:45:00,3.5,7.9,8.35,1
2020-01-31 15:00:00,2020-01-31 16:15:00,1.5,7.9,8.433333333333334,15
2020-01-31 18:00:00,2020-01-31 23:30:00,5.75,7.3,7.717391304347827,18
2020-02-01 01:00:00,2020-02-01 04:30:00,3.75,6.4,6.886666666666668,1
2020-02-01 11:15:00,2020-02-01 12:45:00,1.75,7.1,7.742857142857142,11
2020-02-01 14:30:00,2020-02-01 15:00:00,0.75,8.0,8.200000000000001,14
2020-02-01 17:15:00,2020-02-01 20:15:00,3.25,7.9,8.338461538461537,17
2020-02-01 22:00:00,2020-02-01 23:45:00,2.0,7.6,7.9625,22
2020-02-02 01:30:00,2020-02-02 05:45:00,4.5,6.8,7.5166666666666675,1
2020-02-02 07:45:00,2020-02-02 08:45:00,1.25,6.5,6.959999999999999,7
2020-02-02 12:15:00,2020-02-02 13:30:00,1.5,8.7,8.9,12
2020-02-02 18:00:00,2020-02-02 19:15:00,1.5,9.4,9.583333333333334,18
2020-02-02 20:45:00,2020-02-02 23:15:00,2.75,8.0,8.618181818181819,20
2020-02-03 01:00:00,2020-02-03 06:45:00,6.0,6.2,7.154166666666666,1
2020-02-04 00:45:00,2020-02-04 03:15:00,2.75,7.3,7.763636363636363,0
2020-02-04 04:45:00,2020-02-04 06:30:00,2.0,7.0,7.375,4
2020-02-04 18:30:00,2020-02-04 20:00:00,1.75,8.8,9.085714285714285,18
2020-02-04 21:30:00,2020-02-05 01:30:00,4.25,5.8,6.9411764705882355,21
2020-02-05 05:30:00,2020-02-05 05:45:00,0.5,6.2,6.35,5
2020-02-05 21:30:00,2020-02-06 01:30:00,4.25,5.7,6.982352941176471,21
2020-02-06 05:15:00,2020-02-06 05:30:00,0.5,5.0,5.3,5
2020-02-06 10:00:00,2020-02-06 11:00:00,1.25,5.8,5.96,10
2020-02-06 23:00:00,2020-02-07 01:00:00,2.25,5.9,6.266666666666667,23
2020-02-07 21:15:00,2020-02-08 02:00:00,5.0,7.6,8.795,21
2020-02-09 00:00:00,2020-02-09 02:45:00,3.0,8.2,9.108333333333334,0
2020-02-10 02:15:00,2020-02-10 05:45:00,3.75,6.7,7.833333333333333,2
2020-02-10 10:00:00,2020-02-10 10:30:00,0.75,7.5,7.633333333333333,10
2020-02-11 01:45:00,2020-02-11 05:45:00,4.25,5.9,7.635294117647059,1
2020-02-11 09:00:00,2020-02-11 14:30:00,5.75,6.2,6.591304347826087,9
2020-02-11 16:00:00,2020-02-11 16:15:00,0.5,6.8,6.9,16
2020-02-11 17:45:00,2020-02-11 19:15:00,1.75,6.4,6.6571428571428575,17
2020-02-12 02:15:00,2020-02-12 03:30:00,1.5,6.6,6.783333333333334,2
2020-02-12 05:00:00,2020-02-12 07:45:00,3.0,5.5,6.283333333333334,5
2020-02-12 09:45:00,2020-02-12 11:00:00,1.5,5.4,6.000000000000001,9
2020-02-12 13:45:00,2020-02-12 15:30:00,2.0,7.1,7.8375,13
2020-02-12 18:45:00,2020-02-12 19:00:00,0.5,7.4,7.6,18
2020-02-13 01:00:00,2020-02-13 03:00:00,2.25,7.0,7.277777777777778,1
2020-02-13 05:15:00,2020-02-13 08:00:00,3.0,4.4,5.708333333333335,5
2020-02-13 09:30:00,2020-02-13 10:30:00,1.25,5.6,5.92,9
2020-02-13 12:45:00,2020-02-13 13:45:00,1.25,6.0,6.5,12
2020-02-13 19:00:00,2020-02-13 20:15:00,1.5,6.3,6.5,19
2020-02-13 22:00:00,2020-02-13 22:30:00,0.75,6.2,6.333333333333333,22
2020-02-14 06:30:00,2020-02-14 09:00:00,2.75,6.3,6.736363636363637,6
2020-02-14 15:00:00,2020-02-14 17:45:00,3.0,7.9,8.308333333333334,15
2020-02-14 19:15:00,2020-02-14 22:00:00,3.0,6.7,7.358333333333333,19
2020-02-14 23:30:00,2020-02-15 00:00:00,0.75,6.6,6.766666666666666,23
2020-02-15 03:30:00,2020-02-15 03:45:00,0.5,6.9,7.0,3
2020-02-15 05:15:00,2020-02-15 06:30:00,1.5,7.0,7.366666666666666,5
2020-02-15 21:15:00,2020-02-15 22:30:00,1.5,8.1,8.333333333333334,21
2020-02-16 01:45:00,2020-02-16 03:30:00,2.0,7.0,7.4125,1
2020-02-16 05:45:00,2020-02-16 07:00:00,1.5,6.8,7.366666666666666,5
2020-02-16 09:00:00,2020-02-16 13:30:00,4.75,7.1,7.789473684210527,9
2020-02-16 17:45:00,2020-02-17 02:30:00,9.0,6.4,7.333333333333333,17
2020-02-17 06:00:00,2020-02-17 06:15:00,0.5,6.4,6.5,6
2020-02-17 18:15:00,2020-02-17 23:15:00,5.25,6.6,7.809523809523808,18
2020-02-18 11:00:00,2020-02-18 13:00:00,2.25,6.2,6.4,11
2020-02-18 18:45:00,2020-02-19 00:15:00,5.75,5.5,7.669565217391306,18
2020-02-19 07:30:00,2020-02-19 10:45:00,3.5,4.8,5.114285714285715,7
2020-02-19 19:45:00,2020-02-19 21:45:00,2.25,6.7,7.211111111111112,19
2020-02-20 05:30:00,2020-02-20 06:15:00,1.0,4.6,4.775,5
2020-02-20 08:30:00,2020-02-20 09:00:00,0.75,4.6,4.733333333333333,8
2020-02-20 13:30:00,2020-02-20 18:15:00,5.0,5.3,6.279999999999999,13
2020-02-21 08:45:00,2020-02-21 09:30:00,1.0,7.4,7.55,8
2020-02-21 19:30:00,2020-02-21 21:15:00,2.0,9.0,9.475,19
2020-02-21 23:15:00,2020-02-22 01:15:00,2.25,7.9,8.322222222222223,23
2020-02-22 11:15:00,2020-02-22 14:00:00,3.0,8.9,9.641666666666667,11
2020-02-22 16:30:00,2020-02-22 23:15:00,7.0,9.6,10.10357142857143,16
2020-02-23 02:15:00,2020-02-23 05:00:00,3.0,7.8,8.533333333333333,2
2020-02-23 07:30:00,2020-02-23 07:45:00,0.5,8.1,8.2,7
2020-02-24 02:00:00,2020-02-24 04:00:00,2.25,8.7,9.4,2
2020-02-24 06:00:00,2020-02-24 06:45:00,1.0,7.8,7.95,6
2020-02-25 01:15:00,2020-02-25 06:30:00,5.5,6.1,8.054545454545455,1
2020-02-25 08:15:00,2020-02-25 08:30:00,0.5,6.0,6.1,8
2020-02-25 11:30:00,2020-02-25 13:15:00,2.0,5.6,6.275,11
2020-02-25 15:00:00,2020-02-25 17:45:00,3.0,6.6,6.958333333333333,15
2020-02-26 00:30:00,2020-02-26 05:30:00,5.25,6.2,7.20952380952381,0
2020-02-26 18:00:00,2020-02-26 18:45:00,1.0,6.7,6.825,18
2020-02-27 09:00:00,2020-02-27 15:00:00,6.25,6.5,7.484,9
2020-02-27 17:15:00,2020-02-27 20:30:00,3.5,7.8,8.135714285714288,17
2020-02-27 22:30:00,2020-02-28 00:15:00,2.0,7.3,7.5625,22
2020-02-28 02:15:00,2020-02-28 08:30:00,6.5,6.9,7.519230769230769,2
2020-02-28 11:45:00,2020-02-28 12:30:00,1.0,8.8,9.0,11
2020-02-28 14:45:00,2020-02-29 04:30:00,14.0,7.2,9.007142857142858,14
2020-02-29 06:00:00,2020-02-29 07:30:00,1.75,7.5,7.871428571428572,6
2020-02-29 12:15:00,2020-02-29 15:00:00,3.0,9.9,10.85,12
2020-02-29 16:45:00,2020-03-01 09:00:00,16.5,7.5,9.195454545454547,16
2020-03-01 11:15:00,2020-03-01 13:45:00,2.75,8.7,9.6,11
2020-03-01 15:15:00,2020-03-02 00:45:00,9.75,8.4,9.930769230769231,15
2020-03-02 02:30:00,2020-03-02 08:45:00,6.5,8.1,8.434615384615386,2
2020-03-02 16:30:00,2020-03-02 16:45:00,0.5,10.4,10.55,16
2020-03-02 18:15:00,2020-03-03 00:45:00,6.75,6.8,8.285185185185187,18
2020-03-03 02:15:00,2020-03-03 03:30:00,1.5,7.1,7.3,2
2020-03-03 14:15:00,2020-03-03 14:45:00,0.75,12.5,12.700000000000001,14
2020-03-03 16:30:00,2020-03-04 04:45:00,12.5,5.3,8.646,16
2020-03-04 07:15:00,2020-03-04 07:45:00,0.75,6.4,6.466666666666666,7
2020-03-04 10:30:00,2020-03-04 13:00:00,2.75,7.2,7.8,10
2020-03-04 16:15:00,2020-03-04 16:30:00,0.5,10.0,10.1,16
2020-03-04 18:30:00,2020-03-04 23:45:00,5.5,5.1,7.518181818181819,18
2020-03-05 04:00:00,2020-03-05 04:30:00,0.75,5.3,5.366666666666667,4
2020-03-05 11:15:00,2020-03-05 12:15:00,1.25,7.0,7.640000000000001,11
2020-03-05 20:15:00,2020-03-06 00:30:00,4.5,6.1,7.116666666666666,20
2020-03-06 19:15:00,2020-03-06 19:30:00,0.5,8.9,9.0,19
2020-03-07 01:45:00,2020-03-07 03:00:00,1.5,6.7,7.0,1
2020-03-07 15:30:00,2020-03-07 16:30:00,1.25,8.3,9.0,15
2020-03-07 18:30:00,2020-03-07 21:45:00,3.5,9.0,9.314285714285715,18
2020-03-07 23:15:00,2020-03-08 04:15:00,5.25,7.3,8.00952380952381,23
2020-03-08 05:45:00,2020-03-08 07:00:00,1.5,6.6,6.783333333333332,5
2020-03-08 08:30:00,2020-03-08 09:15:00,1.0,6.7,6.9750000000000005,8
2020-03-08 12:45:00,2020-03-08 13:00:00,0.5,8.4,8.5,12
2020-03-09 01:00:00,2020-03-09 04:00:00,3.25,6.3,7.623076923076923,1
2020-03-09 06:30:00,2020-03-09 08:30:00,2.25,6.4,6.633333333333334,6
2020-03-10 00:30:00,2020-03-10 05:00:00,4.75,4.9,6.531578947368421,0
2020-03-10 06:45:00,2020-03-10 07:45:00,1.25,5.6,5.94,6
2020-03-10 09:15:00,2020-03-10 11:15:00,2.25,5.6,6.155555555555555,9
2020-03-10 13:00:00,2020-03-10 14:00:00,1.25,6.3,6.9,13
2020-03-10 17:45:00,2020-03-10 21:00:00,3.5,6.6,7.107142857142856,17
2020-03-10 23:45:00,2020-03-11 02:00:00,2.5,5.8,6.2299999999999995,23
2020-03-11 07:00:00,2020-03-11 08:00:00,1.25,5.4,5.6,7
2020-03-11 16:45:00,2020-03-12 02:00:00,9.5,6.3,7.257894736842106,16
2020-03-12 19:30:00,2020-03-12 23:45:00,4.5,6.0,6.661111111111112,19
2020-03-13 15:15:00,2020-03-13 17:30:00,2.5,7.2,7.510000000000001,15
2020-03-13 21:45:00,2020-03-13 23:30:00,2.0,6.3,6.5375,21
2020-03-14 02:30:00,2020-03-14 04:30:00,2.25,5.6,5.877777777777777,2
2020-03-14 22:30:00,2020-03-15 03:15:00,5.0,5.7,6.300000000000002,22
2020-03-15 14:15:00,2020-03-15 19:45:00,5.75,6.4,7.334782608695652,14
2020-03-16 01:45:00,2020-03-16 04:00:00,2.5,5.6,5.92,1
2020-03-16 15:15:00,2020-03-16 23:00:00,8.0,4.9,6.6,15
2020-03-17 03:30:00,2020-03-17 06:15:00,3.0,4.8,5.199999999999999,3
2020-03-17 17:15:00,2020-03-17 17:45:00,0.75,7.0,7.2,17
2020-03-17 19:15:00,2020-03-18 00:00:00,5.0,4.5,5.375,19
2020-03-18 02:30:00,2020-03-18 03:15:00,1.0,4.7,4.925,2
2020-03-18 04:45:00,2020-03-18 06:45:00,2.25,4.4,4.6,4
2020-03-18 18:00:00,2020-03-18 23:00:00,5.25,4.4,6.171428571428571,18
2020-03-19 01:15:00,2020-03-19 02:15:00,1.25,4.0,4.6,1
2020-03-19 04:30:00,2020-03-19 05:30:00,1.25,4.4,4.6,4
2020-03-19 19:45:00,2020-03-19 21:00:00,1.5,6.1,6.666666666666667,19
2020-03-19 22:45:00,2020-03-20 01:45:00,3.25,3.6,4.546153846153846,22
2020-03-20 06:15:00,2020-03-20 06:45:00,0.75,4.2,4.466666666666666,6
2020-03-20 19:15:00,2020-03-21 00:45:00,5.75,5.1,5.908695652173912,19
2020-03-21 07:15:00,2020-03-21 08:00:00,1.0,4.4,4.65,7
2020-03-22 08:00:00,2020-03-22 08:45:00,1.0,5.3,5.45,8
2020-03-22 21:15:00,2020-03-22 22:30:00,1.5,7.0,7.250000000000001,21
2020-03-23 00:00:00,2020-03-23 03:00:00,3.25,5.5,6.453846153846154,0
2020-03-23 04:30:00,2020-03-23 05:15:00,1.0,5.6,5.85,4
2020-03-23 15:15:00,2020-03-23 15:30:00,0.5,6.9,7.1,15
2020-03-23 17:30:00,2020-03-23 18:15:00,1.0,6.9,7.174999999999999,17
2020-03-23 20:45:00,2020-03-24 00:00:00,3.5,6.5,6.821428571428572,20
2020-03-24 10:15:00,2020-03-24 11:30:00,1.5,6.5,6.783333333333334,10
2020-03-25 03:30:00,2020-03-25 05:30:00,2.25,5.9,6.111111111111111,3
2020-03-25 09:00:00,2020-03-25 11:00:00,2.25,5.9,6.177777777777778,9
2020-03-25 14:45:00,2020-03-25 17:00:00,2.5,6.8,7.359999999999999,14
2020-03-25 23:15:00,2020-03-25 23:45:00,0.75,6.1,6.2,23
2020-03-26 01:15:00,2020-03-26 03:45:00,2.75,5.6,5.972727272727273,1
2020-03-26 06:15:00,2020-03-26 07:00:00,1.0,5.4,5.525,6
2020-03-26 10:30:00,2020-03-26 11:00:00,0.75,6.1,6.2,10
2020-03-26 17:00:00,2020-03-26 17:30:00,0.75,6.9,7.033333333333334,17
2020-03-27 03:45:00,2020-03-27 04:00:00,0.5,5.8,5.9,3
2020-03-27 12:15:00,2020-03-27 16:45:00,4.75,6.6,6.847368421052631,12
2020-03-27 18:15:00,2020-03-27 19:15:00,1.25,6.1,6.34,18
2020-03-28 10:45:00,2020-03-28 11:45:00,1.25,6.6,6.92,10
2020-03-28 14:30:00,2020-03-28 15:45:00,1.5,6.4,6.6499999999999995,14
2020-03-28 19:30:00,2020-03-28 22:30:00,3.25,5.7,6.138461538461538,19
2020-03-29 11:45:00,2020-03-29 13:15:00,1.75,6.2,6.3999999999999995,11
2020-03-30 15:45:00,2020-03-30 17:15:00,1.75,6.8,7.0857142857142845,15
2020-03-30 18:45:00,2020-03-30 21:00:00,2.5,6.0,6.279999999999999,18
2020-03-31 00:45:00,2020-03-31 03:00:00,2.5,5.6,5.76,0
2020-03-31 14:45:00,2020-03-31 15:15:00,0.75,7.5,7.633333333333333,14
2020-03-31 19:00:00,2020-03-31 20:45:00,2.0,6.7,6.9,19
2020-04-01 17:15:00,2020-04-01 19:30:00,2.5,7.6,8.000000000000002,17
2020-04-01 21:45:00,2020-04-01 23:00:00,1.5,7.2,7.350000000000001,21
2020-04-02 02:15:00,2020-04-02 04:00:00,2.0,6.2,6.4625,2
2020-04-02 16:45:00,2020-04-02 22:15:00,5.75,6.1,7.704347826086957,16
2020-04-03 03:30:00,2020-04-03 04:30:00,1.25,6.0,6.2,3
2020-04-03 18:00:00,2020-04-04 00:30:00,6.75,5.1,6.7370370370370365,18
2020-04-04 02:00:00,2020-04-04 02:15:00,0.5,4.9,5.300000000000001,2
2020-04-04 05:00:00,2020-04-04 05:30:00,0.75,5.6,5.833333333333333,5
2020-04-04 20:00:00,2020-04-05 06:00:00,10.25,4.8,5.834146341463415,20
2020-04-05 15:30:00,2020-04-05 17:15:00,2.0,7.2,7.525,15
2020-04-05 22:30:00,2020-04-06 02:00:00,3.75,4.8,5.926666666666666,22
2020-04-06 03:30:00,2020-04-06 06:00:00,2.75,5.3,5.654545454545455,3
2020-04-06 07:45:00,2020-04-06 08:45:00,1.25,5.3,5.4799999999999995,7
2020-04-06 15:30:00,2020-04-06 16:15:00,1.0,6.8,6.95,15
2020-04-06 21:45:00,2020-04-06 22:00:00,0.5,6.5,6.65,21
2020-04-07 00:45:00,2020-04-07 04:15:00,3.75,4.3,5.886666666666667,0
2020-04-07 07:30:00,2020-04-07 09:15:00,2.0,4.9,5.1,7
2020-04-07 22:45:00,2020-04-07 23:30:00,1.0,6.1,6.199999999999999,22
2020-04-08 02:15:00,2020-04-08 05:00:00,3.0,5.1,5.8,2
2020-04-08 14:30:00,2020-04-08 16:00:00,1.75,6.6,6.957142857142857,14
2020-04-09 12:45:00,2020-04-10 00:45:00,12.25,5.9,6.681632653061224,12
2020-04-10 02:15:00,2020-04-10 05:15:00,3.25,5.5,5.7846153846153845,2
2020-04-10 16:30:00,2020-04-10 20:30:00,4.25,6.5,7.305882352941176,16
2020-04-10 23:45:00,2020-04-11 01:30:00,2.0,5.7,6.1875,23
2020-04-11 03:30:00,2020-04-11 04:45:00,1.5,6.3,6.383333333333333,3
2020-04-11 17:15:00,2020-04-11 20:30:00,3.5,6.6,7.221428571428571,17
2020-04-11 22:00:00,2020-04-11 22:45:00,1.0,6.3,6.45,22
2020-04-12 00:15:00,2020-04-12 02:30:00,2.5,6.0,6.220000000000001,0
2020-04-12 15:45:00,2020-04-13 02:30:00,11.0,3.5,5.4750000000000005,15
2020-04-13 15:15:00,2020-04-13 15:45:00,0.75,6.6,6.766666666666666,15
2020-04-13 17:30:00,2020-04-13 19:30:00,2.25,5.3,5.944444444444445,17
2020-04-14 02:15:00,2020-04-14 03:30:00,1.5,4.6,4.7,2
2020-04-14 16:30:00,2020-04-14 19:30:00,3.25,6.7,7.361538461538462,16
2020-04-14 23:00:00,2020-04-15 00:00:00,1.25,5.9,6.06,23
2020-04-15 16:15:00,2020-04-16 00:00:00,8.0,6.3,7.746874999999999,16
2020-04-16 02:15:00,2020-04-16 02:30:00,0.5,5.9,6.5,2
2020-04-16 06:15:00,2020-04-16 06:30:00,0.5,6.6,6.75,6
2020-04-16 16:15:00,2020-04-16 22:00:00,6.0,6.5,7.900000000000001,16
2020-05-05 15:30:00,2020-05-05 16:30:00,1.25,7.1,7.3,15
2020-05-05 19:00:00,2020-05-05 23:15:00,4.5,6.1,6.572222222222222,19
2020-05-06 02:00:00,2020-05-06 04:15:00,2.5,5.5,5.840000000000001,2
2020-05-06 19:15:00,2020-05-06 19:45:00,0.75,6.4,6.733333333333333,19
2020-05-07 00:00:00,2020-05-07 02:30:00,2.75,5.7,6.109090909090909,0
2020-05-07 18:45:00,2020-05-07 19:30:00,1.0,6.5,6.85,18
2020-05-08 12:15:00,2020-05-08 15:30:00,3.5,6.5,7.3357142857142845,12
2020-05-09 02:00:00,2020-05-09 02:30:00,0.75,5.4,5.533333333333334,2
2020-05-09 15:45:00,2020-05-09 16:00:00,0.5,7.7,7.800000000000001,15
2020-05-09 18:45:00,2020-05-09 20:00:00,1.5,6.7,7.033333333333334,18
2020-05-09 21:30:00,2020-05-09 22:45:00,1.5,6.1,6.333333333333333,21
2020-05-10 16:45:00,2020-05-10 20:00:00,3.5,6.9,7.814285714285714,16
2020-05-11 00:45:00,2020-05-11 01:45:00,1.25,6.2,6.319999999999999,0
2020-05-11 16:00:00,2020-05-11 19:45:00,4.0,6.6,7.71875,16
2020-05-11 23:30:00,2020-05-12 01:00:00,1.75,6.2,6.3999999999999995,23
2020-05-12 16:30:00,2020-05-12 20:15:00,4.0,6.2,7.36875,16
2020-05-12 22:15:00,2020-05-13 03:15:00,5.25,5.5,6.10952380952381,22
2020-05-13 17:15:00,2020-05-13 21:45:00,4.75,4.9,6.468421052631578,17
2020-05-13 23:45:00,2020-05-14 03:30:00,4.0,3.9,4.65625,23
2020-05-14 16:30:00,2020-05-15 04:00:00,11.75,4.3,5.719148936170213,16
2020-05-15 11:15:00,2020-05-15 11:30:00,0.5,5.3,5.4,11
2020-05-15 15:00:00,2020-05-15 15:45:00,1.0,6.7,7.0249999999999995,15
2020-05-15 18:15:00,2020-05-16 04:30:00,10.5,3.8,4.7666666666666675,18
2020-05-16 15:00:00,2020-05-17 02:30:00,11.75,3.8,5.912765957446809,15
2020-05-17 05:15:00,2020-05-17 07:45:00,2.75,4.2,4.7272727272727275,5
2020-05-17 13:45:00,2020-05-17 15:00:00,1.5,5.3,5.933333333333334,13
2020-05-17 17:15:00,2020-05-17 19:15:00,2.25,6.2,6.466666666666667,17
2020-05-18 00:00:00,2020-05-18 03:00:00,3.25,4.5,5.253846153846154,0
2020-05-18 06:45:00,2020-05-18 12:45:00,6.25,5.0,5.4239999999999995,6
2020-05-18 16:15:00,2020-05-19 00:30:00,8.5,5.1,5.876470588235295,16
2020-05-19 02:00:00,2020-05-19 03:30:00,1.75,4.7,4.971428571428572,2
2020-05-19 06:15:00,2020-05-19 06:45:00,0.75,4.9,5.000000000000001,6
2020-05-19 22:30:00,2020-05-20 00:30:00,2.25,5.8,5.944444444444445,22
2020-05-20 03:30:00,2020-05-20 05:00:00,1.75,5.1,5.442857142857144,3
2020-05-20 14:30:00,2020-05-20 16:00:00,1.75,5.0,5.200000000000001,14
2020-05-20 21:00:00,2020-05-20 23:45:00,3.0,4.6,4.991666666666667,21
2020-05-21 01:30:00,2020-05-21 04:30:00,3.25,4.9,5.238461538461539,1
2020-05-21 09:00:00,2020-05-21 12:15:00,3.5,6.1,6.457142857142856,9
2020-05-21 15:30:00,2020-05-21 21:15:00,6.0,5.8,6.883333333333333,15
2020-05-22 09:45:00,2020-05-22 10:30:00,1.0,6.5,6.6499999999999995,9
2020-05-22 12:00:00,2020-05-22 13:15:00,1.5,6.2,6.466666666666666,12
2020-05-22 16:15:00,2020-05-22 17:00:00,1.0,6.8,6.9750000000000005,16
2020-05-22 19:30:00,2020-05-22 23:30:00,4.25,4.7,5.370588235294117,19
2020-05-23 12:15:00,2020-05-23 14:15:00,2.25,5.8,6.633333333333333,12
2020-05-23 17:45:00,2020-05-23 18:45:00,1.25,5.4,5.62,17
2020-05-23 20:45:00,2020-05-23 22:15:00,1.75,4.7,4.957142857142857,20
2020-05-24 11:15:00,2020-05-24 14:15:00,3.25,6.2,6.769230769230769,11
2020-05-24 16:00:00,2020-05-24 19:15:00,3.5,4.9,5.807142857142857,16
2020-05-24 21:00:00,2020-05-24 21:45:00,1.0,4.7,5.05,21
2020-05-25 11:45:00,2020-05-25 13:30:00,2.0,6.2,6.65,11
2020-05-25 15:00:00,2020-05-25 20:00:00,5.25,4.6,5.747619047619048,15
2020-05-25 21:30:00,2020-05-26 00:45:00,3.5,3.3,4.142857142857143,21
2020-05-26 13:15:00,2020-05-26 21:15:00,8.25,3.2,4.736363636363636,13
2020-05-27 00:00:00,2020-05-27 00:30:00,0.75,2.9,3.0,0
2020-05-27 13:00:00,2020-05-27 19:45:00,7.0,3.7,5.225,13
2020-05-28 00:15:00,2020-05-28 01:15:00,1.25,2.9,3.28,0
2020-05-28 03:00:00,2020-05-28 04:15:00,1.5,2.9,3.1666666666666665,3
2020-05-28 16:00:00,2020-05-28 20:15:00,4.5,3.9,5.011111111111111,16
2020-05-28 21:45:00,2020-05-28 22:15:00,0.75,3.1,3.3333333333333335,21
2020-05-28 23:45:00,2020-05-29 03:00:00,3.5,2.8,3.771428571428571,23
2020-05-29 05:00:00,2020-05-29 05:45:00,1.0,3.3,3.5,5
2020-05-29 16:30:00,2020-05-29 20:45:00,4.5,4.1,5.155555555555555,16
2020-05-29 22:30:00,2020-05-30 05:45:00,7.5,3.3,4.096666666666667,22
2020-05-30 10:30:00,2020-05-30 12:00:00,1.75,4.2,4.628571428571428,10
2020-05-30 16:45:00,2020-05-30 21:00:00,4.5,4.2,5.3388888888888895,16
2020-05-30 22:30:00,2020-05-31 03:00:00,4.75,3.8,4.405263157894737,22
2020-05-31 05:30:00,2020-05-31 06:30:00,1.25,3.5,3.94,5
2020-05-31 10:15:00,2020-05-31 11:30:00,1.5,4.3,4.983333333333333,10
2020-05-31 15:30:00,2020-05-31 20:15:00,5.0,5.0,5.985000000000001,15
2020-05-31 23:45:00,2020-06-01 04:00:00,4.5,3.8,4.566666666666666,23
2020-06-01 12:00:00,2020-06-01 14:45:00,3.0,4.3,5.324999999999999,12
2020-06-16 16:45:00,2020-06-17 00:15:00,7.75,4.1,5.041935483870968,16
2020-06-17 01:45:00,2020-06-17 03:30:00,2.0,3.9,4.3375,1
2020-06-17 07:00:00,2020-06-17 08:15:00,1.5,5.5,5.783333333333334,7
2020-06-17 10:15:00,2020-06-17 13:00:00,3.0,4.3,5.216666666666666,10
2020-06-17 15:15:00,2020-06-17 21:45:00,6.75,4.4,5.262962962962963,15
2020-06-17 23:15:00,2020-06-18 02:00:00,3.0,3.8,5.033333333333334,23
2020-06-18 04:15:00,2020-06-18 05:30:00,1.5,4.6,4.75,4
2020-06-18 10:45:00,2020-06-18 12:15:00,1.75,4.8,5.028571428571428,10
2020-06-18 18:30:00,2020-06-18 21:00:00,2.75,5.0,5.227272727272727,18
2020-06-18 23:30:00,2020-06-19 00:30:00,1.25,4.6,5.08,23
2020-06-19 02:45:00,2020-06-19 04:00:00,1.5,4.4,4.7,2
2020-06-19 12:15:00,2020-06-19 12:45:00,0.75,5.3,5.3999999999999995,12
2020-06-19 16:15:00,2020-06-19 16:45:00,0.75,6.0,6.166666666666667,16
2020-06-19 19:45:00,2020-06-20 00:30:00,5.0,4.9,5.275,19
2020-06-20 03:30:00,2020-06-20 04:30:00,1.25,4.9,5.1,3
2020-06-20 16:00:00,2020-06-20 17:00:00,1.25,5.9,6.139999999999999,16
2020-06-20 18:30:00,2020-06-21 00:15:00,6.0,4.5,4.991666666666666,18
2020-06-21 18:45:00,2020-06-21 20:45:00,2.25,4.9,5.222222222222222,18
2020-06-21 22:15:00,2020-06-21 23:00:00,1.0,4.5,4.575,22
2020-06-22 13:15:00,2020-06-22 14:00:00,1.0,4.6,5.025,13
2020-06-22 20:00:00,2020-06-22 21:45:00,2.0,4.6,4.8375,20
2020-06-22 23:30:00,2020-06-23 02:30:00,3.25,4.5,4.838461538461539,23
2020-06-23 17:45:00,2020-06-24 00:15:00,6.75,4.3,5.296296296296295,17
2020-06-24 13:00:00,2020-06-24 19:15:00,6.5,3.3,4.869230769230769,13
2020-06-24 22:15:00,2020-06-25 00:15:00,2.25,3.2,3.611111111111111,22
2020-06-25 04:00:00,2020-06-25 04:15:00,0.5,3.2,3.3,4
2020-06-25 13:45:00,2020-06-25 19:45:00,6.25,4.6,5.775999999999999,13
2020-06-25 22:30:00,2020-06-26 01:45:00,3.5,3.4,4.035714285714286,22
2020-06-26 16:00:00,2020-06-26 18:30:00,2.75,5.0,5.363636363636363,16
2020-06-26 22:00:00,2020-06-26 22:45:00,1.0,4.0,4.35,22
2020-06-27 00:45:00,2020-06-27 01:15:00,0.75,4.1,4.166666666666666,0
2020-06-27 04:15:00,2020-06-27 05:15:00,1.25,3.9,4.039999999999999,4
2020-06-27 08:15:00,2020-06-27 10:00:00,2.0,4.1,4.425000000000001,8
2020-06-27 13:30:00,2020-06-27 23:30:00,10.25,4.3,5.941463414634147,13
2020-06-28 01:45:00,2020-06-28 05:00:00,3.5,4.0,4.778571428571429,1
2020-06-28 12:15:00,2020-06-28 14:45:00,2.75,5.9,6.4,12
2020-06-28 17:00:00,2020-06-28 23:45:00,7.0,4.9,5.942857142857143,17
2020-06-29 04:00:00,2020-06-29 07:45:00,4.0,4.6,4.975,4
2020-06-29 12:00:00,2020-06-29 13:30:00,1.75,5.1,5.471428571428571,12
2020-06-29 15:00:00,2020-06-29 17:00:00,2.25,6.0,6.366666666666667,15
2020-06-29 18:30:00,2020-06-29 23:30:00,5.25,5.0,5.6952380952380945,18
2020-06-30 04:30:00,2020-06-30 08:30:00,4.25,4.4,4.7705882352941185,4
2020-06-30 10:30:00,2020-06-30 10:45:00,0.5,4.5,4.95,10
2020-06-30 20:00:00,2020-06-30 22:15:00,2.5,6.1,6.51,20
2020-06-30 23:45:00,2020-07-01 00:00:00,0.5,5.7,5.800000000000001,23
2020-07-01 06:00:00,2020-07-01 12:00:00,6.25,3.9,4.988,6
2020-07-02 09:45:00,2020-07-02 11:30:00,2.0,3.6,3.8875,9
2020-07-02 13:15:00,2020-07-02 13:30:00,0.5,4.2,4.5,13
2020-07-02 15:00:00,2020-07-02 16:00:00,1.25,4.9,5.2,15
2020-07-02 17:45:00,2020-07-02 19:15:00,1.75,5.0,5.257142857142857,17
2020-07-03 01:30:00,2020-07-03 01:45:00,0.5,4.4,4.5,1
2020-07-03 19:30:00,2020-07-04 00:30:00,5.25,5.3,5.780952380952381,19
2020-07-04 02:15:00,2020-07-04 02:45:00,0.75,5.3,5.466666666666666,2
2020-07-04 11:00:00,2020-07-04 14:15:00,3.5,5.8,6.157142857142858,11
2020-07-04 16:00:00,2020-07-04 18:45:00,3.0,5.0,5.425,16
2020-07-04 22:15:00,2020-07-04 23:15:00,1.25,4.1,4.4,22
2020-07-05 16:15:00,2020-07-05 23:00:00,7.0,4.7,5.824999999999998,16
2020-07-06 02:30:00,2020-07-06 03:30:00,1.25,4.4,4.76,2
2020-07-06 13:15:00,2020-07-06 14:00:00,1.0,6.1,6.25,13
2020-07-06 16:15:00,2020-07-06 18:30:00,2.5,5.3,5.659999999999999,16
2020-07-06 23:45:00,2020-07-07 01:45:00,2.25,4.4,4.633333333333334,23
2020-07-07 11:00:00,2020-07-07 11:45:00,1.0,5.8,5.875,11
2020-07-07 13:30:00,2020-07-07 16:00:00,2.75,6.3,6.745454545454546,13
2020-07-07 21:00:00,2020-07-07 23:15:00,2.5,5.1,5.59,21
2020-07-08 05:00:00,2020-07-08 06:00:00,1.25,4.6,4.88,5
2020-07-08 14:30:00,2020-07-08 22:45:00,8.5,4.2,5.0735294117647065,14
2020-07-09 00:30:00,2020-07-09 01:15:00,1.0,4.3,4.475,0
2020-07-09 02:45:00,2020-07-09 03:45:00,1.25,4.1,4.26,2
2020-07-09 08:00:00,2020-07-09 12:15:00,4.5,4.0,4.98888888888889,8
2020-07-09 16:00:00,2020-07-09 20:30:00,4.75,6.5,7.363157894736842,16
2020-07-09 22:00:00,2020-07-10 01:00:00,3.25,5.8,6.184615384615385,22
2020-07-10 02:45:00,2020-07-10 06:30:00,4.0,4.6,5.481249999999999,2
2020-07-10 08:00:00,2020-07-10 12:45:00,5.0,5.3,5.975,8
2020-07-10 14:15:00,2020-07-10 14:30:00,0.5,6.5,6.9,14
2020-07-10 16:45:00,2020-07-11 05:30:00,13.0,3.8,6.167307692307692,16
2020-07-11 07:30:00,2020-07-11 09:45:00,2.5,3.8,4.7,7
2020-07-11 11:15:00,2020-07-12 10:30:00,23.5,4.1,6.277659574468085,11
2020-07-12 12:45:00,2020-07-12 18:45:00,6.25,6.4,7.3919999999999995,12
2020-07-12 20:15:00,2020-07-13 06:45:00,10.75,4.0,5.406976744186046,20
2020-07-13 08:15:00,2020-07-13 13:45:00,5.75,3.2,4.7043478260869565,8
2020-07-13 15:30:00,2020-07-14 09:15:00,18.0,2.5,4.025,15
2020-07-14 11:00:00,2020-07-14 18:30:00,7.75,2.6,4.364516129032258,11
2020-07-14 20:00:00,2020-07-15 13:45:00,18.0,2.1,3.4847222222222225,20
2020-07-15 15:45:00,2020-07-16 02:30:00,11.0,2.0,3.9431818181818183,15
2020-07-16 06:00:00,2020-07-16 14:45:00,9.0,2.9,3.866666666666667,6
2020-07-16 16:45:00,2020-07-16 19:30:00,3.0,3.8,4.225,16
2020-07-16 21:30:00,2020-07-17 05:15:00,8.0,1.8,3.3343749999999996,21
2020-07-17 07:00:00,2020-07-17 10:45:00,4.0,2.4,3.34375,7
2020-07-17 12:15:00,2020-07-18 04:00:00,16.0,3.1,4.740625,12
2020-07-18 11:15:00,2020-07-18 12:15:00,1.25,5.1,5.220000000000001,11
2020-07-18 14:00:00,2020-07-19 04:30:00,14.75,3.0,5.0152542372881355,14
2020-07-19 07:15:00,2020-07-19 15:15:00,8.25,3.5,4.330303030303029,7
2020-07-19 17:15:00,2020-07-20 04:00:00,11.0,3.0,3.947727272727273,17
2020-07-20 10:45:00,2020-07-20 12:30:00,2.0,4.6,4.975,10
2020-07-20 14:15:00,2020-07-20 20:00:00,6.0,4.4,5.420833333333333,14
2020-07-20 23:15:00,2020-07-21 03:00:00,4.0,2.8,3.74375,23
2020-07-21 06:30:00,2020-07-21 07:30:00,1.25,4.2,4.64,6
2020-07-21 15:00:00,2020-07-21 18:00:00,3.25,5.2,5.984615384615385,15
2020-07-21 20:00:00,2020-07-21 23:30:00,3.75,4.1,4.7266666666666675,20
2020-07-22 12:15:00,2020-07-23 01:30:00,13.5,3.2,4.940740740740741,12
2020-07-23 12:00:00,2020-07-23 19:00:00,7.25,3.2,5.068965517241379,12
2020-07-23 20:45:00,2020-07-23 23:45:00,3.25,2.5,2.853846153846154,20
2020-07-24 05:15:00,2020-07-24 06:45:00,1.75,3.3,3.414285714285714,5
2020-07-24 12:00:00,2020-07-24 18:30:00,6.75,3.1,4.459259259259259,12
2020-07-24 22:15:00,2020-07-25 01:00:00,3.0,2.3,2.733333333333334,22
2020-07-25 06:15:00,2020-07-25 11:30:00,5.5,2.7,3.272727272727273,6
2020-07-25 13:00:00,2020-07-25 16:00:00,3.25,3.2,4.015384615384615,13
2020-07-25 22:00:00,2020-07-25 22:30:00,0.75,2.8,2.9333333333333336,22
2020-07-26 05:00:00,2020-07-26 06:15:00,1.5,1.7,2.066666666666667,5
2020-07-26 09:15:00,2020-07-26 10:30:00,1.5,1.9,2.4499999999999997,9
2020-07-26 12:45:00,2020-07-26 13:30:00,1.0,2.1,2.325,12
2020-07-26 16:45:00,2020-07-26 22:30:00,6.0,2.1,3.0500000000000003,16
2020-07-27 03:15:00,2020-07-27 04:45:00,1.75,2.8,3.2285714285714286,3
2020-07-27 07:00:00,2020-07-27 14:00:00,7.25,2.1,3.7758620689655173,7
2020-07-27 16:15:00,2020-07-27 16:30:00,0.5,3.9,4.1,16
2020-07-27 18:30:00,2020-07-28 01:45:00,7.5,2.5,3.926666666666667,18
2020-07-28 03:15:00,2020-07-28 03:45:00,0.75,2.7,3.033333333333333,3
2020-07-28 05:30:00,2020-07-28 10:00:00,4.75,2.7,3.7999999999999994,5
2020-07-28 16:30:00,2020-07-28 17:30:00,1.25,4.0,4.18,16
2020-07-28 19:45:00,2020-07-28 20:30:00,1.0,4.2,4.425,19
2020-07-28 22:30:00,2020-07-28 23:45:00,1.5,4.0,4.1499999999999995,22
2020-07-29 04:15:00,2020-07-29 05:15:00,1.25,4.4,4.68,4
2020-07-29 06:45:00,2020-07-29 07:30:00,1.0,4.3,4.45,6
2020-07-29 10:15:00,2020-07-29 10:30:00,0.5,3.2,3.35,10
2020-07-30 01:15:00,2020-07-30 02:30:00,1.5,3.9,4.516666666666667,1
2020-07-30 05:45:00,2020-07-30 08:30:00,3.0,4.1,4.841666666666667,5
2020-07-30 10:45:00,2020-07-30 12:00:00,1.5,3.8,4.433333333333334,10
2020-07-30 14:30:00,2020-07-30 15:00:00,0.75,4.3,4.3999999999999995,14
2020-07-31 03:00:00,2020-07-31 04:15:00,1.5,3.8,4.316666666666666,3
2020-07-31 11:00:00,2020-07-31 13:15:00,2.5,4.2,4.61,11
2020-07-31 14:45:00,2020-07-31 16:00:00,1.5,4.7,5.016666666666667,14
2020-07-31 18:15:00,2020-07-31 20:00:00,2.0,3.9,4.2875,18
2020-07-31 22:00:00,2020-07-31 23:00:00,1.25,4.7,5.04,22
2020-08-01 10:45:00,2020-08-01 13:30:00,3.0,4.9,5.441666666666667,10
2020-08-01 17:15:00,2020-08-01 20:15:00,3.25,4.2,4.8076923076923075,17
2020-08-01 22:00:00,2020-08-01 23:15:00,1.5,4.8,4.95,22
2020-08-02 01:15:00,2020-08-02 04:45:00,3.75,4.0,4.426666666666667,1
2020-08-02 17:30:00,2020-08-02 18:45:00,1.5,4.9,5.233333333333333,17
2020-08-02 20:15:00,2020-08-02 21:45:00,1.75,4.1,4.385714285714286,20
2020-08-02 23:30:00,2020-08-03 03:30:00,4.25,3.5,4.08235294117647,23
2020-08-03 12:15:00,2020-08-03 13:30:00,1.5,4.8,5.3,12
2020-08-03 17:15:00,2020-08-03 17:45:00,0.75,5.1,5.366666666666667,17
2020-08-03 21:30:00,2020-08-04 05:00:00,7.75,2.5,3.677419354838709,21
2020-08-04 10:15:00,2020-08-04 11:30:00,1.5,4.3,4.783333333333333,10
2020-08-04 14:45:00,2020-08-04 16:15:00,1.75,5.8,6.428571428571428,14
2020-08-04 19:00:00,2020-08-04 22:15:00,3.5,4.6,5.457142857142856,19
2020-08-04 23:45:00,2020-08-05 06:00:00,6.5,2.7,3.7653846153846158,23
2020-08-05 13:30:00,2020-08-05 17:15:00,4.0,5.9,6.4625,13
2020-08-05 19:00:00,2020-08-06 06:15:00,11.5,2.6,4.191304347826087,19
2020-08-06 12:15:00,2020-08-06 13:45:00,1.75,5.1,5.385714285714286,12
2020-08-06 15:30:00,2020-08-06 15:45:00,0.5,6.5,6.65,15
2020-08-06 18:30:00,2020-08-06 18:45:00,0.5,5.8,6.199999999999999,18
2020-08-06 20:15:00,2020-08-07 02:00:00,6.0,3.5,4.795833333333333,20
2020-08-07 04:15:00,2020-08-07 07:00:00,3.0,2.8,3.391666666666667,4
2020-08-07 12:30:00,2020-08-08 00:00:00,11.75,4.7,6.319148936170212,12
2020-08-08 01:30:00,2020-08-08 05:15:00,4.0,3.4,4.41875,1
2020-08-08 07:15:00,2020-08-09 03:15:00,20.25,3.1,5.466666666666667,7
2020-08-09 05:15:00,2020-08-09 08:30:00,3.5,2.9,3.7499999999999996,5
2020-08-09 10:15:00,2020-08-09 17:15:00,7.25,3.8,6.19655172413793,10
2020-08-09 19:15:00,2020-08-10 11:30:00,16.5,3.1,4.915151515151515,19
2020-08-10 13:45:00,2020-08-11 08:00:00,18.5,3.5,5.84054054054054,13
2020-08-11 10:30:00,2020-08-12 01:15:00,15.0,3.3,6.498333333333332,10
2020-08-12 03:15:00,2020-08-12 05:00:00,2.0,4.0,4.300000000000001,3
2020-08-12 06:30:00,2020-08-12 07:00:00,0.75,3.5,3.8000000000000003,6
2020-08-12 08:30:00,2020-08-12 09:00:00,0.75,4.0,4.2,8
2020-08-12 11:15:00,2020-08-12 12:00:00,1.0,4.8,5.0,11
2020-08-12 16:00:00,2020-08-12 23:00:00,7.25,5.5,7.1,16
2020-08-13 04:30:00,2020-08-13 05:00:00,0.75,3.4,3.9333333333333336,4
2020-08-13 06:45:00,2020-08-13 11:45:00,5.25,3.4,4.247619047619048,6
2020-08-13 15:00:00,2020-08-13 20:15:00,5.5,4.4,5.70909090909091,15
2020-08-13 22:00:00,2020-08-14 03:15:00,5.5,4.3,5.113636363636362,22
2020-08-14 07:45:00,2020-08-14 12:00:00,4.5,3.2,3.888888888888889,7
2020-08-14 14:30:00,2020-08-14 23:00:00,8.75,3.8,4.934285714285714,14
2020-08-15 00:30:00,2020-08-15 01:45:00,1.5,3.9,4.166666666666667,0
2020-08-15 03:45:00,2020-08-15 12:15:00,8.75,2.8,3.8,3
2020-08-15 15:00:00,2020-08-15 17:15:00,2.5,4.1,4.43,15
2020-08-15 19:30:00,2020-08-15 20:15:00,1.0,3.5,3.925,19
2020-08-15 23:15:00,2020-08-16 00:15:00,1.25,3.4,3.54,23
2020-08-16 06:00:00,2020-08-16 13:15:00,7.5,3.0,4.2,6
2020-08-16 14:45:00,2020-08-17 03:00:00,12.5,2.6,4.442,14
2020-08-17 08:00:00,2020-08-17 08:30:00,0.75,5.2,5.333333333333333,8
2020-08-17 11:00:00,2020-08-17 12:45:00,2.0,5.6,6.075,11
2020-08-17 14:15:00,2020-08-17 14:45:00,0.75,6.3,6.566666666666667,14
2020-08-17 17:45:00,2020-08-18 04:45:00,11.25,4.6,5.742222222222222,17
2020-08-18 10:30:00,2020-08-18 14:15:00,4.0,5.7,6.23125,10
2020-08-18 18:15:00,2020-08-19 04:30:00,10.5,4.4,5.626190476190477,18
2020-08-19 06:15:00,2020-08-19 07:45:00,1.75,4.2,4.428571428571429,6
2020-08-19 16:15:00,2020-08-19 16:30:00,0.5,5.9,6.0,16
2020-08-19 20:45:00,2020-08-20 01:45:00,5.25,4.3,4.966666666666666,20
2020-08-20 04:00:00,2020-08-20 05:15:00,1.5,4.2,4.416666666666666,4
2020-08-20 12:45:00,2020-08-20 13:45:00,1.25,4.4,4.68,12
2020-08-20 15:15:00,2020-08-20 18:15:00,3.25,4.1,4.753846153846154,15
2020-08-20 21:30:00,2020-08-21 01:45:00,4.5,3.3,3.8722222222222222,21
2020-08-21 05:15:00,2020-08-21 08:30:00,3.5,2.9,3.257142857142857,5
2020-08-21 10:00:00,2020-08-21 10:15:00,0.5,3.7,3.9,10
2020-08-21 11:45:00,2020-08-21 15:30:00,4.0,5.0,6.15625,11
2020-08-21 18:00:00,2020-08-21 19:45:00,2.0,5.6,6.1,18
2020-08-21 22:15:00,2020-08-22 01:00:00,3.0,4.9,5.683333333333334,22
2020-08-22 03:45:00,2020-08-22 05:00:00,1.5,4.3,4.833333333333333,3
2020-08-22 06:30:00,2020-08-22 07:00:00,0.75,3.6,3.8000000000000003,6
2020-08-22 10:45:00,2020-08-22 13:45:00,3.25,5.4,6.161538461538461,10
2020-08-22 15:45:00,2020-08-22 17:15:00,1.75,6.8,7.485714285714286,15
2020-08-22 18:45:00,2020-08-22 19:15:00,0.75,6.6,6.766666666666666,18
2020-08-22 21:45:00,2020-08-22 23:00:00,1.5,6.0,6.266666666666667,21
2020-08-23 00:30:00,2020-08-23 01:45:00,1.5,5.1,5.433333333333334,0
2020-08-23 04:00:00,2020-08-23 10:00:00,6.25,2.4,3.8280000000000003,4
2020-08-23 12:15:00,2020-08-23 21:15:00,9.25,3.8,5.224324324324325,12
2020-08-24 02:30:00,2020-08-24 03:00:00,0.75,5.2,5.3,2
2020-08-24 04:45:00,2020-08-24 10:30:00,6.0,2.9,3.8958333333333335,4
2020-08-24 13:45:00,2020-08-24 15:15:00,1.75,4.3,4.814285714285715,13
2020-08-24 19:00:00,2020-08-24 19:30:00,0.75,5.8,5.8999999999999995,19
2020-08-25 06:45:00,2020-08-25 11:15:00,4.75,3.2,4.057894736842104,6
2020-08-25 16:45:00,2020-08-25 18:00:00,1.5,4.8,5.216666666666667,16
2020-08-26 04:00:00,2020-08-26 04:45:00,1.0,4.8,4.95,4
2020-08-26 07:45:00,2020-08-26 11:00:00,3.5,3.6,4.114285714285715,7
2020-08-27 04:45:00,2020-08-27 07:45:00,3.25,4.5,4.846153846153846,4
2020-08-27 09:45:00,2020-08-27 11:15:00,1.75,3.7,4.242857142857143,9
2020-08-27 19:00:00,2020-08-27 20:15:00,1.5,3.7,3.8333333333333335,19
2020-08-28 03:45:00,2020-08-28 05:15:00,1.75,4.5,4.942857142857143,3
2020-08-28 08:45:00,2020-08-28 12:00:00,3.5,4.4,4.971428571428571,8
2020-08-28 16:00:00,2020-08-28 16:30:00,0.75,4.4,4.633333333333334,16
2020-08-28 19:30:00,2020-08-28 20:00:00,0.75,3.5,3.6333333333333333,19
2020-08-29 06:30:00,2020-08-29 12:15:00,6.0,3.5,4.637499999999999,6
2020-08-29 16:00:00,2020-08-29 17:00:00,1.25,4.0,4.26,16
2020-08-29 20:45:00,2020-08-29 22:30:00,2.0,3.4,3.7,20
2020-08-30 02:15:00,2020-08-30 05:00:00,3.0,3.6,4.041666666666666,2
2020-08-30 09:15:00,2020-08-30 13:45:00,4.75,3.3,4.1,9
2020-08-30 18:15:00,2020-08-30 22:00:00,4.0,3.4,4.1625,18
2020-08-31 01:30:00,2020-08-31 06:15:00,5.0,3.4,4.13,1
2020-08-31 16:30:00,2020-08-31 21:45:00,5.5,4.0,4.863636363636363,16
2020-08-31 23:45:00,2020-09-01 05:15:00,5.75,4.0,4.7043478260869565,23
2020-09-01 11:00:00,2020-09-01 11:45:00,1.0,5.5,5.675000000000001,11
2020-09-01 14:00:00,2020-09-01 23:45:00,10.0,3.4,5.0125,14
2020-09-02 02:45:00,2020-09-02 06:30:00,4.0,3.3,4.0625,2
2020-09-02 11:00:00,2020-09-02 11:30:00,0.75,5.0,5.233333333333333,11
2020-09-02 13:00:00,2020-09-02 15:45:00,3.0,6.0,6.3999999999999995,13
2020-09-02 17:15:00,2020-09-03 06:30:00,13.5,3.6,5.222222222222222,17
2020-09-03 08:15:00,2020-09-03 14:00:00,6.0,3.7,4.658333333333334,8
2020-09-03 16:15:00,2020-09-04 06:00:00,14.0,1.9,4.464285714285714,16
2020-09-04 11:00:00,2020-09-04 11:45:00,1.0,4.2,4.5,11
2020-09-04 13:15:00,2020-09-04 14:15:00,1.25,4.7,5.720000000000001,13
2020-09-04 15:45:00,2020-09-05 01:30:00,10.0,3.6,5.9575000000000005,15
2020-09-05 04:00:00,2020-09-05 04:30:00,0.75,2.9,4.1,4
2020-09-05 06:00:00,2020-09-05 09:00:00,3.25,2.7,3.1769230769230767,6
2020-09-05 12:30:00,2020-09-05 15:45:00,3.5,4.4,5.021428571428571,12
2020-09-05 17:30:00,2020-09-06 03:15:00,10.0,2.6,4.265,17
2020-09-06 04:45:00,2020-09-06 08:15:00,3.75,1.9,2.5599999999999996,4
2020-09-06 11:00:00,2020-09-06 12:00:00,1.25,3.9,4.159999999999999,11
2020-09-06 13:45:00,2020-09-06 21:45:00,8.25,3.8,5.239393939393939,13
2020-09-06 23:15:00,2020-09-07 08:15:00,9.25,3.1,4.183783783783784,23
2020-09-07 12:00:00,2020-09-07 12:45:00,1.0,4.9,5.15,12
2020-09-07 14:30:00,2020-09-07 15:00:00,0.75,5.3,5.466666666666666,14
2020-09-07 16:30:00,2020-09-07 19:00:00,2.75,5.7,6.29090909090909,16
2020-09-07 20:30:00,2020-09-07 21:30:00,1.25,5.7,5.8999999999999995,20
2020-09-08 02:15:00,2020-09-08 10:00:00,8.0,2.4,3.9718750000000003,2
2020-09-08 12:15:00,2020-09-08 13:00:00,1.0,3.9,4.675,12
2020-09-08 14:45:00,2020-09-08 16:30:00,2.0,5.1,5.449999999999999,14
2020-09-08 20:00:00,2020-09-08 21:00:00,1.25,5.6,5.840000000000001,20
2020-09-09 02:15:00,2020-09-09 08:15:00,6.25,2.4,3.872,2
2020-09-09 10:15:00,2020-09-09 11:15:00,1.25,3.5,3.9,10
2020-09-09 13:00:00,2020-09-09 17:00:00,4.25,3.7,4.911764705882353,13
2020-09-10 04:00:00,2020-09-10 08:30:00,4.75,2.8,4.13157894736842,4
2020-09-10 13:15:00,2020-09-10 16:15:00,3.25,4.0,4.615384615384616,13
2020-09-11 05:00:00,2020-09-11 07:00:00,2.25,3.6,4.444444444444445,5
2020-09-11 14:00:00,2020-09-11 15:45:00,2.0,4.4,4.762499999999999,14
2020-09-12 06:30:00,2020-09-12 07:00:00,0.75,4.7,4.766666666666667,6
2020-09-12 09:30:00,2020-09-12 10:30:00,1.25,4.2,4.42,9
2020-09-12 16:00:00,2020-09-12 18:15:00,2.5,4.8,5.04,16
2020-09-13 08:15:00,2020-09-13 11:45:00,3.75,4.6,4.986666666666666,8
2020-09-13 18:45:00,2020-09-13 19:00:00,0.5,4.8,4.9,18
2020-09-14 09:15:00,2020-09-14 15:15:00,6.25,4.5,5.0360000000000005,9
2020-09-14 17:15:00,2020-09-14 19:00:00,2.0,3.7,3.9875,17
2020-09-15 02:00:00,2020-09-15 02:45:00,1.0,5.7,5.8,2
2020-09-15 13:00:00,2020-09-15 13:15:00,0.5,5.3,5.449999999999999,13
2020-09-15 16:00:00,2020-09-15 16:45:00,1.0,4.2,4.425,16
2020-09-16 05:00:00,2020-09-16 05:15:00,0.5,4.7,4.800000000000001,5
2020-09-16 13:00:00,2020-09-16 21:00:00,8.25,3.9,4.772727272727273,13
2020-09-17 02:45:00,2020-09-17 04:00:00,1.5,4.3,4.45,2
2020-09-17 14:00:00,2020-09-17 17:30:00,3.75,4.1,4.993333333333333,14
2020-09-18 02:30:00,2020-09-18 06:00:00,3.75,2.8,3.2666666666666666,2
2020-09-18 14:30:00,2020-09-18 16:45:00,2.5,4.0,4.6899999999999995,14
2020-09-19 03:45:00,2020-09-19 08:00:00,4.5,2.9,3.6944444444444446,3
2020-09-19 16:30:00,2020-09-19 19:15:00,3.0,4.4,4.658333333333333,16
2020-09-20 04:15:00,2020-09-20 14:00:00,10.0,3.0,3.8525000000000005,4
2020-09-21 03:15:00,2020-09-21 08:30:00,5.5,3.6,5.159090909090909,3
2020-09-21 17:15:00,2020-09-21 18:15:00,1.25,5.1,5.299999999999999,17
2020-09-22 04:00:00,2020-09-22 07:30:00,3.75,4.4,5.3933333333333335,4
2020-09-22 15:45:00,2020-09-22 16:15:00,0.75,5.3,5.599999999999999,15
2020-09-23 05:30:00,2020-09-23 08:30:00,3.25,4.2,5.1923076923076925,5
2020-09-24 02:00:00,2020-09-24 03:30:00,1.75,5.9,6.07142857142857,2
2020-09-24 06:00:00,2020-09-24 08:30:00,2.75,4.2,4.918181818181818,6
2020-09-25 04:15:00,2020-09-25 04:30:00,0.5,5.3,5.4,4
2020-09-25 06:00:00,2020-09-25 09:00:00,3.25,3.7,4.607692307692307,6
2020-09-26 07:30:00,2020-09-26 11:15:00,4.0,3.4,4.10625,7
2020-09-26 16:00:00,2020-09-26 17:15:00,1.5,4.4,4.6000000000000005,16
2020-09-26 18:45:00,2020-09-26 19:15:00,0.75,4.5,4.6000000000000005,18
2020-09-26 23:30:00,2020-09-27 00:15:00,1.0,4.8,4.9,23
2020-09-27 10:15:00,2020-09-27 12:30:00,2.5,4.4,5.03,10
2020-09-27 15:30:00,2020-09-27 18:45:00,3.5,4.5,4.892857142857143,15
2020-09-28 08:45:00,2020-09-28 21:30:00,13.0,3.3,4.4461538461538455,8
2020-09-29 01:45:00,2020-09-29 02:00:00,0.5,3.3,3.5,1
2020-09-29 17:00:00,2020-09-29 18:45:00,2.0,4.6,4.9625,17
2020-09-29 22:15:00,2020-09-30 04:00:00,6.0,4.2,4.791666666666667,22
2020-09-30 08:15:00,2020-09-30 10:15:00,2.25,4.9,5.166666666666668,8
2020-09-30 18:15:00,2020-10-01 03:00:00,9.0,4.4,5.475000000000001,18
2020-10-01 04:30:00,2020-10-01 05:45:00,1.5,4.6,4.683333333333334,4
2020-10-01 09:45:00,2020-10-01 10:30:00,1.0,5.1,5.2,9
2020-10-01 14:45:00,2020-10-02 00:00:00,9.5,5.2,6.05,14
2020-10-02 01:30:00,2020-10-02 04:00:00,2.75,4.4,4.781818181818181,1
2020-10-02 05:30:00,2020-10-02 08:00:00,2.75,4.4,4.563636363636364,5
2020-10-02 14:15:00,2020-10-02 17:15:00,3.25,6.1,6.746153846153846,14
2020-10-02 22:15:00,2020-10-03 06:45:00,8.75,4.3,5.202857142857143,22
2020-10-03 15:00:00,2020-10-03 20:15:00,5.5,6.3,7.004545454545456,15
2020-10-03 22:30:00,2020-10-04 01:00:00,2.75,5.9,6.745454545454546,22
2020-10-04 04:30:00,2020-10-04 06:15:00,2.0,4.5,5.237500000000001,4
2020-10-04 07:45:00,2020-10-04 09:00:00,1.5,4.9,5.233333333333333,7
2020-10-04 17:00:00,2020-10-04 19:30:00,2.75,6.7,7.072727272727274,17
2020-10-05 00:45:00,2020-10-05 05:15:00,4.75,4.5,6.094736842105263,0
2020-10-05 07:45:00,2020-10-05 08:45:00,1.25,4.5,5.3,7
2020-10-06 02:15:00,2020-10-06 12:00:00,10.0,3.4,4.6275,2
2020-10-06 16:15:00,2020-10-06 18:45:00,2.75,5.2,5.509090909090909,16
2020-10-07 00:30:00,2020-10-07 06:30:00,6.25,3.1,5.204,0
2020-10-07 09:30:00,2020-10-07 10:15:00,1.0,3.0,3.5,9
2020-10-07 13:45:00,2020-10-07 14:15:00,0.75,4.2,4.466666666666667,13
2020-10-08 00:45:00,2020-10-08 03:30:00,3.0,5.8,6.25,0
2020-10-08 05:00:00,2020-10-08 07:15:00,2.5,2.6,4.01,5
2020-10-09 02:45:00,2020-10-09 08:00:00,5.5,3.5,5.113636363636363,2
2020-10-09 14:45:00,2020-10-09 15:45:00,1.25,4.9,5.220000000000001,14
2020-10-10 05:00:00,2020-10-10 05:15:00,0.5,5.3,5.5,5
2020-10-10 08:00:00,2020-10-10 08:45:00,1.0,4.2,4.425,8
2020-10-11 02:45:00,2020-10-11 09:30:00,7.0,3.1,4.603571428571429,2
2020-10-11 17:00:00,2020-10-11 18:30:00,1.75,4.0,4.185714285714286,17
2020-10-12 07:45:00,2020-10-12 09:30:00,2.0,3.1,3.5500000000000003,7
2020-10-12 11:00:00,2020-10-12 11:45:00,1.0,3.3,3.4,11
2020-10-12 23:45:00,2020-10-13 00:45:00,1.25,4.6,4.779999999999999,23
2020-10-13 09:00:00,2020-10-13 09:30:00,0.75,4.5,4.6000000000000005,9
2020-10-13 16:15:00,2020-10-13 16:30:00,0.5,5.0,5.4,16
2020-10-13 18:45:00,2020-10-13 20:00:00,1.5,4.3,5.183333333333333,18
2020-10-13 21:45:00,2020-10-14 00:30:00,3.0,3.8,4.325,21
2020-10-14 04:00:00,2020-10-14 04:30:00,0.75,5.1,5.166666666666666,4
2020-10-14 09:15:00,2020-10-14 10:15:00,1.25,5.5,5.68,9
2020-10-14 16:15:00,2020-10-14 18:30:00,2.5,5.6,5.819999999999999,16
2020-10-14 21:45:00,2020-10-14 22:00:00,0.5,5.6,5.699999999999999,21
2020-10-15 01:15:00,2020-10-15 01:30:00,0.5,5.1,5.199999999999999,1
2020-10-15 10:15:00,2020-10-15 10:45:00,0.75,4.6,4.866666666666666,10
2020-10-15 19:15:00,2020-10-15 20:45:00,1.75,5.2,5.514285714285714,19
2020-10-16 00:30:00,2020-10-16 02:45:00,2.5,4.1,4.72,0
2020-10-16 05:00:00,2020-10-16 05:15:00,0.5,3.6,3.8,5
2020-10-16 07:30:00,2020-10-16 07:45:00,0.5,3.9,4.05,7
2020-10-17 01:30:00,2020-10-17 02:30:00,1.25,5.9,6.12,1
2020-10-17 15:30:00,2020-10-17 16:30:00,1.25,7.1,7.220000000000001,15
2020-10-18 00:00:00,2020-10-18 03:45:00,4.0,4.3,5.70625,0
2020-10-18 08:00:00,2020-10-18 09:00:00,1.25,4.7,5.0600000000000005,8
2020-10-18 23:15:00,2020-10-19 04:45:00,5.75,3.9,5.956521739130434,23
2020-10-19 14:30:00,2020-10-19 15:00:00,0.75,5.9,6.099999999999999,14
2020-10-20 01:15:00,2020-10-20 04:45:00,3.75,3.5,5.14,1
2020-10-20 09:30:00,2020-10-20 11:15:00,2.0,4.0,4.625,9
2020-10-20 12:45:00,2020-10-20 13:30:00,1.0,4.7,5.0,12
2020-10-21 03:30:00,2020-10-21 07:00:00,3.75,3.3,4.666666666666668,3
2020-10-21 14:15:00,2020-10-21 15:00:00,1.0,4.6,4.925,14
2020-10-22 05:00:00,2020-10-22 07:45:00,3.0,3.4,4.4,5
2020-10-22 18:30:00,2020-10-22 18:45:00,0.5,5.2,5.300000000000001,18
2020-10-23 03:30:00,2020-10-23 09:00:00,5.75,3.2,4.765217391304348,3
2020-10-23 15:30:00,2020-10-23 16:30:00,1.25,4.6,4.92,15
2020-10-24 04:30:00,2020-10-24 09:00:00,4.75,2.9,4.3578947368421055,4
2020-10-24 13:15:00,2020-10-24 14:30:00,1.5,3.8,4.083333333333333,13
2020-10-25 09:45:00,2020-10-25 10:45:00,1.25,3.3,3.6,9
2020-10-25 17:45:00,2020-10-25 19:00:00,1.5,3.5,3.6999999999999997,17
2020-10-26 06:00:00,2020-10-26 08:15:00,2.5,4.3,4.68,6
2020-10-26 15:15:00,2020-10-26 15:45:00,0.75,4.4,4.533333333333333,15
2020-10-27 00:30:00,2020-10-27 01:00:00,0.75,4.6,4.733333333333333,0
2020-10-27 13:15:00,2020-10-27 15:45:00,2.75,4.4,4.818181818181818,13
2020-10-28 02:30:00,2020-10-28 05:15:00,3.0,4.8,5.2250000000000005,2
2020-10-29 02:15:00,2020-10-29 05:45:00,3.75,4.2,4.873333333333334,2
2020-10-31 08:45:00,2020-10-31 10:45:00,2.25,4.3,4.433333333333334,8
2020-10-31 13:00:00,2020-10-31 16:15:00,3.5,5.1,5.728571428571429,13
2020-10-31 22:45:00,2020-11-01 01:15:00,2.75,5.4,6.318181818181818,22
2020-11-01 11:00:00,2020-11-01 11:30:00,0.75,5.0,5.1000000000000005,11
2020-11-01 14:00:00,2020-11-01 17:45:00,4.0,5.5,6.08125,14
2020-11-01 20:00:00,2020-11-02 00:15:00,4.5,5.4,6.433333333333334,20
2020-11-02 07:15:00,2020-11-02 09:15:00,2.25,4.9,5.622222222222223,7
2020-11-02 14:15:00,2020-11-02 17:15:00,3.25,6.9,7.261538461538461,14
2020-11-02 22:45:00,2020-11-03 03:00:00,4.5,6.4,7.116666666666666,22
2020-11-03 05:45:00,2020-11-03 06:15:00,0.75,5.7,5.833333333333333,5
2020-11-04 12:15:00,2020-11-04 12:45:00,0.75,6.4,6.466666666666666,12
2020-11-05 02:00:00,2020-11-05 06:15:00,4.5,5.6,6.2555555555555555,2
2020-11-06 03:00:00,2020-11-06 05:45:00,3.0,5.5,6.508333333333334,3
2020-11-06 12:00:00,2020-11-06 17:45:00,6.0,5.9,6.6375,12
2020-11-07 05:30:00,2020-11-07 08:45:00,3.5,4.6,5.32142857142857,5
2020-11-07 13:45:00,2020-11-07 15:45:00,2.25,5.5,5.866666666666666,13
2020-11-08 05:00:00,2020-11-08 09:45:00,5.0,4.6,5.725,5
2020-11-08 12:30:00,2020-11-08 13:30:00,1.25,4.8,5.019999999999999,12
2020-11-08 15:00:00,2020-11-08 16:45:00,2.0,5.4,5.6,15
2020-11-09 04:30:00,2020-11-09 09:15:00,5.0,4.1,5.569999999999999,4
2020-11-09 15:30:00,2020-11-09 18:00:00,2.75,5.4,5.718181818181818,15
2020-11-09 23:00:00,2020-11-09 23:30:00,0.75,5.4,5.5,23
2020-11-10 07:00:00,2020-11-10 11:15:00,4.5,4.6,5.788888888888889,7
2020-11-10 14:15:00,2020-11-10 17:00:00,3.0,4.5,4.783333333333334,14
2020-11-11 09:15:00,2020-11-11 09:45:00,0.75,5.3,5.433333333333334,9
2020-11-11 11:15:00,2020-11-11 13:00:00,2.0,4.1,4.762499999999999,11
2020-11-11 14:45:00,2020-11-11 15:30:00,1.0,3.9,4.0,14
2020-11-11 19:15:00,2020-11-11 20:45:00,1.75,4.7,4.957142857142857,19
2020-11-11 22:45:00,2020-11-12 02:00:00,3.5,3.2,4.392857142857143,22
2020-11-12 05:45:00,2020-11-12 06:15:00,0.75,2.5,2.9333333333333336,5
2020-11-12 11:30:00,2020-11-12 14:30:00,3.25,4.2,4.615384615384615,11
2020-11-12 22:30:00,2020-11-13 00:30:00,2.25,4.2,4.811111111111112,22
2020-11-13 03:15:00,2020-11-13 07:30:00,4.5,3.1,3.477777777777778,3
2020-11-13 15:15:00,2020-11-13 16:15:00,1.25,5.5,6.0,15
2020-11-13 17:45:00,2020-11-13 18:15:00,0.75,6.1,6.3,17
2020-11-13 20:15:00,2020-11-14 00:45:00,4.75,5.1,5.810526315789473,20
2020-11-14 20:45:00,2020-11-14 21:15:00,0.75,7.3,7.366666666666667,20
2020-11-14 23:15:00,2020-11-15 04:00:00,5.0,3.9,5.395,23
2020-11-15 23:15:00,2020-11-16 02:00:00,3.0,4.8,5.583333333333333,23
2020-11-17 00:00:00,2020-11-17 03:15:00,3.5,5.6,6.535714285714286,0
2020-11-18 02:15:00,2020-11-18 05:00:00,3.0,6.2,6.958333333333333,2
2020-11-19 03:45:00,2020-11-19 04:45:00,1.25,7.2,7.540000000000001,3
2020-11-20 04:00:00,2020-11-20 06:15:00,2.5,6.3,6.859999999999999,4
2020-11-21 01:30:00,2020-11-21 07:45:00,6.5,5.7,7.084615384615384,1
2020-11-21 13:45:00,2020-11-21 15:45:00,2.25,7.0,7.388888888888889,13
2020-11-22 07:00:00,2020-11-22 07:30:00,0.75,6.2,6.433333333333334,7
2020-11-22 11:15:00,2020-11-22 11:45:00,0.75,5.6,6.233333333333333,11
2020-11-22 15:00:00,2020-11-22 17:15:00,2.5,5.6,5.99,15
2020-11-22 19:00:00,2020-11-22 20:45:00,2.0,6.0,6.6,19
2020-11-23 01:45:00,2020-11-23 02:15:00,0.75,6.2,6.3,1
2020-11-23 06:30:00,2020-11-23 07:15:00,1.0,5.8,6.075,6
2020-11-23 08:45:00,2020-11-23 10:00:00,1.5,5.9,6.25,8
2020-11-23 14:45:00,2020-11-23 18:00:00,3.5,6.9,7.250000000000001,14
2020-11-23 19:30:00,2020-11-23 20:00:00,0.75,6.9,7.033333333333334,19
2020-11-23 22:30:00,2020-11-24 01:15:00,3.0,6.5,6.875,22
2020-11-24 04:00:00,2020-11-24 05:15:00,1.5,6.6,7.050000000000001,4
2020-11-25 06:15:00,2020-11-25 07:00:00,1.0,5.9,6.299999999999999,6
2020-11-25 11:45:00,2020-11-25 13:15:00,1.75,5.9,6.428571428571428,11
2020-11-25 21:45:00,2020-11-26 04:15:00,6.75,4.5,5.888888888888889,21
2020-11-26 06:30:00,2020-11-26 08:45:00,2.5,4.9,5.4799999999999995,6
2020-11-26 15:45:00,2020-11-26 17:30:00,2.0,6.7,7.025,15
2020-11-26 22:45:00,2020-11-27 06:00:00,7.5,3.8,4.94,22
2020-11-27 13:15:00,2020-11-27 14:30:00,1.5,5.6,6.066666666666666,13
2020-11-27 21:00:00,2020-11-28 05:45:00,9.0,3.4,4.852777777777778,21
2020-11-28 08:15:00,2020-11-28 10:30:00,2.5,4.1,4.69,8
2020-11-28 12:45:00,2020-11-28 13:45:00,1.25,5.3,5.4799999999999995,12
2020-11-28 15:15:00,2020-11-28 17:15:00,2.25,5.2,5.48888888888889,15
2020-11-28 21:45:00,2020-11-29 02:45:00,5.25,3.8,5.285714285714285,21
2020-11-29 19:45:00,2020-11-29 22:45:00,3.25,5.5,6.684615384615385,19
2020-11-30 14:30:00,2020-11-30 17:00:00,2.75,6.6,6.872727272727272,14
2020-11-30 18:30:00,2020-11-30 20:00:00,1.75,7.1,7.271428571428571,18
2020-11-30 21:30:00,2020-11-30 22:15:00,1.0,7.0,7.2749999999999995,21
2020-12-01 01:30:00,2020-12-01 06:15:00,5.0,6.4,6.859999999999999,1
2020-12-01 09:30:00,2020-12-01 10:15:00,1.0,6.7,6.8,9
2020-12-01 17:15:00,2020-12-01 19:15:00,2.25,7.9,8.488888888888889,17
2020-12-01 22:00:00,2020-12-01 23:45:00,2.0,7.9,8.7375,22
2020-12-02 04:45:00,2020-12-02 05:00:00,0.5,6.8,6.9,4
2020-12-03 01:45:00,2020-12-03 06:15:00,4.75,7.2,8.526315789473685,1
2020-12-03 13:15:00,2020-12-03 14:15:00,1.25,7.7,7.959999999999999,13
2020-12-04 04:15:00,2020-12-04 07:00:00,3.0,7.1,7.966666666666666,4
2020-12-05 02:30:00,2020-12-05 05:30:00,3.25,7.0,7.584615384615385,2
2020-12-05 17:15:00,2020-12-05 18:00:00,1.0,8.2,8.274999999999999,17
2020-12-06 02:45:00,2020-12-06 03:15:00,0.75,7.9,8.033333333333333,2
2020-12-06 14:15:00,2020-12-06 15:15:00,1.25,8.5,8.719999999999999,14
2020-12-06 18:45:00,2020-12-06 20:00:00,1.5,8.3,8.466666666666667,18
2020-12-07 02:45:00,2020-12-07 05:30:00,3.0,7.4,7.741666666666666,2
2020-12-07 08:45:00,2020-12-07 10:00:00,1.5,7.1,7.2,8
2020-12-07 16:00:00,2020-12-07 22:00:00,6.25,8.1,8.532,16
2020-12-08 01:00:00,2020-12-08 01:30:00,0.75,7.6,7.8,1
2020-12-08 04:00:00,2020-12-08 07:45:00,4.0,7.0,7.481249999999999,4
2020-12-08 17:45:00,2020-12-08 21:00:00,3.5,8.0,8.2,17
2020-12-09 00:45:00,2020-12-09 08:45:00,8.25,6.7,7.460606060606061,0
2020-12-09 16:15:00,2020-12-09 18:30:00,2.5,8.2,8.49,16
2020-12-09 20:30:00,2020-12-09 20:45:00,0.5,7.9,8.0,20
2020-12-09 23:00:00,2020-12-10 02:30:00,3.75,7.5,7.84,23
2020-12-10 06:30:00,2020-12-10 08:45:00,2.5,6.8,7.010000000000001,6
2020-12-10 19:30:00,2020-12-10 20:15:00,1.0,8.4,8.549999999999999,19
2020-12-10 22:00:00,2020-12-10 22:45:00,1.0,8.0,8.1,22
2020-12-11 01:45:00,2020-12-11 03:45:00,2.25,7.2,7.533333333333333,1
2020-12-11 05:15:00,2020-12-11 06:30:00,1.5,6.7,6.8999999999999995,5
2020-12-12 00:15:00,2020-12-12 02:30:00,2.5,5.8,6.76,0
2020-12-12 05:30:00,2020-12-12 08:30:00,3.25,5.6,6.276923076923078,5
2020-12-12 23:15:00,2020-12-13 02:15:00,3.25,4.8,5.792307692307692,23
2020-12-14 01:45:00,2020-12-14 02:45:00,1.25,6.1,6.540000000000001,1
2020-12-16 02:15:00,2020-12-16 04:45:00,2.75,7.1,7.909090909090909,2
2020-12-17 00:15:00,2020-12-17 01:15:00,1.25,8.5,8.68,0
2020-12-17 03:30:00,2020-12-17 04:15:00,1.0,7.4,7.625,3
2020-12-18 11:15:00,2020-12-18 13:00:00,2.0,8.0,8.45,11
2020-12-20 06:15:00,2020-12-20 09:15:00,3.25,7.1,7.984615384615385,6
2020-12-20 15:00:00,2020-12-20 16:15:00,1.5,8.7,8.85,15
2020-12-20 22:45:00,2020-12-21 00:45:00,2.25,8.4,8.588888888888889,22
2020-12-21 08:00:00,2020-12-21 10:15:00,2.5,7.9,8.11,8
2020-12-21 15:45:00,2020-12-21 21:15:00,5.75,8.6,9.004347826086956,15
2020-12-21 23:00:00,2020-12-22 00:30:00,1.75,8.4,8.557142857142857,23
2020-12-22 02:15:00,2020-12-22 07:00:00,5.0,7.3,7.915000000000001,2
2020-12-22 08:30:00,2020-12-22 10:30:00,2.25,7.5,7.7444444444444445,8
2020-12-22 17:45:00,2020-12-22 22:15:00,4.75,8.5,8.8,17
2020-12-23 00:00:00,2020-12-23 02:30:00,2.75,7.9,8.19090909090909,0
2020-12-23 04:00:00,2020-12-23 06:45:00,3.0,7.4,7.683333333333334,4
2020-12-23 19:30:00,2020-12-23 22:45:00,3.5,8.3,8.571428571428571,19
2020-12-24 03:30:00,2020-12-24 04:15:00,1.0,7.9,8.0,3
2020-12-24 06:45:00,2020-12-24 07:00:00,0.5,7.6,7.8,6
2020-12-24 08:30:00,2020-12-24 10:00:00,1.75,6.8,7.07142857142857,8
2020-12-24 22:45:00,2020-12-25 00:00:00,1.5,6.9,7.216666666666666,22
2020-12-25 02:00:00,2020-12-25 02:45:00,1.0,6.7,6.825,2
2020-12-25 07:00:00,2020-12-25 07:45:00,1.0,6.5,6.799999999999999,7
2020-12-25 11:45:00,2020-12-25 20:00:00,8.5,7.3,7.870588235294116,11
2020-12-25 21:45:00,2020-12-25 23:45:00,2.25,6.9,7.722222222222224,21
2020-12-26 02:15:00,2020-12-26 05:00:00,3.0,7.4,7.758333333333333,2
2020-12-26 07:15:00,2020-12-26 08:15:00,1.25,6.4,6.8,7
2020-12-26 18:30:00,2020-12-26 19:30:00,1.25,8.7,8.959999999999999,18
2020-12-26 21:30:00,2020-12-27 00:15:00,3.0,7.8,8.258333333333335,21
2020-12-27 02:00:00,2020-12-27 03:30:00,1.75,7.9,8.314285714285713,2
2020-12-27 05:30:00,2020-12-27 07:15:00,2.0,7.4,7.737500000000001,5
2020-12-27 08:45:00,2020-12-27 09:00:00,0.5,7.1,7.199999999999999,8
2020-12-28 00:00:00,2020-12-28 02:30:00,2.75,8.1,8.799999999999999,0
2020-12-28 05:30:00,2020-12-28 09:30:00,4.25,6.8,7.2294117647058815,5
2020-12-28 13:30:00,2020-12-28 14:15:00,1.0,9.0,9.125,13
2020-12-28 22:30:00,2020-12-28 23:00:00,0.75,9.1,9.233333333333334,22
2020-12-29 07:15:00,2020-12-29 08:30:00,1.5,7.2,7.25,7
2020-12-29 11:00:00,2020-12-29 11:45:00,1.0,7.7,7.8,11
2020-12-29 15:15:00,2020-12-29 15:30:00,0.5,8.6,8.7,15
2020-12-30 01:15:00,2020-12-30 04:15:00,3.25,6.8,7.607692307692308,1
2020-12-30 08:45:00,2020-12-30 10:45:00,2.25,6.8,7.077777777777778,8
2020-12-30 23:15:00,2020-12-31 06:15:00,7.25,5.8,7.537931034482759,23
2020-12-31 08:15:00,2020-12-31 11:30:00,3.5,6.3,6.714285714285714,8
2021-01-01 01:30:00,2021-01-01 06:30:00,5.25,5.2,6.604761904761904,1
2021-01-01 15:00:00,2021-01-01 17:00:00,2.25,6.9,7.177777777777777,15
2021-01-02 00:30:00,2021-01-02 03:30:00,3.25,5.9,6.815384615384615,0
2021-01-02 13:45:00,2021-01-02 15:15:00,1.75,6.1,6.414285714285713,13
2021-01-02 18:00:00,2021-01-02 19:45:00,2.0,6.4,6.6375,18
2021-01-03 06:30:00,2021-01-03 07:30:00,1.25,5.9,6.0200000000000005,6
2021-01-03 12:45:00,2021-01-03 18:00:00,5.5,6.3,7.159090909090909,12
2021-01-03 21:15:00,2021-01-04 04:00:00,7.0,6.8,7.65,21
2021-01-04 06:00:00,2021-01-04 07:45:00,2.0,6.4,6.9375,6
2021-01-04 23:30:00,2021-01-05 02:30:00,3.25,7.8,8.107692307692307,23
2021-01-05 04:00:00,2021-01-05 05:15:00,1.5,7.4,7.75,4
2021-01-05 09:30:00,2021-01-05 11:00:00,1.75,6.9,7.028571428571428,9
2021-01-05 13:00:00,2021-01-05 17:45:00,5.0,7.7,8.254999999999999,13
2021-01-05 19:30:00,2021-01-05 21:00:00,1.75,7.8,8.028571428571428,19
2021-01-05 22:45:00,2021-01-06 04:15:00,5.75,6.9,7.373913043478261,22
2021-01-06 06:15:00,2021-01-06 09:15:00,3.25,6.7,7.415384615384616,6
2021-01-06 14:15:00,2021-01-06 16:15:00,2.25,8.5,8.755555555555556,14
2021-01-06 17:45:00,2021-01-06 23:30:00,6.0,8.1,8.375,17
2021-01-07 16:30:00,2021-01-07 17:30:00,1.25,8.3,8.4,16
2021-01-08 13:30:00,2021-01-08 15:30:00,2.25,8.0,8.244444444444444,13
2021-01-08 18:45:00,2021-01-08 20:45:00,2.25,8.4,8.644444444444446,18
2021-01-09 02:15:00,2021-01-09 03:00:00,1.0,7.4,7.574999999999999,2
2021-01-09 07:45:00,2021-01-09 08:15:00,0.75,7.4,7.466666666666666,7
2021-01-09 17:30:00,2021-01-09 19:30:00,2.25,9.5,9.755555555555556,17
2021-01-09 21:00:00,2021-01-09 22:45:00,2.0,9.4,9.600000000000001,21
2021-01-10 02:15:00,2021-01-10 04:30:00,2.5,7.5,8.059999999999999,2
2021-01-10 13:45:00,2021-01-10 16:15:00,2.75,9.5,9.69090909090909,13
2021-01-11 03:45:00,2021-01-11 04:15:00,0.75,8.9,8.966666666666667,3
2021-01-11 10:30:00,2021-01-11 10:45:00,0.5,8.9,9.05,10
2021-01-12 05:15:00,2021-01-12 08:00:00,3.0,7.7,8.433333333333335,5
2021-01-13 06:30:00,2021-01-13 07:00:00,0.75,8.4,8.533333333333333,6
2021-01-14 02:00:00,2021-01-14 03:00:00,1.25,9.5,9.64,2
2021-01-14 13:45:00,2021-01-14 14:15:00,0.75,10.1,10.200000000000001,13
2021-01-15 01:00:00,2021-01-15 03:00:00,2.25,8.8,9.266666666666666,1
2021-01-15 08:45:00,2021-01-15 09:30:00,1.0,8.7,9.0,8
2021-01-16 01:30:00,2021-01-16 02:30:00,1.25,9.2,9.3,1
2021-01-16 09:15:00,2021-01-16 10:00:00,1.0,9.1,9.375,9
2021-01-16 19:00:00,2021-01-16 20:15:00,1.5,9.6,9.816666666666666,19
2021-01-16 23:15:00,2021-01-16 23:45:00,0.75,9.4,9.566666666666665,23
2021-01-17 14:00:00,2021-01-17 14:30:00,0.75,10.2,10.333333333333334,14
2021-01-17 16:15:00,2021-01-17 20:00:00,4.0,9.4,9.8625,16
2021-01-18 00:00:00,2021-01-18 01:00:00,1.25,9.1,9.360000000000001,0
2021-01-18 03:00:00,2021-01-18 10:45:00,8.0,8.5,9.25,3
2021-01-18 12:30:00,2021-01-18 14:15:00,2.0,9.9,10.1125,12
2021-01-18 19:00:00,2021-01-18 19:30:00,0.75,9.8,9.866666666666667,19
2021-01-19 00:15:00,2021-01-19 06:15:00,6.25,8.6,9.164,0
2021-01-19 15:00:00,2021-01-19 16:15:00,1.5,9.8,9.983333333333333,15
2021-01-20 02:00:00,2021-01-20 08:30:00,6.75,8.3,8.685185185185185,2
2021-01-20 18:00:00,2021-01-20 19:00:00,1.25,9.5,9.639999999999999,18
2021-01-21 02:15:00,2021-01-21 03:00:00,1.0,8.4,8.55,2
2021-01-21 04:30:00,2021-01-21 07:15:00,3.0,8.0,8.291666666666666,4
2021-01-21 19:30:00,2021-01-21 19:45:00,0.5,8.8,8.9,19
2021-01-22 00:30:00,2021-01-22 01:00:00,0.75,8.1,8.233333333333334,0
2021-01-22 02:30:00,2021-01-22 05:15:00,3.0,7.4,7.758333333333333,2
2021-01-22 06:45:00,2021-01-22 08:00:00,1.5,7.2,7.3500000000000005,6
2021-01-22 14:15:00,2021-01-22 15:15:00,1.25,8.5,8.62,14
2021-01-22 18:15:00,2021-01-22 18:45:00,0.75,8.4,8.6,18
2021-01-22 20:15:00,2021-01-23 01:45:00,5.75,7.1,7.913043478260871,20
2021-01-23 04:45:00,2021-01-23 05:30:00,1.0,6.4,6.5,4
2021-01-23 20:30:00,2021-01-23 20:45:00,0.5,8.3,8.4,20
2021-01-23 22:15:00,2021-01-24 01:30:00,3.5,6.5,7.3571428571428585,22
2021-01-24 05:45:00,2021-01-24 06:00:00,0.5,6.1,6.35,5
2021-01-24 22:45:00,2021-01-25 01:00:00,2.5,6.0,7.17,22
2021-01-25 05:30:00,2021-01-25 07:00:00,1.75,5.8,5.985714285714286,5
2021-01-25 19:30:00,2021-01-26 03:00:00,7.75,4.6,7.145161290322583,19
2021-01-26 07:15:00,2021-01-26 08:30:00,1.5,5.6,5.983333333333333,7
2021-01-26 22:15:00,2021-01-27 03:00:00,5.0,4.6,6.515000000000001,22
2021-01-27 16:45:00,2021-01-27 20:30:00,4.0,7.0,7.175,16
2021-01-28 22:30:00,2021-01-28 23:00:00,0.75,8.7,8.833333333333334,22
2021-01-31 02:15:00,2021-01-31 06:15:00,4.25,6.7,7.782352941176471,2
2021-02-01 23:30:00,2021-02-02 00:30:00,1.25,8.5,8.7,23
2021-02-02 20:45:00,2021-02-03 04:00:00,7.5,8.8,9.65,20
2021-02-03 06:15:00,2021-02-03 06:30:00,0.5,8.8,9.0,6
2021-02-03 12:30:00,2021-02-03 13:15:00,1.0,9.8,10.0,12
2021-02-03 20:45:00,2021-02-04 01:15:00,4.75,9.6,9.968421052631578,20
2021-02-04 03:00:00,2021-02-04 05:45:00,3.0,8.8,9.249999999999998,3
2021-02-06 03:15:00,2021-02-06 04:15:00,1.25,7.8,8.0,3
2021-02-06 21:15:00,2021-02-06 22:00:00,1.0,8.1,8.275,21
2021-02-07 20:30:00,2021-02-07 21:45:00,1.5,8.1,8.45,20
2021-02-08 23:30:00,2021-02-09 03:00:00,3.75,7.1,7.799999999999999,23
2021-02-09 06:00:00,2021-02-09 07:15:00,1.5,6.6,6.933333333333334,6
2021-02-09 22:30:00,2021-02-10 02:30:00,4.25,5.8,7.047058823529412,22
2021-02-10 07:00:00,2021-02-10 08:30:00,1.75,5.7,6.1000000000000005,7
2021-02-10 13:15:00,2021-02-10 14:30:00,1.5,5.9,6.25,13
2021-02-10 18:45:00,2021-02-10 19:15:00,0.75,7.1,7.333333333333333,18
2021-02-10 21:45:00,2021-02-11 03:45:00,6.25,5.9,6.880000000000001,21
2021-02-11 06:00:00,2021-02-11 06:15:00,0.5,5.7,5.800000000000001,6
2021-02-11 08:45:00,2021-02-11 11:00:00,2.5,5.6,6.07,8
2021-02-11 13:00:00,2021-02-11 20:30:00,7.75,5.2,6.29032258064516,13
2021-02-12 00:15:00,2021-02-12 03:30:00,3.5,5.8,6.935714285714285,0
2021-02-12 12:00:00,2021-02-12 15:30:00,3.75,6.1,6.866666666666665,12
2021-02-12 17:30:00,2021-02-12 19:00:00,1.75,5.9,6.2714285714285705,17
2021-02-12 22:00:00,2021-02-13 03:45:00,6.0,6.5,7.7625,22
2021-02-13 12:15:00,2021-02-13 14:30:00,2.5,6.6,7.18,12
2021-02-13 16:15:00,2021-02-13 17:45:00,1.75,6.2,7.471428571428572,16
2021-02-13 20:00:00,2021-02-13 22:45:00,3.0,7.3,8.108333333333334,20
2021-02-14 00:45:00,2021-02-14 07:00:00,6.5,7.0,7.857692307692307,0
2021-02-14 08:30:00,2021-02-14 09:30:00,1.25,7.7,7.780000000000001,8
2021-02-14 11:15:00,2021-02-14 15:00:00,4.0,7.9,8.287500000000001,11
2021-02-14 17:00:00,2021-02-14 17:15:00,0.5,8.2,8.45,17
2021-02-14 20:00:00,2021-02-14 21:15:00,1.5,8.4,8.799999999999999,20
2021-02-15 00:00:00,2021-02-15 03:00:00,3.25,9.1,9.63076923076923,0
2021-02-15 04:30:00,2021-02-15 08:15:00,4.0,8.8,9.36875,4
2021-02-15 12:00:00,2021-02-15 13:00:00,1.25,9.0,9.3,12
2021-02-15 15:15:00,2021-02-15 16:00:00,1.0,8.9,9.2,15
2021-02-15 20:15:00,2021-02-15 22:00:00,2.0,8.3,8.774999999999999,20
2021-02-16 10:30:00,2021-02-16 12:15:00,2.0,7.7,9.2875,10
2021-02-16 14:15:00,2021-02-16 18:00:00,4.0,8.0,9.14375,14
2021-02-16 19:45:00,2021-02-17 07:45:00,12.25,8.2,9.453061224489797,19
2021-02-17 19:30:00,2021-02-17 19:45:00,0.5,10.0,10.1,19
2021-02-17 22:30:00,2021-02-18 02:30:00,4.25,9.4,9.970588235294118,22
2021-02-18 04:30:00,2021-02-18 04:45:00,0.5,9.0,9.15,4
2021-02-18 09:15:00,2021-02-18 09:30:00,0.5,9.2,9.35,9
2021-02-18 11:45:00,2021-02-18 13:00:00,1.5,9.3,9.649999999999999,11
2021-02-18 16:30:00,2021-02-18 17:15:00,1.0,9.6,9.725,16
2021-02-18 19:15:00,2021-02-18 20:00:00,1.0,9.5,9.675,19
2021-02-19 10:30:00,2021-02-19 14:30:00,4.25,9.2,9.658823529411764,10
2021-02-19 16:00:00,2021-02-19 19:15:00,3.5,9.4,9.842857142857143,16
2021-02-19 20:45:00,2021-02-19 23:30:00,3.0,9.5,9.958333333333334,20
2021-02-20 01:00:00,2021-02-20 01:45:00,1.0,9.3,9.475000000000001,1
2021-02-20 06:00:00,2021-02-20 08:00:00,2.25,9.0,9.366666666666667,6
2021-02-20 09:30:00,2021-02-20 10:45:00,1.5,9.9,10.166666666666666,9
2021-02-20 14:30:00,2021-02-20 16:00:00,1.75,10.8,10.942857142857145,14
2021-02-20 18:30:00,2021-02-20 21:45:00,3.5,9.5,9.964285714285714,18
2021-02-21 05:30:00,2021-02-21 06:45:00,1.5,8.9,8.983333333333333,5
2021-02-21 09:15:00,2021-02-21 11:15:00,2.25,10.2,10.5,9
2021-02-21 19:45:00,2021-02-21 22:15:00,2.75,9.9,10.463636363636363,19
2021-02-22 01:00:00,2021-02-22 07:00:00,6.25,8.3,8.892000000000001,1
2021-02-22 18:30:00,2021-02-22 19:00:00,0.75,10.0,10.1,18
2021-02-22 21:45:00,2021-02-23 01:30:00,4.0,8.4,9.175,21
2021-02-23 05:15:00,2021-02-23 09:30:00,4.5,6.5,7.655555555555555,5
2021-02-23 12:30:00,2021-02-23 13:45:00,1.5,9.7,9.916666666666666,12
2021-02-23 22:30:00,2021-02-23 23:45:00,1.5,8.4,8.9,22
2021-02-24 06:30:00,2021-02-24 07:45:00,1.5,6.8,7.05,6
2021-02-24 19:15:00,2021-02-25 00:15:00,5.25,8.2,8.876190476190475,19
2021-02-25 07:00:00,2021-02-25 08:00:00,1.25,6.6,6.779999999999999,7
2021-02-25 10:00:00,2021-02-25 10:30:00,0.75,7.0,7.133333333333333,10
2021-02-25 22:45:00,2021-02-26 02:30:00,4.0,6.6,7.55,22
2021-02-26 07:00:00,2021-02-26 09:45:00,3.0,5.2,5.566666666666667,7
2021-03-26 15:30:00,2021-03-26 17:45:00,2.5,3.8,4.69,15
2021-03-26 19:30:00,2021-03-26 23:45:00,4.5,4.2,4.677777777777779,19
2021-03-27 02:15:00,2021-03-27 03:00:00,1.0,3.9,4.025,2
2021-03-27 05:15:00,2021-03-27 05:45:00,0.75,3.3,3.5666666666666664,5
2021-03-27 08:15:00,2021-03-27 08:30:00,0.5,3.4,3.5,8
2021-03-27 11:15:00,2021-03-27 13:00:00,2.0,3.4,3.7750000000000004,11
2021-03-27 15:30:00,2021-03-27 17:15:00,2.0,4.1,4.699999999999999,15
2021-03-27 19:15:00,2021-03-28 04:00:00,9.0,3.6,4.488888888888889,19
2021-03-28 06:45:00,2021-03-28 07:15:00,0.75,3.7,3.966666666666667,6
2021-03-28 13:00:00,2021-03-28 18:45:00,6.0,4.2,4.9375,13
2021-03-28 21:00:00,2021-03-28 22:15:00,1.5,3.9,4.183333333333333,21
2021-03-29 00:15:00,2021-03-29 07:30:00,7.5,3.5,4.206666666666666,0
2021-03-29 15:15:00,2021-03-30 06:15:00,15.25,3.8,5.272131147540983,15
2021-03-30 11:00:00,2021-03-30 13:00:00,2.25,5.9,6.566666666666666,11
2021-03-30 14:30:00,2021-03-30 15:30:00,1.25,6.2,6.539999999999999,14
2021-03-30 17:30:00,2021-03-30 18:30:00,1.25,5.4,6.08,17
2021-03-31 01:30:00,2021-03-31 04:15:00,3.0,5.0,5.1499999999999995,1
2021-03-31 10:45:00,2021-03-31 13:00:00,2.5,6.7,6.9799999999999995,10
2021-03-31 14:45:00,2021-03-31 20:30:00,6.0,5.5,6.379166666666667,14
2021-04-01 14:30:00,2021-04-01 20:30:00,6.25,6.7,7.619999999999999,14
2021-04-02 04:30:00,2021-04-02 06:30:00,2.25,6.4,6.9,4
2021-04-02 17:15:00,2021-04-02 20:30:00,3.5,6.9,7.785714285714286,17
2021-04-03 04:00:00,2021-04-03 04:30:00,0.75,6.3,6.3999999999999995,4
2021-04-03 07:45:00,2021-04-03 10:45:00,3.25,6.2,7.3076923076923075,7
2021-04-03 16:30:00,2021-04-03 22:00:00,5.75,7.5,8.826086956521738,16
2021-04-04 03:45:00,2021-04-04 05:00:00,1.5,6.3,6.5,3
2021-04-04 16:30:00,2021-04-04 20:00:00,3.75,8.5,9.040000000000001,16
2021-04-05 00:30:00,2021-04-05 01:00:00,0.75,7.1,7.266666666666666,0
2021-04-05 04:45:00,2021-04-05 06:30:00,2.0,5.6,5.862500000000001,4
2021-04-05 18:00:00,2021-04-05 22:15:00,4.5,5.9,7.533333333333333,18
2021-04-06 05:15:00,2021-04-06 05:30:00,0.5,4.8,5.05,5
2021-04-06 07:30:00,2021-04-06 09:15:00,2.0,5.3,5.5875,7
2021-04-06 20:30:00,2021-04-07 00:30:00,4.25,4.4,6.123529411764705,20
2021-04-07 04:30:00,2021-04-07 04:45:00,0.5,4.6,5.0,4
2021-04-07 06:15:00,2021-04-07 07:15:00,1.25,4.3,4.5600000000000005,6
2021-04-07 09:00:00,2021-04-07 10:45:00,2.0,4.7,5.1625,9
2021-04-07 12:45:00,2021-04-07 14:30:00,2.0,5.7,6.125,12
2021-04-07 23:00:00,2021-04-08 04:45:00,6.0,4.0,5.3875,23
2021-04-08 06:15:00,2021-04-08 08:00:00,2.0,4.6,5.25,6
2021-04-08 17:00:00,2021-04-08 17:30:00,0.75,6.9,7.033333333333334,17
2021-04-08 19:15:00,2021-04-08 20:30:00,1.5,6.8,7.0,19
2021-04-08 23:30:00,2021-04-09 10:45:00,11.5,4.3,5.547826086956522,23
2021-04-09 16:30:00,2021-04-09 16:45:00,0.5,5.5,5.6,16
2021-04-10 02:00:00,2021-04-10 04:30:00,2.75,5.7,6.609090909090909,2
2021-04-10 09:15:00,2021-04-10 10:30:00,1.5,5.9,6.266666666666667,9
2021-04-10 18:00:00,2021-04-10 19:15:00,1.5,6.6,6.7,18
2021-04-11 12:30:00,2021-04-11 13:30:00,1.25,5.4,5.5,12
2021-04-12 10:00:00,2021-04-12 10:15:00,0.5,4.8,5.0,10
2021-04-13 05:30:00,2021-04-13 08:45:00,3.5,4.5,4.8999999999999995,5
2021-04-13 11:00:00,2021-04-13 11:15:00,0.5,5.7,5.800000000000001,11
2021-04-13 14:45:00,2021-04-13 17:00:00,2.5,4.9,5.1899999999999995,14
2021-04-14 00:15:00,2021-04-14 02:45:00,2.75,5.8,6.79090909090909,0
2021-04-15 05:45:00,2021-04-15 06:30:00,1.0,8.3,8.525,5
2021-04-16 01:45:00,2021-04-16 02:30:00,1.0,6.6,6.725,1
2021-04-16 21:15:00,2021-04-16 22:00:00,1.0,6.6,7.0,21
2021-04-17 00:30:00,2021-04-17 02:00:00,1.75,6.4,6.642857142857144,0
2021-04-17 09:00:00,2021-04-17 09:30:00,0.75,5.8,6.0,9
2021-04-17 12:00:00,2021-04-17 12:30:00,0.75,5.8,5.966666666666666,12
2021-04-18 10:30:00,2021-04-18 11:15:00,1.0,5.5,5.675,10
2021-04-19 02:00:00,2021-04-19 04:00:00,2.25,5.4,5.588888888888889,2
2021-04-19 12:45:00,2021-04-19 16:30:00,4.0,4.7,5.08125,12
2021-04-20 09:45:00,2021-04-20 10:45:00,1.25,4.5,4.8,9
2021-04-20 12:15:00,2021-04-20 13:30:00,1.5,5.9,6.349999999999999,12
2021-04-20 16:15:00,2021-04-20 21:00:00,5.0,5.2,6.635,16
2021-04-21 13:45:00,2021-04-22 00:15:00,10.75,5.3,6.534883720930233,13
2021-04-22 07:15:00,2021-04-22 17:00:00,10.0,5.3,6.5025,7
2021-04-22 18:45:00,2021-04-23 09:30:00,15.0,3.8,5.566666666666666,18
2021-04-23 13:45:00,2021-04-23 14:00:00,0.5,4.4,4.800000000000001,13
2021-04-23 16:00:00,2021-04-24 02:00:00,10.25,5.6,7.104878048780488,16
2021-04-24 03:30:00,2021-04-24 05:45:00,2.5,5.0,5.789999999999999,3
2021-04-24 18:30:00,2021-04-24 20:30:00,2.25,6.7,7.044444444444445,18
2021-04-25 04:00:00,2021-04-25 05:15:00,1.5,4.0,4.333333333333333,4
2021-04-25 09:15:00,2021-04-25 09:45:00,0.75,4.8,5.0,9
2021-04-25 12:15:00,2021-04-25 15:00:00,3.0,5.2,6.258333333333334,12
2021-04-25 16:30:00,2021-04-25 22:15:00,6.0,5.7,6.670833333333333,16
2021-04-25 23:45:00,2021-04-26 08:30:00,9.0,4.6,5.380555555555556,23
2021-04-26 10:30:00,2021-04-26 11:30:00,1.25,5.8,5.96,10
2021-04-26 14:00:00,2021-04-26 15:30:00,1.75,6.7,7.014285714285714,14
2021-04-26 17:15:00,2021-04-26 19:15:00,2.25,5.8,6.266666666666667,17
2021-04-26 21:00:00,2021-04-27 00:00:00,3.25,5.5,5.946153846153847,21
2021-04-27 01:30:00,2021-04-27 02:45:00,1.5,5.8,5.966666666666666,1
2021-04-27 16:00:00,2021-04-27 17:15:00,1.5,6.6,6.766666666666666,16
2021-04-27 20:15:00,2021-04-27 20:30:00,0.5,5.8,5.9,20
2021-04-27 22:15:00,2021-04-27 23:15:00,1.25,5.6,5.78,22
2021-04-28 14:30:00,2021-04-28 15:30:00,1.25,6.7,7.160000000000001,14
2021-04-28 17:45:00,2021-04-28 18:15:00,0.75,5.8,5.933333333333334,17
2021-04-29 15:45:00,2021-04-29 19:00:00,3.5,5.0,5.871428571428572,15
2021-04-30 13:00:00,2021-04-30 17:00:00,4.25,4.4,5.4823529411764715,13
2021-05-01 00:15:00,2021-05-01 00:30:00,0.5,3.4,3.5999999999999996,0
2021-05-01 02:00:00,2021-05-01 03:00:00,1.25,3.7,3.9799999999999995,2
2021-05-01 15:15:00,2021-05-01 20:30:00,5.5,5.1,6.481818181818183,15
2021-05-02 02:15:00,2021-05-02 03:00:00,1.0,4.0,4.1499999999999995,2
2021-05-02 17:15:00,2021-05-02 21:15:00,4.25,4.1,5.552941176470588,17
2021-05-03 00:45:00,2021-05-03 02:00:00,1.5,4.3,4.716666666666667,0
2021-05-03 04:15:00,2021-05-03 08:30:00,4.5,4.0,4.511111111111111,4
2021-05-03 16:45:00,2021-05-03 22:15:00,5.75,3.7,5.51304347826087,16
2021-05-04 01:15:00,2021-05-04 06:15:00,5.25,3.2,3.6095238095238096,1
2021-05-04 15:30:00,2021-05-04 21:30:00,6.25,4.4,6.24,15
2021-05-04 23:00:00,2021-05-05 12:45:00,14.0,3.9,4.923214285714287,23
2021-05-05 17:30:00,2021-05-05 18:15:00,1.0,5.1,5.300000000000001,17
2021-05-06 10:15:00,2021-05-06 19:15:00,9.25,3.9,4.608108108108108,10
2021-05-07 04:15:00,2021-05-07 06:00:00,2.0,4.2,4.387500000000001,4
2021-05-07 13:45:00,2021-05-07 16:00:00,2.5,4.6,5.04,13
2021-05-07 18:15:00,2021-05-07 18:45:00,0.75,4.6,4.8,18
2021-05-07 20:30:00,2021-05-07 22:00:00,1.75,4.4,4.714285714285714,20
2021-05-08 00:00:00,2021-05-08 13:45:00,14.0,3.6,4.664285714285714,0
2021-05-08 15:15:00,2021-05-08 17:45:00,2.75,4.6,5.318181818181818,15
2021-05-08 20:00:00,2021-05-08 21:45:00,2.0,5.8,6.225,20
2021-05-09 00:00:00,2021-05-09 02:15:00,2.5,6.0,6.13,0
2021-05-09 04:00:00,2021-05-09 05:30:00,1.75,5.6,5.871428571428572,4
2021-05-09 11:30:00,2021-05-09 13:00:00,1.75,6.1,6.6000000000000005,11
2021-05-09 14:30:00,2021-05-09 16:00:00,1.75,5.7,6.1000000000000005,14
2021-05-09 17:45:00,2021-05-09 19:45:00,2.25,5.1,5.422222222222222,17
2021-05-09 22:30:00,2021-05-09 23:00:00,0.75,5.5,5.6000000000000005,22
2021-05-10 01:15:00,2021-05-10 06:15:00,5.25,4.9,5.566666666666667,1
2021-05-10 08:30:00,2021-05-10 12:15:00,4.0,5.2,5.75625,8
2021-05-10 15:45:00,2021-05-10 17:15:00,1.75,5.3,5.614285714285714,15
2021-05-11 02:45:00,2021-05-11 03:00:00,0.5,5.0,5.1,2
2021-05-11 05:15:00,2021-05-11 08:00:00,3.0,4.5,4.783333333333333,5
2021-05-11 10:15:00,2021-05-11 15:15:00,5.25,4.6,4.976190476190475,10
2021-05-11 23:45:00,2021-05-12 01:30:00,2.0,4.2,4.612500000000001,23
2021-05-12 03:30:00,2021-05-12 08:00:00,4.75,4.5,5.015789473684211,3
2021-05-12 10:45:00,2021-05-12 12:15:00,1.75,5.2,5.542857142857144,10
2021-05-12 14:15:00,2021-05-12 17:45:00,3.75,5.5,5.820000000000001,14
2021-05-13 04:30:00,2021-05-13 05:30:00,1.25,4.5,5.200000000000001,4
2021-05-13 09:30:00,2021-05-13 12:00:00,2.75,5.9,6.145454545454545,9
2021-05-13 13:45:00,2021-05-13 15:30:00,2.0,5.5,5.8125,13
2021-05-13 17:00:00,2021-05-13 19:15:00,2.5,5.0,5.6,17
2021-05-14 00:15:00,2021-05-14 04:15:00,4.25,4.8,5.111764705882353,0
2021-05-14 06:15:00,2021-05-14 07:00:00,1.0,5.0,5.225,6
2021-05-14 13:30:00,2021-05-14 15:30:00,2.25,6.3,6.522222222222222,13
2021-05-14 17:00:00,2021-05-14 18:15:00,1.5,5.3,5.816666666666666,17
2021-05-15 00:30:00,2021-05-15 00:45:00,0.5,4.8,4.949999999999999,0
2021-05-15 05:45:00,2021-05-15 07:00:00,1.5,4.3,4.966666666666666,5
2021-05-15 11:30:00,2021-05-15 12:00:00,0.75,6.0,6.233333333333333,11
2021-05-15 14:15:00,2021-05-15 18:45:00,4.75,6.1,7.026315789473684,14
2021-05-16 00:15:00,2021-05-16 00:45:00,0.75,5.1,5.233333333333333,0
2021-05-16 04:00:00,2021-05-16 05:45:00,2.0,5.2,5.4375,4
2021-05-16 13:00:00,2021-05-16 14:45:00,2.0,7.6,7.737500000000001,13
2021-05-16 16:15:00,2021-05-16 17:30:00,1.5,7.0,7.5,16
2021-05-16 19:00:00,2021-05-16 19:45:00,1.0,5.9,6.15,19
2021-05-16 22:45:00,2021-05-16 23:45:00,1.25,5.4,5.640000000000001,22
2021-05-17 01:30:00,2021-05-17 03:15:00,2.0,5.1,5.5375,1
2021-05-17 05:00:00,2021-05-17 07:15:00,2.5,5.2,5.65,5
2021-05-17 16:15:00,2021-05-17 21:30:00,5.5,4.6,6.222727272727272,16
2021-05-17 23:45:00,2021-05-18 03:15:00,3.75,4.6,5.1866666666666665,23
2021-05-18 14:30:00,2021-05-19 01:00:00,10.75,4.3,6.3465116279069775,14
2021-05-19 17:00:00,2021-05-19 23:30:00,6.75,3.9,5.5888888888888895,17
2021-05-20 15:30:00,2021-05-21 00:30:00,9.25,4.3,6.472972972972973,15
2021-05-21 04:30:00,2021-05-21 04:45:00,0.5,4.7,4.9,4
2021-05-21 13:00:00,2021-05-21 14:30:00,1.75,6.9,7.114285714285714,13
2021-05-21 17:15:00,2021-05-21 20:00:00,3.0,6.1,6.766666666666667,17
2021-05-21 22:00:00,2021-05-22 01:00:00,3.25,4.1,4.838461538461539,22
2021-05-22 03:30:00,2021-05-22 03:45:00,0.5,3.3,3.55,3
2021-05-22 13:15:00,2021-05-22 16:00:00,3.0,5.7,6.091666666666668,13
2021-05-22 21:00:00,2021-05-22 23:15:00,2.5,5.1,5.66,21
2021-05-23 03:00:00,2021-05-23 03:30:00,0.75,4.9,5.300000000000001,3
2021-05-23 05:00:00,2021-05-23 08:00:00,3.25,4.2,4.723076923076923,5
2021-05-23 10:45:00,2021-05-23 12:15:00,1.75,5.0,5.428571428571429,10
2021-05-23 15:45:00,2021-05-23 21:00:00,5.5,5.5,6.0636363636363635,15
2021-05-23 23:00:00,2021-05-24 02:45:00,4.0,4.6,5.137499999999999,23
2021-05-24 04:45:00,2021-05-24 05:45:00,1.25,5.3,5.46,4
2021-05-24 11:15:00,2021-05-24 12:30:00,1.5,5.5,5.866666666666667,11
2021-05-24 16:45:00,2021-05-24 22:15:00,5.75,5.0,5.604347826086957,16
2021-05-25 04:30:00,2021-05-25 05:30:00,1.25,5.0,5.220000000000001,4
2021-05-25 11:45:00,2021-05-25 13:45:00,2.25,5.5,6.033333333333334,11
2021-05-25 15:15:00,2021-05-25 16:30:00,1.5,6.2,6.733333333333332,15
2021-05-25 19:00:00,2021-05-25 20:15:00,1.5,5.4,5.7,19
2021-05-25 22:00:00,2021-05-25 23:15:00,1.5,5.2,5.483333333333333,22
2021-05-26 19:45:00,2021-05-26 22:00:00,2.5,5.1,5.5200000000000005,19
2021-05-27 17:45:00,2021-05-27 19:00:00,1.5,5.5,5.8,17
2021-05-27 21:45:00,2021-05-28 00:45:00,3.25,3.2,4.653846153846154,21
2021-05-28 13:45:00,2021-05-28 19:00:00,5.5,5.5,6.431818181818182,13
2021-05-29 00:30:00,2021-05-29 01:00:00,0.75,4.5,4.666666666666667,0
2021-05-29 14:15:00,2021-05-29 16:30:00,2.5,5.6,6.24,14
2021-05-29 23:45:00,2021-05-30 02:15:00,2.75,3.2,4.0181818181818185,23
2021-05-30 16:45:00,2021-05-30 19:30:00,3.0,6.0,6.7250000000000005,16
2021-05-31 00:30:00,2021-05-31 03:15:00,3.0,4.1,4.8,0
2021-05-31 15:15:00,2021-06-01 10:30:00,19.5,4.0,5.478205128205128,15
2021-06-01 14:15:00,2021-06-01 15:00:00,1.0,6.5,6.725,14
2021-06-01 16:45:00,2021-06-01 21:15:00,4.75,4.6,5.789473684210526,16
2021-06-01 22:45:00,2021-06-02 00:45:00,2.25,4.5,5.244444444444444,22
2021-06-02 02:15:00,2021-06-02 02:30:00,0.5,4.2,4.300000000000001,2
2021-06-02 04:30:00,2021-06-02 05:00:00,0.75,4.0,4.266666666666667,4
2021-06-02 15:15:00,2021-06-02 22:15:00,7.25,4.2,5.7655172413793085,15
2021-06-02 23:45:00,2021-06-03 02:45:00,3.25,3.8,4.315384615384615,23
2021-06-03 04:45:00,2021-06-03 06:15:00,1.75,4.4,4.557142857142857,4
2021-06-03 10:00:00,2021-06-03 14:15:00,4.5,4.8,5.222222222222222,10
2021-06-03 16:00:00,2021-06-03 20:45:00,5.0,5.0,5.8,16
2021-06-03 22:15:00,2021-06-04 00:15:00,2.25,4.9,5.311111111111112,22
2021-06-04 02:15:00,2021-06-04 18:30:00,16.5,3.0,4.263636363636365,2
2021-06-04 20:00:00,2021-06-05 06:45:00,11.0,2.6,3.65,20
2021-06-05 08:15:00,2021-06-05 15:45:00,7.75,3.3,3.9741935483870963,8
2021-06-05 17:45:00,2021-06-05 21:45:00,4.25,3.2,4.147058823529412,17
2021-06-06 00:45:00,2021-06-06 01:30:00,1.0,4.7,4.875,0
2021-06-06 09:15:00,2021-06-06 10:00:00,1.0,4.9,6.125,9
2021-06-06 11:30:00,2021-06-06 16:30:00,5.25,4.2,5.309523809523809,11
2021-06-06 18:45:00,2021-06-06 19:45:00,1.25,4.8,4.94,18
2021-06-06 21:15:00,2021-06-06 22:30:00,1.5,5.0,5.066666666666666,21
2021-06-07 02:30:00,2021-06-07 03:30:00,1.25,5.1,5.220000000000001,2
2021-06-07 07:30:00,2021-06-07 10:45:00,3.5,5.7,5.978571428571429,7
2021-06-07 12:15:00,2021-06-07 13:30:00,1.5,5.3,5.466666666666666,12
2021-06-07 15:00:00,2021-06-07 20:15:00,5.5,4.7,5.590909090909091,15
2021-06-07 22:00:00,2021-06-07 22:30:00,0.75,5.1,5.3,22
2021-06-08 09:00:00,2021-06-08 16:15:00,7.5,5.0,5.936666666666666,9
2021-06-08 18:45:00,2021-06-08 23:00:00,4.5,4.1,5.0555555555555545,18
2021-06-09 12:00:00,2021-06-09 15:30:00,3.75,5.2,5.873333333333334,12
2021-06-09 19:30:00,2021-06-10 00:00:00,4.75,4.2,4.873684210526316,19
2021-06-10 12:00:00,2021-06-10 14:30:00,2.75,5.3,5.863636363636363,12
2021-06-10 17:15:00,2021-06-10 17:30:00,0.5,5.1,5.449999999999999,17
2021-06-10 20:00:00,2021-06-10 23:45:00,4.0,4.8,5.5,20
2021-06-11 01:30:00,2021-06-11 02:00:00,0.75,5.1,5.3,1
2021-06-12 00:00:00,2021-06-12 03:15:00,3.5,4.5,5.207142857142856,0
2021-06-12 11:00:00,2021-06-12 14:45:00,4.0,5.9,6.237500000000001,11
2021-06-12 22:00:00,2021-06-13 00:30:00,2.75,4.3,4.645454545454545,22
2021-06-13 13:15:00,2021-06-13 17:45:00,4.75,4.0,5.247368421052631,13
2021-06-13 21:15:00,2021-06-13 21:45:00,0.75,3.7,4.166666666666667,21
2021-06-13 23:45:00,2021-06-14 00:15:00,0.75,3.9,4.166666666666667,23
2021-06-14 04:15:00,2021-06-14 06:45:00,2.75,3.6,3.8181818181818183,4
2021-06-14 13:00:00,2021-06-14 19:15:00,6.5,4.8,6.038461538461538,13
2021-06-15 05:15:00,2021-06-15 06:00:00,1.0,2.7,2.95,5
2021-06-15 08:00:00,2021-06-15 08:45:00,1.0,3.0,3.3,8
2021-06-15 11:30:00,2021-06-15 14:45:00,3.5,5.0,5.485714285714285,11
2021-06-15 16:15:00,2021-06-15 23:00:00,7.0,4.0,4.646428571428571,16
2021-06-16 02:00:00,2021-06-16 03:15:00,1.5,3.5,3.6333333333333333,2
2021-06-16 07:00:00,2021-06-16 09:15:00,2.5,2.3,2.8899999999999997,7
2021-06-16 12:45:00,2021-06-17 03:15:00,14.75,2.5,4.901694915254236,12
2021-06-17 14:30:00,2021-06-18 05:45:00,15.5,2.1,4.520967741935484,14
2021-06-18 11:45:00,2021-06-18 13:30:00,2.0,5.4,5.7,11
2021-06-18 17:45:00,2021-06-18 21:30:00,4.0,4.4,5.76875,17
2021-06-19 12:30:00,2021-06-19 13:30:00,1.25,5.0,5.12,12
2021-06-20 12:00:00,2021-06-20 12:15:00,0.5,3.1,3.3,12
2021-06-21 06:30:00,2021-06-21 07:45:00,1.5,3.7,3.983333333333333,6
2021-06-21 15:15:00,2021-06-21 18:45:00,3.75,3.5,4.013333333333334,15
2021-06-21 22:15:00,2021-06-22 03:00:00,5.0,5.8,6.404999999999999,22
2021-06-22 16:15:00,2021-06-22 21:00:00,5.0,4.2,5.24,16
2021-06-23 07:45:00,2021-06-23 08:00:00,0.5,4.0,4.35,7
2021-06-23 10:00:00,2021-06-23 11:45:00,2.0,3.3,3.725,10
2021-06-23 17:30:00,2021-06-23 21:00:00,3.75,3.5,4.173333333333334,17
2021-06-24 00:45:00,2021-06-24 01:00:00,0.5,2.5,2.75,0
2021-06-24 09:00:00,2021-06-24 11:45:00,3.0,4.0,4.7250000000000005,9
2021-08-13 10:15:00,2021-08-13 11:30:00,1.5,4.6,4.766666666666667,10
2021-08-13 13:00:00,2021-08-13 14:00:00,1.25,5.4,6.0200000000000005,13
2021-08-13 16:15:00,2021-08-13 22:30:00,6.5,5.4,6.911538461538461,16
2021-08-14 00:30:00,2021-08-14 01:15:00,1.0,5.4,5.674999999999999,0
2021-08-14 04:45:00,2021-08-14 07:15:00,2.75,4.3,4.736363636363637,4
2021-08-14 09:30:00,2021-08-14 23:30:00,14.25,4.3,5.726315789473684,9
2021-08-15 04:45:00,2021-08-15 07:00:00,2.5,3.5,4.359999999999999,4
2021-08-15 13:15:00,2021-08-15 17:00:00,4.0,5.5,5.9625,13
2021-08-15 19:00:00,2021-08-15 20:30:00,1.75,6.3,6.457142857142856,19
2021-08-16 03:45:00,2021-08-16 04:30:00,1.0,5.4,5.525,3
2021-08-16 06:15:00,2021-08-16 10:15:00,4.25,4.1,4.770588235294118,6
2021-08-16 16:30:00,2021-08-16 17:15:00,1.0,5.7,5.8500000000000005,16
2021-08-17 05:45:00,2021-08-17 06:45:00,1.25,3.6,4.42,5
2021-08-17 08:15:00,2021-08-17 10:30:00,2.5,3.3,3.5599999999999996,8
2021-08-17 17:30:00,2021-08-17 19:45:00,2.5,5.4,5.709999999999999,17
2021-08-18 05:00:00,2021-08-18 07:45:00,3.0,3.8,4.283333333333333,5
2021-08-18 16:45:00,2021-08-18 18:00:00,1.5,5.3,5.466666666666668,16
2021-08-18 19:30:00,2021-08-18 21:45:00,2.5,4.9,5.2,19
2021-08-19 07:15:00,2021-08-19 12:00:00,5.0,4.2,4.764999999999999,7
2021-08-19 17:45:00,2021-08-19 19:45:00,2.25,5.6,5.933333333333334,17
2021-08-19 21:15:00,2021-08-19 23:00:00,2.0,4.9,5.1625,21
2021-08-20 09:00:00,2021-08-20 10:45:00,2.0,4.6,4.875,9
2021-08-20 12:45:00,2021-08-20 13:30:00,1.0,4.9,5.1,12
2021-08-20 21:00:00,2021-08-20 21:45:00,1.0,4.2,4.525,21
2021-08-21 11:30:00,2021-08-21 11:45:00,0.5,4.9,5.0,11
2021-08-21 22:30:00,2021-08-21 23:00:00,0.75,4.9,5.066666666666667,22
2021-08-22 01:15:00,2021-08-22 03:00:00,2.0,4.5,4.6875,1
2021-08-22 11:00:00,2021-08-22 12:15:00,1.5,5.6,6.083333333333333,11
2021-08-22 14:15:00,2021-08-22 14:45:00,0.75,6.4,6.5,14
2021-08-22 20:15:00,2021-08-22 20:45:00,0.75,6.1,6.233333333333333,20
2021-08-22 22:45:00,2021-08-23 02:15:00,3.75,4.7,5.333333333333333,22
2021-08-23 04:30:00,2021-08-23 06:30:00,2.25,4.4,4.622222222222223,4
2021-08-23 11:45:00,2021-08-23 13:45:00,2.25,5.5,6.322222222222222,11
2021-08-23 15:15:00,2021-08-24 08:15:00,17.25,3.4,4.552173913043479,15
2021-08-24 13:00:00,2021-08-24 14:00:00,1.25,5.1,5.32,13
2021-08-24 16:00:00,2021-08-25 07:30:00,15.75,4.0,5.219047619047619,16
2021-08-25 13:30:00,2021-08-25 18:00:00,4.75,5.9,6.8315789473684205,13
2021-08-25 19:45:00,2021-08-25 21:00:00,1.5,4.7,5.366666666666667,19
2021-08-26 02:00:00,2021-08-26 05:15:00,3.5,3.5,4.557142857142858,2
2021-08-26 07:15:00,2021-08-26 08:45:00,1.75,3.8,4.128571428571429,7
2021-08-26 14:00:00,2021-08-27 00:15:00,10.5,5.7,6.702380952380953,14
2021-08-27 05:00:00,2021-08-27 06:45:00,2.0,4.3,4.75,5
2021-08-27 08:30:00,2021-08-27 09:15:00,1.0,4.5,4.6499999999999995,8
2021-08-27 10:45:00,2021-08-27 11:00:00,0.5,4.4,4.6,10
2021-08-27 15:30:00,2021-08-27 21:00:00,5.75,3.9,4.852173913043478,15
2021-08-28 02:00:00,2021-08-28 02:15:00,0.5,4.3,4.4,2
2021-08-28 05:00:00,2021-08-28 07:00:00,2.25,3.4,4.022222222222222,5
2021-08-28 09:00:00,2021-08-28 12:45:00,4.0,3.3,3.55625,9
2021-08-28 18:45:00,2021-08-28 19:15:00,0.75,5.8,6.433333333333334,18
2021-08-29 08:00:00,2021-08-29 10:15:00,2.5,4.7,5.32,8
2021-08-29 14:00:00,2021-08-29 17:15:00,3.5,4.2,4.635714285714286,14
2021-08-29 19:45:00,2021-08-29 20:15:00,0.75,5.5,5.633333333333333,19
2021-08-29 22:15:00,2021-08-29 22:30:00,0.5,5.8,5.9,22
2021-08-30 02:00:00,2021-08-30 09:30:00,7.75,4.4,5.716129032258065,2
2021-08-30 12:45:00,2021-08-30 15:00:00,2.5,3.7,4.22,12
2021-08-30 23:15:00,2021-08-31 00:15:00,1.25,3.4,3.56,23
2021-08-31 03:15:00,2021-08-31 04:15:00,1.25,3.5,3.7400000000000007,3
2021-08-31 08:45:00,2021-08-31 09:30:00,1.0,2.7,2.875,8
2021-09-01 09:45:00,2021-09-01 11:30:00,2.0,2.8,2.925,9
2021-09-02 08:00:00,2021-09-02 10:15:00,2.5,2.8,2.9699999999999998,8
2021-09-02 14:45:00,2021-09-02 16:15:00,1.75,3.8,4.085714285714285,14
2021-09-02 19:15:00,2021-09-02 19:30:00,0.5,3.2,3.3,19
2021-09-03 07:00:00,2021-09-03 07:15:00,0.5,3.1,3.5,7
2021-09-03 14:45:00,2021-09-03 16:45:00,2.25,3.9,4.233333333333333,14
2021-09-04 06:00:00,2021-09-04 09:45:00,4.0,3.2,3.7125,6
2021-09-04 16:00:00,2021-09-04 18:15:00,2.5,3.5,4.03,16
2021-09-05 08:30:00,2021-09-05 10:15:00,2.0,3.5,4.45,8
2021-09-05 16:15:00,2021-09-05 17:45:00,1.75,3.8,4.457142857142857,16
2021-09-05 20:00:00,2021-09-05 21:00:00,1.25,3.3,3.4199999999999995,20
2021-09-06 13:00:00,2021-09-06 13:30:00,0.75,4.2,4.466666666666667,13
2021-09-06 15:15:00,2021-09-06 16:45:00,1.75,4.0,4.285714285714286,15
2021-09-07 12:00:00,2021-09-07 12:30:00,0.75,4.3,4.5,12
2021-09-07 14:45:00,2021-09-07 15:45:00,1.25,4.8,5.0200000000000005,14
2021-09-07 17:45:00,2021-09-07 18:45:00,1.25,3.6,3.96,17
2021-09-08 07:45:00,2021-09-08 15:30:00,8.0,2.1,3.240625,7
2021-09-08 17:15:00,2021-09-08 18:45:00,1.75,3.0,3.6,17
2021-09-08 22:00:00,2021-09-08 22:45:00,1.0,3.0,3.075,22
2021-09-09 02:00:00,2021-09-09 02:45:00,1.0,2.3,2.625,2
2021-09-09 08:15:00,2021-09-09 09:45:00,1.75,2.2,2.542857142857143,8
2021-09-09 12:45:00,2021-09-09 14:30:00,2.0,2.1,2.4625000000000004,12
2021-09-09 16:00:00,2021-09-09 19:30:00,3.75,1.7,3.6799999999999997,16
2021-09-09 21:00:00,2021-09-09 23:00:00,2.25,2.1,2.5666666666666664,21
2021-09-10 01:00:00,2021-09-10 04:00:00,3.25,1.4,2.1923076923076925,1
2021-09-10 08:00:00,2021-09-10 08:30:00,0.75,1.9,2.6,8
2021-09-10 14:30:00,2021-09-10 17:30:00,3.25,3.9,4.846153846153846,14
2021-09-10 20:30:00,2021-09-11 05:00:00,8.75,3.7,4.974285714285713,20
2021-09-11 08:00:00,2021-09-11 09:30:00,1.75,3.0,3.3857142857142857,8
2021-09-11 12:15:00,2021-09-11 21:30:00,9.5,4.0,6.363157894736842,12
2021-09-12 02:15:00,2021-09-12 07:45:00,5.75,3.3,4.430434782608695,2
2021-09-12 10:30:00,2021-09-12 10:45:00,0.5,3.9,4.45,10
2021-09-12 12:15:00,2021-09-12 20:45:00,8.75,4.2,6.085714285714286,12
2021-09-13 02:45:00,2021-09-13 09:15:00,6.75,3.0,4.388888888888889,2
2021-09-13 11:00:00,2021-09-13 15:00:00,4.25,4.0,5.23529411764706,11
2021-09-13 16:45:00,2021-09-13 22:00:00,5.5,3.9,5.640909090909091,16
2021-09-14 05:15:00,2021-09-14 09:30:00,4.5,3.3,4.683333333333334,5
2021-09-14 13:00:00,2021-09-14 20:30:00,7.75,3.5,4.29032258064516,13
2021-09-15 09:30:00,2021-09-15 13:00:00,3.75,3.9,4.580000000000001,9
2021-09-15 17:30:00,2021-09-15 18:30:00,1.25,4.0,4.26,17
2021-09-16 06:00:00,2021-09-16 06:15:00,0.5,5.1,5.25,6
2021-09-16 07:45:00,2021-09-16 08:45:00,1.25,4.7,4.88,7
2021-09-17 09:15:00,2021-09-17 12:30:00,3.5,3.4,4.4,9
2021-09-18 00:45:00,2021-09-18 02:00:00,1.5,3.1,3.266666666666666,0
2021-09-18 05:30:00,2021-09-18 06:30:00,1.25,3.4,3.56,5
2021-09-18 09:30:00,2021-09-18 12:00:00,2.75,3.5,3.918181818181819,9
2021-09-18 15:30:00,2021-09-18 17:00:00,1.75,3.5,3.8,15
2021-09-18 22:00:00,2021-09-18 23:15:00,1.5,3.1,3.266666666666667,22
2021-09-19 10:30:00,2021-09-19 11:45:00,1.5,3.8,4.4333333333333345,10
2021-09-19 13:15:00,2021-09-19 13:45:00,0.75,3.8,4.033333333333334,13
2021-09-19 16:45:00,2021-09-19 18:00:00,1.5,3.5,3.8833333333333333,16
2021-09-20 08:45:00,2021-09-20 10:15:00,1.75,3.5,3.814285714285714,8
2021-09-20 12:15:00,2021-09-20 12:30:00,0.5,3.5,3.6,12
2021-09-20 14:00:00,2021-09-20 19:00:00,5.25,3.6,4.576190476190475,14
2021-09-21 11:45:00,2021-09-21 19:15:00,7.75,2.5,3.8967741935483864,11
2021-09-21 21:00:00,2021-09-21 23:15:00,2.5,3.6,3.8600000000000003,21
2021-09-22 03:00:00,2021-09-22 03:15:00,0.5,3.4,3.5,3
2021-09-22 16:00:00,2021-09-22 20:30:00,4.75,2.9,3.836842105263158,16
2021-09-22 22:00:00,2021-09-23 07:00:00,9.25,2.0,3.2189189189189182,22
2021-09-23 08:30:00,2021-09-23 08:45:00,0.5,2.4,2.5999999999999996,8
2021-09-23 12:30:00,2021-09-23 15:15:00,3.0,4.4,4.733333333333333,12
2021-09-23 16:45:00,2021-09-24 00:30:00,8.0,3.3,4.221875000000001,16
2021-09-24 02:15:00,2021-09-24 03:00:00,1.0,3.2,3.45,2
2021-09-24 06:30:00,2021-09-24 09:45:00,3.5,3.0,3.6,6
2021-09-24 11:15:00,2021-09-24 13:15:00,2.25,3.4,3.855555555555555,11
2021-09-24 14:45:00,2021-09-24 16:00:00,1.5,3.9,4.483333333333333,14
2021-09-24 19:45:00,2021-09-24 21:30:00,2.0,6.1,6.550000000000001,19
2021-09-24 23:45:00,2021-09-25 04:30:00,5.0,4.7,5.98,23
2021-09-25 11:30:00,2021-09-25 14:00:00,2.75,4.1,4.645454545454546,11
2021-09-25 16:15:00,2021-09-25 18:45:00,2.75,5.5,6.018181818181817,16
2021-09-25 21:00:00,2021-09-25 22:45:00,2.0,5.0,6.0125,21
2021-09-26 00:45:00,2021-09-26 05:45:00,5.25,4.9,5.514285714285714,0
2021-09-26 09:30:00,2021-09-26 10:15:00,1.0,4.0,4.175,9
2021-09-26 14:45:00,2021-09-26 15:30:00,1.0,5.8,6.125,14
2021-09-26 20:00:00,2021-09-26 21:45:00,2.0,6.1,6.5125,20
2021-09-27 02:30:00,2021-09-27 06:30:00,4.25,4.3,5.188235294117647,2
2021-09-27 10:15:00,2021-09-27 12:00:00,2.0,4.6,5.012499999999999,10
2021-09-27 16:00:00,2021-09-27 19:00:00,3.25,6.9,7.2846153846153845,16
2021-09-27 20:30:00,2021-09-27 22:15:00,2.0,5.5,6.2,20
2021-09-28 02:30:00,2021-09-28 07:15:00,5.0,4.2,5.235,2
2021-09-28 15:15:00,2021-09-28 19:15:00,4.25,4.7,4.994117647058823,15
2021-09-28 21:00:00,2021-09-28 21:45:00,1.0,4.7,5.125,21
2021-09-29 04:00:00,2021-09-29 07:45:00,4.0,3.3,4.3999999999999995,4
2021-09-29 09:15:00,2021-09-29 11:30:00,2.5,3.1,3.9799999999999995,9
2021-09-29 13:45:00,2021-09-29 18:15:00,4.75,4.5,4.973684210526316,13
2021-09-29 19:45:00,2021-09-30 00:00:00,4.5,4.1,4.861111111111111,19
2021-09-30 05:45:00,2021-09-30 09:45:00,4.25,3.4,4.705882352941177,5
2021-09-30 15:45:00,2021-09-30 21:00:00,5.5,4.1,4.481818181818182,15
2021-10-01 08:15:00,2021-10-01 10:45:00,2.75,4.1,4.709090909090909,8
2021-10-01 15:00:00,2021-10-01 17:15:00,2.5,5.1,5.41,15
2021-10-01 20:15:00,2021-10-01 21:15:00,1.25,5.4,5.54,20
2021-10-01 23:45:00,2021-10-02 00:45:00,1.25,5.3,5.48,23
2021-10-02 10:30:00,2021-10-02 12:30:00,2.25,4.8,5.444444444444445,10
2021-10-02 21:30:00,2021-10-02 23:30:00,2.25,5.0,5.455555555555556,21
2021-10-03 01:45:00,2021-10-03 02:15:00,0.75,4.7,4.833333333333333,1
2021-10-03 10:30:00,2021-10-03 14:45:00,4.5,4.0,4.9222222222222225,10
2021-10-03 18:00:00,2021-10-03 20:00:00,2.25,4.4,4.844444444444445,18
2021-10-03 22:00:00,2021-10-03 22:30:00,0.75,4.4,4.633333333333334,22
2021-10-04 09:00:00,2021-10-04 10:15:00,1.5,4.4,4.716666666666666,9
2021-10-04 11:45:00,2021-10-04 13:00:00,1.5,4.0,4.583333333333333,11
2021-10-04 17:45:00,2021-10-04 20:15:00,2.75,3.8,4.054545454545455,17
2021-10-04 21:45:00,2021-10-05 00:45:00,3.25,3.7,3.8615384615384616,21
2021-10-05 02:45:00,2021-10-05 05:00:00,2.5,3.3,3.6199999999999997,2
2021-10-05 15:45:00,2021-10-05 17:15:00,1.75,4.0,4.414285714285714,15
2021-10-05 20:00:00,2021-10-05 21:30:00,1.75,3.8,4.114285714285715,20
2021-10-05 23:00:00,2021-10-06 03:00:00,4.25,3.3,3.729411764705882,23
2021-10-06 06:00:00,2021-10-06 06:15:00,0.5,2.9,3.0,6
2021-10-06 11:00:00,2021-10-06 12:00:00,1.25,3.4,3.56,11
2021-10-06 14:00:00,2021-10-06 15:15:00,1.5,3.8,4.25,14
2021-10-06 18:00:00,2021-10-06 18:45:00,1.0,3.5,3.8,18
2021-10-06 22:45:00,2021-10-07 01:30:00,3.0,3.8,4.516666666666667,22
2021-10-07 06:45:00,2021-10-07 07:00:00,0.5,2.9,3.0,6
2021-10-07 11:15:00,2021-10-07 11:30:00,0.5,2.5,2.6,11
2021-10-07 14:30:00,2021-10-07 18:15:00,4.0,3.2,4.54375,14
2021-10-07 23:15:00,2021-10-08 03:00:00,4.0,3.3,4.45,23
2021-10-08 10:45:00,2021-10-08 11:00:00,0.5,3.3,3.45,10
2021-10-08 14:15:00,2021-10-08 17:00:00,3.0,3.6,4.058333333333333,14
2021-10-08 20:15:00,2021-10-08 21:00:00,1.0,5.8,6.275,20
2021-10-09 02:00:00,2021-10-09 04:15:00,2.5,3.4,4.709999999999999,2
2021-10-09 09:15:00,2021-10-09 09:45:00,0.75,3.5,3.6333333333333333,9
2021-10-09 11:15:00,2021-10-09 12:15:00,1.25,3.5,3.7,11
2021-10-09 14:00:00,2021-10-09 16:15:00,2.5,4.8,5.45,14
2021-10-09 18:30:00,2021-10-09 18:45:00,0.5,4.6,4.75,18
2021-10-10 01:30:00,2021-10-10 05:15:00,4.0,3.5,4.8625,1
2021-10-10 11:15:00,2021-10-10 17:30:00,6.5,4.1,5.196153846153846,11
2021-10-11 03:30:00,2021-10-11 07:15:00,4.0,3.4,4.699999999999999,3
2021-10-11 13:15:00,2021-10-11 18:15:00,5.25,5.2,6.0285714285714285,13
2021-10-12 04:45:00,2021-10-12 05:30:00,1.0,4.1,4.574999999999999,4
2021-10-12 16:00:00,2021-10-12 16:45:00,1.0,5.5,5.725,16
2021-10-12 18:30:00,2021-10-12 19:15:00,1.0,5.9,6.1,18
2021-10-13 03:30:00,2021-10-13 08:45:00,5.5,3.7,4.827272727272727,3
2021-10-13 16:00:00,2021-10-13 17:00:00,1.25,5.2,5.48,16
2021-10-13 18:45:00,2021-10-13 19:00:00,0.5,5.6,5.75,18
2021-10-14 05:15:00,2021-10-14 10:15:00,5.25,4.0,5.061904761904762,5
2021-10-14 16:45:00,2021-10-14 20:45:00,4.25,5.3,5.688235294117647,16
2021-10-15 07:30:00,2021-10-15 10:15:00,3.0,4.0,4.566666666666666,7
2021-10-15 18:15:00,2021-10-15 20:30:00,2.5,4.9,5.24,18
2021-10-16 05:15:00,2021-10-16 11:30:00,6.5,3.6,4.365384615384615,5
2021-10-16 18:45:00,2021-10-16 22:45:00,4.25,5.5,6.135294117647059,18
2021-10-17 00:30:00,2021-10-17 01:45:00,1.5,5.3,5.683333333333334,0
2021-10-17 05:00:00,2021-10-17 06:00:00,1.25,5.8,6.04,5
2021-10-17 07:45:00,2021-10-17 08:15:00,0.75,5.8,5.933333333333334,7
2021-10-17 17:30:00,2021-10-17 21:00:00,3.75,6.5,6.973333333333333,17
2021-10-18 00:30:00,2021-10-18 04:00:00,3.75,5.6,5.959999999999999,0
2021-10-18 07:00:00,2021-10-18 08:45:00,2.0,5.6,5.7875,7
2021-10-18 11:45:00,2021-10-18 13:15:00,1.75,6.5,6.828571428571429,11
2021-10-18 14:45:00,2021-10-18 16:45:00,2.25,6.6,7.555555555555554,14
2021-10-18 19:15:00,2021-10-19 03:30:00,8.5,5.4,6.426470588235294,19
2021-10-19 05:00:00,2021-10-19 05:30:00,0.75,5.1,5.2,5
2021-10-19 07:00:00,2021-10-19 07:45:00,1.0,5.0,5.3,7
2021-10-19 18:00:00,2021-10-19 18:45:00,1.0,7.4,7.5,18
2021-10-20 01:15:00,2021-10-20 04:30:00,3.5,4.9,6.485714285714286,1
2021-10-20 06:15:00,2021-10-20 06:45:00,0.75,4.6,4.766666666666667,6
2021-10-20 22:45:00,2021-10-20 23:15:00,0.75,6.6,6.733333333333334,22
2021-10-21 01:00:00,2021-10-21 04:30:00,3.75,3.7,4.8933333333333335,1
2021-10-21 08:45:00,2021-10-21 10:30:00,2.0,3.8,4.125,8
2021-10-21 13:00:00,2021-10-21 15:45:00,3.0,5.0,5.516666666666668,13
2021-10-21 23:45:00,2021-10-22 03:15:00,3.75,3.7,4.679999999999999,23
2021-10-22 09:45:00,2021-10-22 11:45:00,2.25,4.0,4.622222222222223,9
2021-10-22 14:30:00,2021-10-22 16:15:00,2.0,5.1,5.5,14
2021-10-22 23:00:00,2021-10-23 03:45:00,5.0,3.8,4.975,23
2021-10-23 08:30:00,2021-10-23 09:00:00,0.75,4.1,4.2,8
2021-10-23 10:45:00,2021-10-23 16:30:00,6.0,4.5,5.6625000000000005,10
2021-10-24 00:00:00,2021-10-24 05:30:00,5.75,4.1,5.673913043478261,0
2021-10-24 15:00:00,2021-10-24 16:15:00,1.5,5.5,5.666666666666667,15
2021-10-25 01:15:00,2021-10-25 07:00:00,6.0,3.6,5.191666666666667,1
2021-10-25 10:15:00,2021-10-25 13:15:00,3.25,3.5,4.869230769230769,10
2021-10-25 16:00:00,2021-10-25 16:30:00,0.75,6.4,6.5,16
2021-10-26 00:15:00,2021-10-26 04:00:00,4.0,4.5,5.8,0
2021-10-26 13:30:00,2021-10-26 16:15:00,3.0,5.7,6.341666666666666,13
2021-10-27 01:30:00,2021-10-27 02:15:00,1.0,7.0,7.15,1
2021-10-27 04:00:00,2021-10-27 05:45:00,2.0,4.9,5.875,4
2021-10-27 11:00:00,2021-10-27 13:45:00,3.0,5.3,5.550000000000001,11
2021-10-28 01:45:00,2021-10-28 09:00:00,7.5,4.0,5.203333333333332,1
2021-10-30 02:45:00,2021-10-30 05:30:00,3.0,7.3,7.491666666666667,2
2021-10-30 18:00:00,2021-10-30 22:15:00,4.5,7.4,8.011111111111113,18
2021-10-31 00:00:00,2021-10-31 00:15:00,0.5,7.8,7.9,0
2021-10-31 02:00:00,2021-10-31 06:15:00,4.5,7.0,7.422222222222223,2
2021-10-31 20:45:00,2021-10-31 21:30:00,1.0,8.2,8.375,20
2021-11-01 00:30:00,2021-11-01 11:45:00,11.5,7.3,7.817391304347825,0
2021-11-01 18:30:00,2021-11-02 00:45:00,6.5,7.8,8.242307692307692,18
2021-11-02 02:15:00,2021-11-02 10:45:00,8.75,6.5,7.131428571428572,2
2021-11-02 16:45:00,2021-11-02 18:00:00,1.5,8.0,8.433333333333334,16
2021-11-02 19:45:00,2021-11-02 23:00:00,3.5,7.0,7.614285714285714,19
2021-11-03 00:30:00,2021-11-03 03:15:00,3.0,6.5,7.400000000000001,0
2021-11-03 06:00:00,2021-11-03 09:00:00,3.25,6.3,6.561538461538461,6
2021-11-03 13:45:00,2021-11-03 16:30:00,3.0,7.8,8.058333333333334,13
2021-11-03 19:15:00,2021-11-04 03:30:00,8.5,6.3,7.211764705882353,19
2021-11-04 06:30:00,2021-11-04 07:45:00,1.5,5.8,5.95,6
2021-11-04 14:00:00,2021-11-04 15:45:00,2.0,7.0,7.3375,14
2021-11-04 23:00:00,2021-11-05 08:00:00,9.25,5.4,6.443243243243243,23
2021-11-05 21:45:00,2021-11-06 02:00:00,4.5,6.1,6.955555555555555,21
2021-11-06 03:30:00,2021-11-06 04:30:00,1.25,5.4,5.540000000000001,3
2021-11-06 08:30:00,2021-11-06 10:45:00,2.5,6.2,6.62,8
2021-11-06 14:00:00,2021-11-06 15:15:00,1.5,7.3,7.516666666666667,14
2021-11-06 22:45:00,2021-11-07 03:30:00,5.0,6.2,7.1049999999999995,22
2021-11-07 23:45:00,2021-11-08 04:45:00,5.25,6.1,7.676190476190476,23
2021-11-08 07:15:00,2021-11-08 10:15:00,3.25,6.0,6.438461538461539,7
2021-11-08 12:15:00,2021-11-08 12:45:00,0.75,6.5,6.7,12
2021-11-08 14:15:00,2021-11-08 16:15:00,2.25,6.9,7.388888888888889,14
2021-11-08 23:45:00,2021-11-09 06:00:00,6.5,5.9,7.076923076923078,23
2021-11-09 15:45:00,2021-11-09 18:00:00,2.5,7.3,7.649999999999999,15
2021-11-10 01:45:00,2021-11-10 06:30:00,5.0,5.6,6.625,1
2021-11-10 11:00:00,2021-11-10 11:45:00,1.0,6.6,6.875,11
2021-11-10 13:30:00,2021-11-10 14:00:00,0.75,6.8,7.033333333333334,13
2021-11-11 02:15:00,2021-11-11 09:45:00,7.75,5.5,6.800000000000001,2
2021-11-11 11:30:00,2021-11-11 13:45:00,2.5,5.8,6.220000000000001,11
2021-11-12 04:30:00,2021-11-12 07:30:00,3.25,5.7,6.423076923076924,4
2021-11-12 09:30:00,2021-11-12 14:00:00,4.75,5.4,6.021052631578947,9
2021-11-12 16:00:00,2021-11-12 17:15:00,1.5,5.8,6.133333333333333,16
2021-11-12 18:45:00,2021-11-12 19:45:00,1.25,6.5,6.62,18
2021-11-13 01:30:00,2021-11-13 07:15:00,6.0,5.2,5.8999999999999995,1
2021-11-13 13:30:00,2021-11-14 09:15:00,20.0,5.5,6.74,13
2021-11-14 11:00:00,2021-11-15 01:00:00,14.25,5.5,7.271929824561403,11
2021-11-15 02:45:00,2021-11-15 08:30:00,6.0,5.0,6.2749999999999995,2
2021-11-15 10:15:00,2021-11-15 11:00:00,1.0,5.9,6.449999999999999,10
2021-11-15 13:00:00,2021-11-15 14:30:00,1.75,7.0,7.442857142857143,13
2021-11-15 17:30:00,2021-11-15 19:45:00,2.5,6.2,6.92,17
2021-11-15 21:15:00,2021-11-16 00:00:00,3.0,5.6,6.3166666666666655,21
2021-11-16 02:00:00,2021-11-16 06:45:00,5.0,5.2,6.335,2
2021-11-16 09:00:00,2021-11-16 09:30:00,0.75,5.9,6.233333333333334,9
2021-11-16 11:15:00,2021-11-16 13:00:00,2.0,6.5,6.737500000000001,11
2021-11-16 14:30:00,2021-11-16 15:45:00,1.5,6.7,7.316666666666666,14
2021-11-16 21:00:00,2021-11-17 07:45:00,11.0,4.7,6.027272727272727,21
2021-11-17 09:45:00,2021-11-17 11:15:00,1.75,5.1,5.885714285714286,9
2021-11-17 17:00:00,2021-11-17 17:45:00,1.0,7.2,7.425,17
2021-11-17 21:15:00,2021-11-18 06:00:00,9.0,3.5,5.741666666666667,21
2021-11-18 08:15:00,2021-11-18 09:00:00,1.0,5.0,5.300000000000001,8
2021-11-18 20:30:00,2021-11-19 02:45:00,6.5,4.6,5.6,20
2021-11-20 00:00:00,2021-11-20 03:00:00,3.25,6.9,7.6923076923076925,0
2021-11-20 23:45:00,2021-11-21 03:30:00,4.0,6.9,8.1125,23
2021-11-22 00:30:00,2021-11-22 03:15:00,3.0,6.6,7.708333333333332,0
2021-11-23 00:30:00,2021-11-23 02:30:00,2.25,6.6,7.033333333333334,0
2021-11-24 02:30:00,2021-11-24 05:30:00,3.25,7.2,7.861538461538463,2
2021-11-25 04:00:00,2021-11-25 05:15:00,1.5,7.4,7.75,4
2021-11-26 04:15:00,2021-11-26 06:30:00,2.5,6.5,7.110000000000001,4
2021-11-26 11:00:00,2021-11-26 11:30:00,0.75,7.2,7.333333333333333,11
2021-11-27 23:30:00,2021-11-28 02:00:00,2.75,7.9,8.218181818181817,23
2021-11-28 04:45:00,2021-11-28 05:30:00,1.0,7.3,7.55,4
2021-11-28 07:30:00,2021-11-28 08:45:00,1.5,6.9,7.183333333333334,7
2021-11-28 17:15:00,2021-11-28 21:00:00,4.0,7.5,7.71875,17
2021-11-29 02:30:00,2021-11-29 03:30:00,1.25,7.0,7.220000000000001,2
2021-11-30 01:45:00,2021-11-30 02:45:00,1.25,7.5,7.58,1
2021-11-30 06:15:00,2021-11-30 06:30:00,0.5,7.1,7.199999999999999,6
2021-12-01 22:45:00,2021-12-02 00:45:00,2.25,6.9,7.533333333333333,22
2021-12-02 07:45:00,2021-12-02 08:30:00,1.0,6.4,6.525,7
2021-12-02 21:30:00,2021-12-03 00:30:00,3.25,6.8,7.6692307692307695,21
2021-12-03 07:00:00,2021-12-03 07:15:00,0.5,5.9,6.0,7
2021-12-03 23:00:00,2021-12-04 01:45:00,3.0,6.5,7.400000000000001,23
2021-12-04 23:00:00,2021-12-05 02:00:00,3.25,6.6,7.4923076923076914,23
2021-12-06 00:30:00,2021-12-06 05:00:00,4.75,5.7,6.826315789473684,0
2021-12-07 03:15:00,2021-12-07 05:45:00,2.75,5.1,5.672727272727273,3
2021-12-08 02:15:00,2021-12-08 05:15:00,3.25,5.8,6.446153846153846,2
2021-12-09 05:00:00,2021-12-09 06:45:00,2.0,6.2,6.6375,5
2021-12-09 14:15:00,2021-12-09 15:15:00,1.25,6.7,6.9,14
2021-12-10 04:15:00,2021-12-10 10:30:00,6.5,5.1,6.026923076923078,4
2021-12-10 12:00:00,2021-12-10 12:45:00,1.0,6.0,6.2749999999999995,12
2021-12-10 14:15:00,2021-12-10 14:45:00,0.75,7.3,7.366666666666667,14
2021-12-11 06:30:00,2021-12-11 09:00:00,2.75,6.3,6.645454545454545,6
2021-12-11 15:45:00,2021-12-11 18:00:00,2.5,5.8,6.069999999999999,15
2021-12-11 19:30:00,2021-12-11 20:00:00,0.75,5.7,6.033333333333334,19
2021-12-12 17:30:00,2021-12-12 18:30:00,1.25,7.5,7.640000000000001,17
2021-12-13 08:00:00,2021-12-13 12:30:00,4.75,6.2,6.847368421052631,8
2021-12-13 16:45:00,2021-12-13 17:15:00,0.75,7.8,8.033333333333333,16
2021-12-13 20:15:00,2021-12-13 21:30:00,1.5,7.0,7.466666666666668,20
2021-12-14 04:30:00,2021-12-14 08:00:00,3.75,6.1,6.306666666666667,4
2022-01-25 01:15:00,2022-01-25 04:15:00,3.25,9.5,9.646153846153847,1
2022-01-25 14:30:00,2022-01-25 16:00:00,1.75,9.1,9.514285714285714,14
2022-01-25 17:45:00,2022-01-25 23:30:00,6.0,8.9,9.304166666666667,17
2022-01-26 01:00:00,2022-01-26 01:45:00,1.0,8.8,8.875,1
2022-01-26 03:30:00,2022-01-26 06:15:00,3.0,7.9,8.291666666666668,3
2022-01-27 04:15:00,2022-01-27 04:45:00,0.75,8.0,8.2,4
2022-01-27 21:30:00,2022-01-27 22:30:00,1.25,8.6,8.900000000000002,21
2022-01-31 03:15:00,2022-01-31 04:00:00,1.0,8.8,8.950000000000001,3
2022-01-31 23:45:00,2022-02-01 04:00:00,4.5,8.5,9.755555555555556,23
2022-02-02 03:45:00,2022-02-02 06:15:00,2.75,7.4,7.827272727272727,3
2022-02-03 03:45:00,2022-02-03 06:15:00,2.75,5.5,6.29090909090909,3
2022-02-03 12:30:00,2022-02-03 12:45:00,0.5,6.9,7.0,12
2022-02-04 00:00:00,2022-02-04 02:45:00,3.0,5.9,6.675,0
2022-02-04 08:30:00,2022-02-04 09:15:00,1.0,5.6,6.074999999999999,8
2022-02-04 15:00:00,2022-02-04 16:45:00,2.0,7.1,7.4125,15
2022-02-04 22:45:00,2022-02-04 23:30:00,1.0,7.1,7.275,22
2022-02-05 01:45:00,2022-02-05 03:00:00,1.5,7.0,7.483333333333333,1
2022-02-05 04:45:00,2022-02-05 05:30:00,1.0,7.1,7.575,4
2022-02-05 09:00:00,2022-02-05 11:00:00,2.25,7.2,7.8999999999999995,9
2022-02-05 13:30:00,2022-02-05 14:45:00,1.5,8.5,8.733333333333334,13
2022-02-05 16:30:00,2022-02-05 18:15:00,2.0,8.6,8.899999999999999,16
2022-02-05 20:30:00,2022-02-05 21:15:00,1.0,8.5,8.649999999999999,20
2022-02-05 23:00:00,2022-02-06 02:30:00,3.75,8.6,8.920000000000003,23
2022-02-06 05:30:00,2022-02-06 06:30:00,1.25,8.9,9.139999999999999,5
2022-02-06 11:45:00,2022-02-06 12:15:00,0.75,10.0,10.1,11
2022-02-06 15:30:00,2022-02-06 16:30:00,1.25,10.6,10.76,15
2022-02-06 18:45:00,2022-02-06 19:00:00,0.5,10.2,10.3,18
2022-02-07 00:00:00,2022-02-07 00:45:00,1.0,9.7,10.149999999999999,0
2022-02-07 02:45:00,2022-02-07 10:15:00,7.75,9.0,9.474193548387099,2
2022-02-07 14:45:00,2022-02-07 15:30:00,1.0,9.5,9.6,14
2022-02-07 17:00:00,2022-02-07 17:30:00,0.75,9.6,9.766666666666667,17
2022-02-07 19:00:00,2022-02-08 05:30:00,10.75,8.1,8.890697674418606,19
2022-02-09 06:30:00,2022-02-09 10:00:00,3.75,8.6,8.9,6
2022-02-09 22:15:00,2022-02-10 00:15:00,2.25,9.4,9.844444444444445,22
2022-02-10 06:15:00,2022-02-10 07:30:00,1.5,8.2,8.6,6
2022-02-10 20:30:00,2022-02-10 21:45:00,1.5,9.4,9.516666666666667,20
2022-02-11 05:30:00,2022-02-11 09:00:00,3.75,7.5,7.9799999999999995,5
2022-02-11 10:45:00,2022-02-11 13:00:00,2.5,8.2,8.599999999999998,10
2022-02-11 22:15:00,2022-02-11 22:45:00,0.75,8.3,8.5,22
2022-02-12 06:45:00,2022-02-12 10:30:00,4.0,6.9,7.25,6
2022-02-12 19:45:00,2022-02-13 00:45:00,5.25,7.0,7.995238095238095,19
2022-02-14 20:45:00,2022-02-14 21:30:00,1.0,9.1,9.2,20
2022-02-15 11:30:00,2022-02-15 12:45:00,1.5,8.7,8.966666666666667,11
2022-02-16 01:00:00,2022-02-16 02:30:00,1.75,7.7,8.085714285714287,1
2022-02-16 05:15:00,2022-02-16 08:15:00,3.25,7.4,7.86153846153846,5
2022-02-17 02:30:00,2022-02-17 05:45:00,3.5,6.3,7.014285714285713,2
2022-02-18 00:45:00,2022-02-18 04:45:00,4.25,5.6,6.741176470588235,0
2022-02-19 07:15:00,2022-02-19 07:45:00,0.75,6.9,6.966666666666666,7
2022-02-19 17:15:00,2022-02-19 18:30:00,1.5,8.3,8.583333333333334,17
2022-02-19 23:45:00,2022-02-20 02:00:00,2.5,7.6,7.989999999999999,23
2022-02-20 03:30:00,2022-02-20 06:15:00,3.0,7.5,7.833333333333332,3
2022-02-22 01:00:00,2022-02-22 02:00:00,1.25,7.3,7.519999999999999,1
2022-02-23 02:15:00,2022-02-23 04:30:00,2.5,6.6,6.92,2
2022-02-23 06:00:00,2022-02-23 06:30:00,0.75,6.3,6.433333333333334,6
2022-02-23 18:15:00,2022-02-23 22:00:00,4.0,5.8,6.675,18
2022-02-24 04:00:00,2022-02-24 08:15:00,4.5,5.1,5.394444444444444,4
2022-02-24 15:30:00,2022-02-24 16:15:00,1.0,8.2,8.399999999999999,15
2022-02-24 18:30:00,2022-02-24 22:30:00,4.25,5.1,6.523529411764706,18
2022-02-26 19:30:00,2022-02-26 23:15:00,4.0,6.6,7.9125,19
2022-02-27 01:15:00,2022-02-27 01:45:00,0.75,6.1,6.3,1
2022-02-27 06:30:00,2022-02-27 07:30:00,1.25,6.0,6.14,6
2022-02-27 20:00:00,2022-02-27 23:30:00,3.75,6.8,7.513333333333332,20
2022-03-02 02:30:00,2022-03-02 04:00:00,1.75,7.5,7.785714285714286,2
2022-03-04 00:45:00,2022-03-04 01:45:00,1.25,7.7,7.94,0
2022-03-04 14:45:00,2022-03-04 15:15:00,0.75,8.6,8.666666666666666,14
2022-03-04 17:15:00,2022-03-04 17:45:00,0.75,8.5,8.566666666666666,17
2022-03-05 00:00:00,2022-03-05 02:15:00,2.5,7.5,7.8,0
2022-03-05 13:45:00,2022-03-05 14:45:00,1.25,8.3,8.58,13
2022-03-05 17:15:00,2022-03-06 03:00:00,10.0,6.6,7.542500000000001,17
2022-03-06 04:45:00,2022-03-06 07:15:00,2.75,6.5,6.854545454545454,4
2022-03-06 20:00:00,2022-03-06 21:00:00,1.25,7.0,7.339999999999999,20
2022-03-07 00:15:00,2022-03-07 06:45:00,6.75,6.3,6.677777777777777,0
2022-03-07 18:00:00,2022-03-07 18:45:00,1.0,7.3,7.5,18
2022-03-08 17:00:00,2022-03-08 19:30:00,2.75,6.4,7.154545454545455,17
2022-03-08 21:30:00,2022-03-08 23:45:00,2.5,6.1,6.34,21
2022-03-09 02:45:00,2022-03-09 03:45:00,1.25,5.8,5.96,2
2022-03-09 12:00:00,2022-03-09 13:00:00,1.25,6.4,6.540000000000001,12
2022-03-09 17:00:00,2022-03-09 17:30:00,0.75,6.6,6.766666666666666,17
2022-03-09 19:45:00,2022-03-09 20:15:00,0.75,6.4,6.533333333333334,19
2022-03-10 17:45:00,2022-03-10 23:00:00,5.5,6.2,7.7272727272727275,17
2022-03-11 04:00:00,2022-03-11 06:00:00,2.25,5.5,5.866666666666666,4
2022-03-11 07:30:00,2022-03-11 08:45:00,1.5,5.8,5.95,7
2022-03-11 16:45:00,2022-03-11 23:45:00,7.25,5.7,7.475862068965518,16
2022-03-12 21:15:00,2022-03-12 21:30:00,0.5,9.0,9.1,21
2022-03-13 19:15:00,2022-03-13 19:45:00,0.75,10.1,10.266666666666667,19
2022-03-13 21:45:00,2022-03-13 23:30:00,2.0,9.7,9.8625,21
2022-03-14 22:30:00,2022-03-15 03:30:00,5.25,7.1,8.509523809523808,22
2022-03-15 21:00:00,2022-03-16 04:00:00,7.25,6.9,8.124137931034484,21
2022-03-16 05:45:00,2022-03-16 07:30:00,2.0,6.6,7.0375,5
2022-03-17 00:15:00,2022-03-17 03:15:00,3.25,7.5,7.823076923076922,0
2022-03-17 07:15:00,2022-03-17 08:15:00,1.25,6.7,6.82,7
2022-03-18 01:45:00,2022-03-18 02:45:00,1.25,7.5,7.659999999999999,1
2022-03-18 04:15:00,2022-03-18 05:15:00,1.25,6.9,7.06,4
2022-03-19 02:00:00,2022-03-19 02:45:00,1.0,6.6,6.775,2
2022-03-19 13:15:00,2022-03-19 14:30:00,1.5,7.1,7.333333333333333,13
2022-03-19 17:30:00,2022-03-20 00:15:00,7.0,5.9,6.814285714285716,17
2022-03-20 05:00:00,2022-03-20 06:15:00,1.5,5.8,6.05,5
2022-03-20 17:00:00,2022-03-20 20:30:00,3.75,6.7,7.739999999999999,17
2022-03-20 22:00:00,2022-03-21 07:15:00,9.5,5.6,6.46578947368421,22
2022-03-21 20:30:00,2022-03-21 22:15:00,2.0,7.5,7.8375,20
2022-03-21 23:45:00,2022-03-22 01:45:00,2.25,7.1,7.344444444444444,23
2022-03-22 04:15:00,2022-03-22 05:15:00,1.25,7.0,7.140000000000001,4
2022-03-22 16:30:00,2022-03-22 18:15:00,2.0,6.8,7.2875,16
2022-03-22 19:45:00,2022-03-22 21:45:00,2.25,5.4,5.955555555555556,19
2022-03-23 00:15:00,2022-03-23 03:45:00,3.75,3.9,5.093333333333334,0
2022-03-23 17:15:00,2022-03-23 22:00:00,5.0,5.5,6.255,17
2022-03-24 18:15:00,2022-03-24 20:30:00,2.5,6.7,7.360000000000001,18
2022-03-26 04:30:00,2022-03-26 05:45:00,1.5,5.9,5.966666666666666,4
2022-03-26 21:15:00,2022-03-26 22:30:00,1.5,7.4,7.716666666666666,21
2022-03-27 21:45:00,2022-03-28 00:30:00,3.0,6.1,7.075,21
2022-03-28 20:00:00,2022-03-29 02:30:00,6.75,5.5,7.1037037037037045,20
2022-03-29 05:15:00,2022-03-29 07:15:00,2.25,5.4,5.644444444444445,5
2022-03-29 09:30:00,2022-03-29 10:30:00,1.25,5.8,6.24,9
2022-03-29 13:45:00,2022-03-29 16:15:00,2.75,7.4,7.863636363636363,13
2022-03-29 21:45:00,2022-03-29 23:15:00,1.75,7.3,7.5,21
2022-03-30 01:30:00,2022-03-30 04:45:00,3.5,5.3,6.057142857142858,1
2022-03-31 00:15:00,2022-03-31 03:30:00,3.5,4.5,5.521428571428572,0
2022-03-31 07:45:00,2022-03-31 10:00:00,2.5,4.0,4.279999999999999,7
2022-03-31 15:15:00,2022-03-31 16:00:00,1.0,6.2,6.2749999999999995,15
2022-04-01 00:00:00,2022-04-01 01:00:00,1.25,5.5,5.76,0
2022-04-01 02:30:00,2022-04-01 03:15:00,1.0,5.3,5.449999999999999,2
2022-04-01 05:15:00,2022-04-01 08:30:00,3.5,4.4,4.785714285714286,5
2022-04-01 11:45:00,2022-04-01 12:30:00,1.0,4.9,5.25,11
2022-04-01 15:30:00,2022-04-01 15:45:00,0.5,6.5,6.65,15
2022-04-01 17:15:00,2022-04-01 20:00:00,3.0,6.4,6.75,17
2022-04-01 21:30:00,2022-04-02 05:00:00,7.75,4.6,5.445161290322579,21
2022-04-02 10:45:00,2022-04-02 16:15:00,5.75,5.5,6.130434782608695,10
2022-04-02 22:45:00,2022-04-02 23:45:00,1.25,5.8,5.96,22
2022-04-03 11:15:00,2022-04-03 12:30:00,1.5,6.6,7.083333333333333,11
2022-04-03 14:00:00,2022-04-03 14:45:00,1.0,7.9,7.975,14
2022-04-03 21:15:00,2022-04-03 21:30:00,0.5,6.8,6.949999999999999,21
2022-04-04 00:30:00,2022-04-04 02:00:00,1.75,6.3,6.571428571428571,0
2022-04-04 14:00:00,2022-04-04 15:30:00,1.75,7.8,8.071428571428571,14
2022-04-04 22:30:00,2022-04-05 00:00:00,1.75,6.5,6.771428571428571,22
2022-04-05 13:30:00,2022-04-05 15:15:00,2.0,6.1,6.55,13
2022-04-05 18:45:00,2022-04-05 20:15:00,1.75,4.8,5.214285714285714,18
2022-04-06 13:45:00,2022-04-06 20:15:00,6.75,4.9,6.444444444444445,13
2022-04-07 17:00:00,2022-04-07 17:45:00,1.0,7.3,7.45,17
2022-04-08 22:45:00,2022-04-09 00:30:00,2.0,6.7,7.0625,22
2022-04-09 03:15:00,2022-04-09 03:30:00,0.5,6.5,6.6,3
2022-04-10 04:15:00,2022-04-10 06:45:00,2.75,6.6,6.9818181818181815,4
2022-04-10 16:00:00,2022-04-10 16:30:00,0.75,8.5,8.633333333333333,16
2022-04-10 19:00:00,2022-04-10 19:45:00,1.0,8.5,8.55,19
2022-04-11 13:45:00,2022-04-11 14:30:00,1.0,7.5,7.575,13
2022-04-12 00:30:00,2022-04-12 03:15:00,3.0,5.0,5.825,0
2022-04-12 06:00:00,2022-04-12 07:15:00,1.5,5.3,5.433333333333334,6
2022-04-12 23:15:00,2022-04-13 01:00:00,2.0,5.2,5.9375,23
2022-04-13 04:30:00,2022-04-13 08:45:00,4.5,5.0,5.772222222222222,4
2022-04-13 14:00:00,2022-04-13 15:15:00,1.5,6.8,7.083333333333333,14
2022-04-13 22:45:00,2022-04-14 03:00:00,4.5,4.7,5.911111111111111,22
2022-04-14 11:15:00,2022-04-14 21:45:00,10.75,4.8,5.572093023255814,11
2022-04-14 23:30:00,2022-04-15 01:30:00,2.25,5.1,5.333333333333334,23
2022-04-15 03:00:00,2022-04-15 04:15:00,1.5,4.4,4.95,3
2022-04-15 14:30:00,2022-04-15 15:45:00,1.5,6.6,6.766666666666667,14
2022-04-16 17:30:00,2022-04-16 18:00:00,0.75,6.7,6.833333333333333,17
2022-04-16 19:45:00,2022-04-16 20:00:00,0.5,6.2,6.35,19
2022-04-17 09:45:00,2022-04-17 14:15:00,4.75,5.3,6.031578947368421,9
2022-04-17 21:00:00,2022-04-17 22:15:00,1.5,5.2,5.75,21
2022-04-18 12:45:00,2022-04-18 13:15:00,0.75,5.9,6.099999999999999,12
2022-04-18 17:30:00,2022-04-18 18:00:00,0.75,6.1,6.233333333333333,17
2022-04-19 20:00:00,2022-04-19 21:00:00,1.25,6.4,6.639999999999999,20
2022-04-20 17:30:00,2022-04-20 19:00:00,1.75,6.9,7.257142857142857,17
2022-04-21 04:15:00,2022-04-21 05:00:00,1.0,5.8,6.0,4
2022-04-21 16:00:00,2022-04-21 21:00:00,5.25,5.6,7.128571428571428,16
2022-04-22 03:30:00,2022-04-22 05:45:00,2.5,5.2,5.340000000000001,3
2022-04-22 15:30:00,2022-04-22 20:30:00,5.25,5.5,7.0,15
2022-04-23 03:15:00,2022-04-23 06:15:00,3.25,4.4,4.692307692307692,3
2022-04-23 16:45:00,2022-04-23 22:00:00,5.5,5.1,6.718181818181819,16
2022-04-24 05:45:00,2022-04-24 08:00:00,2.5,3.9,4.290000000000001,5
2022-04-24 20:15:00,2022-04-25 00:30:00,4.5,3.9,5.25,20
2022-04-25 05:45:00,2022-04-25 07:45:00,2.25,3.4,3.644444444444444,5
2022-04-25 10:30:00,2022-04-25 12:15:00,2.0,3.5,3.8,10
2022-04-25 17:15:00,2022-04-25 18:30:00,1.5,6.0,6.183333333333334,17
2022-04-25 20:00:00,2022-04-25 23:15:00,3.5,4.9,5.55,20
2022-04-26 01:45:00,2022-04-26 04:30:00,3.0,3.1,3.766666666666667,1
2022-04-26 06:15:00,2022-04-26 07:15:00,1.25,3.0,3.6599999999999993,6
2022-04-26 12:15:00,2022-04-26 13:30:00,1.5,3.5,3.6166666666666667,12
2022-04-26 16:45:00,2022-04-27 00:30:00,8.0,2.7,3.415625,16
2022-04-27 02:45:00,2022-04-27 04:00:00,1.5,2.7,3.016666666666666,2
2022-04-27 05:45:00,2022-04-27 06:15:00,0.75,2.8,3.0,5
2022-04-27 09:45:00,2022-04-27 11:30:00,2.0,4.3,4.875,9
2022-04-27 13:30:00,2022-04-27 20:30:00,7.25,4.6,5.417241379310345,13
2022-04-28 03:15:00,2022-04-28 04:15:00,1.25,3.2,3.6,3
2022-04-28 10:00:00,2022-04-28 11:15:00,1.5,5.2,5.533333333333334,10
2022-04-28 15:15:00,2022-04-28 18:30:00,3.5,5.9,6.721428571428571,15
2022-04-28 20:00:00,2022-04-28 21:30:00,1.75,6.6,6.885714285714286,20
2022-04-28 23:00:00,2022-04-29 08:00:00,9.25,4.1,5.91081081081081,23
2022-04-29 14:30:00,2022-04-29 15:15:00,1.0,6.8,6.9,14
2022-04-30 12:00:00,2022-04-30 14:30:00,2.75,5.2,5.645454545454545,12
2022-05-01 13:15:00,2022-05-01 14:30:00,1.5,5.0,5.233333333333333,13
2022-05-02 00:00:00,2022-05-02 00:30:00,0.75,4.7,4.8,0
2022-05-02 13:30:00,2022-05-02 14:30:00,1.25,6.0,6.1,13
2022-05-02 21:00:00,2022-05-02 22:00:00,1.25,5.1,5.24,21
2022-05-03 16:15:00,2022-05-03 18:30:00,2.5,5.9,6.319999999999999,16
2022-05-04 15:45:00,2022-05-04 18:15:00,2.75,5.8,6.5181818181818185,15
2022-05-04 20:00:00,2022-05-04 21:15:00,1.5,5.5,5.75,20
2022-05-04 23:15:00,2022-05-05 02:00:00,3.0,4.6,4.916666666666666,23
2022-05-05 14:45:00,2022-05-05 19:45:00,5.25,4.5,6.152380952380952,14
2022-05-05 23:45:00,2022-05-06 01:15:00,1.75,4.3,4.614285714285714,23
2022-05-06 15:45:00,2022-05-06 16:00:00,0.5,7.0,7.1,15
2022-05-06 17:30:00,2022-05-06 20:15:00,3.0,5.0,5.599999999999999,17
2022-05-07 02:15:00,2022-05-07 03:30:00,1.5,4.4,4.566666666666666,2
2022-05-07 16:45:00,2022-05-07 19:30:00,3.0,5.4,6.516666666666667,16
2022-05-08 15:00:00,2022-05-08 16:30:00,1.75,8.6,8.942857142857143,15
2022-05-08 18:00:00,2022-05-08 21:30:00,3.75,4.4,5.720000000000001,18
2022-05-08 23:45:00,2022-05-09 07:45:00,8.25,4.0,4.678787878787878,23
2022-05-09 16:00:00,2022-05-09 23:00:00,7.25,3.7,6.110344827586206,16
2022-05-10 01:45:00,2022-05-10 04:15:00,2.75,3.6,3.9818181818181815,1
2022-05-10 05:45:00,2022-05-10 06:30:00,1.0,3.5,3.75,5
2022-05-10 11:00:00,2022-05-10 12:15:00,1.5,5.3,5.816666666666666,11
2022-05-10 14:15:00,2022-05-10 22:30:00,8.5,4.6,6.620588235294118,14
2022-05-11 01:45:00,2022-05-11 07:30:00,6.0,3.3,4.529166666666667,1
2022-05-11 09:45:00,2022-05-11 10:30:00,1.0,4.4,4.65,9
2022-05-11 13:00:00,2022-05-11 23:45:00,11.0,5.2,6.734090909090909,13
2022-05-12 01:15:00,2022-05-12 05:00:00,4.0,4.6,4.94375,1
2022-05-12 16:30:00,2022-05-12 17:00:00,0.75,6.3,6.466666666666666,16
2022-05-12 18:45:00,2022-05-12 20:30:00,2.0,5.6,6.074999999999999,18
2022-05-12 22:30:00,2022-05-13 03:15:00,5.0,4.7,5.465,22
2022-05-13 04:45:00,2022-05-13 06:00:00,1.5,4.9,5.033333333333334,4
2022-05-13 13:15:00,2022-05-13 14:00:00,1.0,6.0,6.125,13
2022-05-13 16:00:00,2022-05-13 22:45:00,7.0,5.6,6.228571428571429,16
2022-05-14 05:30:00,2022-05-14 07:00:00,1.75,5.1,5.285714285714286,5
2022-05-14 11:30:00,2022-05-14 12:45:00,1.5,5.6,5.866666666666666,11
2022-05-14 16:45:00,2022-05-14 18:00:00,1.5,5.9,6.199999999999999,16
2022-05-14 19:45:00,2022-05-14 22:00:00,2.5,5.4,5.88,19
2022-05-15 02:15:00,2022-05-15 03:00:00,1.0,4.8,5.0,2
2022-05-15 17:00:00,2022-05-15 17:45:00,1.0,5.9,6.1000000000000005,17
2022-05-15 22:00:00,2022-05-15 22:45:00,1.0,5.2,5.425,22
2022-05-16 03:00:00,2022-05-16 04:45:00,2.0,4.8,5.074999999999999,3
2022-05-16 08:45:00,2022-05-16 10:30:00,2.0,5.7,6.0375,8
2022-05-16 12:15:00,2022-05-16 13:30:00,1.5,6.0,6.433333333333333,12
2022-05-16 17:30:00,2022-05-16 18:00:00,0.75,5.6,5.8,17
2022-05-16 20:45:00,2022-05-16 22:45:00,2.25,4.6,4.977777777777778,20
2022-05-17 13:30:00,2022-05-17 19:00:00,5.75,4.0,5.569565217391304,13
2022-05-18 14:00:00,2022-05-18 18:45:00,5.0,4.4,6.115,14
2022-05-19 15:30:00,2022-05-19 20:15:00,5.0,4.2,6.37,15
2022-05-20 00:45:00,2022-05-20 01:30:00,1.0,4.3,4.65,0
2022-05-20 16:30:00,2022-05-20 21:00:00,4.75,3.8,6.205263157894737,16
2022-05-21 01:15:00,2022-05-21 04:15:00,3.25,3.6,4.053846153846154,1
2022-05-21 16:45:00,2022-05-22 02:00:00,9.5,3.0,4.336842105263159,16
2022-05-22 15:45:00,2022-05-22 22:30:00,7.0,2.8,4.767857142857144,15
2022-05-23 01:00:00,2022-05-23 05:00:00,4.25,2.9,3.2470588235294118,1
2022-05-23 15:00:00,2022-05-23 18:00:00,3.25,4.5,4.730769230769231,15
2022-05-24 00:15:00,2022-05-24 01:15:00,1.25,3.6,3.8400000000000007,0
2022-05-24 18:45:00,2022-05-24 19:45:00,1.25,5.8,6.0,18
2022-05-25 00:45:00,2022-05-25 02:00:00,1.5,4.9,5.483333333333333,0
2022-05-25 04:00:00,2022-05-25 04:15:00,0.5,4.8,4.949999999999999,4
2022-05-25 06:30:00,2022-05-25 09:00:00,2.75,4.1,4.527272727272727,6
2022-05-25 14:15:00,2022-05-25 15:00:00,1.0,5.2,5.3,14
2022-05-25 17:30:00,2022-05-25 20:30:00,3.25,4.5,5.223076923076922,17
2022-05-26 01:45:00,2022-05-26 04:15:00,2.75,4.1,4.836363636363637,1
2022-05-26 09:00:00,2022-05-26 11:15:00,2.5,3.3,4.27,9
2022-05-26 17:15:00,2022-05-26 19:30:00,2.5,3.4,3.8200000000000003,17
2022-05-26 21:30:00,2022-05-26 21:45:00,0.5,3.6,3.7,21
2022-05-27 14:30:00,2022-05-27 16:15:00,2.0,5.3,5.7875,14
2022-05-28 00:15:00,2022-05-28 00:30:00,0.5,2.9,3.6500000000000004,0
2022-05-28 02:30:00,2022-05-28 03:45:00,1.5,3.8,4.1833333333333345,2
2022-05-28 07:15:00,2022-05-28 07:30:00,0.5,5.1,5.199999999999999,7
2022-05-28 09:30:00,2022-05-28 13:00:00,3.75,5.6,5.873333333333332,9
2022-05-28 14:45:00,2022-05-28 19:00:00,4.5,4.7,5.577777777777778,14
2022-05-28 20:30:00,2022-05-29 01:45:00,5.5,4.6,5.050000000000001,20
2022-05-29 09:30:00,2022-05-29 10:00:00,0.75,5.9,6.166666666666667,9
2022-05-29 12:15:00,2022-05-29 13:30:00,1.5,5.7,6.066666666666667,12
2022-05-29 16:00:00,2022-05-29 22:15:00,6.5,4.5,4.973076923076923,16
2022-05-30 10:15:00,2022-05-30 10:30:00,0.5,4.5,5.4,10
2022-05-30 13:30:00,2022-05-30 14:30:00,1.25,5.6,5.859999999999999,13
2022-05-30 16:00:00,2022-05-30 17:45:00,2.0,4.8,5.2375,16
2022-05-30 21:30:00,2022-05-31 03:00:00,5.75,3.3,4.056521739130434,21
2022-05-31 09:45:00,2022-05-31 18:15:00,8.75,4.7,5.88,9
2022-05-31 22:15:00,2022-06-01 02:45:00,4.75,2.5,3.342105263157895,22
2022-06-01 10:30:00,2022-06-01 11:30:00,1.25,5.7,5.98,10
2022-06-01 15:00:00,2022-06-01 18:30:00,3.75,4.4,5.426666666666667,15
2022-06-02 00:15:00,2022-06-02 06:30:00,6.5,2.9,3.3576923076923078,0
2022-06-02 16:45:00,2022-06-02 18:30:00,2.0,4.7,5.425,16
2022-06-03 01:15:00,2022-06-03 07:00:00,6.0,2.8,3.4041666666666663,1
2022-06-03 15:45:00,2022-06-03 20:45:00,5.25,3.9,5.3999999999999995,15
2022-06-04 01:45:00,2022-06-04 02:15:00,0.75,3.9,3.966666666666667,1
2022-06-04 14:30:00,2022-06-04 20:00:00,5.75,3.4,5.4,14
2022-06-05 00:30:00,2022-06-05 04:45:00,4.5,3.0,3.4222222222222225,0
2022-06-05 14:15:00,2022-06-05 14:45:00,0.75,6.1,6.2,14
2022-06-05 16:30:00,2022-06-05 20:15:00,4.0,3.7,4.825,16
2022-06-06 03:00:00,2022-06-06 07:45:00,5.0,2.7,3.17,3
2022-06-06 15:00:00,2022-06-06 21:30:00,6.75,3.9,5.392592592592593,15
2022-06-07 09:45:00,2022-06-07 10:15:00,0.75,4.6,4.766666666666667,9
2022-06-07 14:15:00,2022-06-07 16:00:00,2.0,5.0,5.6625,14
2022-06-07 19:15:00,2022-06-07 23:30:00,4.5,4.3,5.366666666666666,19
2022-06-08 01:00:00,2022-06-08 06:00:00,5.25,3.8,4.485714285714286,1
2022-06-08 09:15:00,2022-06-08 11:15:00,2.25,4.8,5.2444444444444445,9
2022-06-08 13:15:00,2022-06-08 23:15:00,10.25,4.9,6.309756097560975,13
2022-06-09 00:45:00,2022-06-09 02:15:00,1.75,4.8,5.442857142857142,0
2022-06-09 04:15:00,2022-06-09 05:15:00,1.25,4.7,4.9,4
2022-06-09 07:00:00,2022-06-09 10:15:00,3.5,4.0,4.535714285714286,7
2022-06-09 15:30:00,2022-06-09 17:45:00,2.5,5.4,6.01,15
2022-06-09 19:15:00,2022-06-10 08:00:00,13.0,2.8,4.042307692307693,19
2022-06-10 11:30:00,2022-06-10 12:15:00,1.0,5.6,5.675000000000001,11
2022-06-10 15:45:00,2022-06-10 19:00:00,3.5,5.5,5.821428571428572,15
2022-06-10 22:45:00,2022-06-11 03:30:00,5.0,4.3,4.875000000000001,22
2022-06-11 08:30:00,2022-06-11 09:45:00,1.5,4.7,5.1000000000000005,8
2022-06-11 11:30:00,2022-06-11 13:15:00,2.0,5.1,5.5625,11
2022-06-11 19:15:00,2022-06-11 23:45:00,4.75,5.4,6.031578947368421,19
2022-06-12 11:00:00,2022-06-12 12:30:00,1.75,5.0,5.3999999999999995,11
2022-06-12 19:00:00,2022-06-12 19:15:00,0.5,6.1,6.199999999999999,19
2022-06-13 21:30:00,2022-06-13 22:45:00,1.5,5.3,5.383333333333333,21
2022-06-14 10:00:00,2022-06-14 10:30:00,0.75,6.5,6.633333333333333,10
2022-06-14 12:15:00,2022-06-14 13:00:00,1.0,6.4,6.674999999999999,12
2022-06-14 21:45:00,2022-06-14 22:15:00,0.75,4.9,5.0,21
2022-06-15 17:45:00,2022-06-15 18:15:00,0.75,5.2,5.333333333333333,17
2022-06-15 21:00:00,2022-06-16 00:15:00,3.5,4.0,4.5285714285714285,21
2022-06-16 14:30:00,2022-06-16 19:30:00,5.25,3.7,5.119047619047619,14
2022-06-17 00:45:00,2022-06-17 02:00:00,1.5,3.3,3.4166666666666665,0
2022-06-17 15:00:00,2022-06-17 20:30:00,5.75,3.9,5.191304347826088,15
2022-06-17 23:30:00,2022-06-18 04:15:00,5.0,3.3,3.715,23
2022-06-18 13:45:00,2022-06-18 14:45:00,1.25,6.2,6.42,13
2022-06-18 16:15:00,2022-06-18 21:15:00,5.25,3.2,4.566666666666667,16
2022-06-19 00:30:00,2022-06-19 02:45:00,2.5,3.5,3.9,0
2022-06-19 17:45:00,2022-06-19 20:30:00,3.0,3.8,4.808333333333333,17
2022-06-19 23:15:00,2022-06-20 00:00:00,1.0,4.2,4.425,23
2022-06-20 02:00:00,2022-06-20 03:15:00,1.5,3.8,4.25,2
2022-06-20 15:15:00,2022-06-20 21:00:00,6.0,4.6,5.941666666666666,15
2022-06-20 23:15:00,2022-06-21 01:45:00,2.75,4.4,4.690909090909091,23
2022-06-21 10:15:00,2022-06-21 12:00:00,2.0,3.7,4.137499999999999,10
2022-06-21 13:30:00,2022-06-21 16:00:00,2.75,5.4,6.136363636363637,13
2022-06-21 18:00:00,2022-06-22 03:00:00,9.25,4.5,5.608108108108108,18
2022-06-22 05:15:00,2022-06-22 06:30:00,1.5,4.1,4.266666666666667,5
2022-06-22 11:00:00,2022-06-22 14:15:00,3.5,4.9,5.75,11
2022-06-22 16:45:00,2022-06-22 23:30:00,7.0,5.2,6.271428571428571,16
2022-06-23 01:00:00,2022-06-23 01:15:00,0.5,5.1,5.25,1
2022-06-23 04:45:00,2022-06-23 05:30:00,1.0,4.5,4.7,4
2022-06-23 07:00:00,2022-06-23 09:00:00,2.25,4.4,4.866666666666666,7
2022-06-23 12:15:00,2022-06-23 13:15:00,1.25,6.2,6.459999999999999,12
2022-06-23 15:00:00,2022-06-23 17:15:00,2.5,6.0,6.529999999999999,15
2022-06-23 18:45:00,2022-06-23 21:45:00,3.25,5.6,5.869230769230768,18
2022-06-24 09:45:00,2022-06-24 12:15:00,2.75,4.2,4.572727272727273,9
2022-06-24 18:15:00,2022-06-24 23:30:00,5.5,4.9,5.286363636363635,18
2022-06-25 08:30:00,2022-06-25 10:00:00,1.75,4.4,4.885714285714286,8
2022-06-25 11:30:00,2022-06-25 11:45:00,0.5,4.5,4.6,11
2022-06-25 19:00:00,2022-06-25 20:30:00,1.75,4.4,4.814285714285715,19
2022-06-26 11:30:00,2022-06-26 13:30:00,2.25,3.5,4.166666666666667,11
2022-06-26 19:30:00,2022-06-27 01:15:00,6.0,3.0,3.4,19
2022-06-27 16:45:00,2022-06-27 18:00:00,1.5,5.4,5.483333333333333,16
2022-06-27 20:00:00,2022-06-27 23:00:00,3.25,4.6,4.846153846153847,20
2022-06-28 15:45:00,2022-06-28 17:15:00,1.75,6.2,6.442857142857143,15
2022-06-28 18:45:00,2022-06-28 22:30:00,4.0,5.5,6.35,18
2022-06-29 10:45:00,2022-06-29 12:45:00,2.25,4.1,4.411111111111111,10
2022-06-29 15:00:00,2022-06-29 16:00:00,1.25,4.0,4.36,15
2022-06-29 21:45:00,2022-06-30 01:15:00,3.75,4.1,4.373333333333333,21
2022-06-30 10:30:00,2022-06-30 11:00:00,0.75,4.3,4.466666666666668,10
2022-06-30 13:00:00,2022-06-30 15:00:00,2.25,5.7,6.188888888888889,13
2022-06-30 17:00:00,2022-06-30 17:45:00,1.0,5.1,5.199999999999999,17
2022-06-30 19:15:00,2022-06-30 19:45:00,0.75,4.7,4.833333333333333,19
2022-06-30 21:45:00,2022-06-30 22:30:00,1.0,4.4,4.625,21
2022-07-01 00:00:00,2022-07-01 02:00:00,2.25,4.0,4.377777777777777,0
2022-07-01 03:30:00,2022-07-01 04:00:00,0.75,4.3,4.366666666666667,3
2022-07-01 13:30:00,2022-07-01 18:45:00,5.5,4.6,5.518181818181817,13
2022-07-01 23:45:00,2022-07-02 08:15:00,8.75,3.0,3.588571428571429,23
2022-07-02 10:15:00,2022-07-02 17:30:00,7.5,4.8,5.3100000000000005,10
2022-07-02 19:15:00,2022-07-02 21:45:00,2.75,3.6,4.190909090909091,19
2022-07-02 23:15:00,2022-07-03 01:45:00,2.75,3.0,3.590909090909091,23
2022-07-03 03:15:00,2022-07-03 06:45:00,3.75,2.9,3.5533333333333332,3
2022-07-03 10:30:00,2022-07-03 19:45:00,9.5,3.6,4.563157894736842,10
2022-07-03 22:30:00,2022-07-04 08:00:00,9.75,2.2,3.033333333333333,22
2022-07-04 09:45:00,2022-07-04 10:30:00,1.0,2.2,2.45,9
2022-07-04 12:45:00,2022-07-04 23:00:00,10.5,2.8,3.8952380952380956,12
2022-07-05 01:15:00,2022-07-05 06:45:00,5.75,1.1,1.756521739130435,1
2022-07-05 08:15:00,2022-07-05 12:15:00,4.25,1.3,1.9823529411764704,8
2022-07-05 14:00:00,2022-07-05 20:00:00,6.25,1.0,3.784,14
2022-07-05 21:30:00,2022-07-06 07:15:00,10.0,0.6,1.935,21
2022-07-06 08:45:00,2022-07-06 09:15:00,0.75,0.7,0.7999999999999999,8
2022-07-06 11:00:00,2022-07-06 13:30:00,2.75,1.2,1.7636363636363634,11
2022-07-06 15:45:00,2022-07-07 09:30:00,18.0,0.6,3.3500000000000005,15
2022-07-07 12:00:00,2022-07-07 16:15:00,4.5,3.0,5.361111111111112,12
2022-07-07 17:45:00,2022-07-07 23:00:00,5.5,3.7,6.140909090909091,17
2022-07-08 00:30:00,2022-07-08 06:45:00,6.5,1.9,2.8769230769230774,0
2022-07-08 08:15:00,2022-07-08 14:30:00,6.5,2.3,3.596153846153846,8
2022-07-08 16:00:00,2022-07-08 19:00:00,3.25,4.5,4.8076923076923075,16
2022-07-08 20:45:00,2022-07-09 04:30:00,8.0,3.9,4.49375,20
2022-07-09 06:15:00,2022-07-09 07:00:00,1.0,3.6,3.9,6
2022-07-09 09:15:00,2022-07-09 10:45:00,1.75,2.9,3.4,9
2022-07-09 23:00:00,2022-07-10 00:15:00,1.5,4.1,4.366666666666667,23
2022-07-10 01:45:00,2022-07-10 06:15:00,4.75,4.0,4.584210526315789,1
2022-07-10 09:15:00,2022-07-10 11:00:00,2.0,4.1,4.6875,9
2022-07-10 14:30:00,2022-07-10 15:00:00,0.75,4.9,5.133333333333334,14
2022-07-10 23:30:00,2022-07-11 00:00:00,0.75,4.5,4.566666666666666,23
2022-07-11 09:45:00,2022-07-11 11:45:00,2.25,4.0,4.355555555555555,9
2022-07-11 16:00:00,2022-07-11 17:30:00,1.75,4.9,5.271428571428571,16
2022-07-11 19:00:00,2022-07-11 19:15:00,0.5,4.9,5.0,19
2022-07-11 22:00:00,2022-07-11 23:30:00,1.75,4.5,4.714285714285714,22
2022-07-12 09:15:00,2022-07-12 10:00:00,1.0,4.9,5.275,9
2022-07-12 11:30:00,2022-07-12 12:30:00,1.25,4.8,5.0,11
2022-07-12 16:00:00,2022-07-12 18:00:00,2.25,5.1,5.5,16
2022-07-13 04:00:00,2022-07-13 04:45:00,1.0,3.9,4.074999999999999,4
2022-07-13 08:45:00,2022-07-13 11:30:00,3.0,4.5,4.766666666666667,8
2022-07-14 13:00:00,2022-07-14 14:15:00,1.5,6.2,6.300000000000001,13
2022-07-14 17:00:00,2022-07-14 17:45:00,1.0,6.1,6.35,17
2022-07-14 19:15:00,2022-07-14 19:30:00,0.5,5.7,5.800000000000001,19
2022-07-15 00:00:00,2022-07-15 00:30:00,0.75,4.5,4.666666666666667,0
2022-07-15 05:00:00,2022-07-15 06:00:00,1.25,4.4,4.5600000000000005,5
2022-07-15 08:30:00,2022-07-15 09:45:00,1.5,5.1,5.550000000000001,8
2022-07-15 14:00:00,2022-07-15 16:15:00,2.5,5.5,5.86,14
2022-07-15 23:30:00,2022-07-16 08:00:00,8.75,2.9,3.765714285714286,23
2022-07-16 14:00:00,2022-07-16 18:30:00,4.75,5.0,6.052631578947369,14
2022-07-16 22:15:00,2022-07-17 02:30:00,4.5,3.8,4.477777777777778,22
2022-07-17 07:30:00,2022-07-17 08:00:00,0.75,3.2,3.2999999999999994,7
2022-07-17 12:30:00,2022-07-17 15:00:00,2.75,5.2,5.718181818181818,12
2022-07-17 16:45:00,2022-07-17 19:30:00,3.0,5.2,5.983333333333334,16
2022-07-17 21:00:00,2022-07-18 04:00:00,7.25,2.9,4.024137931034483,21
2022-07-18 05:30:00,2022-07-19 04:00:00,22.75,2.4,5.116483516483517,5
2022-07-19 05:30:00,2022-07-19 07:15:00,2.0,2.5,4.1875,5
2022-07-19 13:15:00,2022-07-19 14:45:00,1.75,5.9,6.457142857142856,13
2022-07-19 16:30:00,2022-07-20 10:00:00,17.75,3.4,5.343661971830986,16
2022-07-20 13:45:00,2022-07-20 18:00:00,4.5,4.8,5.855555555555555,13
2022-07-21 06:00:00,2022-07-21 07:45:00,2.0,4.1,4.574999999999999,6
2022-07-21 10:00:00,2022-07-21 10:30:00,0.75,5.2,5.466666666666666,10
2022-07-21 14:30:00,2022-07-21 16:00:00,1.75,7.5,7.8999999999999995,14
2022-07-21 17:30:00,2022-07-21 20:30:00,3.25,6.8,7.153846153846154,17
2022-07-21 22:00:00,2022-07-22 04:15:00,6.5,4.7,5.792307692307692,22
2022-07-22 05:45:00,2022-07-22 06:45:00,1.25,4.7,4.92,5
2022-07-22 14:45:00,2022-07-22 23:00:00,8.5,4.6,5.388235294117647,14
2022-07-23 00:45:00,2022-07-23 03:00:00,2.5,4.5,4.860000000000001,0
2022-07-23 05:00:00,2022-07-23 05:45:00,1.0,4.6,4.925000000000001,5
2022-07-23 07:15:00,2022-07-23 09:30:00,2.5,4.0,4.209999999999999,7
2022-07-23 16:30:00,2022-07-23 18:30:00,2.25,5.8,6.2444444444444445,16
2022-07-23 20:30:00,2022-07-23 21:30:00,1.25,5.2,5.3999999999999995,20
2022-07-24 05:15:00,2022-07-24 06:00:00,1.0,5.2,5.325,5
2022-07-24 09:15:00,2022-07-24 10:00:00,1.0,4.2,4.475,9
2022-07-24 15:00:00,2022-07-24 15:30:00,0.75,5.4,5.5,15
2022-07-24 17:00:00,2022-07-24 20:45:00,4.0,4.1,5.0125,17
2022-07-24 23:30:00,2022-07-25 00:15:00,1.0,4.2,4.375,23
2022-07-25 08:30:00,2022-07-25 11:30:00,3.25,3.8,4.515384615384614,8
2022-07-25 16:00:00,2022-07-25 22:00:00,6.25,4.0,4.675999999999999,16
2022-07-26 10:30:00,2022-07-26 11:00:00,0.75,4.9,5.033333333333333,10
2022-07-26 13:30:00,2022-07-26 14:00:00,0.75,4.9,5.166666666666667,13
2022-07-26 16:00:00,2022-07-26 20:30:00,4.75,4.9,5.71578947368421,16
2022-07-26 22:45:00,2022-07-27 01:15:00,2.75,4.2,4.736363636363636,22
2022-07-27 11:45:00,2022-07-27 12:30:00,1.0,5.8,5.9,11
2022-07-27 19:00:00,2022-07-27 20:00:00,1.25,5.5,5.78,19
2022-07-27 21:30:00,2022-07-27 23:15:00,2.0,4.8,5.1,21
2022-07-28 11:15:00,2022-07-28 13:15:00,2.25,5.2,5.788888888888888,11
2022-07-28 17:45:00,2022-07-28 18:00:00,0.5,5.0,5.15,17
2022-07-28 20:15:00,2022-07-28 21:15:00,1.25,4.8,5.06,20
2022-07-28 22:45:00,2022-07-28 23:15:00,0.75,4.6,4.8,22
2022-07-29 10:45:00,2022-07-29 13:00:00,2.5,4.5,4.74,10
2022-07-29 21:00:00,2022-07-30 01:30:00,4.75,4.0,4.678947368421053,21
2022-07-30 03:15:00,2022-07-30 07:15:00,4.25,3.8,4.105882352941176,3
2022-07-30 11:45:00,2022-07-30 12:15:00,0.75,4.7,4.966666666666667,11
2022-07-30 13:45:00,2022-07-30 14:45:00,1.25,5.3,5.42,13
2022-07-31 01:45:00,2022-07-31 02:30:00,1.0,4.7,4.8500000000000005,1
2022-07-31 04:00:00,2022-07-31 05:45:00,2.0,4.2,4.5,4
2022-07-31 07:30:00,2022-07-31 08:15:00,1.0,4.0,4.3,7
2022-07-31 11:30:00,2022-07-31 21:00:00,9.75,5.0,6.130769230769232,11
2022-07-31 22:45:00,2022-07-31 23:45:00,1.25,4.7,4.9399999999999995,22
2022-08-01 07:00:00,2022-08-01 07:45:00,1.0,4.2,4.3999999999999995,7
2022-08-01 12:15:00,2022-08-01 19:15:00,7.25,2.3,3.631034482758621,12
2022-08-01 22:45:00,2022-08-01 23:00:00,0.5,2.7,2.8,22
2022-08-02 08:00:00,2022-08-02 08:45:00,1.0,2.4,2.575,8
2022-08-02 11:00:00,2022-08-02 12:15:00,1.5,3.0,3.1999999999999997,11
2022-08-02 16:30:00,2022-08-02 20:30:00,4.25,3.0,3.435294117647058,16
2022-08-03 00:00:00,2022-08-03 00:45:00,1.0,2.7,3.05,0
2022-08-03 04:30:00,2022-08-03 05:30:00,1.25,2.9,3.16,4
2022-08-03 09:45:00,2022-08-03 10:15:00,0.75,2.1,2.233333333333333,9
2022-08-03 11:45:00,2022-08-03 13:30:00,2.0,2.8,3.7375,11
2022-08-03 16:00:00,2022-08-04 02:00:00,10.25,2.4,3.5390243902439025,16
2022-08-04 05:15:00,2022-08-04 08:00:00,3.0,2.5,3.1999999999999997,5
2022-08-04 12:00:00,2022-08-04 13:15:00,1.5,2.4,3.516666666666666,12
2022-08-04 14:45:00,2022-08-04 16:45:00,2.25,2.9,3.533333333333333,14
2022-08-04 20:30:00,2022-08-05 01:00:00,4.75,2.5,3.5894736842105264,20
2022-08-05 02:30:00,2022-08-05 07:15:00,5.0,3.3,4.489999999999999,2
2022-08-05 11:45:00,2022-08-05 14:00:00,2.5,3.1,3.8899999999999997,11
2022-08-05 15:30:00,2022-08-05 15:45:00,0.5,4.5,4.6,15
2022-08-05 17:15:00,2022-08-05 22:30:00,5.5,3.7,4.454545454545454,17
2022-08-06 00:15:00,2022-08-06 02:15:00,2.25,4.0,4.855555555555556,0
2022-08-06 06:30:00,2022-08-06 07:15:00,1.0,4.2,4.425,6
2022-08-06 09:15:00,2022-08-06 14:45:00,5.75,3.0,3.7913043478260864,9
2022-08-06 16:15:00,2022-08-07 01:30:00,9.5,3.4,4.55,16
2022-08-07 05:45:00,2022-08-07 10:15:00,4.75,3.0,4.163157894736842,5
2022-08-07 17:00:00,2022-08-07 22:15:00,5.5,4.5,4.845454545454545,17
2022-08-08 00:15:00,2022-08-08 00:30:00,0.5,4.1,4.199999999999999,0
2022-08-08 10:45:00,2022-08-08 12:30:00,2.0,3.1,3.85,10
2022-08-08 21:00:00,2022-08-08 21:15:00,0.5,2.9,3.0,21
2022-08-09 10:00:00,2022-08-09 11:45:00,2.0,3.7,4.3125,10
2022-08-09 15:30:00,2022-08-09 17:45:00,2.5,4.1,4.83,15
2022-08-09 21:15:00,2022-08-09 22:30:00,1.5,3.8,4.0,21
2022-08-10 08:30:00,2022-08-10 12:45:00,4.5,3.3,4.488888888888889,8
2022-08-10 17:15:00,2022-08-10 18:15:00,1.25,4.2,4.34,17
2022-08-10 23:15:00,2022-08-11 01:00:00,2.0,3.6,3.8125,23
2022-08-11 03:45:00,2022-08-11 04:15:00,0.75,3.6,3.766666666666666,3
2022-08-11 17:30:00,2022-08-11 18:15:00,1.0,4.2,4.375,17
2022-08-12 00:30:00,2022-08-12 05:00:00,4.75,3.0,3.5052631578947366,0
2022-08-12 09:45:00,2022-08-12 11:45:00,2.25,5.2,5.6,9
2022-08-12 13:30:00,2022-08-12 16:00:00,2.75,4.9,5.127272727272728,13
2022-08-13 01:00:00,2022-08-13 04:30:00,3.75,3.0,3.726666666666667,1
2022-08-13 11:15:00,2022-08-13 16:30:00,5.5,3.8,4.55,11
2022-08-14 02:15:00,2022-08-14 03:00:00,1.0,3.8,4.025,2
2022-08-14 06:45:00,2022-08-14 08:45:00,2.25,2.6,3.077777777777778,6
2022-08-14 12:45:00,2022-08-14 18:30:00,6.0,3.4,4.354166666666667,12
2022-08-14 20:00:00,2022-08-14 21:00:00,1.25,3.6,3.7600000000000002,20
2022-08-15 01:15:00,2022-08-15 01:30:00,0.5,3.0,3.25,1
2022-08-15 03:00:00,2022-08-15 03:45:00,1.0,3.0,3.375,3
2022-08-15 06:30:00,2022-08-15 14:00:00,7.75,2.0,2.7419354838709684,6
2022-08-15 16:15:00,2022-08-16 03:00:00,11.0,1.1,3.0818181818181825,16
2022-08-16 04:30:00,2022-08-16 04:45:00,0.5,1.1,1.3,4
2022-08-16 06:30:00,2022-08-16 07:45:00,1.5,0.9,2.0166666666666666,6
2022-08-16 10:45:00,2022-08-16 15:00:00,4.5,1.2,2.322222222222222,10
2022-08-16 16:30:00,2022-08-17 01:45:00,9.5,1.7,3.965789473684211,16
2022-08-17 03:15:00,2022-08-17 05:30:00,2.5,2.7,3.0599999999999996,3
2022-08-17 10:45:00,2022-08-17 13:15:00,2.75,2.3,3.3899999999999997,10
2022-08-17 14:45:00,2022-08-17 23:00:00,8.5,1.4,3.308823529411765,14
2022-08-18 02:00:00,2022-08-18 04:00:00,2.25,1.9,2.2222222222222223,2
2022-08-18 05:30:00,2022-08-18 08:15:00,3.0,3.0,3.6,5
2022-08-18 13:30:00,2022-08-18 15:15:00,2.0,4.9,5.0625,13
2022-08-18 21:00:00,2022-08-18 23:00:00,2.25,3.4,4.322222222222222,21
2022-08-19 00:30:00,2022-08-19 01:45:00,1.5,3.4,4.3,0
2022-08-19 10:45:00,2022-08-19 11:45:00,1.25,3.5,3.6800000000000006,10
2022-08-19 18:15:00,2022-08-19 23:00:00,5.0,1.5,2.925,18
2022-08-20 00:30:00,2022-08-20 01:00:00,0.75,2.4,2.7000000000000006,0
2022-08-20 04:15:00,2022-08-20 07:15:00,3.25,3.0,4.069230769230769,4
2022-08-20 12:45:00,2022-08-20 13:15:00,0.75,4.1,4.2,12
2022-08-20 15:30:00,2022-08-20 15:45:00,0.5,4.4,4.550000000000001,15
2022-08-20 17:30:00,2022-08-20 17:45:00,0.5,4.1,4.25,17
2022-08-20 21:45:00,2022-08-20 22:15:00,0.75,3.8,3.9666666666666663,21
2022-08-20 23:45:00,2022-08-21 00:15:00,0.75,3.2,3.3333333333333335,23
2022-08-21 04:45:00,2022-08-21 05:30:00,1.0,4.9,5.075,4
2022-08-21 07:15:00,2022-08-21 11:30:00,4.5,2.7,3.388888888888889,7
2022-08-21 21:00:00,2022-08-22 00:00:00,3.25,3.1,3.476923076923077,21
2022-08-22 06:45:00,2022-08-22 10:30:00,4.0,3.1,4.025,6
2022-08-22 14:15:00,2022-08-22 15:00:00,1.0,4.1,4.225,14
2022-08-22 21:30:00,2022-08-23 01:30:00,4.25,2.5,3.041176470588235,21
2022-08-23 05:30:00,2022-08-23 08:15:00,3.0,4.9,5.233333333333333,5
2022-08-23 09:45:00,2022-08-23 12:30:00,3.0,3.0,4.233333333333333,9
2022-08-23 19:00:00,2022-08-23 20:15:00,1.5,4.4,4.533333333333334,19
2022-08-23 23:00:00,2022-08-24 02:15:00,3.5,3.4,4.064285714285714,23
2022-08-24 11:15:00,2022-08-24 14:15:00,3.25,3.4,3.930769230769231,11
2022-08-25 02:45:00,2022-08-25 04:00:00,1.5,4.1,4.55,2
2022-08-26 06:00:00,2022-08-26 06:15:00,0.5,4.2,4.300000000000001,6
2022-08-26 08:15:00,2022-08-26 13:15:00,5.25,3.8,4.257142857142857,8
2022-08-27 07:15:00,2022-08-27 11:30:00,4.5,3.2,3.9555555555555557,7
2022-08-27 18:00:00,2022-08-27 18:15:00,0.5,3.8,3.9,18
2022-08-28 10:30:00,2022-08-28 15:45:00,5.5,3.1,3.9181818181818175,10
2022-08-29 08:30:00,2022-08-29 10:00:00,1.75,2.8,3.0000000000000004,8
2022-08-29 12:15:00,2022-08-29 13:15:00,1.25,2.8,2.88,12
2022-08-30 19:15:00,2022-08-30 21:15:00,2.25,3.5,3.933333333333333,19
2022-08-31 00:30:00,2022-08-31 01:45:00,1.5,3.2,3.3833333333333333,0
2022-08-31 17:00:00,2022-08-31 22:45:00,6.0,1.7,2.2125,17
2022-09-01 00:45:00,2022-09-01 03:45:00,3.25,2.0,2.5615384615384613,0
2022-09-01 12:00:00,2022-09-01 12:45:00,1.0,2.0,2.225,12
2022-09-01 15:15:00,2022-09-01 20:30:00,5.5,1.2,1.9090909090909087,15
2022-09-02 03:00:00,2022-09-02 07:15:00,4.5,2.3,3.0666666666666664,3
2022-09-02 14:45:00,2022-09-02 16:30:00,2.0,2.3,2.7,14
2022-09-02 21:30:00,2022-09-03 00:00:00,2.75,1.8,2.618181818181818,21
2022-09-03 02:45:00,2022-09-03 05:00:00,2.5,2.7,3.85,2
2022-09-03 12:45:00,2022-09-03 16:00:00,3.5,3.7,3.9928571428571424,12
2022-09-04 04:45:00,2022-09-04 09:00:00,4.5,2.7,3.4444444444444446,4
2022-09-04 15:00:00,2022-09-04 16:00:00,1.25,3.3,3.34,15
2022-09-04 19:15:00,2022-09-04 21:15:00,2.25,3.2,3.5,19
2022-09-04 23:15:00,2022-09-04 23:30:00,0.5,3.0,3.2,23
2022-09-05 07:30:00,2022-09-05 09:00:00,1.75,3.1,3.528571428571429,7
2022-09-05 14:15:00,2022-09-05 15:30:00,1.5,3.7,3.7999999999999994,14
2022-09-05 17:15:00,2022-09-05 17:45:00,0.75,3.7,3.7999999999999994,17
2022-09-06 09:00:00,2022-09-06 09:15:00,0.5,3.6,3.7,9
2022-09-06 15:00:00,2022-09-07 01:30:00,10.75,3.1,3.748837209302326,15
2022-09-07 06:45:00,2022-09-07 08:00:00,1.5,3.5,3.8333333333333335,6
2022-09-07 09:45:00,2022-09-07 13:15:00,3.75,3.4,3.68,9
2022-09-07 21:30:00,2022-09-08 03:00:00,5.75,2.5,3.313043478260869,21
2022-09-08 10:15:00,2022-09-08 11:30:00,1.5,4.1,4.216666666666666,10
2022-09-08 17:15:00,2022-09-08 18:30:00,1.5,4.4,4.633333333333334,17
2022-09-09 10:00:00,2022-09-09 12:30:00,2.75,4.5,4.70909090909091,10
2022-09-09 15:45:00,2022-09-09 16:30:00,1.0,3.8,3.925,15
2022-09-10 00:30:00,2022-09-10 01:30:00,1.25,3.1,3.3400000000000007,0
2022-09-10 07:00:00,2022-09-10 07:30:00,0.75,3.1,3.3666666666666667,7
2022-09-10 11:45:00,2022-09-10 13:45:00,2.25,4.8,5.055555555555555,11
2022-09-10 16:30:00,2022-09-10 18:45:00,2.5,4.2,4.6000000000000005,16
2022-09-10 20:30:00,2022-09-10 20:45:00,0.5,3.9,4.0,20
2022-09-10 22:45:00,2022-09-11 01:45:00,3.25,3.7,4.176923076923076,22
2022-09-11 03:30:00,2022-09-11 06:15:00,3.0,3.1,3.716666666666667,3
2022-09-11 15:00:00,2022-09-11 20:45:00,6.0,4.3,5.366666666666667,15
2022-09-11 22:30:00,2022-09-12 02:15:00,4.0,2.9,4.29375,22
2022-09-12 04:30:00,2022-09-12 07:00:00,2.75,2.5,3.3090909090909095,4
2022-09-12 09:00:00,2022-09-12 11:30:00,2.75,2.7,3.1727272727272733,9
2022-09-12 14:45:00,2022-09-12 18:45:00,4.25,3.5,4.694117647058824,14
2022-09-12 20:30:00,2022-09-12 21:30:00,1.25,3.4,3.6199999999999997,20
2022-09-12 23:00:00,2022-09-13 02:30:00,3.75,3.2,3.9133333333333336,23
2022-09-13 04:00:00,2022-09-13 08:00:00,4.25,2.4,3.376470588235294,4
2022-09-13 12:15:00,2022-09-13 18:30:00,6.5,4.3,5.553846153846154,12
2022-09-13 20:00:00,2022-09-13 21:15:00,1.5,4.6,4.866666666666667,20
2022-09-14 00:30:00,2022-09-14 01:00:00,0.75,5.5,5.733333333333333,0
2022-09-14 02:45:00,2022-09-14 09:00:00,6.5,3.0,4.515384615384615,2
2022-09-14 11:15:00,2022-09-14 17:00:00,6.0,3.6,4.908333333333333,11
2022-09-14 18:30:00,2022-09-14 21:45:00,3.5,5.5,6.214285714285714,18
2022-09-15 01:30:00,2022-09-15 08:00:00,6.75,3.2,4.651851851851852,1
2022-09-15 09:30:00,2022-09-15 10:15:00,1.0,4.1,4.3,9
2022-09-15 12:00:00,2022-09-15 19:00:00,7.25,4.4,5.6482758620689655,12
2022-09-16 01:30:00,2022-09-16 05:30:00,4.25,3.5,5.235294117647059,1
2022-09-16 10:00:00,2022-09-16 13:30:00,3.75,4.0,4.453333333333334,10
2022-09-16 15:15:00,2022-09-16 16:15:00,1.25,4.6,5.639999999999999,15
2022-09-16 18:00:00,2022-09-16 19:45:00,2.0,5.8,6.575,18
2022-09-17 02:00:00,2022-09-17 03:15:00,1.5,5.6,5.766666666666667,2
2022-09-17 04:45:00,2022-09-17 08:45:00,4.25,3.2,4.411764705882353,4
2022-09-17 13:00:00,2022-09-17 16:45:00,4.0,4.1,4.5875,13
2022-09-17 20:15:00,2022-09-17 21:15:00,1.25,5.2,5.680000000000001,20
2022-09-18 03:15:00,2022-09-18 08:15:00,5.25,3.1,4.571428571428571,3
2022-09-18 14:00:00,2022-09-18 14:30:00,0.75,4.4,4.633333333333334,14
2022-09-18 16:00:00,2022-09-18 17:45:00,2.0,4.1,4.7875,16
2022-09-18 19:30:00,2022-09-18 22:30:00,3.25,4.6,4.861538461538461,19
2022-09-19 04:15:00,2022-09-19 08:15:00,4.25,3.2,4.417647058823529,4
2022-09-22 10:45:00,2022-09-22 13:00:00,2.5,4.1,4.4,10
2022-09-22 17:45:00,2022-09-22 20:30:00,3.0,5.3,5.966666666666666,17
2022-09-22 23:00:00,2022-09-22 23:30:00,0.75,5.3,5.533333333333334,23
2022-09-23 02:30:00,2022-09-23 03:00:00,0.75,4.1,4.3,2
2022-09-23 05:00:00,2022-09-23 06:30:00,1.75,3.8,4.028571428571429,5
2022-09-23 11:30:00,2022-09-23 12:00:00,0.75,4.9,5.266666666666667,11
2022-09-23 16:45:00,2022-09-24 00:15:00,7.75,4.5,5.67741935483871,16
2022-09-24 02:15:00,2022-09-24 06:15:00,4.25,4.7,5.0470588235294125,2
2022-09-24 10:30:00,2022-09-24 11:45:00,1.5,5.2,5.916666666666667,10
2022-09-24 13:30:00,2022-09-24 14:15:00,1.0,5.8,6.0249999999999995,13
2022-09-24 16:45:00,2022-09-24 19:00:00,2.5,5.7,6.33,16
2022-09-24 22:45:00,2022-09-24 23:45:00,1.25,5.2,5.4399999999999995,22
2022-09-25 02:30:00,2022-09-25 03:45:00,1.5,4.6,5.216666666666668,2
2022-09-25 05:15:00,2022-09-25 06:30:00,1.5,4.0,4.383333333333333,5
2022-09-25 08:00:00,2022-09-25 08:45:00,1.0,4.1,4.2749999999999995,8
2022-09-25 16:15:00,2022-09-25 20:15:00,4.25,4.9,5.411764705882353,16
2022-09-25 23:30:00,2022-09-26 00:30:00,1.25,4.2,4.34,23
2022-09-26 03:00:00,2022-09-26 04:00:00,1.25,3.9,4.1,3
2022-09-26 13:15:00,2022-09-26 14:30:00,1.5,5.7,5.883333333333333,13
2022-09-26 16:00:00,2022-09-26 17:15:00,1.5,4.4,5.033333333333334,16
2022-09-26 21:30:00,2022-09-26 23:45:00,2.5,3.6,3.91,21
2022-09-27 05:30:00,2022-09-27 06:00:00,0.75,2.9,3.0666666666666664,5
2022-09-27 15:15:00,2022-09-27 23:00:00,8.0,5.8,6.434375,15
2022-09-28 02:30:00,2022-09-28 04:30:00,2.25,4.7,5.2444444444444445,2
2022-09-28 15:45:00,2022-09-28 16:45:00,1.25,7.3,7.6,15
2022-09-28 18:45:00,2022-09-28 20:30:00,2.0,7.2,7.387500000000001,18
2022-09-29 16:45:00,2022-09-29 17:45:00,1.25,7.4,7.68,16
2022-09-30 13:45:00,2022-09-30 18:30:00,5.0,7.2,7.540000000000001,13
2022-10-01 03:15:00,2022-10-01 05:30:00,2.5,5.4,6.2299999999999995,3
2022-10-01 16:30:00,2022-10-01 17:45:00,1.5,6.5,6.883333333333333,16
2022-10-01 19:15:00,2022-10-01 19:45:00,0.75,6.9,7.033333333333334,19
2022-10-02 04:15:00,2022-10-02 04:45:00,0.75,5.9,6.066666666666667,4
2022-10-02 14:30:00,2022-10-02 18:15:00,4.0,6.3,6.725,14
2022-10-02 20:15:00,2022-10-02 21:45:00,1.75,6.4,6.714285714285714,20
2022-10-02 23:15:00,2022-10-03 01:00:00,2.0,6.3,6.512499999999999,23
2022-10-03 05:45:00,2022-10-03 08:45:00,3.25,5.0,5.953846153846154,5
2022-10-03 18:45:00,2022-10-03 20:00:00,1.5,6.3,6.516666666666666,18
2022-10-04 09:15:00,2022-10-04 09:45:00,0.75,5.2,5.366666666666667,9
2022-10-04 16:30:00,2022-10-04 18:30:00,2.25,5.8,6.2333333333333325,16
2022-10-05 09:45:00,2022-10-05 10:15:00,0.75,5.4,5.6000000000000005,9
2022-10-05 19:15:00,2022-10-05 20:15:00,1.25,5.8,6.04,19
2022-10-06 10:30:00,2022-10-06 12:15:00,2.0,5.1,5.4125,10
2022-10-06 18:00:00,2022-10-06 19:00:00,1.25,6.1,6.24,18
2022-10-06 20:30:00,2022-10-06 21:30:00,1.25,5.5,5.680000000000001,20
2022-10-07 01:15:00,2022-10-07 04:30:00,3.5,5.1,5.385714285714287,1
2022-10-07 16:15:00,2022-10-07 19:00:00,3.0,6.0,6.375,16
2022-10-07 20:30:00,2022-10-07 22:45:00,2.5,5.5,6.0,20
2022-10-08 02:15:00,2022-10-08 04:30:00,2.5,5.0,5.36,2
2022-10-08 07:00:00,2022-10-08 08:15:00,1.5,5.0,5.183333333333334,7
2022-10-09 03:45:00,2022-10-09 05:00:00,1.5,5.5,5.633333333333333,3
2022-10-09 18:00:00,2022-10-09 20:00:00,2.25,6.6,6.733333333333333,18
2022-10-10 05:45:00,2022-10-10 06:15:00,0.75,5.0,5.133333333333333,5
2022-10-10 23:00:00,2022-10-11 00:15:00,1.5,5.9,6.216666666666666,23
2022-10-11 01:45:00,2022-10-11 03:45:00,2.25,4.8,5.388888888888889,1
2022-10-11 17:15:00,2022-10-11 17:45:00,0.75,7.0,7.066666666666666,17
2022-10-11 22:45:00,2022-10-12 05:15:00,6.75,3.7,5.885185185185184,22
2022-10-12 06:45:00,2022-10-12 07:45:00,1.25,3.5,4.48,6
2022-10-12 09:15:00,2022-10-12 12:30:00,3.5,4.0,4.6,9
2022-10-13 00:45:00,2022-10-13 05:15:00,4.75,3.3,4.663157894736842,0
2022-10-13 11:45:00,2022-10-13 12:45:00,1.25,4.2,4.640000000000001,11
2022-10-13 15:00:00,2022-10-13 18:15:00,3.5,5.1,5.592857142857143,15
2022-10-14 01:00:00,2022-10-14 04:15:00,3.5,4.1,5.221428571428572,1
2022-10-14 08:30:00,2022-10-14 10:15:00,2.0,4.0,4.2125,8
2022-10-15 01:30:00,2022-10-15 05:15:00,4.0,4.5,5.481249999999999,1
2022-10-15 17:30:00,2022-10-15 18:15:00,1.0,6.2,6.3500000000000005,17
2022-10-16 02:45:00,2022-10-16 06:30:00,4.0,4.5,5.61875,2
2022-10-16 13:30:00,2022-10-16 14:00:00,0.75,6.1,6.233333333333333,13
2022-10-17 05:30:00,2022-10-17 08:15:00,3.0,3.9,4.591666666666668,5
2022-10-17 15:45:00,2022-10-17 17:15:00,1.75,6.0,6.228571428571429,15
2022-10-18 16:45:00,2022-10-18 17:45:00,1.25,6.7,6.88,16
2022-10-19 18:30:00,2022-10-19 19:45:00,1.5,6.8,7.033333333333332,18
2022-10-22 04:00:00,2022-10-22 04:30:00,0.75,6.4,6.633333333333333,4
2022-10-22 21:00:00,2022-10-22 22:15:00,1.5,7.0,7.216666666666668,21
2022-10-23 00:15:00,2022-10-23 01:15:00,1.25,6.8,6.9399999999999995,0
2022-10-23 04:00:00,2022-10-23 05:00:00,1.25,6.4,6.619999999999999,4
2022-10-23 14:45:00,2022-10-23 16:00:00,1.5,7.1,7.283333333333334,14
2022-10-23 22:45:00,2022-10-24 04:00:00,5.5,5.7,6.622727272727274,22
2022-10-24 06:15:00,2022-10-24 07:00:00,1.0,5.6,5.875,6
2022-10-24 13:00:00,2022-10-24 15:45:00,3.0,6.8,6.991666666666666,13
2022-10-25 01:15:00,2022-10-25 06:00:00,5.0,4.3,5.6,1
2022-10-25 07:45:00,2022-10-25 08:45:00,1.25,4.4,4.84,7
2022-10-25 22:30:00,2022-10-26 02:00:00,3.75,4.3,5.493333333333334,22
2022-10-26 23:15:00,2022-10-27 04:00:00,5.0,5.1,6.325,23
2022-10-28 00:00:00,2022-10-28 03:45:00,4.0,5.8,6.84375,0
2022-10-28 15:45:00,2022-10-28 16:30:00,1.0,6.7,6.8,15
2022-10-29 01:45:00,2022-10-29 06:45:00,5.25,5.0,6.533333333333333,1
2022-10-30 02:45:00,2022-10-30 06:30:00,4.0,3.9,5.0375000000000005,2
2022-10-31 04:00:00,2022-10-31 05:30:00,1.75,5.3,5.628571428571427,4
2022-11-01 02:45:00,2022-11-01 06:15:00,3.75,5.3,6.12,2
2022-11-01 14:00:00,2022-11-01 19:00:00,5.25,6.1,6.485714285714285,14
2022-11-02 03:45:00,2022-11-02 05:30:00,2.0,5.8,6.0625,3
2022-11-02 07:30:00,2022-11-02 08:00:00,0.75,5.6,5.733333333333333,7
2022-11-02 10:00:00,2022-11-02 10:30:00,0.75,5.5,5.566666666666666,10
2022-11-02 15:30:00,2022-11-02 16:30:00,1.25,6.9,7.040000000000001,15
2022-11-03 13:45:00,2022-11-03 21:15:00,7.75,6.3,6.722580645161291,13
2022-11-04 14:00:00,2022-11-04 15:00:00,1.25,6.3,6.42,14
2022-11-05 05:30:00,2022-11-05 07:45:00,2.5,4.8,5.46,5
2022-11-05 13:00:00,2022-11-05 16:30:00,3.75,4.3,4.9799999999999995,13
2022-11-05 18:45:00,2022-11-05 19:45:00,1.25,5.3,5.680000000000001,18
2022-11-06 00:15:00,2022-11-06 02:00:00,2.0,4.6,5.324999999999999,0
2022-11-06 05:00:00,2022-11-06 07:30:00,2.75,4.0,4.3545454545454545,5
2022-11-06 11:45:00,2022-11-06 12:45:00,1.25,4.7,5.02,11
2022-11-06 18:00:00,2022-11-06 19:15:00,1.5,5.9,6.05,18
2022-11-06 22:45:00,2022-11-07 02:45:00,4.25,3.4,4.235294117647059,22
2022-11-07 07:30:00,2022-11-07 08:15:00,1.0,3.9,4.275,7
2022-11-07 16:30:00,2022-11-07 17:45:00,1.5,6.6,6.983333333333333,16
2022-11-07 21:00:00,2022-11-08 02:00:00,5.25,4.1,5.642857142857142,21
2022-11-08 06:30:00,2022-11-08 08:45:00,2.5,4.3,4.65,6
2022-11-08 17:30:00,2022-11-08 17:45:00,0.5,6.8,6.949999999999999,17
2022-11-08 21:45:00,2022-11-09 02:30:00,5.0,4.4,6.040000000000001,21
2022-11-09 07:45:00,2022-11-09 08:00:00,0.5,4.4,4.6,7
2022-11-09 09:45:00,2022-11-09 11:00:00,1.5,4.8,5.516666666666666,9
2022-11-10 02:15:00,2022-11-10 04:30:00,2.5,5.0,5.7,2
2022-11-10 12:00:00,2022-11-10 14:15:00,2.5,6.6,6.95,12
2022-11-10 15:45:00,2022-11-10 16:45:00,1.25,7.0,7.140000000000001,15
2022-11-11 02:15:00,2022-11-11 04:30:00,2.5,5.3,6.01,2
2022-11-12 01:00:00,2022-11-12 05:00:00,4.25,5.2,6.300000000000001,1
2022-11-14 03:45:00,2022-11-14 05:30:00,2.0,7.7,8.1125,3
2022-11-15 06:30:00,2022-11-15 09:30:00,3.25,6.9,7.707692307692308,6
2022-11-15 19:45:00,2022-11-15 20:15:00,0.75,7.6,7.733333333333334,19
2022-11-15 21:45:00,2022-11-15 23:30:00,2.0,7.5,7.7125,21
2022-11-16 21:45:00,2022-11-16 22:45:00,1.25,8.2,8.36,21
2022-11-17 03:00:00,2022-11-17 05:30:00,2.75,7.7,7.954545454545454,3
2022-11-17 07:00:00,2022-11-17 07:15:00,0.5,7.6,7.85,7
2022-11-17 18:15:00,2022-11-17 22:15:00,4.25,8.5,8.670588235294119,18
2022-11-17 23:45:00,2022-11-18 04:30:00,5.0,8.1,8.395,23
2022-11-18 07:00:00,2022-11-18 09:00:00,2.25,8.0,8.277777777777779,7
2022-11-18 12:45:00,2022-11-18 16:00:00,3.5,8.9,9.9,12
2022-11-18 20:45:00,2022-11-18 21:30:00,1.0,9.2,9.375,20
2022-11-19 15:30:00,2022-11-19 17:00:00,1.75,8.6,8.7,15
2022-11-19 21:30:00,2022-11-19 22:30:00,1.25,8.3,8.419999999999998,21
2022-11-20 00:15:00,2022-11-20 06:15:00,6.25,7.4,7.8,0
2022-11-21 06:00:00,2022-11-21 08:30:00,2.75,7.5,7.718181818181819,6
2022-11-22 23:45:00,2022-11-23 02:30:00,3.0,7.2,8.033333333333335,23
2022-11-23 04:15:00,2022-11-23 04:30:00,0.5,6.9,7.0,4
2022-11-23 23:00:00,2022-11-24 02:15:00,3.5,6.9,7.871428571428571,23
2022-11-25 02:00:00,2022-11-25 05:00:00,3.25,6.0,6.9,2
2022-11-26 02:45:00,2022-11-26 04:00:00,1.5,5.9,6.233333333333333,2
2022-11-27 01:00:00,2022-11-27 03:30:00,2.75,6.3,6.872727272727274,1
2022-11-27 15:45:00,2022-11-27 18:30:00,3.0,7.5,7.816666666666667,15
2022-11-28 02:15:00,2022-11-28 02:30:00,0.5,7.0,7.1,2
2022-11-28 04:15:00,2022-11-28 06:30:00,2.5,5.8,6.16,4
2022-11-28 16:15:00,2022-11-28 20:30:00,4.5,6.9,7.611111111111111,16
2022-11-29 04:30:00,2022-11-29 05:45:00,1.5,6.3,6.699999999999999,4
2022-11-29 12:45:00,2022-11-29 13:15:00,0.75,6.7,6.766666666666667,12
2022-11-29 17:15:00,2022-11-29 19:45:00,2.75,7.2,7.70909090909091,17
2022-11-30 04:45:00,2022-11-30 08:15:00,3.75,5.6,6.573333333333333,4
2022-11-30 09:45:00,2022-11-30 10:15:00,0.75,5.5,5.7,9
2022-11-30 16:00:00,2022-11-30 16:45:00,1.0,6.5,6.725,16
2022-11-30 20:15:00,2022-11-30 21:00:00,1.0,6.5,6.65,20
2022-11-30 22:45:00,2022-12-01 00:00:00,1.5,6.0,6.25,22
2022-12-01 02:00:00,2022-12-01 02:30:00,0.75,5.9,6.166666666666667,2
2022-12-01 05:15:00,2022-12-01 09:15:00,4.25,5.0,5.482352941176471,5
2022-12-01 11:00:00,2022-12-01 11:30:00,0.75,5.7,6.066666666666666,11
2022-12-01 15:30:00,2022-12-02 04:15:00,13.0,5.8,6.636538461538462,15
2022-12-02 06:00:00,2022-12-02 08:00:00,2.25,5.8,5.977777777777778,6
2022-12-02 17:00:00,2022-12-02 18:30:00,1.75,7.6,8.028571428571428,17
2022-12-03 00:15:00,2022-12-03 03:30:00,3.5,6.3,6.914285714285714,0
2022-12-03 06:15:00,2022-12-03 15:00:00,9.0,5.3,6.166666666666667,6
2022-12-03 17:45:00,2022-12-04 00:30:00,7.0,5.9,6.678571428571429,17
2022-12-04 03:45:00,2022-12-04 04:00:00,0.5,5.0,5.15,3
2022-12-04 05:30:00,2022-12-04 11:15:00,6.0,4.1,4.783333333333333,5
2022-12-04 17:00:00,2022-12-04 21:30:00,4.75,6.5,6.9526315789473685,17
2022-12-04 23:00:00,2022-12-05 12:15:00,13.5,4.1,5.1648148148148145,23
2022-12-05 21:30:00,2022-12-06 02:45:00,5.5,4.7,5.868181818181818,21
2022-12-06 06:00:00,2022-12-06 06:30:00,0.75,4.7,4.766666666666667,6
2022-12-06 08:00:00,2022-12-06 11:15:00,3.5,4.3,5.014285714285713,8
2022-12-06 20:45:00,2022-12-07 01:15:00,4.75,5.0,6.373684210526316,20
2022-12-07 07:15:00,2022-12-07 09:00:00,2.0,5.0,5.1625,7
2022-12-07 13:45:00,2022-12-07 14:00:00,0.5,6.2,6.300000000000001,13
2022-12-07 21:30:00,2022-12-08 01:30:00,4.25,4.7,6.288235294117647,21
2022-12-08 08:45:00,2022-12-08 15:15:00,6.75,5.4,6.644444444444445,8
2022-12-08 22:15:00,2022-12-09 02:30:00,4.5,4.8,6.016666666666667,22
2022-12-09 10:15:00,2022-12-09 13:00:00,3.0,5.7,6.008333333333334,10
2022-12-09 14:30:00,2022-12-09 16:30:00,2.25,5.9,6.122222222222223,14
2022-12-09 18:00:00,2022-12-09 19:15:00,1.5,5.8,6.250000000000001,18
2022-12-09 22:15:00,2022-12-10 02:30:00,4.5,4.9,6.038888888888889,22
2022-12-10 10:45:00,2022-12-10 12:45:00,2.25,5.4,5.8,10
2022-12-10 15:45:00,2022-12-10 18:00:00,2.5,5.6,6.029999999999999,15
2022-12-11 01:15:00,2022-12-11 04:15:00,3.25,4.9,5.907692307692307,1
2022-12-11 10:00:00,2022-12-11 18:30:00,8.75,5.3,5.825714285714285,10
2022-12-12 00:00:00,2022-12-12 04:45:00,5.0,4.1,5.449999999999999,0
2022-12-12 11:00:00,2022-12-12 12:30:00,1.75,5.3,5.799999999999999,11
2022-12-12 17:15:00,2022-12-12 18:00:00,1.0,6.2,6.325,17
2022-12-13 02:30:00,2022-12-13 05:15:00,3.0,5.0,5.866666666666666,2
2022-12-13 07:15:00,2022-12-13 11:15:00,4.25,4.5,5.052941176470589,7
2022-12-14 03:15:00,2022-12-14 04:00:00,1.0,6.1,6.4,3
2022-12-14 23:30:00,2022-12-15 01:15:00,2.0,5.2,5.6625000000000005,23
2022-12-15 13:45:00,2022-12-15 19:15:00,5.75,6.3,6.8,13
2022-12-16 03:30:00,2022-12-16 06:15:00,3.0,6.1,6.541666666666665,3
2022-12-16 11:15:00,2022-12-16 11:30:00,0.5,6.4,6.5,11
2022-12-16 20:30:00,2022-12-16 22:15:00,2.0,7.0,7.2375,20
2022-12-17 06:00:00,2022-12-17 08:30:00,2.75,6.3,6.609090909090909,6
2022-12-17 19:45:00,2022-12-18 00:15:00,4.75,7.1,7.6421052631578945,19
2022-12-18 10:15:00,2022-12-18 11:15:00,1.25,7.0,7.3,10
2022-12-19 04:30:00,2022-12-19 07:15:00,3.0,6.9,7.558333333333334,4
2022-12-19 09:00:00,2022-12-19 13:15:00,4.5,7.0,7.844444444444445,9
2022-12-19 17:00:00,2022-12-19 22:15:00,5.5,7.9,8.477272727272727,17
2022-12-20 00:00:00,2022-12-20 01:00:00,1.25,8.1,8.260000000000002,0
2022-12-20 02:30:00,2022-12-20 03:15:00,1.0,7.9,8.100000000000001,2
2022-12-20 04:45:00,2022-12-20 13:15:00,8.75,7.4,7.965714285714286,4
2022-12-21 00:00:00,2022-12-21 01:00:00,1.25,8.0,8.24,0
2022-12-22 23:45:00,2022-12-23 01:00:00,1.5,8.2,8.516666666666666,23
2022-12-25 00:00:00,2022-12-25 01:45:00,2.0,10.7,10.85,0
2022-12-27 03:00:00,2022-12-27 03:30:00,0.75,10.3,10.366666666666667,3
2022-12-28 06:30:00,2022-12-28 07:45:00,1.5,9.9,10.033333333333333,6
2022-12-28 19:45:00,2022-12-28 22:15:00,2.75,10.1,10.318181818181818,19
2022-12-29 08:45:00,2022-12-29 09:15:00,0.75,9.3,9.4,8
2022-12-29 22:45:00,2022-12-29 23:15:00,0.75,9.7,9.799999999999999,22
2022-12-30 12:30:00,2022-12-30 15:15:00,3.0,8.2,8.625,12
2022-12-31 00:00:00,2022-12-31 01:00:00,1.25,7.9,8.139999999999999,0
2022-12-31 03:15:00,2022-12-31 04:00:00,1.0,7.2,7.45,3
2022-12-31 16:30:00,2022-12-31 19:00:00,2.75,7.3,7.554545454545456,16
2022-12-31 23:45:00,2023-01-01 00:30:00,1.0,6.6,6.675000000000001,23
2023-01-01 08:45:00,2023-01-01 12:45:00,4.25,5.9,6.576470588235294,8
2023-01-01 17:30:00,2023-01-02 00:45:00,7.5,6.2,7.97,17
2023-01-02 18:45:00,2023-01-02 20:00:00,1.5,10.7,11.016666666666667,18
2023-01-02 21:30:00,2023-01-03 01:30:00,4.25,5.9,7.923529411764707,21
2023-01-03 04:30:00,2023-01-03 05:15:00,1.0,5.6,5.7749999999999995,4
2023-01-03 22:45:00,2023-01-03 23:30:00,1.0,9.2,9.649999999999999,22
2023-01-04 01:00:00,2023-01-04 03:15:00,2.5,5.9,6.85,1
2023-01-04 22:30:00,2023-01-05 03:00:00,4.75,5.7,6.989473684210526,22
2023-01-05 11:30:00,2023-01-05 13:15:00,2.0,5.7,6.45,11
2023-01-05 21:15:00,2023-01-06 01:00:00,4.0,6.4,7.6625,21
2023-01-06 10:00:00,2023-01-06 10:15:00,0.5,6.1,6.25,10
2023-01-06 13:15:00,2023-01-06 14:15:00,1.25,7.2,7.339999999999999,13
2023-01-06 23:45:00,2023-01-07 02:00:00,2.5,7.2,7.970000000000001,23
2023-01-07 16:15:00,2023-01-07 17:00:00,1.0,8.3,8.5,16
2023-01-07 18:30:00,2023-01-07 18:45:00,0.5,8.0,8.1,18
2023-01-07 23:00:00,2023-01-08 02:00:00,3.25,7.3,8.215384615384615,23
2023-01-08 12:00:00,2023-01-08 17:00:00,5.25,6.6,7.395238095238095,12
2023-01-08 19:15:00,2023-01-08 21:45:00,2.75,6.9,7.181818181818182,19
2023-01-09 00:00:00,2023-01-09 02:00:00,2.25,6.7,7.344444444444444,0
2023-01-09 10:15:00,2023-01-09 13:15:00,3.25,6.3,6.9,10
2023-01-09 18:30:00,2023-01-09 20:15:00,2.0,7.3,7.6625,18
2023-01-10 00:00:00,2023-01-10 02:00:00,2.25,7.5,7.933333333333334,0
2023-01-10 15:45:00,2023-01-10 18:15:00,2.75,7.8,8.463636363636361,15
2023-01-10 20:00:00,2023-01-11 00:45:00,5.0,8.0,8.290000000000001,20
2023-01-11 02:15:00,2023-01-11 03:30:00,1.5,7.3,7.699999999999999,2
2023-01-11 05:00:00,2023-01-11 05:15:00,0.5,6.9,7.050000000000001,5
2023-01-11 07:00:00,2023-01-11 08:30:00,1.75,6.7,6.871428571428572,7
2023-01-11 12:15:00,2023-01-11 13:45:00,1.75,7.8,8.371428571428572,12
2023-01-12 04:15:00,2023-01-12 06:00:00,2.0,6.9,7.25,4
2023-01-12 09:00:00,2023-01-12 09:30:00,0.75,6.6,6.666666666666667,9
2023-01-12 16:15:00,2023-01-12 23:45:00,7.75,6.7,7.445161290322581,16
2023-01-13 04:30:00,2023-01-13 05:45:00,1.5,6.7,6.850000000000001,4
2023-01-13 10:30:00,2023-01-13 11:30:00,1.25,7.0,7.3,10
2023-01-13 14:00:00,2023-01-13 15:15:00,1.5,7.7,8.033333333333333,14
2023-01-13 18:30:00,2023-01-13 21:30:00,3.25,7.8,8.161538461538463,18
2023-01-14 04:00:00,2023-01-14 05:15:00,1.5,7.2,7.550000000000001,4
2023-01-14 15:15:00,2023-01-14 15:45:00,0.75,9.4,9.533333333333333,15
2023-01-14 17:30:00,2023-01-15 11:00:00,17.75,7.3,8.626760563380282,17
2023-01-15 13:00:00,2023-01-15 13:30:00,0.75,9.8,9.966666666666667,13
2023-01-15 21:15:00,2023-01-16 02:30:00,5.5,9.1,9.713636363636363,21
2023-01-16 04:00:00,2023-01-16 08:30:00,4.75,8.5,9.0,4
2023-01-16 10:15:00,2023-01-16 11:15:00,1.25,8.8,9.02,10
2023-01-16 16:30:00,2023-01-16 17:45:00,1.5,9.2,9.6,16
2023-01-16 19:30:00,2023-01-16 21:00:00,1.75,9.0,9.200000000000001,19
2023-01-16 22:45:00,2023-01-17 01:45:00,3.25,8.1,8.415384615384614,22
2023-01-17 04:15:00,2023-01-17 05:00:00,1.0,7.7,7.825,4
2023-01-17 18:30:00,2023-01-18 07:30:00,13.25,5.2,7.047169811320755,18
2023-01-18 19:45:00,2023-01-19 03:00:00,7.5,5.6,7.926666666666667,19
2023-01-19 06:15:00,2023-01-19 09:15:00,3.25,4.7,6.138461538461538,6
2023-01-19 11:15:00,2023-01-19 13:15:00,2.25,6.3,6.866666666666666,11
2023-01-19 20:30:00,2023-01-20 02:00:00,5.75,6.0,7.756521739130433,20
2023-01-20 07:00:00,2023-01-20 08:00:00,1.25,6.1,6.3,7
2023-01-20 09:45:00,2023-01-20 11:00:00,1.5,6.5,6.699999999999999,9
2023-01-20 20:45:00,2023-01-21 02:30:00,6.0,6.4,7.6625000000000005,20
2023-01-21 04:45:00,2023-01-21 10:00:00,5.5,6.5,6.745454545454547,4
2023-01-22 03:30:00,2023-01-22 03:45:00,0.5,7.5,7.6,3
2023-01-22 06:45:00,2023-01-22 09:15:00,2.75,6.1,6.463636363636365,6
2023-01-23 01:15:00,2023-01-23 02:15:00,1.25,6.7,7.0600000000000005,1
2023-01-23 03:45:00,2023-01-23 05:15:00,1.75,6.0,6.3,3
2023-01-23 06:45:00,2023-01-23 08:45:00,2.25,5.2,6.311111111111112,6
2023-01-23 11:45:00,2023-01-23 13:00:00,1.5,6.4,7.033333333333332,11
2023-01-23 16:00:00,2023-01-23 17:15:00,1.5,7.8,7.916666666666667,16
2023-01-23 19:00:00,2023-01-23 19:30:00,0.75,7.9,8.0,19
2023-01-23 23:15:00,2023-01-24 04:30:00,5.5,6.9,8.022727272727273,23
2023-01-24 06:30:00,2023-01-24 09:15:00,3.0,6.9,7.125,6
2023-01-25 10:00:00,2023-01-25 12:30:00,2.75,7.2,7.645454545454545,10
2023-01-25 14:45:00,2023-01-25 15:45:00,1.25,8.1,8.440000000000001,14
2023-01-25 19:15:00,2023-01-25 21:15:00,2.25,7.9,8.355555555555558,19
2023-01-25 23:30:00,2023-01-26 00:00:00,0.75,7.6,8.066666666666666,23
2023-01-26 07:15:00,2023-01-26 07:45:00,0.75,7.7,7.766666666666667,7
2023-01-26 12:15:00,2023-01-26 12:45:00,0.75,8.0,8.200000000000001,12
2023-01-26 14:45:00,2023-01-26 15:30:00,1.0,8.7,8.925,14
2023-01-26 19:30:00,2023-01-26 20:00:00,0.75,8.7,8.866666666666665,19
2023-01-26 21:45:00,2023-01-26 22:45:00,1.25,8.1,8.34,21
2023-01-27 00:15:00,2023-01-27 02:15:00,2.25,7.8,8.122222222222222,0
2023-01-27 05:15:00,2023-01-27 05:30:00,0.5,8.1,8.3,5
2023-01-27 07:00:00,2023-01-27 08:30:00,1.75,7.2,7.6000000000000005,7
2023-01-27 22:00:00,2023-01-27 23:00:00,1.25,9.2,9.4,22
2023-01-28 00:45:00,2023-01-28 06:45:00,6.25,7.7,8.544,0
2023-01-28 08:15:00,2023-01-28 09:15:00,1.25,8.2,8.58,8
2023-01-29 04:30:00,2023-01-29 06:45:00,2.5,7.7,8.0,4
2023-01-29 10:00:00,2023-01-29 11:45:00,2.0,8.2,8.5625,10
2023-01-30 02:00:00,2023-01-30 03:45:00,2.0,6.8,7.125,2
2023-01-30 05:45:00,2023-01-30 06:45:00,1.25,7.2,7.459999999999999,5
2023-01-30 17:30:00,2023-01-31 00:30:00,7.25,6.1,7.6689655172413795,17
2023-01-31 07:00:00,2023-01-31 09:15:00,2.5,5.6,6.109999999999999,7
2023-01-31 18:00:00,2023-01-31 23:15:00,5.5,6.0,7.381818181818184,18
2023-02-01 18:45:00,2023-02-01 19:30:00,1.0,8.2,8.3,18
2023-02-01 21:45:00,2023-02-02 01:30:00,4.0,5.8,6.7375,21
2023-02-02 09:00:00,2023-02-02 09:45:00,1.0,5.7,6.050000000000001,9
2023-02-02 19:15:00,2023-02-02 19:45:00,0.75,8.0,8.1,19
2023-02-02 21:15:00,2023-02-02 23:30:00,2.5,6.1,6.9799999999999995,21
2023-02-03 19:15:00,2023-02-03 22:45:00,3.75,8.3,8.786666666666665,19
2023-02-04 01:45:00,2023-02-04 02:30:00,1.0,7.8,7.9,1
2023-02-04 09:00:00,2023-02-04 09:15:00,0.5,7.3,7.5,9
2023-02-04 12:45:00,2023-02-04 14:00:00,1.5,8.4,8.533333333333333,12
2023-02-04 15:30:00,2023-02-04 18:45:00,3.5,9.0,9.207142857142857,15
2023-02-04 20:30:00,2023-02-04 21:15:00,1.0,8.9,9.05,20
2023-02-04 23:15:00,2023-02-05 01:15:00,2.25,8.5,9.011111111111111,23
2023-02-05 03:00:00,2023-02-05 04:15:00,1.5,7.8,7.983333333333333,3
2023-02-05 08:30:00,2023-02-05 09:30:00,1.25,7.5,7.74,8
2023-02-05 22:45:00,2023-02-06 00:15:00,1.75,8.3,8.671428571428573,22
2023-02-06 09:30:00,2023-02-06 10:30:00,1.25,7.2,7.340000000000001,9
2023-02-06 13:30:00,2023-02-06 14:00:00,0.75,8.2,8.399999999999999,13
2023-02-06 23:30:00,2023-02-07 05:15:00,6.0,6.8,7.991666666666667,23
2023-02-07 08:45:00,2023-02-07 09:15:00,0.75,6.8,7.133333333333333,8
2023-02-07 14:45:00,2023-02-07 16:00:00,1.5,7.8,8.049999999999999,14
2023-02-07 18:45:00,2023-02-07 19:45:00,1.25,7.7,7.92,18
2023-02-08 02:45:00,2023-02-08 03:45:00,1.25,6.7,7.239999999999999,2
2023-02-08 07:45:00,2023-02-08 08:45:00,1.25,6.0,6.5,7
2023-02-08 13:00:00,2023-02-08 15:30:00,2.75,7.3,7.827272727272727,13
2023-02-08 18:00:00,2023-02-08 20:30:00,2.75,7.7,8.090909090909092,18
2023-02-09 00:45:00,2023-02-09 01:45:00,1.25,7.0,7.4,0
2023-02-09 04:15:00,2023-02-09 06:15:00,2.25,6.0,6.866666666666666,4
2023-02-09 09:15:00,2023-02-09 10:45:00,1.75,5.8,6.457142857142856,9
2023-02-09 14:30:00,2023-02-09 15:45:00,1.5,5.4,5.816666666666666,14
2023-02-09 17:15:00,2023-02-09 20:30:00,3.5,5.5,6.235714285714285,17
2023-02-09 22:15:00,2023-02-10 01:00:00,3.0,5.7,6.066666666666666,22
2023-02-10 04:45:00,2023-02-10 07:30:00,3.0,5.0,5.541666666666667,4
2023-02-10 11:00:00,2023-02-10 20:45:00,10.0,5.1,5.83,11
2023-02-10 23:30:00,2023-02-11 02:30:00,3.25,5.3,5.884615384615386,23
2023-02-11 04:00:00,2023-02-11 12:15:00,8.5,5.1,5.73235294117647,4
2023-02-11 14:00:00,2023-02-11 15:15:00,1.5,5.8,6.433333333333333,14
2023-02-11 17:00:00,2023-02-11 22:00:00,5.25,5.6,6.376190476190475,17
2023-02-12 09:00:00,2023-02-12 09:45:00,1.0,7.1,7.65,9
2023-02-13 05:15:00,2023-02-13 05:30:00,0.5,7.7,7.85,5
2023-02-13 07:00:00,2023-02-13 09:00:00,2.25,7.7,8.255555555555555,7
2023-02-13 10:30:00,2023-02-13 13:00:00,2.75,9.1,9.490909090909092,10
2023-02-13 19:15:00,2023-02-13 23:15:00,4.25,8.2,8.905882352941175,19
2023-02-14 05:00:00,2023-02-14 06:30:00,1.75,7.6,7.7857142857142865,5
2023-02-14 08:45:00,2023-02-14 10:15:00,1.75,8.6,8.799999999999999,8
2023-02-14 16:30:00,2023-02-14 22:15:00,6.0,8.8,10.004166666666668,16
2023-02-15 01:15:00,2023-02-15 01:45:00,0.75,8.0,8.1,1
2023-02-15 09:30:00,2023-02-15 11:30:00,2.25,7.5,7.911111111111111,9
2023-02-15 20:00:00,2023-02-15 23:45:00,4.0,6.9,7.88125,20
2023-02-16 05:00:00,2023-02-16 06:15:00,1.5,6.4,6.783333333333334,5
2023-02-16 22:15:00,2023-02-17 01:15:00,3.25,5.9,6.792307692307692,22
2023-02-18 21:45:00,2023-02-19 01:15:00,3.75,8.1,9.17333333333333,21
2023-02-20 01:15:00,2023-02-20 03:00:00,2.0,7.5,8.05,1
2023-02-20 22:45:00,2023-02-21 03:45:00,5.25,7.3,8.114285714285714,22
2023-02-21 11:45:00,2023-02-21 13:00:00,1.5,8.1,8.266666666666666,11
2023-02-21 14:45:00,2023-02-21 18:00:00,3.5,7.7,8.742857142857142,14
2023-02-21 23:00:00,2023-02-21 23:45:00,1.0,7.2,7.799999999999999,23
2023-02-22 01:15:00,2023-02-22 06:30:00,5.5,6.7,7.427272727272728,1
2023-02-22 08:30:00,2023-02-22 12:00:00,3.75,6.4,7.153333333333334,8
2023-02-22 14:45:00,2023-02-22 19:15:00,4.75,7.8,8.31578947368421,14
2023-02-22 20:45:00,2023-02-23 01:15:00,4.75,6.8,7.836842105263158,20
2023-02-23 03:45:00,2023-02-23 08:00:00,4.5,6.5,6.933333333333334,3
2023-02-23 09:45:00,2023-02-23 14:45:00,5.25,6.2,7.33809523809524,9
2023-02-23 17:45:00,2023-02-23 20:45:00,3.25,6.5,7.261538461538461,17
2023-02-23 22:15:00,2023-02-24 10:45:00,12.75,5.1,6.0588235294117645,22
2023-02-24 12:15:00,2023-02-25 02:15:00,14.25,5.7,6.559649122807018,12
2023-02-25 04:15:00,2023-02-25 04:30:00,0.5,5.1,5.199999999999999,4
2023-02-25 06:15:00,2023-02-25 09:45:00,3.75,4.6,5.5,6
2023-02-25 17:45:00,2023-02-25 22:15:00,4.75,5.9,6.721052631578947,17
2023-02-26 01:00:00,2023-02-26 05:00:00,4.25,5.8,6.205882352941176,1
2023-02-26 07:45:00,2023-02-26 10:30:00,3.0,5.9,6.2749999999999995,7
2023-02-26 14:30:00,2023-02-26 23:15:00,9.0,6.2,7.3805555555555555,14
2023-02-27 04:15:00,2023-02-27 05:15:00,1.25,5.5,5.8,4
2023-02-27 17:45:00,2023-02-28 00:00:00,6.5,5.3,7.157692307692307,17
2023-02-28 06:30:00,2023-02-28 07:00:00,0.75,5.2,5.333333333333333,6
2023-02-28 20:00:00,2023-03-01 00:00:00,4.25,4.7,5.929411764705883,20
2023-03-01 06:15:00,2023-03-01 09:00:00,3.0,4.9,5.208333333333333,6
2023-03-01 18:45:00,2023-03-02 01:45:00,7.25,4.5,6.762068965517242,18
2023-03-02 18:45:00,2023-03-03 04:45:00,10.25,4.3,6.941463414634147,18
2023-03-03 06:15:00,2023-03-03 07:15:00,1.25,4.8,5.140000000000001,6
2023-03-03 21:00:00,2023-03-04 01:15:00,4.5,4.6,5.877777777777778,21
2023-03-04 03:30:00,2023-03-04 05:00:00,1.75,4.3,4.871428571428571,3
2023-03-04 20:30:00,2023-03-05 01:15:00,5.0,4.8,6.34,20
2023-03-05 22:15:00,2023-03-06 03:00:00,5.0,4.9,6.4,22
2023-03-06 07:00:00,2023-03-06 08:15:00,1.5,5.3,5.3999999999999995,7
2023-03-06 14:15:00,2023-03-06 14:45:00,0.75,6.7,6.766666666666667,14
2023-03-06 21:45:00,2023-03-06 23:15:00,1.75,6.7,6.942857142857143,21
2023-03-07 01:15:00,2023-03-07 03:45:00,2.75,4.9,5.454545454545454,1
2023-03-07 07:00:00,2023-03-07 07:30:00,0.75,4.9,5.0,7
2023-03-07 19:45:00,2023-03-07 20:45:00,1.25,6.4,6.540000000000001,19
2023-03-07 22:15:00,2023-03-07 23:15:00,1.25,6.1,6.279999999999999,22
2023-03-08 02:30:00,2023-03-08 04:45:00,2.5,5.1,5.34,2
2023-03-08 14:15:00,2023-03-08 15:00:00,1.0,6.3,6.425,14
2023-03-09 03:45:00,2023-03-09 04:30:00,1.0,4.8,5.2,3
2023-03-11 02:15:00,2023-03-11 05:30:00,3.5,5.2,5.392857142857143,2
2023-03-11 16:30:00,2023-03-11 20:00:00,3.75,6.4,6.886666666666668,16
2023-03-12 16:15:00,2023-03-12 21:45:00,5.75,4.4,5.4217391304347835,16
2023-03-12 23:30:00,2023-03-13 00:00:00,0.75,4.7,5.0,23
2023-03-13 16:45:00,2023-03-13 18:45:00,2.25,7.3,7.977777777777778,16
2023-03-14 09:45:00,2023-03-14 17:30:00,8.0,5.9,6.934375,9
2023-03-14 20:15:00,2023-03-14 21:45:00,1.75,7.1,7.485714285714286,20
2023-03-15 05:30:00,2023-03-15 13:00:00,7.75,4.4,6.729032258064516,5
2023-03-15 15:45:00,2023-03-15 18:30:00,3.0,8.0,8.4,15
2023-03-15 20:00:00,2023-03-15 21:15:00,1.5,7.5,7.949999999999999,20
2023-03-16 04:15:00,2023-03-16 07:15:00,3.25,6.2,6.576923076923077,4
2023-03-16 22:15:00,2023-03-17 00:30:00,2.5,6.5,7.3,22
2023-03-17 05:15:00,2023-03-17 05:30:00,0.5,6.3,6.4,5
2023-03-17 19:30:00,2023-03-17 21:30:00,2.25,5.8,6.544444444444443,19
2023-03-18 19:45:00,2023-03-18 20:15:00,0.75,8.4,8.533333333333333,19
2023-03-18 22:15:00,2023-03-19 00:15:00,2.25,6.9,7.411111111111111,22
2023-03-19 19:15:00,2023-03-19 21:00:00,2.0,8.1,8.6125,19
2023-03-20 06:00:00,2023-03-20 08:30:00,2.75,7.3,7.6,6
2023-03-20 16:00:00,2023-03-20 23:15:00,7.5,8.4,9.28,16
2023-03-21 01:45:00,2023-03-21 07:00:00,5.5,7.4,8.213636363636361,1
2023-03-21 10:45:00,2023-03-21 15:00:00,4.5,7.5,8.738888888888889,10
2023-03-21 19:45:00,2023-03-22 00:00:00,4.5,8.4,8.827777777777778,19
2023-03-22 03:45:00,2023-03-22 07:30:00,4.0,7.1,7.75625,3
2023-03-22 12:15:00,2023-03-22 12:45:00,0.75,8.1,8.3,12
2023-03-22 17:15:00,2023-03-22 19:00:00,2.0,8.4,8.675,17
2023-03-22 21:45:00,2023-03-22 22:30:00,1.0,7.9,8.075,21
2023-03-23 00:45:00,2023-03-23 04:30:00,4.0,7.4,7.9125,0
2023-03-23 14:45:00,2023-03-23 15:45:00,1.25,7.8,7.9799999999999995,14
2023-03-23 18:30:00,2023-03-23 18:45:00,0.5,7.7,7.85,18
2023-03-23 22:15:00,2023-03-24 01:30:00,3.5,7.3,7.514285714285713,22
2023-03-24 18:00:00,2023-03-24 23:30:00,5.75,6.2,6.721739130434782,18
2023-03-25 01:30:00,2023-03-25 02:15:00,1.0,6.1,6.199999999999999,1
2023-03-25 15:15:00,2023-03-25 19:30:00,4.5,5.5,6.588888888888888,15
2023-03-26 00:30:00,2023-03-26 03:15:00,3.0,5.4,5.691666666666666,0
2023-03-26 14:45:00,2023-03-26 21:15:00,6.75,4.6,6.318518518518518,14
2023-03-27 12:30:00,2023-03-27 13:45:00,1.5,6.3,6.3999999999999995,12
2023-03-27 15:15:00,2023-03-27 18:00:00,3.0,4.9,5.641666666666667,15
2023-03-28 01:00:00,2023-03-28 01:45:00,1.0,4.3,4.425,1
2023-03-28 13:00:00,2023-03-28 18:45:00,6.0,5.4,5.983333333333333,13
2023-03-28 20:45:00,2023-03-28 22:15:00,1.75,4.6,4.928571428571429,20
2023-03-29 07:30:00,2023-03-29 09:00:00,1.75,5.0,5.328571428571428,7
2023-03-29 15:00:00,2023-03-29 17:15:00,2.5,7.2,7.700000000000001,15
2023-03-29 20:00:00,2023-03-29 22:15:00,2.5,5.6,6.0,20
2023-03-30 04:45:00,2023-03-30 05:45:00,1.25,4.9,5.08,4
2023-03-30 07:15:00,2023-03-30 08:00:00,1.0,5.0,5.125,7
2023-03-30 11:00:00,2023-03-30 11:30:00,0.75,6.5,6.733333333333333,11
2023-03-30 15:00:00,2023-03-30 22:15:00,7.5,6.7,8.203333333333331,15
2023-03-31 00:00:00,2023-03-31 02:15:00,2.5,6.0,6.470000000000001,0
2023-03-31 04:45:00,2023-03-31 05:45:00,1.25,5.2,5.319999999999999,4
2023-03-31 08:15:00,2023-03-31 10:45:00,2.75,5.6,5.872727272727274,8
2023-03-31 18:45:00,2023-03-31 23:00:00,4.5,6.0,7.127777777777778,18
2023-04-01 13:45:00,2023-04-01 16:45:00,3.25,6.6,7.1692307692307695,13
2023-04-01 18:15:00,2023-04-01 23:30:00,5.5,5.9,6.881818181818181,18
2023-04-02 04:00:00,2023-04-02 08:00:00,4.25,4.2,4.623529411764706,4
2023-04-02 09:30:00,2023-04-02 15:00:00,5.75,4.3,6.017391304347828,9
2023-04-02 18:00:00,2023-04-02 20:45:00,3.0,7.2,7.958333333333333,18
2023-04-02 22:15:00,2023-04-02 22:30:00,0.5,6.7,6.800000000000001,22
2023-04-03 00:00:00,2023-04-03 01:30:00,1.75,6.1,6.5857142857142845,0
2023-04-03 03:00:00,2023-04-03 04:30:00,1.75,4.0,4.871428571428571,3
2023-04-03 09:30:00,2023-04-03 11:00:00,1.75,5.8,6.071428571428571,9
2023-04-03 15:00:00,2023-04-03 15:30:00,0.75,6.9,7.066666666666666,15
2023-04-03 17:30:00,2023-04-03 18:00:00,0.75,7.1,7.266666666666666,17
2023-04-03 22:15:00,2023-04-04 02:00:00,4.0,5.7,6.53125,22
2023-04-04 03:45:00,2023-04-04 05:15:00,1.75,4.5,4.714285714285714,3
2023-04-04 07:15:00,2023-04-04 09:45:00,2.75,4.9,5.327272727272727,7
2023-04-04 12:30:00,2023-04-04 13:45:00,1.5,6.6,6.933333333333334,12
2023-04-04 15:15:00,2023-04-04 16:30:00,1.5,6.9,7.050000000000001,15
2023-04-04 22:00:00,2023-04-04 22:30:00,0.75,6.6,6.666666666666667,22
2023-04-05 02:15:00,2023-04-05 06:00:00,4.0,4.2,5.31875,2
2023-04-05 09:15:00,2023-04-05 10:30:00,1.5,5.4,5.566666666666666,9
2023-04-05 13:30:00,2023-04-05 15:15:00,2.0,5.7,6.15,13
2023-04-05 16:45:00,2023-04-05 21:45:00,5.25,5.3,5.933333333333333,16
2023-04-06 00:15:00,2023-04-06 04:00:00,4.0,5.2,5.58125,0
2023-04-06 05:45:00,2023-04-06 06:30:00,1.0,4.8,4.95,5
2023-04-06 10:45:00,2023-04-06 12:00:00,1.5,6.0,6.083333333333333,10
2023-04-06 17:45:00,2023-04-07 04:45:00,11.25,4.4,5.819999999999999,17
2023-04-07 07:45:00,2023-04-07 08:30:00,1.0,5.2,5.25,7
2023-04-07 18:00:00,2023-04-08 02:15:00,8.5,4.5,5.3352941176470585,18
2023-04-08 03:45:00,2023-04-08 08:30:00,5.0,4.4,5.15,3
2023-04-08 13:00:00,2023-04-08 14:45:00,2.0,5.7,6.0625,13
2023-04-09 12:30:00,2023-04-09 13:00:00,0.75,7.2,7.433333333333334,12
2023-04-09 17:45:00,2023-04-09 18:15:00,0.75,6.6,6.766666666666666,17
2023-04-10 15:45:00,2023-04-10 17:30:00,2.0,8.0,8.3375,15
2023-04-11 16:15:00,2023-04-11 18:30:00,2.5,7.4,8.02,16
2023-04-12 16:15:00,2023-04-12 19:00:00,3.0,6.7,7.7,16
2023-04-13 01:15:00,2023-04-13 02:00:00,1.0,6.6,6.875,1
2023-04-13 18:45:00,2023-04-13 19:45:00,1.25,7.8,8.04,18
2023-04-14 16:15:00,2023-04-14 23:15:00,7.25,5.4,7.537931034482758,16
2023-04-15 05:45:00,2023-04-15 07:00:00,1.5,4.8,5.083333333333333,5
2023-04-15 08:45:00,2023-04-15 09:45:00,1.25,4.8,5.1,8
2023-04-15 15:45:00,2023-04-15 18:30:00,3.0,5.7,6.741666666666668,15
2023-04-15 21:45:00,2023-04-16 00:15:00,2.75,5.4,6.236363636363635,21
2023-04-16 12:15:00,2023-04-16 12:30:00,0.5,6.1,6.199999999999999,12
2023-04-17 11:45:00,2023-04-17 16:45:00,5.25,5.6,5.885714285714285,11
2023-04-18 00:45:00,2023-04-18 01:45:00,1.25,5.8,5.9,0
2023-04-18 08:15:00,2023-04-18 09:15:00,1.25,4.9,5.26,8
2023-04-18 10:45:00,2023-04-18 11:45:00,1.25,4.9,5.44,10
2023-04-18 15:30:00,2023-04-18 18:45:00,3.5,5.3,5.757142857142858,15
2023-04-18 21:00:00,2023-04-18 21:15:00,0.5,5.5,5.6,21
2023-04-18 23:30:00,2023-04-19 00:45:00,1.5,4.8,4.966666666666667,23
2023-04-19 02:15:00,2023-04-19 03:00:00,1.0,5.1,5.45,2
2023-04-19 04:45:00,2023-04-19 05:00:00,0.5,4.2,4.7,4
2023-04-19 06:45:00,2023-04-19 11:15:00,4.75,4.8,5.999999999999999,6
2023-04-19 14:15:00,2023-04-19 18:15:00,4.25,4.8,6.1,14
2023-04-19 23:45:00,2023-04-20 01:45:00,2.25,4.7,5.300000000000001,23
2023-04-20 03:15:00,2023-04-20 05:30:00,2.5,4.4,4.800000000000001,3
2023-04-20 07:15:00,2023-04-20 08:30:00,1.5,5.4,6.033333333333334,7
2023-04-20 15:15:00,2023-04-20 16:15:00,1.25,6.2,6.5,15
2023-04-20 17:45:00,2023-04-20 21:30:00,4.0,5.3,5.5875,17
2023-04-20 23:00:00,2023-04-21 02:30:00,3.75,5.4,5.926666666666667,23
2023-04-21 05:30:00,2023-04-21 06:15:00,1.0,5.5,5.625,5
2023-04-21 17:15:00,2023-04-21 18:15:00,1.25,5.4,5.56,17
2023-04-21 21:30:00,2023-04-21 22:30:00,1.25,5.1,5.18,21
2023-04-22 00:15:00,2023-04-22 02:30:00,2.5,4.6,4.84,0
2023-04-22 04:15:00,2023-04-22 05:00:00,1.0,4.3,4.5,4
2023-04-22 07:00:00,2023-04-22 08:45:00,2.0,4.3,4.7124999999999995,7
2023-04-22 13:45:00,2023-04-22 15:00:00,1.5,7.1,7.333333333333333,13
2023-04-22 17:45:00,2023-04-22 20:45:00,3.25,5.2,5.838461538461539,17
2023-04-22 23:45:00,2023-04-23 02:15:00,2.75,5.3,5.4363636363636365,23
2023-04-24 06:00:00,2023-04-24 07:45:00,2.0,5.8,6.074999999999999,6
2023-04-24 15:45:00,2023-04-24 16:15:00,0.75,7.4,7.533333333333334,15
2023-04-25 16:15:00,2023-04-25 18:30:00,2.5,7.4,7.779999999999999,16
2023-04-26 01:45:00,2023-04-26 04:15:00,2.75,5.7,5.881818181818182,1
2023-04-27 02:00:00,2023-04-27 02:30:00,0.75,5.1,5.333333333333333,2
2023-04-27 04:00:00,2023-04-27 05:15:00,1.5,4.6,4.983333333333333,4
2023-04-27 07:00:00,2023-04-27 07:45:00,1.0,5.6,5.824999999999999,7
2023-04-27 10:15:00,2023-04-27 11:15:00,1.25,5.7,5.9799999999999995,10
2023-04-27 13:45:00,2023-04-27 14:15:00,0.75,6.1,6.233333333333333,13
2023-04-27 19:30:00,2023-04-27 23:15:00,4.0,4.3,4.9312499999999995,19
2023-04-28 07:30:00,2023-04-28 09:00:00,1.75,4.6,4.885714285714286,7
2023-04-28 18:30:00,2023-04-28 18:45:00,0.5,7.0,7.1,18
2023-04-28 20:15:00,2023-04-28 22:15:00,2.25,4.5,5.266666666666667,20
2023-04-29 03:00:00,2023-04-29 07:00:00,4.25,3.9,4.452941176470588,3
2023-04-29 16:45:00,2023-04-29 17:45:00,1.25,5.7,6.16,16
2023-04-29 20:30:00,2023-04-29 22:45:00,2.5,4.3,4.82,20
2023-04-30 08:30:00,2023-04-30 09:00:00,0.75,4.9,5.1000000000000005,8
2023-04-30 10:30:00,2023-04-30 12:15:00,2.0,5.3,6.0,10
2023-04-30 16:00:00,2023-04-30 16:30:00,0.75,6.7,6.966666666666666,16
2023-04-30 20:15:00,2023-04-30 23:00:00,3.0,6.6,6.974999999999999,20
2023-05-01 10:00:00,2023-05-01 11:00:00,1.25,5.8,6.480000000000001,10
2023-05-01 18:30:00,2023-05-01 18:45:00,0.5,8.1,8.2,18
2023-05-01 20:15:00,2023-05-01 21:30:00,1.5,7.7,7.933333333333334,20
2023-05-01 23:00:00,2023-05-01 23:15:00,0.5,7.5,7.6,23
2023-05-02 02:45:00,2023-05-02 11:00:00,8.5,5.3,6.1499999999999995,2
2023-05-02 18:30:00,2023-05-02 20:30:00,2.25,7.0,7.51111111111111,18
2023-05-02 22:15:00,2023-05-02 23:30:00,1.5,5.9,6.3999999999999995,22
2023-05-03 02:00:00,2023-05-03 09:15:00,7.5,5.6,6.203333333333332,2
2023-05-03 17:45:00,2023-05-03 19:30:00,2.0,6.9,7.3125,17
2023-05-03 21:45:00,2023-05-04 05:45:00,8.25,5.2,6.221212121212122,21
2023-05-04 10:15:00,2023-05-04 11:45:00,1.75,7.1,7.3428571428571425,10
2023-05-04 16:45:00,2023-05-05 00:00:00,7.5,5.6,6.3566666666666665,16
2023-05-05 10:00:00,2023-05-05 10:30:00,0.75,6.0,6.233333333333333,10
2023-05-05 12:30:00,2023-05-05 13:45:00,1.5,5.5,5.916666666666667,12
2023-05-05 16:45:00,2023-05-05 20:00:00,3.5,5.6,6.364285714285714,16
2023-05-05 22:00:00,2023-05-05 23:15:00,1.5,5.7,6.05,22
2023-05-06 10:00:00,2023-05-06 14:00:00,4.25,4.8,5.805882352941176,10
2023-05-06 16:00:00,2023-05-06 17:00:00,1.25,4.6,4.779999999999999,16
2023-05-07 13:00:00,2023-05-07 14:15:00,1.5,6.8,7.183333333333334,13
2023-05-07 23:45:00,2023-05-08 03:00:00,3.5,4.4,4.764285714285714,23
2023-05-08 15:00:00,2023-05-08 16:00:00,1.25,5.9,6.220000000000001,15
2023-05-08 22:00:00,2023-05-08 23:00:00,1.25,4.5,4.619999999999999,22
2023-05-09 02:15:00,2023-05-09 04:15:00,2.25,4.0,4.233333333333333,2
2023-05-09 13:30:00,2023-05-09 15:30:00,2.25,6.7,7.055555555555555,13
2023-05-09 18:45:00,2023-05-09 20:00:00,1.5,4.8,5.233333333333333,18
2023-05-10 02:30:00,2023-05-10 05:45:00,3.5,3.5,3.9142857142857137,2
2023-05-10 13:45:00,2023-05-10 20:00:00,6.5,4.9,6.592307692307693,13
2023-05-11 03:15:00,2023-05-11 04:30:00,1.5,3.7,4.25,3
2023-05-11 18:15:00,2023-05-11 20:30:00,2.5,4.5,5.3,18
2023-05-12 03:30:00,2023-05-12 06:15:00,3.0,4.4,4.516666666666667,3
2023-05-12 17:30:00,2023-05-12 22:00:00,4.75,4.5,6.094736842105263,17
2023-05-13 02:00:00,2023-05-13 02:45:00,1.0,4.4,4.525,2
2023-05-13 04:15:00,2023-05-13 05:00:00,1.0,4.3,4.575,4
2023-05-13 11:45:00,2023-05-13 12:45:00,1.25,5.6,5.76,11
2023-05-13 16:15:00,2023-05-13 21:45:00,5.75,4.8,6.76521739130435,16
2023-05-14 01:45:00,2023-05-14 04:30:00,3.0,3.3,3.983333333333333,1
2023-05-14 06:15:00,2023-05-14 08:00:00,2.0,3.3,3.65,6
2023-05-14 09:30:00,2023-05-14 12:45:00,3.5,4.3,4.9071428571428575,9
2023-05-14 15:45:00,2023-05-14 21:30:00,6.0,4.9,6.245833333333333,15
2023-05-14 23:15:00,2023-05-15 03:45:00,4.75,3.6,4.71578947368421,23
2023-05-15 05:15:00,2023-05-15 08:15:00,3.25,3.1,3.630769230769231,5
2023-05-15 12:30:00,2023-05-15 13:15:00,1.0,4.1,4.675000000000001,12
2023-05-15 17:15:00,2023-05-15 23:15:00,6.25,4.6,5.439999999999999,17
2023-05-16 00:45:00,2023-05-16 02:30:00,2.0,4.0,4.4625,0
2023-05-16 05:30:00,2023-05-16 09:30:00,4.25,3.4,4.0588235294117645,5
2023-05-16 13:00:00,2023-05-16 23:15:00,10.5,3.3,5.628571428571428,13
2023-05-17 03:15:00,2023-05-17 08:15:00,5.25,4.2,4.752380952380953,3
2023-05-17 10:00:00,2023-05-17 11:00:00,1.25,4.8,5.1,10
2023-05-17 12:45:00,2023-05-17 18:00:00,5.5,4.4,5.04090909090909,12
2023-05-17 20:15:00,2023-05-18 00:00:00,4.0,3.6,4.25,20
2023-05-18 02:00:00,2023-05-18 05:30:00,3.75,4.0,4.453333333333333,2
2023-05-18 08:45:00,2023-05-18 11:15:00,2.75,5.2,5.3999999999999995,8
2023-05-18 15:30:00,2023-05-19 00:15:00,9.0,4.4,5.125000000000001,15
2023-05-19 12:00:00,2023-05-19 13:00:00,1.25,5.5,5.64,12
2023-05-19 16:15:00,2023-05-19 16:45:00,0.75,6.2,6.3999999999999995,16
2023-05-19 20:00:00,2023-05-20 02:30:00,6.75,4.2,4.992592592592593,20
2023-05-20 05:00:00,2023-05-20 05:30:00,0.75,4.4,4.633333333333334,5
2023-05-20 07:00:00,2023-05-20 07:45:00,1.0,4.8,5.175,7
2023-05-20 16:15:00,2023-05-20 17:00:00,1.0,5.7,5.8,16
2023-05-20 18:45:00,2023-05-20 21:30:00,3.0,4.1,4.866666666666666,18
2023-05-20 23:00:00,2023-05-21 03:15:00,4.5,3.7,4.2,23
2023-05-21 11:15:00,2023-05-21 14:30:00,3.5,5.2,5.778571428571428,11
2023-05-21 16:30:00,2023-05-21 19:15:00,3.0,4.7,5.508333333333333,16
2023-05-21 23:00:00,2023-05-22 00:30:00,1.75,4.3,4.514285714285714,23
2023-05-22 03:00:00,2023-05-22 05:00:00,2.25,3.6,4.211111111111111,3
2023-05-22 13:45:00,2023-05-22 14:30:00,1.0,6.5,6.7,13
2023-05-23 00:30:00,2023-05-23 02:30:00,2.25,4.3,4.644444444444444,0
2023-05-23 04:00:00,2023-05-23 05:00:00,1.25,4.1,4.459999999999999,4
2023-05-23 11:45:00,2023-05-23 12:30:00,1.0,6.1,6.2250000000000005,11
2023-05-23 14:00:00,2023-05-23 14:30:00,0.75,6.2,6.433333333333334,14
2023-05-23 18:15:00,2023-05-23 19:30:00,1.5,5.6,5.849999999999999,18
2023-05-23 22:45:00,2023-05-23 23:45:00,1.25,4.5,5.08,22
2023-05-24 01:15:00,2023-05-24 03:45:00,2.75,4.3,4.463636363636362,1
2023-05-24 06:00:00,2023-05-24 06:15:00,0.5,4.4,4.5,6
2023-05-24 08:15:00,2023-05-24 09:15:00,1.25,5.2,5.4799999999999995,8
2023-05-24 13:15:00,2023-05-24 14:15:00,1.25,6.0,6.239999999999999,13
2023-05-24 16:45:00,2023-05-24 20:30:00,4.0,4.5,5.41875,16
2023-05-24 22:15:00,2023-05-24 23:15:00,1.25,4.6,5.0200000000000005,22
2023-05-25 01:00:00,2023-05-25 05:45:00,5.0,3.7,4.455,1
2023-05-25 16:45:00,2023-05-25 17:15:00,0.75,5.7,6.3,16
2023-05-25 18:45:00,2023-05-25 20:30:00,2.0,5.2,5.6875,18
2023-05-26 00:15:00,2023-05-26 03:00:00,3.0,4.3,4.658333333333333,0
2023-05-26 18:45:00,2023-05-26 21:15:00,2.75,4.4,5.254545454545454,18
2023-05-26 23:30:00,2023-05-27 00:30:00,1.25,4.6,4.92,23
2023-05-27 02:30:00,2023-05-27 02:45:00,0.5,4.4,4.6,2
2023-05-27 04:15:00,2023-05-27 05:00:00,1.0,4.6,4.699999999999999,4
2023-05-27 07:00:00,2023-05-27 08:00:00,1.25,4.6,4.779999999999999,7
2023-05-27 11:30:00,2023-05-27 11:45:00,0.5,5.8,5.9,11
2023-05-27 16:00:00,2023-05-27 19:15:00,3.5,5.5,6.514285714285713,16
2023-05-28 01:45:00,2023-05-28 08:15:00,6.75,4.1,4.61851851851852,1
2023-05-28 10:45:00,2023-05-28 12:00:00,1.5,5.4,5.7,10
2023-05-28 13:30:00,2023-05-28 14:30:00,1.25,5.8,6.14,13
2023-05-28 18:45:00,2023-05-28 21:30:00,3.0,6.0,6.2749999999999995,18
2023-05-28 23:00:00,2023-05-28 23:30:00,0.75,5.7,5.766666666666667,23
2023-05-29 01:00:00,2023-05-29 01:30:00,0.75,5.1,5.366666666666667,1
2023-05-29 03:00:00,2023-05-29 11:15:00,8.5,4.5,4.911764705882353,3
2023-05-29 15:15:00,2023-05-30 06:15:00,15.25,3.5,5.363934426229507,15
2023-05-30 08:45:00,2023-05-30 09:45:00,1.25,4.1,4.62,8
2023-05-30 12:45:00,2023-05-31 02:45:00,14.25,5.0,6.456140350877194,12
2023-05-31 04:45:00,2023-05-31 06:45:00,2.25,4.7,5.0888888888888895,4
2023-05-31 08:30:00,2023-05-31 12:15:00,4.0,5.2,5.625,8
2023-05-31 17:15:00,2023-05-31 22:30:00,5.5,5.4,6.1499999999999995,17
2023-06-01 12:00:00,2023-06-01 13:15:00,1.5,5.6,5.8500000000000005,12
2023-06-01 19:15:00,2023-06-01 20:30:00,1.5,5.9,6.05,19
2023-06-02 12:00:00,2023-06-02 12:30:00,0.75,5.7,5.833333333333333,12
2023-06-03 11:30:00,2023-06-03 12:00:00,0.75,5.3,5.666666666666667,11
2023-06-04 16:30:00,2023-06-04 17:00:00,0.75,5.4,5.566666666666667,16
2023-06-04 20:15:00,2023-06-04 22:30:00,2.5,4.0,4.4,20
2023-06-05 16:45:00,2023-06-05 19:15:00,2.75,4.9,5.363636363636363,16
2023-06-05 21:30:00,2023-06-06 00:15:00,3.0,4.2,4.533333333333334,21
2023-06-06 14:15:00,2023-06-06 14:45:00,0.75,6.1,6.2,14
2023-06-06 18:00:00,2023-06-06 20:15:00,2.5,4.5,4.970000000000001,18
2023-06-07 00:00:00,2023-06-07 01:00:00,1.25,4.4,4.56,0
2023-06-07 17:45:00,2023-06-07 20:45:00,3.25,3.2,4.138461538461538,17
2023-06-07 23:30:00,2023-06-08 01:30:00,2.25,3.9,4.1,23
2023-06-08 15:00:00,2023-06-08 21:15:00,6.5,3.8,5.2846153846153845,15
2023-06-08 23:45:00,2023-06-09 00:15:00,0.75,4.2,4.266666666666667,23
2023-06-09 15:15:00,2023-06-10 02:15:00,11.25,3.4,4.502222222222221,15
2023-06-10 08:00:00,2023-06-10 09:15:00,1.5,3.8,4.0,8
2023-06-10 14:45:00,2023-06-10 15:15:00,0.75,6.1,6.233333333333333,14
2023-06-10 17:15:00,2023-06-10 22:00:00,5.0,3.2,5.249999999999999,17
2023-06-10 23:30:00,2023-06-11 02:00:00,2.75,3.8,4.118181818181818,23
2023-06-11 07:45:00,2023-06-11 09:00:00,1.5,4.0,4.116666666666666,7
2023-06-11 17:30:00,2023-06-11 19:30:00,2.25,6.1,6.533333333333334,17
2023-06-12 05:30:00,2023-06-12 06:15:00,1.0,5.0,5.1,5
2023-06-12 18:00:00,2023-06-12 20:00:00,2.25,5.9,6.188888888888888,18
2023-06-13 04:15:00,2023-06-13 06:00:00,2.0,4.5,4.6875,4
2023-06-13 08:00:00,2023-06-13 09:00:00,1.25,4.3,4.540000000000001,8
2023-06-13 11:00:00,2023-06-13 12:00:00,1.25,4.7,4.880000000000001,11
2023-06-13 18:00:00,2023-06-13 19:30:00,1.75,5.8,6.114285714285714,18
2023-06-14 12:15:00,2023-06-14 14:00:00,2.0,5.4,6.0625,12
2023-06-15 12:45:00,2023-06-15 15:15:00,2.75,4.9,5.472727272727273,12
2023-06-16 11:00:00,2023-06-16 12:00:00,1.25,4.5,4.8,11
2023-06-16 17:45:00,2023-06-16 19:00:00,1.5,5.1,5.483333333333333,17
2023-06-16 20:30:00,2023-06-16 21:15:00,1.0,5.0,5.125,20
2023-06-17 17:30:00,2023-06-17 19:00:00,1.75,4.7,5.0,17
2023-06-17 20:30:00,2023-06-17 22:15:00,2.0,4.1,4.475,20
2023-06-18 01:45:00,2023-06-18 03:15:00,1.75,4.2,4.385714285714285,1
2023-06-18 11:30:00,2023-06-18 13:30:00,2.25,4.5,5.344444444444445,11
2023-06-18 22:15:00,2023-06-18 23:00:00,1.0,4.6,4.875,22
2023-06-19 15:15:00,2023-06-19 18:00:00,3.0,4.1,5.108333333333333,15
2023-06-20 10:45:00,2023-06-20 11:15:00,0.75,4.3,4.366666666666667,10
2023-06-20 14:45:00,2023-06-20 15:45:00,1.25,4.1,4.360000000000001,14
2023-06-20 18:30:00,2023-06-20 20:15:00,2.0,3.9,4.1,18
2023-06-20 22:15:00,2023-06-21 01:30:00,3.5,3.6,3.778571428571429,22
2023-06-21 11:00:00,2023-06-21 11:15:00,0.5,3.6,3.75,11
2023-06-21 18:30:00,2023-06-21 20:15:00,2.0,4.3,4.6625,18
2023-06-21 21:45:00,2023-06-21 22:00:00,0.5,4.4,4.550000000000001,21
2023-06-22 05:30:00,2023-06-22 06:15:00,1.0,3.6,3.75,5
2023-06-22 11:15:00,2023-06-22 19:15:00,8.25,4.2,5.130303030303031,11
2023-06-23 06:30:00,2023-06-23 08:30:00,2.25,3.2,3.5888888888888886,6
2023-06-23 10:30:00,2023-06-23 19:00:00,8.75,3.6,4.654285714285714,10
2023-06-23 20:30:00,2023-06-23 21:00:00,0.75,3.5,3.6,20
2023-06-24 04:00:00,2023-06-24 10:00:00,6.25,2.5,3.1679999999999997,4
2023-06-24 11:30:00,2023-06-24 21:30:00,10.25,3.4,4.675609756097561,11
2023-06-25 05:45:00,2023-06-25 07:45:00,2.25,2.8,3.1777777777777776,5
2023-06-25 13:00:00,2023-06-25 14:15:00,1.5,5.5,5.8,13
2023-06-25 16:30:00,2023-06-25 18:15:00,2.0,5.3,5.675,16
2023-06-25 23:15:00,2023-06-26 00:30:00,1.5,4.3,4.5,23
2023-06-26 02:45:00,2023-06-26 06:30:00,4.0,3.3,3.89375,2
2023-06-26 08:45:00,2023-06-26 10:00:00,1.5,3.5,4.283333333333334,8
2023-06-26 11:45:00,2023-06-26 18:15:00,6.75,4.2,5.174074074074074,11
2023-06-26 21:00:00,2023-06-26 21:45:00,1.0,3.9,4.05,21
2023-06-26 23:45:00,2023-06-27 02:00:00,2.5,3.7,3.9299999999999997,23
2023-06-27 03:45:00,2023-06-27 06:45:00,3.25,2.7,3.569230769230769,3
2023-06-27 10:30:00,2023-06-27 11:30:00,1.25,4.1,4.66,10
2023-06-27 13:45:00,2023-06-27 14:15:00,0.75,5.0,5.3999999999999995,13
2023-06-27 16:00:00,2023-06-27 16:45:00,1.0,6.0,6.449999999999999,16
2023-06-27 18:45:00,2023-06-27 21:00:00,2.5,4.6,5.16,18
2023-06-27 22:45:00,2023-06-28 15:15:00,16.75,2.2,4.008955223880597,22
2023-06-28 16:45:00,2023-06-28 17:45:00,1.25,5.1,5.720000000000001,16
2023-06-28 19:30:00,2023-06-29 03:30:00,8.25,1.9,4.239393939393939,19
2023-06-29 11:00:00,2023-06-29 20:15:00,9.5,3.2,4.663157894736842,11
2023-06-29 21:45:00,2023-06-30 02:45:00,5.25,2.2,3.5904761904761906,21
2023-06-30 04:30:00,2023-06-30 11:00:00,6.75,3.1,4.0925925925925934,4
2023-06-30 15:45:00,2023-06-30 17:15:00,1.75,3.9,4.128571428571428,15
2023-06-30 20:30:00,2023-06-30 23:45:00,3.5,3.3,3.7214285714285715,20
2023-07-01 01:30:00,2023-07-01 02:15:00,1.0,3.3,3.5,1
2023-07-01 08:15:00,2023-07-01 11:45:00,3.75,4.0,4.6066666666666665,8
2023-07-01 19:30:00,2023-07-01 19:45:00,0.5,4.4,4.5,19
2023-07-02 02:15:00,2023-07-02 03:15:00,1.25,3.7,3.94,2
2023-07-02 08:45:00,2023-07-02 10:00:00,1.5,4.4,4.716666666666667,8
2023-07-02 21:30:00,2023-07-02 23:00:00,1.75,4.5,4.671428571428571,21
2023-07-03 20:45:00,2023-07-04 01:30:00,5.0,4.0,4.739999999999999,20
2023-07-04 04:45:00,2023-07-04 05:00:00,0.5,3.9,4.05,4
2023-07-04 12:15:00,2023-07-04 16:45:00,4.75,5.1,5.7894736842105265,12
2023-07-04 21:30:00,2023-07-05 00:45:00,3.5,4.0,4.8500000000000005,21
2023-07-05 14:30:00,2023-07-05 17:45:00,3.5,3.4,4.335714285714286,14
2023-07-05 22:30:00,2023-07-06 00:00:00,1.75,3.7,4.0,22
2023-07-06 01:30:00,2023-07-06 03:15:00,2.0,3.2,3.4875,1
2023-07-06 04:45:00,2023-07-06 06:45:00,2.25,2.8,3.3666666666666667,4
2023-07-06 08:30:00,2023-07-06 09:15:00,1.0,3.5,4.05,8
2023-07-06 14:00:00,2023-07-06 19:00:00,5.25,5.0,6.3619047619047615,14
2023-07-06 21:00:00,2023-07-06 23:00:00,2.25,5.3,5.555555555555555,21
2023-07-07 00:30:00,2023-07-07 02:15:00,2.0,4.1,4.487500000000001,0
2023-07-07 04:15:00,2023-07-07 13:00:00,9.0,3.4,4.699999999999999,4
2023-07-07 17:00:00,2023-07-08 06:15:00,13.5,3.3,5.266666666666667,17
2023-07-08 09:00:00,2023-07-08 12:45:00,4.0,4.7,5.831250000000001,9
2023-07-08 14:15:00,2023-07-08 16:30:00,2.5,7.5,7.949999999999998,14
2023-07-08 18:45:00,2023-07-08 22:30:00,4.0,6.0,6.5687500000000005,18
2023-07-09 00:00:00,2023-07-09 00:30:00,0.75,5.3,5.533333333333334,0
2023-07-09 02:30:00,2023-07-09 07:30:00,5.25,4.2,4.871428571428572,2
2023-07-09 13:30:00,2023-07-09 15:30:00,2.25,6.4,6.644444444444444,13
2023-07-09 17:30:00,2023-07-10 02:45:00,9.5,4.4,5.613157894736842,17
2023-07-10 04:30:00,2023-07-10 07:15:00,3.0,4.2,4.558333333333334,4
2023-07-10 14:30:00,2023-07-10 16:00:00,1.75,5.7,6.085714285714287,14
2023-07-10 17:30:00,2023-07-10 19:15:00,2.0,5.0,5.300000000000001,17
2023-07-10 21:00:00,2023-07-11 07:00:00,10.25,2.4,3.8560975609756105,21
2023-07-11 08:30:00,2023-07-11 10:15:00,2.0,3.5,3.9875,8
2023-07-11 12:15:00,2023-07-11 18:45:00,6.75,3.3,5.0851851851851855,12
2023-07-11 20:15:00,2023-07-12 00:45:00,4.75,4.0,4.731578947368421,20
2023-07-12 03:30:00,2023-07-12 07:15:00,4.0,3.1,3.6125,3
2023-07-12 09:00:00,2023-07-12 20:00:00,11.25,2.9,3.802222222222222,9
2023-07-12 21:30:00,2023-07-13 00:00:00,2.75,3.3,3.6363636363636362,21
2023-07-13 04:45:00,2023-07-13 07:30:00,3.0,3.6,4.016666666666667,4
2023-07-13 10:00:00,2023-07-13 13:00:00,3.25,2.6,3.1153846153846154,10
2023-07-13 23:45:00,2023-07-14 01:00:00,1.5,3.7,4.05,23
2023-07-14 03:00:00,2023-07-14 05:00:00,2.25,3.9,4.188888888888888,3
2023-07-14 06:30:00,2023-07-14 10:00:00,3.75,4.2,4.5600000000000005,6
2023-07-14 11:45:00,2023-07-14 12:15:00,0.75,4.3,4.5,11
2023-07-14 20:15:00,2023-07-15 06:00:00,10.0,3.4,4.5525,20
2023-07-15 08:15:00,2023-07-15 09:30:00,1.5,4.3,4.466666666666667,8
2023-07-15 11:00:00,2023-07-15 13:30:00,2.75,5.2,5.918181818181818,11
2023-07-15 15:15:00,2023-07-15 17:45:00,2.75,5.5,5.854545454545454,15
2023-07-15 19:15:00,2023-07-15 22:45:00,3.75,4.9,5.246666666666666,19
2023-07-16 02:15:00,2023-07-16 09:00:00,7.0,3.9,4.607142857142857,2
2023-07-16 15:15:00,2023-07-16 18:30:00,3.5,4.5,5.5,15
2023-07-16 21:00:00,2023-07-16 23:15:00,2.5,3.5,4.12,21
2023-07-17 01:30:00,2023-07-17 03:30:00,2.25,3.3,3.688888888888889,1
2023-07-17 05:00:00,2023-07-17 05:45:00,1.0,2.7,3.0,5
2023-07-17 11:15:00,2023-07-17 11:45:00,0.75,5.1,5.233333333333333,11
2023-07-17 13:45:00,2023-07-17 14:00:00,0.5,5.5,5.65,13
2023-07-17 22:15:00,2023-07-17 22:30:00,0.5,3.5,3.8,22
2023-07-18 00:00:00,2023-07-18 05:45:00,6.0,2.4,3.4124999999999996,0
2023-07-18 09:15:00,2023-07-18 14:30:00,5.5,4.0,5.218181818181819,9
2023-07-18 18:00:00,2023-07-18 20:15:00,2.5,4.9,5.76,18
2023-07-18 21:45:00,2023-07-19 06:30:00,9.0,2.9,4.283333333333333,21
2023-07-19 10:00:00,2023-07-19 10:45:00,1.0,4.9,5.625,10
2023-07-19 12:15:00,2023-07-19 14:45:00,2.75,5.8,6.0636363636363635,12
2023-07-19 17:30:00,2023-07-19 20:45:00,3.5,5.0,5.921428571428572,17
2023-07-19 22:30:00,2023-07-20 08:00:00,9.75,3.5,4.428205128205128,22
2023-07-20 10:30:00,2023-07-20 17:00:00,6.75,4.0,6.622222222222223,10
2023-07-20 19:00:00,2023-07-20 22:00:00,3.25,5.8,6.292307692307692,19
2023-07-21 00:15:00,2023-07-21 14:30:00,14.5,2.8,4.8051724137931044,0
2023-07-21 16:15:00,2023-07-22 00:30:00,8.5,5.6,6.814705882352941,16
2023-07-22 02:15:00,2023-07-22 06:15:00,4.25,4.2,4.817647058823529,2
2023-07-22 08:00:00,2023-07-22 12:45:00,5.0,3.7,5.12,8
2023-07-22 16:00:00,2023-07-23 06:30:00,14.75,3.1,4.954237288135594,16
2023-07-23 08:00:00,2023-07-23 11:00:00,3.25,2.9,3.492307692307693,8
2023-07-23 12:30:00,2023-07-23 12:45:00,0.5,3.4,3.55,12
2023-07-23 14:15:00,2023-07-23 18:00:00,4.0,4.5,5.53125,14
2023-07-23 19:30:00,2023-07-24 05:15:00,10.0,2.0,3.8175,19
2023-07-24 07:00:00,2023-07-24 09:00:00,2.25,2.1,3.2555555555555555,7
2023-07-24 13:45:00,2023-07-26 06:45:00,41.25,2.0,5.6042424242424245,13
2023-07-26 08:45:00,2023-07-26 10:00:00,1.5,3.7,4.083333333333333,8
2023-07-26 11:45:00,2023-07-26 12:45:00,1.25,3.9,4.4799999999999995,11
2023-07-26 14:30:00,2023-07-26 17:00:00,2.75,5.0,8.618181818181817,14
2023-07-26 18:45:00,2023-07-27 09:00:00,14.5,2.6,5.68793103448276,18
2023-07-27 12:15:00,2023-07-28 06:00:00,18.0,4.0,6.808333333333334,12
2023-07-28 17:30:00,2023-07-28 21:15:00,4.0,6.9,7.5375,17
2023-07-28 23:00:00,2023-07-29 05:00:00,6.25,3.6,5.016,23
2023-07-29 06:30:00,2023-07-29 07:45:00,1.5,3.7,4.016666666666667,6
2023-07-29 09:15:00,2023-07-29 10:45:00,1.75,4.0,4.514285714285714,9
2023-07-29 16:15:00,2023-07-29 20:00:00,4.0,5.4,6.26875,16
2023-07-29 22:00:00,2023-07-30 04:15:00,6.5,3.6,4.369230769230769,22
2023-07-30 09:15:00,2023-07-30 11:30:00,2.5,4.1,4.5,9
2023-07-30 17:30:00,2023-07-30 20:00:00,2.75,4.7,6.618181818181818,17
2023-07-30 21:45:00,2023-07-30 23:00:00,1.5,4.7,4.883333333333334,21
2023-07-31 01:30:00,2023-07-31 02:00:00,0.75,3.9,4.066666666666667,1
2023-07-31 10:45:00,2023-07-31 12:00:00,1.5,4.8,5.116666666666667,10
2023-07-31 19:30:00,2023-08-01 01:45:00,6.5,4.1,5.0076923076923086,19
2023-08-01 03:15:00,2023-08-01 06:30:00,3.5,3.3,3.692857142857143,3
2023-08-01 10:15:00,2023-08-01 11:30:00,1.5,4.4,4.766666666666666,10
2023-08-01 13:00:00,2023-08-01 14:30:00,1.75,4.9,5.142857142857143,13
2023-08-01 18:45:00,2023-08-01 21:15:00,2.75,5.7,6.199999999999999,18
2023-08-01 22:45:00,2023-08-02 05:15:00,6.75,3.3,4.425925925925926,22
2023-08-02 14:00:00,2023-08-02 14:15:00,0.5,6.2,6.300000000000001,14
2023-08-02 18:00:00,2023-08-02 19:00:00,1.25,6.9,7.3,18
2023-08-02 21:45:00,2023-08-03 10:00:00,12.5,3.4,4.571999999999999,21
2023-08-03 11:30:00,2023-08-03 16:15:00,5.0,5.1,6.205,11
2023-08-03 20:45:00,2023-08-03 23:15:00,2.75,5.7,6.1909090909090905,20
2023-08-04 00:45:00,2023-08-04 10:15:00,9.75,3.3,4.287179487179486,0
2023-08-04 12:00:00,2023-08-05 06:30:00,18.75,3.2,6.489333333333333,12
2023-08-05 08:30:00,2023-08-05 14:30:00,6.25,3.6,6.436000000000002,8
2023-08-05 18:15:00,2023-08-05 22:15:00,4.25,5.6,6.947058823529411,18
2023-08-05 23:45:00,2023-08-06 01:30:00,2.0,4.8,5.1,23
2023-08-06 03:15:00,2023-08-06 03:45:00,0.75,4.3,4.366666666666667,3
2023-08-06 05:45:00,2023-08-06 07:45:00,2.25,3.7,4.044444444444445,5
2023-08-06 16:00:00,2023-08-06 16:15:00,0.5,7.4,7.9,16
2023-08-06 18:15:00,2023-08-06 23:30:00,5.5,5.2,6.554545454545454,18
2023-08-07 03:00:00,2023-08-07 05:15:00,2.5,4.0,4.5,3
2023-08-07 15:15:00,2023-08-07 22:00:00,7.0,5.3,6.642857142857143,15
2023-08-08 05:00:00,2023-08-08 06:15:00,1.5,3.6,4.083333333333333,5
2023-08-08 14:30:00,2023-08-08 22:15:00,8.0,4.9,6.6812499999999995,14
2023-08-09 00:15:00,2023-08-09 01:00:00,1.0,4.6,4.675000000000001,0
2023-08-09 03:45:00,2023-08-09 06:00:00,2.5,3.7,4.220000000000001,3
2023-08-09 08:00:00,2023-08-09 09:45:00,2.0,3.5,3.975,8
2023-08-09 14:30:00,2023-08-09 14:45:00,0.5,7.2,7.4,14
2023-08-09 17:15:00,2023-08-09 22:45:00,5.75,5.0,6.556521739130434,17
2023-08-10 05:45:00,2023-08-10 08:45:00,3.25,3.2,4.161538461538462,5
2023-08-10 17:00:00,2023-08-10 18:45:00,2.0,5.9,6.75,17
2023-08-11 05:15:00,2023-08-11 07:00:00,2.0,3.6,3.925,5
2023-08-11 09:45:00,2023-08-11 11:15:00,1.75,3.7,4.0,9
2023-08-11 17:15:00,2023-08-11 19:15:00,2.25,5.4,6.555555555555555,17
2023-08-11 23:15:00,2023-08-12 02:00:00,3.0,4.2,4.75,23
2023-08-12 05:30:00,2023-08-12 08:30:00,3.25,3.6,4.200000000000001,5
2023-08-12 11:00:00,2023-08-12 12:15:00,1.5,3.8,4.633333333333334,11
2023-08-12 18:00:00,2023-08-13 01:45:00,8.0,3.5,5.096875,18
2023-08-13 06:15:00,2023-08-13 11:30:00,5.5,3.8,4.440909090909091,6
2023-08-13 18:00:00,2023-08-14 03:30:00,9.75,4.0,5.087179487179488,18
2023-08-14 07:30:00,2023-08-14 08:00:00,0.75,3.5,3.6999999999999997,7
2023-08-14 10:00:00,2023-08-14 10:15:00,0.5,4.0,4.45,10
2023-08-14 17:00:00,2023-08-14 22:30:00,5.75,4.4,5.739130434782608,17
2023-08-15 00:15:00,2023-08-15 05:15:00,5.25,2.9,4.309523809523809,0
2023-08-15 09:45:00,2023-08-15 10:30:00,1.0,4.4,5.1499999999999995,9
2023-08-15 13:30:00,2023-08-15 14:00:00,0.75,6.1,6.233333333333333,13
2023-08-15 16:15:00,2023-08-15 18:45:00,2.75,4.8,5.7,16
2023-08-15 20:15:00,2023-08-15 23:30:00,3.5,3.4,4.357142857142858,20
2023-08-16 01:15:00,2023-08-16 02:30:00,1.5,3.3,3.5500000000000003,1
2023-08-16 05:30:00,2023-08-16 06:00:00,0.75,3.0,3.2000000000000006,5
2023-08-16 15:45:00,2023-08-16 22:30:00,7.0,5.7,7.185714285714286,15
2023-08-17 00:00:00,2023-08-17 02:00:00,2.25,5.1,5.333333333333334,0
2023-08-17 05:45:00,2023-08-17 06:30:00,1.0,4.3,4.425,5
2023-08-17 13:30:00,2023-08-17 15:30:00,2.25,6.3,6.766666666666667,13
2023-08-17 18:45:00,2023-08-18 07:00:00,12.5,3.9,5.202000000000001,18
2023-08-18 13:30:00,2023-08-18 13:45:00,0.5,6.8,6.949999999999999,13
2023-08-18 16:30:00,2023-08-19 02:30:00,10.25,5.1,6.690243902439026,16
2023-08-19 04:15:00,2023-08-19 06:00:00,2.0,4.5,4.8999999999999995,4
2023-08-19 10:45:00,2023-08-19 13:00:00,2.5,5.2,6.34,10
2023-08-19 17:15:00,2023-08-19 23:45:00,6.75,5.6,7.000000000000001,17
2023-08-20 01:15:00,2023-08-20 05:00:00,4.0,4.3,4.71875,1
2023-08-20 06:45:00,2023-08-20 07:45:00,1.25,3.8,4.0200000000000005,6
2023-08-20 09:30:00,2023-08-20 10:45:00,1.5,4.1,4.516666666666667,9
2023-08-20 13:15:00,2023-08-21 04:45:00,15.75,4.1,6.001587301587302,13
2023-08-21 06:30:00,2023-08-21 08:45:00,2.5,3.6,3.9299999999999997,6
2023-08-21 12:00:00,2023-08-21 14:15:00,2.5,5.0,5.99,12
2023-08-21 16:15:00,2023-08-21 20:30:00,4.5,5.8,6.794444444444444,16
2023-08-21 22:15:00,2023-08-21 23:15:00,1.25,5.4,5.68,22
2023-08-22 00:45:00,2023-08-22 01:15:00,0.75,4.6,4.833333333333333,0
2023-08-22 03:45:00,2023-08-22 06:15:00,2.75,2.3,3.1909090909090905,3
2023-08-22 12:00:00,2023-08-22 12:30:00,0.75,4.0,4.633333333333333,12
2023-08-22 15:00:00,2023-08-23 06:15:00,15.5,3.6,5.953225806451614,15
2023-08-23 08:30:00,2023-08-23 20:45:00,12.5,4.0,6.256,8
2023-08-24 01:15:00,2023-08-24 08:30:00,7.5,2.6,4.193333333333333,1
2023-08-24 12:15:00,2023-08-24 13:15:00,1.25,4.9,5.06,12
2023-08-24 15:30:00,2023-08-24 22:45:00,7.5,5.2,6.306666666666667,15
2023-08-25 03:30:00,2023-08-25 09:30:00,6.25,2.6,3.452,3
2023-08-25 17:15:00,2023-08-25 22:45:00,5.75,5.4,6.226086956521739,17
2023-08-26 05:15:00,2023-08-26 11:15:00,6.25,3.2,3.6639999999999993,5
2023-08-26 14:45:00,2023-08-26 15:45:00,1.25,5.7,6.5600000000000005,14
2023-08-26 17:30:00,2023-08-26 19:15:00,2.0,5.4,6.15,17
2023-08-26 20:45:00,2023-08-26 22:15:00,1.75,4.8,5.057142857142857,20
2023-08-27 05:45:00,2023-08-27 11:00:00,5.5,3.4,3.9863636363636363,5
2023-08-27 15:45:00,2023-08-27 22:00:00,6.5,3.8,5.13076923076923,15
2023-08-28 08:30:00,2023-08-28 10:00:00,1.75,3.5,4.128571428571429,8
2023-08-28 12:45:00,2023-08-28 13:00:00,0.5,3.7,3.85,12
2023-08-28 15:30:00,2023-08-28 21:45:00,6.5,3.5,4.434615384615385,15
2023-08-28 23:30:00,2023-08-29 02:15:00,3.0,3.2,3.8750000000000004,23
2023-08-29 07:15:00,2023-08-29 08:15:00,1.25,3.4,3.9199999999999995,7
2023-08-29 09:45:00,2023-08-29 11:15:00,1.75,3.8,4.057142857142857,9
2023-08-29 12:45:00,2023-08-29 15:15:00,2.75,4.8,5.236363636363636,12
2023-08-29 17:15:00,2023-08-29 22:30:00,5.5,3.5,4.381818181818182,17
2023-08-30 02:00:00,2023-08-30 02:45:00,1.0,4.1,4.175000000000001,2
2023-08-30 13:30:00,2023-08-30 23:15:00,10.0,2.7,4.595,13
2023-08-31 02:15:00,2023-08-31 04:15:00,2.25,2.8,3.266666666666667,2
2023-08-31 13:15:00,2023-09-01 06:15:00,17.25,3.1,4.860869565217391,13
2023-09-01 12:00:00,2023-09-01 14:15:00,2.5,4.7,5.51,12
2023-09-01 16:00:00,2023-09-02 01:30:00,9.75,4.1,4.787179487179487,16
2023-09-02 05:00:00,2023-09-02 08:30:00,3.75,3.1,3.4533333333333336,5
2023-09-02 11:00:00,2023-09-02 11:30:00,0.75,4.7,4.766666666666667,11
2023-09-02 13:15:00,2023-09-02 19:30:00,6.5,5.1,6.061538461538461,13
2023-09-02 21:45:00,2023-09-03 09:00:00,11.5,3.2,4.441304347826087,21
2023-09-03 11:30:00,2023-09-03 13:00:00,1.75,4.4,5.442857142857143,11
2023-09-03 15:30:00,2023-09-03 21:15:00,6.0,6.0,6.675,15
2023-09-04 00:15:00,2023-09-04 05:45:00,5.75,2.5,4.104347826086956,0
2023-09-04 11:30:00,2023-09-04 12:00:00,0.75,5.3,5.3999999999999995,11
2023-09-04 14:00:00,2023-09-04 18:00:00,4.25,5.5,6.91764705882353,14
2023-09-04 21:00:00,2023-09-04 21:15:00,0.5,6.3,6.4,21
2023-09-05 01:45:00,2023-09-05 07:00:00,5.5,2.7,4.372727272727273,1
2023-09-05 14:30:00,2023-09-05 15:45:00,1.5,6.7,6.883333333333334,14
2023-09-05 17:45:00,2023-09-05 19:30:00,2.0,6.6,7.125,17
2023-09-05 21:00:00,2023-09-05 22:00:00,1.25,6.6,6.859999999999999,21
2023-09-06 02:30:00,2023-09-06 08:30:00,6.25,2.6,4.3839999999999995,2
2023-09-06 11:15:00,2023-09-06 12:30:00,1.5,3.9,5.349999999999999,11
2023-09-06 14:30:00,2023-09-06 19:45:00,5.5,6.1,6.9409090909090905,14
2023-09-07 03:15:00,2023-09-07 10:45:00,7.75,2.8,3.9322580645161302,3
2023-09-07 15:45:00,2023-09-07 22:15:00,6.75,4.6,5.374074074074074,15
2023-09-08 04:30:00,2023-09-08 04:45:00,0.5,4.2,4.45,4
2023-09-08 06:15:00,2023-09-08 09:45:00,3.75,2.6,3.3933333333333326,6
2023-09-08 15:30:00,2023-09-08 18:45:00,3.5,5.0,5.899999999999999,15
2023-09-08 20:15:00,2023-09-08 23:00:00,3.0,4.5,4.800000000000001,20
2023-09-09 01:15:00,2023-09-09 02:00:00,1.0,4.6,4.725,1
2023-09-09 06:00:00,2023-09-09 08:45:00,3.0,4.3,4.658333333333333,6
2023-09-09 10:15:00,2023-09-09 10:45:00,0.75,3.7,3.966666666666667,10
2023-09-09 16:30:00,2023-09-09 19:45:00,3.5,5.6,6.292857142857144,16
2023-09-10 02:15:00,2023-09-10 03:00:00,1.0,4.9,5.075,2
2023-09-10 09:30:00,2023-09-10 12:15:00,3.0,4.5,4.833333333333333,9
2023-09-10 17:15:00,2023-09-10 23:00:00,6.0,5.3,5.95,17
2023-09-11 10:00:00,2023-09-11 12:30:00,2.75,4.3,4.6454545454545455,10
2023-09-11 16:00:00,2023-09-12 00:30:00,8.75,4.8,5.84,16
2023-09-12 08:30:00,2023-09-12 09:45:00,1.5,4.4,4.633333333333334,8
2023-09-12 11:15:00,2023-09-12 23:45:00,12.75,4.2,5.031372549019609,11
2023-09-13 01:15:00,2023-09-13 02:00:00,1.0,4.0,4.15,1
2023-09-13 03:30:00,2023-09-13 05:30:00,2.25,3.7,3.9777777777777783,3
2023-09-13 08:45:00,2023-09-13 10:00:00,1.5,3.6,4.216666666666668,8
2023-09-13 11:45:00,2023-09-13 14:30:00,3.0,5.1,5.791666666666667,11
2023-09-13 17:30:00,2023-09-14 03:00:00,9.75,4.0,4.97948717948718,17
2023-09-14 13:45:00,2023-09-14 15:00:00,1.5,5.7,6.183333333333334,13
2023-09-14 17:00:00,2023-09-14 23:30:00,6.75,4.8,5.703703703703703,17
2023-09-15 01:15:00,2023-09-15 07:15:00,6.25,3.8,4.351999999999999,1
2023-09-15 12:00:00,2023-09-15 13:15:00,1.5,5.2,5.55,12
2023-09-15 15:00:00,2023-09-15 15:15:00,0.5,5.7,6.1,15
2023-09-15 18:45:00,2023-09-15 22:30:00,4.0,4.9,5.574999999999999,18
2023-09-16 03:45:00,2023-09-16 05:15:00,1.75,4.0,4.3,3
2023-09-16 11:30:00,2023-09-16 12:15:00,1.0,5.2,5.3500000000000005,11
2023-09-16 14:30:00,2023-09-16 18:45:00,4.5,5.9,6.4111111111111105,14
2023-09-16 23:00:00,2023-09-17 03:30:00,4.75,4.4,5.100000000000001,23
2023-09-17 11:30:00,2023-09-17 12:30:00,1.25,5.6,5.92,11
2023-09-17 15:45:00,2023-09-18 00:00:00,8.5,5.9,7.058823529411764,15
2023-09-18 01:30:00,2023-09-18 01:45:00,0.5,5.3,5.449999999999999,1
2023-09-18 03:15:00,2023-09-18 05:00:00,2.0,4.7,5.0375000000000005,3
2023-09-18 15:45:00,2023-09-18 16:15:00,0.75,7.1,7.466666666666666,15
2023-09-18 18:00:00,2023-09-18 20:15:00,2.5,6.4,7.010000000000001,18
2023-09-18 22:30:00,2023-09-19 01:00:00,2.75,5.3,5.818181818181818,22
2023-09-19 03:15:00,2023-09-19 04:00:00,1.0,4.0,4.25,3
2023-09-19 08:15:00,2023-09-19 09:15:00,1.25,4.1,4.34,8
2023-09-19 11:00:00,2023-09-19 11:30:00,0.75,5.0,5.2,11
2023-09-19 15:30:00,2023-09-19 18:30:00,3.25,6.0,6.546153846153846,15
2023-09-20 00:15:00,2023-09-20 05:00:00,5.0,3.4,4.78,0
2023-09-20 08:15:00,2023-09-20 14:00:00,6.0,3.1,4.866666666666666,8
2023-09-20 16:00:00,2023-09-20 16:45:00,1.0,6.3,6.700000000000001,16
2023-09-21 04:30:00,2023-09-21 06:45:00,2.5,3.2,3.9,4
2023-09-21 13:30:00,2023-09-21 19:45:00,6.5,6.0,6.773076923076923,13
2023-09-22 02:45:00,2023-09-22 08:45:00,6.25,2.8,4.2,2
2023-09-22 11:30:00,2023-09-22 12:45:00,1.5,5.1,5.466666666666666,11
2023-09-22 15:00:00,2023-09-22 15:30:00,0.75,6.8,6.933333333333334,15
2023-09-22 17:15:00,2023-09-22 19:30:00,2.5,6.0,6.640000000000001,17
2023-09-23 02:15:00,2023-09-23 08:45:00,6.75,2.9,4.485185185185185,2
2023-09-23 16:00:00,2023-09-23 19:00:00,3.25,5.7,6.453846153846156,16
2023-09-23 21:00:00,2023-09-23 22:15:00,1.5,5.4,5.633333333333334,21
2023-09-24 04:45:00,2023-09-24 10:30:00,6.0,3.2,4.129166666666667,4
2023-09-24 16:30:00,2023-09-24 18:30:00,2.25,5.8,6.288888888888889,16
2023-09-25 01:45:00,2023-09-25 02:30:00,1.0,4.8,5.025,1
2023-09-25 04:45:00,2023-09-25 06:00:00,1.5,3.9,4.266666666666667,4
2023-09-25 08:00:00,2023-09-25 11:45:00,4.0,3.7,4.05625,8
2023-09-25 15:45:00,2023-09-25 19:30:00,4.0,5.6,5.9624999999999995,15
2023-09-25 22:00:00,2023-09-25 23:00:00,1.25,5.1,5.18,22
2023-09-26 07:00:00,2023-09-26 08:15:00,1.5,4.5,4.6499999999999995,7
2023-09-26 10:15:00,2023-09-26 12:15:00,2.25,4.2,4.511111111111112,10
2023-09-26 16:30:00,2023-09-26 17:00:00,0.75,5.2,5.433333333333334,16
2023-09-26 18:30:00,2023-09-26 19:00:00,0.75,4.9,5.033333333333333,18
2023-09-27 11:30:00,2023-09-27 16:30:00,5.25,3.7,4.500000000000001,11
2023-09-27 18:00:00,2023-09-27 21:15:00,3.5,4.2,4.564285714285714,18
2023-09-28 00:45:00,2023-09-28 04:15:00,3.75,3.9,4.239999999999999,0
2023-09-28 11:30:00,2023-09-28 16:00:00,4.75,3.8,5.094736842105263,11
2023-09-28 17:45:00,2023-09-28 18:45:00,1.25,4.2,4.62,17
2023-09-28 21:45:00,2023-09-28 22:15:00,0.75,4.0,4.166666666666667,21
2023-09-29 01:00:00,2023-09-29 02:30:00,1.75,3.9,4.185714285714285,1
2023-09-29 04:00:00,2023-09-29 04:30:00,0.75,3.4,3.5666666666666664,4
2023-09-29 13:30:00,2023-09-29 17:45:00,4.5,5.6,6.072222222222222,13
2023-09-29 20:45:00,2023-09-30 04:15:00,7.75,2.8,4.480645161290322,20
2023-09-30 15:15:00,2023-09-30 17:30:00,2.5,5.7,5.94,15
2023-09-30 22:30:00,2023-10-01 06:15:00,8.0,2.5,4.296875,22
2023-10-01 08:00:00,2023-10-01 09:15:00,1.5,3.2,3.516666666666666,8
2023-10-02 00:00:00,2023-10-02 04:45:00,5.0,3.3,4.715,0
2023-10-02 09:15:00,2023-10-02 10:45:00,1.75,4.0,4.271428571428571,9
2023-10-02 23:45:00,2023-10-03 06:00:00,6.5,3.4,4.93076923076923,23
2023-10-03 12:30:00,2023-10-03 14:45:00,2.5,4.9,5.5600000000000005,12
2023-10-04 01:00:00,2023-10-04 01:30:00,0.75,5.8,6.0,1
2023-10-04 03:00:00,2023-10-04 07:45:00,5.0,3.1,4.09,3
2023-10-04 12:15:00,2023-10-04 14:45:00,2.75,5.2,5.654545454545455,12
2023-10-05 02:00:00,2023-10-05 06:00:00,4.25,4.0,5.141176470588236,2
2023-10-05 15:00:00,2023-10-05 16:15:00,1.5,5.5,5.733333333333333,15
2023-10-06 04:30:00,2023-10-06 09:15:00,5.0,2.7,3.7250000000000005,4
2023-10-06 19:30:00,2023-10-06 20:00:00,0.75,5.0,5.133333333333334,19
2023-10-07 05:45:00,2023-10-07 08:45:00,3.25,3.4,3.8846153846153846,5
2023-10-08 09:00:00,2023-10-08 11:15:00,2.5,4.7,4.9,9
2023-10-08 16:00:00,2023-10-08 16:30:00,0.75,5.7,5.833333333333333,16
2023-10-09 10:00:00,2023-10-09 10:45:00,1.0,4.6,4.875,10
2023-10-09 16:30:00,2023-10-09 19:15:00,3.0,5.9,6.1000000000000005,16
2023-10-10 14:45:00,2023-10-10 17:30:00,3.0,5.6,5.8,14
2023-10-10 20:30:00,2023-10-10 22:45:00,2.5,5.1,5.33,20
2023-10-11 07:30:00,2023-10-11 09:00:00,1.75,3.7,4.271428571428571,7
2023-10-12 11:45:00,2023-10-12 15:30:00,4.0,4.2,4.9375,11
2023-10-12 20:45:00,2023-10-12 21:15:00,0.75,5.1,5.233333333333333,20
2023-10-13 00:30:00,2023-10-13 05:00:00,4.75,3.7,4.378947368421054,0
2023-10-13 21:15:00,2023-10-14 00:30:00,3.5,3.9,4.435714285714286,21
2023-10-14 05:45:00,2023-10-14 06:15:00,0.75,3.5,3.6666666666666665,5
2023-10-14 17:00:00,2023-10-14 19:45:00,3.0,4.7,5.1,17
2023-10-14 23:15:00,2023-10-15 00:15:00,1.25,4.3,4.5,23
2023-10-16 17:00:00,2023-10-16 19:00:00,2.25,7.0,7.2444444444444445,17
2023-10-17 23:00:00,2023-10-18 03:30:00,4.75,6.2,7.0,23
2023-10-18 10:00:00,2023-10-18 11:00:00,1.25,6.6,6.859999999999999,10
2023-10-18 12:45:00,2023-10-18 13:45:00,1.25,7.6,7.92,12
2023-10-18 17:15:00,2023-10-18 18:15:00,1.25,7.6,7.76,17
2023-10-19 01:45:00,2023-10-19 04:30:00,3.0,5.5,6.408333333333334,1
2023-10-19 10:45:00,2023-10-19 11:15:00,0.75,6.2,6.433333333333334,10
2023-10-20 03:30:00,2023-10-20 06:30:00,3.25,4.6,5.73076923076923,3
2023-10-21 00:45:00,2023-10-21 09:00:00,8.5,3.6,5.1764705882352935,0
2023-10-21 17:00:00,2023-10-21 17:30:00,0.75,6.0,6.133333333333333,17
2023-10-22 03:00:00,2023-10-22 09:15:00,6.5,3.8,5.153846153846154,3
2023-10-22 17:45:00,2023-10-22 19:00:00,1.5,5.6,5.699999999999999,17
2023-10-23 08:00:00,2023-10-23 10:00:00,2.25,3.9,4.155555555555555,8
2023-10-24 10:15:00,2023-10-24 11:45:00,1.75,5.0,5.5,10
2023-10-24 19:45:00,2023-10-24 20:30:00,1.0,5.9,6.0,19
2023-10-25 00:00:00,2023-10-25 01:45:00,2.0,5.4,5.625,0
2023-10-25 11:30:00,2023-10-25 13:00:00,1.75,5.4,5.628571428571429,11
2023-10-25 23:45:00,2023-10-26 03:30:00,4.0,5.0,5.418750000000001,23
2023-10-26 13:45:00,2023-10-26 14:30:00,1.0,6.2,6.3500000000000005,13
2023-10-26 19:30:00,2023-10-26 20:15:00,1.0,5.9,6.049999999999999,19
2023-10-26 22:15:00,2023-10-27 02:45:00,4.75,3.7,4.963157894736842,22
2023-10-27 04:45:00,2023-10-27 05:30:00,1.0,4.3,4.525,4
2023-10-27 21:30:00,2023-10-27 22:30:00,1.25,5.9,6.24,21
2023-10-28 00:00:00,2023-10-28 02:45:00,3.0,3.7,4.6499999999999995,0
2023-10-28 21:30:00,2023-10-29 03:15:00,6.0,3.5,5.25,21
2023-10-29 22:30:00,2023-10-30 04:45:00,6.5,3.4,5.053846153846154,22
2023-11-07 23:00:00,2023-11-08 00:00:00,1.25,6.7,6.860000000000001,23
2023-11-08 23:45:00,2023-11-09 01:45:00,2.25,5.4,6.0777777777777775,23
2023-11-09 22:45:00,2023-11-10 02:45:00,4.25,4.5,5.435294117647059,22
2023-11-10 14:00:00,2023-11-10 15:45:00,2.0,5.3,5.5875,14
2023-11-10 23:45:00,2023-11-11 02:15:00,2.75,3.5,4.127272727272727,23
2023-11-11 05:00:00,2023-11-11 06:15:00,1.5,4.0,4.250000000000001,5
2023-11-11 21:00:00,2023-11-11 21:45:00,1.0,5.3,5.4750000000000005,21
2023-11-11 23:45:00,2023-11-12 01:30:00,2.0,4.0,4.4375,23
2023-11-12 20:15:00,2023-11-13 02:00:00,6.0,4.3,5.479166666666667,20
2023-11-13 23:45:00,2023-11-14 03:45:00,4.25,4.3,5.488235294117647,23
2023-11-14 08:15:00,2023-11-14 09:15:00,1.25,4.2,4.42,8
2023-11-15 02:15:00,2023-11-15 04:45:00,2.75,4.7,5.609090909090909,2
2023-11-16 02:30:00,2023-11-16 05:45:00,3.5,5.4,6.1642857142857155,2
2023-11-16 23:15:00,2023-11-17 00:15:00,1.25,6.5,6.6,23
2023-11-17 01:45:00,2023-11-17 03:00:00,1.5,5.7,6.116666666666667,1
2023-11-17 05:15:00,2023-11-17 07:00:00,2.0,4.4,4.6375,5
2023-11-18 00:15:00,2023-11-18 00:45:00,0.75,6.1,6.233333333333334,0
2023-11-18 02:15:00,2023-11-18 07:45:00,5.75,3.9,4.773913043478261,2
2023-11-18 12:00:00,2023-11-18 13:00:00,1.25,5.1,5.340000000000001,12
2023-11-19 01:15:00,2023-11-19 06:45:00,5.75,4.6,5.808695652173912,1
2023-11-20 02:30:00,2023-11-20 06:15:00,4.0,5.8,6.5625,2
2023-11-20 08:00:00,2023-11-20 08:45:00,1.0,5.0,5.175,8
2023-11-20 10:45:00,2023-11-20 11:30:00,1.0,5.8,6.050000000000001,10
2023-11-20 13:15:00,2023-11-20 14:00:00,1.0,6.3,6.475,13
2023-11-21 02:00:00,2023-11-21 02:45:00,1.0,6.7,6.95,2
2023-11-21 06:00:00,2023-11-21 11:45:00,6.0,4.1,5.529166666666666,6
2023-11-21 15:45:00,2023-11-21 16:45:00,1.25,5.3,5.46,15
2023-11-21 22:15:00,2023-11-21 22:45:00,0.75,4.9,5.033333333333333,22
2023-11-22 01:45:00,2023-11-22 04:45:00,3.25,4.7,5.107692307692308,1
2023-11-22 06:30:00,2023-11-22 07:30:00,1.25,4.8,5.0,6
2023-11-22 16:00:00,2023-11-23 03:15:00,11.5,5.4,5.936956521739131,16
2023-11-23 05:15:00,2023-11-23 07:30:00,2.5,4.9,5.249999999999999,5
2023-11-23 14:45:00,2023-11-23 15:15:00,0.75,6.3,6.3999999999999995,14
2023-11-23 17:15:00,2023-11-23 21:00:00,4.0,6.0,6.31875,17
2023-11-24 02:30:00,2023-11-24 03:30:00,1.25,5.4,5.58,2
2023-11-24 05:15:00,2023-11-24 07:30:00,2.5,5.4,5.639999999999999,5
2023-11-24 16:45:00,2023-11-24 23:30:00,7.0,5.8,6.825000000000001,16
2023-11-25 02:00:00,2023-11-25 03:30:00,1.75,5.9,6.114285714285714,2
2023-11-25 06:15:00,2023-11-25 08:00:00,2.0,5.4,5.7875,6
2023-11-25 19:30:00,2023-11-26 02:45:00,7.5,5.0,7.073333333333333,19
2023-11-26 08:45:00,2023-11-26 13:00:00,4.5,6.0,6.333333333333334,8
2023-11-26 22:15:00,2023-11-27 02:00:00,4.0,4.8,5.96875,22
2023-11-27 21:30:00,2023-11-27 22:00:00,0.75,7.7,7.833333333333333,21
2023-11-27 23:30:00,2023-11-28 01:30:00,2.25,6.2,7.000000000000001,23
2023-11-28 06:15:00,2023-11-28 07:15:00,1.25,6.1,6.3,6
2023-11-28 11:00:00,2023-11-28 11:45:00,1.0,7.1,7.175000000000001,11
2023-11-28 23:15:00,2023-11-29 03:00:00,4.0,6.7,7.481249999999999,23
2023-11-30 00:15:00,2023-11-30 02:00:00,2.0,7.4,8.1,0
2023-11-30 08:45:00,2023-11-30 09:30:00,1.0,7.1,7.15,8
2023-11-30 19:00:00,2023-11-30 19:30:00,0.75,7.0,7.266666666666667,19
2023-11-30 23:45:00,2023-12-01 00:30:00,1.0,7.9,8.1,23
2023-12-01 02:15:00,2023-12-01 07:45:00,5.75,6.2,7.234782608695652,2
2023-12-01 10:15:00,2023-12-01 10:30:00,0.5,7.0,7.1,10
2023-12-01 14:15:00,2023-12-01 16:30:00,2.5,7.5,7.7700000000000005,14
2023-12-02 00:15:00,2023-12-02 08:45:00,8.75,5.2,6.82,0
2023-12-02 10:45:00,2023-12-02 13:30:00,3.0,6.2,6.675,10
2023-12-02 17:30:00,2023-12-02 20:00:00,2.75,6.5,6.745454545454544,17
2023-12-02 22:45:00,2023-12-03 00:00:00,1.5,6.3,6.566666666666666,22
2023-12-03 01:45:00,2023-12-03 08:00:00,6.5,4.8,5.692307692307693,1
2023-12-03 12:00:00,2023-12-03 14:30:00,2.75,5.5,5.709090909090909,12
2023-12-03 18:30:00,2023-12-03 19:45:00,1.5,4.8,5.2,18
2023-12-03 22:00:00,2023-12-04 04:30:00,6.75,5.3,6.05925925925926,22
2023-12-04 15:45:00,2023-12-04 22:30:00,7.0,4.7,5.499999999999999,15
2023-12-05 01:30:00,2023-12-05 18:45:00,17.5,4.3,5.8828571428571435,1
2023-12-05 21:00:00,2023-12-06 08:30:00,11.75,5.1,6.448936170212766,21
2023-12-06 11:00:00,2023-12-06 12:45:00,2.0,6.1,6.6,11
2023-12-06 15:00:00,2023-12-06 18:00:00,3.25,6.6,6.961538461538461,15
2023-12-06 19:45:00,2023-12-07 07:00:00,11.5,5.0,6.143478260869566,19
2023-12-07 10:30:00,2023-12-07 21:15:00,11.0,5.8,6.645454545454545,10
2023-12-07 22:45:00,2023-12-08 00:45:00,2.25,5.8,6.388888888888889,22
2023-12-08 02:45:00,2023-12-08 03:45:00,1.25,5.4,5.58,2
2023-12-08 09:30:00,2023-12-08 10:00:00,0.75,5.2,5.3,9
2023-12-08 21:15:00,2023-12-09 01:00:00,4.0,6.1,7.19375,21
2023-12-09 05:45:00,2023-12-09 07:00:00,1.5,4.9,5.166666666666667,5
2023-12-09 08:30:00,2023-12-09 10:00:00,1.75,4.9,5.171428571428572,8
2023-12-09 23:45:00,2023-12-10 01:45:00,2.25,5.1,5.933333333333334,23
2023-12-10 10:30:00,2023-12-10 11:15:00,1.0,5.7,5.975,10
2023-12-10 13:15:00,2023-12-10 15:00:00,2.0,6.5,6.825,13
2023-12-11 21:30:00,2023-12-12 00:15:00,3.0,7.8,8.325,21
2023-12-13 00:15:00,2023-12-13 00:45:00,0.75,7.9,8.066666666666665,0
2023-12-13 15:15:00,2023-12-13 16:00:00,1.0,8.8,8.9,15
2023-12-14 09:00:00,2023-12-14 10:00:00,1.25,7.8,8.1,9
2023-12-16 03:15:00,2023-12-16 05:15:00,2.25,7.5,7.922222222222223,3
2023-12-16 12:30:00,2023-12-16 12:45:00,0.5,7.7,7.9,12
2023-12-17 18:30:00,2023-12-17 18:45:00,0.5,7.6,7.699999999999999,18
2023-12-17 21:30:00,2023-12-17 21:45:00,0.5,7.4,7.5,21
2023-12-18 03:30:00,2023-12-18 04:00:00,0.75,7.4,7.466666666666666,3
2023-12-18 17:45:00,2023-12-18 21:15:00,3.75,7.6,8.306666666666665,17
2023-12-19 00:45:00,2023-12-19 05:45:00,5.25,6.8,7.414285714285714,0
2023-12-19 08:45:00,2023-12-19 09:15:00,0.75,7.0,7.566666666666666,8
2023-12-19 12:15:00,2023-12-19 14:00:00,2.0,8.1,8.5875,12
2023-12-19 19:30:00,2023-12-20 03:45:00,8.5,8.1,8.626470588235295,19
2023-12-20 06:15:00,2023-12-20 08:00:00,2.0,7.8,8.075,6
2023-12-20 14:00:00,2023-12-20 16:45:00,3.0,9.3,9.508333333333335,14
2023-12-20 23:30:00,2023-12-21 02:00:00,2.75,8.2,8.636363636363637,23
2023-12-21 03:30:00,2023-12-21 06:00:00,2.75,7.7,8.136363636363637,3
2023-12-21 17:15:00,2023-12-21 18:45:00,1.75,9.2,9.328571428571427,17
2023-12-22 04:30:00,2023-12-22 07:15:00,3.0,7.5,7.683333333333334,4
2023-12-22 22:30:00,2023-12-23 00:00:00,1.75,7.1,7.571428571428571,22
2023-12-23 06:00:00,2023-12-23 08:00:00,2.25,6.8,7.033333333333333,6
2023-12-23 23:15:00,2023-12-24 03:00:00,4.0,6.0,6.7125,23
2023-12-24 04:45:00,2023-12-24 06:30:00,2.0,6.6,6.9,4
2023-12-25 02:00:00,2023-12-25 02:30:00,0.75,7.2,7.333333333333333,2
2023-12-25 04:30:00,2023-12-25 06:15:00,2.0,5.9,6.262499999999999,4
2023-12-26 12:15:00,2023-12-26 13:15:00,1.25,5.9,6.0200000000000005,12
2023-12-26 14:45:00,2023-12-26 17:45:00,3.25,6.5,6.8076923076923075,14
2023-12-27 00:00:00,2023-12-27 01:00:00,1.25,6.4,6.56,0
2023-12-27 11:45:00,2023-12-27 12:30:00,1.0,6.5,6.8,11
2023-12-27 14:15:00,2023-12-27 15:15:00,1.25,6.5,7.139999999999999,14
2023-12-27 17:45:00,2023-12-27 18:30:00,1.0,6.3,6.5,17
2023-12-28 09:30:00,2023-12-28 11:30:00,2.25,6.8,7.233333333333334,9
2023-12-28 13:30:00,2023-12-28 19:15:00,6.0,7.0,7.716666666666666,13
2023-12-28 23:15:00,2023-12-29 02:00:00,3.0,7.3,7.741666666666667,23
2023-12-29 04:00:00,2023-12-29 05:15:00,1.5,7.5,7.583333333333333,4
2023-12-29 20:00:00,2023-12-29 23:00:00,3.25,7.8,8.107692307692307,20
2023-12-30 03:45:00,2023-12-30 05:30:00,2.0,7.7,8.7,3
2023-12-30 14:00:00,2023-12-30 17:15:00,3.5,9.1,10.007142857142856,14
2023-12-30 19:45:00,2023-12-30 23:00:00,3.5,8.1,8.52142857142857,19
2023-12-31 01:30:00,2023-12-31 02:45:00,1.5,8.2,8.5,1
2023-12-31 04:15:00,2023-12-31 05:00:00,1.0,7.7,8.025,4
2023-12-31 06:30:00,2023-12-31 11:30:00,5.25,8.2,8.838095238095237,6
2023-12-31 16:45:00,2023-12-31 21:30:00,5.0,8.4,9.034999999999998,16
2023-12-31 23:45:00,2024-01-01 00:00:00,0.5,8.5,8.6,23
2024-01-01 04:15:00,2024-01-01 06:45:00,2.75,8.1,8.736363636363635,4
2024-01-01 09:45:00,2024-01-01 12:15:00,2.75,8.0,8.654545454545454,9
2024-01-01 14:45:00,2024-01-01 17:00:00,2.5,8.5,8.91,14
2024-01-01 18:30:00,2024-01-01 22:15:00,4.0,8.4,8.65,18
2024-01-02 01:00:00,2024-01-02 02:30:00,1.75,8.0,8.185714285714287,1
2024-01-02 04:15:00,2024-01-02 07:15:00,3.25,7.7,7.992307692307692,4
2024-01-02 16:15:00,2024-01-02 18:30:00,2.5,9.3,9.54,16
2024-01-02 20:00:00,2024-01-03 03:00:00,7.25,7.7,8.713793103448277,20
2024-01-03 04:30:00,2024-01-03 12:00:00,7.75,6.9,7.848387096774193,4
2024-01-03 20:00:00,2024-01-03 20:30:00,0.75,8.4,8.5,20
2024-01-04 00:00:00,2024-01-04 00:45:00,1.0,8.1,8.224999999999998,0
2024-01-04 08:15:00,2024-01-04 09:30:00,1.5,7.4,7.733333333333333,8
2024-01-04 15:30:00,2024-01-04 16:45:00,1.5,8.6,8.933333333333334,15
2024-01-04 19:15:00,2024-01-04 19:45:00,0.75,8.7,9.266666666666667,19
2024-01-04 21:15:00,2024-01-05 02:00:00,5.0,7.8,8.6,21
2024-01-05 03:30:00,2024-01-05 07:00:00,3.75,7.1,7.453333333333333,3
2024-01-05 08:30:00,2024-01-05 09:45:00,1.5,7.5,7.816666666666666,8
2024-01-06 00:15:00,2024-01-06 02:15:00,2.25,7.3,7.766666666666666,0
2024-01-07 08:30:00,2024-01-07 13:30:00,5.25,7.0,7.6571428571428575,8
2024-01-07 15:00:00,2024-01-07 17:45:00,3.0,7.9,8.241666666666665,15
2024-01-07 19:45:00,2024-01-07 22:45:00,3.25,7.5,8.038461538461538,19
2024-01-08 00:15:00,2024-01-08 03:30:00,3.5,7.4,7.857142857142857,0
2024-01-08 05:00:00,2024-01-08 07:15:00,2.5,6.7,7.040000000000001,5
2024-01-08 09:30:00,2024-01-08 11:45:00,2.5,7.1,8.13,9
2024-01-10 14:15:00,2024-01-10 16:45:00,2.75,8.0,8.663636363636364,14
2024-01-11 01:15:00,2024-01-11 01:30:00,0.5,8.2,8.3,1
2024-01-11 12:30:00,2024-01-11 16:15:00,4.0,8.3,8.725000000000001,12
2024-01-12 02:30:00,2024-01-12 05:45:00,3.5,7.1,7.8428571428571425,2
2024-01-12 13:00:00,2024-01-12 13:15:00,0.5,8.4,8.55,13
2024-01-12 15:45:00,2024-01-12 16:30:00,1.0,8.3,8.55,15
2024-01-13 12:45:00,2024-01-13 15:15:00,2.75,8.3,8.872727272727273,12
2024-01-13 16:45:00,2024-01-13 21:15:00,4.75,6.9,8.357894736842105,16
2024-01-14 01:00:00,2024-01-14 02:00:00,1.25,8.1,8.400000000000002,1
2024-01-14 04:00:00,2024-01-14 07:15:00,3.5,7.5,7.928571428571428,4
2024-01-14 11:00:00,2024-01-14 13:00:00,2.25,8.5,9.300000000000002,11
2024-01-14 14:30:00,2024-01-14 15:45:00,1.5,9.9,10.216666666666665,14
2024-01-14 17:15:00,2024-01-15 00:15:00,7.25,8.2,9.044827586206896,17
2024-01-15 06:15:00,2024-01-15 07:00:00,1.0,8.2,8.425,6
2024-01-15 09:30:00,2024-01-15 09:45:00,0.5,7.6,8.05,9
2024-01-15 11:15:00,2024-01-15 12:15:00,1.25,8.1,8.5,11
2024-01-15 14:00:00,2024-01-15 21:00:00,7.25,8.6,8.982758620689655,14
2024-01-16 00:15:00,2024-01-16 02:00:00,2.0,7.9,8.65,0
2024-01-16 03:30:00,2024-01-16 05:00:00,1.75,8.0,8.257142857142858,3
2024-01-16 16:15:00,2024-01-16 17:00:00,1.0,9.7,9.75,16
2024-01-16 23:15:00,2024-01-17 04:15:00,5.25,8.8,9.466666666666669,23
2024-01-17 05:45:00,2024-01-17 10:00:00,4.5,8.2,8.91111111111111,5
2024-01-17 13:00:00,2024-01-17 14:15:00,1.5,9.8,10.0,13
2024-01-17 16:00:00,2024-01-17 17:45:00,2.0,10.2,10.55,16
2024-01-17 19:30:00,2024-01-18 02:30:00,7.25,9.9,10.686206896551726,19
2024-01-18 04:15:00,2024-01-18 08:00:00,4.0,8.5,9.14375,4
2024-01-18 09:30:00,2024-01-18 11:15:00,2.0,9.3,9.674999999999999,9
2024-01-18 18:15:00,2024-01-18 20:15:00,2.25,9.9,10.11111111111111,18
2024-01-18 21:45:00,2024-01-19 01:45:00,4.25,9.1,9.911764705882353,21
2024-01-19 18:00:00,2024-01-19 19:45:00,2.0,10.6,10.9375,18
2024-01-19 22:30:00,2024-01-20 00:30:00,2.25,9.1,9.766666666666666,22
2024-01-20 21:00:00,2024-01-20 21:45:00,1.0,10.4,10.625,21
2024-01-21 00:00:00,2024-01-21 01:30:00,1.75,10.0,10.285714285714286,0
2024-01-21 20:45:00,2024-01-21 21:45:00,1.25,10.5,10.680000000000001,20
2024-01-22 02:30:00,2024-01-22 04:00:00,1.75,9.9,10.27142857142857,2
2024-01-23 00:45:00,2024-01-23 01:15:00,0.75,9.2,9.366666666666665,0
2024-01-23 07:30:00,2024-01-23 09:15:00,2.0,8.9,9.15,7
2024-01-24 00:15:00,2024-01-24 03:00:00,3.0,7.2,8.083333333333334,0
2024-01-24 22:15:00,2024-01-25 03:45:00,5.75,6.1,7.578260869565216,22
2024-01-25 07:30:00,2024-01-25 07:45:00,0.5,7.1,7.199999999999999,7
2024-01-25 14:00:00,2024-01-25 17:15:00,3.5,8.1,8.435714285714287,14
2024-01-25 23:45:00,2024-01-26 04:00:00,4.5,5.5,7.011111111111111,23
2024-01-26 11:30:00,2024-01-26 21:00:00,9.75,6.3,7.438461538461539,11
2024-01-27 01:45:00,2024-01-27 05:15:00,3.75,6.1,6.659999999999999,1
2024-01-27 08:45:00,2024-01-27 11:00:00,2.5,5.2,6.25,8
2024-01-27 12:45:00,2024-01-27 14:15:00,1.75,5.9,7.2,12
2024-01-27 16:00:00,2024-01-27 22:15:00,6.5,6.5,7.56923076923077,16
2024-01-28 13:45:00,2024-01-28 14:45:00,1.25,7.4,7.6,13
2024-01-28 18:30:00,2024-01-28 21:15:00,3.0,7.0,7.575,18
2024-01-28 22:45:00,2024-01-28 23:45:00,1.25,5.8,7.339999999999999,22
2024-01-29 01:15:00,2024-01-29 04:30:00,3.5,4.9,7.028571428571429,1
2024-01-29 06:45:00,2024-01-29 07:15:00,0.75,7.4,7.5,6
2024-01-29 09:15:00,2024-01-29 11:45:00,2.75,7.2,7.863636363636363,9
2024-01-29 15:00:00,2024-01-29 15:15:00,0.5,9.0,9.15,15
2024-01-29 18:15:00,2024-01-29 23:45:00,5.75,8.9,9.42608695652174,18
2024-01-30 02:00:00,2024-01-30 04:30:00,2.75,7.9,8.563636363636364,2
2024-01-30 06:45:00,2024-01-30 08:15:00,1.75,7.6,7.771428571428571,6
2024-01-30 17:30:00,2024-01-30 18:15:00,1.0,9.7,9.8,17
2024-01-31 09:00:00,2024-01-31 13:30:00,4.75,8.1,8.68421052631579,9
2024-01-31 15:00:00,2024-01-31 16:15:00,1.5,8.8,9.233333333333333,15
2024-01-31 17:45:00,2024-01-31 20:30:00,3.0,8.3,8.966666666666667,17
2024-01-31 22:15:00,2024-02-01 01:45:00,3.75,7.9,8.220000000000002,22
2024-02-01 10:15:00,2024-02-01 10:45:00,0.75,8.5,8.799999999999999,10
2024-02-01 18:45:00,2024-02-01 21:45:00,3.25,8.5,9.123076923076923,18
2024-02-01 23:45:00,2024-02-02 02:15:00,2.75,7.3,7.845454545454545,23
2024-02-02 04:15:00,2024-02-02 06:30:00,2.5,6.8,7.239999999999999,4
2024-02-02 08:30:00,2024-02-02 11:15:00,3.0,7.4,7.925,8
2024-02-02 13:30:00,2024-02-02 14:30:00,1.25,8.5,8.86,13
2024-02-02 21:00:00,2024-02-02 23:00:00,2.25,7.7,8.422222222222222,21
2024-02-03 00:30:00,2024-02-03 08:45:00,8.5,6.4,7.129411764705883,0
2024-02-03 22:30:00,2024-02-03 23:45:00,1.5,7.6,8.15,22
2024-02-04 04:45:00,2024-02-04 06:00:00,1.5,7.0,7.183333333333334,4
2024-02-04 11:30:00,2024-02-04 12:45:00,1.5,7.1,7.300000000000001,11
2024-02-04 18:00:00,2024-02-04 19:00:00,1.25,8.0,8.24,18
2024-02-04 20:30:00,2024-02-04 21:15:00,1.0,7.3,7.55,20
2024-02-05 11:30:00,2024-02-05 13:45:00,2.5,6.2,6.55,11
2024-02-05 19:30:00,2024-02-05 21:30:00,2.25,6.9,7.288888888888888,19
2024-02-06 12:00:00,2024-02-06 12:15:00,0.5,6.5,7.1,12
2024-02-06 18:00:00,2024-02-06 19:45:00,2.0,8.4,8.899999999999999,18
2024-02-06 21:30:00,2024-02-06 23:30:00,2.25,7.5,7.7666666666666675,21
2024-02-07 09:00:00,2024-02-07 09:45:00,1.0,7.2,7.325,9
2024-02-07 12:30:00,2024-02-07 15:30:00,3.25,7.9,8.892307692307693,12
2024-02-07 20:15:00,2024-02-07 21:30:00,1.5,9.2,9.450000000000001,20
2024-02-07 23:15:00,2024-02-08 00:45:00,1.75,8.1,8.542857142857143,23
2024-02-08 08:15:00,2024-02-08 11:15:00,3.25,7.3,7.561538461538461,8
2024-02-08 13:00:00,2024-02-08 18:00:00,5.25,7.5,8.38095238095238,13
2024-02-08 23:45:00,2024-02-09 03:45:00,4.25,6.8,8.288235294117648,23
2024-02-09 10:30:00,2024-02-09 12:15:00,2.0,7.2,7.7749999999999995,10
2024-02-09 13:45:00,2024-02-09 15:45:00,2.25,7.4,8.144444444444446,13
2024-02-10 00:00:00,2024-02-10 04:30:00,4.75,6.0,7.473684210526316,0
2024-02-10 08:45:00,2024-02-10 11:30:00,3.0,6.4,6.675000000000001,8
2024-02-10 13:00:00,2024-02-10 17:00:00,4.25,7.2,7.9,13
2024-02-11 00:00:00,2024-02-11 06:30:00,6.75,5.4,7.066666666666667,0
2024-02-11 09:45:00,2024-02-11 11:15:00,1.75,5.3,5.871428571428571,9
2024-02-11 13:30:00,2024-02-11 15:30:00,2.25,5.6,6.633333333333333,13
2024-02-11 17:15:00,2024-02-11 17:30:00,0.5,6.5,6.9,17
2024-02-12 01:30:00,2024-02-12 02:45:00,1.5,6.8,7.016666666666667,1
2024-02-12 04:15:00,2024-02-12 08:45:00,4.75,4.6,5.468421052631579,4
2024-02-13 09:15:00,2024-02-13 13:15:00,4.25,6.3,7.500000000000001,9
2024-02-13 14:45:00,2024-02-13 21:30:00,7.0,7.2,8.175,14
2024-02-14 01:15:00,2024-02-14 05:45:00,4.75,6.5,6.910526315789473,1
2024-02-14 12:15:00,2024-02-14 13:00:00,1.0,8.6,8.7,12
2024-02-14 18:15:00,2024-02-14 23:30:00,5.5,7.8,9.031818181818181,18
2024-02-15 01:30:00,2024-02-15 07:00:00,5.75,7.1,7.665217391304348,1
2024-02-15 08:30:00,2024-02-15 13:45:00,5.5,7.4,8.036363636363635,8
2024-02-15 16:00:00,2024-02-15 17:45:00,2.0,8.8,9.149999999999999,16
2024-02-15 19:30:00,2024-02-15 23:00:00,3.75,8.0,8.966666666666667,19
2024-02-16 01:00:00,2024-02-16 11:30:00,10.75,6.7,7.3720930232558155,1
2024-02-16 16:45:00,2024-02-16 21:30:00,5.0,7.6,8.004999999999999,16
2024-02-17 05:45:00,2024-02-17 06:00:00,0.5,6.1,6.199999999999999,5
2024-02-17 07:45:00,2024-02-17 08:15:00,0.75,6.1,6.266666666666667,7
2024-02-17 09:45:00,2024-02-17 10:15:00,0.75,6.6,6.7,9
2024-02-17 17:45:00,2024-02-17 19:15:00,1.75,7.1,8.057142857142855,17
2024-02-19 22:15:00,2024-02-19 23:15:00,1.25,9.6,9.72,22
2024-02-20 23:30:00,2024-02-21 03:15:00,4.0,9.2,9.675,23
2024-02-21 08:00:00,2024-02-21 09:00:00,1.25,8.6,9.04,8
2024-02-21 10:30:00,2024-02-21 11:15:00,1.0,9.5,9.675,10
2024-02-22 06:30:00,2024-02-22 07:45:00,1.5,7.9,8.066666666666666,6
2024-02-23 00:45:00,2024-02-23 05:15:00,4.75,5.8,6.784210526315788,0
2024-02-24 00:15:00,2024-02-24 01:30:00,1.5,7.5,7.783333333333332,0
2024-02-24 17:00:00,2024-02-24 17:45:00,1.0,8.0,8.1,17
2024-02-24 23:15:00,2024-02-25 01:15:00,2.25,7.4,7.644444444444446,23
2024-02-25 03:00:00,2024-02-25 04:45:00,2.0,7.4,7.637499999999999,3
2024-02-25 06:15:00,2024-02-25 10:00:00,4.0,6.4,6.956250000000001,6
2024-02-25 13:45:00,2024-02-25 14:30:00,1.0,7.6,7.825,13
2024-02-25 16:45:00,2024-02-25 19:30:00,3.0,7.7,7.858333333333334,16
2024-02-26 06:00:00,2024-02-26 08:15:00,2.5,6.2,6.530000000000001,6
2024-02-26 16:15:00,2024-02-26 19:15:00,3.25,7.2,7.66923076923077,16
2024-02-26 21:15:00,2024-02-26 23:15:00,2.25,7.3,7.411111111111111,21
2024-02-27 02:15:00,2024-02-27 02:45:00,0.75,6.8,6.866666666666667,2
2024-02-27 12:45:00,2024-02-27 17:00:00,4.5,7.2,7.550000000000001,12
2024-02-27 18:30:00,2024-02-27 20:00:00,1.75,7.2,7.442857142857143,18
2024-02-27 21:30:00,2024-02-28 08:00:00,10.75,6.3,6.823255813953489,21
2024-02-28 18:15:00,2024-02-28 20:00:00,2.0,7.0,7.2375,18
2024-02-29 13:15:00,2024-02-29 14:00:00,1.0,7.6,7.8500000000000005,13
2024-02-29 17:30:00,2024-02-29 18:45:00,1.5,7.8,8.066666666666665,17
2024-02-29 20:45:00,2024-03-01 00:45:00,4.25,7.2,7.51764705882353,20
2024-03-01 02:15:00,2024-03-01 03:30:00,1.5,6.9,7.116666666666666,2
2024-03-01 15:00:00,2024-03-01 18:00:00,3.25,6.8,7.523076923076923,15
2024-03-02 15:00:00,2024-03-02 17:00:00,2.25,7.5,7.711111111111112,15
2024-03-02 22:00:00,2024-03-02 23:15:00,1.5,5.7,5.95,22
2024-03-03 15:15:00,2024-03-03 16:45:00,1.75,7.8,8.442857142857141,15
2024-03-03 19:00:00,2024-03-04 01:15:00,6.5,5.9,7.111538461538462,19
2024-03-04 11:30:00,2024-03-04 12:15:00,1.0,6.8,7.15,11
2024-03-04 19:15:00,2024-03-04 23:45:00,4.75,5.4,6.5736842105263165,19
2024-03-05 03:00:00,2024-03-05 04:30:00,1.75,5.6,5.985714285714286,3
2024-03-05 06:00:00,2024-03-05 08:15:00,2.5,6.0,6.25,6
2024-03-05 15:30:00,2024-03-05 18:30:00,3.25,6.7,7.523076923076924,15
2024-03-06 09:30:00,2024-03-06 11:15:00,2.0,4.9,5.1,9
2024-03-06 13:30:00,2024-03-06 13:45:00,0.5,4.8,5.0,13
2024-03-06 16:30:00,2024-03-06 23:45:00,7.5,4.5,6.693333333333333,16
2024-03-07 06:30:00,2024-03-07 09:30:00,3.25,4.2,4.792307692307693,6
2024-03-07 11:45:00,2024-03-07 14:30:00,3.0,4.6,4.95,11
2024-03-07 18:00:00,2024-03-08 02:00:00,8.25,4.5,7.045454545454546,18
2024-03-08 06:45:00,2024-03-08 10:00:00,3.5,4.3,4.807142857142857,6
2024-03-08 11:30:00,2024-03-08 12:30:00,1.25,5.2,5.64,11
2024-03-09 00:30:00,2024-03-09 04:00:00,3.75,4.6,5.413333333333333,0
2024-03-09 17:15:00,2024-03-09 21:15:00,4.25,4.9,5.2823529411764705,17
2024-03-09 23:45:00,2024-03-10 01:15:00,1.75,5.3,5.514285714285714,23
2024-03-10 11:15:00,2024-03-10 11:45:00,0.75,6.0,6.133333333333333,11
2024-03-10 14:45:00,2024-03-10 23:30:00,9.0,5.4,6.197222222222223,14
2024-03-11 01:15:00,2024-03-11 10:30:00,9.5,5.0,5.884210526315789,1
2024-03-11 12:15:00,2024-03-11 14:15:00,2.25,6.3,7.2555555555555555,12
2024-03-11 20:00:00,2024-03-12 06:15:00,10.5,5.4,6.371428571428571,20
2024-03-12 08:15:00,2024-03-12 12:00:00,4.0,6.2,7.09375,8
2024-03-12 17:00:00,2024-03-12 19:45:00,3.0,7.6,8.108333333333333,17
2024-03-12 21:30:00,2024-03-12 22:00:00,0.75,7.6,7.7,21
2024-03-13 01:45:00,2024-03-13 11:45:00,10.25,6.0,7.021951219512196,1
2024-03-13 15:30:00,2024-03-13 22:00:00,6.75,5.8,7.448148148148148,15
2024-03-13 23:45:00,2024-03-14 09:30:00,10.0,5.3,6.215000000000001,23
2024-03-14 18:45:00,2024-03-14 22:45:00,4.25,5.9,6.358823529411764,18
2024-03-15 01:15:00,2024-03-15 02:00:00,1.0,5.8,6.0,1
2024-03-15 05:30:00,2024-03-15 06:45:00,1.5,6.0,6.2,5
2024-03-15 11:00:00,2024-03-15 19:15:00,8.5,4.9,6.552941176470589,11
2024-03-16 17:15:00,2024-03-16 20:15:00,3.25,6.0,6.846153846153846,17
2024-03-17 11:00:00,2024-03-17 13:30:00,2.75,5.7,6.127272727272728,11
2024-03-17 17:15:00,2024-03-17 18:30:00,1.5,5.5,5.8,17
2024-03-17 20:15:00,2024-03-17 21:45:00,1.75,4.9,5.3428571428571425,20
2024-03-18 05:15:00,2024-03-18 11:30:00,6.5,4.4,4.938461538461539,5
2024-03-18 13:30:00,2024-03-18 20:15:00,7.0,5.3,6.453571428571428,13
2024-03-19 01:30:00,2024-03-19 01:45:00,0.5,5.9,6.0,1
2024-03-19 03:15:00,2024-03-19 11:45:00,8.75,5.4,6.194285714285714,3
2024-03-19 15:15:00,2024-03-20 02:45:00,11.75,6.1,7.9,15
2024-03-20 13:45:00,2024-03-20 14:30:00,1.0,8.9,9.075,13
2024-03-20 17:45:00,2024-03-21 04:15:00,10.75,6.1,7.904651162790699,17
2024-03-21 07:15:00,2024-03-21 08:30:00,1.5,6.0,6.166666666666667,7
2024-03-21 10:00:00,2024-03-21 11:45:00,2.0,6.6,7.3125,10
2024-03-21 14:30:00,2024-03-21 17:30:00,3.25,7.7,8.346153846153847,14
2024-03-21 19:45:00,2024-03-21 22:45:00,3.25,7.6,8.123076923076923,19
2024-03-22 01:00:00,2024-03-22 05:45:00,5.0,6.0,6.789999999999999,1
2024-03-22 08:30:00,2024-03-22 09:15:00,1.0,6.2,6.2749999999999995,8
2024-03-22 17:00:00,2024-03-22 18:45:00,2.0,8.0,8.1625,17
2024-03-22 21:15:00,2024-03-22 22:15:00,1.25,7.7,7.92,21
2024-03-23 00:00:00,2024-03-23 02:15:00,2.5,4.9,6.0600000000000005,0
2024-03-23 15:00:00,2024-03-23 17:15:00,2.5,7.4,7.92,15
2024-03-23 20:00:00,2024-03-24 01:00:00,5.25,6.7,7.33809523809524,20
2024-03-24 02:30:00,2024-03-24 03:15:00,1.0,6.2,6.5,2
2024-03-24 04:45:00,2024-03-24 05:00:00,0.5,5.9,6.15,4
2024-03-24 07:00:00,2024-03-24 08:45:00,2.0,6.3,6.7375,7
2024-03-24 11:30:00,2024-03-24 13:00:00,1.75,7.2,7.542857142857144,11
2024-03-24 16:00:00,2024-03-24 19:00:00,3.25,8.0,8.261538461538462,16
2024-03-24 22:30:00,2024-03-24 23:45:00,1.5,7.7,7.916666666666667,22
2024-03-25 03:15:00,2024-03-25 04:30:00,1.5,7.1,7.183333333333334,3
2024-03-26 03:00:00,2024-03-26 08:45:00,6.0,4.6,5.695833333333333,3
2024-03-26 19:00:00,2024-03-26 20:45:00,2.0,6.2,6.5,19
2024-03-26 23:30:00,2024-03-27 01:45:00,2.5,5.4,5.93,23
2024-03-27 05:45:00,2024-03-27 07:00:00,1.5,5.5,5.633333333333333,5
2024-03-27 08:45:00,2024-03-27 10:00:00,1.5,5.6,5.966666666666668,8
2024-03-27 13:30:00,2024-03-27 14:15:00,1.0,7.3,7.425,13
2024-03-27 21:45:00,2024-03-27 23:30:00,2.0,6.4,6.6,21
2024-03-28 01:00:00,2024-03-28 01:30:00,0.75,6.5,6.6000000000000005,1
2024-03-28 03:45:00,2024-03-28 10:30:00,7.0,6.0,6.5249999999999995,3
2024-03-28 18:15:00,2024-03-28 19:00:00,1.0,7.8,8.024999999999999,18
2024-03-28 20:45:00,2024-03-28 21:00:00,0.5,7.1,7.199999999999999,20
2024-03-28 23:45:00,2024-03-29 00:15:00,0.75,6.3,6.466666666666666,23
2024-03-29 02:00:00,2024-03-29 07:45:00,6.0,6.2,6.758333333333334,2
2024-03-29 18:15:00,2024-03-29 21:15:00,3.25,7.3,7.953846153846153,18
2024-03-30 02:00:00,2024-03-30 07:00:00,5.25,6.4,7.038095238095239,2
2024-03-30 08:30:00,2024-03-30 09:15:00,1.0,7.2,7.3,8
2024-03-30 18:00:00,2024-03-30 18:30:00,0.75,7.8,7.966666666666668,18
2024-03-30 22:00:00,2024-03-30 23:15:00,1.5,7.0,7.1000000000000005,22
2024-03-31 15:45:00,2024-03-31 16:45:00,1.25,7.3,7.56,15
2024-03-31 18:30:00,2024-03-31 19:30:00,1.25,6.3,6.5200000000000005,18
2024-04-01 05:00:00,2024-04-01 05:15:00,0.5,5.5,5.6,5
2024-04-01 15:30:00,2024-04-01 20:00:00,4.75,5.5,6.9263157894736835,15
2024-04-02 01:45:00,2024-04-02 06:45:00,5.25,4.9,5.276190476190476,1
2024-04-02 17:45:00,2024-04-02 23:45:00,6.25,4.2,5.928,17
2024-04-03 17:00:00,2024-04-03 22:30:00,5.75,5.0,7.31304347826087,17
2024-04-04 04:30:00,2024-04-04 05:30:00,1.25,5.1,5.2,4
2024-04-05 20:30:00,2024-04-05 23:45:00,3.5,7.2,7.592857142857144,20
2024-04-06 04:45:00,2024-04-06 05:45:00,1.25,6.0,6.220000000000001,4
2024-04-06 15:15:00,2024-04-06 19:30:00,4.5,7.8,8.149999999999999,15
2024-04-07 06:15:00,2024-04-07 11:15:00,5.25,6.4,6.733333333333333,6
2024-04-07 13:30:00,2024-04-07 14:00:00,0.75,7.5,7.566666666666666,13
2024-04-07 20:00:00,2024-04-07 21:15:00,1.5,7.4,7.516666666666667,20
2024-04-08 04:15:00,2024-04-08 06:00:00,2.0,6.3,6.5375,4
2024-04-08 14:45:00,2024-04-08 16:15:00,1.75,6.2,6.614285714285714,14
2024-04-08 18:15:00,2024-04-08 19:15:00,1.25,6.1,6.32,18
2024-04-09 12:45:00,2024-04-09 14:30:00,2.0,6.0,6.3999999999999995,12
2024-04-09 17:45:00,2024-04-09 19:00:00,1.5,6.3,6.6000000000000005,17
2024-04-10 13:00:00,2024-04-10 16:30:00,3.75,5.4,6.306666666666667,13
2024-04-10 20:15:00,2024-04-10 22:30:00,2.5,5.0,5.42,20
2024-04-11 15:30:00,2024-04-11 16:45:00,1.5,5.6,5.783333333333334,15
2024-04-12 11:00:00,2024-04-12 12:00:00,1.25,6.0,6.26,11
2024-04-12 16:00:00,2024-04-12 17:00:00,1.25,6.3,6.459999999999999,16
2024-04-13 13:30:00,2024-04-13 15:30:00,2.25,7.6,8.122222222222222,13
2024-04-14 04:00:00,2024-04-14 08:15:00,4.5,5.5,5.733333333333333,4
2024-04-14 13:45:00,2024-04-14 15:30:00,2.0,7.2,7.937499999999999,13
2024-04-14 17:30:00,2024-04-14 22:30:00,5.25,5.6,6.5666666666666655,17
2024-04-15 09:00:00,2024-04-15 09:30:00,0.75,5.8,6.266666666666666,9
2024-04-15 16:00:00,2024-04-15 18:15:00,2.5,7.6,7.919999999999999,16
2024-04-15 19:45:00,2024-04-15 21:00:00,1.5,6.3,6.766666666666666,19
2024-04-16 07:00:00,2024-04-16 08:00:00,1.25,4.8,5.42,7
2024-04-16 16:15:00,2024-04-16 16:45:00,0.75,7.3,7.5,16
2024-04-16 18:30:00,2024-04-16 19:30:00,1.25,6.5,6.88,18
2024-04-17 02:30:00,2024-04-17 03:30:00,1.25,4.5,4.88,2
2024-04-17 14:15:00,2024-04-17 20:00:00,6.0,6.3,6.912499999999999,14
2024-04-17 21:30:00,2024-04-18 00:15:00,3.0,4.6,5.625,21
2024-04-18 02:45:00,2024-04-18 03:00:00,0.5,4.1,4.35,2
2024-04-18 04:30:00,2024-04-18 07:00:00,2.75,3.7,4.0181818181818185,4
2024-04-18 11:00:00,2024-04-18 14:15:00,3.5,6.0,6.657142857142857,11
2024-04-18 16:15:00,2024-04-19 16:30:00,24.5,4.2,5.9530612244897965,16
2024-04-19 20:15:00,2024-04-19 22:00:00,2.0,6.4,6.85,20
2024-04-20 00:30:00,2024-04-20 16:00:00,15.75,4.0,5.752380952380952,0
2024-04-20 17:30:00,2024-04-20 18:45:00,1.5,6.9,7.033333333333332,17
2024-04-20 21:15:00,2024-04-20 23:30:00,2.5,5.5,6.199999999999999,21
2024-04-21 04:30:00,2024-04-21 04:45:00,0.5,5.0,5.1,4
2024-04-21 06:15:00,2024-04-21 08:45:00,2.75,4.5,4.9,6
2024-04-21 12:15:00,2024-04-21 14:15:00,2.25,5.2,5.655555555555555,12
2024-04-21 17:00:00,2024-04-21 18:00:00,1.25,6.2,6.3999999999999995,17
2024-04-21 20:00:00,2024-04-21 22:45:00,3.0,5.7,6.033333333333334,20
2024-04-22 10:45:00,2024-04-22 13:00:00,2.5,6.7,7.17,10
2024-04-22 14:45:00,2024-04-22 15:15:00,0.75,7.7,8.0,14
2024-04-30 15:00:00,2024-04-30 20:15:00,5.5,4.5,6.3,15
2024-05-01 00:45:00,2024-05-01 01:30:00,1.0,3.7,3.9000000000000004,0
2024-05-01 03:15:00,2024-05-01 05:45:00,2.75,3.6,3.763636363636364,3
2024-05-01 16:15:00,2024-05-01 23:30:00,7.5,3.6,5.323333333333334,16
2024-05-02 02:45:00,2024-05-02 05:15:00,2.75,3.8,4.036363636363636,2
2024-05-02 17:00:00,2024-05-02 18:00:00,1.25,6.8,7.0,17
2024-05-02 20:00:00,2024-05-03 00:45:00,5.0,3.5,4.930000000000001,20
2024-05-03 03:30:00,2024-05-03 06:15:00,3.0,3.8,4.208333333333333,3
2024-05-03 13:15:00,2024-05-03 15:45:00,2.75,5.3,5.590909090909091,13
2024-05-03 19:30:00,2024-05-03 22:00:00,2.75,5.0,5.5,19
2024-05-04 01:45:00,2024-05-04 02:15:00,0.75,4.3,4.533333333333334,1
2024-05-04 03:45:00,2024-05-04 05:45:00,2.25,4.1,4.2444444444444445,3
2024-05-04 07:30:00,2024-05-04 21:15:00,14.0,4.2,5.705357142857143,7
2024-05-05 00:30:00,2024-05-05 05:15:00,5.0,4.5,5.2,0
2024-05-05 13:00:00,2024-05-05 22:00:00,9.25,5.9,6.329729729729731,13
2024-05-06 01:15:00,2024-05-06 02:15:00,1.25,5.8,5.86,1
2024-05-06 03:45:00,2024-05-06 04:45:00,1.25,5.4,5.5,3
2024-05-06 12:30:00,2024-05-06 13:15:00,1.0,5.5,5.800000000000001,12
2024-05-06 17:15:00,2024-05-06 21:00:00,4.0,5.9,6.325,17
2024-05-07 11:15:00,2024-05-07 13:15:00,2.25,5.7,6.155555555555556,11
2024-05-08 19:45:00,2024-05-08 23:15:00,3.75,4.6,4.92,19
2024-05-09 11:15:00,2024-05-09 11:45:00,0.75,6.3,6.5,11
2024-05-09 16:00:00,2024-05-09 18:45:00,3.0,4.0,4.983333333333333,16
2024-05-10 03:00:00,2024-05-10 03:45:00,1.0,4.5,4.675000000000001,3
2024-05-10 12:30:00,2024-05-10 15:00:00,2.75,4.7,5.381818181818182,12
2024-05-10 17:30:00,2024-05-10 20:00:00,2.75,4.0,4.427272727272727,17
2024-05-11 16:30:00,2024-05-11 20:30:00,4.25,5.0,5.841176470588235,16
2024-05-12 00:00:00,2024-05-12 04:00:00,4.25,4.6,4.764705882352941,0
2024-05-12 16:30:00,2024-05-12 20:45:00,4.5,4.6,5.733333333333333,16
2024-05-13 03:30:00,2024-05-13 04:30:00,1.25,5.0,5.1,3
2024-05-13 17:15:00,2024-05-13 22:00:00,5.0,3.4,4.85,17
2024-05-14 00:15:00,2024-05-14 01:00:00,1.0,5.4,5.775,0
2024-05-14 16:30:00,2024-05-14 18:45:00,2.5,6.0,6.540000000000001,16
2024-05-15 13:15:00,2024-05-15 16:00:00,3.0,4.3,5.033333333333332,13
2024-05-15 17:30:00,2024-05-15 20:45:00,3.5,4.5,5.021428571428571,17
2024-05-16 02:00:00,2024-05-16 02:45:00,1.0,4.0,4.125,2
2024-05-16 05:45:00,2024-05-16 13:15:00,7.75,3.8,4.712903225806452,5
2024-05-16 14:45:00,2024-05-16 21:00:00,6.5,3.9,4.723076923076923,14
2024-05-16 23:15:00,2024-05-17 00:00:00,1.0,5.0,5.125,23
2024-05-17 10:45:00,2024-05-17 14:45:00,4.25,5.4,6.035294117647059,10
2024-05-17 20:15:00,2024-05-17 21:15:00,1.25,4.5,4.8,20
2024-05-18 04:30:00,2024-05-18 06:00:00,1.75,3.6,3.8857142857142857,4
2024-05-18 09:45:00,2024-05-18 10:30:00,1.0,4.6,4.85,9
2024-05-18 12:30:00,2024-05-18 14:30:00,2.25,4.5,4.866666666666666,12
2024-05-18 18:15:00,2024-05-18 20:45:00,2.75,4.1,4.3545454545454545,18
2024-05-19 13:15:00,2024-05-19 13:30:00,0.5,3.8,3.9499999999999997,13
2024-05-19 19:45:00,2024-05-19 21:00:00,1.5,4.2,4.366666666666666,19
2024-05-19 22:30:00,2024-05-19 23:45:00,1.5,3.8,3.9000000000000004,22
2024-05-20 02:00:00,2024-05-20 11:15:00,9.5,2.6,4.807894736842105,2
2024-05-20 13:15:00,2024-05-20 14:45:00,1.75,5.1,5.4,13
2024-05-20 16:15:00,2024-05-20 22:45:00,6.75,4.0,5.377777777777778,16
2024-05-21 00:15:00,2024-05-21 01:00:00,1.0,5.4,5.574999999999999,0
2024-05-21 08:45:00,2024-05-21 15:45:00,7.25,4.9,5.703448275862068,8
2024-05-21 17:15:00,2024-05-21 21:45:00,4.75,4.4,4.931578947368421,17
2024-05-21 23:30:00,2024-05-22 00:00:00,0.75,5.2,5.266666666666667,23
2024-05-22 12:00:00,2024-05-22 14:15:00,2.5,5.3,5.709999999999999,12
2024-05-22 21:00:00,2024-05-22 23:30:00,2.75,4.6,4.881818181818182,21
2024-05-23 01:00:00,2024-05-23 02:30:00,1.75,4.6,4.857142857142857,1
2024-05-23 04:00:00,2024-05-23 05:00:00,1.25,4.8,4.9799999999999995,4
2024-05-23 12:30:00,2024-05-23 13:45:00,1.5,5.8,6.083333333333333,12
2024-05-23 21:30:00,2024-05-24 02:15:00,5.0,4.5,4.795,21
2024-05-24 12:15:00,2024-05-24 13:15:00,1.25,5.6,5.76,12
2024-05-25 13:45:00,2024-05-25 18:30:00,5.0,4.8,6.1499999999999995,13
2024-05-26 13:15:00,2024-05-26 14:00:00,1.0,7.8,7.924999999999999,13
2024-05-26 15:30:00,2024-05-26 22:00:00,6.75,3.8,5.322222222222222,15
2024-05-27 13:45:00,2024-05-27 20:15:00,6.75,4.1,6.277777777777779,13
2024-05-27 22:15:00,2024-05-27 23:15:00,1.25,4.2,4.6,22
2024-05-28 13:15:00,2024-05-28 20:15:00,7.25,4.3,6.748275862068966,13
2024-05-28 22:45:00,2024-05-28 23:45:00,1.25,4.6,4.8,22
2024-05-29 01:15:00,2024-05-29 03:00:00,2.0,4.0,4.1625,1
2024-05-29 15:00:00,2024-05-29 20:45:00,6.0,4.2,6.791666666666667,15
2024-05-29 22:15:00,2024-05-30 02:15:00,4.25,4.4,4.876470588235295,22
2024-05-30 16:15:00,2024-05-30 22:15:00,6.25,4.1,5.643999999999998,16
2024-05-31 04:30:00,2024-05-31 06:00:00,1.75,3.6,4.114285714285715,4
2024-05-31 16:00:00,2024-05-31 23:00:00,7.25,5.0,6.199999999999999,16
2024-06-01 05:30:00,2024-06-01 14:00:00,8.75,3.9,4.671428571428573,5
2024-06-01 16:45:00,2024-06-01 20:00:00,3.5,5.1,5.485714285714286,16
2024-06-02 01:00:00,2024-06-02 03:15:00,2.5,4.9,5.279999999999999,1
2024-06-02 05:15:00,2024-06-02 06:00:00,1.0,5.0,5.175,5
2024-06-02 08:00:00,2024-06-02 11:45:00,4.0,3.9,4.699999999999999,8
2024-06-02 16:45:00,2024-06-02 20:00:00,3.5,4.4,5.292857142857144,16
2024-06-02 21:30:00,2024-06-02 23:00:00,1.75,5.0,5.114285714285714,21
2024-06-03 07:15:00,2024-06-03 08:30:00,1.5,6.1,6.216666666666668,7
2024-06-03 10:45:00,2024-06-03 12:15:00,1.75,4.6,5.114285714285714,10
2024-06-03 16:30:00,2024-06-03 16:45:00,0.5,5.5,5.7,16
2024-06-03 20:00:00,2024-06-03 22:15:00,2.5,5.2,5.5,20
2024-06-04 01:15:00,2024-06-04 02:00:00,1.0,5.3,5.425,1
2024-06-04 03:30:00,2024-06-04 03:45:00,0.5,5.3,5.4,3
2024-06-04 12:00:00,2024-06-04 12:45:00,1.0,5.5,5.6499999999999995,12
2024-06-04 20:00:00,2024-06-04 22:00:00,2.25,5.3,5.588888888888889,20
2024-06-05 08:00:00,2024-06-05 09:00:00,1.25,5.9,6.02,8
2024-06-05 21:15:00,2024-06-05 22:15:00,1.25,3.9,4.26,21
2024-06-06 01:00:00,2024-06-06 02:15:00,1.5,4.3,4.616666666666666,1
2024-06-06 08:30:00,2024-06-06 09:30:00,1.25,5.7,5.9799999999999995,8
2024-06-06 11:00:00,2024-06-06 14:30:00,3.75,4.6,5.5,11
2024-06-06 22:30:00,2024-06-06 23:30:00,1.25,3.6,3.8,22
2024-06-07 14:00:00,2024-06-07 14:45:00,1.0,6.2,6.3500000000000005,14
2024-06-07 18:00:00,2024-06-07 18:45:00,1.0,5.2,5.3500000000000005,18
2024-06-08 14:45:00,2024-06-08 15:15:00,0.75,6.9,7.1000000000000005,14
2024-06-08 16:45:00,2024-06-08 18:30:00,2.0,5.2,5.7875,16
2024-06-09 00:45:00,2024-06-09 03:00:00,2.5,4.1,4.58,0
2024-06-09 17:15:00,2024-06-09 19:15:00,2.25,5.4,5.788888888888888,17
2024-06-10 00:45:00,2024-06-10 01:00:00,0.5,4.4,4.6,0
2024-06-10 12:45:00,2024-06-10 13:45:00,1.25,6.4,6.580000000000001,12
2024-06-10 15:30:00,2024-06-10 19:15:00,4.0,4.7,5.4375,15
2024-06-11 00:30:00,2024-06-11 02:15:00,2.0,3.9,4.300000000000001,0
2024-06-11 08:00:00,2024-06-11 08:30:00,0.75,4.5,4.833333333333333,8
2024-06-11 15:45:00,2024-06-11 19:00:00,3.5,5.3,6.271428571428571,15
2024-06-11 22:15:00,2024-06-12 00:30:00,2.5,4.6,5.13,22
2024-06-12 02:30:00,2024-06-12 03:00:00,0.75,4.3,4.666666666666667,2
2024-06-12 05:00:00,2024-06-12 09:45:00,5.0,4.6,4.989999999999999,5
2024-06-12 13:15:00,2024-06-12 13:45:00,0.75,6.4,6.6000000000000005,13
2024-06-12 16:30:00,2024-06-12 17:45:00,1.5,5.7,6.066666666666666,16
2024-06-12 19:15:00,2024-06-12 22:00:00,3.0,4.9,5.316666666666666,19
2024-06-12 23:30:00,2024-06-13 02:30:00,3.25,3.8,4.292307692307692,23
2024-06-13 04:00:00,2024-06-13 08:15:00,4.5,3.4,4.022222222222222,4
2024-06-13 20:00:00,2024-06-14 00:30:00,4.75,4.1,4.957894736842104,20
2024-06-14 02:00:00,2024-06-14 07:45:00,6.0,3.0,3.8625000000000003,2
2024-06-14 10:00:00,2024-06-14 14:30:00,4.75,4.4,5.394736842105263,10
2024-06-14 16:15:00,2024-06-15 03:15:00,11.25,4.3,5.695555555555556,16
2024-06-15 05:15:00,2024-06-15 10:00:00,5.0,3.9,4.425000000000001,5
2024-06-15 13:30:00,2024-06-15 13:45:00,0.5,4.6,4.699999999999999,13
2024-06-15 15:30:00,2024-06-16 01:30:00,10.25,4.1,5.614634146341463,15
2024-06-16 03:00:00,2024-06-16 05:00:00,2.25,4.8,5.0,3
2024-06-16 06:45:00,2024-06-16 12:00:00,5.5,4.3,4.645454545454545,6
2024-06-16 14:15:00,2024-06-16 15:30:00,1.5,3.5,4.183333333333334,14
2024-06-16 17:15:00,2024-06-16 20:30:00,3.5,3.7,4.1,17
2024-06-17 04:45:00,2024-06-17 07:45:00,3.25,4.4,4.646153846153847,4
2024-06-17 12:15:00,2024-06-17 16:30:00,4.5,4.5,5.011111111111111,12
2024-06-17 18:30:00,2024-06-17 18:45:00,0.5,5.3,5.449999999999999,18
2024-06-18 13:15:00,2024-06-18 21:30:00,8.5,5.2,5.879411764705884,13
2024-06-19 10:30:00,2024-06-19 14:15:00,4.0,4.2,4.987500000000001,10
2024-06-19 19:00:00,2024-06-19 20:15:00,1.5,4.2,4.366666666666666,19
2024-06-20 11:45:00,2024-06-20 13:45:00,2.25,5.4,5.555555555555555,11
2024-06-20 19:15:00,2024-06-20 22:00:00,3.0,4.2,4.491666666666667,19
2024-06-20 23:45:00,2024-06-21 00:15:00,0.75,3.9,4.133333333333334,23
2024-06-21 13:00:00,2024-06-21 14:00:00,1.25,5.4,5.659999999999999,13
2024-06-21 16:30:00,2024-06-21 18:15:00,2.0,4.7,5.1625,16
2024-06-21 20:00:00,2024-06-21 23:00:00,3.25,4.0,4.453846153846154,20
2024-06-26 17:15:00,2024-06-26 19:45:00,2.75,4.9,5.8,17
2024-06-27 00:45:00,2024-06-27 01:45:00,1.25,4.7,4.84,0
2024-06-27 11:30:00,2024-06-27 13:15:00,2.0,5.3,5.8625,11
2024-06-27 17:15:00,2024-06-27 20:15:00,3.25,5.3,6.461538461538461,17
2024-06-27 22:30:00,2024-06-27 23:45:00,1.5,5.5,5.733333333333333,22
2024-06-28 02:15:00,2024-06-28 03:15:00,1.25,6.0,6.2,2
2024-06-28 15:30:00,2024-06-28 16:15:00,1.0,5.7,5.8500000000000005,15
2024-06-28 18:45:00,2024-06-28 20:00:00,1.5,4.7,5.15,18
2024-06-29 03:00:00,2024-06-29 05:00:00,2.25,4.7,5.044444444444445,3
2024-06-29 12:15:00,2024-06-29 20:00:00,8.0,4.0,4.875,12
2024-06-29 21:30:00,2024-06-30 01:45:00,4.5,3.2,4.683333333333334,21
2024-06-30 04:45:00,2024-06-30 07:00:00,2.5,3.0,4.02,4
2024-06-30 10:15:00,2024-06-30 21:00:00,11.0,3.6,4.877272727272726,10
2024-06-30 22:45:00,2024-07-01 04:00:00,5.5,2.6,3.186363636363637,22
2024-07-01 05:30:00,2024-07-01 16:15:00,11.0,2.6,4.029545454545454,5
2024-07-01 18:00:00,2024-07-02 03:15:00,9.5,2.7,4.663157894736843,18
2024-07-02 04:45:00,2024-07-02 05:45:00,1.25,4.9,5.039999999999999,4
2024-07-02 09:00:00,2024-07-02 10:00:00,1.25,4.3,4.4799999999999995,9
2024-07-02 11:30:00,2024-07-02 12:00:00,0.75,3.8,3.9666666666666663,11
2024-07-02 14:30:00,2024-07-02 15:45:00,1.5,4.0,4.083333333333333,14
2024-07-02 17:15:00,2024-07-02 21:30:00,4.5,3.2,3.7000000000000006,17
2024-07-03 10:15:00,2024-07-03 12:00:00,2.0,3.1,3.7875,10
2024-07-03 18:15:00,2024-07-04 00:15:00,6.25,3.4,3.8640000000000003,18
2024-07-04 09:00:00,2024-07-04 12:30:00,3.75,4.8,5.373333333333334,9
2024-07-04 20:00:00,2024-07-04 22:30:00,2.75,3.7,4.118181818181818,20
2024-07-05 09:00:00,2024-07-05 09:30:00,0.75,4.5,4.633333333333334,9
2024-07-05 17:45:00,2024-07-05 20:45:00,3.25,4.3,4.7153846153846155,17
2024-07-06 22:30:00,2024-07-07 03:30:00,5.25,3.6,4.1380952380952385,22
2024-07-07 11:30:00,2024-07-07 12:00:00,0.75,4.4,4.933333333333334,11
2024-07-07 17:00:00,2024-07-07 18:00:00,1.25,5.7,5.999999999999999,17
2024-07-07 20:45:00,2024-07-08 02:15:00,5.75,4.3,4.873913043478261,20
2024-07-08 15:30:00,2024-07-08 18:45:00,3.5,4.5,5.607142857142857,15
2024-07-08 20:30:00,2024-07-09 02:30:00,6.25,3.6,4.420000000000001,20
2024-07-09 07:00:00,2024-07-09 07:15:00,0.5,4.1,4.25,7
2024-07-09 13:45:00,2024-07-09 16:45:00,3.25,5.8,6.361538461538459,13
2024-07-09 18:45:00,2024-07-09 19:00:00,0.5,5.0,5.15,18
2024-07-09 22:45:00,2024-07-10 02:15:00,3.75,4.2,4.760000000000001,22
2024-07-10 04:00:00,2024-07-10 07:45:00,4.0,4.0,4.3062499999999995,4
2024-07-10 09:30:00,2024-07-10 22:45:00,13.5,3.2,5.092592592592593,9
2024-07-11 00:15:00,2024-07-11 03:45:00,3.75,2.3,2.9466666666666668,0
2024-07-11 05:30:00,2024-07-11 06:15:00,1.0,1.9,2.475,5
2024-07-11 08:15:00,2024-07-11 12:00:00,4.0,2.2,2.9625,8
2024-07-11 13:30:00,2024-07-12 11:30:00,22.25,2.8,5.811235955056179,13
2024-07-12 13:15:00,2024-07-12 13:30:00,0.5,5.3,5.5,13
2024-07-12 15:00:00,2024-07-14 10:30:00,43.75,3.2,5.364571428571429,15
2024-07-14 12:00:00,2024-07-15 01:45:00,14.0,4.5,6.196428571428571,12
2024-07-15 03:30:00,2024-07-15 06:00:00,2.75,3.7,4.454545454545455,3
2024-07-15 08:15:00,2024-07-15 08:45:00,0.75,4.6,4.733333333333333,8
2024-07-15 10:15:00,2024-07-16 01:15:00,15.25,4.2,5.901639344262295,10
2024-07-16 05:00:00,2024-07-16 10:00:00,5.25,3.1,4.447619047619047,5
2024-07-16 16:15:00,2024-07-16 22:00:00,6.0,4.8,5.662499999999999,16
2024-07-17 02:30:00,2024-07-17 10:45:00,8.5,2.7,4.229411764705882,2
2024-07-17 14:00:00,2024-07-17 23:00:00,9.25,3.7,4.8756756756756765,14
2024-07-18 01:00:00,2024-07-18 04:00:00,3.25,3.1,3.646153846153846,1
2024-07-18 07:00:00,2024-07-18 07:45:00,1.0,3.3,3.675,7
2024-07-18 09:30:00,2024-07-18 12:45:00,3.5,3.8,4.321428571428571,9
2024-07-18 14:15:00,2024-07-18 23:45:00,9.75,3.9,5.107692307692307,14
2024-07-19 01:15:00,2024-07-19 01:30:00,0.5,3.5,3.6,1
2024-07-19 05:30:00,2024-07-19 14:00:00,8.75,2.6,3.877142857142857,5
2024-07-19 18:15:00,2024-07-20 03:00:00,9.0,3.2,4.122222222222223,18
2024-07-20 07:45:00,2024-07-20 13:45:00,6.25,3.1,4.256,7
2024-07-20 17:15:00,2024-07-21 05:15:00,12.25,3.2,4.242857142857142,17
2024-07-21 10:00:00,2024-07-21 19:00:00,9.25,4.0,4.686486486486487,10
2024-07-21 20:30:00,2024-07-21 23:00:00,2.75,3.7,4.127272727272727,20
2024-07-22 00:45:00,2024-07-22 04:45:00,4.25,2.9,3.4,0
2024-07-22 10:30:00,2024-07-22 12:30:00,2.25,3.8,4.944444444444445,10
2024-07-22 14:00:00,2024-07-22 14:30:00,0.75,5.9,6.066666666666667,14
2024-07-22 17:45:00,2024-07-22 21:45:00,4.25,4.2,5.470588235294118,17
2024-07-22 23:15:00,2024-07-23 04:30:00,5.5,3.8,4.618181818181817,23
2024-07-23 07:30:00,2024-07-23 09:30:00,2.25,4.7,5.044444444444445,7
2024-07-23 11:45:00,2024-07-23 12:00:00,0.5,6.3,6.55,11
2024-07-23 13:30:00,2024-07-23 13:45:00,0.5,6.9,7.0,13
2024-07-23 15:15:00,2024-07-24 07:45:00,16.75,3.9,5.171641791044776,15
2024-07-24 15:15:00,2024-07-24 15:30:00,0.5,8.4,8.5,15
2024-07-25 08:30:00,2024-07-25 10:15:00,2.0,4.5,5.0375,8
2024-07-25 15:15:00,2024-07-25 17:00:00,2.0,6.8,7.875,15
2024-07-25 18:30:00,2024-07-26 18:15:00,24.0,3.1,5.440625,18
2024-07-26 19:45:00,2024-07-26 22:00:00,2.5,4.7,5.15,19
2024-07-26 23:30:00,2024-07-27 01:15:00,2.0,5.0,5.1499999999999995,23
2024-07-27 04:15:00,2024-07-27 09:00:00,5.0,2.7,3.920000000000001,4
2024-07-27 10:30:00,2024-07-27 10:45:00,0.5,3.9,4.05,10
2024-07-27 18:00:00,2024-07-27 20:45:00,3.0,6.1,6.658333333333334,18
2024-07-27 22:45:00,2024-07-28 01:00:00,2.5,5.4,6.0,22
2024-07-28 05:15:00,2024-07-28 09:15:00,4.25,2.6,3.7470588235294113,5
2024-07-28 13:15:00,2024-07-28 13:45:00,0.75,5.2,5.533333333333334,13
2024-07-28 16:15:00,2024-07-28 21:00:00,5.0,5.1,6.415000000000001,16
2024-07-29 04:15:00,2024-07-29 07:45:00,3.75,3.3,4.3,4
2024-07-29 18:00:00,2024-07-29 20:45:00,3.0,4.8,5.683333333333334,18
2024-07-29 23:45:00,2024-07-30 01:00:00,1.5,4.0,4.333333333333333,23
2024-07-30 05:00:00,2024-07-30 06:30:00,1.75,3.8,3.971428571428571,5
2024-07-30 08:00:00,2024-07-30 09:15:00,1.5,3.0,3.266666666666666,8
2024-07-30 17:00:00,2024-07-30 17:15:00,0.5,6.2,6.35,17
2024-07-30 19:00:00,2024-07-31 04:30:00,9.75,4.6,5.499999999999999,19
2024-07-31 07:30:00,2024-07-31 11:00:00,3.75,3.6,4.12,7
2024-07-31 13:15:00,2024-07-31 13:30:00,0.5,4.3,4.55,13
2024-07-31 16:45:00,2024-07-31 23:45:00,7.25,4.0,5.062068965517243,16
2024-08-01 01:45:00,2024-08-01 03:00:00,1.5,4.2,4.316666666666667,1
2024-08-01 07:15:00,2024-08-01 13:45:00,6.75,3.6,4.366666666666666,7
2024-08-01 18:30:00,2024-08-01 22:30:00,4.25,4.6,5.552941176470589,18
2024-08-02 00:30:00,2024-08-02 01:45:00,1.5,4.6,4.766666666666667,0
2024-08-02 05:15:00,2024-08-02 06:00:00,1.0,4.0,4.25,5
2024-08-02 08:15:00,2024-08-02 11:00:00,3.0,3.4,4.783333333333334,8
2024-08-02 12:30:00,2024-08-02 13:15:00,1.0,4.8,4.85,12
2024-08-02 17:30:00,2024-08-02 19:30:00,2.25,5.6,6.0,17
2024-08-02 21:15:00,2024-08-03 00:00:00,3.0,4.7,5.116666666666667,21
2024-08-03 01:45:00,2024-08-03 03:15:00,1.75,4.0,4.542857142857143,1
2024-08-03 10:30:00,2024-08-03 13:45:00,3.5,5.4,6.05,10
2024-08-03 17:30:00,2024-08-03 17:45:00,0.5,5.7,5.800000000000001,17
2024-08-03 19:15:00,2024-08-04 00:30:00,5.5,4.3,4.936363636363636,19
2024-08-04 11:30:00,2024-08-04 12:00:00,0.75,5.4,5.733333333333334,11
2024-08-04 14:15:00,2024-08-04 23:30:00,9.5,4.3,5.386842105263158,14
2024-08-05 09:45:00,2024-08-05 19:30:00,10.0,3.5,5.835,9
2024-08-05 21:15:00,2024-08-05 22:15:00,1.25,4.5,4.9799999999999995,21
2024-08-05 23:45:00,2024-08-06 01:30:00,2.0,3.3,4.15,23
2024-08-06 03:00:00,2024-08-06 08:00:00,5.25,2.1,2.9476190476190474,3
2024-08-06 11:00:00,2024-08-06 11:30:00,0.75,4.0,4.066666666666666,11
2024-08-06 13:15:00,2024-08-06 14:45:00,1.75,5.8,6.014285714285713,13
2024-08-06 18:00:00,2024-08-06 23:30:00,5.75,4.4,5.85217391304348,18
2024-08-07 01:00:00,2024-08-07 08:45:00,8.0,3.3,4.5,1
2024-08-07 10:15:00,2024-08-07 11:30:00,1.5,4.9,5.083333333333333,10
2024-08-07 13:15:00,2024-08-07 14:45:00,1.75,6.7,7.7,13
2024-08-07 18:45:00,2024-08-07 22:00:00,3.5,5.5,6.964285714285715,18
2024-08-07 23:45:00,2024-08-08 03:30:00,4.0,3.1,5.1125,23
2024-08-08 05:00:00,2024-08-08 07:15:00,2.5,4.0,4.970000000000001,5
2024-08-08 09:00:00,2024-08-08 12:00:00,3.25,4.4,5.538461538461537,9
2024-08-08 19:00:00,2024-08-09 12:30:00,17.75,4.1,5.770422535211268,19
2024-08-09 17:15:00,2024-08-10 15:15:00,22.25,3.4,5.560674157303371,17
2024-08-10 16:45:00,2024-08-11 02:15:00,9.75,4.0,6.046153846153847,16
2024-08-11 03:45:00,2024-08-11 11:15:00,7.75,3.4,4.348387096774194,3
2024-08-11 13:00:00,2024-08-11 15:30:00,2.75,4.8,6.218181818181819,13
2024-08-11 17:15:00,2024-08-11 19:30:00,2.5,5.0,6.16,17
2024-08-11 21:30:00,2024-08-12 03:45:00,6.5,3.9,4.73076923076923,21
2024-08-12 05:30:00,2024-08-12 07:30:00,2.25,3.3,3.922222222222222,5
2024-08-12 11:00:00,2024-08-12 14:30:00,3.75,4.4,5.480000000000001,11
2024-08-12 16:15:00,2024-08-13 00:45:00,8.75,4.1,5.5323529411764705,16
2024-08-13 03:00:00,2024-08-13 07:00:00,4.25,2.7,3.6882352941176473,3
2024-08-14 16:15:00,2024-08-14 23:00:00,7.0,4.4,5.453571428571429,16
2024-08-15 04:00:00,2024-08-15 07:45:00,4.0,3.2,3.54375,4
2024-08-15 12:30:00,2024-08-15 14:30:00,2.25,4.4,5.766666666666667,12
2024-08-15 16:30:00,2024-08-15 23:00:00,6.75,4.9,6.266666666666667,16
2024-08-16 00:30:00,2024-08-16 01:45:00,1.5,4.4,4.583333333333333,0
2024-08-16 06:00:00,2024-08-16 08:15:00,2.5,3.0,3.54,6
2024-08-16 09:45:00,2024-08-16 11:00:00,1.5,3.6,3.8166666666666664,9
2024-08-16 16:45:00,2024-08-16 23:00:00,6.5,4.8,5.792307692307692,16
2024-08-17 08:00:00,2024-08-17 11:00:00,3.25,3.2,3.8307692307692305,8
2024-08-17 16:30:00,2024-08-17 18:45:00,2.5,5.3,6.06,16
2024-08-17 20:15:00,2024-08-17 22:45:00,2.75,4.5,4.863636363636364,20
2024-08-18 00:15:00,2024-08-18 02:00:00,2.0,3.6,3.9,0
2024-08-18 11:45:00,2024-08-18 13:00:00,1.5,4.5,4.883333333333333,11
2024-08-18 18:45:00,2024-08-18 23:15:00,4.75,4.2,5.036842105263157,18
2024-08-19 01:00:00,2024-08-19 05:45:00,5.0,3.3,3.935,1
2024-08-19 15:30:00,2024-08-19 16:30:00,1.25,6.6,7.12,15
2024-08-19 18:00:00,2024-08-20 04:30:00,10.75,3.9,5.537209302325582,18
2024-08-20 11:00:00,2024-08-20 16:45:00,6.0,4.4,6.1499999999999995,11
2024-08-20 18:30:00,2024-08-21 00:00:00,5.75,4.8,6.021739130434784,18
2024-08-21 02:00:00,2024-08-21 04:45:00,3.0,4.2,4.566666666666666,2
2024-08-21 12:15:00,2024-08-21 15:00:00,3.0,5.8,6.658333333333335,12
2024-08-21 17:15:00,2024-08-22 03:30:00,10.5,4.9,5.969047619047619,17
2024-08-22 05:45:00,2024-08-22 07:15:00,1.75,4.0,4.571428571428571,5
2024-08-22 09:15:00,2024-08-22 15:45:00,6.75,4.3,5.655555555555555,9
2024-08-22 17:30:00,2024-08-22 22:00:00,4.75,4.5,6.705263157894737,17
2024-08-22 23:30:00,2024-08-23 22:30:00,23.25,3.3,5.6698924731182805,23
2024-08-24 00:30:00,2024-08-24 07:30:00,7.25,2.7,4.593103448275862,0
2024-08-24 10:00:00,2024-08-24 18:15:00,8.5,4.0,5.788235294117647,10
2024-08-24 19:45:00,2024-08-24 20:30:00,1.0,5.7,5.95,19
2024-08-25 01:00:00,2024-08-25 06:45:00,6.0,2.6,4.3125,1
2024-08-25 08:30:00,2024-08-25 09:15:00,1.0,2.2,3.1,8
2024-08-25 11:00:00,2024-08-25 14:00:00,3.25,3.5,4.1692307692307695,11
2024-08-25 15:30:00,2024-08-25 19:15:00,4.0,4.2,5.9,15
2024-08-25 21:15:00,2024-08-25 21:30:00,0.5,5.1,5.199999999999999,21
2024-08-26 02:15:00,2024-08-26 08:15:00,6.25,2.5,3.6720000000000006,2
2024-08-26 11:00:00,2024-08-26 14:15:00,3.5,4.2,4.8500000000000005,11
2024-08-26 17:30:00,2024-08-26 20:00:00,2.75,5.7,6.627272727272728,17
2024-08-27 03:30:00,2024-08-27 06:45:00,3.5,3.0,3.728571428571428,3
2024-08-27 08:15:00,2024-08-27 09:30:00,1.5,2.3,2.5833333333333335,8
2024-08-27 11:00:00,2024-08-27 14:15:00,3.5,3.3,4.692857142857143,11
2024-08-27 15:45:00,2024-08-27 20:15:00,4.75,5.5,6.43157894736842,15
2024-08-28 04:15:00,2024-08-28 12:30:00,8.5,2.6,3.5617647058823527,4
2024-08-28 14:15:00,2024-08-28 19:45:00,5.75,4.9,5.769565217391305,14
2024-08-29 06:15:00,2024-08-29 06:45:00,0.75,3.5,3.733333333333333,6
2024-08-29 10:00:00,2024-08-29 13:30:00,3.75,3.2,3.8666666666666663,10
2024-08-29 16:00:00,2024-08-29 23:45:00,8.0,3.4,4.525,16
2024-08-30 08:15:00,2024-08-30 14:30:00,6.5,1.7,3.276923076923077,8
2024-08-30 16:15:00,2024-08-30 22:15:00,6.25,1.9,2.736,16
2024-08-31 09:00:00,2024-08-31 14:30:00,5.75,2.4,3.7173913043478266,9
2024-08-31 16:00:00,2024-08-31 17:30:00,1.75,2.9,3.1714285714285713,16
2024-08-31 19:00:00,2024-08-31 21:00:00,2.25,2.0,2.533333333333333,19
2024-09-01 08:15:00,2024-09-01 13:00:00,5.0,3.8,4.65,8
2024-09-01 14:30:00,2024-09-01 18:30:00,4.25,4.4,4.841176470588235,14
2024-09-01 20:45:00,2024-09-02 04:15:00,7.75,2.8,3.4935483870967734,20
2024-09-02 10:00:00,2024-09-02 15:30:00,5.75,3.8,5.252173913043479,10
2024-09-02 18:00:00,2024-09-03 04:00:00,10.25,4.0,5.170731707317072,18
2024-09-03 10:30:00,2024-09-04 00:30:00,14.25,3.8,5.563157894736842,10
2024-09-04 02:00:00,2024-09-04 03:30:00,1.75,4.8,5.1571428571428575,2
2024-09-04 06:15:00,2024-09-04 06:45:00,0.75,3.9,4.266666666666667,6
2024-09-04 12:00:00,2024-09-04 18:00:00,6.25,3.3,5.372000000000001,12
2024-09-04 19:30:00,2024-09-05 08:00:00,12.75,2.1,3.145098039215686,19
2024-09-05 13:15:00,2024-09-05 14:15:00,1.25,3.7,3.999999999999999,13
2024-09-05 15:45:00,2024-09-05 19:00:00,3.5,3.0,3.492857142857143,15
2024-09-06 00:00:00,2024-09-06 07:45:00,8.0,2.1,3.028125,0
2024-09-06 14:00:00,2024-09-06 20:00:00,6.25,3.1,3.884,14
2024-09-06 23:00:00,2024-09-07 05:15:00,6.5,1.5,3.069230769230769,23
2024-09-07 09:00:00,2024-09-07 10:15:00,1.5,1.7,1.9333333333333333,9
2024-09-07 11:45:00,2024-09-07 12:30:00,1.0,1.9,2.3,11
2024-09-07 14:00:00,2024-09-07 14:45:00,1.0,2.3,2.6500000000000004,14
2024-09-07 17:00:00,2024-09-07 20:15:00,3.5,3.4,3.7357142857142853,17
2024-09-08 00:45:00,2024-09-08 06:15:00,5.75,1.9,3.8,0
2024-09-08 08:45:00,2024-09-08 12:00:00,3.5,2.4,3.1142857142857148,8
2024-09-08 13:45:00,2024-09-08 17:30:00,4.0,3.8,4.84375,13
2024-09-08 19:00:00,2024-09-08 21:00:00,2.25,5.1,5.988888888888889,19
2024-09-09 01:30:00,2024-09-09 09:15:00,8.0,2.8,4.51875,1
2024-09-09 11:00:00,2024-09-09 12:00:00,1.25,3.7,4.1,11
2024-09-09 13:45:00,2024-09-09 19:45:00,6.25,4.3,5.612,13
2024-09-10 02:45:00,2024-09-10 10:15:00,7.75,2.5,4.438709677419354,2
2024-09-10 12:15:00,2024-09-10 19:15:00,7.25,3.1,4.248275862068966,12
2024-09-11 04:00:00,2024-09-11 09:15:00,5.5,3.4,4.740909090909091,4
2024-09-11 13:30:00,2024-09-11 16:15:00,3.0,3.0,3.466666666666667,13
2024-09-13 17:45:00,2024-09-13 18:45:00,1.25,4.7,4.9399999999999995,17
2024-09-14 08:15:00,2024-09-14 10:30:00,2.5,4.2,4.890000000000001,8
2024-09-15 06:00:00,2024-09-15 07:15:00,1.5,6.1,6.216666666666666,6
2024-09-15 09:30:00,2024-09-15 12:30:00,3.25,4.7,5.653846153846154,9
2024-09-15 17:30:00,2024-09-15 19:00:00,1.75,5.3,5.471428571428571,17
2024-09-15 20:30:00,2024-09-15 22:30:00,2.25,4.7,5.222222222222222,20
2024-09-16 00:30:00,2024-09-16 02:15:00,2.0,5.0,5.1875,0
2024-09-16 08:45:00,2024-09-16 13:30:00,5.0,4.2,5.270000000000001,8
2024-09-16 19:45:00,2024-09-16 22:15:00,2.75,3.7,4.3090909090909095,19
2024-09-17 01:15:00,2024-09-17 04:30:00,3.5,3.2,3.6142857142857143,1
2024-09-17 09:45:00,2024-09-17 13:00:00,3.5,5.1,5.485714285714286,9
2024-09-17 19:30:00,2024-09-17 20:15:00,1.0,4.9,5.1,19
2024-09-17 22:45:00,2024-09-18 02:15:00,3.75,4.3,4.6133333333333315,22
2024-09-18 03:45:00,2024-09-18 04:30:00,1.0,4.0,4.25,3
2024-09-18 06:45:00,2024-09-18 07:45:00,1.25,3.7,3.88,6
2024-09-18 14:00:00,2024-09-18 15:15:00,1.5,4.7,6.316666666666667,14
2024-09-18 16:45:00,2024-09-18 17:00:00,0.5,4.4,4.550000000000001,16
2024-09-18 21:30:00,2024-09-19 03:45:00,6.5,3.2,3.9884615384615385,21
2024-09-19 06:30:00,2024-09-19 08:45:00,2.5,2.8,3.1500000000000004,6
2024-09-19 11:00:00,2024-09-19 20:15:00,9.5,2.4,3.5236842105263153,11
2024-09-19 22:45:00,2024-09-20 02:45:00,4.25,2.2,3.3058823529411767,22
2024-09-20 08:30:00,2024-09-20 09:45:00,1.5,2.8,3.0500000000000003,8
2024-09-20 13:15:00,2024-09-20 14:15:00,1.25,4.2,4.74,13
2024-09-20 18:45:00,2024-09-20 19:00:00,0.5,5.3,5.55,18
2024-09-20 23:30:00,2024-09-21 04:45:00,5.5,2.3,3.963636363636363,23
2024-09-21 08:45:00,2024-09-21 12:30:00,4.0,3.8,4.46875,8
2024-09-21 16:00:00,2024-09-21 18:45:00,3.0,4.1,6.2416666666666645,16
2024-09-22 00:15:00,2024-09-22 06:15:00,6.25,2.1,4.532,0
2024-09-22 11:00:00,2024-09-22 13:00:00,2.25,4.7,5.477777777777778,11
2024-09-22 15:00:00,2024-09-22 20:00:00,5.25,6.6,7.871428571428569,15
2024-09-23 00:45:00,2024-09-23 05:30:00,5.0,3.3,5.049999999999999,0
2024-09-23 07:30:00,2024-09-23 09:15:00,2.0,2.5,2.7375,7
2024-09-23 14:15:00,2024-09-23 17:15:00,3.25,6.8,7.476923076923077,14
2024-09-24 01:30:00,2024-09-24 07:45:00,6.5,2.6,4.392307692307692,1
2024-09-24 12:45:00,2024-09-24 13:45:00,1.25,5.0,5.5,12
2024-09-24 15:15:00,2024-09-24 15:45:00,0.75,6.0,6.466666666666666,15
2024-09-24 17:30:00,2024-09-24 18:30:00,1.25,6.1,6.7,17
2024-09-25 03:30:00,2024-09-25 07:30:00,4.25,3.8,4.958823529411765,3
2024-09-25 14:15:00,2024-09-25 19:30:00,5.5,4.3,5.322727272727272,14
2024-09-26 06:30:00,2024-09-26 08:00:00,1.75,5.1,5.385714285714285,6
2024-10-01 10:45:00,2024-10-01 13:15:00,2.75,4.7,5.4363636363636365,10
2024-10-01 15:15:00,2024-10-01 17:00:00,2.0,5.4,6.4,15
2024-10-01 18:45:00,2024-10-01 20:45:00,2.25,5.5,6.1,18
2024-10-01 22:15:00,2024-10-02 04:00:00,6.0,3.8,4.8875,22
2024-10-02 13:00:00,2024-10-02 14:15:00,1.5,6.1,6.25,13
2024-10-02 15:45:00,2024-10-02 16:00:00,0.5,6.0,6.1,15
2024-10-02 17:30:00,2024-10-02 18:00:00,0.75,6.2,6.333333333333333,17
2024-10-02 23:45:00,2024-10-03 03:00:00,3.5,3.1,4.371428571428571,23
2024-10-03 06:15:00,2024-10-03 07:45:00,1.75,3.1,3.342857142857143,6
2024-10-03 23:15:00,2024-10-04 03:15:00,4.25,2.7,3.929411764705882,23
2024-10-04 12:30:00,2024-10-04 13:45:00,1.5,3.3,3.566666666666667,12
2024-10-04 15:15:00,2024-10-04 18:15:00,3.25,3.6,3.838461538461538,15
2024-10-05 00:30:00,2024-10-05 04:15:00,4.0,2.2,3.5375,0
2024-10-06 00:30:00,2024-10-06 05:00:00,4.75,2.8,4.594736842105263,0
2024-10-06 08:45:00,2024-10-06 09:45:00,1.25,3.5,3.72,8
2024-10-06 12:30:00,2024-10-06 12:45:00,0.5,3.6,4.0,12
2024-10-06 16:45:00,2024-10-06 17:30:00,1.0,5.5,5.6,16
2024-10-07 01:00:00,2024-10-07 06:15:00,5.5,3.3,5.1090909090909085,1
2024-10-08 01:45:00,2024-10-08 05:00:00,3.5,3.8,5.192857142857143,1
2024-10-08 12:00:00,2024-10-08 14:30:00,2.75,4.9,5.4363636363636365,12
2024-10-08 16:00:00,2024-10-08 16:45:00,1.0,5.2,5.425,16
2024-10-09 04:30:00,2024-10-09 07:45:00,3.5,3.9,5.057142857142857,4
2024-10-10 02:00:00,2024-10-10 08:30:00,6.75,3.7,5.448148148148148,2
2024-10-10 13:45:00,2024-10-10 15:45:00,2.25,5.4,5.955555555555555,13
2024-10-10 17:45:00,2024-10-10 18:45:00,1.25,5.9,6.1,17
2024-10-11 06:00:00,2024-10-11 07:45:00,2.0,4.4,4.825,6
2024-10-11 16:45:00,2024-10-11 19:15:00,2.75,6.0,6.4818181818181815,16
2024-10-12 09:00:00,2024-10-12 11:00:00,2.25,4.5,5.0777777777777775,9
2024-10-12 16:15:00,2024-10-12 18:30:00,2.5,5.8,6.109999999999999,16
2024-10-13 09:00:00,2024-10-13 09:45:00,1.0,4.9,5.075,9
2024-10-13 23:45:00,2024-10-14 01:15:00,1.75,5.3,5.371428571428572,23
2024-10-14 11:15:00,2024-10-14 12:45:00,1.75,4.5,4.728571428571429,11
2024-10-14 18:00:00,2024-10-14 19:15:00,1.5,5.8,5.8999999999999995,18
2024-10-15 00:15:00,2024-10-15 02:00:00,2.0,4.9,5.3125,0
2024-10-15 13:30:00,2024-10-15 15:15:00,2.0,5.4,5.5625,13
2024-10-17 14:00:00,2024-10-17 14:45:00,1.0,7.4,7.5,14
2024-10-17 22:30:00,2024-10-18 01:00:00,2.75,6.2,7.036363636363637,22
2024-10-19 00:15:00,2024-10-19 03:15:00,3.25,5.8,6.769230769230769,0
2024-10-19 23:45:00,2024-10-20 04:45:00,5.25,5.5,6.961904761904761,23
2024-10-21 03:30:00,2024-10-21 05:15:00,2.0,5.5,6.0,3
2024-10-22 03:00:00,2024-10-22 06:45:00,4.0,5.1,6.05625,3
2024-10-23 03:00:00,2024-10-23 07:00:00,4.25,4.9,6.017647058823529,3
2024-10-23 15:30:00,2024-10-23 16:45:00,1.5,6.7,6.949999999999999,15
2024-10-24 03:30:00,2024-10-24 08:00:00,4.75,4.5,5.578947368421052,3
2024-10-25 05:15:00,2024-10-25 10:45:00,5.75,4.6,5.404347826086957,5
2024-10-25 17:15:00,2024-10-25 19:00:00,2.0,6.3,6.6125,17
2024-10-26 15:00:00,2024-10-26 18:30:00,3.75,6.6,6.9866666666666655,15
2024-10-28 10:30:00,2024-10-28 11:30:00,1.25,6.4,6.6800000000000015,10
2024-10-29 00:00:00,2024-10-29 02:00:00,2.25,5.9,6.522222222222222,0
2024-10-29 15:45:00,2024-10-29 16:45:00,1.25,7.6,7.8,15
2024-10-30 00:30:00,2024-10-30 03:45:00,3.5,4.3,5.271428571428571,0
2024-10-30 05:30:00,2024-10-30 06:30:00,1.25,4.5,5.12,5
2024-10-30 22:30:00,2024-10-31 03:15:00,5.0,3.7,5.15,22
2024-10-31 04:45:00,2024-10-31 06:30:00,2.0,3.6,4.6375,4
2024-10-31 22:00:00,2024-11-01 03:30:00,5.75,3.4,5.234782608695653,22
2024-11-01 05:45:00,2024-11-01 07:45:00,2.25,3.3,4.011111111111111,5
2024-11-01 09:45:00,2024-11-01 11:00:00,1.5,4.1,4.3999999999999995,9
2024-11-01 22:15:00,2024-11-02 03:00:00,5.0,3.5,5.075,22
2024-11-03 00:45:00,2024-11-03 06:00:00,5.5,3.6,4.504545454545455,0
2024-11-03 09:15:00,2024-11-03 11:15:00,2.25,4.6,5.144444444444444,9
2024-11-04 01:15:00,2024-11-04 06:45:00,5.75,3.4,4.834782608695653,1
2024-11-04 11:45:00,2024-11-04 13:00:00,1.5,5.3,5.766666666666667,11
2024-11-05 01:15:00,2024-11-05 06:45:00,5.75,3.5,4.917391304347826,1
2024-11-05 15:15:00,2024-11-05 17:30:00,2.5,5.8,6.1,15
2024-11-06 03:00:00,2024-11-06 07:45:00,5.0,2.9,4.06,3
2024-11-06 17:45:00,2024-11-06 19:00:00,1.5,4.6,4.833333333333333,17
2024-11-07 01:00:00,2024-11-07 06:30:00,5.75,2.7,4.778260869565218,1
2024-11-08 02:15:00,2024-11-08 04:30:00,2.5,5.9,6.459999999999999,2
2024-11-08 06:00:00,2024-11-08 09:45:00,4.0,3.1,4.38125,6
2024-11-09 04:30:00,2024-11-09 08:45:00,4.5,3.8,4.755555555555556,4
2024-11-10 06:15:00,2024-11-10 09:30:00,3.5,3.8,4.8999999999999995,6
2024-11-10 14:00:00,2024-11-10 15:00:00,1.25,4.0,4.62,14
2024-11-10 16:30:00,2024-11-10 19:15:00,3.0,4.1,4.5,16
2024-11-11 05:15:00,2024-11-11 12:00:00,7.0,2.3,3.9535714285714287,5
2024-11-11 22:45:00,2024-11-12 03:00:00,4.5,3.1,4.072222222222222,22
2024-11-12 05:15:00,2024-11-12 06:45:00,1.75,2.7,3.1,5
2024-11-12 11:00:00,2024-11-12 11:30:00,0.75,2.4,2.6666666666666665,11
2024-11-12 13:15:00,2024-11-12 14:15:00,1.25,2.6,3.08,13
2024-11-13 00:00:00,2024-11-13 05:00:00,5.25,2.3,3.3476190476190473,0
2024-11-14 00:00:00,2024-11-14 04:00:00,4.25,3.1,4.705882352941177,0
2024-11-14 20:30:00,2024-11-15 03:00:00,6.75,4.0,5.448148148148148,20
2024-11-15 13:45:00,2024-11-15 14:45:00,1.25,6.3,6.640000000000001,13
2024-11-15 22:45:00,2024-11-16 03:00:00,4.5,5.2,6.355555555555557,22
2024-11-16 23:30:00,2024-11-17 03:30:00,4.25,5.7,7.01764705882353,23
2024-11-22 20:15:00,2024-11-22 21:00:00,1.0,6.8,7.2749999999999995,20
2024-11-22 23:00:00,2024-11-23 01:00:00,2.25,6.7,7.155555555555556,23
2024-11-23 02:45:00,2024-11-23 07:15:00,4.75,6.4,6.826315789473684,2
2024-11-23 16:00:00,2024-11-23 16:30:00,0.75,9.4,9.5,16
2024-11-23 20:45:00,2024-11-23 21:00:00,0.5,8.8,9.0,20
2024-11-24 02:15:00,2024-11-24 04:45:00,2.75,7.6,8.145454545454545,2
2024-11-24 07:30:00,2024-11-24 07:45:00,0.5,7.6,7.699999999999999,7
2024-11-24 19:45:00,2024-11-25 01:30:00,6.0,7.8,8.620833333333334,19
2024-11-25 03:00:00,2024-11-25 03:15:00,0.5,7.5,7.6,3
2024-11-25 18:30:00,2024-11-25 20:15:00,2.0,8.2,8.475000000000001,18
2024-11-26 15:30:00,2024-11-26 16:00:00,0.75,7.0,7.266666666666667,15
2024-11-26 20:30:00,2024-11-26 22:15:00,2.0,6.9,7.125,20
2024-11-27 04:15:00,2024-11-27 04:30:00,0.5,5.8,5.9,4
2024-11-27 06:30:00,2024-11-27 07:15:00,1.0,5.6,5.725,6
2024-11-27 23:30:00,2024-11-28 01:45:00,2.5,5.1,5.97,23
2024-11-28 23:30:00,2024-11-29 00:30:00,1.25,6.4,6.56,23
2024-11-29 18:15:00,2024-11-29 21:30:00,3.5,7.7,8.178571428571429,18
2024-11-30 02:00:00,2024-11-30 02:45:00,1.0,6.7,6.875,2
2024-11-30 23:00:00,2024-12-01 00:00:00,1.25,8.5,8.76,23
2024-12-01 23:00:00,2024-12-02 00:30:00,1.75,8.4,8.8,23
2024-12-02 19:45:00,2024-12-02 20:15:00,0.75,9.3,9.366666666666667,19
2024-12-05 00:15:00,2024-12-05 03:45:00,3.75,8.0,8.986666666666668,0
2024-12-05 06:15:00,2024-12-05 06:45:00,0.75,7.8,7.8999999999999995,6
2024-12-08 05:45:00,2024-12-08 06:45:00,1.25,8.5,8.66,5
2024-12-08 13:15:00,2024-12-08 14:15:00,1.25,8.7,8.98,13
2024-12-09 02:00:00,2024-12-09 03:00:00,1.25,8.6,8.72,2
2024-12-09 17:15:00,2024-12-09 23:45:00,6.75,8.2,8.666666666666668,17
2024-12-10 01:45:00,2024-12-10 06:00:00,4.5,7.1,7.611111111111111,1
2024-12-10 23:00:00,2024-12-11 04:15:00,5.5,5.1,6.390909090909091,23
2024-12-11 22:45:00,2024-12-12 02:00:00,3.5,6.9,7.664285714285714,22
2024-12-13 01:00:00,2024-12-13 04:30:00,3.75,6.6,7.493333333333331,1
2024-12-13 23:45:00,2024-12-14 02:00:00,2.5,8.0,8.48,23
2024-12-14 22:45:00,2024-12-15 03:15:00,4.75,7.0,8.126315789473685,22
2024-12-16 01:00:00,2024-12-16 03:30:00,2.75,6.5,7.409090909090909,1
2024-12-17 00:00:00,2024-12-17 03:15:00,3.5,6.4,7.535714285714286,0
2024-12-17 12:30:00,2024-12-17 13:30:00,1.25,7.8,7.859999999999999,12
2024-12-17 23:45:00,2024-12-18 04:00:00,4.5,5.8,6.961111111111111,23
2024-12-19 01:00:00,2024-12-19 04:45:00,4.0,5.2,6.18125,1
2024-12-21 21:00:00,2024-12-21 21:30:00,0.75,7.4,7.533333333333334,21
2024-12-22 00:30:00,2024-12-22 01:45:00,1.5,7.1,7.216666666666666,0
2024-12-22 06:30:00,2024-12-22 06:45:00,0.5,7.1,7.25,6
2024-12-23 04:45:00,2024-12-23 06:00:00,1.5,7.5,7.566666666666666,4
2024-12-24 09:30:00,2024-12-24 10:15:00,1.0,7.5,7.675000000000001,9
2024-12-26 22:45:00,2024-12-27 03:00:00,4.5,6.2,7.088888888888889,22
2024-12-27 04:30:00,2024-12-27 04:45:00,0.5,6.4,6.550000000000001,4
2024-12-27 22:45:00,2024-12-28 02:00:00,3.5,5.9,6.614285714285715,22
2024-12-28 07:15:00,2024-12-28 08:30:00,1.5,6.5,6.6499999999999995,7
2024-12-29 00:00:00,2024-12-29 02:15:00,2.5,6.0,6.81,0
2024-12-29 15:00:00,2024-12-29 15:45:00,1.0,6.8,7.05,15
2024-12-29 23:30:00,2024-12-30 01:00:00,1.75,6.4,7.014285714285714,23
2024-12-30 12:00:00,2024-12-30 14:30:00,2.75,6.5,6.890909090909091,12
2024-12-31 01:00:00,2024-12-31 02:30:00,1.75,6.2,6.714285714285714,1
2024-12-31 18:30:00,2024-12-31 20:30:00,2.25,6.5,7.055555555555555,18
2025-01-01 16:30:00,2025-01-01 20:00:00,3.75,5.7,6.566666666666666,16
2025-01-02 01:15:00,2025-01-02 03:00:00,2.0,6.8,7.2125,1
2025-01-02 16:15:00,2025-01-02 18:15:00,2.25,7.3,7.833333333333333,16
2025-01-02 19:45:00,2025-01-02 21:00:00,1.5,7.5,7.6499999999999995,19
2025-01-02 23:15:00,2025-01-03 02:45:00,3.75,7.2,7.886666666666667,23
2025-01-03 16:15:00,2025-01-03 16:45:00,0.75,7.6,7.866666666666667,16
2025-01-03 18:15:00,2025-01-03 22:15:00,4.25,6.6,7.188235294117647,18
2025-01-04 00:15:00,2025-01-04 04:45:00,4.75,6.6,7.326315789473684,0
2025-01-04 06:15:00,2025-01-04 09:00:00,3.0,6.3,7.300000000000001,6
2025-01-04 14:30:00,2025-01-04 17:15:00,3.0,8.2,8.608333333333334,14
2025-01-04 19:15:00,2025-01-05 03:00:00,8.0,7.1,7.859375,19
2025-01-05 08:45:00,2025-01-05 10:30:00,2.0,7.0,7.2875,8
2025-01-05 12:45:00,2025-01-05 13:45:00,1.25,7.2,7.880000000000001,12
2025-01-05 17:45:00,2025-01-05 21:15:00,3.75,8.0,8.3,17
2025-01-05 22:45:00,2025-01-05 23:45:00,1.25,7.9,7.9799999999999995,22
2025-01-06 03:15:00,2025-01-06 04:45:00,1.75,7.3,7.742857142857142,3
2025-01-06 21:00:00,2025-01-06 22:00:00,1.25,7.8,8.040000000000001,21
2025-01-07 02:30:00,2025-01-07 06:45:00,4.5,7.6,8.033333333333333,2
2025-01-07 08:45:00,2025-01-07 09:00:00,0.5,7.7,7.800000000000001,8
2025-01-07 16:15:00,2025-01-07 20:30:00,4.5,8.8,9.538888888888888,16
2025-01-07 22:30:00,2025-01-07 23:15:00,1.0,7.6,7.949999999999999,22
2025-01-08 00:45:00,2025-01-08 01:00:00,0.5,7.0,7.1,0
2025-01-08 04:30:00,2025-01-08 07:45:00,3.5,8.0,8.5,4
2025-01-08 21:15:00,2025-01-09 00:45:00,3.75,8.6,9.353333333333333,21
2025-01-11 03:00:00,2025-01-11 04:45:00,2.0,8.6,8.850000000000001,3
2025-01-11 09:45:00,2025-01-11 10:45:00,1.25,8.1,8.4,9
2025-01-11 13:15:00,2025-01-11 14:30:00,1.5,8.8,8.933333333333334,13
2025-01-11 20:30:00,2025-01-11 23:15:00,3.0,8.9,9.625000000000002,20
2025-01-12 09:00:00,2025-01-12 11:15:00,2.5,8.6,8.969999999999999,9
2025-01-13 00:15:00,2025-01-13 02:00:00,2.0,8.9,9.325,0
2025-01-14 15:00:00,2025-01-14 19:15:00,4.5,8.8,9.088888888888889,15
2025-01-14 23:45:00,2025-01-15 04:00:00,4.5,8.4,8.872222222222222,23
2025-01-15 10:00:00,2025-01-15 10:45:00,1.0,8.7,8.8,10
2025-01-15 14:00:00,2025-01-15 20:30:00,6.75,8.1,8.72962962962963,14
2025-01-15 22:30:00,2025-01-16 03:00:00,4.75,8.3,8.763157894736842,22
2025-01-16 14:45:00,2025-01-16 15:15:00,0.75,9.1,9.333333333333334,14
2025-01-16 18:45:00,2025-01-17 01:45:00,7.25,8.5,9.013793103448275,18
2025-01-17 04:30:00,2025-01-17 08:30:00,4.25,7.7,8.188235294117646,4
2025-01-17 11:30:00,2025-01-17 12:45:00,1.5,8.2,8.583333333333334,11
2025-01-17 14:15:00,2025-01-17 22:45:00,8.75,8.8,9.322857142857146,14
2025-01-18 14:45:00,2025-01-18 16:00:00,1.5,8.5,8.766666666666666,14
2025-01-19 01:30:00,2025-01-19 02:30:00,1.25,7.8,7.92,1
2025-01-19 14:15:00,2025-01-19 15:30:00,1.5,8.5,8.733333333333333,14
2025-01-19 20:45:00,2025-01-19 21:30:00,1.0,8.1,8.325,20
2025-01-20 09:15:00,2025-01-20 10:15:00,1.25,8.4,8.599999999999998,9
2025-01-21 00:45:00,2025-01-21 05:15:00,4.75,8.5,8.978947368421053,0
2025-01-21 08:45:00,2025-01-21 10:00:00,1.5,9.6,9.85,8
2025-01-21 14:15:00,2025-01-21 15:15:00,1.25,10.1,10.260000000000002,14
2025-01-21 18:00:00,2025-01-21 23:15:00,5.5,9.7,10.259090909090911,18
2025-01-22 03:15:00,2025-01-22 07:15:00,4.25,9.1,9.63529411764706,3
2025-01-22 18:15:00,2025-01-22 19:15:00,1.25,10.4,10.620000000000001,18
2025-01-22 21:00:00,2025-01-22 22:30:00,1.75,9.7,9.957142857142856,21
2025-01-23 00:45:00,2025-01-23 02:15:00,1.75,9.0,9.357142857142858,0
2025-01-23 03:45:00,2025-01-23 04:00:00,0.5,8.8,8.95,3
2025-01-23 05:30:00,2025-01-23 09:00:00,3.75,8.8,9.306666666666668,5
2025-01-23 17:00:00,2025-01-23 21:00:00,4.25,11.0,11.411764705882353,17
2025-01-23 22:30:00,2025-01-23 23:00:00,0.75,10.4,10.533333333333333,22
2025-01-24 00:30:00,2025-01-24 02:00:00,1.75,9.9,10.214285714285714,0
2025-01-24 07:30:00,2025-01-24 08:00:00,0.75,10.0,10.066666666666666,7
2025-01-25 09:45:00,2025-01-25 11:00:00,1.5,10.0,10.233333333333334,9
2025-01-26 01:45:00,2025-01-26 02:15:00,0.75,10.2,10.3,1
2025-01-26 14:00:00,2025-01-26 15:15:00,1.5,11.2,11.433333333333335,14
2025-01-28 03:15:00,2025-01-28 04:15:00,1.25,9.1,9.280000000000001,3
2025-01-28 14:00:00,2025-01-28 17:30:00,3.75,10.7,11.226666666666665,14
2025-01-29 00:30:00,2025-01-29 01:45:00,1.5,8.9,9.233333333333333,0
2025-01-29 10:00:00,2025-01-29 11:15:00,1.5,9.8,10.433333333333332,10
2025-01-29 17:45:00,2025-01-29 18:15:00,0.75,10.9,11.0,17
2025-01-30 01:00:00,2025-01-30 01:45:00,1.0,9.7,9.85,1
2025-01-30 08:15:00,2025-01-30 08:30:00,0.5,9.2,9.3,8
2025-01-30 12:30:00,2025-01-30 12:45:00,0.5,11.5,11.6,12
2025-01-30 17:30:00,2025-01-30 18:30:00,1.25,10.8,11.160000000000002,17
2025-01-30 23:15:00,2025-01-31 05:00:00,6.0,6.7,8.525,23
2025-01-31 09:30:00,2025-01-31 11:30:00,2.25,8.2,8.966666666666665,9
2025-01-31 13:00:00,2025-01-31 13:30:00,0.75,9.3,9.766666666666667,13
2025-01-31 22:15:00,2025-01-31 23:15:00,1.25,9.2,9.320000000000002,22
2025-02-01 00:45:00,2025-02-01 01:00:00,0.5,9.3,9.4,0
2025-02-01 15:15:00,2025-02-01 20:45:00,5.75,11.0,12.013043478260867,15
2025-02-01 22:15:00,2025-02-01 23:15:00,1.25,10.6,10.96,22
2025-02-02 01:00:00,2025-02-02 08:00:00,7.25,9.1,10.134482758620694,1
2025-02-02 13:00:00,2025-02-02 16:30:00,3.75,11.3,11.58,13
2025-02-02 18:15:00,2025-02-03 05:45:00,11.75,9.3,10.659574468085106,18
2025-02-03 07:15:00,2025-02-03 07:30:00,0.5,9.3,9.4,7
2025-02-03 09:45:00,2025-02-03 12:00:00,2.5,9.4,9.82,9
2025-02-03 22:15:00,2025-02-04 00:00:00,2.0,9.7,9.8625,22
2025-02-04 02:00:00,2025-02-04 03:00:00,1.25,8.7,9.2,2
2025-02-04 04:45:00,2025-02-04 09:30:00,5.0,8.1,8.415,4
2025-02-04 11:15:00,2025-02-04 11:30:00,0.5,8.3,8.45,11
2025-02-04 13:45:00,2025-02-05 09:15:00,19.75,6.9,8.60506329113924,13
2025-02-05 12:15:00,2025-02-05 13:30:00,1.5,8.1,8.583333333333334,12
2025-02-05 15:00:00,2025-02-05 15:45:00,1.0,9.1,9.350000000000001,15
2025-02-05 18:00:00,2025-02-05 21:15:00,3.5,8.5,9.185714285714285,18
2025-02-06 02:30:00,2025-02-06 04:30:00,2.25,6.5,6.866666666666666,2
2025-02-06 17:00:00,2025-02-06 19:30:00,2.75,9.0,9.281818181818181,17
2025-02-06 21:30:00,2025-02-06 22:00:00,0.75,8.3,8.466666666666667,21
2025-02-07 02:30:00,2025-02-07 04:30:00,2.25,5.8,6.288888888888888,2
2025-02-07 06:00:00,2025-02-07 11:15:00,5.5,5.8,6.5636363636363635,6
2025-02-07 23:15:00,2025-02-08 00:30:00,1.5,6.4,6.616666666666667,23
2025-02-08 05:30:00,2025-02-08 05:45:00,0.5,4.7,4.800000000000001,5
2025-02-08 19:00:00,2025-02-09 00:45:00,6.0,5.6,7.3,19
2025-02-09 23:15:00,2025-02-10 01:00:00,2.0,5.8,6.4,23
2025-02-10 02:30:00,2025-02-10 02:45:00,0.5,5.0,5.1,2
2025-02-10 20:30:00,2025-02-10 21:00:00,0.75,7.3,7.466666666666666,20
2025-02-10 23:15:00,2025-02-11 01:00:00,2.0,5.8,6.4,23
2025-02-12 00:00:00,2025-02-12 04:00:00,4.25,3.9,5.541176470588236,0
2025-02-12 13:30:00,2025-02-12 13:45:00,0.5,6.0,6.15,13
2025-02-13 00:30:00,2025-02-13 04:30:00,4.25,3.7,5.352941176470588,0
2025-02-13 06:30:00,2025-02-13 07:00:00,0.75,3.7,3.9666666666666672,6
2025-02-13 16:45:00,2025-02-13 17:45:00,1.25,7.1,7.159999999999999,16
2025-02-14 06:00:00,2025-02-14 06:15:00,0.5,5.7,5.800000000000001,6
2025-02-14 14:00:00,2025-02-14 16:00:00,2.25,8.1,8.52222222222222,14
2025-02-14 17:45:00,2025-02-14 18:00:00,0.5,8.1,8.2,17
2025-02-14 20:00:00,2025-02-14 21:00:00,1.25,7.6,7.92,20
2025-02-15 06:30:00,2025-02-15 07:15:00,1.0,6.7,6.7749999999999995,6
2025-02-15 16:45:00,2025-02-15 19:30:00,3.0,8.1,8.674999999999999,16
2025-02-16 05:00:00,2025-02-16 07:15:00,2.5,5.6,6.320000000000001,5
2025-02-16 17:30:00,2025-02-16 18:30:00,1.25,7.8,8.059999999999999,17
2025-02-16 20:15:00,2025-02-16 23:30:00,3.5,6.6,7.071428571428571,20
2025-02-17 02:15:00,2025-02-17 04:30:00,2.5,5.9,6.410000000000001,2
2025-02-17 07:15:00,2025-02-17 08:30:00,1.5,5.9,6.466666666666666,7
2025-02-17 16:45:00,2025-02-17 23:00:00,6.5,7.4,8.23846153846154,16
2025-02-18 00:45:00,2025-02-18 01:15:00,0.75,6.8,6.933333333333334,0
2025-02-18 03:15:00,2025-02-18 05:30:00,2.5,6.3,6.76,3
2025-02-18 12:30:00,2025-02-18 15:45:00,3.5,8.5,8.942857142857141,12
2025-02-18 19:30:00,2025-02-19 00:00:00,4.75,8.3,8.81578947368421,19
2025-02-19 01:30:00,2025-02-19 02:15:00,1.0,7.9,8.075,1
2025-02-19 04:30:00,2025-02-19 05:30:00,1.25,7.8,8.02,4
2025-02-19 11:15:00,2025-02-19 13:00:00,2.0,7.4,8.05,11
2025-02-19 17:00:00,2025-02-19 17:30:00,0.75,7.6,7.866666666666667,17
2025-02-20 06:30:00,2025-02-20 06:45:00,0.5,8.5,8.6,6
2025-02-20 12:45:00,2025-02-20 13:15:00,0.75,9.2,9.333333333333334,12
2025-02-20 21:45:00,2025-02-20 23:45:00,2.25,8.5,8.711111111111112,21
2025-02-21 19:15:00,2025-02-22 00:00:00,5.0,8.7,9.554999999999998,19
2025-02-22 06:30:00,2025-02-22 07:45:00,1.5,8.6,9.066666666666666,6
2025-02-22 14:45:00,2025-02-22 15:45:00,1.25,10.4,10.6,14
2025-02-22 18:30:00,2025-02-22 19:45:00,1.5,10.4,10.616666666666665,18
2025-02-22 23:45:00,2025-02-23 01:00:00,1.5,8.6,9.200000000000001,23
2025-02-23 07:15:00,2025-02-23 09:15:00,2.25,8.5,9.100000000000001,7
2025-02-24 00:00:00,2025-02-24 02:30:00,2.75,8.3,9.027272727272726,0
2025-02-24 05:45:00,2025-02-24 07:00:00,1.5,7.7,8.066666666666668,5
2025-02-24 13:45:00,2025-02-24 15:00:00,1.5,9.1,9.4,13
2025-02-24 21:15:00,2025-02-25 00:15:00,3.25,8.2,9.015384615384617,21
2025-02-25 10:00:00,2025-02-25 14:15:00,4.5,7.2,8.05,10
2025-02-25 20:15:00,2025-02-26 01:15:00,5.25,6.8,8.738095238095239,20
2025-02-26 12:30:00,2025-02-26 13:30:00,1.25,7.7,8.1,12
2025-02-26 17:45:00,2025-02-26 18:30:00,1.0,9.0,9.225000000000001,17
2025-02-26 21:30:00,2025-02-27 02:30:00,5.25,7.4,8.323809523809523,21
2025-02-27 09:15:00,2025-02-27 11:45:00,2.75,6.1,6.7,9
2025-02-27 14:30:00,2025-02-27 15:30:00,1.25,8.3,8.62,14
2025-02-27 17:00:00,2025-02-28 06:30:00,13.75,6.1,7.534545454545454,17
2025-02-28 11:00:00,2025-02-28 11:45:00,1.0,7.2,7.55,11
2025-02-28 20:45:00,2025-02-28 21:15:00,0.75,8.4,8.5,20
2025-02-28 23:00:00,2025-03-01 00:15:00,1.5,7.8,8.116666666666665,23
2025-03-01 01:45:00,2025-03-01 04:00:00,2.5,7.7,8.1,1
2025-03-01 08:15:00,2025-03-01 08:45:00,0.75,6.5,6.566666666666666,8
2025-03-01 20:00:00,2025-03-01 21:00:00,1.25,8.1,8.3,20
2025-03-01 23:45:00,2025-03-02 00:30:00,1.0,7.3,7.625000000000001,23
2025-03-02 03:30:00,2025-03-02 05:15:00,2.0,6.6,7.0875,3
2025-03-02 08:30:00,2025-03-02 09:30:00,1.25,7.2,7.32,8
2025-03-02 18:00:00,2025-03-02 18:30:00,0.75,8.3,8.433333333333334,18
2025-03-02 22:00:00,2025-03-03 01:30:00,3.75,6.7,7.326666666666668,22
2025-03-03 03:30:00,2025-03-03 07:30:00,4.25,6.6,7.147058823529412,3
2025-03-03 17:45:00,2025-03-03 21:30:00,4.0,7.5,7.9375,17
2025-03-03 23:00:00,2025-03-04 00:15:00,1.5,7.5,7.683333333333333,23
2025-03-04 02:15:00,2025-03-04 03:15:00,1.25,7.4,7.660000000000001,2
2025-03-04 05:15:00,2025-03-04 06:15:00,1.25,7.6,7.779999999999999,5
2025-03-04 18:30:00,2025-03-05 00:15:00,6.0,6.5,7.554166666666666,18
2025-03-06 18:45:00,2025-03-06 22:30:00,4.0,7.8,8.41875,18
2025-03-07 06:30:00,2025-03-07 06:45:00,0.5,6.8,6.949999999999999,6
2025-03-08 20:30:00,2025-03-09 04:30:00,8.25,5.3,6.7333333333333325,20
2025-03-09 06:15:00,2025-03-09 07:30:00,1.5,6.2,6.5,6
2025-03-09 09:30:00,2025-03-09 12:00:00,2.75,6.1,6.363636363636363,9
2025-03-09 19:15:00,2025-03-09 23:45:00,4.75,5.4,6.8999999999999995,19
2025-03-10 12:30:00,2025-03-10 14:15:00,2.0,6.3,6.6499999999999995,12
2025-03-10 16:45:00,2025-03-10 18:00:00,1.5,8.0,8.25,16
2025-03-10 20:00:00,2025-03-10 20:45:00,1.0,7.7,7.85,20
2025-03-10 22:15:00,2025-03-11 04:15:00,6.25,5.8,6.38,22
2025-03-11 21:15:00,2025-03-11 23:00:00,2.0,7.8,8.399999999999999,21
2025-03-12 00:30:00,2025-03-12 04:30:00,4.25,6.1,6.805882352941176,0
2025-03-12 21:30:00,2025-03-12 21:45:00,0.5,8.2,8.399999999999999,21
2025-03-13 01:45:00,2025-03-13 03:00:00,1.5,7.4,7.666666666666667,1
2025-03-13 04:30:00,2025-03-13 05:15:00,1.0,6.8,7.0,4
2025-03-13 10:15:00,2025-03-13 10:45:00,0.75,7.2,7.3999999999999995,10
2025-03-13 12:30:00,2025-03-13 13:00:00,0.75,7.1,7.233333333333333,12
2025-03-13 16:30:00,2025-03-13 17:15:00,1.0,8.2,8.349999999999998,16
2025-03-13 23:30:00,2025-03-14 06:00:00,6.75,6.3,7.02962962962963,23
2025-03-14 07:45:00,2025-03-14 10:45:00,3.25,6.0,6.338461538461538,7
2025-03-14 12:30:00,2025-03-14 15:30:00,3.25,6.6,7.315384615384615,12
2025-03-14 17:15:00,2025-03-14 19:30:00,2.5,6.3,7.18,17
2025-03-14 21:15:00,2025-03-14 22:45:00,1.75,7.3,7.428571428571428,21
2025-03-27 11:00:00,2025-03-27 12:15:00,1.5,6.9,7.566666666666666,11
2025-03-27 17:15:00,2025-03-28 04:30:00,11.5,5.8,7.489130434782608,17
2025-03-28 07:30:00,2025-03-28 09:30:00,2.25,5.6,6.199999999999999,7
2025-03-28 12:45:00,2025-03-28 13:00:00,0.5,7.3,7.4,12
2025-03-28 16:15:00,2025-03-28 18:30:00,2.5,7.3,7.779999999999999,16
2025-03-28 20:00:00,2025-03-28 21:15:00,1.5,7.3,7.5,20
2025-03-29 02:15:00,2025-03-29 04:00:00,2.0,5.6,6.2375,2
2025-03-29 14:45:00,2025-03-29 16:00:00,1.5,6.4,6.95,14
2025-03-29 18:15:00,2025-03-29 23:30:00,5.5,6.1,6.477272727272726,18
2025-03-30 03:45:00,2025-03-30 05:00:00,1.5,5.6,6.05,3
2025-03-30 11:30:00,2025-03-30 16:15:00,5.0,5.0,6.195,11
2025-03-30 20:45:00,2025-03-30 23:15:00,2.75,5.1,5.263636363636364,20
2025-03-31 09:15:00,2025-03-31 17:15:00,8.25,4.8,5.800000000000001,9
2025-03-31 19:45:00,2025-03-31 22:00:00,2.5,4.3,4.64,19
2025-03-31 23:45:00,2025-04-01 02:00:00,2.5,4.1,4.359999999999999,23
2025-04-01 12:00:00,2025-04-01 15:00:00,3.25,6.8,7.246153846153845,12
2025-04-01 16:30:00,2025-04-01 17:15:00,1.0,6.1,6.375,16
2025-04-01 19:15:00,2025-04-01 19:30:00,0.5,5.5,5.6,19
2025-04-01 22:45:00,2025-04-02 03:45:00,5.25,4.7,5.1380952380952385,22
2025-04-02 13:15:00,2025-04-02 14:45:00,1.75,7.8,8.071428571428571,13
2025-04-02 16:15:00,2025-04-02 19:15:00,3.25,5.6,6.63076923076923,16
2025-04-03 03:00:00,2025-04-03 04:45:00,2.0,4.6,4.875,3
2025-04-03 15:15:00,2025-04-03 21:45:00,6.75,4.4,6.059259259259259,15
2025-04-04 05:30:00,2025-04-04 05:45:00,0.5,4.0,4.1,5
2025-04-04 16:00:00,2025-04-04 21:00:00,5.25,4.6,6.047619047619047,16
2025-04-04 23:15:00,2025-04-04 23:30:00,0.5,4.4,4.5,23
2025-04-05 06:00:00,2025-04-05 07:15:00,1.5,3.6,3.9000000000000004,6
2025-04-05 17:00:00,2025-04-06 03:15:00,10.5,3.7,5.580952380952381,17
2025-04-06 04:45:00,2025-04-06 05:00:00,0.5,3.8,4.0,4
2025-04-06 17:00:00,2025-04-06 22:00:00,5.25,4.3,5.8,17
2025-04-08 09:45:00,2025-04-08 10:15:00,0.75,4.9,5.166666666666667,9
2025-04-08 15:30:00,2025-04-08 20:45:00,5.5,3.9,4.340909090909092,15
2025-04-09 01:00:00,2025-04-09 01:45:00,1.0,5.2,5.425000000000001,1
2025-04-09 03:15:00,2025-04-09 04:15:00,1.25,5.3,5.42,3
2025-04-09 07:30:00,2025-04-09 11:00:00,3.75,3.9,4.8,7
2025-04-09 18:45:00,2025-04-09 23:45:00,5.25,5.1,5.542857142857142,18
2025-04-10 04:00:00,2025-04-10 05:30:00,1.75,5.0,5.071428571428571,4
2025-04-11 07:45:00,2025-04-11 09:00:00,1.5,4.9,5.1,7
2025-04-11 13:15:00,2025-04-11 18:45:00,5.75,4.4,5.6695652173913045,13
2025-04-11 20:15:00,2025-04-11 20:30:00,0.5,5.3,5.4,20
2025-04-12 00:45:00,2025-04-12 03:15:00,2.75,4.3,4.9363636363636365,0
2025-04-12 06:00:00,2025-04-12 06:45:00,1.0,5.0,5.5249999999999995,6
2025-04-12 08:15:00,2025-04-12 09:15:00,1.25,5.0,5.3,8
2025-04-12 11:15:00,2025-04-12 12:30:00,1.5,4.9,5.416666666666667,11
2025-04-12 15:00:00,2025-04-12 20:45:00,6.0,5.2,5.95,15
2025-04-12 23:00:00,2025-04-13 08:00:00,9.25,4.6,5.391891891891892,23
2025-04-13 10:00:00,2025-04-13 13:45:00,4.0,6.0,6.6,10
2025-04-13 15:30:00,2025-04-13 20:15:00,5.0,5.7,6.695,15
2025-04-13 21:45:00,2025-04-13 23:45:00,2.25,6.1,6.466666666666667,21
2025-04-14 03:00:00,2025-04-14 04:45:00,2.0,5.9,6.1,3
2025-04-14 06:15:00,2025-04-14 06:30:00,0.5,5.5,5.65,6
2025-04-14 10:30:00,2025-04-14 11:45:00,1.5,6.4,6.8500000000000005,10
2025-04-14 14:00:00,2025-04-14 14:45:00,1.0,7.1,7.4,14
2025-04-14 17:00:00,2025-04-14 20:00:00,3.25,5.8,6.523076923076923,17
2025-04-14 22:15:00,2025-04-14 22:30:00,0.5,5.7,5.800000000000001,22
2025-04-15 00:00:00,2025-04-15 00:30:00,0.75,5.6,5.766666666666666,0
2025-04-15 04:15:00,2025-04-15 04:30:00,0.5,5.4,5.5,4
2025-04-15 07:15:00,2025-04-15 08:15:00,1.25,5.3,5.64,7
2025-04-15 10:30:00,2025-04-15 12:45:00,2.5,5.6,6.24,10
2025-04-15 14:30:00,2025-04-15 21:45:00,7.5,5.0,6.49,14
2025-04-16 01:30:00,2025-04-16 03:00:00,1.75,4.5,4.971428571428571,1
2025-04-16 04:45:00,2025-04-16 07:15:00,2.75,4.8,5.79090909090909,4
2025-04-16 13:00:00,2025-04-16 14:45:00,2.0,7.0,7.612500000000001,13
2025-04-16 17:00:00,2025-04-16 20:30:00,3.75,6.1,7.1066666666666665,17
2025-04-16 23:45:00,2025-04-17 00:45:00,1.25,5.4,5.539999999999999,23
2025-04-17 15:45:00,2025-04-17 18:30:00,3.0,6.7,7.283333333333332,15
2025-04-17 20:15:00,2025-04-17 23:45:00,3.75,6.3,6.626666666666667,20
2025-04-18 01:15:00,2025-04-18 02:45:00,1.75,5.8,6.228571428571428,1
2025-04-18 14:00:00,2025-04-18 19:00:00,5.25,5.9,7.314285714285714,14
2025-04-18 22:30:00,2025-04-19 02:45:00,4.5,5.1,5.855555555555554,22
2025-04-19 04:15:00,2025-04-19 06:00:00,2.0,5.4,5.7625,4
2025-04-19 15:15:00,2025-04-19 21:00:00,6.0,5.7,6.6875,15
2025-04-19 23:15:00,2025-04-20 04:00:00,5.0,4.9,5.5200000000000005,23
2025-04-20 05:30:00,2025-04-20 05:45:00,0.5,5.4,5.5,5
2025-04-20 13:30:00,2025-04-20 21:45:00,8.5,4.8,6.920588235294118,13
2025-04-21 03:30:00,2025-04-21 07:00:00,3.75,4.3,5.02,3
2025-05-01 12:30:00,2025-05-01 13:15:00,1.0,6.8,7.1000000000000005,12
2025-05-01 15:15:00,2025-05-01 20:00:00,5.0,4.8,6.17,15
2025-05-01 21:30:00,2025-05-01 23:00:00,1.75,4.2,4.357142857142858,21
2025-05-02 01:30:00,2025-05-02 05:15:00,4.0,4.0,4.19375,1
2025-05-02 17:00:00,2025-05-02 22:15:00,5.5,4.3,5.427272727272727,17
2025-05-03 01:15:00,2025-05-03 04:00:00,3.0,5.6,6.016666666666666,1
2025-05-03 06:00:00,2025-05-03 07:00:00,1.25,5.5,5.6,6
2025-05-03 16:00:00,2025-05-03 20:15:00,4.5,4.8,6.283333333333334,16
2025-05-04 17:45:00,2025-05-04 19:45:00,2.25,5.4,6.2333333333333325,17
2025-05-05 06:30:00,2025-05-05 07:15:00,1.0,4.3,4.375,6
2025-05-05 09:30:00,2025-05-05 10:45:00,1.5,4.7,4.983333333333333,9
2025-05-05 12:30:00,2025-05-05 13:45:00,1.5,5.7,6.516666666666667,12
2025-05-05 15:30:00,2025-05-05 19:15:00,4.0,5.9,6.6875,15
2025-05-06 01:45:00,2025-05-06 06:15:00,4.75,3.8,4.342105263157896,1
2025-05-06 07:45:00,2025-05-06 09:00:00,1.5,4.0,4.366666666666666,7
2025-05-06 10:30:00,2025-05-07 00:00:00,13.75,4.3,6.090909090909092,10
2025-05-07 01:45:00,2025-05-07 04:45:00,3.25,5.2,5.738461538461539,1
2025-05-07 07:00:00,2025-05-07 09:00:00,2.25,5.6,5.744444444444444,7
2025-05-07 13:30:00,2025-05-07 17:15:00,4.0,5.2,6.025,13
2025-05-07 23:15:00,2025-05-08 00:00:00,1.0,5.2,5.3999999999999995,23
2025-05-08 12:30:00,2025-05-08 13:30:00,1.25,5.0,5.5600000000000005,12
2025-05-08 15:15:00,2025-05-08 16:00:00,1.0,5.2,5.45,15
2025-05-08 19:30:00,2025-05-09 00:00:00,4.75,4.7,5.189473684210526,19
2025-05-09 01:30:00,2025-05-09 02:15:00,1.0,4.6,4.725,1
2025-05-09 07:00:00,2025-05-09 08:30:00,1.75,4.8,4.985714285714286,7
2025-05-09 13:30:00,2025-05-09 14:15:00,1.0,4.3,4.675,13
2025-05-09 17:30:00,2025-05-09 20:30:00,3.25,5.9,6.138461538461538,17
2025-05-10 17:15:00,2025-05-10 21:15:00,4.25,5.3,5.6764705882352935,17
2025-05-11 10:00:00,2025-05-11 13:30:00,3.75,5.5,6.313333333333334,10
2025-05-11 16:45:00,2025-05-11 19:00:00,2.5,5.0,5.58,16
2025-05-12 09:45:00,2025-05-12 11:15:00,1.75,6.3,6.5,9
2025-05-12 12:45:00,2025-05-12 13:45:00,1.25,5.2,5.42,12
2025-05-13 03:45:00,2025-05-13 05:00:00,1.5,4.4,4.566666666666666,3
2025-05-13 07:00:00,2025-05-13 07:30:00,0.75,4.9,5.033333333333334,7
2025-05-13 10:15:00,2025-05-13 12:00:00,2.0,5.8,6.199999999999999,10
2025-05-13 17:00:00,2025-05-13 19:00:00,2.25,5.1,5.411111111111111,17
2025-05-14 17:45:00,2025-05-14 18:30:00,1.0,5.4,5.6,17
2025-05-15 13:30:00,2025-05-15 14:00:00,0.75,6.9,7.099999999999999,13
2025-05-15 15:30:00,2025-05-15 17:45:00,2.5,5.5,6.03,15
2025-05-16 12:15:00,2025-05-16 13:30:00,1.5,7.6,7.766666666666666,12
2025-05-16 15:15:00,2025-05-16 18:15:00,3.25,5.1,5.984615384615385,15
2025-05-17 15:45:00,2025-05-17 17:30:00,2.0,5.9,6.775,15
2025-05-17 19:45:00,2025-05-17 22:00:00,2.5,4.9,5.45,19
2025-05-18 13:45:00,2025-05-18 21:45:00,8.25,5.0,6.015151515151516,13
2025-05-18 23:15:00,2025-05-19 00:45:00,1.75,4.1,4.414285714285714,23
2025-05-19 04:15:00,2025-05-19 05:30:00,1.5,4.7,4.816666666666667,4
2025-06-12 17:15:00,2025-06-12 18:00:00,1.0,5.5,5.675,17
2025-06-12 21:15:00,2025-06-12 23:15:00,2.25,4.6,4.911111111111111,21
2025-06-13 11:45:00,2025-06-13 17:30:00,6.0,4.6,5.758333333333333,11
2025-06-13 22:45:00,2025-06-14 01:15:00,2.75,3.8,4.127272727272727,22
2025-06-14 11:30:00,2025-06-14 11:45:00,0.5,5.9,6.0,11
2025-06-14 14:00:00,2025-06-14 14:45:00,1.0,6.5,6.65,14
2025-06-14 16:30:00,2025-06-14 18:00:00,1.75,5.3,5.642857142857143,16
2025-06-14 20:15:00,2025-06-14 21:15:00,1.25,4.5,4.7,20
2025-06-15 10:00:00,2025-06-15 11:00:00,1.25,5.3,5.8,10
2025-06-15 14:00:00,2025-06-15 17:00:00,3.25,6.0,6.792307692307692,14
2025-06-15 19:00:00,2025-06-15 23:00:00,4.25,4.3,4.9411764705882355,19
2025-06-16 00:30:00,2025-06-16 00:45:00,0.5,4.1,4.199999999999999,0
2025-06-16 02:15:00,2025-06-16 03:45:00,1.75,4.2,4.385714285714286,2
2025-06-16 05:15:00,2025-06-16 06:45:00,1.75,4.3,4.414285714285715,5
2025-06-16 08:15:00,2025-06-16 09:00:00,1.0,4.4,4.9,8
2025-06-16 12:45:00,2025-06-16 18:00:00,5.5,4.0,5.722727272727273,12
2025-06-16 21:00:00,2025-06-17 02:30:00,5.75,3.4,3.904347826086956,21
2025-06-17 08:45:00,2025-06-17 13:30:00,5.0,4.1,4.950000000000001,8
2025-06-17 15:30:00,2025-06-18 01:15:00,10.0,3.8,4.99,15
2025-06-18 04:00:00,2025-06-18 05:00:00,1.25,4.0,4.14,4
2025-06-18 08:30:00,2025-06-18 10:45:00,2.5,4.5,5.459999999999999,8
2025-06-18 13:30:00,2025-06-18 23:00:00,9.75,5.2,7.015384615384616,13
2025-06-19 00:30:00,2025-06-19 02:30:00,2.25,4.0,4.877777777777776,0
2025-06-19 04:00:00,2025-06-19 06:15:00,2.5,3.3,4.220000000000001,4
2025-06-19 09:00:00,2025-06-19 10:45:00,2.0,4.6,5.0625,9
2025-06-19 13:45:00,2025-06-19 17:45:00,4.25,5.2,6.394117647058824,13
2025-06-19 19:30:00,2025-06-19 20:15:00,1.0,4.3,4.85,19
2025-06-19 22:00:00,2025-06-20 07:15:00,9.5,3.0,3.818421052631579,22
2025-06-20 12:15:00,2025-06-20 16:15:00,4.25,4.7,5.594117647058823,12
2025-06-20 18:00:00,2025-06-21 00:15:00,6.5,4.3,5.3307692307692305,18
2025-06-21 01:45:00,2025-06-21 02:15:00,0.75,4.4,4.733333333333333,1
2025-06-21 04:00:00,2025-06-21 06:30:00,2.75,3.5,3.872727272727273,4
2025-06-21 09:15:00,2025-06-21 10:30:00,1.5,3.8,4.1,9
2025-06-21 12:15:00,2025-06-21 12:45:00,0.75,4.5,4.566666666666666,12
2025-06-21 14:15:00,2025-06-21 15:30:00,1.5,4.5,4.8500000000000005,14
2025-06-21 17:15:00,2025-06-21 22:15:00,5.25,4.1,4.604761904761905,17
2025-06-22 17:45:00,2025-06-22 20:30:00,3.0,4.7,5.2666666666666675,17
2025-06-23 00:30:00,2025-06-23 01:00:00,0.75,4.1,4.333333333333333,0
2025-06-23 09:15:00,2025-06-23 09:30:00,0.5,4.5,4.7,9
2025-06-23 11:00:00,2025-06-23 11:15:00,0.5,4.4,4.5,11
2025-06-23 18:15:00,2025-06-23 20:30:00,2.5,4.5,4.97,18
2025-06-24 09:30:00,2025-06-24 09:45:00,0.5,4.6,4.75,9
2025-06-24 11:45:00,2025-06-24 13:15:00,1.75,5.0,5.328571428571428,11
2025-06-24 19:00:00,2025-06-24 23:45:00,5.0,3.9,4.83,19
2025-06-25 09:30:00,2025-06-25 10:45:00,1.5,5.0,5.216666666666666,9
2025-06-25 12:15:00,2025-06-25 16:15:00,4.25,5.0,5.294117647058823,12
2025-06-25 21:15:00,2025-06-26 02:45:00,5.75,4.0,4.3826086956521735,21
2025-06-26 13:15:00,2025-06-26 19:45:00,6.75,3.8,5.570370370370371,13
2025-06-26 22:30:00,2025-06-27 01:45:00,3.5,3.5,4.157142857142857,22
2025-06-27 11:15:00,2025-06-27 15:30:00,4.5,5.0,5.383333333333334,11
2025-06-27 17:00:00,2025-06-27 17:30:00,0.75,4.3,4.5,17
2025-06-27 19:15:00,2025-06-27 19:45:00,0.75,3.5,3.6,19
2025-06-27 23:30:00,2025-06-28 01:00:00,1.75,3.3,3.771428571428572,23
2025-06-28 02:30:00,2025-06-28 03:00:00,0.75,3.2,3.466666666666667,2
2025-06-28 12:00:00,2025-06-28 13:30:00,1.75,5.1,5.371428571428572,12
2025-06-28 16:00:00,2025-06-28 20:15:00,4.5,3.3,3.933333333333333,16
2025-06-28 23:00:00,2025-06-29 02:00:00,3.25,3.1,3.7076923076923074,23
2025-06-29 03:45:00,2025-06-29 04:00:00,0.5,3.0,3.15,3
2025-06-29 14:00:00,2025-06-29 14:30:00,0.75,4.5,4.8,14
2025-06-29 16:45:00,2025-06-29 19:00:00,2.5,3.5,4.75,16
2025-06-29 21:00:00,2025-06-30 00:15:00,3.5,3.1,4.0928571428571425,21
2025-06-30 09:00:00,2025-06-30 10:00:00,1.25,3.4,3.6400000000000006,9
2025-06-30 12:45:00,2025-06-30 19:45:00,7.25,3.3,4.017241379310345,12
2025-06-30 22:15:00,2025-07-01 03:15:00,5.25,2.4,3.052380952380952,22
2025-07-01 04:45:00,2025-07-01 05:15:00,0.75,2.5,2.6,4
2025-07-01 08:00:00,2025-07-01 15:30:00,7.75,2.9,3.9612903225806453,8
2025-07-01 17:00:00,2025-07-01 19:30:00,2.75,3.7,4.263636363636365,17
2025-07-02 00:45:00,2025-07-02 09:45:00,9.25,2.2,2.9216216216216218,0
2025-07-02 15:00:00,2025-07-02 19:15:00,4.5,4.0,4.688888888888888,15
2025-07-02 21:00:00,2025-07-03 07:00:00,10.25,2.4,3.612195121951219,21
2025-07-03 08:30:00,2025-07-03 09:00:00,0.75,2.5,2.966666666666667,8
2025-07-03 10:30:00,2025-07-03 11:45:00,1.5,4.3,4.633333333333334,10
2025-07-03 16:15:00,2025-07-04 03:30:00,11.5,3.3,5.12391304347826,16
2025-07-04 05:00:00,2025-07-04 11:00:00,6.25,3.6,4.688000000000001,5
2025-07-04 13:45:00,2025-07-04 15:00:00,1.5,6.2,7.083333333333333,13
2025-07-04 16:30:00,2025-07-04 19:15:00,3.0,4.9,6.266666666666667,16
2025-07-04 21:00:00,2025-07-04 22:30:00,1.75,6.0,6.742857142857143,21
2025-07-05 00:00:00,2025-07-05 02:15:00,2.5,4.0,5.910000000000001,0
2025-07-05 03:45:00,2025-07-05 16:45:00,13.25,2.7,4.950943396226415,3
2025-07-05 18:15:00,2025-07-06 02:30:00,8.5,3.3,4.320588235294118,18
2025-07-06 09:15:00,2025-07-06 09:30:00,0.5,3.3,3.4,9
2025-07-06 15:45:00,2025-07-06 17:00:00,1.5,6.1,6.183333333333334,15
2025-07-06 19:15:00,2025-07-06 21:00:00,2.0,4.6,5.1625,19
2025-07-06 22:45:00,2025-07-07 01:15:00,2.75,3.9,4.4363636363636365,22
2025-07-07 07:00:00,2025-07-07 13:15:00,6.5,3.7,4.249999999999999,7
2025-07-07 18:45:00,2025-07-08 03:00:00,8.5,3.9,4.738235294117647,18
2025-07-08 07:15:00,2025-07-08 09:30:00,2.5,3.1,3.9800000000000004,7
2025-07-08 11:00:00,2025-07-08 12:30:00,1.75,4.2,4.414285714285714,11
2025-07-08 17:30:00,2025-07-08 20:30:00,3.25,5.1,6.046153846153846,17
2025-07-08 22:00:00,2025-07-09 03:30:00,5.75,3.9,4.639130434782609,22
2025-07-09 09:15:00,2025-07-09 12:30:00,3.5,3.8,4.807142857142857,9
2025-07-09 18:30:00,2025-07-10 02:00:00,7.75,2.9,4.674193548387097,18
2025-07-10 09:15:00,2025-07-10 09:30:00,0.5,3.7,4.0,9
2025-07-10 11:15:00,2025-07-10 12:30:00,1.5,4.9,5.283333333333332,11
2025-07-10 19:30:00,2025-07-11 02:30:00,7.25,4.1,4.886206896551725,19
2025-07-11 05:00:00,2025-07-11 05:15:00,0.5,3.7,3.9,5
2025-07-11 07:45:00,2025-07-11 08:15:00,0.75,4.2,4.6000000000000005,7
2025-07-11 10:00:00,2025-07-11 11:30:00,1.75,4.2,5.171428571428572,10
2025-07-11 17:30:00,2025-07-12 04:45:00,11.5,3.4,5.352173913043478,17
2025-07-12 10:30:00,2025-07-12 14:00:00,3.75,3.1,4.446666666666667,10
2025-07-12 17:15:00,2025-07-13 05:45:00,12.75,3.5,5.078431372549019,17
2025-07-13 07:30:00,2025-07-13 09:30:00,2.25,3.8,4.533333333333333,7
2025-07-13 11:45:00,2025-07-13 16:30:00,5.0,5.3,6.4799999999999995,11
2025-07-13 20:00:00,2025-07-14 05:45:00,10.0,3.5,4.5024999999999995,20
2025-07-14 07:15:00,2025-07-14 09:00:00,2.0,3.0,3.5375,7
2025-07-14 12:45:00,2025-07-14 14:00:00,1.5,6.1,6.583333333333333,12
2025-07-14 16:15:00,2025-07-15 11:15:00,19.25,2.7,4.828571428571428,16
2025-07-15 12:45:00,2025-07-15 13:30:00,1.0,4.1,5.125,12
2025-07-15 15:15:00,2025-07-16 09:45:00,18.75,2.0,5.093333333333334,15
2025-07-16 11:15:00,2025-07-16 23:00:00,12.0,2.9,4.75625,11
2025-07-17 04:15:00,2025-07-17 05:00:00,1.0,2.9,3.1,4
2025-07-17 06:30:00,2025-07-17 08:00:00,1.75,2.6,3.2428571428571433,6
2025-07-17 10:15:00,2025-07-17 17:00:00,7.0,2.6,4.653571428571429,10
2025-07-17 18:45:00,2025-07-17 19:45:00,1.25,4.5,5.54,18
2025-07-17 22:00:00,2025-07-17 22:30:00,0.75,5.4,5.8,22
2025-07-18 02:30:00,2025-07-18 03:45:00,1.5,4.1,5.216666666666668,2
2025-07-18 06:45:00,2025-07-18 09:30:00,3.0,2.7,3.6,6
2025-07-18 11:15:00,2025-07-18 22:30:00,11.5,2.5,4.047826086956522,11
2025-07-19 03:45:00,2025-07-19 09:15:00,5.75,2.5,3.843478260869565,3
2025-07-19 16:15:00,2025-07-19 22:45:00,6.75,4.3,5.359259259259259,16
2025-07-20 04:15:00,2025-07-20 10:30:00,6.5,3.1,4.673076923076923,4
2025-07-20 16:30:00,2025-07-20 19:30:00,3.25,5.1,5.961538461538462,16
2025-07-20 21:00:00,2025-07-21 00:00:00,3.25,4.7,5.284615384615386,21
2025-07-21 04:15:00,2025-07-21 12:00:00,8.0,2.9,4.08125,4
2025-07-21 17:45:00,2025-07-22 00:15:00,6.75,4.0,5.0888888888888895,17
2025-07-22 05:45:00,2025-07-22 07:15:00,1.75,3.5,4.542857142857143,5
2025-07-22 09:45:00,2025-07-22 10:45:00,1.25,4.1,4.58,9
2025-07-22 14:00:00,2025-07-22 15:00:00,1.25,4.8,5.460000000000001,14
2025-07-22 17:30:00,2025-07-23 00:45:00,7.5,3.8,4.670000000000001,17
2025-07-23 02:15:00,2025-07-23 03:30:00,1.5,4.0,4.116666666666667,2
2025-07-23 08:15:00,2025-07-23 17:00:00,9.0,3.6,4.616666666666667,8
2025-07-23 19:45:00,2025-07-23 23:00:00,3.5,2.5,3.15,19
2025-07-24 09:30:00,2025-07-25 00:30:00,15.25,3.1,4.709836065573771,9
2025-07-25 02:45:00,2025-07-25 04:45:00,2.25,3.9,4.344444444444445,2
2025-07-25 09:15:00,2025-07-25 11:45:00,2.75,4.3,4.963636363636363,9
2025-07-25 13:30:00,2025-07-26 03:00:00,13.75,3.1,5.0218181818181815,13
2025-07-26 12:15:00,2025-07-26 14:15:00,2.25,7.2,7.822222222222221,12
2025-07-26 15:45:00,2025-07-26 18:30:00,3.0,4.6,6.199999999999999,15
2025-07-26 20:00:00,2025-07-26 21:00:00,1.25,5.0,6.459999999999999,20
2025-07-26 22:30:00,2025-07-26 23:30:00,1.25,4.6,5.340000000000001,22
2025-07-27 01:15:00,2025-07-27 02:15:00,1.25,4.5,4.859999999999999,1
2025-07-27 03:45:00,2025-07-27 06:00:00,2.5,3.6,4.5600000000000005,3
2025-07-27 09:45:00,2025-07-27 12:45:00,3.25,7.2,7.746153846153846,9
2025-07-27 14:30:00,2025-07-28 00:00:00,9.75,3.6,7.758974358974358,14
2025-07-28 02:00:00,2025-07-28 05:00:00,3.25,2.8,3.7384615384615376,2
2025-07-28 07:15:00,2025-07-28 23:00:00,16.0,2.6,5.303125,7
2025-07-29 00:45:00,2025-07-29 13:15:00,12.75,2.1,3.5745098039215684,0
2025-07-29 14:45:00,2025-07-31 09:30:00,43.0,1.6,4.084883720930232,14
2025-07-31 11:00:00,2025-07-31 12:00:00,1.25,6.5,7.460000000000001,11
2025-07-31 14:00:00,2025-07-31 14:15:00,0.5,9.8,10.0,14
2025-07-31 17:00:00,2025-08-01 07:30:00,14.75,2.8,5.952542372881355,17
2025-08-01 13:30:00,2025-08-02 00:00:00,10.75,4.3,6.334883720930233,13
2025-08-02 01:45:00,2025-08-02 03:30:00,2.0,3.3,4.199999999999999,1
2025-08-02 05:15:00,2025-08-02 11:15:00,6.25,2.1,3.34,5
2025-08-02 12:45:00,2025-08-03 01:30:00,13.0,3.0,4.451923076923077,12
2025-08-03 03:45:00,2025-08-03 10:45:00,7.25,2.0,3.3724137931034486,3
2025-08-03 12:45:00,2025-08-03 20:00:00,7.5,3.8,5.083333333333333,12
2025-08-03 21:30:00,2025-08-03 23:45:00,2.5,3.3,3.6,21
2025-08-08 10:15:00,2025-08-08 11:00:00,1.0,2.4,3.275,10
2025-08-08 12:30:00,2025-08-09 03:45:00,15.5,2.7,4.16774193548387,12
2025-08-09 10:15:00,2025-08-09 17:15:00,7.25,2.7,3.5344827586206895,10
2025-08-09 19:45:00,2025-08-10 01:15:00,5.75,2.1,2.7956521739130435,19
2025-08-10 11:15:00,2025-08-11 00:30:00,13.5,1.6,3.114814814814815,11
2025-08-11 04:15:00,2025-08-11 06:30:00,2.5,1.3,1.9300000000000002,4
2025-08-11 10:00:00,2025-08-12 07:30:00,21.75,1.6,2.7586206896551726,10
2025-08-12 09:15:00,2025-08-12 09:45:00,0.75,2.7,2.766666666666667,9
2025-08-12 11:45:00,2025-08-12 18:30:00,7.0,0.8,2.15,11
2025-08-12 20:15:00,2025-08-12 21:00:00,1.0,1.2,1.9499999999999997,20
2025-08-12 23:15:00,2025-08-13 02:45:00,3.75,1.1,2.82,23
2025-08-13 04:15:00,2025-08-14 04:00:00,24.0,0.9,2.857291666666667,4
2025-08-14 05:30:00,2025-08-14 14:00:00,8.75,0.9,2.645714285714286,5
2025-08-14 15:45:00,2025-08-14 20:15:00,4.75,3.1,4.573684210526316,15
2025-08-14 21:45:00,2025-08-15 18:45:00,21.25,0.7,3.31529411764706,21
2025-08-15 20:15:00,2025-08-16 09:15:00,13.25,1.6,3.5528301886792457,20
2025-08-16 11:00:00,2025-08-16 23:30:00,12.75,2.1,3.1901960784313728,11
2025-08-17 01:00:00,2025-08-17 23:00:00,22.25,0.8,2.4876404494382025,1
2025-08-18 03:00:00,2025-08-18 11:15:00,8.5,2.7,3.6588235294117646,3
2025-08-18 17:45:00,2025-08-19 00:15:00,6.75,1.7,3.8333333333333335,17
2025-08-19 05:30:00,2025-08-20 00:15:00,19.0,1.7,3.58157894736842,5
2025-08-20 06:45:00,2025-08-20 09:45:00,3.25,1.3,2.9692307692307693,6
2025-08-20 11:15:00,2025-08-21 03:15:00,16.25,1.5,3.4538461538461536,11
2025-08-21 07:00:00,2025-08-21 12:45:00,6.0,1.6,3.058333333333333,7
2025-08-21 14:15:00,2025-08-22 04:00:00,14.0,1.6,2.9589285714285714,14
2025-08-22 08:15:00,2025-08-22 17:00:00,9.0,1.6,2.661111111111111,8
2025-08-22 18:45:00,2025-08-23 03:30:00,9.0,1.2,2.3222222222222224,18
2025-08-23 08:00:00,2025-08-23 21:30:00,13.75,1.6,3.5200000000000005,8
2025-08-23 23:00:00,2025-08-24 05:45:00,7.0,2.0,3.0428571428571436,23
2025-08-24 11:30:00,2025-08-25 07:15:00,20.0,1.4,3.1174999999999997,11
2025-08-25 09:45:00,2025-08-26 08:15:00,22.75,1.1,3.306593406593407,9
2025-08-26 09:45:00,2025-08-26 14:45:00,5.25,1.6,3.5666666666666664,9
2025-08-26 16:15:00,2025-08-26 19:30:00,3.5,2.5,5.264285714285714,16
2025-08-26 21:30:00,2025-08-27 13:30:00,16.25,1.3,3.427692307692308,21
2025-08-27 15:15:00,2025-08-27 21:30:00,6.5,2.7,4.392307692307693,15
2025-08-27 23:00:00,2025-08-28 04:00:00,5.25,2.0,3.7333333333333334,23
2025-08-28 05:30:00,2025-08-28 21:00:00,15.75,1.0,3.261904761904762,5
2025-08-28 23:15:00,2025-08-29 08:00:00,9.0,1.6,3.1416666666666666,23
2025-08-29 09:45:00,2025-08-29 12:15:00,2.75,0.8,2.6454545454545455,9
2025-08-29 14:00:00,2025-08-29 20:15:00,6.5,2.2,3.4846153846153842,14
2025-08-30 00:00:00,2025-08-30 08:00:00,8.25,1.1,2.524242424242424,0
2025-08-30 10:00:00,2025-08-30 23:15:00,13.5,2.1,3.605555555555555,10
2025-08-31 02:15:00,2025-08-31 10:30:00,8.5,1.1,2.2764705882352945,2
2025-08-31 12:15:00,2025-08-31 17:00:00,5.0,2.3,3.6700000000000004,12
2025-08-31 18:45:00,2025-08-31 23:30:00,5.0,2.9,4.61,18
2025-09-01 02:45:00,2025-09-01 15:00:00,12.5,2.3,3.6299999999999994,2
2025-09-01 16:30:00,2025-09-01 18:00:00,1.75,4.1,4.542857142857143,16
2025-09-01 20:30:00,2025-09-01 21:45:00,1.5,5.2,5.266666666666667,20
2025-09-02 05:30:00,2025-09-02 05:45:00,0.5,3.3,3.9499999999999997,5
2025-09-02 07:30:00,2025-09-02 22:30:00,15.25,2.7,4.268852459016393,7
2025-09-03 07:15:00,2025-09-03 11:45:00,4.75,2.5,3.7315789473684204,7
2025-09-03 16:45:00,2025-09-03 17:30:00,1.0,3.6,4.075,16
2025-09-03 19:00:00,2025-09-03 20:15:00,1.5,4.5,5.266666666666667,19
2025-09-04 08:00:00,2025-09-04 14:00:00,6.25,2.3,3.408,8
2025-09-04 16:30:00,2025-09-04 23:45:00,7.5,2.7,4.46,16
2025-09-05 09:00:00,2025-09-05 09:30:00,0.75,2.1,3.266666666666667,9
2025-09-05 11:00:00,2025-09-06 03:00:00,16.25,2.5,4.036923076923077,11
2025-09-06 09:30:00,2025-09-07 05:30:00,20.25,1.9,3.35679012345679,9
2025-09-07 11:00:00,2025-09-08 04:00:00,17.25,2.7,4.665217391304347,11
2025-09-08 12:45:00,2025-09-08 17:00:00,4.5,4.4,5.694444444444445,12
2025-09-08 18:30:00,2025-09-09 07:15:00,13.0,3.2,4.482692307692308,18
2025-09-09 14:45:00,2025-09-09 18:15:00,3.75,5.0,6.506666666666666,14
2025-09-09 22:15:00,2025-09-10 08:30:00,10.5,1.8,3.7166666666666672,22
2025-09-10 10:15:00,2025-09-10 11:45:00,1.75,2.6,3.6714285714285713,10
2025-09-10 15:00:00,2025-09-10 18:15:00,3.5,3.6,5.664285714285714,15
2025-09-10 20:00:00,2025-09-10 20:15:00,0.5,5.8,5.9,20
2025-09-11 00:15:00,2025-09-11 04:00:00,4.0,2.0,3.88125,0
2025-09-11 08:30:00,2025-09-11 08:45:00,0.5,2.9,3.05,8
2025-09-11 10:30:00,2025-09-11 11:00:00,0.75,3.8,3.9333333333333336,10
2025-09-11 12:45:00,2025-09-11 13:15:00,0.75,4.2,4.533333333333333,12
2025-09-11 16:30:00,2025-09-11 18:00:00,1.75,5.9,6.485714285714286,16
2025-09-11 19:30:00,2025-09-11 21:00:00,1.75,5.5,5.785714285714286,19
2025-09-12 00:15:00,2025-09-12 05:45:00,5.75,2.1,3.57391304347826,0
2025-09-12 13:15:00,2025-09-12 20:00:00,7.0,4.5,5.728571428571429,13
2025-09-12 23:00:00,2025-09-13 02:15:00,3.5,3.0,4.178571428571429,23
2025-09-13 04:00:00,2025-09-13 08:45:00,5.0,1.8,2.375,4
2025-09-13 11:00:00,2025-09-13 12:15:00,1.5,2.9,3.7999999999999994,11
2025-09-13 13:45:00,2025-09-13 18:30:00,5.0,4.3,6.27,13
2025-09-14 02:00:00,2025-09-14 09:45:00,8.0,1.9,3.55,2
2025-09-14 14:45:00,2025-09-14 19:30:00,5.0,3.0,5.2,14
2025-09-15 02:00:00,2025-09-15 09:15:00,7.5,2.4,4.110000000000001,2
2025-09-15 15:30:00,2025-09-15 17:00:00,1.75,3.7,4.271428571428571,15
2025-09-15 18:45:00,2025-09-15 22:30:00,4.0,4.6,4.94375,18
2025-09-16 00:30:00,2025-09-16 02:15:00,2.0,5.2,5.4375,0
2025-09-16 04:30:00,2025-09-16 10:30:00,6.25,2.5,3.7,4
2025-09-16 12:00:00,2025-09-16 12:45:00,1.0,2.5,3.075,12
2025-09-16 14:45:00,2025-09-16 21:45:00,7.25,3.3,4.562068965517242,14
2025-09-17 04:45:00,2025-09-17 11:45:00,7.25,2.8,3.917241379310345,4
2025-09-17 16:00:00,2025-09-17 22:30:00,6.75,3.8,4.611111111111111,16
2025-09-18 00:00:00,2025-09-18 02:45:00,3.0,3.6,4.325,0
2025-09-18 04:30:00,2025-09-18 06:30:00,2.25,4.5,4.733333333333334,4
2025-09-18 08:30:00,2025-09-18 12:30:00,4.25,3.3,4.1000000000000005,8
2025-09-18 14:45:00,2025-09-19 02:00:00,11.5,3.0,4.432608695652173,14
2025-09-19 06:15:00,2025-09-19 07:00:00,1.0,4.1,4.199999999999999,6
2025-09-19 10:30:00,2025-09-19 15:45:00,5.5,4.1,4.786363636363636,10
2025-09-19 17:15:00,2025-09-19 21:45:00,4.75,3.9,4.715789473684211,17
2025-09-19 23:30:00,2025-09-20 03:15:00,4.0,3.2,3.93125,23
2025-09-20 05:30:00,2025-09-20 06:15:00,1.0,4.4,4.5,5
2025-09-20 11:30:00,2025-09-20 12:30:00,1.25,4.3,4.48,11
2025-09-20 14:00:00,2025-09-21 05:15:00,15.5,3.5,4.764516129032257,14
2025-09-21 10:00:00,2025-09-21 12:00:00,2.25,4.0,5.066666666666666,10
2025-09-21 13:30:00,2025-09-21 15:00:00,1.75,4.7,5.7,13
2025-09-21 16:30:00,2025-09-21 17:00:00,0.75,5.3,5.466666666666666,16
2025-09-21 20:15:00,2025-09-22 03:00:00,7.0,3.3,4.721428571428572,20
2025-09-22 04:30:00,2025-09-22 07:00:00,2.75,3.1,3.7636363636363637,4
2025-09-22 14:15:00,2025-09-22 19:15:00,5.25,4.8,5.685714285714285,14
2025-09-22 22:30:00,2025-09-23 07:30:00,9.25,2.3,3.691891891891892,22
2025-09-23 15:45:00,2025-09-23 18:30:00,3.0,5.8,5.983333333333333,15
2025-09-23 23:00:00,2025-09-24 04:30:00,5.75,2.3,3.8695652173913033,23
2025-09-24 07:15:00,2025-09-24 10:00:00,3.0,3.5,4.008333333333334,7
2025-09-24 14:45:00,2025-09-24 16:00:00,1.5,4.9,5.1499999999999995,14
2025-09-24 17:45:00,2025-09-24 19:30:00,2.0,4.8,5.199999999999999,17
2025-09-24 23:45:00,2025-09-25 09:00:00,9.5,1.7,3.560526315789473,23
2025-09-25 10:45:00,2025-09-25 17:45:00,7.25,3.5,4.596551724137932,10
2025-09-26 00:00:00,2025-09-26 04:45:00,5.0,2.0,3.525,0
2025-09-26 06:30:00,2025-09-26 08:45:00,2.5,1.7,2.1599999999999997,6
2025-09-26 11:00:00,2025-09-26 12:00:00,1.25,3.1,3.5200000000000005,11
2025-09-26 13:45:00,2025-09-26 16:30:00,3.0,3.5,4.124999999999999,13
2025-09-26 18:15:00,2025-09-26 20:15:00,2.25,4.4,4.655555555555555,18
2025-09-27 00:00:00,2025-09-27 05:00:00,5.25,2.4,3.7809523809523813,0
2025-09-27 11:30:00,2025-09-27 14:30:00,3.25,5.1,5.761538461538463,11
2025-09-27 16:00:00,2025-09-27 19:15:00,3.5,5.5,6.514285714285714,16
2025-09-28 00:15:00,2025-09-28 06:30:00,6.5,2.4,4.296153846153846,0
2025-09-28 11:15:00,2025-09-28 12:15:00,1.25,4.3,4.76,11
2025-09-28 14:00:00,2025-09-28 15:15:00,1.5,5.9,6.449999999999999,14
2025-09-28 16:45:00,2025-09-28 22:15:00,5.75,5.3,6.221739130434782,16
2025-09-29 01:15:00,2025-09-29 02:45:00,1.75,4.7,4.8999999999999995,1
2025-09-29 04:15:00,2025-09-29 06:45:00,2.75,2.9,3.872727272727272,4
2025-09-29 10:30:00,2025-09-29 12:30:00,2.25,4.7,5.011111111111111,10
2025-09-29 15:45:00,2025-09-29 18:00:00,2.5,6.2,6.95,15
2025-09-29 19:30:00,2025-09-29 20:45:00,1.5,5.5,5.650000000000001,19
2025-09-30 02:45:00,2025-09-30 03:00:00,0.5,5.0,5.2,2
2025-09-30 05:30:00,2025-09-30 08:15:00,3.0,2.6,3.608333333333334,5
2025-09-30 17:45:00,2025-09-30 20:30:00,3.0,5.4,5.7250000000000005,17
2025-10-01 02:45:00,2025-10-01 09:30:00,7.0,2.8,4.307142857142858,2
2025-10-01 18:15:00,2025-10-01 20:30:00,2.5,5.4,5.8,18
2025-10-02 05:30:00,2025-10-02 08:45:00,3.5,4.5,4.842857142857143,5
2025-10-02 10:30:00,2025-10-02 11:45:00,1.5,3.4,4.066666666666666,10
2025-10-02 15:00:00,2025-10-02 18:15:00,3.5,4.7,5.435714285714285,15
2025-10-02 20:00:00,2025-10-02 21:00:00,1.25,5.2,5.36,20
2025-10-03 11:00:00,2025-10-03 12:45:00,2.0,4.4,4.8125,11
2025-10-03 18:30:00,2025-10-03 18:45:00,0.5,4.9,5.0,18
2025-10-04 13:00:00,2025-10-04 14:45:00,2.0,5.0,5.2625,13
2025-10-05 01:30:00,2025-10-05 03:15:00,2.0,4.9,5.1875,1
2025-10-05 06:15:00,2025-10-05 08:30:00,2.5,5.2,5.459999999999999,6
2025-10-05 14:15:00,2025-10-05 17:15:00,3.25,4.0,4.907692307692307,14
2025-10-06 00:45:00,2025-10-06 04:45:00,4.25,2.1,3.6705882352941175,0
2025-10-06 06:15:00,2025-10-06 06:45:00,0.75,3.0,3.1,6
2025-10-06 13:00:00,2025-10-06 19:00:00,6.25,3.7,4.26,13
2025-10-06 22:30:00,2025-10-07 02:45:00,4.5,1.7,3.177777777777778,22
2025-10-07 06:30:00,2025-10-07 08:30:00,2.25,1.8,2.3,6
2025-10-07 21:45:00,2025-10-08 03:00:00,5.5,2.5,4.7272727272727275,21
2025-10-08 14:45:00,2025-10-08 15:45:00,1.25,4.3,4.74,14
2025-10-08 17:30:00,2025-10-08 18:00:00,0.75,4.9,5.066666666666667,17
2025-10-08 23:00:00,2025-10-09 02:30:00,3.75,2.6,3.806666666666666,23
2025-10-09 14:00:00,2025-10-09 14:15:00,0.5,5.4,5.5,14
2025-10-09 23:15:00,2025-10-10 05:00:00,6.0,2.9,4.708333333333333,23
2025-10-10 17:00:00,2025-10-10 17:30:00,0.75,6.6,6.733333333333333,17
2025-10-11 03:45:00,2025-10-11 06:30:00,3.0,3.8,4.833333333333333,3
2025-10-12 02:00:00,2025-10-12 03:00:00,1.25,6.0,6.14,2
2025-10-12 04:45:00,2025-10-12 08:15:00,3.75,3.6,4.2266666666666675,4
2025-10-13 02:15:00,2025-10-13 06:30:00,4.5,4.1,5.3999999999999995,2
2025-10-13 16:30:00,2025-10-13 17:00:00,0.75,5.9,6.066666666666666,16
2025-10-14 03:15:00,2025-10-14 04:45:00,1.75,5.4,5.614285714285715,3
2025-10-14 08:45:00,2025-10-14 09:30:00,1.0,3.8,4.0,8
2025-10-14 16:00:00,2025-10-14 19:00:00,3.25,5.6,6.184615384615384,16
2025-10-15 09:15:00,2025-10-15 09:30:00,0.5,3.6,3.75,9
2025-10-15 14:00:00,2025-10-15 15:45:00,2.0,5.3,5.4375,14
2025-10-15 17:45:00,2025-10-15 19:00:00,1.5,5.0,5.216666666666667,17
2025-10-16 04:15:00,2025-10-16 07:00:00,3.0,3.5,3.758333333333333,4
2025-10-16 17:30:00,2025-10-16 19:15:00,2.0,4.7,4.8875,17
2025-10-16 23:00:00,2025-10-17 00:00:00,1.25,4.2,4.380000000000001,23
2025-10-17 06:30:00,2025-10-17 07:15:00,1.0,3.9,4.0,6
2025-10-18 02:15:00,2025-10-18 03:15:00,1.25,4.3,4.4,2
2025-10-18 04:45:00,2025-10-18 06:00:00,1.5,4.1,4.283333333333334,4
2025-10-19 01:15:00,2025-10-19 07:15:00,6.25,2.2,4.3,1
2025-10-19 10:15:00,2025-10-19 11:30:00,1.5,2.4,3.0333333333333337,10
2025-10-19 13:30:00,2025-10-19 14:45:00,1.5,3.6,4.1000000000000005,13
2025-10-19 16:45:00,2025-10-19 19:15:00,2.75,4.1,4.536363636363636,16
2025-10-19 20:45:00,2025-10-20 00:30:00,4.0,3.5,3.89375,20
2025-10-20 03:00:00,2025-10-20 04:45:00,2.0,2.7,3.1375,3
2025-10-20 15:00:00,2025-10-20 18:45:00,4.0,4.6,5.125,15
2025-10-20 21:45:00,2025-10-21 02:15:00,4.75,3.3,4.978947368421053,21
2025-10-21 11:30:00,2025-10-21 12:30:00,1.25,4.8,4.9,11
2025-10-21 15:15:00,2025-10-21 15:45:00,0.75,5.4,5.466666666666666,15
2025-10-21 22:00:00,2025-10-22 03:15:00,5.5,3.2,4.5636363636363635,22
2025-10-22 14:15:00,2025-10-22 15:30:00,1.5,5.6,5.783333333333334,14
2025-10-22 22:45:00,2025-10-23 03:30:00,5.0,3.9,5.515,22
2025-10-23 08:00:00,2025-10-23 08:15:00,0.5,4.7,4.800000000000001,8
2025-10-24 00:15:00,2025-10-24 03:30:00,3.5,4.5,5.385714285714285,0
2025-10-24 07:45:00,2025-10-24 08:15:00,0.75,5.5,5.566666666666666,7
2025-10-25 01:45:00,2025-10-25 05:45:00,4.25,4.6,5.8,1
2025-10-25 08:30:00,2025-10-25 10:00:00,1.75,5.2,5.42857142857143,8
2025-10-25 14:30:00,2025-10-25 15:30:00,1.25,5.6,5.82,14
2025-10-26 02:45:00,2025-10-26 06:15:00,3.75,4.9,5.7,2
2025-10-26 10:45:00,2025-10-26 14:15:00,3.75,4.3,4.9,10
2025-10-27 00:15:00,2025-10-27 01:30:00,1.5,5.9,6.0,0
2025-10-27 03:00:00,2025-10-27 05:45:00,3.0,3.3,4.3999999999999995,3
2025-10-27 16:15:00,2025-10-27 16:45:00,0.75,5.0,5.066666666666666,16
2025-10-28 04:30:00,2025-10-28 07:15:00,3.0,3.6,4.416666666666666,4
2025-10-28 18:00:00,2025-10-28 18:30:00,0.75,5.5,5.633333333333333,18
2025-10-29 06:45:00,2025-10-29 08:15:00,1.75,5.1,5.614285714285714,6
2025-10-30 19:15:00,2025-10-30 20:00:00,1.0,6.8,7.074999999999999,19
2025-10-30 21:45:00,2025-10-30 23:45:00,2.25,6.5,6.711111111111111,21
2025-10-31 04:00:00,2025-10-31 06:45:00,3.0,6.3,6.683333333333334,4
2025-10-31 08:30:00,2025-10-31 08:45:00,0.5,6.1,6.25,8
2025-10-31 13:00:00,2025-10-31 14:15:00,1.5,7.3,7.599999999999999,13
2025-10-31 15:45:00,2025-10-31 17:00:00,1.5,8.1,8.166666666666666,15
2025-10-31 22:30:00,2025-11-01 00:45:00,2.5,7.1,7.409999999999999,22
2025-11-01 02:30:00,2025-11-01 03:45:00,1.5,7.1,7.266666666666667,2
2025-11-01 07:15:00,2025-11-01 08:00:00,1.0,6.9,7.05,7
2025-11-01 17:30:00,2025-11-01 19:30:00,2.25,7.8,8.033333333333333,17
2025-11-02 02:45:00,2025-11-02 05:15:00,2.75,6.6,6.954545454545456,2
2025-11-02 09:30:00,2025-11-02 10:00:00,0.75,7.0,7.133333333333333,9
2025-11-02 17:45:00,2025-11-02 20:30:00,3.0,7.6,7.808333333333333,17
2025-11-03 03:00:00,2025-11-03 04:30:00,1.75,5.9,6.185714285714286,3
2025-11-03 06:00:00,2025-11-03 06:15:00,0.5,6.1,6.199999999999999,6
2025-11-04 05:30:00,2025-11-04 06:30:00,1.25,5.7,5.8999999999999995,5
2025-11-04 22:15:00,2025-11-05 01:15:00,3.25,5.9,6.938461538461539,22
2025-11-05 13:45:00,2025-11-05 15:30:00,2.0,7.1,7.300000000000001,13
2025-11-05 21:15:00,2025-11-06 02:00:00,5.0,5.4,6.970000000000001,21
2025-11-06 22:15:00,2025-11-07 04:45:00,6.75,4.7,6.4296296296296305,22
2025-11-07 11:00:00,2025-11-07 12:00:00,1.25,5.5,5.9799999999999995,11
2025-11-08 01:30:00,2025-11-08 04:00:00,2.75,4.5,5.29090909090909,1
2025-11-09 03:00:00,2025-11-09 05:30:00,2.75,4.1,4.79090909090909,3
2025-11-10 00:45:00,2025-11-10 01:15:00,0.75,6.2,6.266666666666667,0
2025-11-11 16:30:00,2025-11-11 17:30:00,1.25,7.9,8.059999999999999,16
2025-11-12 01:30:00,2025-11-12 02:15:00,1.0,7.8,7.95,1
2025-11-13 05:00:00,2025-11-13 05:45:00,1.0,7.3,7.4750000000000005,5
2025-11-13 18:15:00,2025-11-13 18:45:00,0.75,8.3,8.466666666666667,18
2025-11-17 00:15:00,2025-11-17 01:30:00,1.5,6.6,6.816666666666666,0
2025-11-17 21:45:00,2025-11-18 01:30:00,4.0,4.7,6.35625,21
2025-11-18 07:15:00,2025-11-18 08:30:00,1.5,5.2,5.3500000000000005,7
2025-11-18 12:30:00,2025-11-18 13:00:00,0.75,6.3,6.466666666666666,12
2025-11-18 21:30:00,2025-11-19 02:45:00,5.5,4.5,6.2681818181818185,21
2025-11-19 23:00:00,2025-11-20 03:15:00,4.5,4.4,5.622222222222223,23
2025-11-21 00:30:00,2025-11-21 04:00:00,3.75,4.1,5.113333333333332,0
2025-11-21 07:15:00,2025-11-21 08:30:00,1.5,5.0,5.216666666666668,7
2025-11-22 00:15:00,2025-11-22 04:00:00,4.0,4.0,5.21875,0
2025-11-22 22:15:00,2025-11-23 03:15:00,5.25,4.3,5.8238095238095235,22
2025-11-24 02:30:00,2025-11-24 05:00:00,2.75,4.7,5.663636363636364,2
2025-11-25 03:45:00,2025-11-25 07:15:00,3.75,4.2,5.173333333333334,3
2025-11-26 02:30:00,2025-11-26 05:30:00,3.25,3.9,5.300000000000001,2
2025-11-26 07:00:00,2025-11-26 07:45:00,1.0,3.7,4.85,7
2025-11-29 04:00:00,2025-11-29 05:15:00,1.5,7.5,7.616666666666666,4
2025-11-30 21:00:00,2025-11-30 22:15:00,1.5,7.7,7.933333333333334,21
2025-12-01 23:00:00,2025-12-02 03:00:00,4.25,6.0,6.61764705882353,23
2025-12-03 07:15:00,2025-12-03 07:30:00,0.5,5.5,5.65,7
2025-12-03 22:00:00,2025-12-04 00:45:00,3.0,6.6,7.541666666666667,22
2025-12-04 12:30:00,2025-12-04 13:45:00,1.5,6.8,7.133333333333333,12
2025-12-05 00:45:00,2025-12-05 02:15:00,1.75,7.1,7.514285714285713,0
2025-12-05 12:30:00,2025-12-05 13:00:00,0.75,6.8,6.933333333333334,12
2025-12-05 14:30:00,2025-12-05 17:30:00,3.25,6.6,6.923076923076924,14
2025-12-06 12:15:00,2025-12-06 15:15:00,3.25,6.2,6.730769230769232,12
2025-12-06 16:45:00,2025-12-06 17:45:00,1.25,6.2,6.4799999999999995,16
2025-12-07 03:00:00,2025-12-07 03:30:00,0.75,7.2,7.366666666666667,3
2025-12-07 13:30:00,2025-12-07 17:00:00,3.75,6.5,6.880000000000001,13
2025-12-08 01:15:00,2025-12-08 04:45:00,3.75,6.4,7.3533333333333335,1
2025-12-09 19:45:00,2025-12-09 21:00:00,1.5,7.7,7.983333333333334,19
2025-12-10 01:15:00,2025-12-10 02:00:00,1.0,7.9,8.200000000000001,1
2025-12-10 04:30:00,2025-12-10 06:45:00,2.5,6.7,7.160000000000001,4
2025-12-10 09:00:00,2025-12-10 10:30:00,1.75,7.0,7.299999999999999,9
2025-12-11 19:45:00,2025-12-11 20:30:00,1.0,8.6,8.75,19
2025-12-12 00:15:00,2025-12-12 02:00:00,2.0,7.8,8.225,0
2025-12-12 03:45:00,2025-12-12 05:15:00,1.75,7.5,7.742857142857143,3
2025-12-12 20:15:00,2025-12-12 20:30:00,0.5,8.8,8.9,20
2025-12-13 03:00:00,2025-12-13 06:00:00,3.25,7.6,8.015384615384614,3
2025-12-13 07:30:00,2025-12-13 09:15:00,2.0,7.4,7.675,7
2025-12-14 06:45:00,2025-12-14 09:15:00,2.75,6.3,6.527272727272728,6
2025-12-14 11:00:00,2025-12-14 12:15:00,1.5,6.8,7.033333333333334,11
2025-12-15 07:00:00,2025-12-15 07:30:00,0.75,7.5,7.566666666666666,7
2025-12-15 19:45:00,2025-12-15 20:45:00,1.25,8.9,8.959999999999999,19
2025-12-17 22:30:00,2025-12-18 00:30:00,2.25,7.5,8.066666666666666,22
2025-12-18 06:45:00,2025-12-18 07:15:00,0.75,7.1,7.166666666666667,6
2025-12-19 00:45:00,2025-12-19 03:45:00,3.25,6.3,7.0,0
2025-12-20 09:45:00,2025-12-20 10:45:00,1.25,6.9,7.08,9
2025-12-20 23:45:00,2025-12-21 00:30:00,1.0,7.6,7.824999999999999,23
2025-12-22 00:45:00,2025-12-22 03:15:00,2.75,6.8,7.145454545454545,0
2025-12-22 14:45:00,2025-12-22 15:45:00,1.25,8.0,8.16,14
2025-12-22 17:45:00,2025-12-22 19:30:00,2.0,7.5,7.8125,17
2025-12-23 16:30:00,2025-12-23 20:00:00,3.75,8.0,8.486666666666666,16
2025-12-24 18:30:00,2025-12-24 19:00:00,0.75,8.5,8.566666666666666,18
2025-12-25 02:00:00,2025-12-25 04:00:00,2.25,7.1,7.388888888888889,2
2025-12-25 18:45:00,2025-12-25 19:30:00,1.0,7.8,7.925,18
2025-12-26 02:15:00,2025-12-26 04:00:00,2.0,6.6,7.125,2
2025-12-26 05:45:00,2025-12-26 08:00:00,2.5,6.2,6.51,5
2025-12-26 19:15:00,2025-12-26 22:15:00,3.25,6.7,7.076923076923077,19
2025-12-27 00:30:00,2025-12-27 03:30:00,3.25,6.1,6.546153846153847,0
2025-12-27 06:45:00,2025-12-27 07:30:00,1.0,5.9,6.075000000000001,6
2025-12-27 18:15:00,2025-12-27 23:15:00,5.25,6.3,6.738095238095238,18
2025-12-28 01:45:00,2025-12-28 02:15:00,0.75,5.7,5.8,1
2025-12-28 04:15:00,2025-12-28 07:00:00,3.0,5.1,5.724999999999999,4
2025-12-28 18:30:00,2025-12-28 20:30:00,2.25,6.8,7.022222222222222,18
2025-12-29 02:15:00,2025-12-29 03:15:00,1.25,5.6,5.779999999999999,2
2025-12-29 21:30:00,2025-12-29 22:30:00,1.25,6.9,7.0200000000000005,21
2026-01-03 00:15:00,2026-01-03 03:15:00,3.25,6.9,7.915384615384617,0
2026-01-03 23:15:00,2026-01-04 02:30:00,3.5,6.3,7.328571428571428,23
2026-01-04 23:15:00,2026-01-05 04:00:00,5.0,6.4,7.87,23
2026-01-06 00:15:00,2026-01-06 04:15:00,4.25,6.2,7.358823529411765,0
2026-01-07 01:45:00,2026-01-07 03:00:00,1.5,6.4,6.733333333333333,1
2026-01-08 03:15:00,2026-01-08 03:45:00,0.75,6.6,6.666666666666667,3
2026-01-09 00:15:00,2026-01-09 01:30:00,1.5,6.6,6.816666666666667,0
2026-01-09 06:45:00,2026-01-09 07:30:00,1.0,6.0,6.075,6
2026-01-09 17:15:00,2026-01-09 17:45:00,0.75,7.1,7.3,17
2026-01-10 03:00:00,2026-01-10 03:45:00,1.0,5.8,6.075,3
2026-01-10 07:00:00,2026-01-10 08:45:00,2.0,5.6,5.8375,7
2026-01-10 10:45:00,2026-01-10 13:30:00,3.0,5.8,6.3500000000000005,10
2026-01-10 20:15:00,2026-01-10 21:00:00,1.0,5.9,6.1000000000000005,20
2026-01-12 23:15:00,2026-01-13 00:30:00,1.5,7.7,7.900000000000001,23
2026-01-22 18:45:00,2026-01-22 20:30:00,2.0,8.7,8.912500000000001,18
2026-01-23 01:45:00,2026-01-23 02:15:00,0.75,8.3,8.4,1
2026-01-23 04:00:00,2026-01-23 04:30:00,0.75,8.1,8.166666666666666,4
2026-01-23 19:00:00,2026-01-23 20:15:00,1.5,8.1,8.5,19
2026-01-24 17:45:00,2026-01-24 18:45:00,1.25,7.7,7.860000000000001,17
2026-01-25 18:30:00,2026-01-25 19:30:00,1.25,7.2,7.380000000000001,18
2026-01-26 17:45:00,2026-01-26 18:15:00,0.75,8.9,9.0,17
2026-01-27 17:00:00,2026-01-27 20:15:00,3.5,9.7,10.164285714285713,17
2026-01-28 22:45:00,2026-01-29 01:00:00,2.5,9.3,9.58,22
2026-01-31 17:45:00,2026-01-31 19:15:00,1.75,9.9,10.185714285714285,17
2026-02-02 04:00:00,2026-02-02 04:30:00,0.75,10.9,10.966666666666667,4
2026-02-03 19:00:00,2026-02-03 20:00:00,1.25,9.9,10.319999999999999,19
2026-02-04 03:45:00,2026-02-04 04:30:00,1.0,9.7,9.825,3
2026-02-04 18:30:00,2026-02-04 21:30:00,3.25,10.4,10.853846153846153,18
2026-02-05 01:15:00,2026-02-05 02:00:00,1.0,9.9,10.15,1
2026-02-07 05:45:00,2026-02-07 06:45:00,1.25,8.3,8.62,5
2026-02-08 02:30:00,2026-02-08 03:45:00,1.5,8.4,8.766666666666666,2
2026-02-08 05:30:00,2026-02-08 07:45:00,2.5,8.4,8.65,5
2026-02-09 07:15:00,2026-02-09 09:15:00,2.25,8.0,8.288888888888888,7
2026-02-11 18:15:00,2026-02-12 00:30:00,6.5,5.3,7.076923076923077,18
2026-02-12 02:00:00,2026-02-12 03:15:00,1.5,6.1,6.333333333333333,2
2026-02-12 19:15:00,2026-02-13 00:30:00,5.5,5.3,6.990909090909091,19
2026-02-13 21:30:00,2026-02-14 02:15:00,5.0,5.1,6.4300000000000015,21
2026-02-14 23:00:00,2026-02-15 01:45:00,3.0,5.2,6.5,23
2026-02-15 03:30:00,2026-02-15 04:00:00,0.75,5.3,5.533333333333334,3
2026-02-16 22:15:00,2026-02-17 04:00:00,6.0,5.5,6.841666666666666,22
2026-02-18 00:00:00,2026-02-18 07:00:00,7.25,5.5,6.39655172413793,0
2026-02-19 03:00:00,2026-02-19 06:15:00,3.5,5.6,6.257142857142858,3
2026-02-23 17:15:00,2026-02-23 18:00:00,1.0,9.1,9.2,17
2026-02-25 20:30:00,2026-02-25 20:45:00,0.5,8.6,8.7,20
2026-02-26 18:00:00,2026-02-26 19:15:00,1.5,9.5,9.783333333333333,18
2026-02-26 20:45:00,2026-02-27 01:30:00,5.0,5.3,6.8450000000000015,20
2026-02-27 20:30:00,2026-02-28 02:15:00,6.0,4.9,7.466666666666666,20
2026-02-28 21:30:00,2026-03-01 02:00:00,4.75,4.7,6.363157894736842,21
2026-03-01 22:00:00,2026-03-02 02:45:00,5.0,5.2,6.33,22
2026-03-03 02:30:00,2026-03-03 03:45:00,1.5,5.6,5.916666666666667,2
2026-03-03 17:00:00,2026-03-03 17:45:00,1.0,6.8,6.949999999999999,17
2026-03-04 00:00:00,2026-03-04 00:30:00,0.75,6.5,6.6000000000000005,0
2026-03-04 02:30:00,2026-03-04 03:30:00,1.25,5.9,6.139999999999999,2
2026-03-06 17:15:00,2026-03-06 18:15:00,1.25,6.7,6.8,17
2026-03-07 20:45:00,2026-03-07 22:00:00,1.5,6.1,6.333333333333333,20
2026-03-08 03:30:00,2026-03-08 04:15:00,1.0,5.7,5.8500000000000005,3
2026-03-08 12:30:00,2026-03-08 13:00:00,0.75,6.3,6.366666666666667,12
2026-03-08 14:45:00,2026-03-08 21:45:00,7.25,5.0,5.568965517241378,14
2026-03-08 23:45:00,2026-03-09 00:45:00,1.25,4.8,4.92,23
2026-03-09 15:00:00,2026-03-09 16:15:00,1.5,6.8,6.933333333333334,15
2026-03-09 19:45:00,2026-03-09 21:00:00,1.5,6.1,6.283333333333334,19
2026-03-09 23:00:00,2026-03-10 00:00:00,1.25,5.6,5.799999999999999,23
2026-03-10 18:45:00,2026-03-10 20:00:00,1.5,6.3,6.533333333333332,18
2026-03-10 21:30:00,2026-03-10 21:45:00,0.5,5.8,5.949999999999999,21
2026-03-11 18:00:00,2026-03-12 00:15:00,6.5,4.7,5.988461538461538,18
2026-03-12 01:45:00,2026-03-12 02:30:00,1.0,4.5,4.6,1
2026-03-12 19:45:00,2026-03-12 20:15:00,0.75,7.2,7.366666666666667,19
2026-03-13 23:30:00,2026-03-14 02:45:00,3.5,6.1,6.621428571428571,23
2026-03-14 22:00:00,2026-03-15 03:15:00,5.5,4.7,5.945454545454546,22
2026-03-15 05:15:00,2026-03-15 07:15:00,2.25,5.1,5.5,5
2026-03-15 23:30:00,2026-03-16 04:30:00,5.25,4.2,5.223809523809525,23
2026-03-16 06:00:00,2026-03-16 07:15:00,1.5,4.4,4.816666666666666,6
2026-03-23 14:30:00,2026-03-23 20:00:00,5.75,5.7,7.7565217391304335,14
2026-03-24 14:45:00,2026-03-24 21:45:00,7.25,5.6,7.26551724137931,14
2026-03-25 17:30:00,2026-03-25 21:30:00,4.25,5.0,6.305882352941176,17
2026-03-26 17:00:00,2026-03-26 22:15:00,5.5,4.5,6.872727272727272,17
2026-03-26 23:45:00,2026-03-27 00:30:00,1.0,4.3,4.775,23
2026-03-27 18:30:00,2026-03-27 19:00:00,0.75,7.2,7.333333333333333,18
2026-03-27 21:15:00,2026-03-28 01:00:00,4.0,4.0,4.96875,21
2026-03-28 22:15:00,2026-03-28 23:45:00,1.75,6.6,7.057142857142857,22
2026-03-29 23:30:00,2026-03-30 02:30:00,3.25,5.3,6.123076923076923,23
2026-03-30 05:15:00,2026-03-30 05:30:00,0.5,5.3,5.5,5
2026-03-31 01:00:00,2026-03-31 03:30:00,2.75,4.5,5.663636363636364,1
2026-03-31 06:00:00,2026-03-31 08:00:00,2.25,4.8,5.199999999999999,6
2026-03-31 10:15:00,2026-03-31 17:15:00,7.25,5.5,6.368965517241379,10
2026-04-01 02:00:00,2026-04-01 03:15:00,1.5,5.8,6.2,2
2026-04-01 14:30:00,2026-04-01 15:00:00,0.75,6.0,6.233333333333333,14
2026-04-02 13:15:00,2026-04-02 14:00:00,1.0,6.2,6.45,13
2026-04-03 12:30:00,2026-04-03 14:45:00,2.5,6.5,6.7700000000000005,12
2026-04-03 17:45:00,2026-04-03 19:45:00,2.25,6.2,6.466666666666667,17
2026-04-03 23:45:00,2026-04-04 00:45:00,1.25,5.7,5.78,23
2026-04-04 12:45:00,2026-04-04 15:15:00,2.75,6.4,6.7272727272727275,12
2026-04-04 21:30:00,2026-04-04 22:15:00,1.0,5.4,5.625,21
2026-04-16 12:45:00,2026-04-16 14:30:00,2.0,6.0,6.4375,12
2026-04-18 14:00:00,2026-04-18 14:30:00,0.75,6.3,6.366666666666667,14
2026-04-19 15:45:00,2026-04-19 16:15:00,0.75,6.2,6.266666666666667,15
2026-04-20 15:30:00,2026-04-20 20:15:00,5.0,6.9,7.955,15
2026-04-21 16:15:00,2026-04-21 21:15:00,5.25,6.3,7.3047619047619055,16
2026-04-22 01:15:00,2026-04-22 02:15:00,1.25,6.1,6.24,1
2026-04-22 18:30:00,2026-04-22 20:15:00,2.0,5.7,6.3500000000000005,18
2026-04-23 16:15:00,2026-04-23 21:30:00,5.5,4.9,6.786363636363637,16
2026-04-24 03:00:00,2026-04-24 04:45:00,2.0,4.7,4.9625,3
2026-04-24 18:45:00,2026-04-24 23:15:00,4.75,3.8,5.757894736842105,18
2026-04-25 03:15:00,2026-04-25 05:15:00,2.25,4.1,4.4,3
2026-04-25 06:45:00,2026-04-25 08:15:00,1.75,3.9,4.442857142857143,6
2026-04-25 20:00:00,2026-04-25 20:15:00,0.5,5.4,5.550000000000001,20
2026-04-25 22:00:00,2026-04-25 23:30:00,1.75,3.6,4.557142857142857,22
2026-04-26 03:00:00,2026-04-26 05:30:00,2.75,3.5,3.927272727272727,3
2026-04-26 13:15:00,2026-04-26 14:15:00,1.25,4.4,4.66,13
2026-04-26 19:00:00,2026-04-26 19:30:00,0.75,5.1,5.366666666666667,19
2026-04-26 23:15:00,2026-04-27 00:15:00,1.25,4.3,4.52,23
2026-04-27 02:45:00,2026-04-27 03:15:00,0.75,4.1,4.166666666666666,2
2026-04-27 17:30:00,2026-04-27 17:45:00,0.5,6.2,6.300000000000001,17
2026-04-27 19:45:00,2026-04-27 21:00:00,1.5,6.4,6.616666666666666,19
2026-04-28 00:30:00,2026-04-28 04:30:00,4.25,4.8,5.423529411764705,0
2026-04-28 17:45:00,2026-04-28 19:30:00,2.0,6.0,6.2125,17
2026-04-29 01:30:00,2026-04-29 02:00:00,0.75,5.6,5.666666666666667,1
2026-04-29 18:30:00,2026-04-29 19:00:00,0.75,5.4,5.5,18
2026-04-30 10:30:00,2026-04-30 11:45:00,1.5,4.1,4.616666666666666,10
2026-04-30 13:30:00,2026-04-30 15:30:00,2.25,4.0,4.633333333333334,13
2026-04-30 18:00:00,2026-04-30 20:15:00,2.5,4.5,4.880000000000001,18
2026-05-01 11:30:00,2026-05-01 12:45:00,1.5,4.5,4.866666666666666,11
2026-05-01 21:30:00,2026-05-01 22:00:00,0.75,4.9,5.2,21
2026-05-02 03:15:00,2026-05-02 06:00:00,3.0,5.4,5.633333333333333,3
2026-05-02 16:15:00,2026-05-02 21:00:00,5.0,6.5,7.0950000000000015,16
2026-05-03 18:45:00,2026-05-03 20:30:00,2.0,7.0,7.5625,18
2026-05-04 05:00:00,2026-05-04 07:15:00,2.5,6.2,6.489999999999999,5
2026-05-04 18:15:00,2026-05-04 18:45:00,0.75,6.7,7.233333333333334,18
2026-05-04 20:15:00,2026-05-04 23:00:00,3.0,6.3,6.7,20
2026-05-06 12:45:00,2026-05-06 13:30:00,1.0,7.1,7.300000000000001,12
2026-05-06 15:15:00,2026-05-06 19:30:00,4.5,4.3,5.488888888888889,15
2026-05-07 00:00:00,2026-05-07 01:15:00,1.5,4.7,4.816666666666667,0
2026-05-07 15:30:00,2026-05-07 17:45:00,2.5,4.4,5.14,15
2026-05-08 00:00:00,2026-05-08 00:45:00,1.0,3.8,4.175,0
2026-05-08 02:45:00,2026-05-08 03:30:00,1.0,4.1,4.35,2
2026-05-08 05:30:00,2026-05-08 06:15:00,1.0,4.3,4.449999999999999,5
2026-05-08 14:15:00,2026-05-08 18:15:00,4.25,3.8,5.1117647058823525,14
2026-05-08 19:45:00,2026-05-08 20:30:00,1.0,3.8,4.0249999999999995,19
2026-05-09 02:45:00,2026-05-09 03:30:00,1.0,4.0,4.175,2
2026-05-09 09:15:00,2026-05-09 10:30:00,1.5,4.7,4.8500000000000005,9
2026-05-09 17:15:00,2026-05-09 21:00:00,4.0,4.1,5.2875,17
2026-05-10 01:45:00,2026-05-10 02:00:00,0.5,4.0,4.1,1
2026-05-10 03:30:00,2026-05-10 05:15:00,2.0,3.9,4.0375,3
2026-05-10 16:00:00,2026-05-10 21:30:00,5.75,5.1,6.104347826086957,16
2026-05-11 01:00:00,2026-05-11 08:00:00,7.25,3.4,3.96551724137931,1
2026-05-11 10:15:00,2026-05-11 10:45:00,0.75,4.9,5.066666666666667,10
2026-05-11 12:45:00,2026-05-12 02:00:00,13.5,3.8,5.650000000000001,12
2026-05-12 04:15:00,2026-05-12 07:30:00,3.5,3.9,4.321428571428571,4
2026-05-12 11:15:00,2026-05-12 14:00:00,3.0,4.5,5.258333333333334,11
2026-05-12 15:45:00,2026-05-12 17:45:00,2.25,4.7,5.199999999999999,15
2026-05-12 21:15:00,2026-05-13 00:00:00,3.0,4.4,5.466666666666666,21
2026-05-13 03:30:00,2026-05-13 08:45:00,5.5,4.0,4.59090909090909,3
2026-05-13 10:15:00,2026-05-13 10:45:00,0.75,5.0,5.066666666666666,10
2026-05-13 13:00:00,2026-05-13 15:15:00,2.5,5.1,5.35,13
2026-05-13 17:15:00,2026-05-13 17:30:00,0.5,5.2,5.4,17
2026-05-13 19:30:00,2026-05-14 08:00:00,12.75,5.2,6.060784313725489,19
2026-05-14 12:00:00,2026-05-14 12:15:00,0.5,5.7,5.800000000000001,12
2026-05-14 14:30:00,2026-05-14 15:15:00,1.0,5.0,5.175,14
2026-05-14 19:45:00,2026-05-15 01:00:00,5.5,4.8,5.804545454545454,19
2026-05-15 02:45:00,2026-05-15 04:00:00,1.5,6.0,6.233333333333334,2
2026-05-15 08:45:00,2026-05-15 12:30:00,4.0,5.4,6.3500000000000005,8
2026-05-15 14:00:00,2026-05-15 15:45:00,2.0,5.0,5.5125,14
2026-05-15 22:00:00,2026-05-15 23:45:00,2.0,4.5,4.925,22
2026-05-16 12:15:00,2026-05-16 12:45:00,0.75,6.1,6.2,12
2026-05-16 15:30:00,2026-05-16 15:45:00,0.5,5.5,5.75,15
2026-05-17 13:45:00,2026-05-17 14:00:00,0.5,5.7,5.800000000000001,13
2026-05-18 00:45:00,2026-05-18 01:30:00,1.0,4.0,4.15,0
2026-05-18 16:45:00,2026-05-18 18:30:00,2.0,5.0,5.5375,16
2026-05-19 00:15:00,2026-05-19 01:15:00,1.25,4.2,4.300000000000001,0
2026-05-19 16:00:00,2026-05-19 18:45:00,3.0,4.6,5.7749999999999995,16
2026-05-20 04:00:00,2026-05-20 04:30:00,0.75,3.9,4.066666666666667,4
2026-05-20 16:45:00,2026-05-20 20:30:00,4.0,3.5,4.84375,16
2026-05-21 04:00:00,2026-05-21 05:00:00,1.25,3.2,3.6,4
2026-05-21 15:45:00,2026-05-21 21:45:00,6.25,3.3,5.22,15
2026-05-22 01:45:00,2026-05-22 04:15:00,2.75,3.7,3.9818181818181815,1
2026-05-22 14:15:00,2026-05-22 22:45:00,8.75,3.4,5.102857142857142,14
2026-05-23 14:45:00,2026-05-24 00:45:00,10.25,3.7,4.81219512195122,14
2026-05-24 09:30:00,2026-05-24 10:15:00,1.0,4.5,4.625,9
2026-05-24 13:45:00,2026-05-25 00:45:00,11.25,4.1,5.0088888888888885,13
2026-05-25 11:15:00,2026-05-25 13:30:00,2.5,4.1,4.88,11
2026-05-25 15:00:00,2026-05-25 18:15:00,3.5,3.2,3.6142857142857143,15
2026-05-25 22:00:00,2026-05-25 22:30:00,0.75,3.7,3.7999999999999994,22
2026-05-26 07:30:00,2026-05-26 10:15:00,3.0,4.1,4.741666666666666,7
2026-05-26 21:30:00,2026-05-26 21:45:00,0.5,3.8,3.9,21
2026-05-27 00:45:00,2026-05-27 01:00:00,0.5,4.4,4.5,0
2026-05-27 08:45:00,2026-05-27 13:00:00,4.5,4.3,5.538888888888888,8
2026-05-27 21:00:00,2026-05-27 23:00:00,2.25,3.8,4.188888888888888,21
2026-05-28 00:45:00,2026-05-28 01:15:00,0.75,4.0,4.1000000000000005,0
2026-05-28 03:15:00,2026-05-28 04:30:00,1.5,4.0,4.5,3
2026-05-28 13:45:00,2026-05-28 16:15:00,2.75,3.7,4.0,13
2026-05-29 10:00:00,2026-05-29 12:30:00,2.75,3.8,4.29090909090909,10
2026-05-30 05:15:00,2026-05-30 07:00:00,2.0,3.4,3.675,5
2026-05-30 09:00:00,2026-05-30 10:30:00,1.75,3.9,4.442857142857142,9
2026-05-30 12:00:00,2026-05-30 13:00:00,1.25,3.7,4.02,12
2026-05-30 15:00:00,2026-05-30 17:30:00,2.75,3.7,3.8818181818181823,15
2026-05-31 08:30:00,2026-05-31 10:00:00,1.75,3.6,4.128571428571429,8
2026-05-31 18:00:00,2026-05-31 21:15:00,3.5,2.9,3.342857142857143,18
2026-06-01 08:45:00,2026-06-01 14:15:00,5.75,3.9,4.478260869565218,8
2026-06-01 16:15:00,2026-06-01 18:15:00,2.25,2.7,3.022222222222222,16
2026-06-01 23:45:00,2026-06-02 00:00:00,0.5,2.5,2.7,23
2026-06-02 07:15:00,2026-06-02 08:15:00,1.25,4.0,4.220000000000001,7
2026-06-02 10:00:00,2026-06-02 20:00:00,10.25,2.5,4.239024390243903,10
2026-06-03 04:00:00,2026-06-03 05:15:00,1.5,3.2,3.75,4
2026-06-03 14:45:00,2026-06-03 19:45:00,5.25,3.2,4.40952380952381,14
2026-06-04 16:30:00,2026-06-04 20:00:00,3.75,4.2,5.793333333333333,16
2026-06-05 04:45:00,2026-06-05 05:30:00,1.0,3.2,3.3,4
2026-06-05 14:30:00,2026-06-05 15:45:00,1.5,6.7,6.916666666666667,14
2026-06-05 17:30:00,2026-06-05 20:45:00,3.5,4.0,5.121428571428572,17
2026-06-06 13:30:00,2026-06-06 16:00:00,2.75,4.6,5.372727272727273,13
2026-06-06 17:45:00,2026-06-06 18:00:00,0.5,4.1,4.199999999999999,17
2026-06-07 08:30:00,2026-06-07 08:45:00,0.5,2.7,3.0,8
2026-06-07 11:45:00,2026-06-07 14:00:00,2.5,2.7,3.02,11
2026-06-07 16:15:00,2026-06-07 17:15:00,1.25,2.9,3.2199999999999998,16
2026-06-07 19:00:00,2026-06-07 22:30:00,3.75,3.1,3.8466666666666667,19
2026-06-08 07:15:00,2026-06-08 07:30:00,0.5,2.4,2.55,7
2026-06-08 10:45:00,2026-06-08 11:15:00,0.75,2.2,2.3333333333333335,10
2026-06-08 13:00:00,2026-06-08 13:15:00,0.5,2.3,2.55,13
2026-06-08 16:15:00,2026-06-08 16:45:00,0.75,4.6,4.733333333333333,16
2026-06-08 18:15:00,2026-06-09 01:30:00,7.5,2.5,3.146666666666667,18
2026-06-09 03:45:00,2026-06-09 09:45:00,6.25,1.4,2.092,3
2026-06-09 11:45:00,2026-06-09 12:30:00,1.0,1.1,2.175,11
2026-06-09 14:30:00,2026-06-09 16:30:00,2.25,2.1,2.711111111111111,14
2026-06-09 18:30:00,2026-06-10 01:15:00,7.0,0.1,3.8142857142857145,18
2026-06-10 03:00:00,2026-06-10 06:45:00,4.0,1.7,2.2562499999999996,3
2026-06-10 12:00:00,2026-06-10 12:45:00,1.0,4.1,4.525,12
2026-06-10 14:30:00,2026-06-10 19:15:00,5.0,3.2,4.025,14
2026-06-10 23:15:00,2026-06-11 17:45:00,18.75,2.9,4.214666666666667,23
2026-06-11 23:45:00,2026-06-12 02:30:00,3.0,4.4,4.583333333333333,23
2026-06-12 08:00:00,2026-06-12 11:15:00,3.5,3.2,4.257142857142857,8
2026-06-13 09:30:00,2026-06-13 12:45:00,3.5,3.4,4.3,9
2026-06-13 15:45:00,2026-06-13 16:00:00,0.5,3.9,4.0,15
2026-06-14 09:30:00,2026-06-14 12:15:00,3.0,5.0,5.45,9
2026-06-15 10:00:00,2026-06-15 10:30:00,0.75,5.4,5.6000000000000005,10
2026-06-15 12:30:00,2026-06-15 13:15:00,1.0,5.1,5.325000000000001,12
2026-06-16 12:30:00,2026-06-16 17:15:00,5.0,3.0,4.465,12
2026-06-17 00:15:00,2026-06-17 03:15:00,3.25,3.1,3.323076923076923,0
2026-06-17 14:30:00,2026-06-17 19:00:00,4.75,3.7,5.905263157894738,14
2026-06-18 14:45:00,2026-06-18 19:30:00,5.0,2.8,4.130000000000001,14
2026-06-19 05:00:00,2026-06-19 05:15:00,0.5,3.9,4.0,5
2026-06-19 07:30:00,2026-06-19 08:45:00,1.5,4.1,4.233333333333334,7
2026-06-19 13:15:00,2026-06-19 15:30:00,2.5,4.2,4.5,13
2026-06-19 17:00:00,2026-06-19 20:00:00,3.25,3.4,3.9153846153846152,17
2026-06-20 00:30:00,2026-06-20 02:00:00,1.75,3.1,3.685714285714286,0
2026-06-20 16:00:00,2026-06-20 18:45:00,3.0,3.2,3.608333333333334,16
2026-06-21 08:30:00,2026-06-21 09:15:00,1.0,3.0,3.175,8
2026-06-21 15:15:00,2026-06-21 16:15:00,1.25,3.6,3.6800000000000006,15
2026-06-22 02:45:00,2026-06-22 03:30:00,1.0,3.3,3.375,2
2026-06-22 10:15:00,2026-06-22 11:45:00,1.75,3.2,3.742857142857143,10
2026-06-23 04:15:00,2026-06-23 07:00:00,3.0,3.1,3.2416666666666667,4
2026-06-23 11:15:00,2026-06-23 12:15:00,1.25,3.3,3.4799999999999995,11
2026-06-23 13:45:00,2026-06-23 14:15:00,0.75,3.4,3.6999999999999997,13
2026-06-24 13:00:00,2026-06-24 20:15:00,7.5,3.1,3.673333333333333,13
2026-06-25 13:00:00,2026-06-25 16:30:00,3.75,3.6,3.933333333333334,13
2026-06-26 12:45:00,2026-06-26 20:00:00,7.5,3.0,3.81,12
2026-06-27 06:30:00,2026-06-27 08:30:00,2.25,4.1,4.377777777777777,6
2026-06-27 15:45:00,2026-06-27 21:15:00,5.75,3.0,4.147826086956522,15
2026-06-28 06:00:00,2026-06-28 07:15:00,1.5,3.4,3.883333333333333,6
2026-06-28 08:45:00,2026-06-28 12:30:00,4.0,3.8,4.30625,8
2026-06-28 14:00:00,2026-06-28 19:15:00,5.5,2.9,3.5363636363636357,14
2026-06-29 04:45:00,2026-06-29 06:45:00,2.25,3.5,3.8444444444444446,4
2026-06-29 08:30:00,2026-06-29 11:30:00,3.25,4.8,5.153846153846155,8
2026-06-29 13:00:00,2026-06-29 13:30:00,0.75,4.6,4.7,13
2026-06-29 15:30:00,2026-06-29 20:00:00,4.75,2.9,3.4894736842105267,15
2026-06-30 05:30:00,2026-06-30 07:00:00,1.75,3.1,3.357142857142857,5
2026-06-30 10:15:00,2026-06-30 11:15:00,1.25,4.6,4.859999999999999,10
2026-06-30 13:30:00,2026-06-30 14:45:00,1.5,4.4,4.666666666666667,13
2026-06-30 16:15:00,2026-06-30 21:00:00,5.0,3.3,4.055000000000001,16
2026-07-01 10:45:00,2026-07-01 14:15:00,3.75,5.1,5.799999999999999,10
2026-07-01 17:15:00,2026-07-01 17:30:00,0.5,4.6,4.699999999999999,17
2026-07-02 00:00:00,2026-07-02 03:15:00,3.5,3.2,3.7642857142857147,0
2026-07-02 05:15:00,2026-07-02 06:00:00,1.0,3.4,3.625,5
2026-07-02 10:45:00,2026-07-02 18:45:00,8.25,4.3,5.872727272727272,10
2026-07-02 23:45:00,2026-07-03 04:45:00,5.25,3.1,3.59047619047619,23
2026-07-03 06:15:00,2026-07-03 07:30:00,1.5,2.7,3.1333333333333333,6
2026-07-03 09:00:00,2026-07-03 10:00:00,1.25,3.9,4.12,9
2026-07-03 12:15:00,2026-07-03 12:30:00,0.5,4.5,4.6,12
2026-07-03 14:45:00,2026-07-03 18:45:00,4.25,4.5,5.194117647058825,14
2026-07-04 01:00:00,2026-07-04 07:30:00,6.75,2.6,3.244444444444444,1
2026-07-04 13:15:00,2026-07-04 14:30:00,1.5,5.5,6.283333333333334,13
2026-07-04 16:30:00,2026-07-04 20:15:00,4.0,4.3,5.300000000000001,16
2026-07-05 01:15:00,2026-07-05 02:00:00,1.0,3.4,3.725,1
2026-07-05 04:15:00,2026-07-05 09:00:00,5.0,2.5,3.055,4
2026-07-05 11:00:00,2026-07-05 12:15:00,1.5,3.4,5.233333333333333,11
2026-07-05 13:45:00,2026-07-05 20:30:00,7.0,4.3,7.075000000000001,13
2026-07-05 22:30:00,2026-07-06 02:15:00,4.0,3.8,4.43125,22
2026-07-06 04:00:00,2026-07-06 05:30:00,1.75,3.3,3.585714285714286,4
2026-07-06 14:30:00,2026-07-06 15:00:00,0.75,7.0,7.466666666666666,14
2026-07-06 16:30:00,2026-07-06 19:30:00,3.25,7.0,7.484615384615385,16
2026-07-06 21:15:00,2026-07-06 23:00:00,2.0,5.9,6.3375,21
2026-07-07 00:45:00,2026-07-07 02:30:00,2.0,4.7,5.425000000000001,0
2026-07-07 04:00:00,2026-07-07 10:15:00,6.5,3.7,5.073076923076924,4
2026-07-07 18:45:00,2026-07-08 05:45:00,11.25,4.6,5.931111111111111,18
2026-07-08 11:15:00,2026-07-08 11:30:00,0.5,5.6,5.75,11
2026-07-08 13:15:00,2026-07-08 14:15:00,1.25,6.6,6.880000000000001,13
2026-07-08 16:00:00,2026-07-08 23:00:00,7.25,5.9,6.568965517241379,16
2026-07-09 03:00:00,2026-07-09 06:30:00,3.75,3.8,4.6066666666666665,3
2026-07-09 09:00:00,2026-07-09 09:15:00,0.5,4.6,4.85,9
2026-07-09 16:00:00,2026-07-09 21:45:00,6.0,4.9,5.808333333333334,16
2026-07-10 01:15:00,2026-07-10 02:45:00,1.75,4.4,4.857142857142857,1
2026-07-10 08:15:00,2026-07-10 09:00:00,1.0,3.8,4.0,8
2026-07-10 19:15:00,2026-07-10 19:45:00,0.75,5.4,5.566666666666667,19
2026-07-10 21:45:00,2026-07-10 23:15:00,1.75,4.3,4.671428571428571,21
2026-07-11 09:30:00,2026-07-11 11:30:00,2.25,3.5,3.9777777777777783,9
2026-07-11 18:00:00,2026-07-12 00:15:00,6.5,3.5,4.219230769230769,18
2026-07-12 02:45:00,2026-07-12 03:15:00,0.75,3.9,4.266666666666667,2
2026-07-12 08:30:00,2026-07-12 09:30:00,1.25,3.8,4.0,8
2026-07-12 11:00:00,2026-07-12 12:00:00,1.25,3.8,4.04,11
2026-07-12 16:45:00,2026-07-12 17:15:00,0.75,4.5,4.7,16
2026-07-12 19:00:00,2026-07-13 00:15:00,5.5,3.9,4.249999999999999,19
2026-07-13 03:45:00,2026-07-13 05:00:00,1.5,3.8,4.05,3
2026-07-13 10:30:00,2026-07-13 10:45:00,0.5,3.9,4.05,10
2026-07-13 12:15:00,2026-07-13 12:30:00,0.5,3.6,3.7,12
2026-07-14 00:15:00,2026-07-14 01:15:00,1.25,4.5,4.619999999999999,0
2026-07-14 12:30:00,2026-07-14 13:45:00,1.5,5.4,5.683333333333334,12
2026-07-15 02:30:00,2026-07-15 03:30:00,1.25,4.5,4.7,2
2026-07-15 09:15:00,2026-07-15 12:45:00,3.75,4.1,5.02,9
2026-07-15 15:00:00,2026-07-15 17:00:00,2.25,6.1,6.566666666666666,15
2026-07-15 23:15:00,2026-07-16 06:00:00,7.0,4.1,5.171428571428572,23
2026-07-16 07:30:00,2026-07-16 08:00:00,0.75,4.3,4.466666666666667,7
2026-07-16 09:30:00,2026-07-16 11:30:00,2.25,5.0,5.211111111111111,9
2026-07-16 14:45:00,2026-07-16 17:30:00,3.0,6.4,6.891666666666668,14
2026-07-16 22:45:00,2026-07-17 02:15:00,3.75,4.3,5.493333333333331,22
2026-07-17 03:45:00,2026-07-17 04:30:00,1.0,3.9,4.375,3
2026-07-17 06:30:00,2026-07-17 09:00:00,2.75,3.6,4.090909090909091,6
2026-07-17 10:45:00,2026-07-17 15:30:00,5.0,3.6,4.775,10
2026-07-17 17:45:00,2026-07-18 11:00:00,17.5,2.3,4.887142857142857,17
2026-07-18 12:30:00,2026-07-19 07:00:00,18.75,2.0,4.645333333333334,12
2026-07-19 08:30:00,2026-07-20 00:30:00,16.25,2.4,5.252307692307692,8
2026-07-20 07:00:00,2026-07-20 09:00:00,2.25,3.5,3.6666666666666665,7
2026-07-20 12:30:00,2026-07-20 22:30:00,10.25,4.4,6.309756097560975,12
2026-07-21 04:30:00,2026-07-21 07:15:00,3.0,4.2,4.691666666666667,4
2026-07-21 09:45:00,2026-07-21 11:30:00,2.0,3.9,4.05,9
2026-07-21 16:15:00,2026-07-21 16:45:00,0.75,5.4,5.466666666666666,16
2026-07-22 11:15:00,2026-07-22 13:00:00,2.0,4.4,4.6625,11
2026-07-22 19:00:00,2026-07-22 20:00:00,1.25,3.2,3.6399999999999997,19
2026-07-23 05:45:00,2026-07-23 06:30:00,1.0,4.3,4.475,5
2026-07-23 18:00:00,2026-07-23 19:30:00,1.75,4.7,5.114285714285715,18
2026-07-23 21:00:00,2026-07-23 22:00:00,1.25,4.5,4.720000000000001,21
2026-07-24 05:15:00,2026-07-24 09:15:00,4.25,3.0,3.9764705882352938,5
2026-07-25 05:45:00,2026-07-25 07:45:00,2.25,3.9,4.133333333333333,5
2026-07-25 11:00:00,2026-07-25 11:45:00,1.0,3.5,3.9000000000000004,11
2026-07-26 00:30:00,2026-07-26 01:45:00,1.5,4.8,4.933333333333333,0
2026-07-26 06:00:00,2026-07-26 07:00:00,1.25,4.0,4.14,6
2026-07-26 10:30:00,2026-07-26 12:15:00,2.0,4.7,5.025,10
2026-07-26 19:15:00,2026-07-26 19:45:00,0.75,5.7,5.766666666666667,19
2026-07-26 21:15:00,2026-07-26 21:30:00,0.5,5.3,5.4,21
2026-07-27 01:15:00,2026-07-27 03:30:00,2.5,4.2,4.619999999999999,1
2026-07-27 09:15:00,2026-07-27 09:45:00,0.75,4.4,4.7,9
2026-07-27 23:00:00,2026-07-28 05:45:00,7.0,3.5,4.917857142857144,23
2026-07-28 09:30:00,2026-07-28 14:15:00,5.0,4.8,5.909999999999999,9
2026-07-28 19:30:00,2026-07-28 20:30:00,1.25,5.8,6.04,19
2026-07-28 22:30:00,2026-07-29 00:30:00,2.25,4.9,5.266666666666667,22
2026-07-29 02:15:00,2026-07-29 05:30:00,3.5,4.1,4.428571428571428,2
2026-07-29 11:45:00,2026-07-29 14:45:00,3.25,6.1,6.592307692307693,11
2026-07-29 23:15:00,2026-07-30 00:30:00,1.5,5.7,5.95,23
2026-07-30 06:30:00,2026-07-30 08:30:00,2.25,4.7,4.9,6
2026-07-30 15:00:00,2026-07-30 16:00:00,1.25,5.7,5.98,15
2026-07-30 20:15:00,2026-07-31 04:30:00,8.5,3.9,4.876470588235294,20
2026-07-31 06:00:00,2026-07-31 07:15:00,1.5,3.8,4.133333333333333,6
2026-07-31 10:00:00,2026-07-31 10:30:00,0.75,5.0,5.066666666666666,10
2026-07-31 15:15:00,2026-07-31 16:00:00,1.0,6.5,6.824999999999999,15
2026-07-31 21:00:00,2026-07-31 22:15:00,1.5,4.9,5.550000000000001,21
2026-07-31 23:45:00,2026-08-01 01:30:00,2.0,5.0,5.2125,23
2026-08-01 06:30:00,2026-08-01 09:00:00,2.75,4.2,4.945454545454545,6
2026-08-01 17:00:00,2026-08-01 18:30:00,1.75,7.7,8.1,17
2026-08-02 00:45:00,2026-08-02 02:45:00,2.25,5.7,5.988888888888889,0
2026-08-02 07:30:00,2026-08-02 08:15:00,1.0,5.0,5.075,7
2026-08-02 10:15:00,2026-08-02 10:30:00,0.5,5.0,5.1,10
2026-08-02 12:45:00,2026-08-02 14:00:00,1.5,5.4,6.183333333333334,12
2026-08-02 17:15:00,2026-08-02 17:30:00,0.5,7.0,7.1,17
2026-08-03 01:15:00,2026-08-03 05:15:00,4.25,4.3,5.029411764705882,1
2026-08-03 07:30:00,2026-08-03 12:00:00,4.75,4.4,5.226315789473684,7
2026-08-03 16:45:00,2026-08-03 19:45:00,3.25,5.4,7.3769230769230765,16
2026-08-03 21:15:00,2026-08-04 01:45:00,4.75,4.1,5.205263157894737,21
2026-08-04 03:15:00,2026-08-04 05:15:00,2.25,3.3,4.488888888888889,3
2026-08-04 09:45:00,2026-08-04 12:00:00,2.5,4.4,4.97,9
2026-08-04 16:15:00,2026-08-04 18:15:00,2.25,7.6,7.822222222222221,16
2026-08-04 20:00:00,2026-08-04 20:45:00,1.0,6.4,6.625,20
2026-08-04 23:00:00,2026-08-04 23:45:00,1.0,5.6,5.75,23
2026-08-05 04:30:00,2026-08-05 06:00:00,1.75,4.4,4.628571428571428,4
2026-08-05 14:45:00,2026-08-05 20:00:00,5.5,5.5,6.259090909090909,14
2026-08-05 21:30:00,2026-08-05 22:15:00,1.0,5.1,5.35,21
2026-08-06 03:00:00,2026-08-06 09:00:00,6.25,2.8,3.9599999999999995,3
2026-08-06 15:15:00,2026-08-06 21:15:00,6.25,5.8,6.664000000000001,15
2026-08-07 03:15:00,2026-08-07 08:30:00,5.5,2.8,4.345454545454545,3
2026-08-07 11:45:00,2026-08-07 12:30:00,1.0,3.8,4.175,11
2026-08-07 14:00:00,2026-08-07 15:00:00,1.25,5.6,6.4,14
2026-08-07 17:45:00,2026-08-07 20:45:00,3.25,6.0,6.661538461538462,17
2026-08-08 06:30:00,2026-08-08 09:30:00,3.25,3.1,4.038461538461538,6
2026-08-08 13:00:00,2026-08-08 13:30:00,0.75,4.8,5.466666666666666,13
2026-08-08 18:30:00,2026-08-08 19:45:00,1.5,6.3,6.75,18
2026-08-08 21:15:00,2026-08-08 22:00:00,1.0,5.6,5.9,21
2026-08-09 09:45:00,2026-08-09 11:45:00,2.25,3.4,3.9777777777777783,9
2026-08-09 18:00:00,2026-08-09 20:45:00,3.0,5.7,6.266666666666667,18
2026-08-10 08:45:00,2026-08-10 12:15:00,3.75,4.1,4.54,8
2026-08-10 19:15:00,2026-08-10 21:00:00,2.0,5.7,6.0625,19
2026-08-11 20:15:00,2026-08-12 01:30:00,5.5,4.4,5.199999999999999,20
2026-08-12 21:00:00,2026-08-12 22:45:00,2.0,5.4,5.762500000000001,21
2026-08-13 04:30:00,2026-08-13 05:30:00,1.25,4.1,4.5,4
2026-08-13 14:15:00,2026-08-13 15:45:00,1.75,4.9,5.228571428571429,14
2026-08-13 19:30:00,2026-08-14 01:00:00,5.75,5.1,5.826086956521739,19
2026-08-14 05:30:00,2026-08-14 07:30:00,2.25,4.4,4.588888888888889,5
2026-08-14 19:15:00,2026-08-14 20:30:00,1.5,7.0,7.2,19
2026-08-14 22:15:00,2026-08-14 22:45:00,0.75,6.2,6.3,22
2026-08-15 01:00:00,2026-08-15 04:00:00,3.25,5.3,5.707692307692308,1
2026-08-15 05:30:00,2026-08-15 06:00:00,0.75,5.0,5.166666666666667,5
2026-08-15 08:00:00,2026-08-15 08:30:00,0.75,5.1,5.233333333333333,8
2026-08-15 11:15:00,2026-08-15 13:00:00,2.0,5.8,6.2125,11
2026-08-15 14:30:00,2026-08-15 18:00:00,3.75,6.7,7.2666666666666675,14
2026-08-15 19:30:00,2026-08-16 06:45:00,11.5,4.6,5.893478260869566,19
2026-08-16 12:00:00,2026-08-16 13:45:00,2.0,5.6,6.625,12
2026-08-16 16:30:00,2026-08-16 21:00:00,4.75,5.9,6.58421052631579,16
2026-08-17 01:00:00,2026-08-17 02:30:00,1.75,4.4,4.614285714285714,1
2026-08-17 05:45:00,2026-08-17 06:30:00,1.0,3.9,4.15,5
2026-08-17 16:00:00,2026-08-17 16:15:00,0.5,6.3,6.5,16
2026-08-17 17:45:00,2026-08-18 05:00:00,11.5,3.5,5.019565217391304,17
2026-08-18 16:00:00,2026-08-18 20:00:00,4.25,6.3,7.029411764705882,16
2026-08-18 21:30:00,2026-08-18 22:00:00,0.75,5.6,5.7,21
2026-08-19 01:45:00,2026-08-19 06:15:00,4.75,2.9,4.536842105263159,1
2026-08-19 13:30:00,2026-08-19 15:00:00,1.75,8.2,8.757142857142856,13
2026-08-19 16:30:00,2026-08-19 19:15:00,3.0,7.0,8.283333333333333,16
2026-08-19 20:45:00,2026-08-19 23:00:00,2.5,5.6,6.23,20
2026-08-20 00:30:00,2026-08-20 07:15:00,7.0,3.2,4.525,0
2026-08-20 16:30:00,2026-08-21 01:45:00,9.5,4.3,6.413157894736844,16
2026-08-21 03:45:00,2026-08-21 05:45:00,2.25,3.4,3.8666666666666663,3
2026-08-21 09:45:00,2026-08-21 14:00:00,4.5,3.8,6.127777777777778,9
2026-08-21 15:45:00,2026-08-21 17:45:00,2.25,5.9,6.533333333333333,15
2026-08-21 19:15:00,2026-08-21 23:00:00,4.0,4.9,5.36875,19
2026-08-22 00:45:00,2026-08-22 02:30:00,2.0,4.2,4.475,0
2026-08-22 05:45:00,2026-08-22 11:30:00,6.0,3.2,3.9875000000000003,5
2026-08-22 15:30:00,2026-08-22 16:30:00,1.25,6.7,6.860000000000001,15
2026-08-22 18:00:00,2026-08-22 23:45:00,6.0,4.8,5.666666666666667,18
2026-08-23 03:00:00,2026-08-23 04:15:00,1.5,4.5,4.583333333333333,3
2026-08-23 06:00:00,2026-08-23 07:15:00,1.5,3.9,4.166666666666667,6
2026-08-23 15:30:00,2026-08-24 02:45:00,11.5,4.2,5.51304347826087,15
2026-08-24 04:15:00,2026-08-24 06:15:00,2.25,3.4,3.7222222222222223,4
2026-08-24 12:30:00,2026-08-24 13:15:00,1.0,5.0,5.475,12
2026-08-24 14:45:00,2026-08-24 20:30:00,6.0,4.3,5.129166666666666,14
2026-08-24 22:15:00,2026-08-24 22:30:00,0.5,3.9,4.0,22
2026-08-25 00:15:00,2026-08-25 02:45:00,2.75,3.3,3.6999999999999997,0
