mulai,selesai,durasi_jam,nilai_min,nilai_rata,jam_mulai
2020-01-01 07:15:00,2020-01-01 08:30:00,1.5,8.1,8.266666666666667,7
2020-01-01 13:30:00,2020-01-01 15:15:00,2.0,8.9,9.149999999999999,13
2020-01-02 07:00:00,2020-01-02 09:45:00,3.0,7.0,7.591666666666668,7
2020-01-04 02:45:00,2020-01-04 04:45:00,2.25,5.3,6.222222222222222,2
2020-01-04 07:00:00,2020-01-04 08:15:00,1.5,5.6,6.5,7
2020-01-04 16:45:00,2020-01-04 18:15:00,1.75,8.0,8.442857142857143,16
2020-01-05 15:45:00,2020-01-05 17:30:00,2.0,9.0,9.2875,15
2020-01-06 11:15:00,2020-01-06 11:30:00,0.5,9.4,9.55,11
2020-01-06 19:00:00,2020-01-06 20:00:00,1.25,9.7,9.780000000000001,19
2020-01-07 23:30:00,2020-01-08 01:45:00,2.5,8.3,8.69,23
2020-01-08 05:45:00,2020-01-08 06:30:00,1.0,8.0,8.225000000000001,5
2020-01-08 12:00:00,2020-01-08 12:30:00,0.75,8.8,8.933333333333332,12
2020-01-09 02:15:00,2020-01-09 04:00:00,2.0,7.9,8.45,2
2020-01-10 03:15:00,2020-01-10 05:45:00,2.75,7.1,7.709090909090907,3
2020-01-10 07:30:00,2020-01-10 08:30:00,1.25,6.4,6.9,7
2020-01-11 00:00:00,2020-01-11 01:00:00,1.25,8.4,8.58,0
2020-01-11 04:45:00,2020-01-11 07:30:00,3.0,6.3,7.433333333333334,4
2020-01-11 23:45:00,2020-01-12 00:15:00,0.75,6.5,7.3999999999999995,23
2020-01-12 01:45:00,2020-01-12 05:00:00,3.5,6.3,6.8428571428571425,1
2020-01-12 06:30:00,2020-01-12 07:30:00,1.25,5.8,5.98,6
2020-01-12 13:15:00,2020-01-12 15:15:00,2.25,6.8,7.111111111111111,13
2020-01-12 23:30:00,2020-01-13 07:30:00,8.25,5.4,7.375757575757576,23
2020-01-13 09:30:00,2020-01-13 11:00:00,1.75,5.7,5.871428571428572,9
2020-01-13 15:00:00,2020-01-13 18:15:00,3.5,7.0,7.5928571428571425,15
2020-01-13 23:45:00,2020-01-14 01:30:00,2.0,7.5,7.9625,23
2020-01-14 03:15:00,2020-01-14 05:00:00,2.0,5.7,7.15,3
2020-01-14 07:00:00,2020-01-14 07:15:00,0.5,6.2,6.4,7
2020-01-14 09:30:00,2020-01-14 11:00:00,1.75,5.7,6.699999999999998,9
2020-01-14 21:15:00,2020-01-14 22:15:00,1.25,8.0,8.6,21
2020-01-15 00:15:00,2020-01-15 01:00:00,1.0,8.2,8.425,0
2020-01-15 06:15:00,2020-01-15 09:45:00,3.75,5.2,7.613333333333333,6
2020-01-15 11:15:00,2020-01-15 15:15:00,4.25,7.4,8.370588235294118,11
2020-01-15 22:15:00,2020-01-16 01:15:00,3.25,7.9,8.292307692307693,22
2020-01-16 03:00:00,2020-01-16 05:00:00,2.25,6.3,7.533333333333333,3
2020-01-16 09:15:00,2020-01-16 10:15:00,1.25,7.3,7.58,9
2020-01-17 11:45:00,2020-01-17 12:45:00,1.25,7.8,7.959999999999999,11
2020-01-17 17:45:00,2020-01-17 18:00:00,0.5,8.2,8.3,17
2020-01-18 00:00:00,2020-01-18 01:45:00,2.0,6.8,7.5,0
2020-01-18 04:45:00,2020-01-18 06:15:00,1.75,7.3,7.642857142857143,4
2020-01-18 20:15:00,2020-01-19 01:15:00,5.25,6.5,7.5476190476190474,20
2020-01-19 03:30:00,2020-01-19 05:15:00,2.0,6.7,7.1875,3
2020-01-19 19:00:00,2020-01-19 19:30:00,0.75,9.2,9.266666666666667,19
2020-01-20 00:30:00,2020-01-20 01:30:00,1.25,8.6,8.8,0
2020-01-20 19:15:00,2020-01-20 20:00:00,1.0,10.0,10.125,19
2020-01-21 03:15:00,2020-01-21 03:45:00,0.75,10.0,10.066666666666666,3
2020-01-22 02:30:00,2020-01-22 02:45:00,0.5,10.2,10.45,2
2020-01-22 04:45:00,2020-01-22 05:30:00,1.0,10.3,10.375,4
2020-01-23 03:15:00,2020-01-23 03:30:00,0.5,10.4,10.55,3
2020-01-23 05:15:00,2020-01-23 07:45:00,2.75,9.8,10.30909090909091,5
2020-01-24 01:00:00,2020-01-24 04:45:00,4.0,9.3,9.68125,1
2020-01-24 06:15:00,2020-01-24 10:45:00,4.75,8.8,9.442105263157893,6
2020-01-24 16:45:00,2020-01-24 17:15:00,0.75,10.0,10.133333333333333,16
2020-01-24 18:45:00,2020-01-24 23:30:00,5.0,9.8,10.365000000000002,18
2020-01-25 01:00:00,2020-01-25 06:00:00,5.25,7.9,8.647619047619049,1
2020-01-25 19:00:00,2020-01-26 01:00:00,6.25,9.3,10.084000000000001,19
2020-01-26 05:45:00,2020-01-26 06:30:00,1.0,8.7,8.975,5
2020-01-26 08:00:00,2020-01-26 11:00:00,3.25,7.8,8.53076923076923,8
2020-01-27 01:15:00,2020-01-27 01:30:00,0.5,9.1,9.2,1
2020-01-27 03:30:00,2020-01-27 11:30:00,8.25,7.4,8.524242424242425,3
2020-01-28 01:15:00,2020-01-28 02:00:00,1.0,8.8,9.225,1
2020-01-28 04:00:00,2020-01-28 09:30:00,5.75,8.0,8.878260869565219,4
2020-01-28 23:30:00,2020-01-29 00:15:00,1.0,9.5,9.649999999999999,23
2020-01-29 04:15:00,2020-01-29 05:15:00,1.25,8.9,9.0,4
2020-01-29 06:45:00,2020-01-29 08:00:00,1.5,8.4,8.733333333333333,6
2020-01-30 02:30:00,2020-01-30 04:45:00,2.5,8.0,8.65,2
2020-01-30 08:00:00,2020-01-30 09:30:00,1.75,8.4,8.642857142857144,8
2020-01-31 00:00:00,2020-01-31 00:45:00,1.0,9.2,9.325,0
2020-01-31 19:00:00,2020-01-31 19:30:00,0.75,9.0,9.200000000000001,19
2020-02-01 05:00:00,2020-02-01 05:15:00,0.5,8.4,8.55,5
2020-02-02 02:45:00,2020-02-02 03:00:00,0.5,9.1,9.2,2
2020-02-02 12:00:00,2020-02-02 13:15:00,1.5,9.6,9.799999999999999,12
2020-02-03 17:45:00,2020-02-03 19:15:00,1.75,9.9,10.142857142857142,17
2020-02-04 05:00:00,2020-02-04 08:45:00,4.0,7.7,8.0875,5
2020-02-04 11:45:00,2020-02-04 12:15:00,0.75,9.0,9.2,11
2020-02-04 14:15:00,2020-02-04 15:30:00,1.5,9.5,9.700000000000001,14
2020-02-04 17:00:00,2020-02-04 17:45:00,1.0,9.6,9.850000000000001,17
2020-02-04 21:00:00,2020-02-04 22:15:00,1.5,8.4,8.666666666666666,21
2020-02-04 23:45:00,2020-02-05 04:15:00,4.75,6.4,7.694736842105263,23
2020-02-05 05:45:00,2020-02-05 08:45:00,3.25,5.2,6.246153846153846,5
2020-02-05 16:45:00,2020-02-05 19:00:00,2.5,8.1,8.37,16
2020-02-05 21:00:00,2020-02-06 09:15:00,12.5,6.2,7.070000000000001,21
2020-02-06 16:15:00,2020-02-06 17:30:00,1.5,7.8,7.8999999999999995,16
2020-02-07 07:45:00,2020-02-07 09:15:00,1.75,8.6,9.100000000000001,7
2020-02-07 20:15:00,2020-02-07 21:45:00,1.75,9.5,10.014285714285716,20
2020-02-08 00:30:00,2020-02-08 03:30:00,3.25,8.9,9.330769230769231,0
2020-02-08 05:30:00,2020-02-08 06:00:00,0.75,8.3,8.466666666666667,5
2020-02-08 22:15:00,2020-02-08 23:30:00,1.5,10.0,10.25,22
2020-02-09 03:00:00,2020-02-09 06:00:00,3.25,8.8,9.407692307692308,3
2020-02-09 08:15:00,2020-02-09 08:45:00,0.75,8.8,9.066666666666668,8
2020-02-10 02:45:00,2020-02-10 06:30:00,4.0,7.6,8.4125,2
2020-02-10 08:00:00,2020-02-10 08:30:00,0.75,7.3,7.433333333333334,8
2020-02-10 10:15:00,2020-02-10 11:15:00,1.25,7.7,7.980000000000001,10
2020-02-11 01:00:00,2020-02-11 02:30:00,1.75,8.4,8.642857142857142,1
2020-02-11 06:00:00,2020-02-11 11:00:00,5.25,5.3,6.504761904761905,6
2020-02-11 13:15:00,2020-02-11 14:00:00,1.0,7.2,7.375,13
2020-02-12 00:30:00,2020-02-12 02:15:00,2.0,7.0,7.1625,0
2020-02-12 04:00:00,2020-02-12 04:15:00,0.5,6.4,6.800000000000001,4
2020-02-12 08:15:00,2020-02-12 09:45:00,1.75,5.0,5.8428571428571425,8
2020-02-13 05:15:00,2020-02-13 06:30:00,1.5,7.0,7.333333333333333,5
2020-02-13 09:30:00,2020-02-13 10:45:00,1.5,4.6,6.466666666666666,9
2020-02-14 10:00:00,2020-02-14 11:15:00,1.5,8.2,8.516666666666667,10
2020-02-14 14:00:00,2020-02-14 14:30:00,0.75,9.1,9.299999999999999,14
2020-02-14 22:30:00,2020-02-14 23:00:00,0.75,9.0,9.166666666666666,22
2020-02-15 22:15:00,2020-02-15 23:15:00,1.25,9.4,9.540000000000001,22
2020-02-16 01:45:00,2020-02-16 02:45:00,1.25,9.1,9.22,1
2020-02-16 04:15:00,2020-02-16 04:45:00,0.75,8.7,8.833333333333334,4
2020-02-16 07:15:00,2020-02-16 08:30:00,1.5,8.5,8.766666666666666,7
2020-02-16 19:15:00,2020-02-16 21:30:00,2.5,8.2,8.47,19
2020-02-17 00:30:00,2020-02-17 03:45:00,3.5,8.0,8.3,0
2020-02-17 05:15:00,2020-02-17 09:45:00,4.75,7.9,8.089473684210526,5
2020-02-17 16:00:00,2020-02-17 17:30:00,1.75,9.2,9.471428571428572,16
2020-02-18 00:00:00,2020-02-18 00:45:00,1.0,8.0,8.3,0
2020-02-18 02:45:00,2020-02-18 06:00:00,3.5,6.0,7.0928571428571425,2
2020-02-18 09:30:00,2020-02-18 10:45:00,1.5,7.3,7.983333333333334,9
2020-02-18 17:15:00,2020-02-18 21:30:00,4.5,8.1,9.21111111111111,17
2020-02-18 23:15:00,2020-02-19 02:15:00,3.25,8.1,8.638461538461538,23
2020-02-19 03:45:00,2020-02-19 07:45:00,4.25,6.2,7.652941176470588,3
2020-02-19 17:45:00,2020-02-19 20:45:00,3.25,8.5,9.338461538461537,17
2020-02-19 22:15:00,2020-02-20 02:45:00,4.75,6.1,7.468421052631579,22
2020-02-20 04:45:00,2020-02-20 06:30:00,2.0,6.5,7.025,4
2020-02-20 14:15:00,2020-02-20 15:00:00,1.0,8.2,8.350000000000001,14
2020-02-22 12:45:00,2020-02-22 15:45:00,3.25,10.5,10.900000000000002,12
2020-02-22 18:15:00,2020-02-22 18:30:00,0.5,11.1,11.2,18
2020-02-22 22:30:00,2020-02-22 22:45:00,0.5,10.7,10.8,22
2020-02-23 02:00:00,2020-02-23 05:45:00,4.0,9.7,10.11875,2
2020-02-23 07:15:00,2020-02-23 07:45:00,0.75,9.9,10.066666666666665,7
2020-02-23 22:45:00,2020-02-23 23:15:00,0.75,10.8,10.933333333333332,22
2020-02-24 02:00:00,2020-02-24 03:45:00,2.0,10.2,10.5375,2
2020-02-24 06:00:00,2020-02-24 10:45:00,5.0,6.9,9.315000000000001,6
2020-02-24 22:00:00,2020-02-24 22:15:00,0.5,10.4,10.5,22
2020-02-24 23:45:00,2020-02-25 01:15:00,1.75,9.6,9.957142857142856,23
2020-02-25 03:30:00,2020-02-25 10:30:00,7.25,6.3,8.517241379310345,3
2020-02-25 15:15:00,2020-02-25 19:15:00,4.25,8.7,9.341176470588236,15
2020-02-25 21:45:00,2020-02-26 04:00:00,6.5,7.8,8.953846153846154,21
2020-02-26 06:30:00,2020-02-26 07:15:00,1.0,5.9,7.35,6
2020-02-26 09:15:00,2020-02-26 10:15:00,1.25,7.9,8.4,9
2020-02-26 11:45:00,2020-02-26 14:15:00,2.75,9.0,9.481818181818182,11
2020-02-26 17:30:00,2020-02-26 18:30:00,1.25,9.1,9.440000000000001,17
2020-02-27 11:30:00,2020-02-27 15:45:00,4.5,8.4,10.399999999999999,11
2020-02-27 18:30:00,2020-02-27 18:45:00,0.5,11.0,11.1,18
2020-02-27 22:30:00,2020-02-27 23:00:00,0.75,8.4,8.833333333333334,22
2020-02-28 02:00:00,2020-02-28 02:45:00,1.0,10.0,10.25,2
2020-02-28 07:30:00,2020-02-28 08:30:00,1.25,9.6,10.040000000000001,7
2020-02-28 16:15:00,2020-02-28 17:45:00,1.75,9.9,10.357142857142858,16
2020-02-28 22:45:00,2020-02-29 01:30:00,3.0,8.6,9.408333333333333,22
2020-02-29 06:15:00,2020-02-29 08:30:00,2.5,9.0,9.139999999999999,6
2020-02-29 18:00:00,2020-02-29 19:15:00,1.5,9.9,10.250000000000002,18
2020-03-01 10:45:00,2020-03-01 12:15:00,1.75,9.9,10.200000000000001,10
2020-03-01 19:00:00,2020-03-01 21:30:00,2.75,10.0,10.581818181818182,19
2020-03-01 23:00:00,2020-03-02 00:45:00,2.0,8.8,9.4625,23
2020-03-02 04:30:00,2020-03-02 07:30:00,3.25,8.1,8.838461538461537,4
2020-03-02 09:00:00,2020-03-02 12:45:00,4.0,7.9,9.412500000000001,9
2020-03-02 14:30:00,2020-03-02 16:00:00,1.75,10.1,10.571428571428571,14
2020-03-02 17:45:00,2020-03-03 05:30:00,12.0,7.5,9.416666666666666,17
2020-03-03 13:30:00,2020-03-03 14:15:00,1.0,12.5,12.65,13
2020-03-03 17:15:00,2020-03-03 23:30:00,6.5,8.6,11.523076923076925,17
2020-03-04 01:15:00,2020-03-04 07:00:00,6.0,6.5,7.570833333333334,1
2020-03-04 11:00:00,2020-03-05 02:00:00,15.25,5.8,8.729508196721312,11
2020-03-05 09:45:00,2020-03-05 11:00:00,1.5,8.1,8.616666666666667,9
2020-03-05 17:00:00,2020-03-05 18:00:00,1.25,10.4,10.440000000000001,17
2020-03-05 20:00:00,2020-03-06 00:30:00,4.75,8.1,9.147368421052631,20
2020-03-06 03:15:00,2020-03-06 04:30:00,1.5,7.4,8.049999999999999,3
2020-03-06 06:00:00,2020-03-06 07:15:00,1.5,6.5,7.883333333333333,6
2020-03-06 18:00:00,2020-03-06 18:45:00,1.0,10.8,10.975000000000001,18
2020-03-06 20:30:00,2020-03-06 21:45:00,1.5,9.6,9.85,20
2020-03-07 02:15:00,2020-03-07 02:30:00,0.5,8.5,8.65,2
2020-03-07 10:15:00,2020-03-07 11:00:00,1.0,9.3,9.5,10
2020-03-07 16:30:00,2020-03-07 17:30:00,1.25,10.7,11.36,16
2020-03-07 19:30:00,2020-03-07 21:30:00,2.25,10.5,11.0,19
2020-03-08 01:15:00,2020-03-08 03:30:00,2.5,8.7,9.629999999999999,1
2020-03-08 05:00:00,2020-03-08 06:00:00,1.25,8.4,9.04,5
2020-03-08 21:30:00,2020-03-08 23:00:00,1.75,9.9,10.014285714285716,21
2020-03-09 01:00:00,2020-03-09 01:30:00,0.75,9.3,9.466666666666667,1
2020-03-09 03:00:00,2020-03-09 05:15:00,2.5,8.1,8.77,3
2020-03-09 06:45:00,2020-03-09 09:45:00,3.25,7.1,7.96923076923077,6
2020-03-09 20:30:00,2020-03-09 21:00:00,0.75,8.8,8.966666666666667,20
2020-03-09 23:30:00,2020-03-10 02:30:00,3.25,8.2,8.607692307692309,23
2020-03-10 04:30:00,2020-03-10 09:00:00,4.75,5.6,6.984210526315789,4
2020-03-10 17:45:00,2020-03-10 19:15:00,1.75,8.1,8.4,17
2020-03-11 00:15:00,2020-03-11 04:15:00,4.25,7.5,7.776470588235293,0
2020-03-12 01:30:00,2020-03-12 01:45:00,0.5,7.5,7.6,1
2020-03-12 18:30:00,2020-03-12 20:15:00,2.0,7.4,7.9,18
2020-03-13 03:15:00,2020-03-13 04:00:00,1.0,6.7,6.975,3
2020-03-13 07:00:00,2020-03-13 07:15:00,0.5,6.5,6.6,7
2020-03-13 18:00:00,2020-03-13 19:15:00,1.5,7.3,7.699999999999999,18
2020-03-13 21:30:00,2020-03-14 03:30:00,6.25,5.7,6.815999999999999,21
2020-03-14 10:15:00,2020-03-14 11:00:00,1.0,7.2,7.375,10
2020-03-14 16:30:00,2020-03-14 17:00:00,0.75,8.0,8.200000000000001,16
2020-03-14 19:45:00,2020-03-15 08:15:00,12.75,5.8,7.070588235294117,19
2020-03-15 20:45:00,2020-03-16 06:45:00,10.25,5.9,6.9243902439024385,20
2020-03-16 14:00:00,2020-03-16 14:45:00,1.0,8.3,8.45,14
2020-03-16 16:45:00,2020-03-16 17:00:00,0.5,8.5,8.6,16
2020-03-16 19:00:00,2020-03-17 02:30:00,7.75,6.3,7.412903225806452,19
2020-03-17 05:15:00,2020-03-17 06:15:00,1.25,4.7,5.26,5
2020-03-17 07:45:00,2020-03-17 08:45:00,1.25,5.4,5.8,7
2020-03-17 20:15:00,2020-03-17 23:15:00,3.25,6.9,7.43076923076923,20
2020-03-18 03:15:00,2020-03-18 08:30:00,5.5,3.8,5.490909090909091,3
2020-03-18 21:45:00,2020-03-19 01:00:00,3.5,6.5,7.1642857142857155,21
2020-03-19 04:15:00,2020-03-19 05:30:00,1.5,5.3,5.983333333333334,4
2020-03-19 07:45:00,2020-03-19 08:00:00,0.5,5.6,5.75,7
2020-03-20 01:30:00,2020-03-20 04:15:00,3.0,6.0,6.5249999999999995,1
2020-03-20 07:00:00,2020-03-20 08:30:00,1.75,5.1,5.857142857142857,7
2020-03-21 00:15:00,2020-03-21 03:30:00,3.5,6.1,6.6642857142857155,0
2020-03-21 05:45:00,2020-03-21 08:30:00,3.0,5.0,6.016666666666666,5
2020-03-21 10:45:00,2020-03-21 11:45:00,1.25,7.0,7.239999999999999,10
2020-03-21 17:00:00,2020-03-21 17:15:00,0.5,7.0,7.15,17
2020-03-22 05:15:00,2020-03-22 05:45:00,0.75,6.1,6.2,5
2020-03-22 11:45:00,2020-03-22 14:15:00,2.75,7.3,7.636363636363635,11
2020-03-22 15:45:00,2020-03-22 16:30:00,1.0,7.8,8.174999999999999,15
2020-03-22 19:30:00,2020-03-22 20:45:00,1.5,7.2,7.3999999999999995,19
2020-03-23 00:15:00,2020-03-23 01:00:00,1.0,6.9,7.049999999999999,0
2020-03-23 02:30:00,2020-03-23 04:30:00,2.25,6.0,6.944444444444445,2
2020-03-23 06:00:00,2020-03-23 07:00:00,1.25,6.1,6.360000000000001,6
2020-03-23 16:00:00,2020-03-23 18:30:00,2.75,7.7,8.254545454545456,16
2020-03-24 23:45:00,2020-03-25 01:00:00,1.5,7.1,7.2,23
2020-03-25 05:45:00,2020-03-25 06:30:00,1.0,6.3,6.55,5
2020-03-25 16:30:00,2020-03-25 16:45:00,0.5,8.4,8.55,16
2020-05-06 02:45:00,2020-05-06 06:00:00,3.5,6.0,6.492857142857142,2
2020-05-06 19:15:00,2020-05-06 20:15:00,1.25,7.4,7.58,19
2020-05-07 20:15:00,2020-05-07 20:30:00,0.5,7.0,7.1,20
2020-05-07 22:45:00,2020-05-08 00:00:00,1.5,6.8,6.983333333333333,22
2020-05-08 14:00:00,2020-05-08 17:45:00,4.0,6.7,7.55625,14
2020-05-09 17:00:00,2020-05-09 19:15:00,2.5,7.7,8.46,17
2020-05-09 22:00:00,2020-05-10 02:00:00,4.25,6.9,7.46470588235294,22
2020-05-10 16:45:00,2020-05-10 17:15:00,0.75,8.9,9.066666666666665,16
2020-05-10 19:00:00,2020-05-10 20:00:00,1.25,7.7,8.0,19
2020-05-10 21:45:00,2020-05-11 01:00:00,3.5,5.8,7.314285714285715,21
2020-05-11 02:30:00,2020-05-11 04:45:00,2.5,7.1,7.32,2
2020-05-11 17:15:00,2020-05-11 22:15:00,5.25,6.6,7.980952380952381,17
2020-05-11 23:45:00,2020-05-12 00:30:00,1.0,5.2,5.8999999999999995,23
2020-05-12 05:45:00,2020-05-12 06:00:00,0.5,6.4,6.6,5
2020-05-12 19:00:00,2020-05-12 21:00:00,2.25,6.9,7.777777777777778,19
2020-05-12 23:15:00,2020-05-13 02:45:00,3.75,5.8,6.473333333333333,23
2020-05-13 05:00:00,2020-05-13 05:30:00,0.75,6.0,6.1000000000000005,5
2020-05-14 01:15:00,2020-05-14 02:15:00,1.25,3.7,4.199999999999999,1
2020-05-14 04:30:00,2020-05-14 05:15:00,1.0,4.9,5.075,4
2020-05-15 03:30:00,2020-05-15 06:15:00,3.0,4.5,5.716666666666668,3
2020-05-15 08:30:00,2020-05-15 09:45:00,1.5,5.6,6.2,8
2020-05-15 22:30:00,2020-05-15 23:00:00,0.75,7.0,7.133333333333333,22
2020-05-16 01:00:00,2020-05-16 02:30:00,1.75,5.4,6.299999999999999,1
2020-05-16 04:15:00,2020-05-16 07:45:00,3.75,4.1,5.253333333333333,4
2020-05-16 22:30:00,2020-05-16 23:00:00,0.75,6.7,7.0,22
2020-05-17 01:15:00,2020-05-17 05:15:00,4.25,2.9,5.294117647058824,1
2020-05-17 06:45:00,2020-05-17 07:00:00,0.5,5.6,5.75,6
2020-05-17 09:15:00,2020-05-17 10:45:00,1.75,5.1,5.9,9
2020-05-17 15:30:00,2020-05-17 16:15:00,1.0,6.8,7.375000000000001,15
2020-05-17 18:30:00,2020-05-17 20:15:00,2.0,6.8,7.2125,18
2020-05-18 03:30:00,2020-05-18 03:45:00,0.5,5.9,6.25,3
2020-05-18 19:30:00,2020-05-18 21:30:00,2.25,7.1,7.300000000000001,19
2020-05-19 01:15:00,2020-05-19 01:45:00,0.75,6.8,6.866666666666667,1
2020-05-20 05:00:00,2020-05-20 06:30:00,1.75,6.3,6.514285714285714,5
2020-05-20 16:15:00,2020-05-20 17:00:00,1.0,7.1,7.225,16
2020-05-20 22:00:00,2020-05-21 00:00:00,2.25,6.1,6.477777777777778,22
2020-05-21 13:15:00,2020-05-21 13:30:00,0.5,7.5,7.6,13
2020-05-21 19:45:00,2020-05-21 22:15:00,2.75,6.5,7.036363636363637,19
2020-05-22 01:15:00,2020-05-22 02:30:00,1.5,6.5,6.716666666666666,1
2020-05-22 14:15:00,2020-05-22 14:45:00,0.75,7.7,7.866666666666667,14
2020-05-22 17:30:00,2020-05-23 01:00:00,7.75,5.4,6.577419354838709,17
2020-05-23 02:30:00,2020-05-23 02:45:00,0.5,5.8,5.9,2
2020-05-23 15:15:00,2020-05-23 16:00:00,1.0,7.6,7.85,15
2020-05-23 17:30:00,2020-05-23 23:15:00,6.0,5.2,6.337500000000001,17
2020-05-24 12:45:00,2020-05-24 13:30:00,1.0,7.3,7.449999999999999,12
2020-05-24 17:15:00,2020-05-24 18:00:00,1.0,6.7,7.075,17
2020-05-24 20:30:00,2020-05-25 01:30:00,5.25,4.2,5.371428571428572,20
2020-05-25 21:00:00,2020-05-25 22:45:00,2.0,4.3,5.425,21
2020-05-26 01:45:00,2020-05-26 03:15:00,1.75,5.5,5.8428571428571425,1
2020-05-26 06:15:00,2020-05-26 06:45:00,0.75,5.8,6.0,6
2020-05-26 09:15:00,2020-05-26 10:15:00,1.25,6.1,6.34,9
2020-05-26 12:30:00,2020-05-26 13:00:00,0.75,6.3,6.5,12
2020-05-26 16:15:00,2020-05-27 01:45:00,9.75,2.7,5.084615384615385,16
2020-05-27 04:00:00,2020-05-27 09:45:00,6.0,3.9,4.808333333333334,4
2020-05-27 12:15:00,2020-05-27 15:00:00,3.0,6.3,6.625,12
2020-05-27 17:45:00,2020-05-28 01:00:00,7.5,2.9,5.1866666666666665,17
2020-05-28 02:45:00,2020-05-28 04:45:00,2.25,4.3,4.7555555555555555,2
2020-05-28 18:15:00,2020-05-28 22:45:00,4.75,4.8,5.842105263157895,18
2020-05-29 00:15:00,2020-05-29 04:45:00,4.75,3.5,5.1263157894736855,0
2020-05-29 06:15:00,2020-05-29 07:00:00,1.0,4.6,4.7250000000000005,6
2020-05-29 11:00:00,2020-05-29 11:30:00,0.75,5.6,5.7,11
2020-05-29 17:45:00,2020-05-30 00:15:00,6.75,4.4,6.2407407407407405,17
2020-05-30 01:45:00,2020-05-30 09:00:00,7.5,3.5,4.656666666666666,1
2020-05-30 17:15:00,2020-05-30 18:30:00,1.5,6.5,6.733333333333333,17
2020-05-30 22:15:00,2020-05-30 23:00:00,1.0,5.5,5.7,22
2020-06-01 18:45:00,2020-06-01 20:45:00,2.25,7.0,7.2333333333333325,18
2020-06-02 01:00:00,2020-06-02 02:00:00,1.25,5.8,6.119999999999999,1
2020-06-02 16:45:00,2020-06-02 17:45:00,1.25,6.4,6.74,16
2020-06-02 20:45:00,2020-06-02 21:15:00,0.75,6.3,6.433333333333334,20
2020-06-03 06:00:00,2020-06-03 09:45:00,4.0,4.9,5.64375,6
2020-06-03 15:15:00,2020-06-03 16:00:00,1.0,7.1,7.25,15
2020-06-03 17:45:00,2020-06-03 20:45:00,3.25,6.2,6.838461538461538,17
2020-06-03 22:30:00,2020-06-03 23:30:00,1.25,6.1,6.220000000000001,22
2020-06-04 14:45:00,2020-06-04 17:30:00,3.0,6.3,6.75,14
2020-06-04 19:45:00,2020-06-04 21:45:00,2.25,5.4,5.7555555555555555,19
2020-06-05 16:15:00,2020-06-06 02:30:00,10.5,4.7,5.9904761904761905,16
2020-06-06 14:30:00,2020-06-06 15:30:00,1.25,7.3,7.4399999999999995,14
2020-06-06 18:15:00,2020-06-06 22:30:00,4.5,5.4,6.35,18
2020-06-07 13:00:00,2020-06-07 14:45:00,2.0,6.7,6.824999999999999,13
2020-06-08 17:30:00,2020-06-08 22:15:00,5.0,4.8,6.209999999999999,17
2020-06-09 00:15:00,2020-06-09 03:00:00,3.0,3.8,4.508333333333334,0
2020-06-09 07:30:00,2020-06-09 09:30:00,2.25,5.2,6.266666666666667,7
2020-06-09 17:15:00,2020-06-09 22:45:00,5.75,4.9,6.247826086956523,17
2020-06-10 02:00:00,2020-06-10 02:15:00,0.5,5.5,5.65,2
2020-06-10 04:30:00,2020-06-10 04:45:00,0.5,5.3,5.449999999999999,4
2020-06-10 10:30:00,2020-06-10 15:30:00,5.25,6.5,7.004761904761905,10
2020-06-10 17:15:00,2020-06-10 23:30:00,6.5,4.9,6.519230769230769,17
2020-06-11 02:15:00,2020-06-11 03:00:00,1.0,5.4,5.5,2
2020-06-11 17:30:00,2020-06-11 22:45:00,5.5,5.1,6.727272727272726,17
2020-06-12 00:15:00,2020-06-12 02:45:00,2.75,5.6,6.0181818181818185,0
2020-06-12 16:45:00,2020-06-12 18:00:00,1.5,7.5,7.816666666666667,16
2020-06-12 21:30:00,2020-06-13 05:30:00,8.25,4.4,6.209090909090908,21
2020-06-13 07:15:00,2020-06-13 08:30:00,1.5,5.4,5.783333333333334,7
2020-06-13 18:45:00,2020-06-13 23:30:00,5.0,2.8,5.835,18
2020-06-14 01:15:00,2020-06-14 05:15:00,4.25,4.3,5.064705882352941,1
2020-06-14 14:15:00,2020-06-14 14:45:00,0.75,7.2,7.333333333333333,14
2020-06-14 20:45:00,2020-06-15 05:45:00,9.25,4.4,6.000000000000001,20
2020-06-15 08:15:00,2020-06-15 08:45:00,0.75,5.9,6.033333333333334,8
2020-06-15 13:00:00,2020-06-15 17:15:00,4.5,7.4,7.944444444444445,13
2020-06-15 19:45:00,2020-06-16 04:00:00,8.5,5.7,6.758823529411764,19
2020-06-16 14:30:00,2020-06-16 16:45:00,2.5,7.2,7.42,14
2020-06-16 20:45:00,2020-06-17 01:00:00,4.5,6.0,6.4944444444444445,20
2020-06-17 10:15:00,2020-06-17 11:30:00,1.5,6.6,6.766666666666667,10
2020-06-17 16:30:00,2020-06-17 17:45:00,1.5,6.4,6.6833333333333345,16
2020-06-17 19:15:00,2020-06-17 19:30:00,0.5,6.0,6.15,19
2020-06-17 21:15:00,2020-06-17 22:30:00,1.5,5.8,5.949999999999999,21
2020-06-18 13:15:00,2020-06-18 14:00:00,1.0,5.9,6.175000000000001,13
2020-06-18 17:15:00,2020-06-18 21:30:00,4.5,5.7,6.177777777777778,17
2020-06-19 00:15:00,2020-06-19 03:00:00,3.0,5.3,5.483333333333334,0
2020-06-19 19:00:00,2020-06-19 21:15:00,2.5,5.8,6.029999999999999,19
2020-06-20 09:15:00,2020-06-20 11:00:00,2.0,4.6,4.825,9
2020-06-20 15:15:00,2020-06-20 17:15:00,2.25,6.1,6.366666666666666,15
2020-06-21 10:45:00,2020-06-21 11:00:00,0.5,6.1,6.199999999999999,10
2020-06-21 14:45:00,2020-06-21 17:45:00,3.25,5.6,5.876923076923077,14
2020-06-21 20:15:00,2020-06-21 23:30:00,3.5,5.2,5.521428571428571,20
2020-06-22 11:15:00,2020-06-22 12:00:00,1.0,5.1,5.375,11
2020-06-22 15:00:00,2020-06-22 18:15:00,3.5,5.2,6.007142857142858,15
2020-06-23 17:15:00,2020-06-23 19:00:00,2.0,5.6,6.35,17
2020-06-23 20:30:00,2020-06-23 20:45:00,0.5,5.5,5.65,20
2020-06-23 22:15:00,2020-06-24 01:45:00,3.75,4.9,5.613333333333332,22
2020-06-24 03:30:00,2020-06-24 03:45:00,0.5,5.0,5.1,3
2020-06-24 05:15:00,2020-06-24 06:45:00,1.75,5.1,5.414285714285714,5
2020-06-24 18:00:00,2020-06-24 19:45:00,2.0,4.4,5.1000000000000005,18
2020-06-24 21:15:00,2020-06-25 02:00:00,5.0,3.5,4.115,21
2020-06-25 03:30:00,2020-06-25 05:00:00,1.75,3.8,4.057142857142857,3
2020-06-25 17:30:00,2020-06-25 22:00:00,4.75,4.6,5.7368421052631575,17
2020-06-26 00:15:00,2020-06-26 05:00:00,5.0,3.2,4.515,0
2020-06-26 18:30:00,2020-06-27 00:15:00,6.0,3.7,5.3875,18
2020-06-27 02:00:00,2020-06-27 02:30:00,0.75,3.7,3.866666666666667,2
2020-06-27 13:45:00,2020-06-27 14:45:00,1.25,6.0,6.3,13
2020-06-27 16:15:00,2020-06-27 17:00:00,1.0,5.8,6.0,16
2020-06-27 18:30:00,2020-06-27 23:15:00,5.0,5.2,5.9,18
2020-06-28 13:15:00,2020-06-28 14:30:00,1.5,6.5,6.833333333333333,13
2020-06-28 17:45:00,2020-06-28 18:00:00,0.5,6.5,6.6,17
2020-06-28 22:00:00,2020-06-28 23:15:00,1.5,5.7,6.016666666666667,22
2020-06-29 10:30:00,2020-06-29 11:45:00,1.5,6.2,6.383333333333334,10
2020-06-29 15:15:00,2020-06-29 16:00:00,1.0,6.3,6.5,15
2020-06-30 05:15:00,2020-06-30 08:30:00,3.5,4.0,4.728571428571428,5
2020-06-30 14:15:00,2020-06-30 15:30:00,1.5,7.5,7.683333333333334,14
2020-06-30 20:15:00,2020-06-30 20:45:00,0.75,6.4,6.633333333333333,20
2020-07-01 05:15:00,2020-07-01 06:15:00,1.25,5.1,5.660000000000001,5
2020-07-01 07:45:00,2020-07-01 10:15:00,2.75,5.3,5.9,7
2020-07-01 14:30:00,2020-07-01 17:15:00,3.0,5.9,6.5,14
2020-07-01 20:30:00,2020-07-01 22:15:00,2.0,5.1,5.4875,20
2020-07-02 01:00:00,2020-07-02 02:45:00,2.0,5.4,5.6875,1
2020-07-02 06:15:00,2020-07-02 07:00:00,1.0,5.3,5.375,6
2020-07-02 08:45:00,2020-07-02 10:00:00,1.5,6.0,6.283333333333334,8
2020-07-02 14:00:00,2020-07-02 15:30:00,1.75,7.3,7.528571428571428,14
2020-07-02 20:30:00,2020-07-02 21:15:00,1.0,6.2,6.3500000000000005,20
2020-07-02 22:45:00,2020-07-03 00:15:00,1.75,5.5,5.8999999999999995,22
2020-07-03 07:45:00,2020-07-03 08:15:00,0.75,4.8,5.033333333333334,7
2020-07-03 11:30:00,2020-07-03 13:15:00,2.0,6.8,7.1875,11
2020-07-03 18:45:00,2020-07-04 01:15:00,6.75,5.4,6.322222222222223,18
2020-07-04 03:30:00,2020-07-04 04:30:00,1.25,5.6,5.76,3
2020-07-04 14:15:00,2020-07-04 16:15:00,2.25,6.4,6.844444444444444,14
2020-07-04 17:45:00,2020-07-04 18:15:00,0.75,5.4,5.566666666666667,17
2020-07-04 20:00:00,2020-07-04 20:45:00,1.0,4.8,5.0,20
2020-07-04 23:30:00,2020-07-05 00:45:00,1.5,4.6,4.933333333333334,23
2020-07-05 10:45:00,2020-07-05 11:45:00,1.25,6.0,6.74,10
2020-07-05 17:30:00,2020-07-05 22:15:00,5.0,5.1,6.404999999999999,17
2020-07-06 01:30:00,2020-07-06 02:30:00,1.25,4.8,5.16,1
2020-07-06 04:45:00,2020-07-06 06:45:00,2.25,4.1,5.111111111111111,4
2020-07-06 11:00:00,2020-07-06 16:30:00,5.75,6.3,7.126086956521741,11
2020-07-06 18:00:00,2020-07-06 19:30:00,1.75,6.2,6.6571428571428575,18
2020-07-06 22:15:00,2020-07-06 22:45:00,0.75,5.5,5.733333333333333,22
2020-07-07 04:30:00,2020-07-07 05:30:00,1.25,5.4,5.640000000000001,4
2020-07-07 10:00:00,2020-07-07 10:45:00,1.0,6.3,6.4,10
2020-07-07 16:00:00,2020-07-08 06:00:00,14.25,4.9,6.233333333333333,16
2020-07-08 13:00:00,2020-07-08 16:00:00,3.25,7.0,7.446153846153846,13
2020-07-08 19:30:00,2020-07-08 20:00:00,0.75,6.5,6.633333333333333,19
2020-07-08 21:30:00,2020-07-08 23:30:00,2.25,4.7,5.355555555555556,21
2020-07-09 03:00:00,2020-07-09 05:00:00,2.25,4.7,4.966666666666667,3
2020-07-09 09:30:00,2020-07-09 12:15:00,3.0,6.3,6.625,9
2020-07-09 14:00:00,2020-07-09 14:45:00,1.0,6.3,7.05,14
2020-07-30 16:00:00,2020-07-30 16:45:00,1.0,7.2,7.3999999999999995,16
2020-08-01 04:00:00,2020-08-01 06:00:00,2.25,5.5,5.666666666666668,4
2020-08-01 09:00:00,2020-08-01 09:15:00,0.5,5.9,6.1,9
2020-08-01 13:15:00,2020-08-01 15:30:00,2.5,6.8,7.649999999999999,13
2020-08-01 18:45:00,2020-08-01 22:45:00,4.25,5.5,6.352941176470588,18
2020-08-02 00:30:00,2020-08-02 04:30:00,4.25,5.4,5.617647058823529,0
2020-08-02 14:45:00,2020-08-02 23:30:00,9.0,5.0,6.08888888888889,14
2020-08-03 01:15:00,2020-08-03 04:15:00,3.25,4.4,5.007692307692308,1
2020-08-03 16:30:00,2020-08-03 17:45:00,1.5,5.6,6.3500000000000005,16
2020-08-03 19:15:00,2020-08-03 20:00:00,1.0,5.4,5.65,19
2020-08-03 21:45:00,2020-08-04 00:00:00,2.5,4.8,4.9399999999999995,21
2020-08-04 03:15:00,2020-08-04 07:30:00,4.5,4.3,4.666666666666666,3
2020-08-04 16:30:00,2020-08-04 21:45:00,5.5,5.6,6.363636363636362,16
2020-08-04 23:15:00,2020-08-05 03:15:00,4.25,4.5,5.311764705882353,23
2020-08-05 07:15:00,2020-08-05 08:00:00,1.0,4.4,4.825,7
2020-08-05 18:30:00,2020-08-05 19:00:00,0.75,6.8,6.966666666666666,18
2020-08-05 21:00:00,2020-08-06 03:30:00,6.75,4.8,5.511111111111112,21
2020-08-06 08:15:00,2020-08-06 08:30:00,0.5,4.7,4.95,8
2020-08-06 11:45:00,2020-08-06 12:15:00,0.75,5.6,6.0,11
2020-08-06 18:30:00,2020-08-07 00:00:00,5.75,5.0,5.978260869565218,18
2020-08-07 01:45:00,2020-08-07 05:00:00,3.5,4.5,5.021428571428571,1
2020-08-07 08:30:00,2020-08-07 11:15:00,3.0,4.4,4.75,8
2020-08-07 12:45:00,2020-08-07 13:15:00,0.75,5.0,5.233333333333333,12
2020-08-07 18:15:00,2020-08-07 18:45:00,0.75,5.9,6.400000000000001,18
2020-08-07 21:00:00,2020-08-07 22:45:00,2.0,5.3,5.625,21
2020-08-08 02:15:00,2020-08-08 06:30:00,4.5,4.5,4.805555555555555,2
2020-08-08 08:00:00,2020-08-08 08:30:00,0.75,4.4,4.533333333333334,8
2020-08-08 11:15:00,2020-08-08 11:30:00,0.5,4.7,4.800000000000001,11
2020-08-08 16:45:00,2020-08-08 23:15:00,6.75,3.8,5.718518518518518,16
2020-08-09 00:45:00,2020-08-09 07:00:00,6.5,4.2,4.8500000000000005,0
2020-08-09 10:15:00,2020-08-09 11:15:00,1.25,4.9,5.140000000000001,10
2020-08-09 17:45:00,2020-08-09 23:00:00,5.5,5.2,6.2318181818181815,17
2020-08-10 01:15:00,2020-08-10 04:15:00,3.25,4.6,4.892307692307692,1
2020-08-10 05:45:00,2020-08-10 07:30:00,2.0,4.0,4.35,5
2020-08-10 10:00:00,2020-08-10 12:00:00,2.25,4.9,5.788888888888889,10
2020-08-10 15:30:00,2020-08-10 19:00:00,3.75,6.0,6.64,15
2020-08-10 21:45:00,2020-08-11 00:15:00,2.75,4.9,5.090909090909091,21
2020-08-11 04:45:00,2020-08-11 06:00:00,1.5,4.3,4.666666666666667,4
2020-08-11 09:15:00,2020-08-11 10:30:00,1.5,4.9,5.3,9
2020-08-11 16:30:00,2020-08-12 08:15:00,16.0,4.2,5.5859375,16
2020-08-12 11:45:00,2020-08-12 12:30:00,1.0,6.3,6.45,11
2020-08-12 16:00:00,2020-08-12 21:30:00,5.75,5.5,6.678260869565219,16
2020-08-12 23:30:00,2020-08-13 01:00:00,1.75,5.5,5.771428571428572,23
2020-08-13 03:45:00,2020-08-13 08:00:00,4.5,4.6,5.277777777777777,3
2020-08-13 15:00:00,2020-08-13 22:30:00,7.75,4.8,6.064516129032258,15
2020-08-14 05:30:00,2020-08-14 07:45:00,2.5,4.4,4.71,5
2020-08-14 10:30:00,2020-08-14 11:45:00,1.5,5.5,5.666666666666667,10
2020-08-14 14:45:00,2020-08-14 22:30:00,8.0,4.4,5.3875,14
2020-08-15 00:00:00,2020-08-15 00:30:00,0.75,4.2,4.333333333333333,0
2020-08-15 03:45:00,2020-08-15 05:00:00,1.5,4.8,5.416666666666667,3
2020-08-15 09:45:00,2020-08-15 10:30:00,1.0,5.2,5.575,9
2020-08-15 14:00:00,2020-08-15 14:45:00,1.0,6.2,6.625,14
2020-08-15 16:15:00,2020-08-15 16:30:00,0.5,6.3,6.4,16
2020-08-15 18:00:00,2020-08-16 07:15:00,13.5,3.5,4.7370370370370365,18
2020-08-16 09:45:00,2020-08-16 11:15:00,1.75,5.4,5.885714285714285,9
2020-08-16 14:45:00,2020-08-16 17:15:00,2.75,7.6,8.018181818181818,14
2020-08-16 18:45:00,2020-08-16 20:30:00,2.0,5.8,6.800000000000001,18
2020-08-17 00:00:00,2020-08-17 05:15:00,5.5,4.6,5.654545454545455,0
2020-08-17 08:00:00,2020-08-17 10:00:00,2.25,5.5,5.944444444444445,8
2020-08-17 12:00:00,2020-08-17 13:45:00,2.0,6.2,6.8875,12
2020-08-17 15:30:00,2020-08-18 01:00:00,9.75,5.1,7.0538461538461545,15
2020-08-18 05:15:00,2020-08-18 06:45:00,1.75,5.8,5.942857142857143,5
2020-08-18 12:15:00,2020-08-18 13:30:00,1.5,6.5,7.066666666666666,12
2020-08-18 18:30:00,2020-08-19 00:00:00,5.75,5.2,5.860869565217392,18
2020-08-19 02:15:00,2020-08-19 04:00:00,2.0,4.8,5.050000000000001,2
2020-08-19 13:15:00,2020-08-19 14:00:00,1.0,6.3,6.3999999999999995,13
2020-08-19 19:00:00,2020-08-20 00:30:00,5.75,4.4,5.443478260869565,19
2020-08-20 02:00:00,2020-08-20 06:45:00,5.0,4.0,4.925000000000001,2
2020-08-20 11:45:00,2020-08-20 13:45:00,2.25,4.7,4.833333333333333,11
2020-08-20 17:45:00,2020-08-21 05:00:00,11.5,3.2,4.710869565217391,17
2020-08-21 09:45:00,2020-08-21 11:00:00,1.5,4.7,5.033333333333333,9
2020-08-21 18:00:00,2020-08-21 21:00:00,3.25,5.5,6.638461538461538,18
2020-08-22 01:45:00,2020-08-22 05:45:00,4.25,4.8,5.482352941176471,1
2020-08-22 07:30:00,2020-08-22 09:45:00,2.5,4.1,5.51,7
2020-08-22 16:00:00,2020-08-22 17:00:00,1.25,7.0,7.12,16
2020-08-22 20:00:00,2020-08-23 00:15:00,4.5,5.4,5.988888888888889,20
2020-08-23 01:45:00,2020-08-23 02:00:00,0.5,5.5,5.6,1
2020-08-23 03:45:00,2020-08-23 07:45:00,4.25,2.9,4.523529411764706,3
2020-08-23 10:00:00,2020-08-23 12:00:00,2.25,3.9,5.266666666666667,10
2020-08-23 17:30:00,2020-08-23 19:15:00,2.0,5.7,6.05,17
2020-08-23 22:45:00,2020-08-24 00:45:00,2.25,5.5,5.9222222222222225,22
2020-08-24 06:00:00,2020-08-24 09:30:00,3.75,4.1,5.02,6
2020-08-24 11:30:00,2020-08-24 12:30:00,1.25,6.0,6.38,11
2020-08-24 16:30:00,2020-08-24 19:00:00,2.75,6.1,6.409090909090909,16
2020-08-24 22:30:00,2020-08-24 23:30:00,1.25,5.8,5.9399999999999995,22
2020-08-25 01:45:00,2020-08-25 03:45:00,2.25,5.0,5.366666666666667,1
2020-08-25 14:15:00,2020-08-25 20:30:00,6.5,5.4,6.376923076923077,14
2020-08-25 23:00:00,2020-08-26 05:30:00,6.75,5.1,5.625925925925924,23
2020-08-26 17:00:00,2020-08-26 20:45:00,4.0,5.2,5.90625,17
2020-09-04 12:15:00,2020-09-04 13:30:00,1.5,3.4,4.883333333333333,12
2020-09-04 15:15:00,2020-09-05 00:15:00,9.25,4.6,5.7783783783783775,15
2020-09-05 01:45:00,2020-09-05 03:15:00,1.75,3.7,4.428571428571428,1
2020-09-05 06:15:00,2020-09-05 07:15:00,1.25,4.6,4.8,6
2020-09-05 10:30:00,2020-09-05 11:45:00,1.5,5.9,6.216666666666666,10
2020-09-05 14:45:00,2020-09-05 16:15:00,1.75,6.4,6.757142857142855,14
2020-09-05 17:45:00,2020-09-06 06:30:00,13.0,4.2,5.5076923076923086,17
2020-09-06 22:30:00,2020-09-07 01:00:00,2.75,5.1,5.690909090909091,22
2020-09-07 02:30:00,2020-09-07 04:45:00,2.5,3.8,4.77,2
2020-09-07 06:30:00,2020-09-07 10:15:00,4.0,3.3,4.643750000000001,6
2020-09-07 19:30:00,2020-09-08 00:30:00,5.25,5.0,5.59047619047619,19
2020-09-08 03:00:00,2020-09-08 03:30:00,0.75,4.8,5.0,3
2020-09-08 06:00:00,2020-09-08 06:15:00,0.5,5.1,5.199999999999999,6
2020-09-08 08:00:00,2020-09-08 10:30:00,2.75,2.0,3.2818181818181817,8
2020-09-08 12:15:00,2020-09-08 13:00:00,1.0,4.3,4.95,12
2020-09-08 18:30:00,2020-09-08 23:15:00,5.0,4.9,5.344999999999999,18
2020-09-09 01:00:00,2020-09-09 08:00:00,7.25,3.6,4.768965517241378,1
2020-09-09 09:30:00,2020-09-09 10:15:00,1.0,3.8,4.725,9
2020-09-09 17:45:00,2020-09-09 19:15:00,1.75,5.9,6.285714285714286,17
2020-09-10 01:15:00,2020-09-10 01:45:00,0.75,5.3,5.633333333333333,1
2020-09-10 03:30:00,2020-09-10 04:00:00,0.75,4.4,5.066666666666667,3
2020-09-10 07:00:00,2020-09-10 13:00:00,6.25,3.1,5.1080000000000005,7
2020-09-10 16:15:00,2020-09-10 21:15:00,5.25,4.9,5.571428571428571,16
2020-09-10 23:00:00,2020-09-11 03:00:00,4.25,4.4,5.23529411764706,23
2020-09-11 04:30:00,2020-09-11 08:45:00,4.5,3.1,5.127777777777778,4
2020-09-11 14:00:00,2020-09-11 15:15:00,1.5,5.7,5.916666666666667,14
2020-09-11 17:30:00,2020-09-11 19:45:00,2.5,5.2,5.51,17
2020-09-12 06:30:00,2020-09-12 07:15:00,1.0,4.6,4.8999999999999995,6
2020-09-12 09:30:00,2020-09-12 09:45:00,0.5,4.1,4.4,9
2020-09-12 16:30:00,2020-09-12 19:45:00,3.5,4.4,5.364285714285714,16
2020-09-12 21:30:00,2020-09-12 23:45:00,2.5,4.4,4.97,21
2020-09-13 03:15:00,2020-09-13 05:15:00,2.25,4.8,5.188888888888888,3
2020-09-13 07:00:00,2020-09-13 08:15:00,1.5,4.9,5.199999999999999,7
2020-09-13 15:45:00,2020-09-13 17:45:00,2.25,6.1,6.666666666666667,15
2020-09-13 19:15:00,2020-09-13 23:30:00,4.5,5.3,5.65,19
2020-09-14 02:30:00,2020-09-14 05:15:00,3.0,5.4,5.633333333333333,2
2020-09-14 14:00:00,2020-09-14 14:30:00,0.75,6.5,6.6000000000000005,14
2020-09-14 17:45:00,2020-09-14 19:00:00,1.5,5.8,6.266666666666667,17
2020-09-15 00:00:00,2020-09-15 00:30:00,0.75,6.0,6.1000000000000005,0
2020-09-15 02:30:00,2020-09-15 04:15:00,2.0,6.1,6.300000000000001,2
2020-09-15 06:45:00,2020-09-15 07:45:00,1.25,6.3,6.4399999999999995,6
2020-09-15 18:15:00,2020-09-15 22:00:00,4.0,5.4,6.375,18
2020-09-16 17:15:00,2020-09-16 17:30:00,0.5,6.6,6.699999999999999,17
2020-09-16 19:30:00,2020-09-16 20:15:00,1.0,5.6,6.05,19
2020-09-17 02:45:00,2020-09-17 03:15:00,0.75,6.3,6.366666666666667,2
2020-09-17 18:15:00,2020-09-17 21:45:00,3.75,6.2,6.786666666666667,18
2020-09-18 00:00:00,2020-09-18 01:15:00,1.5,5.7,5.966666666666666,0
2020-09-18 03:30:00,2020-09-18 07:15:00,4.0,4.1,5.475,3
2020-09-18 16:15:00,2020-09-18 17:15:00,1.25,6.5,6.760000000000001,16
2020-09-18 19:00:00,2020-09-18 23:45:00,5.0,4.8,5.875,19
2020-09-19 04:30:00,2020-09-19 10:30:00,6.25,4.2,5.531999999999999,4
2020-09-19 16:15:00,2020-09-19 20:00:00,4.0,5.5,6.21875,16
2020-09-20 04:15:00,2020-09-20 12:45:00,8.75,5.4,6.062857142857142,4
2020-09-20 14:30:00,2020-09-20 15:30:00,1.25,6.4,6.720000000000001,14
2020-09-21 09:15:00,2020-09-21 10:15:00,1.25,6.7,7.0200000000000005,9
2020-09-21 11:45:00,2020-09-21 12:15:00,0.75,6.1,6.3,11
2020-09-21 15:15:00,2020-09-21 17:15:00,2.25,6.8,7.155555555555556,15
2020-09-22 04:00:00,2020-09-22 04:30:00,0.75,6.8,6.8999999999999995,4
2020-09-22 07:00:00,2020-09-22 10:00:00,3.25,6.4,6.838461538461538,7
2020-09-22 13:30:00,2020-09-22 15:00:00,1.75,6.8,7.271428571428571,13
2020-09-22 21:15:00,2020-09-22 22:15:00,1.25,6.8,7.1,21
2020-09-23 04:30:00,2020-09-23 05:30:00,1.25,6.3,6.7,4
2020-09-23 07:00:00,2020-09-23 07:45:00,1.0,6.4,6.5,7
2020-09-23 12:15:00,2020-09-23 16:30:00,4.5,7.0,7.355555555555558,12
2020-09-24 00:15:00,2020-09-24 05:00:00,5.0,6.5,6.765000000000001,0
2020-09-24 10:00:00,2020-09-24 14:30:00,4.75,5.7,6.373684210526316,10
2020-09-24 16:15:00,2020-09-24 18:00:00,2.0,6.0,6.35,16
2020-09-24 19:30:00,2020-09-24 21:00:00,1.75,5.9,6.028571428571429,19
2020-09-25 04:45:00,2020-09-25 05:00:00,0.5,6.5,6.6,4
2020-09-25 09:45:00,2020-09-25 14:30:00,5.0,5.4,6.2,9
2020-09-25 16:15:00,2020-09-25 18:15:00,2.25,5.0,5.388888888888889,16
2020-09-26 06:00:00,2020-09-26 06:30:00,0.75,6.3,6.866666666666667,6
2020-09-26 09:00:00,2020-09-26 11:00:00,2.25,5.1,6.022222222222222,9
2020-09-26 17:15:00,2020-09-26 18:30:00,1.5,5.8,6.3166666666666655,17
2020-09-27 06:15:00,2020-09-27 07:15:00,1.25,5.6,5.840000000000001,6
2020-09-27 12:30:00,2020-09-27 13:45:00,1.5,6.0,6.216666666666668,12
2020-09-27 15:15:00,2020-09-27 15:45:00,0.75,5.4,5.733333333333334,15
2020-09-27 17:30:00,2020-09-27 20:00:00,2.75,5.1,5.427272727272727,17
2020-09-28 08:45:00,2020-09-28 10:00:00,1.5,6.0,6.7,8
2020-09-28 16:15:00,2020-09-28 19:15:00,3.25,4.0,5.823076923076924,16
2020-09-28 21:30:00,2020-09-29 00:15:00,3.0,3.5,5.083333333333334,21
2020-09-30 03:45:00,2020-09-30 04:45:00,1.25,6.0,6.2,3
2020-09-30 15:00:00,2020-09-30 16:00:00,1.25,7.6,7.82,15
2020-09-30 18:15:00,2020-09-30 21:30:00,3.5,6.8,7.178571428571429,18
2020-10-01 03:30:00,2020-10-01 05:45:00,2.5,6.0,6.36,3
2020-10-01 08:15:00,2020-10-01 08:30:00,0.5,5.8,6.05,8
2020-10-01 16:30:00,2020-10-01 19:30:00,3.25,7.0,7.430769230769231,16
2020-10-01 22:00:00,2020-10-01 23:45:00,2.0,6.4,6.65,22
2020-10-02 01:30:00,2020-10-02 04:15:00,3.0,5.2,5.808333333333334,1
2020-10-02 07:30:00,2020-10-02 09:30:00,2.25,6.2,6.655555555555555,7
2020-10-02 17:15:00,2020-10-02 17:30:00,0.5,7.8,7.9,17
2020-10-02 19:30:00,2020-10-02 22:00:00,2.75,6.9,7.281818181818182,19
2020-10-03 01:00:00,2020-10-03 02:00:00,1.25,6.4,6.659999999999999,1
2020-10-03 03:30:00,2020-10-03 07:45:00,4.5,4.8,6.227777777777778,3
2020-10-03 10:45:00,2020-10-03 12:00:00,1.5,6.8,7.0,10
2020-10-03 17:15:00,2020-10-03 18:00:00,1.0,7.7,7.825,17
2020-10-03 22:45:00,2020-10-04 01:45:00,3.25,5.4,6.976923076923078,22
2020-10-04 03:45:00,2020-10-04 06:45:00,3.25,4.0,5.746153846153846,3
2020-10-04 08:15:00,2020-10-04 11:00:00,3.0,5.2,6.425,8
2020-10-05 01:30:00,2020-10-05 09:30:00,8.25,5.3,6.324242424242425,1
2020-10-05 22:15:00,2020-10-05 22:45:00,0.75,7.0,7.233333333333333,22
2020-10-06 00:15:00,2020-10-06 12:00:00,12.0,4.2,5.7625,0
2020-10-06 15:45:00,2020-10-06 17:15:00,1.75,5.0,5.371428571428572,15
2020-10-07 03:30:00,2020-10-07 12:30:00,9.25,3.4,4.970270270270271,3
2020-10-07 16:00:00,2020-10-07 16:45:00,1.0,5.1,5.4,16
2020-10-08 05:00:00,2020-10-08 13:00:00,8.25,3.9,4.887878787878789,5
2020-10-09 04:15:00,2020-10-09 05:00:00,1.0,4.8,4.975,4
2020-10-09 15:15:00,2020-10-09 16:30:00,1.5,4.9,5.15,15
2020-10-21 11:15:00,2020-10-21 12:15:00,1.25,4.7,5.12,11
2020-10-21 21:00:00,2020-10-21 23:30:00,2.75,5.9,6.1,21
2020-10-22 01:15:00,2020-10-22 11:45:00,10.75,5.1,5.776744186046511,1
2020-10-22 14:00:00,2020-10-22 15:15:00,1.5,5.8,5.983333333333333,14
2020-10-22 17:30:00,2020-10-22 18:00:00,0.75,5.6,5.766666666666666,17
2020-10-23 00:15:00,2020-10-23 01:30:00,1.5,5.4,5.583333333333333,0
2020-10-23 04:45:00,2020-10-23 06:45:00,2.25,4.9,5.199999999999999,4
2020-10-23 10:45:00,2020-10-23 12:15:00,1.75,5.2,6.071428571428571,10
2020-10-23 15:00:00,2020-10-23 15:30:00,0.75,5.7,6.0,15
2020-10-23 23:15:00,2020-10-24 01:45:00,2.75,5.6,5.790909090909091,23
2020-10-24 05:30:00,2020-10-24 10:00:00,4.75,4.5,5.284210526315791,5
2020-10-24 11:30:00,2020-10-24 12:15:00,1.0,4.9,5.1000000000000005,11
2020-10-24 14:15:00,2020-10-24 14:45:00,0.75,5.0,5.133333333333334,14
2020-10-24 18:00:00,2020-10-24 18:30:00,0.75,5.2,5.333333333333333,18
2020-10-25 08:15:00,2020-10-25 08:30:00,0.5,4.9,5.1,8
2020-10-25 10:30:00,2020-10-25 11:15:00,1.0,5.1,5.25,10
2020-10-25 14:15:00,2020-10-25 18:00:00,4.0,3.9,5.03125,14
2020-10-25 20:15:00,2020-10-25 21:45:00,1.75,4.8,5.228571428571428,20
2020-10-26 09:00:00,2020-10-26 10:45:00,2.0,5.1,5.5375,9
2020-10-26 15:15:00,2020-10-26 17:00:00,2.0,6.2,6.6875,15
2020-10-27 10:45:00,2020-10-27 11:15:00,0.75,4.8,5.7,10
2020-10-27 15:45:00,2020-10-27 16:45:00,1.25,6.0,6.18,15
2020-10-28 06:30:00,2020-10-28 07:15:00,1.0,6.3,6.425,6
2020-10-28 19:45:00,2020-10-28 20:00:00,0.5,6.3,6.4,19
2020-10-29 02:30:00,2020-10-29 04:15:00,2.0,5.7,6.0875,2
2020-10-29 08:15:00,2020-10-29 12:15:00,4.25,5.8,6.082352941176471,8
2020-10-29 23:00:00,2020-10-29 23:30:00,0.75,5.9,6.233333333333334,23
2020-10-30 08:30:00,2020-10-30 09:15:00,1.0,6.7,6.875,8
2020-10-30 12:45:00,2020-10-30 14:15:00,1.75,7.2,7.542857142857143,12
2020-10-30 18:30:00,2020-10-30 19:00:00,0.75,7.0,7.2,18
2020-10-31 01:00:00,2020-10-31 02:15:00,1.5,7.0,7.3500000000000005,1
2020-10-31 12:15:00,2020-10-31 13:45:00,1.75,7.6,7.928571428571428,12
2020-10-31 15:30:00,2020-10-31 17:00:00,1.75,7.7,7.971428571428571,15
2020-11-01 01:15:00,2020-11-01 01:30:00,0.5,7.3,7.4,1
2020-11-01 05:00:00,2020-11-01 06:30:00,1.75,7.2,7.485714285714287,5
2020-11-01 10:15:00,2020-11-01 12:15:00,2.25,7.8,8.02222222222222,10
2020-11-01 16:15:00,2020-11-01 17:30:00,1.5,8.1,8.316666666666666,16
2020-11-03 00:00:00,2020-11-03 01:45:00,2.0,7.7,8.0125,0
2020-11-03 07:45:00,2020-11-03 08:15:00,0.75,7.5,7.933333333333334,7
2020-11-03 12:15:00,2020-11-03 13:00:00,1.0,8.3,8.425,12
2020-11-04 03:30:00,2020-11-04 09:00:00,5.75,7.0,7.61304347826087,3
2020-11-05 02:30:00,2020-11-05 10:30:00,8.25,5.8,6.766666666666667,2
2020-11-06 03:30:00,2020-11-06 12:30:00,9.25,5.8,6.9918918918918935,3
2020-11-07 03:30:00,2020-11-07 09:45:00,6.5,6.2,6.846153846153846,3
2020-11-07 11:15:00,2020-11-07 11:30:00,0.5,6.2,6.65,11
2020-11-07 13:00:00,2020-11-07 15:15:00,2.5,6.7,7.15,13
2020-11-07 17:00:00,2020-11-07 17:15:00,0.5,6.3,6.4,17
2020-11-07 18:45:00,2020-11-07 19:15:00,0.75,6.3,6.3999999999999995,18
2020-11-07 21:15:00,2020-11-08 02:15:00,5.25,6.8,7.095238095238097,21
2020-11-08 08:15:00,2020-11-08 08:30:00,0.5,5.5,5.95,8
2020-11-08 15:00:00,2020-11-08 15:45:00,1.0,7.0,7.475,15
2020-11-08 17:15:00,2020-11-08 19:00:00,2.0,6.7,7.0,17
2020-11-08 22:45:00,2020-11-09 00:00:00,1.5,6.5,6.833333333333333,22
2020-11-09 04:45:00,2020-11-09 07:00:00,2.5,5.5,6.590000000000001,4
2020-11-09 11:15:00,2020-11-09 13:00:00,2.0,6.2,6.525,11
2020-11-09 14:30:00,2020-11-09 15:30:00,1.25,6.4,6.859999999999999,14
2020-11-09 18:00:00,2020-11-09 20:30:00,2.75,6.0,6.336363636363635,18
2020-11-09 23:30:00,2020-11-10 05:00:00,5.75,5.9,6.447826086956521,23
2020-11-10 06:30:00,2020-11-10 09:15:00,3.0,5.6,5.949999999999999,6
2020-11-10 16:15:00,2020-11-10 18:45:00,2.75,5.0,6.172727272727273,16
2020-11-10 21:00:00,2020-11-10 23:15:00,2.5,4.8,5.84,21
2020-11-11 02:15:00,2020-11-11 10:45:00,8.75,3.5,5.251428571428572,2
2020-11-11 12:45:00,2020-11-11 19:15:00,6.75,3.4,5.114814814814815,12
2020-11-11 21:15:00,2020-11-11 22:30:00,1.5,5.0,5.433333333333334,21
2020-11-12 00:45:00,2020-11-12 07:45:00,7.25,2.6,4.927586206896552,0
2020-11-12 09:30:00,2020-11-12 10:30:00,1.25,4.8,5.08,9
2020-11-12 13:30:00,2020-11-12 15:00:00,1.75,6.4,6.6571428571428575,13
2020-11-13 00:45:00,2020-11-13 04:15:00,3.75,4.5,5.34,0
2020-11-13 06:45:00,2020-11-13 07:00:00,0.5,4.1,4.5,6
2020-11-13 09:00:00,2020-11-13 14:15:00,5.5,5.1,5.631818181818183,9
2020-11-13 23:45:00,2020-11-14 03:00:00,3.5,5.1,5.878571428571428,23
2020-11-14 05:30:00,2020-11-14 06:00:00,0.75,4.2,4.833333333333333,5
2020-11-14 22:30:00,2020-11-14 22:45:00,0.5,6.9,7.0,22
2020-11-15 01:15:00,2020-11-15 02:30:00,1.5,5.7,6.1833333333333345,1
2020-11-15 04:15:00,2020-11-15 06:15:00,2.25,3.5,4.444444444444445,4
2020-11-15 09:15:00,2020-11-15 12:00:00,3.0,3.0,4.883333333333333,9
2020-11-15 20:30:00,2020-11-15 23:00:00,2.75,6.6,7.036363636363635,20
2020-11-16 00:45:00,2020-11-16 01:30:00,1.0,6.0,6.325,0
2020-11-16 03:00:00,2020-11-16 07:45:00,5.0,4.9,5.31,3
2020-11-16 22:00:00,2020-11-16 23:30:00,1.75,7.4,7.6571428571428575,22
2020-11-17 01:30:00,2020-11-17 04:45:00,3.5,6.0,6.935714285714286,1
2020-11-18 03:45:00,2020-11-18 06:45:00,3.25,6.8,7.315384615384615,3
2020-11-18 09:15:00,2020-11-18 10:00:00,1.0,7.2,7.3,9
2020-11-19 04:00:00,2020-11-19 06:45:00,3.0,7.1,7.683333333333333,4
2020-11-19 09:15:00,2020-11-19 10:45:00,1.75,6.6,7.814285714285714,9
2020-11-19 12:30:00,2020-11-19 13:15:00,1.0,8.4,8.625,12
2020-11-20 06:45:00,2020-11-20 07:00:00,0.5,7.5,7.65,6
2020-11-20 09:30:00,2020-11-20 11:15:00,2.0,7.1,7.55,9
2020-11-20 16:30:00,2020-11-20 17:00:00,0.75,8.2,8.333333333333334,16
2020-11-21 06:15:00,2020-11-21 07:45:00,1.75,6.3,6.742857142857142,6
2020-11-21 09:15:00,2020-11-21 11:30:00,2.5,6.0,7.0600000000000005,9
2020-11-21 18:15:00,2020-11-21 19:15:00,1.25,7.6,7.760000000000001,18
2020-11-22 04:15:00,2020-11-22 05:00:00,1.0,7.4,7.6,4
2020-11-22 08:30:00,2020-11-22 08:45:00,0.5,6.4,6.5,8
2020-11-22 11:30:00,2020-11-22 12:15:00,1.0,5.8,6.55,11
2020-11-22 14:00:00,2020-11-22 16:30:00,2.75,5.3,6.7272727272727275,14
2020-11-22 22:15:00,2020-11-23 00:30:00,2.5,6.8,7.119999999999999,22
2020-11-23 03:30:00,2020-11-23 05:30:00,2.25,6.5,6.888888888888889,3
2020-11-23 07:15:00,2020-11-23 07:30:00,0.5,6.5,6.75,7
2020-11-23 17:30:00,2020-11-23 19:00:00,1.75,8.0,8.185714285714285,17
2020-11-24 02:30:00,2020-11-24 05:00:00,2.75,7.5,7.609090909090909,2
2020-11-25 07:45:00,2020-11-25 09:45:00,2.25,5.8,7.133333333333334,7
2020-11-26 05:30:00,2020-11-26 05:45:00,0.5,6.8,6.9,5
2020-11-26 21:00:00,2020-11-26 21:15:00,0.5,7.3,7.4,21
2020-11-27 03:00:00,2020-11-27 05:30:00,2.75,5.6,6.109090909090909,3
2020-11-28 00:45:00,2020-11-28 02:30:00,2.0,4.5,6.05,0
2020-11-28 05:45:00,2020-11-28 06:30:00,1.0,4.0,4.375,5
2020-11-29 00:00:00,2020-11-29 05:30:00,5.75,4.9,5.947826086956522,0
2020-11-29 07:15:00,2020-11-29 08:15:00,1.25,5.1,5.8,7
2020-11-30 03:30:00,2020-11-30 05:30:00,2.25,7.1,7.277777777777778,3
2020-11-30 09:45:00,2020-11-30 11:00:00,1.5,7.9,8.066666666666666,9
2020-12-02 02:45:00,2020-12-02 03:00:00,0.5,8.9,9.100000000000001,2
2020-12-02 06:00:00,2020-12-02 06:45:00,1.0,9.0,9.25,6
2020-12-03 04:15:00,2020-12-03 07:15:00,3.25,8.4,8.876923076923077,4
2020-12-03 14:45:00,2020-12-03 15:30:00,1.0,9.3,9.45,14
2020-12-04 04:45:00,2020-12-04 07:30:00,3.0,8.3,8.674999999999999,4
2020-12-04 09:45:00,2020-12-04 10:30:00,1.0,7.9,8.025,9
2020-12-05 06:00:00,2020-12-05 06:15:00,0.5,7.7,7.800000000000001,6
2020-12-05 14:30:00,2020-12-05 16:00:00,1.75,8.8,9.0,14
2020-12-06 04:45:00,2020-12-06 05:00:00,0.5,8.4,8.5,4
2020-12-06 08:45:00,2020-12-06 11:15:00,2.75,7.6,8.445454545454545,8
2020-12-06 15:45:00,2020-12-06 16:45:00,1.25,8.9,8.959999999999999,15
2020-12-06 22:45:00,2020-12-06 23:30:00,1.0,8.9,9.05,22
2020-12-09 07:45:00,2020-12-09 09:00:00,1.5,8.3,8.616666666666667,7
2020-12-09 14:00:00,2020-12-09 15:00:00,1.25,9.4,9.6,14
2020-12-10 23:45:00,2020-12-11 01:15:00,1.75,8.6,8.957142857142857,23
2020-12-11 04:15:00,2020-12-11 06:30:00,2.5,8.1,8.459999999999999,4
2020-12-11 19:30:00,2020-12-11 20:30:00,1.25,9.4,9.58,19
2020-12-11 23:30:00,2020-12-12 02:30:00,3.25,7.7,8.330769230769231,23
2020-12-12 04:00:00,2020-12-12 04:15:00,0.5,6.8,6.9,4
2020-12-12 05:45:00,2020-12-12 08:15:00,2.75,5.9,6.781818181818182,5
2020-12-13 01:45:00,2020-12-13 03:45:00,2.25,5.6,6.433333333333334,1
2020-12-13 05:15:00,2020-12-13 06:00:00,1.0,5.5,5.675000000000001,5
2020-12-14 01:00:00,2020-12-14 02:15:00,1.5,7.2,7.533333333333334,1
2020-12-14 03:45:00,2020-12-14 04:30:00,1.0,6.7,6.999999999999999,3
2020-12-14 06:45:00,2020-12-14 07:30:00,1.0,7.0,7.2,6
2020-12-15 06:00:00,2020-12-15 06:45:00,1.0,6.8,7.5,6
2020-12-16 04:45:00,2020-12-16 05:45:00,1.25,7.5,8.120000000000001,4
2020-12-16 07:30:00,2020-12-16 09:00:00,1.75,6.8,7.485714285714286,7
2020-12-17 05:15:00,2020-12-17 06:30:00,1.5,8.4,8.466666666666667,5
2020-12-18 05:30:00,2020-12-18 06:15:00,1.0,9.3,9.45,5
2020-12-20 06:30:00,2020-12-20 09:00:00,2.75,8.2,8.836363636363636,6
2020-12-20 10:30:00,2020-12-20 10:45:00,0.5,8.2,8.6,10
2020-12-21 04:00:00,2020-12-21 04:30:00,0.75,8.7,8.833333333333334,4
2020-12-22 16:15:00,2020-12-22 17:00:00,1.0,9.7,9.925,16
2020-12-24 00:45:00,2020-12-24 01:30:00,1.0,8.6,8.774999999999999,0
2020-12-24 16:15:00,2020-12-24 18:00:00,2.0,8.6,8.8375,16
2020-12-26 04:45:00,2020-12-26 05:45:00,1.25,9.6,9.860000000000001,4
2020-12-26 20:30:00,2020-12-26 21:30:00,1.25,10.5,10.66,20
2020-12-27 00:45:00,2020-12-27 02:00:00,1.5,10.3,10.350000000000001,0
2020-12-27 23:30:00,2020-12-28 01:00:00,1.75,10.1,10.342857142857143,23
2020-12-28 02:45:00,2020-12-28 07:30:00,5.0,9.4,10.085,2
2020-12-28 23:30:00,2020-12-28 23:45:00,0.5,10.0,10.1,23
2020-12-29 01:30:00,2020-12-29 03:15:00,2.0,8.9,9.65,1
2020-12-29 05:00:00,2020-12-29 05:30:00,0.75,8.6,8.799999999999999,5
2020-12-29 07:15:00,2020-12-29 07:45:00,0.75,9.0,9.200000000000001,7
2020-12-30 04:30:00,2020-12-30 06:45:00,2.5,8.1,8.43,4
2020-12-30 08:45:00,2020-12-30 09:45:00,1.25,7.1,7.960000000000001,8
2020-12-30 21:15:00,2020-12-30 22:30:00,1.5,9.3,9.549999999999999,21
2020-12-31 00:00:00,2020-12-31 01:45:00,2.0,8.9,9.125,0
2020-12-31 05:30:00,2020-12-31 06:30:00,1.25,7.0,7.459999999999999,5
2020-12-31 08:00:00,2020-12-31 09:30:00,1.75,6.5,7.2,8
2021-01-01 03:30:00,2021-01-01 09:00:00,5.75,4.9,6.821739130434783,3
2021-01-01 13:45:00,2021-01-01 15:15:00,1.75,6.8,7.0,13
2021-01-01 23:00:00,2021-01-01 23:15:00,0.5,7.7,7.800000000000001,23
2021-01-02 00:45:00,2021-01-02 03:00:00,2.5,7.0,7.63,0
2021-01-02 04:30:00,2021-01-02 06:45:00,2.5,6.3,6.859999999999999,4
2021-01-02 14:45:00,2021-01-02 15:30:00,1.0,7.4,7.55,14
2021-01-03 17:15:00,2021-01-03 17:45:00,0.75,9.1,9.200000000000001,17
2021-01-04 09:45:00,2021-01-04 10:45:00,1.25,9.1,9.219999999999999,9
2021-01-06 06:30:00,2021-01-06 07:15:00,1.0,8.7,8.8,6
2021-01-07 12:15:00,2021-01-07 12:30:00,0.5,8.8,8.9,12
2021-01-12 04:00:00,2021-01-12 06:15:00,2.5,9.5,10.14,4
2021-01-13 08:00:00,2021-01-13 08:30:00,0.75,9.9,10.233333333333334,8
2021-01-14 03:45:00,2021-01-14 05:30:00,2.0,9.4,9.9875,3
2021-01-14 07:15:00,2021-01-14 09:30:00,2.5,9.4,9.83,7
2021-01-15 04:30:00,2021-01-15 07:00:00,2.75,9.2,9.454545454545455,4
2021-01-15 08:45:00,2021-01-15 10:00:00,1.5,7.6,8.533333333333333,8
2021-01-16 10:15:00,2021-01-16 10:45:00,0.75,9.7,9.833333333333334,10
2021-01-17 00:15:00,2021-01-17 01:45:00,1.75,9.5,9.714285714285712,0
2021-01-20 14:00:00,2021-01-20 14:30:00,0.75,10.0,10.1,14
2021-01-21 03:15:00,2021-01-21 04:45:00,1.75,8.8,8.971428571428572,3
2021-01-21 09:45:00,2021-01-21 10:45:00,1.25,9.2,9.26,9
2021-01-22 07:30:00,2021-01-22 08:15:00,1.0,8.0,8.125,7
2021-01-22 18:30:00,2021-01-22 19:00:00,0.75,8.8,9.033333333333333,18
2021-01-22 20:45:00,2021-01-23 02:15:00,5.75,7.4,8.304347826086955,20
2021-01-23 04:15:00,2021-01-23 06:00:00,2.0,7.5,7.7625,4
2021-01-24 05:00:00,2021-01-24 06:45:00,2.0,6.8,7.6,5
2021-01-24 20:00:00,2021-01-24 21:15:00,1.5,8.7,8.966666666666667,20
2021-01-25 05:45:00,2021-01-25 06:45:00,1.25,5.4,6.1,5
2021-01-25 17:45:00,2021-01-25 18:00:00,0.5,8.6,8.7,17
2021-01-26 01:30:00,2021-01-26 02:45:00,1.5,7.2,7.616666666666667,1
2021-01-26 04:15:00,2021-01-26 08:45:00,4.75,5.4,5.978947368421053,4
2021-01-26 13:30:00,2021-01-26 15:00:00,1.75,7.5,7.742857142857142,13
2021-01-26 19:30:00,2021-01-26 21:00:00,1.75,8.3,8.571428571428571,19
2021-01-26 22:30:00,2021-01-26 23:15:00,1.0,7.5,7.8999999999999995,22
2021-01-27 00:45:00,2021-01-27 01:15:00,0.75,7.4,7.5,0
2021-01-27 03:15:00,2021-01-27 06:00:00,3.0,5.8,6.5,3
2021-01-27 08:15:00,2021-01-27 09:15:00,1.25,5.2,6.26,8
2021-01-27 18:45:00,2021-01-27 20:15:00,1.75,7.7,7.814285714285715,18
2021-01-29 07:00:00,2021-01-29 08:15:00,1.5,8.3,8.6,7
2021-01-30 08:15:00,2021-01-30 08:45:00,0.75,8.2,8.5,8
2021-01-31 06:30:00,2021-01-31 07:15:00,1.0,7.8,7.975,6
2021-01-31 18:15:00,2021-01-31 20:00:00,2.0,7.8,8.1625,18
2021-02-03 23:00:00,2021-02-03 23:15:00,0.5,9.9,10.0,23
2021-02-04 17:30:00,2021-02-04 18:45:00,1.5,10.5,10.683333333333332,17
2021-02-04 22:30:00,2021-02-04 23:45:00,1.5,9.3,9.716666666666667,22
2021-02-05 01:30:00,2021-02-05 01:45:00,0.5,9.1,9.25,1
2021-02-05 05:30:00,2021-02-05 07:15:00,2.0,8.0,8.5125,5
2021-02-05 20:00:00,2021-02-05 21:00:00,1.25,7.9,8.48,20
2021-02-05 23:30:00,2021-02-06 04:15:00,5.0,7.7,8.504999999999999,23
2021-02-07 06:30:00,2021-02-07 07:15:00,1.0,7.2,7.675,6
2021-02-08 00:15:00,2021-02-08 03:45:00,3.75,7.4,8.06,0
2021-02-08 05:45:00,2021-02-08 06:30:00,1.0,6.7,7.7,5
2021-02-09 00:00:00,2021-02-09 00:45:00,1.0,8.9,9.0,0
2021-02-09 03:45:00,2021-02-09 07:30:00,4.0,7.3,7.63125,3
2021-02-09 21:15:00,2021-02-09 22:45:00,1.75,8.5,8.828571428571427,21
2021-02-10 01:00:00,2021-02-10 04:45:00,4.0,6.7,7.5,1
2021-02-10 06:15:00,2021-02-10 09:45:00,3.75,5.4,6.846666666666667,6
2021-02-10 22:30:00,2021-02-10 22:45:00,0.5,8.0,8.2,22
2021-02-11 03:00:00,2021-02-11 04:45:00,2.0,6.4,6.9125,3
2021-02-11 14:30:00,2021-02-11 16:00:00,1.75,7.6,8.0,14
2021-02-11 20:30:00,2021-02-11 21:45:00,1.5,7.9,8.566666666666666,20
2021-02-12 00:00:00,2021-02-12 05:00:00,5.25,6.7,7.323809523809524,0
2021-02-12 12:30:00,2021-02-12 16:00:00,3.75,7.8,8.22,12
2021-02-13 04:15:00,2021-02-13 05:45:00,1.75,8.0,8.557142857142857,4
2021-02-13 13:00:00,2021-02-13 18:30:00,5.75,9.6,10.082608695652173,13
2021-02-14 15:00:00,2021-02-14 16:00:00,1.25,10.8,11.280000000000001,15
2021-02-16 23:15:00,2021-02-17 00:15:00,1.25,11.5,11.620000000000001,23
2021-02-17 07:15:00,2021-02-17 09:00:00,2.0,10.1,11.037500000000001,7
2021-02-17 19:45:00,2021-02-17 20:15:00,0.75,10.5,10.566666666666666,19
2021-02-22 03:30:00,2021-02-22 04:45:00,1.5,9.7,10.033333333333333,3
2021-02-22 20:15:00,2021-02-22 21:15:00,1.25,9.8,10.020000000000001,20
2021-02-22 23:15:00,2021-02-23 00:00:00,1.0,9.5,9.7,23
2021-02-23 04:15:00,2021-02-23 06:30:00,2.5,7.7,8.100000000000001,4
2021-02-23 20:00:00,2021-02-23 22:30:00,2.75,8.7,9.60909090909091,20
2021-02-24 02:00:00,2021-02-24 03:45:00,2.0,7.6,8.575000000000001,2
2021-02-24 06:00:00,2021-02-24 06:30:00,0.75,7.8,8.066666666666666,6
2021-02-24 21:45:00,2021-02-24 23:00:00,1.5,9.2,9.450000000000001,21
2021-02-25 00:45:00,2021-02-25 02:00:00,1.5,8.8,9.033333333333333,0
2021-02-25 04:45:00,2021-02-25 07:00:00,2.5,7.1,7.709999999999999,4
2021-02-25 21:15:00,2021-02-25 22:30:00,1.5,9.2,9.633333333333333,21
2021-02-26 02:00:00,2021-02-26 03:15:00,1.5,8.2,8.566666666666665,2
2021-02-26 04:45:00,2021-02-26 09:15:00,4.75,5.6,6.873684210526317,4
2021-02-26 19:15:00,2021-02-26 21:15:00,2.25,8.5,9.022222222222222,19
2021-02-26 23:00:00,2021-02-27 00:15:00,1.5,8.0,8.816666666666666,23
2021-02-27 03:15:00,2021-02-27 08:30:00,5.5,3.7,6.75,3
2021-02-27 22:45:00,2021-02-27 23:15:00,0.75,8.0,8.166666666666666,22
2021-02-28 01:00:00,2021-02-28 01:15:00,0.5,7.3,7.449999999999999,1
2021-02-28 05:30:00,2021-02-28 07:45:00,2.5,4.8,6.7299999999999995,5
2021-02-28 10:00:00,2021-02-28 11:00:00,1.25,6.5,6.94,10
2021-03-01 02:15:00,2021-03-01 02:45:00,0.75,7.0,7.366666666666667,2
2021-03-01 05:00:00,2021-03-01 05:45:00,1.0,7.3,7.4,5
2021-03-01 07:15:00,2021-03-01 10:00:00,3.0,5.3,6.133333333333333,7
2021-03-01 19:15:00,2021-03-01 20:00:00,1.0,7.0,7.05,19
2021-03-01 21:30:00,2021-03-01 21:45:00,0.5,6.8,6.9,21
2021-03-02 03:15:00,2021-03-02 06:30:00,3.5,6.6,6.878571428571429,3
2021-03-02 10:30:00,2021-03-02 14:45:00,4.5,7.4,7.7444444444444445,10
2021-03-03 13:45:00,2021-03-03 15:30:00,2.0,9.4,9.8125,13
2021-03-04 00:15:00,2021-03-04 01:30:00,1.5,9.2,9.25,0
2021-03-04 05:30:00,2021-03-04 07:30:00,2.25,9.1,9.21111111111111,5
2021-03-04 22:30:00,2021-03-04 23:45:00,1.5,8.7,9.0,22
2021-03-05 02:45:00,2021-03-05 03:30:00,1.0,8.4,8.775,2
2021-03-05 17:15:00,2021-03-05 20:00:00,3.0,10.0,10.641666666666667,17
2021-03-05 21:30:00,2021-03-05 22:15:00,1.0,9.4,9.5,21
2021-03-05 23:45:00,2021-03-06 05:15:00,5.75,8.4,8.969565217391304,23
2021-03-06 18:30:00,2021-03-06 19:00:00,0.75,9.1,9.466666666666667,18
2021-03-06 20:30:00,2021-03-07 00:45:00,4.5,7.8,8.72777777777778,20
2021-03-08 01:00:00,2021-03-08 05:45:00,5.0,6.7,8.099999999999998,1
2021-03-08 18:30:00,2021-03-08 19:00:00,0.75,10.1,10.200000000000001,18
2021-03-09 03:45:00,2021-03-09 05:00:00,1.5,8.7,9.45,3
2021-03-10 01:30:00,2021-03-10 02:45:00,1.5,7.9,8.45,1
2021-03-10 04:45:00,2021-03-10 07:30:00,3.0,6.6,7.533333333333332,4
2021-03-10 10:00:00,2021-03-10 11:00:00,1.25,8.4,8.620000000000001,10
2021-03-11 04:00:00,2021-03-11 09:00:00,5.25,5.7,6.800000000000001,4
2021-03-11 23:00:00,2021-03-11 23:15:00,0.5,8.2,8.3,23
2021-03-12 08:00:00,2021-03-12 14:00:00,6.25,6.1,7.524000000000001,8
2021-03-13 03:00:00,2021-03-13 08:30:00,5.75,6.6,7.108695652173913,3
2021-03-13 13:00:00,2021-03-13 14:00:00,1.25,8.5,8.7,13
2021-03-13 15:30:00,2021-03-13 16:30:00,1.25,8.6,8.96,15
2021-03-13 21:45:00,2021-03-13 23:00:00,1.5,7.8,8.149999999999999,21
2021-03-14 02:30:00,2021-03-14 05:15:00,3.0,6.4,7.433333333333334,2
2021-03-14 07:00:00,2021-03-14 08:45:00,2.0,6.4,7.0375000000000005,7
2021-03-14 12:15:00,2021-03-14 21:00:00,9.0,7.5,8.397222222222222,12
2021-03-15 02:30:00,2021-03-15 02:45:00,0.5,6.5,6.75,2
2021-03-15 04:15:00,2021-03-15 05:15:00,1.25,6.2,6.42,4
2021-03-15 07:00:00,2021-03-15 08:45:00,2.0,5.3,6.0125,7
2021-03-15 18:15:00,2021-03-15 22:00:00,4.0,6.8,7.387499999999999,18
2021-03-16 01:45:00,2021-03-16 04:30:00,3.0,6.8,7.074999999999999,1
2021-03-16 12:30:00,2021-03-16 18:00:00,5.75,7.4,8.326086956521738,12
2021-03-16 19:30:00,2021-03-16 20:45:00,1.5,6.6,7.516666666666667,19
2021-03-16 22:45:00,2021-03-17 02:00:00,3.5,6.2,6.657142857142857,22
2021-03-17 03:45:00,2021-03-17 06:30:00,3.0,6.8,7.074999999999999,3
2021-03-17 13:45:00,2021-03-17 14:45:00,1.25,8.2,8.38,13
2021-03-17 16:15:00,2021-03-17 22:30:00,6.5,4.6,6.965384615384614,16
2021-03-18 02:30:00,2021-03-18 03:15:00,1.0,6.1,6.325000000000001,2
2021-03-18 04:45:00,2021-03-18 08:00:00,3.5,5.3,6.157142857142858,4
2021-03-18 09:45:00,2021-03-18 10:15:00,0.75,6.8,7.0,9
2021-03-18 16:00:00,2021-03-18 16:30:00,0.75,7.8,8.233333333333333,16
2021-03-18 20:00:00,2021-03-18 20:15:00,0.5,7.3,7.449999999999999,20
2021-03-18 23:45:00,2021-03-19 00:00:00,0.5,6.4,6.5,23
2021-03-19 17:15:00,2021-03-19 17:45:00,0.75,8.5,8.566666666666666,17
2021-03-21 00:15:00,2021-03-21 04:00:00,4.0,7.3,8.175,0
2021-03-21 20:00:00,2021-03-21 21:45:00,2.0,8.5,8.975,20
2021-03-22 00:45:00,2021-03-22 07:30:00,7.0,6.5,7.485714285714286,0
2021-03-22 16:45:00,2021-03-22 17:45:00,1.25,9.0,9.16,16
2021-03-22 20:45:00,2021-03-22 21:00:00,0.5,8.5,8.6,20
2021-03-23 00:30:00,2021-03-23 08:45:00,8.5,5.0,6.735294117647059,0
2021-03-23 10:15:00,2021-03-23 10:30:00,0.5,7.3,7.4,10
2021-03-24 02:30:00,2021-03-24 04:45:00,2.5,7.0,7.359999999999999,2
2021-03-24 16:30:00,2021-03-24 17:15:00,1.0,8.1,8.15,16
2021-03-25 03:45:00,2021-03-25 07:15:00,3.75,5.7,6.346666666666666,3
2021-03-25 12:15:00,2021-03-25 13:30:00,1.5,7.2,7.466666666666668,12
2021-03-25 23:15:00,2021-03-26 02:45:00,3.75,4.9,6.6466666666666665,23
2021-03-26 06:00:00,2021-03-26 09:15:00,3.5,3.3,4.764285714285714,6
2021-03-26 17:15:00,2021-03-26 17:30:00,0.5,6.7,6.800000000000001,17
2021-03-27 05:15:00,2021-03-27 08:15:00,3.25,4.2,5.038461538461538,5
2021-03-27 17:15:00,2021-03-27 18:15:00,1.25,7.2,7.76,17
2021-03-28 03:15:00,2021-03-28 07:00:00,4.0,5.6,6.731249999999999,3
2021-03-28 16:30:00,2021-03-28 22:30:00,6.25,6.7,7.412000000000002,16
2021-03-29 01:15:00,2021-03-29 03:00:00,2.0,6.6,6.8,1
2021-03-29 05:00:00,2021-03-29 05:45:00,1.0,6.4,6.75,5
2021-03-29 08:45:00,2021-03-29 09:15:00,0.75,6.7,6.866666666666667,8
2021-03-29 11:00:00,2021-03-29 11:30:00,0.75,7.1,7.433333333333334,11
2021-03-29 17:00:00,2021-03-29 21:00:00,4.25,8.3,8.958823529411765,17
2021-03-29 22:45:00,2021-03-29 23:00:00,0.5,7.9,8.0,22
2021-03-30 00:45:00,2021-03-30 04:15:00,3.75,7.6,7.8599999999999985,0
2021-03-30 06:00:00,2021-03-30 06:30:00,0.75,7.1,7.3,6
2021-03-30 17:45:00,2021-03-30 21:00:00,3.5,5.2,7.628571428571428,17
2021-03-30 23:15:00,2021-03-31 00:00:00,1.0,5.9,6.550000000000001,23
2021-03-31 06:30:00,2021-03-31 07:00:00,0.75,6.6,6.733333333333334,6
2021-03-31 16:30:00,2021-03-31 19:45:00,3.5,5.8,7.25,16
2021-04-01 12:00:00,2021-04-01 13:00:00,1.25,8.7,8.819999999999999,12
2021-04-02 06:15:00,2021-04-02 07:00:00,1.0,8.2,8.3,6
2021-04-02 15:30:00,2021-04-02 16:45:00,1.5,9.8,10.066666666666668,15
2021-04-02 21:30:00,2021-04-03 01:45:00,4.5,8.0,8.91111111111111,21
2021-04-03 20:00:00,2021-04-03 22:15:00,2.5,9.2,9.46,20
2021-04-04 08:45:00,2021-04-04 10:00:00,1.5,8.6,9.0,8
2021-04-04 14:15:00,2021-04-04 15:30:00,1.5,9.7,9.933333333333332,14
2021-04-04 17:15:00,2021-04-05 01:30:00,8.5,8.4,9.208823529411765,17
2021-04-05 03:45:00,2021-04-05 05:00:00,1.5,7.2,7.8500000000000005,3
2021-04-05 16:15:00,2021-04-05 20:15:00,4.25,8.3,9.376470588235295,16
2021-04-05 21:45:00,2021-04-06 04:00:00,6.5,6.3,7.949999999999999,21
2021-04-06 05:30:00,2021-04-06 06:00:00,0.75,6.5,6.8999999999999995,5
2021-04-06 09:15:00,2021-04-06 10:30:00,1.5,6.9,7.3500000000000005,9
2021-04-06 18:15:00,2021-04-06 19:45:00,1.75,8.2,8.542857142857143,18
2021-04-06 21:30:00,2021-04-07 02:15:00,5.0,5.6,7.18,21
2021-04-07 04:30:00,2021-04-07 11:30:00,7.25,5.1,6.475862068965518,4
2021-04-07 19:00:00,2021-04-07 20:00:00,1.25,7.6,7.82,19
2021-04-07 23:00:00,2021-04-08 01:45:00,3.0,6.5,7.158333333333334,23
2021-04-08 03:30:00,2021-04-08 06:30:00,3.25,4.9,5.8538461538461535,3
2021-04-08 11:00:00,2021-04-08 13:00:00,2.25,7.0,7.2666666666666675,11
2021-04-08 17:15:00,2021-04-08 19:15:00,2.25,7.4,7.822222222222221,17
2021-04-09 00:15:00,2021-04-09 04:00:00,4.0,6.3,7.0375,0
2021-04-09 06:15:00,2021-04-09 07:30:00,1.5,6.5,6.883333333333333,6
2021-04-09 15:00:00,2021-04-09 16:45:00,2.0,6.8,7.074999999999999,15
2021-04-09 19:45:00,2021-04-09 20:00:00,0.5,7.1,7.199999999999999,19
2021-04-10 03:45:00,2021-04-10 04:15:00,0.75,7.2,7.400000000000001,3
2021-04-10 05:45:00,2021-04-10 07:00:00,1.5,7.3,7.599999999999999,5
2021-04-10 17:30:00,2021-04-10 18:45:00,1.5,7.4,7.7,17
2021-04-10 22:30:00,2021-04-10 23:15:00,1.0,7.5,7.625,22
2021-04-11 04:30:00,2021-04-11 07:45:00,3.5,6.0,6.7857142857142865,4
2021-04-11 13:45:00,2021-04-11 14:30:00,1.0,7.8,8.175,13
2021-04-11 17:30:00,2021-04-11 23:30:00,6.25,7.5,8.232000000000001,17
2021-04-12 01:45:00,2021-04-12 06:00:00,4.5,6.6,7.5166666666666675,1
2021-04-12 08:15:00,2021-04-12 09:30:00,1.5,7.3,7.466666666666666,8
2021-04-12 17:15:00,2021-04-12 21:00:00,4.0,7.4,8.1875,17
2021-04-13 01:00:00,2021-04-13 06:30:00,5.75,6.7,7.173913043478261,1
2021-04-13 14:30:00,2021-04-13 16:30:00,2.25,7.1,7.6000000000000005,14
2021-04-13 18:00:00,2021-04-13 18:30:00,0.75,7.0,7.233333333333333,18
2021-04-14 01:30:00,2021-04-14 06:15:00,5.0,5.4,6.710000000000001,1
2021-04-14 17:15:00,2021-04-14 19:45:00,2.75,6.9,7.363636363636363,17
2021-04-14 21:45:00,2021-04-14 23:45:00,2.25,7.1,7.333333333333333,21
2021-04-15 17:30:00,2021-04-15 20:00:00,2.75,7.4,7.854545454545455,17
2021-04-15 21:30:00,2021-04-15 22:00:00,0.75,5.7,6.6000000000000005,21
2021-04-16 01:00:00,2021-04-16 02:45:00,2.0,6.8,7.125,1
2021-04-16 04:45:00,2021-04-16 05:45:00,1.25,7.0,7.1,4
2021-04-16 09:30:00,2021-04-16 09:45:00,0.5,7.4,7.5,9
2021-04-16 17:45:00,2021-04-16 21:15:00,3.75,7.2,7.680000000000001,17
2021-04-16 22:45:00,2021-04-17 01:15:00,2.75,6.8,7.181818181818182,22
2021-04-17 16:15:00,2021-04-17 17:45:00,1.75,7.4,7.557142857142858,16
2021-04-17 20:45:00,2021-04-18 01:00:00,4.5,6.7,7.2444444444444445,20
2021-04-18 03:15:00,2021-04-18 03:30:00,0.5,6.9,7.0,3
2021-04-18 08:00:00,2021-04-18 08:15:00,0.5,6.4,6.550000000000001,8
2021-04-18 12:00:00,2021-04-18 13:15:00,1.5,7.5,7.8500000000000005,12
2021-04-18 14:45:00,2021-04-18 20:30:00,6.0,7.4,8.058333333333332,14
2021-04-18 23:00:00,2021-04-18 23:45:00,1.0,7.9,8.05,23
2021-04-19 08:30:00,2021-04-19 08:45:00,0.5,6.2,6.35,8
2021-04-19 11:00:00,2021-04-19 11:45:00,1.0,7.4,7.7,11
2021-04-19 17:15:00,2021-04-19 20:00:00,3.0,7.7,9.466666666666667,17
2021-04-19 21:45:00,2021-04-20 00:00:00,2.5,7.5,7.99,21
2021-04-20 01:45:00,2021-04-20 04:45:00,3.25,6.1,6.930769230769231,1
2021-04-20 06:15:00,2021-04-20 08:15:00,2.25,6.7,7.0,6
2021-04-20 18:45:00,2021-04-21 00:30:00,6.0,5.4,8.454166666666667,18
2021-04-21 04:00:00,2021-04-21 05:00:00,1.25,5.7,6.02,4
2021-04-21 06:30:00,2021-04-21 07:15:00,1.0,7.0,7.425000000000001,6
2021-04-22 02:30:00,2021-04-22 03:00:00,0.75,6.7,7.5,2
2021-04-22 11:30:00,2021-04-22 11:45:00,0.5,8.1,8.2,11
2021-04-22 15:45:00,2021-04-22 17:30:00,2.0,8.9,9.049999999999999,15
2021-04-22 21:15:00,2021-04-23 01:15:00,4.25,5.8,7.970588235294118,21
2021-04-23 03:15:00,2021-04-23 03:45:00,0.75,6.9,7.233333333333334,3
2021-04-24 03:30:00,2021-04-24 07:00:00,3.75,7.0,7.286666666666666,3
2021-04-24 08:30:00,2021-04-24 09:30:00,1.25,5.9,6.5,8
2021-04-24 14:15:00,2021-04-24 14:30:00,0.5,7.6,7.699999999999999,14
2021-04-24 20:15:00,2021-04-24 21:15:00,1.25,7.0,7.220000000000001,20
2021-04-24 23:00:00,2021-04-25 00:30:00,1.75,4.4,6.114285714285715,23
2021-04-25 02:15:00,2021-04-25 06:30:00,4.5,4.3,6.1,2
2021-04-25 18:15:00,2021-04-25 22:45:00,4.75,7.2,7.705263157894736,18
2021-04-26 03:15:00,2021-04-26 04:00:00,1.0,6.7,6.7749999999999995,3
2021-04-26 17:15:00,2021-04-26 19:30:00,2.5,6.5,7.24,17
2021-04-26 21:15:00,2021-04-26 22:30:00,1.5,6.4,6.866666666666667,21
2021-04-27 00:00:00,2021-04-27 01:00:00,1.25,6.4,6.5,0
2021-04-27 18:00:00,2021-04-27 20:15:00,2.5,5.3,6.369999999999999,18
2021-04-27 21:45:00,2021-04-27 22:00:00,0.5,5.8,6.15,21
2021-04-27 23:30:00,2021-04-28 00:00:00,0.75,6.2,6.3,23
2021-04-28 17:30:00,2021-04-28 22:30:00,5.25,4.4,5.985714285714286,17
2021-04-29 00:30:00,2021-04-29 01:45:00,1.5,6.0,6.1499999999999995,0
2021-04-29 18:00:00,2021-04-29 20:15:00,2.5,5.1,5.9399999999999995,18
2021-04-29 21:45:00,2021-04-29 23:30:00,2.0,5.1,5.35,21
2021-04-30 02:30:00,2021-04-30 04:30:00,2.25,4.9,5.0555555555555545,2
2021-04-30 16:30:00,2021-04-30 20:00:00,3.75,4.8,6.38,16
2021-04-30 23:45:00,2021-05-01 01:15:00,1.75,4.8,5.014285714285713,23
2021-05-01 18:45:00,2021-05-01 23:45:00,5.25,4.7,5.938095238095238,18
2021-05-02 01:30:00,2021-05-02 05:45:00,4.5,4.2,5.194444444444445,1
2021-05-02 09:00:00,2021-05-02 09:45:00,1.0,6.3,6.6000000000000005,9
2021-05-02 18:45:00,2021-05-03 00:30:00,6.0,5.2,6.295833333333333,18
2021-05-03 03:15:00,2021-05-03 06:30:00,3.5,5.0,5.4071428571428575,3
2021-05-04 00:15:00,2021-05-04 05:30:00,5.5,4.3,5.1909090909090905,0
2021-05-04 15:15:00,2021-05-05 02:00:00,11.0,5.0,6.893181818181817,15
2021-05-05 03:45:00,2021-05-05 04:15:00,0.75,5.2,5.533333333333334,3
2021-05-05 06:00:00,2021-05-05 06:30:00,0.75,5.9,6.066666666666667,6
2021-05-05 08:45:00,2021-05-05 09:30:00,1.0,5.9,6.05,8
2021-05-05 11:45:00,2021-05-05 12:15:00,0.75,6.0,6.133333333333333,11
2021-05-05 15:00:00,2021-05-05 18:00:00,3.25,6.2,6.476923076923078,15
2021-05-05 20:15:00,2021-05-05 22:15:00,2.25,5.9,6.144444444444445,20
2021-05-05 23:45:00,2021-05-06 03:00:00,3.5,5.6,5.799999999999999,23
2021-05-06 05:00:00,2021-05-06 09:45:00,5.0,4.8,5.745,5
2021-05-06 15:30:00,2021-05-06 18:30:00,3.25,8.1,8.499999999999998,15
2021-05-06 20:00:00,2021-05-07 03:00:00,7.25,6.7,7.5137931034482754,20
2021-05-07 04:45:00,2021-05-07 05:45:00,1.25,6.4,6.840000000000001,4
2021-05-07 15:45:00,2021-05-07 21:00:00,5.5,7.6,8.67272727272727,15
2021-05-07 23:15:00,2021-05-08 08:00:00,9.0,4.9,6.277777777777777,23
2021-05-08 18:15:00,2021-05-08 20:15:00,2.25,7.4,8.077777777777778,18
2021-05-08 21:45:00,2021-05-08 23:00:00,1.5,6.9,7.099999999999999,21
2021-05-09 06:00:00,2021-05-09 07:45:00,2.0,6.2,6.5375,6
2021-05-09 15:45:00,2021-05-09 16:30:00,1.0,7.3,7.525,15
2021-05-09 18:00:00,2021-05-09 18:45:00,1.0,6.8,7.2250000000000005,18
2021-05-26 14:45:00,2021-05-26 16:45:00,2.25,6.3,6.744444444444444,14
2021-05-27 14:30:00,2021-05-27 19:15:00,5.0,5.3,6.34,14
2021-05-27 22:30:00,2021-05-27 23:30:00,1.25,5.5,5.82,22
2021-05-28 15:45:00,2021-05-28 20:45:00,5.25,5.5,7.104761904761904,15
2021-05-28 23:15:00,2021-05-29 02:00:00,3.0,4.9,5.724999999999999,23
2021-05-29 12:45:00,2021-05-29 13:15:00,0.75,7.0,7.133333333333333,12
2021-05-29 15:45:00,2021-05-30 00:00:00,8.5,4.4,6.432352941176471,15
2021-05-30 05:45:00,2021-05-30 07:15:00,1.75,5.3,5.514285714285714,5
2021-05-30 15:45:00,2021-05-30 19:00:00,3.5,7.7,8.114285714285716,15
2021-05-30 22:30:00,2021-05-30 22:45:00,0.5,6.8,6.9,22
2021-05-31 00:15:00,2021-05-31 01:30:00,1.5,5.9,6.383333333333333,0
2021-05-31 18:15:00,2021-06-01 05:45:00,11.75,4.3,5.861702127659573,18
2021-06-01 21:45:00,2021-06-01 22:45:00,1.25,4.7,5.86,21
2021-06-02 00:15:00,2021-06-02 02:00:00,2.0,5.1,5.824999999999999,0
2021-06-02 03:30:00,2021-06-02 04:15:00,1.0,5.2,5.425,3
2021-06-02 20:00:00,2021-06-02 23:30:00,3.75,5.8,6.26,20
2021-06-03 01:15:00,2021-06-03 03:30:00,2.5,4.2,5.19,1
2021-06-03 05:30:00,2021-06-03 06:45:00,1.5,5.5,5.766666666666667,5
2021-06-03 18:30:00,2021-06-03 20:30:00,2.25,5.9,6.566666666666666,18
2021-06-03 23:00:00,2021-06-04 02:30:00,3.75,4.7,5.553333333333334,23
2021-06-04 04:15:00,2021-06-04 08:15:00,4.25,4.4,5.1647058823529415,4
2021-06-04 17:30:00,2021-06-04 20:45:00,3.5,6.2,6.728571428571429,17
2021-06-04 23:00:00,2021-06-05 04:15:00,5.5,5.4,5.863636363636363,23
2021-06-05 07:30:00,2021-06-05 13:15:00,6.0,5.3,6.125,7
2021-06-05 14:45:00,2021-06-05 17:30:00,3.0,5.1,5.9416666666666655,14
2021-06-05 19:00:00,2021-06-05 21:15:00,2.5,5.6,5.95,19
2021-06-06 16:15:00,2021-06-06 19:15:00,3.25,6.0,6.6000000000000005,16
2021-06-07 01:15:00,2021-06-07 04:15:00,3.25,5.9,6.207692307692307,1
2021-06-07 14:00:00,2021-06-07 15:00:00,1.25,7.0,7.340000000000001,14
2021-06-07 17:45:00,2021-06-07 20:15:00,2.75,6.1,6.681818181818181,17
2021-06-07 21:45:00,2021-06-07 23:30:00,2.0,5.8,6.2375,21
2021-06-08 15:00:00,2021-06-08 15:30:00,0.75,6.5,6.7,15
2021-06-08 18:00:00,2021-06-08 19:30:00,1.75,5.4,6.157142857142857,18
2021-06-08 21:00:00,2021-06-09 01:00:00,4.25,5.3,5.717647058823529,21
2021-06-09 15:15:00,2021-06-09 22:45:00,7.75,5.4,6.203225806451614,15
2021-06-10 06:30:00,2021-06-10 08:00:00,1.75,5.7,6.0,6
2021-06-10 11:15:00,2021-06-10 12:30:00,1.5,6.2,6.566666666666667,11
2021-06-10 16:00:00,2021-06-10 17:00:00,1.25,6.4,6.74,16
2021-06-10 20:30:00,2021-06-10 21:45:00,1.5,5.6,5.866666666666667,20
2021-06-11 15:30:00,2021-06-11 17:00:00,1.75,6.5,6.971428571428571,15
2021-06-12 00:15:00,2021-06-12 01:15:00,1.25,5.5,5.86,0
2021-06-12 03:00:00,2021-06-12 04:00:00,1.25,5.7,5.78,3
2021-06-12 17:45:00,2021-06-12 18:45:00,1.25,6.5,6.880000000000001,17
2021-06-12 22:00:00,2021-06-13 05:15:00,7.5,5.1,5.543333333333333,22
2021-06-13 11:45:00,2021-06-13 13:45:00,2.25,6.5,6.822222222222222,11
2021-06-13 15:15:00,2021-06-13 21:15:00,6.25,4.7,5.82,15
2021-06-13 23:15:00,2021-06-14 01:00:00,2.0,4.8,5.1625,23
2021-06-14 02:45:00,2021-06-14 04:15:00,1.75,4.6,4.828571428571429,2
2021-06-14 12:00:00,2021-06-14 12:30:00,0.75,6.3,6.566666666666666,12
2021-06-14 17:30:00,2021-06-15 06:00:00,12.75,4.2,5.79607843137255,17
2021-06-15 08:30:00,2021-06-15 10:45:00,2.5,5.7,6.279999999999999,8
2021-06-15 17:15:00,2021-06-16 00:45:00,7.75,4.9,6.667741935483871,17
2021-06-16 02:15:00,2021-06-16 06:45:00,4.75,4.8,5.089473684210526,2
2021-06-16 10:30:00,2021-06-16 11:15:00,1.0,5.8,5.925,10
2021-06-16 19:15:00,2021-06-17 00:00:00,5.0,4.2,6.35,19
2021-06-17 01:30:00,2021-06-17 05:00:00,3.75,4.1,5.653333333333334,1
2021-06-17 06:45:00,2021-06-17 07:30:00,1.0,5.5,5.7749999999999995,6
2021-06-17 12:30:00,2021-06-17 13:00:00,0.75,6.5,6.6000000000000005,12
2021-06-17 16:15:00,2021-06-18 00:45:00,8.75,3.9,6.751428571428572,16
2021-06-18 04:15:00,2021-06-18 05:15:00,1.25,4.9,5.220000000000001,4
2021-06-18 14:15:00,2021-06-18 15:00:00,1.0,6.3,6.3500000000000005,14
2021-06-18 17:45:00,2021-06-18 18:45:00,1.25,6.2,6.36,17
2021-06-19 08:30:00,2021-06-19 09:15:00,1.0,6.9,7.0,8
2021-06-19 11:00:00,2021-06-19 11:45:00,1.0,6.9,7.15,11
2021-06-19 15:30:00,2021-06-19 16:15:00,1.0,6.7,6.8,15
2021-06-19 18:15:00,2021-06-19 18:45:00,0.75,6.3,6.433333333333334,18
2021-06-20 08:30:00,2021-06-20 09:30:00,1.25,5.9,6.24,8
2021-06-20 12:15:00,2021-06-20 14:15:00,2.25,6.5,6.8,12
2021-06-20 15:45:00,2021-06-20 16:45:00,1.25,6.8,7.1,15
2021-06-21 06:15:00,2021-06-21 06:45:00,0.75,5.7,5.833333333333333,6
2021-06-21 08:15:00,2021-06-21 08:30:00,0.5,5.6,5.8,8
2021-06-21 13:30:00,2021-06-21 15:00:00,1.75,6.6,7.085714285714286,13
2021-06-21 16:45:00,2021-06-21 21:15:00,4.75,6.2,6.605263157894737,16
2021-06-21 23:15:00,2021-06-21 23:30:00,0.5,6.8,6.9,23
2021-06-22 13:30:00,2021-06-22 14:30:00,1.25,7.0,7.279999999999999,13
2021-06-22 17:45:00,2021-06-22 23:15:00,5.75,5.3,6.060869565217391,17
2021-06-23 04:45:00,2021-06-23 06:00:00,1.5,6.0,6.083333333333333,4
2021-06-23 10:00:00,2021-06-23 10:30:00,0.75,6.4,6.533333333333334,10
2021-06-23 14:30:00,2021-06-23 15:15:00,1.0,5.6,5.85,14
2021-06-23 18:30:00,2021-06-23 21:45:00,3.5,5.1,5.692857142857143,18
2021-06-23 23:30:00,2021-06-24 01:30:00,2.25,4.9,5.222222222222222,23
2021-06-24 10:30:00,2021-06-24 11:30:00,1.25,6.0,6.08,10
2021-06-24 14:00:00,2021-06-24 14:15:00,0.5,6.3,6.4,14
2021-06-24 16:45:00,2021-06-24 21:00:00,4.5,4.9,5.566666666666666,16
2021-06-25 10:30:00,2021-06-25 11:00:00,0.75,6.3,6.566666666666666,10
2021-06-25 16:00:00,2021-06-25 21:00:00,5.25,5.4,6.633333333333333,16
2021-06-25 23:30:00,2021-06-26 00:00:00,0.75,5.6,5.733333333333333,23
2021-06-26 21:00:00,2021-06-27 01:00:00,4.25,4.8,5.523529411764706,21
2021-06-27 18:00:00,2021-06-27 20:45:00,3.0,4.7,5.875,18
2021-06-27 22:30:00,2021-06-28 01:45:00,3.5,3.5,4.485714285714286,22
2021-06-28 15:15:00,2021-06-28 15:30:00,0.5,7.2,7.300000000000001,15
2021-06-28 18:15:00,2021-06-28 19:30:00,1.5,6.7,7.066666666666666,18
2021-06-28 22:00:00,2021-06-29 03:15:00,5.5,3.5,5.068181818181818,22
2021-06-29 04:45:00,2021-06-29 05:30:00,1.0,4.7,4.95,4
2021-06-29 19:45:00,2021-06-29 22:15:00,2.75,5.7,6.290909090909091,19
2021-06-30 01:30:00,2021-06-30 04:45:00,3.5,4.8,5.199999999999998,1
2021-06-30 18:00:00,2021-06-30 19:00:00,1.25,5.8,6.32,18
2021-07-01 02:30:00,2021-07-01 08:15:00,6.0,4.4,4.991666666666667,2
2021-07-01 18:00:00,2021-07-01 23:15:00,5.5,5.3,6.277272727272727,18
2021-07-02 01:00:00,2021-07-02 02:15:00,1.5,4.4,4.7,1
2021-07-02 03:45:00,2021-07-02 07:45:00,4.25,4.3,4.723529411764706,3
2021-07-02 12:45:00,2021-07-02 13:30:00,1.0,6.1,6.325,12
2021-07-02 15:30:00,2021-07-02 17:15:00,2.0,5.7,6.1625,15
2021-07-02 19:00:00,2021-07-02 19:15:00,0.5,5.5,5.6,19
2021-07-02 20:45:00,2021-07-03 00:30:00,4.0,5.2,5.675,20
2021-07-03 03:15:00,2021-07-03 05:00:00,2.0,4.9,5.125,3
2021-07-03 07:15:00,2021-07-03 09:00:00,2.0,4.1,4.824999999999999,7
2021-07-03 13:30:00,2021-07-03 13:45:00,0.5,6.5,6.6,13
2021-07-03 15:30:00,2021-07-03 15:45:00,0.5,6.5,6.6,15
2021-07-03 18:30:00,2021-07-03 19:15:00,1.0,6.3,6.5249999999999995,18
2021-07-03 20:45:00,2021-07-03 21:30:00,1.0,5.9,6.15,20
2021-07-03 23:00:00,2021-07-04 06:45:00,8.0,3.0,5.028125,23
2021-07-04 09:00:00,2021-07-04 09:15:00,0.5,4.3,4.55,9
2021-07-04 14:45:00,2021-07-04 16:15:00,1.75,7.6,7.785714285714286,14
2021-07-04 17:45:00,2021-07-04 21:00:00,3.5,6.5,7.200000000000001,17
2021-07-04 22:30:00,2021-07-05 03:45:00,5.5,4.4,6.0590909090909095,22
2021-07-05 06:15:00,2021-07-05 07:30:00,1.5,4.7,5.166666666666667,6
2021-07-05 15:00:00,2021-07-05 20:15:00,5.5,6.2,7.127272727272726,15
2021-07-05 21:45:00,2021-07-05 23:45:00,2.25,6.0,6.300000000000001,21
2021-07-06 01:30:00,2021-07-06 02:45:00,1.5,5.8,5.949999999999999,1
2021-07-06 05:45:00,2021-07-06 09:45:00,4.25,5.7,5.988235294117647,5
2021-07-06 12:00:00,2021-07-06 17:00:00,5.25,5.4,6.123809523809525,12
2021-07-06 18:45:00,2021-07-07 00:00:00,5.5,4.8,5.236363636363635,18
2021-07-07 11:30:00,2021-07-07 12:00:00,0.75,5.9,6.066666666666667,11
2021-07-07 13:30:00,2021-07-07 16:45:00,3.5,4.9,5.6571428571428575,13
2021-07-07 18:15:00,2021-07-08 01:30:00,7.5,3.4,4.2,18
2021-07-08 08:30:00,2021-07-08 09:00:00,0.75,5.0,5.333333333333333,8
2021-07-08 13:15:00,2021-07-08 15:45:00,2.75,5.3,5.690909090909091,13
2021-07-08 18:45:00,2021-07-08 19:45:00,1.25,5.7,5.999999999999999,18
2021-07-09 16:00:00,2021-07-09 16:30:00,0.75,5.8,6.3,16
2021-07-09 18:00:00,2021-07-09 20:15:00,2.5,4.7,5.250000000000001,18
2021-07-10 08:15:00,2021-07-10 10:45:00,2.75,5.3,5.890909090909091,8
2021-07-10 12:30:00,2021-07-10 12:45:00,0.5,6.9,7.0,12
2021-07-10 16:15:00,2021-07-11 00:45:00,8.75,4.5,5.34,16
2021-07-11 17:00:00,2021-07-12 05:30:00,12.75,4.3,5.994117647058822,17
2021-07-12 11:15:00,2021-07-12 11:30:00,0.5,6.9,7.15,11
2021-07-12 18:45:00,2021-07-13 03:45:00,9.25,5.2,5.981081081081081,18
2021-07-13 05:15:00,2021-07-13 05:30:00,0.5,5.6,5.75,5
2021-07-13 15:45:00,2021-07-13 22:45:00,7.25,4.1,6.7,15
2021-07-14 00:30:00,2021-07-14 06:30:00,6.25,4.3,5.04,0
2021-07-14 14:30:00,2021-07-14 15:15:00,1.0,7.1,7.225,14
2021-07-14 18:30:00,2021-07-15 00:00:00,5.75,4.4,6.052173913043478,18
2021-07-15 01:30:00,2021-07-15 03:30:00,2.25,4.6,5.1,1
2021-07-15 05:15:00,2021-07-15 07:30:00,2.5,4.5,4.699999999999999,5
2021-07-15 18:45:00,2021-07-15 19:30:00,1.0,6.9,7.074999999999999,18
2021-07-15 21:00:00,2021-07-15 22:00:00,1.25,6.1,6.5,21
2021-07-15 23:30:00,2021-07-16 02:00:00,2.75,5.2,5.6454545454545455,23
2021-07-16 03:30:00,2021-07-16 04:30:00,1.25,5.4,5.62,3
2021-07-16 06:30:00,2021-07-16 07:15:00,1.0,4.6,5.0,6
2021-07-16 11:00:00,2021-07-16 12:30:00,1.75,5.2,5.714285714285714,11
2021-07-16 14:15:00,2021-07-16 15:15:00,1.25,5.9,6.08,14
2021-07-16 17:15:00,2021-07-16 18:45:00,1.75,5.5,5.985714285714286,17
2021-07-16 20:15:00,2021-07-16 23:15:00,3.25,4.0,5.707692307692307,20
2021-07-17 02:15:00,2021-07-17 03:45:00,1.75,5.1,5.471428571428571,2
2021-07-17 05:15:00,2021-07-17 07:00:00,2.0,4.6,4.925,5
2021-07-17 10:45:00,2021-07-17 13:00:00,2.5,5.7,6.32,10
2021-07-17 18:00:00,2021-07-17 20:30:00,2.75,6.4,6.918181818181818,18
2021-07-18 00:45:00,2021-07-18 01:45:00,1.25,6.3,6.56,0
2021-07-18 07:15:00,2021-07-18 08:00:00,1.0,5.0,5.25,7
2021-07-18 11:45:00,2021-07-18 12:00:00,0.5,6.3,6.4,11
2021-07-18 14:45:00,2021-07-18 20:30:00,6.0,6.0,6.854166666666667,14
2021-07-19 05:00:00,2021-07-19 08:45:00,4.0,5.7,6.19375,5
2021-07-19 15:30:00,2021-07-19 17:15:00,2.0,6.2,6.95,15
2021-07-19 18:45:00,2021-07-20 00:00:00,5.5,5.5,6.1,18
2021-07-20 06:15:00,2021-07-20 07:45:00,1.75,6.0,6.171428571428571,6
2021-07-20 12:30:00,2021-07-20 12:45:00,0.5,6.1,6.199999999999999,12
2021-07-20 14:15:00,2021-07-20 16:30:00,2.5,6.5,7.01,14
2021-07-20 19:15:00,2021-07-21 00:15:00,5.25,6.1,6.4,19
2021-07-21 03:15:00,2021-07-21 06:45:00,3.75,6.2,6.633333333333335,3
2021-07-21 08:30:00,2021-07-21 18:45:00,10.5,6.2,7.169047619047619,8
2021-07-21 20:30:00,2021-07-21 21:30:00,1.25,6.3,6.56,20
2021-07-22 15:00:00,2021-07-22 17:45:00,3.0,6.4,7.150000000000001,15
2021-07-22 19:45:00,2021-07-22 21:15:00,1.75,6.0,6.285714285714286,19
2021-07-23 00:30:00,2021-07-23 01:00:00,0.75,5.4,5.733333333333334,0
2021-07-23 11:45:00,2021-07-23 13:15:00,1.75,7.5,7.999999999999999,11
2021-07-23 18:30:00,2021-07-23 22:45:00,4.5,4.9,5.977777777777778,18
2021-07-24 01:15:00,2021-07-24 03:15:00,2.25,4.7,5.444444444444445,1
2021-07-24 09:45:00,2021-07-24 10:15:00,0.75,5.2,5.333333333333333,9
2021-07-24 12:00:00,2021-07-24 12:45:00,1.0,5.7,5.8500000000000005,12
2021-07-24 16:30:00,2021-07-24 22:00:00,5.75,4.6,5.908695652173913,16
2021-07-24 23:30:00,2021-07-24 23:45:00,0.5,4.7,4.95,23
2021-07-25 03:15:00,2021-07-25 03:45:00,0.75,4.3,4.566666666666666,3
2021-07-25 14:45:00,2021-07-25 15:00:00,0.5,5.6,6.1,14
2021-07-25 18:45:00,2021-07-26 06:00:00,11.5,4.4,5.3478260869565215,18
2021-07-26 14:15:00,2021-07-26 14:30:00,0.5,6.7,7.0,14
2021-07-26 16:45:00,2021-07-27 04:15:00,11.75,3.4,5.4234042553191495,16
2021-07-27 07:15:00,2021-07-27 09:15:00,2.25,4.7,4.9111111111111105,7
2021-07-27 12:15:00,2021-07-27 18:00:00,6.0,5.6,7.008333333333333,12
2021-07-27 19:30:00,2021-07-27 20:00:00,0.75,6.2,6.566666666666666,19
2021-07-27 21:30:00,2021-07-28 07:30:00,10.25,4.2,5.192682926829268,21
2021-07-28 09:00:00,2021-07-28 10:45:00,2.0,5.0,5.4625,9
2021-07-28 12:45:00,2021-07-28 14:00:00,1.5,5.2,6.016666666666667,12
2021-07-28 15:45:00,2021-07-29 05:30:00,14.0,3.9,5.383928571428571,15
2021-07-29 11:15:00,2021-07-29 13:45:00,2.75,4.2,5.7272727272727275,11
2021-07-29 18:00:00,2021-07-30 00:15:00,6.5,4.0,5.611538461538462,18
2021-07-30 02:15:00,2021-07-30 03:15:00,1.25,3.8,4.36,2
2021-07-30 05:15:00,2021-07-30 09:00:00,4.0,3.8,4.2125,5
2021-07-30 19:15:00,2021-07-31 01:45:00,6.75,4.8,5.674074074074074,19
2021-07-31 03:15:00,2021-07-31 04:30:00,1.5,4.1,4.433333333333334,3
2021-07-31 07:45:00,2021-07-31 08:15:00,0.75,4.1,4.233333333333333,7
2021-07-31 11:00:00,2021-07-31 11:30:00,0.75,5.1,5.333333333333333,11
2021-07-31 19:30:00,2021-07-31 22:15:00,3.0,5.3,5.875,19
2021-08-01 05:00:00,2021-08-01 06:45:00,2.0,4.2,4.625,5
2021-08-01 19:15:00,2021-08-01 23:15:00,4.25,5.2,6.047058823529412,19
2021-08-02 00:45:00,2021-08-02 01:00:00,0.5,5.4,5.5,0
2021-08-02 05:00:00,2021-08-02 06:30:00,1.75,4.6,5.014285714285714,5
2021-08-02 08:15:00,2021-08-02 10:00:00,2.0,4.6,5.1875,8
2021-08-02 14:00:00,2021-08-02 17:15:00,3.5,6.1,6.55,14
2021-08-02 18:45:00,2021-08-02 19:45:00,1.25,5.3,5.76,18
2021-08-02 21:45:00,2021-08-03 04:15:00,6.75,3.7,4.748148148148148,21
2021-08-03 05:45:00,2021-08-03 06:45:00,1.25,3.6,3.9200000000000004,5
2021-08-03 09:15:00,2021-08-03 10:00:00,1.0,3.9,4.125,9
2021-08-03 12:15:00,2021-08-03 13:00:00,1.0,5.6,6.0,12
2021-08-03 15:30:00,2021-08-03 16:30:00,1.25,6.2,6.6,15
2021-08-03 18:00:00,2021-08-03 23:00:00,5.25,5.0,5.742857142857143,18
2021-08-04 02:45:00,2021-08-04 03:45:00,1.25,3.6,3.9200000000000004,2
2021-08-04 07:45:00,2021-08-04 09:00:00,1.5,3.9,4.116666666666667,7
2021-08-04 11:00:00,2021-08-04 19:45:00,9.0,4.6,6.316666666666666,11
2021-08-04 21:15:00,2021-08-04 22:15:00,1.25,5.3,5.840000000000001,21
2021-08-05 00:30:00,2021-08-05 01:45:00,1.5,4.1,4.716666666666668,0
2021-08-05 05:15:00,2021-08-05 08:45:00,3.75,4.3,4.626666666666666,5
2021-08-05 17:45:00,2021-08-05 23:45:00,6.25,5.5,6.355999999999999,17
2021-08-06 01:15:00,2021-08-06 03:00:00,2.0,5.0,5.35,1
2021-08-06 05:00:00,2021-08-06 08:30:00,3.75,3.8,4.926666666666667,5
2021-08-06 11:00:00,2021-08-06 11:15:00,0.5,5.2,5.35,11
2021-08-06 13:45:00,2021-08-06 14:45:00,1.25,6.3,6.42,13
2021-08-06 17:30:00,2021-08-06 23:30:00,6.25,4.4,5.547999999999999,17
2021-08-07 01:00:00,2021-08-07 02:45:00,2.0,4.4,4.6875,1
2021-08-07 06:00:00,2021-08-07 09:15:00,3.5,3.3,4.2214285714285715,6
2021-08-07 10:45:00,2021-08-07 13:00:00,2.5,4.2,4.959999999999999,10
2021-08-07 15:00:00,2021-08-07 23:00:00,8.25,4.4,5.584848484848484,15
2021-08-08 00:45:00,2021-08-08 09:30:00,9.0,3.5,4.272222222222222,0
2021-08-08 11:45:00,2021-08-08 14:30:00,3.0,4.3,4.966666666666667,11
2021-08-08 16:15:00,2021-08-08 17:15:00,1.25,5.4,6.040000000000001,16
2021-08-08 18:45:00,2021-08-08 20:00:00,1.5,5.1,5.416666666666667,18
2021-08-08 22:45:00,2021-08-09 08:45:00,10.25,1.7,4.397560975609756,22
2021-08-09 12:00:00,2021-08-10 04:45:00,17.0,3.1,5.497058823529412,12
2021-08-10 07:30:00,2021-08-10 11:00:00,3.75,1.5,2.6399999999999997,7
2021-08-10 13:30:00,2021-08-11 12:00:00,22.75,1.4,4.829670329670329,13
2021-08-11 13:30:00,2021-08-11 16:00:00,2.75,2.7,3.963636363636364,13
2021-08-11 18:45:00,2021-08-12 09:00:00,14.5,2.8,4.898275862068965,18
2021-08-12 11:00:00,2021-08-12 11:45:00,1.0,1.8,2.6500000000000004,11
2021-08-12 14:45:00,2021-08-12 16:30:00,2.0,2.8,3.275,14
2021-08-12 19:30:00,2021-08-12 23:00:00,3.75,2.7,4.706666666666668,19
2021-08-13 00:30:00,2021-08-13 04:30:00,4.25,2.2,3.929411764705882,0
2021-08-13 08:00:00,2021-08-13 11:45:00,4.0,3.3,4.226666666666667,8
2021-08-13 13:15:00,2021-08-13 23:00:00,10.0,4.2,6.025,13
2021-08-14 00:30:00,2021-08-14 03:30:00,3.25,4.6,4.907692307692307,0
2021-08-14 05:00:00,2021-08-14 07:15:00,2.5,2.8,4.0,5
2021-08-14 09:00:00,2021-08-14 12:15:00,3.5,4.6,5.928571428571429,9
2021-08-14 14:30:00,2021-08-15 02:00:00,11.75,3.7,5.429787234042553,14
2021-08-15 03:30:00,2021-08-15 05:00:00,1.75,3.8,4.342857142857143,3
2021-08-15 08:15:00,2021-08-15 08:30:00,0.5,4.4,4.550000000000001,8
2021-08-15 11:45:00,2021-08-15 13:45:00,2.25,6.0,7.0888888888888895,11
2021-08-15 15:15:00,2021-08-15 15:30:00,0.5,6.8,7.25,15
2021-08-15 17:00:00,2021-08-15 23:30:00,6.75,5.0,6.496296296296295,17
2021-08-16 01:00:00,2021-08-16 08:30:00,7.75,4.5,5.419354838709677,1
2021-08-16 11:00:00,2021-08-16 11:45:00,1.0,6.2,6.65,11
2021-08-16 13:30:00,2021-08-16 13:45:00,0.5,6.2,6.75,13
2021-08-16 15:30:00,2021-08-16 23:45:00,8.5,4.7,6.6117647058823525,15
2021-08-17 01:15:00,2021-08-17 04:45:00,3.75,3.9,4.84,1
2021-08-17 07:15:00,2021-08-17 08:00:00,1.0,4.6,4.775,7
2021-08-17 10:00:00,2021-08-17 13:45:00,4.0,4.5,5.0375,10
2021-08-17 16:15:00,2021-08-17 20:00:00,4.0,2.8,4.36875,16
2021-08-17 21:45:00,2021-08-17 22:30:00,1.0,4.7,4.9,21
2021-08-18 03:30:00,2021-08-18 05:30:00,2.25,4.6,5.344444444444445,3
2021-08-18 12:45:00,2021-08-18 13:30:00,1.0,4.9,5.25,12
2021-08-18 17:00:00,2021-08-18 23:00:00,6.25,4.8,5.28,17
2021-08-19 03:30:00,2021-08-19 06:00:00,2.75,3.9,4.736363636363635,3
2021-08-19 14:45:00,2021-08-19 21:45:00,7.25,5.3,6.324137931034482,14
2021-08-19 23:15:00,2021-08-20 01:00:00,2.0,4.4,5.05,23
2021-08-20 03:15:00,2021-08-20 04:30:00,1.5,5.0,5.1000000000000005,3
2021-08-20 06:45:00,2021-08-20 09:00:00,2.5,3.5,3.91,6
2021-08-20 11:30:00,2021-08-20 11:45:00,0.5,5.6,5.75,11
2021-08-20 13:45:00,2021-08-20 17:15:00,3.75,5.2,6.226666666666666,13
2021-08-20 19:00:00,2021-08-20 22:15:00,3.5,4.3,4.7,19
2021-08-20 23:45:00,2021-08-21 02:00:00,2.5,3.7,4.32,23
2021-08-21 05:45:00,2021-08-21 06:30:00,1.0,3.7,3.9750000000000005,5
2021-08-21 08:30:00,2021-08-21 09:00:00,0.75,4.1,4.266666666666667,8
2021-08-21 12:15:00,2021-08-21 12:45:00,0.75,5.7,6.0,12
2021-08-21 15:15:00,2021-08-21 17:30:00,2.5,5.5,6.62,15
2021-08-21 23:30:00,2021-08-22 00:45:00,1.5,4.4,5.116666666666667,23
2021-08-22 03:15:00,2021-08-22 03:30:00,0.5,4.8,5.1,3
2021-08-22 12:15:00,2021-08-22 12:30:00,0.5,7.8,7.9,12
2021-08-22 15:15:00,2021-08-23 05:30:00,14.5,4.6,5.984482758620689,15
2021-08-23 07:30:00,2021-08-23 08:45:00,1.5,5.2,5.433333333333334,7
2021-08-23 15:15:00,2021-08-24 04:15:00,13.25,3.9,6.305660377358489,15
2021-08-24 06:15:00,2021-08-24 07:00:00,1.0,4.7,4.975,6
2021-08-24 09:15:00,2021-08-24 12:00:00,3.0,5.6,6.041666666666665,9
2021-08-24 14:45:00,2021-08-24 16:15:00,1.75,7.9,8.442857142857141,14
2021-08-24 18:30:00,2021-08-25 06:45:00,12.5,4.7,6.3580000000000005,18
2021-08-25 15:00:00,2021-08-25 23:15:00,8.5,4.7,7.044117647058824,15
2021-08-26 00:45:00,2021-08-26 09:15:00,8.75,3.3,4.9399999999999995,0
2021-09-03 12:30:00,2021-09-03 13:30:00,1.25,6.0,6.56,12
2021-09-03 15:45:00,2021-09-03 18:45:00,3.25,5.4,5.946153846153846,15
2021-09-03 20:15:00,2021-09-03 20:45:00,0.75,5.5,5.6000000000000005,20
2021-09-04 14:45:00,2021-09-04 19:15:00,4.75,5.2,6.289473684210526,14
2021-09-04 21:15:00,2021-09-04 21:30:00,0.5,5.2,5.300000000000001,21
2021-09-05 00:45:00,2021-09-05 01:15:00,0.75,5.4,5.5,0
2021-09-05 08:15:00,2021-09-05 08:45:00,0.75,5.0,5.333333333333333,8
2021-09-05 13:15:00,2021-09-05 13:45:00,0.75,6.4,6.666666666666667,13
2021-09-05 17:15:00,2021-09-05 21:00:00,4.0,5.2,6.1312500000000005,17
2021-09-05 23:15:00,2021-09-06 02:45:00,3.75,4.7,5.16,23
2021-09-06 14:30:00,2021-09-06 15:30:00,1.25,6.6,6.8,14
2021-09-06 17:00:00,2021-09-06 23:15:00,6.5,4.7,5.592307692307693,17
2021-09-07 04:15:00,2021-09-07 05:00:00,1.0,4.8,5.0,4
2021-09-07 15:30:00,2021-09-08 01:15:00,10.0,5.3,6.459999999999999,15
2021-09-08 05:00:00,2021-09-08 09:30:00,4.75,4.5,5.2105263157894735,5
2021-09-08 12:45:00,2021-09-08 13:15:00,0.75,4.7,4.966666666666666,12
2021-09-08 17:30:00,2021-09-08 22:00:00,4.75,5.0,5.973684210526317,17
2021-09-09 02:30:00,2021-09-09 03:00:00,0.75,5.1,5.233333333333333,2
2021-09-09 08:00:00,2021-09-09 08:45:00,1.0,3.9,4.85,8
2021-09-09 13:45:00,2021-09-09 17:30:00,4.0,7.0,7.475,13
2021-09-09 19:00:00,2021-09-09 19:15:00,0.5,6.6,6.8,19
2021-09-09 21:00:00,2021-09-09 23:45:00,3.0,6.0,6.408333333333334,21
2021-09-10 01:45:00,2021-09-10 07:15:00,5.75,5.2,5.760869565217392,1
2021-09-10 11:15:00,2021-09-10 15:30:00,4.5,6.6,7.038888888888888,11
2021-09-10 18:00:00,2021-09-10 23:00:00,5.25,6.3,7.004761904761906,18
2021-09-11 00:30:00,2021-09-11 08:30:00,8.25,4.3,5.484848484848485,0
2021-09-11 10:45:00,2021-09-11 11:15:00,0.75,5.7,5.933333333333334,10
2021-09-11 14:45:00,2021-09-11 16:00:00,1.5,6.6,6.95,14
2021-09-11 18:00:00,2021-09-11 20:15:00,2.5,6.2,6.49,18
2021-09-12 03:15:00,2021-09-12 06:45:00,3.75,3.6,5.406666666666667,3
2021-09-12 10:30:00,2021-09-12 14:00:00,3.75,5.1,6.239999999999999,10
2021-09-12 17:15:00,2021-09-12 19:00:00,2.0,6.5,6.8375,17
2021-09-13 01:00:00,2021-09-13 02:15:00,1.5,5.8,6.066666666666666,1
2021-09-13 04:00:00,2021-09-13 09:45:00,6.0,3.7,5.054166666666666,4
2021-09-13 11:30:00,2021-09-13 13:00:00,1.75,4.7,5.485714285714287,11
2021-09-13 16:30:00,2021-09-13 19:15:00,3.0,6.1,6.658333333333332,16
2021-09-13 22:30:00,2021-09-13 23:15:00,1.0,6.2,6.3500000000000005,22
2021-09-14 03:30:00,2021-09-14 14:30:00,11.25,3.9,5.435555555555555,3
2021-09-14 16:00:00,2021-09-14 17:00:00,1.25,4.9,5.26,16
2021-09-14 19:15:00,2021-09-14 19:30:00,0.5,4.9,5.050000000000001,19
2021-09-15 02:30:00,2021-09-15 03:45:00,1.5,6.3,6.383333333333333,2
2021-09-15 06:00:00,2021-09-15 06:30:00,0.75,5.9,6.2,6
2021-09-15 11:45:00,2021-09-15 19:15:00,7.75,3.9,5.393548387096775,11
2021-09-16 00:15:00,2021-09-16 01:15:00,1.25,5.9,6.1,0
2021-09-16 13:00:00,2021-09-16 16:45:00,4.0,5.6,6.13125,13
2021-09-16 19:00:00,2021-09-16 22:00:00,3.25,4.8,5.4923076923076914,19
2021-09-17 06:00:00,2021-09-17 08:00:00,2.25,6.1,6.211111111111112,6
2021-09-17 12:30:00,2021-09-17 15:30:00,3.25,3.5,5.169230769230769,12
2021-09-17 17:00:00,2021-09-17 17:45:00,1.0,2.8,3.4000000000000004,17
2021-09-17 22:15:00,2021-09-17 23:15:00,1.25,3.7,3.9199999999999995,22
2021-09-18 12:15:00,2021-09-18 12:45:00,0.75,5.7,6.099999999999999,12
2021-09-18 17:00:00,2021-09-18 17:30:00,0.75,4.8,5.366666666666667,17
2021-09-18 20:15:00,2021-09-18 22:00:00,2.0,4.6,4.9375,20
2021-09-19 02:00:00,2021-09-19 05:15:00,3.5,4.7,5.05,2
2021-09-19 15:45:00,2021-09-19 22:30:00,7.0,5.7,6.442857142857142,15
2021-09-20 03:45:00,2021-09-20 05:00:00,1.5,5.6,5.733333333333333,3
2021-09-20 07:15:00,2021-09-20 08:00:00,1.0,5.6,5.9,7
2021-09-20 10:30:00,2021-09-20 11:15:00,1.0,5.9,6.0,10
2021-09-20 15:30:00,2021-09-20 17:00:00,1.75,6.6,7.5,15
2021-09-20 18:30:00,2021-09-20 20:45:00,2.5,5.4,6.329999999999999,18
2021-09-20 23:00:00,2021-09-21 05:00:00,6.25,3.0,5.4319999999999995,23
2021-09-21 06:30:00,2021-09-21 07:15:00,1.0,4.7,5.125,6
2021-09-21 12:30:00,2021-09-21 16:00:00,3.75,5.9,7.086666666666668,12
2021-09-21 17:45:00,2021-09-21 20:00:00,2.5,6.6,7.039999999999999,17
2021-09-21 21:30:00,2021-09-22 01:45:00,4.5,3.6,5.927777777777778,21
2021-09-22 03:45:00,2021-09-22 07:45:00,4.25,4.7,5.482352941176471,3
2021-09-22 13:30:00,2021-09-22 14:15:00,1.0,7.2,7.375,13
2021-09-22 17:15:00,2021-09-22 17:30:00,0.5,7.2,7.35,17
2021-09-22 19:00:00,2021-09-22 21:15:00,2.5,5.0,6.24,19
2021-09-23 00:30:00,2021-09-23 03:15:00,3.0,4.7,5.783333333333334,0
2021-09-23 07:30:00,2021-09-23 09:00:00,1.75,5.5,6.114285714285714,7
2021-09-23 13:00:00,2021-09-23 14:45:00,2.0,7.1,7.6125,13
2021-09-23 17:30:00,2021-09-23 22:00:00,4.75,6.3,7.2,17
2021-09-24 00:45:00,2021-09-24 06:15:00,5.75,4.1,5.643478260869566,0
2021-09-24 07:45:00,2021-09-24 09:00:00,1.5,5.8,6.266666666666667,7
2021-09-24 13:45:00,2021-09-24 18:00:00,4.5,6.4,7.161111111111111,13
2021-09-24 20:00:00,2021-09-24 20:45:00,1.0,7.6,7.725,20
2021-09-24 22:45:00,2021-09-25 09:00:00,10.5,2.9,6.185714285714285,22
2021-09-25 13:30:00,2021-09-25 14:30:00,1.25,6.2,6.839999999999999,13
2021-09-25 16:00:00,2021-09-25 19:00:00,3.25,6.0,6.707692307692308,16
2021-09-26 00:15:00,2021-09-26 08:00:00,8.0,4.2,5.565625000000001,0
2021-09-26 10:30:00,2021-09-26 11:30:00,1.25,5.6,5.82,10
2021-09-26 18:45:00,2021-09-26 19:30:00,1.0,6.4,6.775,18
2021-09-27 01:00:00,2021-09-27 02:30:00,1.75,6.5,6.828571428571429,1
2021-09-27 04:15:00,2021-09-27 10:00:00,6.0,3.9,5.199999999999999,4
2021-09-27 12:15:00,2021-09-27 13:15:00,1.25,6.2,6.34,12
2021-09-28 06:00:00,2021-09-28 11:45:00,6.0,4.7,5.5874999999999995,6
2021-09-28 13:30:00,2021-09-28 13:45:00,0.5,5.4,5.6,13
2021-09-28 17:00:00,2021-09-28 18:00:00,1.25,5.0,5.34,17
2021-09-28 19:45:00,2021-09-28 20:30:00,1.0,4.8,5.025,19
2021-09-29 01:45:00,2021-09-29 02:45:00,1.25,5.7,5.86,1
2021-09-29 04:30:00,2021-09-29 07:30:00,3.25,4.8,5.392307692307692,4
2021-09-29 11:30:00,2021-09-29 12:00:00,0.75,6.0,6.1000000000000005,11
2021-09-29 15:30:00,2021-09-29 18:30:00,3.25,6.3,6.56923076923077,15
2021-09-29 20:15:00,2021-09-29 20:45:00,0.75,5.8,5.933333333333334,20
2021-09-30 07:15:00,2021-09-30 09:45:00,2.75,4.3,5.154545454545454,7
2021-09-30 11:15:00,2021-09-30 15:30:00,4.5,5.0,6.0,11
2021-09-30 17:15:00,2021-09-30 19:45:00,2.75,6.0,6.463636363636363,17
2021-10-01 06:45:00,2021-10-01 08:30:00,2.0,5.1,5.775,6
2021-10-01 15:30:00,2021-10-01 16:45:00,1.5,6.6,7.333333333333333,15
2021-10-01 18:15:00,2021-10-01 19:00:00,1.0,6.9,7.200000000000001,18
2021-10-02 13:00:00,2021-10-02 20:30:00,7.75,4.6,6.219354838709678,13
2021-10-02 23:00:00,2021-10-02 23:45:00,1.0,5.5,5.7,23
2021-10-03 14:15:00,2021-10-03 14:30:00,0.5,7.3,7.4,14
2021-10-03 17:15:00,2021-10-04 00:15:00,7.25,5.8,6.179310344827588,17
2021-10-04 03:00:00,2021-10-04 04:45:00,2.0,5.5,5.825,3
2021-10-04 15:30:00,2021-10-04 18:00:00,2.75,5.2,6.290909090909091,15
2021-10-04 20:45:00,2021-10-04 22:45:00,2.25,5.5,5.7444444444444445,20
2021-10-05 01:15:00,2021-10-05 06:15:00,5.25,4.0,5.004761904761905,1
2021-10-05 11:45:00,2021-10-05 12:00:00,0.5,6.3,6.4,11
2021-10-05 17:00:00,2021-10-05 20:45:00,4.0,4.9,6.28125,17
2021-10-05 22:30:00,2021-10-06 00:00:00,1.75,4.9,5.357142857142857,22
2021-10-06 01:45:00,2021-10-06 07:45:00,6.25,4.5,5.32,1
2021-10-06 10:45:00,2021-10-06 11:00:00,0.5,4.9,5.0,10
2021-10-06 12:45:00,2021-10-06 13:30:00,1.0,5.4,5.7,12
2021-10-06 17:15:00,2021-10-06 18:15:00,1.25,5.9,6.0200000000000005,17
2021-10-06 19:45:00,2021-10-06 20:30:00,1.0,5.1,5.574999999999999,19
2021-10-06 22:45:00,2021-10-07 04:15:00,5.75,4.4,5.4391304347826095,22
2021-10-07 06:00:00,2021-10-07 07:00:00,1.25,3.2,3.7600000000000002,6
2021-10-07 09:00:00,2021-10-07 09:30:00,0.75,3.8,4.133333333333333,9
2021-10-07 17:15:00,2021-10-07 19:00:00,2.0,5.9,6.1875,17
2021-10-07 23:00:00,2021-10-07 23:45:00,1.0,5.5,6.050000000000001,23
2021-10-08 02:15:00,2021-10-08 07:30:00,5.5,3.7,4.5181818181818185,2
2021-10-08 11:30:00,2021-10-08 13:45:00,2.5,5.0,5.42,11
2021-10-08 22:15:00,2021-10-09 00:15:00,2.25,6.9,7.133333333333334,22
2021-10-09 01:45:00,2021-10-09 07:00:00,5.5,3.4,5.090909090909092,1
2021-10-09 10:30:00,2021-10-09 10:45:00,0.5,4.6,4.699999999999999,10
2021-10-09 12:30:00,2021-10-09 14:30:00,2.25,4.9,5.211111111111111,12
2021-10-09 16:15:00,2021-10-09 19:45:00,3.75,5.6,6.366666666666665,16
2021-10-09 23:30:00,2021-10-10 00:15:00,1.0,6.8,7.325,23
2021-10-10 02:45:00,2021-10-10 07:45:00,5.25,3.1,4.800000000000001,2
2021-10-10 16:00:00,2021-10-10 17:00:00,1.25,5.5,5.68,16
2021-10-11 00:45:00,2021-10-11 01:45:00,1.25,6.4,6.640000000000001,0
2021-10-11 03:15:00,2021-10-11 04:00:00,1.0,6.6,6.775,3
2021-10-11 08:15:00,2021-10-11 09:15:00,1.25,4.6,5.1,8
2021-10-11 15:45:00,2021-10-11 17:15:00,1.75,5.3,5.957142857142856,15
2021-10-11 21:15:00,2021-10-11 23:00:00,2.0,6.1,6.3999999999999995,21
2021-10-12 01:15:00,2021-10-12 06:15:00,5.25,5.0,5.91904761904762,1
2021-10-12 09:45:00,2021-10-12 10:15:00,0.75,4.5,4.7,9
2021-10-12 13:00:00,2021-10-12 13:45:00,1.0,5.2,5.3999999999999995,13
2021-10-12 17:30:00,2021-10-12 20:00:00,2.75,4.8,5.3999999999999995,17
2021-10-13 03:30:00,2021-10-13 07:30:00,4.25,4.6,6.141176470588235,3
2021-10-13 10:30:00,2021-10-13 12:15:00,2.0,5.1,5.387499999999999,10
2021-10-13 17:45:00,2021-10-13 18:30:00,1.0,5.6,5.824999999999999,17
2021-10-14 04:30:00,2021-10-14 05:00:00,0.75,7.2,7.266666666666667,4
2021-10-14 06:30:00,2021-10-14 10:45:00,4.5,5.3,6.4,6
2021-10-14 17:30:00,2021-10-14 19:15:00,2.0,5.8,6.0375,17
2021-10-15 08:45:00,2021-10-15 09:00:00,0.5,5.3,5.4,8
2021-10-16 10:15:00,2021-10-16 12:15:00,2.25,5.2,6.044444444444444,10
2021-10-17 07:00:00,2021-10-17 09:30:00,2.75,5.6,6.309090909090909,7
2021-10-17 16:00:00,2021-10-17 19:00:00,3.25,6.6,7.092307692307691,16
2021-10-17 20:30:00,2021-10-18 00:45:00,4.5,5.4,6.3,20
2021-10-18 05:00:00,2021-10-18 06:15:00,1.5,5.0,5.433333333333333,5
2021-10-18 17:15:00,2021-10-18 20:00:00,3.0,6.9,7.616666666666666,17
2021-10-19 02:00:00,2021-10-19 07:30:00,5.75,4.5,6.778260869565218,2
2021-10-19 18:00:00,2021-10-19 18:15:00,0.5,7.8,7.9,18
2021-10-19 21:30:00,2021-10-19 22:45:00,1.5,7.9,8.033333333333333,21
2021-10-20 04:00:00,2021-10-20 07:00:00,3.25,4.5,6.1923076923076925,4
2021-10-20 08:30:00,2021-10-20 08:45:00,0.5,5.8,6.05,8
2021-10-21 00:15:00,2021-10-21 01:15:00,1.25,6.6,6.720000000000001,0
2021-10-21 03:00:00,2021-10-21 04:30:00,1.75,5.0,6.285714285714286,3
2021-10-21 06:15:00,2021-10-21 09:15:00,3.25,2.0,4.107692307692308,6
2021-10-21 13:45:00,2021-10-21 15:00:00,1.5,5.7,5.966666666666668,13
2021-10-21 23:00:00,2021-10-22 00:15:00,1.5,6.1,6.566666666666666,23
2021-10-22 02:15:00,2021-10-22 03:30:00,1.5,5.6,5.800000000000001,2
2021-10-22 05:15:00,2021-10-22 07:30:00,2.5,3.4,4.379999999999999,5
2021-10-22 11:00:00,2021-10-22 13:30:00,2.75,4.6,5.1818181818181825,11
2021-10-22 23:00:00,2021-10-22 23:30:00,0.75,6.3,6.800000000000001,23
2021-10-23 01:00:00,2021-10-23 08:45:00,8.0,3.2,4.903125,1
2021-10-23 10:15:00,2021-10-23 12:30:00,2.5,4.5,5.22,10
2021-10-24 02:45:00,2021-10-24 10:30:00,8.0,3.1,5.231249999999999,2
2021-10-24 12:00:00,2021-10-24 14:00:00,2.25,4.4,4.966666666666667,12
2021-10-25 05:00:00,2021-10-25 08:30:00,3.75,3.9,5.040000000000001,5
2021-10-25 15:15:00,2021-10-25 17:30:00,2.5,5.4,5.77,15
2021-10-25 23:15:00,2021-10-26 01:45:00,2.75,6.4,7.245454545454546,23
2021-10-26 03:30:00,2021-10-26 09:15:00,6.0,3.6,4.866666666666666,3
2021-10-26 14:45:00,2021-10-26 18:00:00,3.5,5.7,6.428571428571428,14
2021-10-26 19:45:00,2021-10-26 20:45:00,1.25,7.1,7.580000000000001,19
2021-10-27 00:00:00,2021-10-27 01:30:00,1.75,7.3,7.499999999999999,0
2021-10-27 03:15:00,2021-10-27 07:15:00,4.25,5.4,6.323529411764705,3
2021-10-27 10:30:00,2021-10-27 16:00:00,5.75,5.1,6.369565217391305,10
2021-10-28 06:45:00,2021-10-28 09:15:00,2.75,5.8,6.209090909090909,6
2021-10-29 04:00:00,2021-10-29 05:00:00,1.25,7.9,8.0,4
2021-10-29 22:30:00,2021-10-29 23:00:00,0.75,8.3,8.4,22
2021-10-30 17:15:00,2021-10-30 18:15:00,1.25,9.1,9.24,17
2021-10-31 00:00:00,2021-10-31 00:30:00,0.75,8.6,8.666666666666666,0
2021-10-31 04:00:00,2021-10-31 04:30:00,0.75,8.5,8.700000000000001,4
2021-11-01 00:45:00,2021-11-01 02:45:00,2.25,8.1,8.533333333333331,0
2021-11-01 04:15:00,2021-11-01 06:00:00,2.0,8.1,8.3,4
2021-11-01 15:15:00,2021-11-01 17:00:00,2.0,9.1,9.45,15
2021-11-01 18:30:00,2021-11-01 21:15:00,3.0,8.6,8.958333333333334,18
2021-11-02 04:00:00,2021-11-02 07:00:00,3.25,7.9,8.215384615384615,4
2021-11-02 09:15:00,2021-11-02 09:30:00,0.5,8.3,8.4,9
2021-11-03 04:00:00,2021-11-03 05:30:00,1.75,7.6,7.871428571428571,4
2021-11-03 07:15:00,2021-11-03 07:30:00,0.5,7.6,7.75,7
2021-11-03 16:00:00,2021-11-03 17:15:00,1.5,8.8,9.0,16
2021-11-03 22:15:00,2021-11-04 03:45:00,5.75,7.2,7.81304347826087,22
2021-11-04 05:30:00,2021-11-04 06:45:00,1.5,7.3,7.75,5
2021-11-04 11:45:00,2021-11-04 12:15:00,0.75,8.2,8.266666666666667,11
2021-11-04 23:45:00,2021-11-05 01:00:00,1.5,7.7,7.916666666666667,23
2021-11-05 03:00:00,2021-11-05 08:00:00,5.25,6.0,7.076190476190476,3
2021-11-06 00:45:00,2021-11-06 01:45:00,1.25,7.2,7.68,0
2021-11-06 03:30:00,2021-11-06 05:45:00,2.5,5.9,6.7700000000000005,3
2021-11-07 01:15:00,2021-11-07 04:45:00,3.75,7.1,8.0,1
2021-11-07 09:15:00,2021-11-07 10:45:00,1.75,7.8,8.57142857142857,9
2021-11-07 13:00:00,2021-11-07 13:30:00,0.75,8.2,8.333333333333334,13
2021-11-08 00:30:00,2021-11-08 01:15:00,1.0,8.8,8.975000000000001,0
2021-11-08 02:45:00,2021-11-08 03:45:00,1.25,8.6,8.74,2
2021-11-08 05:45:00,2021-11-08 06:30:00,1.0,7.9,8.175,5
2021-11-08 13:00:00,2021-11-08 14:45:00,2.0,8.7,8.912500000000001,13
2021-11-08 16:15:00,2021-11-08 16:30:00,0.5,8.5,8.6,16
2021-11-09 00:00:00,2021-11-09 01:45:00,2.0,8.9,9.5875,0
2021-11-09 03:45:00,2021-11-09 05:45:00,2.25,7.9,8.233333333333333,3
2021-11-09 08:00:00,2021-11-09 09:30:00,1.75,7.5,8.0,8
2021-11-09 14:15:00,2021-11-09 16:45:00,2.75,8.1,8.418181818181818,14
2021-11-09 21:45:00,2021-11-09 23:00:00,1.5,9.9,10.066666666666665,21
2021-11-10 02:15:00,2021-11-10 02:45:00,0.75,10.1,10.266666666666667,2
2021-11-10 04:45:00,2021-11-10 09:45:00,5.25,7.8,8.804761904761907,4
2021-11-10 12:15:00,2021-11-10 12:45:00,0.75,8.3,8.6,12
2021-11-10 15:00:00,2021-11-10 19:00:00,4.25,7.7,8.152941176470588,15
2021-11-10 21:15:00,2021-11-10 21:30:00,0.5,8.6,8.75,21
2021-11-11 00:15:00,2021-11-11 01:00:00,1.0,9.5,9.725000000000001,0
2021-11-11 04:45:00,2021-11-11 11:15:00,6.75,7.3,8.355555555555556,4
2021-11-11 14:15:00,2021-11-11 14:45:00,0.75,7.9,8.033333333333333,14
2021-11-11 16:15:00,2021-11-11 19:30:00,3.5,7.1,7.421428571428572,16
2021-11-12 01:00:00,2021-11-12 01:45:00,1.0,8.0,8.149999999999999,1
2021-11-12 04:00:00,2021-11-12 04:45:00,1.0,8.6,8.7,4
2021-11-12 06:15:00,2021-11-12 08:30:00,2.5,7.0,7.890000000000002,6
2021-11-12 14:45:00,2021-11-12 15:30:00,1.0,7.3,7.95,14
2021-11-12 17:45:00,2021-11-12 20:15:00,2.75,7.5,8.200000000000001,17
2021-11-12 23:30:00,2021-11-13 04:15:00,5.0,7.0,7.5600000000000005,23
2021-11-13 06:30:00,2021-11-13 08:00:00,1.75,6.4,7.142857142857143,6
2021-11-13 13:45:00,2021-11-13 14:30:00,1.0,8.7,8.825,13
2021-11-13 16:00:00,2021-11-13 17:30:00,1.75,8.3,8.642857142857142,16
2021-11-14 04:00:00,2021-11-14 04:15:00,0.5,7.2,7.35,4
2021-11-14 21:30:00,2021-11-14 23:15:00,2.0,8.4,8.625,21
2021-11-15 05:30:00,2021-11-15 08:00:00,2.75,7.6,7.945454545454544,5
2021-11-15 09:30:00,2021-11-15 10:00:00,0.75,7.9,8.066666666666665,9
2021-11-16 02:15:00,2021-11-16 02:45:00,0.75,6.7,7.666666666666665,2
2021-11-16 04:15:00,2021-11-16 06:45:00,2.75,6.1,7.29090909090909,4
2021-11-16 10:00:00,2021-11-16 11:00:00,1.25,7.4,8.2,10
2021-11-16 14:30:00,2021-11-16 17:45:00,3.5,8.0,8.285714285714286,14
2021-11-16 20:45:00,2021-11-17 03:45:00,7.25,6.5,7.972413793103449,20
2021-11-17 06:15:00,2021-11-17 07:30:00,1.5,5.9,6.283333333333332,6
2021-11-17 22:45:00,2021-11-18 06:30:00,8.0,5.2,7.415625,22
2021-11-18 08:00:00,2021-11-18 08:15:00,0.5,5.5,5.6,8
2021-11-18 18:45:00,2021-11-18 21:30:00,3.0,7.5,8.133333333333335,18
2021-11-19 00:00:00,2021-11-19 01:00:00,1.25,6.6,7.08,0
2021-11-19 11:30:00,2021-11-19 11:45:00,0.5,8.3,8.4,11
2021-11-20 01:15:00,2021-11-20 06:30:00,5.5,7.0,7.872727272727272,1
2021-11-21 02:30:00,2021-11-21 11:15:00,9.0,6.6,7.7749999999999995,2
2021-11-22 00:00:00,2021-11-22 01:00:00,1.25,8.6,8.8,0
2021-11-22 02:45:00,2021-11-22 05:45:00,3.25,6.8,7.823076923076922,2
2021-11-22 07:15:00,2021-11-22 09:45:00,2.75,6.0,6.427272727272728,7
2021-11-22 14:00:00,2021-11-22 14:30:00,0.75,7.6,7.666666666666667,14
2021-11-22 17:15:00,2021-11-22 18:00:00,1.0,7.6,7.800000000000001,17
2021-11-23 00:30:00,2021-11-23 00:45:00,0.5,7.8,7.9,0
2021-11-23 05:30:00,2021-11-23 06:00:00,0.75,6.6,6.7,5
2021-11-23 08:30:00,2021-11-23 08:45:00,0.5,7.2,7.35,8
2021-11-23 12:30:00,2021-11-23 14:30:00,2.25,8.8,9.066666666666668,12
2021-11-24 04:00:00,2021-11-24 08:00:00,4.25,7.7,8.405882352941175,4
2021-11-24 10:15:00,2021-11-24 11:00:00,1.0,8.4,8.725,10
2021-11-25 06:15:00,2021-11-25 07:15:00,1.25,7.7,8.26,6
2021-11-25 12:30:00,2021-11-25 14:30:00,2.25,8.0,8.855555555555556,12
2021-11-25 16:45:00,2021-11-25 17:00:00,0.5,8.4,8.5,16
2021-11-26 00:45:00,2021-11-26 01:00:00,0.5,8.2,8.399999999999999,0
2021-11-26 02:45:00,2021-11-26 09:00:00,6.5,7.2,7.799999999999998,2
2021-11-26 10:45:00,2021-11-26 11:00:00,0.5,7.7,7.800000000000001,10
2021-11-26 17:30:00,2021-11-26 18:15:00,1.0,8.3,8.400000000000002,17
2021-11-27 02:30:00,2021-11-27 03:45:00,1.5,8.0,8.183333333333332,2
2021-11-27 06:45:00,2021-11-27 07:15:00,0.75,7.1,7.666666666666667,6
2021-11-27 11:00:00,2021-11-27 12:15:00,1.5,7.8,8.366666666666669,11
2021-11-27 17:00:00,2021-11-27 19:15:00,2.5,8.4,8.6,17
2021-11-28 08:15:00,2021-11-28 10:30:00,2.5,6.7,7.15,8
2021-11-28 12:15:00,2021-11-28 13:15:00,1.25,7.0,7.74,12
2021-11-28 17:15:00,2021-11-28 17:45:00,0.75,8.2,8.3,17
2021-11-29 03:30:00,2021-11-29 05:30:00,2.25,7.5,8.022222222222222,3
2021-11-30 02:00:00,2021-11-30 03:15:00,1.5,8.0,8.366666666666667,2
2021-11-30 05:30:00,2021-11-30 06:00:00,0.75,8.2,8.4,5
2021-11-30 07:45:00,2021-11-30 09:00:00,1.5,8.4,8.666666666666666,7
2021-12-01 02:45:00,2021-12-01 03:15:00,0.75,8.6,8.700000000000001,2
2021-12-01 05:00:00,2021-12-01 06:00:00,1.25,8.3,8.68,5
2021-12-01 07:30:00,2021-12-01 09:15:00,2.0,8.4,8.6875,7
2021-12-02 02:00:00,2021-12-02 02:15:00,0.5,7.4,7.75,2
2021-12-02 03:45:00,2021-12-02 06:45:00,3.25,7.2,8.392307692307693,3
2021-12-02 08:15:00,2021-12-02 11:15:00,3.25,7.6,8.2,8
2021-12-02 13:15:00,2021-12-02 13:30:00,0.5,8.8,8.9,13
2021-12-02 20:45:00,2021-12-02 21:00:00,0.5,8.4,8.55,20
2021-12-03 02:30:00,2021-12-03 03:45:00,1.5,6.1,7.433333333333334,2
2021-12-03 05:15:00,2021-12-03 09:45:00,4.75,5.4,6.394736842105263,5
2021-12-04 02:15:00,2021-12-04 08:15:00,6.25,5.0,6.504000000000001,2
2021-12-04 23:15:00,2021-12-05 09:00:00,10.0,5.0,6.772499999999999,23
2021-12-05 20:45:00,2021-12-06 08:45:00,12.25,4.6,7.073469387755103,20
2021-12-06 13:00:00,2021-12-06 14:00:00,1.25,6.9,7.1,13
2021-12-06 22:45:00,2021-12-07 00:00:00,1.5,7.2,7.366666666666667,22
2021-12-07 01:45:00,2021-12-07 07:45:00,6.25,5.3,6.1800000000000015,1
2021-12-07 13:15:00,2021-12-07 16:00:00,3.0,6.7,6.933333333333334,13
2021-12-08 01:45:00,2021-12-08 02:00:00,0.5,6.8,6.9,1
2021-12-08 03:45:00,2021-12-08 09:15:00,5.75,5.1,5.956521739130435,3
2021-12-08 13:45:00,2021-12-08 17:45:00,4.25,7.0,7.429411764705883,13
2021-12-09 04:45:00,2021-12-09 06:00:00,1.5,6.7,7.016666666666667,4
2021-12-09 09:30:00,2021-12-09 12:45:00,3.5,7.0,7.55,9
2021-12-09 18:45:00,2021-12-09 19:45:00,1.25,7.5,7.6,18
2021-12-10 04:45:00,2021-12-10 05:15:00,0.75,7.1,7.166666666666667,4
2021-12-10 15:15:00,2021-12-10 16:45:00,1.75,8.2,8.428571428571429,15
2021-12-10 19:45:00,2021-12-10 20:45:00,1.25,7.4,7.639999999999999,19
2021-12-10 23:15:00,2021-12-10 23:45:00,0.75,7.2,7.333333333333333,23
2021-12-11 16:30:00,2021-12-11 22:15:00,6.0,6.4,7.283333333333334,16
2021-12-12 00:30:00,2021-12-12 02:15:00,2.0,6.8,7.0625,0
2021-12-12 12:45:00,2021-12-12 17:00:00,4.5,8.3,8.833333333333334,12
2021-12-12 18:30:00,2021-12-12 21:45:00,3.5,7.6,8.107142857142856,18
2021-12-13 02:15:00,2021-12-13 02:30:00,0.5,7.9,8.05,2
2021-12-13 09:15:00,2021-12-13 10:00:00,1.0,7.8,8.0,9
2021-12-13 16:45:00,2021-12-13 17:30:00,1.0,8.7,8.85,16
2021-12-13 19:30:00,2021-12-13 21:45:00,2.5,8.3,8.620000000000001,19
2021-12-14 00:15:00,2021-12-14 00:30:00,0.5,8.5,8.65,0
2021-12-14 03:15:00,2021-12-14 03:45:00,0.75,8.0,8.4,3
2021-12-14 07:00:00,2021-12-14 08:45:00,2.0,7.5,7.8375,7
2021-12-14 10:15:00,2021-12-14 10:45:00,0.75,7.6,7.8,10
2021-12-15 02:15:00,2021-12-15 07:15:00,5.25,4.9,7.0666666666666655,2
2021-12-15 11:15:00,2021-12-15 12:15:00,1.25,8.1,8.540000000000001,11
2021-12-16 02:45:00,2021-12-16 09:45:00,7.25,5.7,6.879310344827587,2
2021-12-17 02:15:00,2021-12-17 04:45:00,2.75,5.3,6.327272727272727,2
2021-12-17 06:30:00,2021-12-17 07:15:00,1.0,4.4,5.324999999999999,6
2021-12-17 20:45:00,2021-12-17 23:00:00,2.5,7.0,7.43,20
2021-12-18 01:30:00,2021-12-18 06:00:00,4.75,4.1,5.4526315789473685,1
2021-12-18 07:45:00,2021-12-18 09:00:00,1.5,3.8,4.233333333333333,7
2021-12-18 23:00:00,2021-12-19 04:45:00,6.0,5.3,6.654166666666668,23
2021-12-19 06:15:00,2021-12-19 06:30:00,0.5,4.8,5.15,6
2021-12-20 00:45:00,2021-12-20 05:00:00,4.5,7.1,7.588888888888889,0
2021-12-20 12:45:00,2021-12-20 15:45:00,3.25,8.2,8.507692307692308,12
2021-12-21 02:45:00,2021-12-21 05:15:00,2.75,8.0,8.254545454545454,2
2021-12-21 13:15:00,2021-12-21 13:45:00,0.75,9.0,9.166666666666666,13
2021-12-22 07:45:00,2021-12-22 08:00:00,0.5,8.7,8.8,7
2021-12-23 02:30:00,2021-12-23 05:30:00,3.25,8.8,9.207692307692307,2
2021-12-23 09:00:00,2021-12-23 09:30:00,0.75,8.4,8.733333333333334,9
2021-12-23 12:15:00,2021-12-23 13:30:00,1.5,9.8,10.016666666666667,12
2021-12-24 09:30:00,2021-12-24 09:45:00,0.5,8.0,8.25,9
2021-12-24 12:15:00,2021-12-24 13:00:00,1.0,9.4,9.775,12
2021-12-25 14:30:00,2021-12-25 16:00:00,1.75,8.8,9.042857142857143,14
2021-12-26 05:15:00,2021-12-26 06:45:00,1.75,6.8,7.3,5
2021-12-26 09:00:00,2021-12-26 10:45:00,2.0,7.1,7.75,9
2021-12-26 14:00:00,2021-12-26 14:30:00,0.75,8.9,8.966666666666667,14
2021-12-27 01:00:00,2021-12-27 02:45:00,2.0,7.8,7.925000000000001,1
2021-12-27 06:00:00,2021-12-27 08:15:00,2.5,7.2,7.44,6
2021-12-27 20:15:00,2021-12-27 21:45:00,1.75,8.3,8.828571428571427,20
2021-12-28 00:15:00,2021-12-28 02:00:00,2.0,6.9,7.625,0
2021-12-28 17:30:00,2021-12-28 17:45:00,0.5,9.4,9.55,17
2021-12-28 19:30:00,2021-12-29 02:45:00,7.5,6.2,7.88,19
2021-12-29 04:15:00,2021-12-29 04:45:00,0.75,5.7,6.433333333333334,4
2021-12-29 07:00:00,2021-12-29 08:00:00,1.25,5.4,6.1,7
2021-12-29 13:45:00,2021-12-29 16:00:00,2.5,8.4,8.809999999999999,13
2021-12-29 20:00:00,2021-12-30 03:15:00,7.5,4.9,6.823333333333334,20
2021-12-30 05:00:00,2021-12-30 05:30:00,0.75,5.9,6.033333333333334,5
2021-12-30 22:00:00,2021-12-30 23:15:00,1.5,6.8,7.133333333333333,22
2021-12-31 01:00:00,2021-12-31 08:15:00,7.5,4.0,5.343333333333334,1
2021-12-31 14:15:00,2021-12-31 14:45:00,0.75,7.2,7.400000000000001,14
2021-12-31 17:45:00,2021-12-31 18:45:00,1.25,7.8,8.04,17
2021-12-31 21:30:00,2022-01-01 04:30:00,7.25,3.8,6.013793103448276,21
2022-01-01 06:15:00,2022-01-01 07:45:00,1.75,4.0,4.2857142857142865,6
2022-01-01 14:15:00,2022-01-01 15:30:00,1.5,7.6,7.866666666666667,14
2022-01-01 23:00:00,2022-01-02 06:15:00,7.5,4.1,5.953333333333333,23
2022-01-02 11:45:00,2022-01-02 14:45:00,3.25,6.4,7.115384615384615,11
2022-01-03 04:30:00,2022-01-03 05:00:00,0.75,7.9,8.299999999999999,4
2022-01-03 11:30:00,2022-01-03 13:00:00,1.75,9.0,9.142857142857142,11
2022-01-04 02:30:00,2022-01-04 06:15:00,4.0,8.4,8.80625,2
2022-01-04 14:45:00,2022-01-04 16:00:00,1.5,9.9,10.483333333333334,14
2022-01-05 01:45:00,2022-01-05 07:30:00,6.0,8.2,9.408333333333333,1
2022-01-05 09:00:00,2022-01-05 09:45:00,1.0,7.6,7.875,9
2022-01-05 11:30:00,2022-01-05 12:30:00,1.25,8.4,9.040000000000001,11
2022-01-06 01:15:00,2022-01-06 02:30:00,1.5,9.2,9.266666666666666,1
2022-01-06 06:15:00,2022-01-06 07:15:00,1.25,8.1,8.680000000000001,6
2022-01-06 08:45:00,2022-01-06 09:15:00,0.75,7.3,7.866666666666666,8
2022-01-06 12:30:00,2022-01-06 13:30:00,1.25,9.2,9.379999999999999,12
2022-01-07 13:30:00,2022-01-07 13:45:00,0.5,9.5,9.6,13
2022-01-07 17:00:00,2022-01-07 17:30:00,0.75,9.5,9.6,17
2022-01-07 19:15:00,2022-01-07 22:00:00,3.0,9.3,9.533333333333333,19
2022-01-08 03:15:00,2022-01-08 04:00:00,1.0,9.1,9.225,3
2022-01-09 06:15:00,2022-01-09 08:15:00,2.25,7.0,8.11111111111111,6
2022-01-09 19:00:00,2022-01-09 19:15:00,0.5,8.9,9.0,19
2022-01-10 00:30:00,2022-01-10 02:00:00,1.75,6.6,7.628571428571428,0
2022-01-10 04:45:00,2022-01-10 05:30:00,1.0,7.6,7.775,4
2022-01-10 17:15:00,2022-01-10 17:30:00,0.5,8.8,8.9,17
2022-01-11 14:15:00,2022-01-11 15:30:00,1.5,9.5,9.700000000000001,14
2022-01-12 04:00:00,2022-01-12 04:45:00,1.0,8.6,8.8,4
2022-01-12 06:45:00,2022-01-12 08:30:00,2.0,9.0,9.225000000000001,6
2022-01-12 23:00:00,2022-01-12 23:30:00,0.75,9.4,9.5,23
2022-01-13 01:00:00,2022-01-13 07:15:00,6.5,8.2,9.13076923076923,1
2022-01-14 01:30:00,2022-01-14 02:00:00,0.75,8.6,8.833333333333334,1
2022-01-14 05:00:00,2022-01-14 06:30:00,1.75,8.0,8.557142857142855,5
2022-01-14 22:15:00,2022-01-15 03:15:00,5.25,7.8,8.776190476190475,22
2022-01-15 05:15:00,2022-01-15 07:00:00,2.0,7.0,7.625,5
2022-01-16 01:45:00,2022-01-16 03:30:00,2.0,8.0,8.375,1
2022-01-16 08:30:00,2022-01-16 10:45:00,2.5,9.6,10.129999999999999,8
2022-01-16 14:45:00,2022-01-16 16:15:00,1.75,9.6,9.742857142857142,14
2022-01-17 08:45:00,2022-01-17 09:30:00,1.0,10.1,10.224999999999998,8
2022-01-18 21:15:00,2022-01-18 22:30:00,1.5,10.9,11.050000000000002,21
2022-01-19 03:00:00,2022-01-19 04:30:00,1.75,9.6,10.12857142857143,3
2022-01-19 08:30:00,2022-01-19 12:45:00,4.5,7.8,9.077777777777778,8
2022-01-19 23:30:00,2022-01-19 23:45:00,0.5,9.9,10.100000000000001,23
2022-01-20 04:00:00,2022-01-20 05:00:00,1.25,8.8,9.3,4
2022-01-20 06:30:00,2022-01-20 08:15:00,2.0,8.0,8.25,6
2022-01-20 17:15:00,2022-01-20 18:00:00,1.0,9.0,9.125,17
2022-01-21 16:45:00,2022-01-21 18:00:00,1.5,9.9,10.233333333333333,16
2022-01-24 08:00:00,2022-01-24 13:15:00,5.5,10.0,10.952380952380953,8
2022-01-24 14:45:00,2022-01-24 18:15:00,3.75,10.9,11.360000000000001,14
2022-01-24 20:15:00,2022-01-24 21:15:00,1.25,10.7,10.98,20
2022-01-25 02:45:00,2022-01-25 03:15:00,0.75,10.5,10.633333333333333,2
2022-01-25 07:00:00,2022-01-25 08:15:00,1.5,9.9,10.183333333333334,7
2022-01-25 23:45:00,2022-01-26 01:15:00,1.75,9.6,9.814285714285715,23
2022-01-26 04:30:00,2022-01-26 04:45:00,0.5,8.8,9.100000000000001,4
2022-01-26 22:45:00,2022-01-26 23:15:00,0.75,9.3,9.433333333333334,22
2022-01-27 04:00:00,2022-01-27 05:30:00,1.75,8.7,9.085714285714287,4
2022-01-27 22:00:00,2022-01-28 01:30:00,3.75,8.6,9.706666666666667,22
2022-01-28 04:15:00,2022-01-28 04:30:00,0.5,8.0,8.2,4
2022-01-30 21:00:00,2022-01-30 22:45:00,2.0,9.5,9.7875,21
2022-01-31 01:45:00,2022-01-31 04:15:00,2.75,7.7,8.945454545454545,1
2022-01-31 07:45:00,2022-01-31 08:45:00,1.25,7.0,7.359999999999999,7
2022-01-31 22:00:00,2022-01-31 22:15:00,0.5,11.2,11.3,22
2022-01-31 23:45:00,2022-02-01 00:45:00,1.25,10.0,10.2,23
2022-02-01 02:15:00,2022-02-01 09:15:00,7.25,7.7,9.068965517241377,2
2022-02-02 06:15:00,2022-02-02 06:45:00,0.75,8.0,8.233333333333333,6
2022-02-02 09:45:00,2022-02-02 11:30:00,2.0,6.9,7.7875,9
2022-02-02 13:15:00,2022-02-02 14:15:00,1.25,8.4,8.459999999999999,13
2022-02-03 05:15:00,2022-02-03 07:15:00,2.25,6.8,7.288888888888888,5
2022-02-03 09:30:00,2022-02-03 11:30:00,2.25,6.7,7.2444444444444445,9
2022-02-03 13:30:00,2022-02-03 14:30:00,1.25,7.6,7.779999999999999,13
2022-02-03 22:15:00,2022-02-03 23:15:00,1.25,7.9,8.0,22
2022-02-04 06:15:00,2022-02-04 07:00:00,1.0,7.6,7.8,6
2022-02-04 11:45:00,2022-02-04 12:30:00,1.0,7.6,7.7749999999999995,11
2022-02-04 14:15:00,2022-02-04 14:45:00,0.75,8.1,8.200000000000001,14
2022-02-04 16:15:00,2022-02-04 17:00:00,1.0,8.1,8.375,16
2022-02-05 01:45:00,2022-02-05 03:00:00,1.5,8.8,9.016666666666667,1
2022-02-05 12:45:00,2022-02-05 14:45:00,2.25,9.8,10.022222222222222,12
2022-02-05 21:30:00,2022-02-05 23:00:00,1.75,9.9,10.142857142857142,21
2022-02-06 12:00:00,2022-02-06 13:15:00,1.5,10.4,10.566666666666668,12
2022-02-06 16:45:00,2022-02-06 17:00:00,0.5,10.7,10.8,16
2022-02-07 03:45:00,2022-02-07 06:30:00,3.0,9.7,10.166666666666668,3
2022-02-07 08:15:00,2022-02-07 10:00:00,2.0,9.6,10.0125,8
2022-02-07 19:45:00,2022-02-07 20:00:00,0.5,10.3,10.4,19
2022-02-08 05:15:00,2022-02-08 05:30:00,0.5,9.8,10.0,5
2022-02-08 14:30:00,2022-02-08 15:30:00,1.25,10.6,10.84,14
2022-02-08 21:30:00,2022-02-09 01:00:00,3.75,10.0,10.319999999999999,21
2022-02-09 04:45:00,2022-02-09 05:30:00,1.0,9.1,9.85,4
2022-02-09 07:15:00,2022-02-09 07:45:00,0.75,8.2,9.033333333333333,7
2022-02-09 20:45:00,2022-02-09 22:45:00,2.25,9.5,9.844444444444443,20
2022-02-10 01:30:00,2022-02-10 02:00:00,0.75,9.5,9.566666666666666,1
2022-02-10 14:00:00,2022-02-10 14:45:00,1.0,10.0,10.149999999999999,14
2022-02-10 16:15:00,2022-02-10 17:00:00,1.0,10.0,10.225,16
2022-02-11 18:15:00,2022-02-11 18:30:00,0.5,9.7,9.8,18
2022-02-11 20:30:00,2022-02-11 20:45:00,0.5,9.4,9.5,20
2022-02-11 22:15:00,2022-02-12 07:00:00,9.0,7.6,8.433333333333334,22
2022-02-12 11:00:00,2022-02-12 11:45:00,1.0,8.2,8.425,11
2022-02-12 19:00:00,2022-02-13 04:15:00,9.5,7.1,8.478947368421052,19
2022-02-14 02:45:00,2022-02-14 03:15:00,0.75,8.6,8.766666666666667,2
2022-02-14 06:00:00,2022-02-14 07:45:00,2.0,8.0,8.4,6
2022-02-15 00:15:00,2022-02-15 01:30:00,1.5,9.0,9.233333333333333,0
2022-02-15 07:00:00,2022-02-15 07:45:00,1.0,7.0,7.2749999999999995,7
2022-02-16 07:15:00,2022-02-16 08:00:00,1.0,7.5,8.0,7
2022-02-17 06:30:00,2022-02-17 09:00:00,2.75,5.2,6.8090909090909095,6
2022-02-18 00:15:00,2022-02-18 04:00:00,4.0,7.2,7.73125,0
2022-02-18 08:15:00,2022-02-18 09:00:00,1.0,6.7,7.1,8
2022-02-18 14:30:00,2022-02-18 16:00:00,1.75,7.8,8.342857142857143,14
2022-02-18 18:15:00,2022-02-18 18:30:00,0.5,8.0,8.1,18
2022-02-20 07:00:00,2022-02-20 07:30:00,0.75,8.3,8.433333333333334,7
2022-02-20 19:45:00,2022-02-20 20:15:00,0.75,8.9,9.033333333333333,19
2022-02-20 22:15:00,2022-02-20 23:45:00,1.75,8.3,8.571428571428571,22
2022-02-21 02:00:00,2022-02-21 03:00:00,1.25,8.1,8.4,2
2022-02-21 06:15:00,2022-02-21 08:15:00,2.25,8.0,8.277777777777779,6
2022-02-21 21:45:00,2022-02-21 23:15:00,1.75,7.5,8.171428571428573,21
2022-02-22 02:15:00,2022-02-22 06:30:00,4.5,7.4,7.838888888888889,2
2022-02-22 21:45:00,2022-02-22 22:00:00,0.5,7.2,7.300000000000001,21
2022-02-22 23:45:00,2022-02-23 00:45:00,1.25,6.8,7.159999999999999,23
2022-02-23 06:00:00,2022-02-23 06:45:00,1.0,6.8,6.95,6
2022-02-23 12:30:00,2022-02-23 16:15:00,4.0,8.1,8.88125,12
2022-02-23 18:30:00,2022-02-23 23:15:00,5.0,6.3,7.9,18
2022-02-24 01:45:00,2022-02-24 02:15:00,0.75,5.9,6.099999999999999,1
2022-02-24 12:30:00,2022-02-24 14:45:00,2.5,8.7,8.95,12
2022-02-24 19:00:00,2022-02-24 19:15:00,0.5,8.4,8.5,19
2022-02-24 20:45:00,2022-02-25 00:15:00,3.75,6.8,7.8066666666666675,20
2022-02-25 01:45:00,2022-02-25 02:15:00,0.75,6.9,7.099999999999999,1
2022-02-25 04:00:00,2022-02-25 04:30:00,0.75,5.7,6.066666666666666,4
2022-02-25 19:00:00,2022-02-25 20:30:00,1.75,7.5,7.914285714285714,19
2022-02-25 22:30:00,2022-02-25 22:45:00,0.5,7.2,7.35,22
2022-02-26 18:30:00,2022-02-26 19:30:00,1.25,9.0,9.34,18
2022-02-26 21:00:00,2022-02-27 07:00:00,10.25,6.1,7.868292682926828,21
2022-02-27 23:00:00,2022-02-28 00:15:00,1.5,7.5,8.183333333333332,23
2022-02-28 01:45:00,2022-02-28 03:00:00,1.5,7.8,8.216666666666667,1
2022-02-28 16:00:00,2022-02-28 17:00:00,1.25,9.1,9.280000000000001,16
2022-02-28 21:00:00,2022-02-28 22:00:00,1.25,8.7,8.9,21
2022-03-01 06:00:00,2022-03-01 06:45:00,1.0,7.7,8.1,6
2022-03-01 15:30:00,2022-03-01 16:45:00,1.5,9.5,9.866666666666667,15
2022-03-01 22:45:00,2022-03-02 07:45:00,9.25,7.1,8.154054054054054,22
2022-03-03 00:00:00,2022-03-03 00:15:00,0.5,8.5,8.6,0
2022-03-03 02:15:00,2022-03-03 04:45:00,2.75,8.0,8.227272727272727,2
2022-03-03 17:00:00,2022-03-03 19:30:00,2.75,8.7,9.090909090909092,17
2022-03-03 22:15:00,2022-03-04 05:15:00,7.25,7.6,8.206896551724139,22
2022-03-04 18:30:00,2022-03-04 19:45:00,1.5,8.9,9.083333333333334,18
2022-03-05 00:15:00,2022-03-05 01:45:00,1.75,8.2,8.385714285714286,0
2022-03-05 05:30:00,2022-03-05 07:45:00,2.5,7.2,7.75,5
2022-03-05 20:15:00,2022-03-05 22:30:00,2.5,7.3,7.859999999999999,20
2022-03-06 00:30:00,2022-03-06 02:00:00,1.75,7.4,7.799999999999999,0
2022-03-06 14:00:00,2022-03-06 14:30:00,0.75,8.9,9.0,14
2022-03-06 21:00:00,2022-03-06 22:30:00,1.75,6.0,6.514285714285714,21
2022-03-07 01:30:00,2022-03-07 02:15:00,1.0,6.5,6.85,1
2022-03-07 05:15:00,2022-03-07 05:30:00,0.5,6.6,6.75,5
2022-03-07 19:00:00,2022-03-08 00:15:00,5.5,6.4,7.5636363636363635,19
2022-03-08 03:15:00,2022-03-08 04:30:00,1.5,6.4,6.716666666666668,3
2022-03-08 19:30:00,2022-03-08 23:45:00,4.5,5.7,7.3999999999999995,19
2022-03-09 02:00:00,2022-03-09 03:45:00,2.0,6.6,7.199999999999999,2
2022-03-09 17:15:00,2022-03-09 19:15:00,2.25,7.6,8.088888888888887,17
2022-03-09 20:45:00,2022-03-09 22:45:00,2.25,7.8,8.033333333333333,20
2022-03-10 00:30:00,2022-03-10 01:45:00,1.5,7.3,7.5,0
2022-03-10 05:00:00,2022-03-10 05:30:00,0.75,7.1,7.233333333333334,5
2022-03-10 15:30:00,2022-03-10 17:00:00,1.75,9.6,10.414285714285715,15
2022-03-10 20:45:00,2022-03-11 05:15:00,8.75,3.7,7.691428571428571,20
2022-03-11 08:00:00,2022-03-11 09:15:00,1.5,6.9,7.300000000000001,8
2022-03-11 16:30:00,2022-03-11 19:30:00,3.25,8.2,8.930769230769233,16
2022-03-11 21:45:00,2022-03-11 22:30:00,1.0,8.1,8.25,21
2022-03-12 00:00:00,2022-03-12 01:30:00,1.75,7.0,7.8999999999999995,0
2022-03-14 00:30:00,2022-03-14 01:15:00,1.0,10.0,10.225000000000001,0
2022-03-14 04:45:00,2022-03-14 05:45:00,1.25,8.6,9.120000000000001,4
2022-03-15 03:45:00,2022-03-15 08:15:00,4.75,7.2,8.11578947368421,3
2022-03-15 13:45:00,2022-03-15 14:00:00,0.5,9.1,9.3,13
2022-03-16 06:15:00,2022-03-16 08:00:00,2.0,6.3,6.9875,6
2022-03-17 01:30:00,2022-03-17 03:15:00,2.0,7.6,7.799999999999999,1
2022-03-17 05:00:00,2022-03-17 06:45:00,2.0,6.0,7.0625,5
2022-03-17 08:15:00,2022-03-17 09:00:00,1.0,7.3,7.65,8
2022-03-17 23:15:00,2022-03-18 01:15:00,2.25,8.1,8.533333333333331,23
2022-03-19 03:45:00,2022-03-19 04:15:00,0.75,7.0,7.166666666666667,3
2022-03-19 06:15:00,2022-03-19 08:15:00,2.25,6.2,7.222222222222222,6
2022-03-19 19:30:00,2022-03-19 20:45:00,1.5,8.8,9.133333333333333,19
2022-03-19 23:00:00,2022-03-20 01:15:00,2.5,7.9,8.39,23
2022-03-20 03:15:00,2022-03-20 03:45:00,0.75,8.1,8.200000000000001,3
2022-03-20 19:15:00,2022-03-20 20:30:00,1.5,8.8,9.383333333333333,19
2022-03-20 22:15:00,2022-03-21 00:15:00,2.25,8.1,8.577777777777776,22
2022-03-21 02:15:00,2022-03-21 03:15:00,1.25,7.4,7.88,2
2022-03-21 05:15:00,2022-03-21 06:30:00,1.5,7.6,8.0,5
2022-03-21 19:45:00,2022-03-22 02:45:00,7.25,7.2,7.682758620689656,19
2022-03-22 19:15:00,2022-03-23 00:15:00,5.25,6.4,7.385714285714285,19
2022-03-23 02:15:00,2022-03-23 06:00:00,4.0,5.1,6.4,2
2022-03-23 20:00:00,2022-03-24 00:45:00,5.0,5.7,7.33,20
2022-03-24 02:30:00,2022-03-24 07:15:00,5.0,5.6,5.970000000000001,2
2022-03-24 16:15:00,2022-03-24 16:45:00,0.75,8.4,8.5,16
2022-03-24 18:15:00,2022-03-24 22:45:00,4.75,7.4,8.021052631578948,18
2022-03-25 04:45:00,2022-03-25 05:45:00,1.25,7.4,7.540000000000001,4
2022-03-25 17:45:00,2022-03-25 19:30:00,2.0,8.4,8.7875,17
2022-03-25 22:00:00,2022-03-26 03:45:00,6.0,5.3,7.3,22
2022-03-26 22:30:00,2022-03-26 23:00:00,0.75,8.0,8.200000000000001,22
2022-03-27 00:30:00,2022-03-27 02:15:00,2.0,7.5,7.8500000000000005,0
2022-03-27 04:30:00,2022-03-27 05:30:00,1.25,6.9,7.140000000000001,4
2022-03-27 10:15:00,2022-03-27 11:00:00,1.0,7.7,7.975,10
2022-03-28 01:15:00,2022-03-28 02:45:00,1.75,7.3,7.542857142857143,1
2022-03-28 05:00:00,2022-03-28 05:15:00,0.5,6.8,7.0,5
2022-03-29 01:45:00,2022-03-29 07:15:00,5.75,4.9,6.630434782608695,1
2022-03-29 19:45:00,2022-03-29 21:15:00,1.75,7.7,8.085714285714285,19
2022-03-29 22:45:00,2022-03-29 23:45:00,1.25,7.4,7.779999999999999,22
2022-03-30 03:15:00,2022-03-30 08:00:00,5.0,4.3,6.22,3
2022-03-31 01:15:00,2022-03-31 10:00:00,9.0,3.9,5.472222222222222,1
2022-03-31 16:15:00,2022-03-31 17:45:00,1.75,7.0,7.814285714285715,16
2022-03-31 23:00:00,2022-04-01 03:45:00,5.0,6.2,6.92,23
2022-04-01 05:30:00,2022-04-01 07:15:00,2.0,5.4,5.9875,5
2022-04-01 09:15:00,2022-04-01 09:45:00,0.75,5.7,5.8999999999999995,9
2022-04-01 18:45:00,2022-04-01 19:15:00,0.75,8.3,8.5,18
2022-04-01 21:15:00,2022-04-02 00:30:00,3.5,6.7,7.564285714285715,21
2022-04-02 02:45:00,2022-04-02 03:30:00,1.0,6.6,6.775,2
2022-04-02 14:00:00,2022-04-02 16:45:00,3.0,6.9,8.341666666666667,14
2022-04-02 18:30:00,2022-04-02 22:45:00,4.5,7.2,7.966666666666667,18
2022-04-03 01:15:00,2022-04-03 03:45:00,2.75,6.3,7.163636363636363,1
2022-04-03 06:15:00,2022-04-03 08:15:00,2.25,6.9,7.388888888888889,6
2022-04-03 16:45:00,2022-04-03 19:00:00,2.5,8.8,9.16,16
2022-04-03 20:45:00,2022-04-04 01:15:00,4.75,7.5,8.157894736842104,20
2022-04-04 03:00:00,2022-04-04 03:30:00,0.75,6.2,6.8,3
2022-04-04 07:00:00,2022-04-04 08:00:00,1.25,7.6,7.859999999999999,7
2022-04-04 10:15:00,2022-04-04 10:45:00,0.75,8.0,8.3,10
2022-04-04 18:45:00,2022-04-05 03:15:00,8.75,6.4,7.345714285714286,18
2022-04-05 13:00:00,2022-04-05 13:15:00,0.5,7.2,7.300000000000001,13
2022-04-05 18:00:00,2022-04-05 18:30:00,0.75,7.1,7.266666666666666,18
2022-04-05 20:45:00,2022-04-05 21:30:00,1.0,6.6,6.875,20
2022-04-05 23:00:00,2022-04-06 00:00:00,1.25,6.4,6.720000000000001,23
2022-04-06 02:45:00,2022-04-06 03:45:00,1.25,6.3,6.42,2
2022-04-06 17:15:00,2022-04-07 02:00:00,9.0,6.3,7.355555555555556,17
2022-04-07 15:15:00,2022-04-07 16:45:00,1.75,7.7,8.6,15
2022-04-07 18:15:00,2022-04-07 19:00:00,1.0,7.8,8.15,18
2022-04-07 21:00:00,2022-04-07 22:00:00,1.25,7.4,7.68,21
2022-04-09 04:45:00,2022-04-09 05:30:00,1.0,7.7,7.825,4
2022-04-09 18:45:00,2022-04-09 20:00:00,1.5,8.9,9.116666666666667,18
2022-04-10 18:30:00,2022-04-10 18:45:00,0.5,9.4,9.5,18
2022-04-10 21:00:00,2022-04-10 21:30:00,0.75,8.6,8.766666666666667,21
2022-04-11 06:00:00,2022-04-11 06:30:00,0.75,6.5,6.766666666666667,6
2022-04-11 16:30:00,2022-04-11 17:30:00,1.25,8.4,8.66,16
2022-04-11 23:00:00,2022-04-12 00:15:00,1.5,7.3,7.583333333333333,23
2022-04-12 01:45:00,2022-04-12 03:15:00,1.75,4.7,6.885714285714286,1
2022-04-12 05:30:00,2022-04-12 09:15:00,4.0,4.3,5.8625,5
2022-04-13 00:15:00,2022-04-13 00:30:00,0.5,7.4,7.5,0
2022-04-13 02:15:00,2022-04-13 07:45:00,5.75,4.9,6.413043478260868,2
2022-04-13 09:45:00,2022-04-13 11:15:00,1.75,6.2,7.028571428571428,9
2022-04-13 22:15:00,2022-04-13 23:30:00,1.5,7.1,7.216666666666666,22
2022-04-14 03:30:00,2022-04-14 06:15:00,3.0,5.8,6.558333333333333,3
2022-04-14 10:00:00,2022-04-14 12:45:00,3.0,6.2,6.649999999999999,10
2022-04-14 16:00:00,2022-04-14 16:45:00,1.0,7.5,7.725,16
2022-04-14 18:30:00,2022-04-14 20:45:00,2.5,6.8,7.07,18
2022-04-14 22:45:00,2022-04-15 00:15:00,1.75,6.3,6.471428571428571,22
2022-04-15 02:15:00,2022-04-15 07:30:00,5.5,5.2,6.513636363636365,2
2022-04-15 17:45:00,2022-04-16 02:00:00,8.5,6.8,7.223529411764707,17
2022-04-16 05:15:00,2022-04-16 06:00:00,1.0,5.9,6.075,5
2022-04-16 14:45:00,2022-04-16 15:45:00,1.25,8.1,8.22,14
2022-04-16 17:15:00,2022-04-17 01:00:00,8.0,6.5,7.125,17
2022-04-17 04:45:00,2022-04-17 07:00:00,2.5,5.9,6.3100000000000005,4
2022-04-17 16:30:00,2022-04-17 18:30:00,2.25,6.6,7.022222222222222,16
2022-04-17 22:30:00,2022-04-18 00:15:00,2.0,6.5,6.8125,22
2022-04-18 13:30:00,2022-04-18 17:45:00,4.5,6.2,7.355555555555556,13
2022-04-19 18:30:00,2022-04-19 21:00:00,2.75,7.7,8.090909090909092,18
2022-04-19 23:00:00,2022-04-20 01:00:00,2.25,6.4,6.922222222222222,23
2022-04-20 20:15:00,2022-04-21 01:00:00,5.0,6.3,7.460000000000001,20
2022-04-21 02:30:00,2022-04-21 04:00:00,1.75,6.5,6.671428571428571,2
2022-04-27 15:30:00,2022-04-27 16:45:00,1.5,7.9,8.116666666666667,15
2022-04-27 20:00:00,2022-04-27 21:00:00,1.25,7.3,7.5,20
2022-04-27 23:00:00,2022-04-27 23:45:00,1.0,6.4,6.674999999999999,23
2022-04-28 01:30:00,2022-04-28 04:45:00,3.5,5.6,6.385714285714285,1
2022-04-28 06:15:00,2022-04-28 07:00:00,1.0,5.8,6.0,6
2022-04-28 12:15:00,2022-04-28 12:45:00,0.75,7.5,7.566666666666666,12
2022-04-28 20:15:00,2022-04-28 21:00:00,1.0,7.3,7.4750000000000005,20
2022-04-28 22:45:00,2022-04-29 01:00:00,2.5,6.7,7.0699999999999985,22
2022-04-29 03:15:00,2022-04-29 04:30:00,1.5,6.4,6.616666666666667,3
2022-04-29 18:45:00,2022-04-29 20:30:00,2.0,5.3,6.4125000000000005,18
2022-04-29 22:15:00,2022-04-30 01:15:00,3.25,6.4,6.646153846153846,22
2022-04-30 03:15:00,2022-04-30 04:45:00,1.75,6.2,6.385714285714285,3
2022-04-30 15:00:00,2022-04-30 16:15:00,1.5,6.9,7.083333333333333,15
2022-04-30 19:15:00,2022-04-30 19:45:00,0.75,6.1,6.266666666666666,19
2022-04-30 23:00:00,2022-05-01 01:15:00,2.5,5.8,6.029999999999999,23
2022-05-01 14:45:00,2022-05-01 16:45:00,2.25,7.2,7.455555555555557,14
2022-05-01 18:45:00,2022-05-01 21:15:00,2.75,6.4,6.754545454545454,18
2022-05-02 00:45:00,2022-05-02 02:30:00,2.0,5.8,6.050000000000001,0
2022-05-02 04:00:00,2022-05-02 05:15:00,1.5,5.7,5.800000000000001,4
2022-05-02 18:15:00,2022-05-02 22:45:00,4.75,5.1,6.11578947368421,18
2022-05-03 03:45:00,2022-05-03 06:45:00,3.25,5.8,6.06923076923077,3
2022-05-03 14:45:00,2022-05-03 19:15:00,4.75,6.0,7.242105263157894,14
2022-05-03 21:15:00,2022-05-03 22:30:00,1.5,6.2,6.516666666666667,21
2022-05-04 01:00:00,2022-05-04 02:00:00,1.25,5.3,5.6,1
2022-05-04 03:45:00,2022-05-04 05:15:00,1.75,5.5,5.7,3
2022-05-04 16:45:00,2022-05-04 20:00:00,3.5,5.9,6.95,16
2022-05-04 22:15:00,2022-05-05 00:30:00,2.5,5.6,6.42,22
2022-05-05 04:00:00,2022-05-05 05:45:00,2.0,5.3,5.449999999999999,4
2022-05-05 16:45:00,2022-05-05 22:45:00,6.25,5.2,6.5,16
2022-05-06 03:45:00,2022-05-06 04:45:00,1.25,5.8,6.0200000000000005,3
2022-05-06 17:30:00,2022-05-06 17:45:00,0.5,7.6,7.75,17
2022-05-06 20:00:00,2022-05-07 04:00:00,8.25,4.7,5.793939393939394,20
2022-05-07 05:30:00,2022-05-07 07:15:00,2.0,5.0,5.375,5
2022-05-07 08:45:00,2022-05-07 09:45:00,1.25,5.8,6.24,8
2022-05-07 15:15:00,2022-05-07 16:45:00,1.75,8.0,8.642857142857142,15
2022-05-07 19:30:00,2022-05-07 23:45:00,4.5,3.8,5.094444444444444,19
2022-05-18 09:45:00,2022-05-18 10:30:00,1.0,5.9,5.975,9
2022-05-18 16:00:00,2022-05-18 22:45:00,7.0,4.6,6.139285714285713,16
2022-05-19 16:45:00,2022-05-19 22:30:00,6.0,4.9,7.066666666666666,16
2022-05-20 00:15:00,2022-05-20 04:30:00,4.5,5.0,5.705555555555556,0
2022-05-20 09:45:00,2022-05-20 11:45:00,2.25,6.6,7.088888888888889,9
2022-05-20 17:30:00,2022-05-20 23:45:00,6.5,4.6,6.769230769230769,17
2022-05-21 02:45:00,2022-05-21 05:00:00,2.5,4.5,4.87,2
2022-05-21 11:15:00,2022-05-21 13:45:00,2.75,6.4,6.681818181818183,11
2022-05-21 16:45:00,2022-05-21 18:00:00,1.5,6.9,7.033333333333334,16
2022-05-21 20:00:00,2022-05-22 01:15:00,5.5,3.8,5.277272727272727,20
2022-05-22 05:15:00,2022-05-22 06:15:00,1.25,4.2,4.540000000000001,5
2022-05-22 19:45:00,2022-05-23 01:30:00,6.0,4.5,5.7250000000000005,19
2022-05-23 03:00:00,2022-05-23 05:00:00,2.25,3.5,4.655555555555555,3
2022-05-23 19:15:00,2022-05-23 21:15:00,2.25,5.6,5.877777777777777,19
2022-05-24 01:45:00,2022-05-24 05:00:00,3.5,4.9,5.292857142857143,1
2022-05-25 19:45:00,2022-05-25 22:15:00,2.75,6.0,6.445454545454544,19
2022-05-26 05:15:00,2022-05-26 06:00:00,1.0,5.1,5.425000000000001,5
2022-05-26 07:45:00,2022-05-26 09:00:00,1.5,5.1,5.616666666666667,7
2022-05-26 12:45:00,2022-05-26 14:30:00,2.0,6.4,6.7375,12
2022-05-27 12:30:00,2022-05-27 12:45:00,0.5,7.0,7.1,12
2022-05-27 15:15:00,2022-05-27 18:15:00,3.25,6.8,7.338461538461538,15
2022-05-27 20:00:00,2022-05-27 22:15:00,2.5,5.9,6.26,20
2022-05-27 23:45:00,2022-05-28 03:30:00,4.0,5.6,6.0249999999999995,23
2022-05-28 14:30:00,2022-05-28 14:45:00,0.5,7.2,7.300000000000001,14
2022-05-28 17:45:00,2022-05-28 18:00:00,0.5,6.9,7.0,17
2022-05-28 19:30:00,2022-05-28 23:30:00,4.25,5.8,6.3647058823529425,19
2022-05-29 18:30:00,2022-05-29 18:45:00,0.5,5.9,6.1,18
2022-05-29 20:15:00,2022-05-29 22:45:00,2.75,5.7,6.045454545454546,20
2022-05-30 17:30:00,2022-05-30 21:45:00,4.5,4.8,6.1000000000000005,17
2022-05-31 02:15:00,2022-05-31 02:30:00,0.5,5.3,5.449999999999999,2
2022-05-31 16:15:00,2022-05-31 20:00:00,4.0,5.7,6.574999999999999,16
2022-05-31 22:00:00,2022-05-31 22:45:00,1.0,4.8,5.425,22
2022-06-01 00:45:00,2022-06-01 03:00:00,2.5,4.8,5.21,0
2022-06-01 04:30:00,2022-06-01 04:45:00,0.5,4.7,4.85,4
2022-06-01 17:45:00,2022-06-02 01:30:00,8.0,4.0,5.30625,17
2022-06-02 03:15:00,2022-06-02 04:00:00,1.0,4.7,4.825,3
2022-06-02 17:15:00,2022-06-02 23:45:00,6.75,4.1,5.84074074074074,17
2022-06-03 02:15:00,2022-06-03 03:15:00,1.25,4.8,5.0,2
2022-06-03 05:00:00,2022-06-03 06:00:00,1.25,4.9,5.0600000000000005,5
2022-06-03 13:00:00,2022-06-03 13:45:00,1.0,6.9,7.125,13
2022-06-03 18:00:00,2022-06-03 22:00:00,4.25,6.0,6.617647058823529,18
2022-06-04 01:00:00,2022-06-04 02:30:00,1.75,5.1,5.428571428571429,1
2022-06-04 04:15:00,2022-06-04 05:30:00,1.5,5.0,5.116666666666666,4
2022-06-04 20:15:00,2022-06-05 03:45:00,7.75,3.5,4.912903225806451,20
2022-06-05 07:00:00,2022-06-05 08:15:00,1.5,4.2,4.749999999999999,7
2022-06-05 10:00:00,2022-06-05 10:30:00,0.75,5.5,5.633333333333333,10
2022-06-05 14:45:00,2022-06-05 16:00:00,1.5,5.6,5.8999999999999995,14
2022-06-05 19:45:00,2022-06-05 23:30:00,4.0,3.9,4.8625,19
2022-06-06 01:00:00,2022-06-06 01:15:00,0.5,3.9,4.15,1
2022-06-06 02:45:00,2022-06-06 06:30:00,4.0,3.5,4.09375,2
2022-06-06 20:45:00,2022-06-06 21:00:00,0.5,5.6,5.699999999999999,20
2022-06-06 22:45:00,2022-06-07 01:15:00,2.75,4.3,5.163636363636363,22
2022-06-07 23:00:00,2022-06-08 02:45:00,4.0,4.7,5.225,23
2022-06-08 20:15:00,2022-06-08 21:15:00,1.25,6.1,6.32,20
2022-06-09 19:30:00,2022-06-10 04:45:00,9.5,4.6,5.413157894736842,19
2022-06-10 13:15:00,2022-06-10 19:00:00,6.0,5.8,6.55,13
2022-06-10 20:30:00,2022-06-10 21:15:00,1.0,5.8,6.125,20
2022-06-11 01:00:00,2022-06-11 03:15:00,2.5,5.4,5.709999999999999,1
2022-06-11 05:00:00,2022-06-11 06:45:00,2.0,5.4,5.575,5
2022-06-11 09:15:00,2022-06-11 10:45:00,1.75,5.3,5.6,9
2022-06-11 21:45:00,2022-06-11 23:30:00,2.0,6.0,6.125,21
2022-06-12 02:45:00,2022-06-12 05:30:00,3.0,5.1,5.766666666666666,2
2022-06-12 09:30:00,2022-06-12 09:45:00,0.5,6.6,6.699999999999999,9
2022-06-12 14:15:00,2022-06-12 18:15:00,4.25,6.5,7.076470588235295,14
2022-06-13 11:45:00,2022-06-13 14:45:00,3.25,5.6,6.86153846153846,11
2022-06-13 17:45:00,2022-06-13 20:15:00,2.75,6.3,6.781818181818181,17
2022-06-13 21:45:00,2022-06-14 00:45:00,3.25,6.0,6.46923076923077,21
2022-06-14 02:30:00,2022-06-14 02:45:00,0.5,5.7,5.800000000000001,2
2022-06-14 10:00:00,2022-06-14 11:15:00,1.5,6.0,6.383333333333333,10
2022-06-14 13:45:00,2022-06-14 16:15:00,2.75,6.4,7.227272727272728,13
2022-06-14 19:15:00,2022-06-14 22:00:00,3.0,5.2,5.933333333333334,19
2022-06-14 23:30:00,2022-06-15 05:45:00,6.5,4.8,5.465384615384616,23
2022-06-15 09:00:00,2022-06-15 09:45:00,1.0,5.6,5.8,9
2022-06-15 14:15:00,2022-06-15 18:00:00,4.0,6.0,7.51875,14
2022-06-15 19:30:00,2022-06-16 02:00:00,6.75,4.3,5.2,19
2022-06-16 03:45:00,2022-06-16 04:30:00,1.0,4.9,5.0,3
2022-06-16 09:45:00,2022-06-16 11:00:00,1.5,5.0,5.5,9
2022-06-16 17:00:00,2022-06-16 23:15:00,6.5,3.6,4.996153846153846,17
2022-06-17 01:00:00,2022-06-17 02:30:00,1.75,3.7,3.9428571428571426,1
2022-06-17 04:00:00,2022-06-17 05:30:00,1.75,2.9,3.771428571428572,4
2022-06-17 07:45:00,2022-06-17 09:00:00,1.5,3.9,4.333333333333333,7
2022-06-17 17:00:00,2022-06-17 19:45:00,3.0,4.5,6.133333333333333,17
2022-06-17 21:15:00,2022-06-18 03:15:00,6.25,3.6,4.444,21
2022-06-18 08:00:00,2022-06-18 09:15:00,1.5,4.6,5.033333333333334,8
2022-06-18 11:45:00,2022-06-18 13:00:00,1.5,6.2,6.616666666666667,11
2022-06-18 15:30:00,2022-06-18 16:45:00,1.5,6.7,7.183333333333334,15
2022-06-18 18:30:00,2022-06-18 19:30:00,1.25,6.5,6.859999999999999,18
2022-06-18 21:00:00,2022-06-18 22:45:00,2.0,4.6,5.4625,21
2022-06-19 00:30:00,2022-06-19 04:30:00,4.25,2.9,4.441176470588235,0
2022-06-19 06:15:00,2022-06-19 06:30:00,0.5,3.7,3.85,6
2022-06-19 09:30:00,2022-06-19 15:15:00,6.0,1.5,5.316666666666666,9
2022-06-19 18:45:00,2022-06-19 19:30:00,1.0,7.0,7.225,18
2022-06-19 21:00:00,2022-06-20 05:00:00,8.25,4.0,5.324242424242424,21
2022-06-20 06:30:00,2022-06-20 09:00:00,2.75,4.4,4.881818181818182,6
2022-06-20 14:30:00,2022-06-20 15:45:00,1.5,6.2,6.8500000000000005,14
2022-06-20 17:15:00,2022-06-20 17:30:00,0.5,6.5,6.6,17
2022-06-20 20:45:00,2022-06-21 06:30:00,10.0,3.6,5.140000000000001,20
2022-06-21 11:45:00,2022-06-21 12:00:00,0.5,5.6,5.9,11
2022-06-21 16:15:00,2022-06-21 19:30:00,3.5,6.3,7.957142857142856,16
2022-06-21 22:15:00,2022-06-22 03:00:00,5.0,5.3,6.22,22
2022-06-22 04:45:00,2022-06-22 07:00:00,2.5,4.9,5.1,4
2022-06-22 15:45:00,2022-06-22 16:00:00,0.5,9.3,9.4,15
2022-06-22 17:30:00,2022-06-23 02:15:00,9.0,5.0,6.802777777777778,17
2022-06-23 03:45:00,2022-06-23 06:00:00,2.5,4.6,4.89,3
2022-06-23 16:15:00,2022-06-23 23:30:00,7.5,5.7,7.086666666666665,16
2022-06-24 01:15:00,2022-06-24 03:00:00,2.0,5.6,6.2125,1
2022-06-24 15:30:00,2022-06-24 20:30:00,5.25,6.0,6.99047619047619,15
2022-06-24 22:00:00,2022-06-24 23:45:00,2.0,5.5,5.85,22
2022-06-25 01:45:00,2022-06-25 04:15:00,2.75,4.9,5.490909090909091,1
2022-06-25 06:15:00,2022-06-25 07:30:00,1.5,4.9,5.1000000000000005,6
2022-06-25 10:15:00,2022-06-25 10:30:00,0.5,5.4,5.5,10
2022-06-25 14:30:00,2022-06-25 15:30:00,1.25,5.8,6.28,14
2022-06-25 17:15:00,2022-06-25 20:15:00,3.25,5.1,5.476923076923076,17
2022-06-25 22:15:00,2022-06-25 23:30:00,1.5,4.8,5.016666666666667,22
2022-06-26 01:15:00,2022-06-26 04:15:00,3.25,4.3,4.723076923076923,1
2022-06-26 07:45:00,2022-06-26 08:00:00,0.5,4.1,4.25,7
2022-06-26 11:30:00,2022-06-26 12:15:00,1.0,5.9,6.049999999999999,11
2022-06-26 13:45:00,2022-06-26 20:00:00,6.5,4.5,5.453846153846154,13
2022-06-27 01:30:00,2022-06-27 02:00:00,0.75,4.1,4.233333333333333,1
2022-06-27 05:00:00,2022-06-27 05:30:00,0.75,4.5,4.666666666666667,5
2022-06-27 08:00:00,2022-06-27 09:15:00,1.5,4.8,5.166666666666666,8
2022-06-27 18:15:00,2022-06-27 19:30:00,1.5,6.7,7.5,18
2022-06-27 21:00:00,2022-06-28 02:15:00,5.5,5.0,5.931818181818182,21
2022-06-28 04:00:00,2022-06-28 05:15:00,1.5,5.3,5.433333333333334,4
2022-06-28 11:45:00,2022-06-28 15:15:00,3.75,7.4,8.366666666666669,11
2022-06-28 17:15:00,2022-06-28 20:30:00,3.5,5.6,6.514285714285714,17
2022-06-28 22:45:00,2022-06-29 01:00:00,2.5,4.8,5.47,22
2022-06-29 10:00:00,2022-06-29 11:00:00,1.25,5.0,5.2,10
2022-06-29 15:30:00,2022-06-30 04:15:00,13.0,4.7,5.601923076923076,15
2022-06-30 07:45:00,2022-06-30 12:15:00,4.75,5.3,5.873684210526315,7
2022-06-30 17:45:00,2022-06-30 21:15:00,3.75,5.8,6.9399999999999995,17
2022-06-30 22:45:00,2022-07-01 00:30:00,2.0,5.3,5.875,22
2022-07-01 02:30:00,2022-07-01 03:45:00,1.5,5.4,5.7,2
2022-07-01 10:15:00,2022-07-01 10:30:00,0.5,6.2,6.300000000000001,10
2022-07-01 12:00:00,2022-07-01 12:30:00,0.75,6.4,6.766666666666667,12
2022-07-01 16:45:00,2022-07-02 02:30:00,10.0,3.0,5.3725000000000005,16
2022-07-02 04:15:00,2022-07-02 05:30:00,1.5,4.1,4.566666666666666,4
2022-07-02 14:15:00,2022-07-02 15:30:00,1.5,6.4,7.083333333333333,14
2022-07-02 17:30:00,2022-07-02 22:15:00,5.0,4.3,5.249999999999999,17
2022-07-03 01:15:00,2022-07-03 02:00:00,1.0,4.5,4.775,1
2022-07-03 06:15:00,2022-07-03 07:45:00,1.75,4.6,4.828571428571429,6
2022-07-03 12:00:00,2022-07-03 14:45:00,3.0,4.8,5.1,12
2022-07-03 18:45:00,2022-07-04 07:45:00,13.25,2.4,4.475471698113207,18
2022-07-04 11:00:00,2022-07-04 12:00:00,1.25,4.3,4.459999999999999,11
2022-07-04 13:30:00,2022-07-04 15:45:00,2.5,5.0,5.65,13
2022-07-04 21:00:00,2022-07-05 02:15:00,5.5,4.2,4.786363636363635,21
2022-07-05 04:00:00,2022-07-05 05:00:00,1.25,3.0,3.7199999999999998,4
2022-07-05 06:45:00,2022-07-05 08:30:00,2.0,3.2,3.55,6
2022-07-05 10:30:00,2022-07-05 13:30:00,3.25,4.2,5.06923076923077,10
2022-07-05 16:15:00,2022-07-05 16:30:00,0.5,5.8,5.949999999999999,16
2022-07-05 18:15:00,2022-07-06 01:30:00,7.5,4.7,5.620000000000001,18
2022-07-06 03:00:00,2022-07-06 05:45:00,3.0,3.8,4.433333333333333,3
2022-07-06 07:45:00,2022-07-06 12:00:00,4.5,3.6,4.5,7
2022-07-06 14:45:00,2022-07-06 15:45:00,1.25,6.3,6.6,14
2022-07-06 17:15:00,2022-07-06 18:00:00,1.0,5.6,5.800000000000001,17
2022-07-06 19:30:00,2022-07-07 00:15:00,5.0,4.8,5.6049999999999995,19
2022-07-07 02:15:00,2022-07-07 06:45:00,4.75,2.7,4.4684210526315775,2
2022-07-07 15:30:00,2022-07-07 16:00:00,0.75,6.7,6.866666666666667,15
2022-07-07 17:30:00,2022-07-08 08:45:00,15.5,3.0,5.253225806451613,17
2022-07-08 10:30:00,2022-07-08 11:15:00,1.0,4.4,4.65,10
2022-07-08 18:15:00,2022-07-08 19:15:00,1.25,5.8,6.0600000000000005,18
2022-07-09 02:45:00,2022-07-09 05:00:00,2.5,4.8,5.05,2
2022-07-09 07:00:00,2022-07-09 08:15:00,1.5,4.8,5.0,7
2022-07-09 15:45:00,2022-07-09 17:30:00,2.0,6.8,7.112500000000001,15
2022-07-09 20:30:00,2022-07-09 20:45:00,0.5,5.6,5.8,20
2022-07-10 03:15:00,2022-07-10 04:30:00,1.5,5.1,5.25,3
2022-07-10 14:00:00,2022-07-10 15:30:00,1.75,6.4,6.514285714285714,14
2022-07-10 17:15:00,2022-07-10 22:30:00,5.5,5.5,6.172727272727273,17
2022-07-11 00:00:00,2022-07-11 01:15:00,1.5,5.5,5.6499999999999995,0
2022-07-11 12:30:00,2022-07-11 21:45:00,9.5,5.4,6.713157894736842,12
2022-07-11 23:15:00,2022-07-12 01:15:00,2.25,4.8,5.355555555555556,23
2022-07-12 05:15:00,2022-07-12 06:00:00,1.0,5.2,5.3,5
2022-07-12 07:45:00,2022-07-12 09:00:00,1.5,5.4,5.583333333333333,7
2022-07-12 15:00:00,2022-07-12 15:45:00,1.0,6.1,6.35,15
2022-07-12 18:00:00,2022-07-13 03:00:00,9.25,4.3,5.135135135135136,18
2022-07-13 05:30:00,2022-07-13 05:45:00,0.5,4.4,4.5,5
2022-07-13 14:30:00,2022-07-13 19:45:00,5.5,5.5,6.136363636363637,14
2022-07-14 09:45:00,2022-07-14 10:30:00,1.0,5.8,5.975,9
2022-07-14 14:00:00,2022-07-15 03:45:00,14.0,4.3,5.798214285714287,14
2022-07-15 10:00:00,2022-07-15 11:00:00,1.25,5.4,5.640000000000001,10
2022-07-15 17:15:00,2022-07-15 19:00:00,2.0,5.9,6.625,17
2022-07-15 20:45:00,2022-07-16 07:15:00,10.75,3.9,4.7953488372093025,20
2022-07-16 11:00:00,2022-07-16 11:45:00,1.0,6.1,6.2749999999999995,11
2022-07-16 15:15:00,2022-07-16 17:00:00,2.0,6.7,7.137499999999999,15
2022-07-16 18:45:00,2022-07-16 22:45:00,4.25,5.3,5.923529411764705,18
2022-07-17 00:30:00,2022-07-17 06:45:00,6.5,4.0,4.719230769230769,0
2022-07-17 12:00:00,2022-07-17 12:30:00,0.75,6.4,6.533333333333334,12
2022-07-17 19:15:00,2022-07-17 23:00:00,4.0,4.4,5.73125,19
2022-07-18 00:30:00,2022-07-18 01:30:00,1.25,5.4,5.659999999999999,0
2022-07-18 03:00:00,2022-07-18 07:30:00,4.75,3.5,4.373684210526316,3
2022-07-18 10:15:00,2022-07-18 11:00:00,1.0,4.8,4.925,10
2022-07-18 13:45:00,2022-07-18 17:00:00,3.5,5.8,6.278571428571428,13
2022-07-18 19:15:00,2022-07-18 19:30:00,0.5,5.9,6.0,19
2022-07-18 21:00:00,2022-07-18 21:15:00,0.5,5.4,5.5,21
2022-07-19 17:15:00,2022-07-19 19:15:00,2.25,6.3,6.777777777777777,17
2022-07-20 06:15:00,2022-07-20 08:00:00,2.0,5.1,5.475,6
2022-07-20 11:00:00,2022-07-20 12:30:00,1.75,6.3,6.785714285714286,11
2022-07-21 06:00:00,2022-07-21 07:00:00,1.25,5.2,5.42,6
2022-07-21 18:00:00,2022-07-21 18:15:00,0.5,7.1,7.199999999999999,18
2022-07-22 03:15:00,2022-07-22 04:30:00,1.5,5.7,5.8500000000000005,3
2022-07-22 06:30:00,2022-07-22 07:30:00,1.25,5.2,5.54,6
2022-07-22 14:15:00,2022-07-22 17:15:00,3.25,6.6,7.038461538461538,14
2022-07-22 18:45:00,2022-07-22 19:30:00,1.0,6.4,6.675000000000001,18
2022-07-23 03:15:00,2022-07-23 04:45:00,1.75,5.3,5.7,3
2022-07-23 15:00:00,2022-07-23 22:00:00,7.25,6.0,7.220689655172414,15
2022-07-24 09:15:00,2022-07-24 09:30:00,0.5,5.3,5.449999999999999,9
2022-07-24 13:30:00,2022-07-24 14:30:00,1.25,6.6,6.779999999999999,13
2022-07-24 18:30:00,2022-07-24 22:00:00,3.75,5.4,5.9,18
2022-07-25 09:00:00,2022-07-25 09:15:00,0.5,5.2,5.300000000000001,9
2022-07-25 10:45:00,2022-07-25 12:00:00,1.5,5.1,5.6499999999999995,10
2022-07-25 16:30:00,2022-07-26 00:00:00,7.75,4.8,5.735483870967743,16
2022-07-26 15:00:00,2022-07-26 15:45:00,1.0,7.2,7.375,15
2022-07-26 17:45:00,2022-07-26 23:00:00,5.5,5.5,6.168181818181818,17
2022-07-27 03:15:00,2022-07-27 04:30:00,1.5,5.1,5.3500000000000005,3
2022-07-27 07:45:00,2022-07-27 09:00:00,1.5,4.9,5.0,7
2022-07-27 13:00:00,2022-07-27 13:30:00,0.75,7.0,7.2,13
2022-07-27 21:00:00,2022-07-27 21:15:00,0.5,5.6,5.699999999999999,21
2022-07-27 22:45:00,2022-07-27 23:15:00,0.75,4.8,5.300000000000001,22
2022-07-28 02:15:00,2022-07-28 05:15:00,3.25,4.9,5.199999999999999,2
2022-07-28 09:00:00,2022-07-28 10:00:00,1.25,4.7,5.1,9
2022-07-28 15:45:00,2022-07-28 21:30:00,6.0,5.2,6.283333333333332,15
2022-07-29 00:30:00,2022-07-29 02:00:00,1.75,5.3,5.471428571428571,0
2022-07-29 07:00:00,2022-07-29 07:30:00,0.75,4.6,4.766666666666667,7
2022-07-29 10:00:00,2022-07-29 11:30:00,1.75,4.5,4.614285714285714,10
2022-07-29 14:15:00,2022-07-29 19:45:00,5.75,5.0,5.98695652173913,14
2022-07-30 00:00:00,2022-07-30 08:45:00,9.0,3.7,4.452777777777778,0
2022-07-30 11:00:00,2022-07-30 12:45:00,2.0,4.7,5.025,11
2022-07-30 20:15:00,2022-07-30 21:00:00,1.0,5.7,5.925,20
2022-07-30 22:30:00,2022-07-31 01:30:00,3.25,4.8,5.253846153846154,22
2022-07-31 03:30:00,2022-07-31 03:45:00,0.5,4.6,4.8,3
2022-07-31 05:45:00,2022-07-31 07:30:00,2.0,4.0,4.375,5
2022-07-31 15:15:00,2022-07-31 16:30:00,1.5,6.4,6.983333333333333,15
2022-07-31 18:15:00,2022-07-31 19:30:00,1.5,6.0,6.333333333333333,18
2022-07-31 21:00:00,2022-07-31 22:30:00,1.75,4.3,4.8428571428571425,21
2022-08-01 00:15:00,2022-08-01 01:30:00,1.5,4.4,4.75,0
2022-08-01 04:00:00,2022-08-01 05:00:00,1.25,4.7,4.959999999999999,4
2022-08-01 09:00:00,2022-08-01 11:00:00,2.25,4.6,5.133333333333333,9
2022-08-01 13:45:00,2022-08-01 22:45:00,9.25,2.6,4.332432432432432,13
2022-08-02 08:45:00,2022-08-02 10:00:00,1.5,3.4,4.216666666666666,8
2022-08-02 14:30:00,2022-08-02 16:00:00,1.75,4.5,5.342857142857143,14
2022-08-02 17:30:00,2022-08-02 23:00:00,5.75,3.6,5.547826086956522,17
2022-08-03 00:30:00,2022-08-03 03:00:00,2.75,4.6,5.0181818181818185,0
2022-08-03 04:30:00,2022-08-03 06:15:00,2.0,4.7,4.95,4
2022-08-03 08:15:00,2022-08-03 08:30:00,0.5,4.1,4.449999999999999,8
2022-08-03 14:45:00,2022-08-03 16:15:00,1.75,6.1,6.957142857142856,14
2022-08-03 19:45:00,2022-08-03 20:45:00,1.25,4.5,6.12,19
2022-08-03 22:15:00,2022-08-04 02:45:00,4.75,5.3,5.784210526315789,22
2022-08-04 04:15:00,2022-08-04 04:45:00,0.75,5.0,5.2,4
2022-08-04 07:15:00,2022-08-04 08:15:00,1.25,4.6,4.92,7
2022-08-04 10:15:00,2022-08-04 11:45:00,1.75,5.5,5.857142857142857,10
2022-08-04 14:00:00,2022-08-04 15:45:00,2.0,6.3,6.775,14
2022-08-04 17:15:00,2022-08-04 19:30:00,2.5,6.5,7.0,17
2022-08-04 21:30:00,2022-08-04 22:45:00,1.5,5.8,6.366666666666666,21
2022-08-05 18:15:00,2022-08-05 20:30:00,2.5,6.3,6.859999999999999,18
2022-08-06 00:00:00,2022-08-06 01:15:00,1.5,5.8,5.949999999999999,0
2022-08-06 02:45:00,2022-08-06 04:30:00,2.0,5.2,5.362500000000001,2
2022-08-06 06:00:00,2022-08-06 07:30:00,1.75,4.5,4.785714285714286,6
2022-08-06 09:15:00,2022-08-06 11:30:00,2.5,4.4,4.950000000000001,9
2022-08-06 13:45:00,2022-08-06 15:45:00,2.25,5.0,5.544444444444444,13
2022-08-06 17:45:00,2022-08-06 20:30:00,3.0,5.4,6.05,17
2022-08-06 22:00:00,2022-08-06 23:45:00,2.0,5.4,5.6,22
2022-08-07 06:30:00,2022-08-07 08:00:00,1.75,4.0,4.628571428571428,6
2022-08-07 12:30:00,2022-08-07 13:30:00,1.25,5.1,5.44,12
2022-08-07 16:30:00,2022-08-07 22:00:00,5.75,5.6,6.443478260869565,16
2022-08-08 05:00:00,2022-08-08 06:15:00,1.5,5.1,5.166666666666667,5
2022-08-08 09:15:00,2022-08-08 11:45:00,2.75,5.1,5.490909090909091,9
2022-08-08 13:15:00,2022-08-08 16:00:00,3.0,3.4,4.0249999999999995,13
2022-08-08 17:45:00,2022-08-08 18:45:00,1.25,3.4,3.8600000000000003,17
2022-08-09 18:00:00,2022-08-09 18:30:00,0.75,5.6,5.8999999999999995,18
2022-08-09 20:30:00,2022-08-09 21:15:00,1.0,5.3,5.4750000000000005,20
2022-08-09 23:15:00,2022-08-10 00:15:00,1.25,5.1,5.46,23
2022-08-10 07:45:00,2022-08-10 09:00:00,1.5,5.1,5.466666666666666,7
2022-08-10 10:45:00,2022-08-10 11:30:00,1.0,4.9,5.225,10
2022-08-10 13:30:00,2022-08-10 16:00:00,2.75,4.7,5.572727272727272,13
2022-08-10 18:30:00,2022-08-10 20:30:00,2.25,4.7,4.966666666666667,18
2022-08-11 11:45:00,2022-08-11 12:45:00,1.25,5.8,6.5,11
2022-08-11 15:45:00,2022-08-11 17:00:00,1.5,6.3,6.733333333333333,15
2022-08-11 18:30:00,2022-08-11 22:15:00,4.0,3.5,4.91875,18
2022-08-12 00:45:00,2022-08-12 02:00:00,1.5,4.4,4.7,0
2022-08-12 13:15:00,2022-08-12 15:15:00,2.25,7.4,7.611111111111111,13
2022-08-12 17:15:00,2022-08-12 20:45:00,3.75,5.2,6.526666666666668,17
2022-08-12 22:15:00,2022-08-12 22:45:00,0.75,4.7,5.1000000000000005,22
2022-08-13 00:15:00,2022-08-13 03:30:00,3.5,4.8,5.128571428571428,0
2022-08-13 15:45:00,2022-08-13 16:00:00,0.5,6.2,6.35,15
2022-08-18 14:15:00,2022-08-18 14:30:00,0.5,6.7,6.800000000000001,14
2022-08-18 18:00:00,2022-08-18 20:30:00,2.75,5.2,6.836363636363635,18
2022-08-19 03:30:00,2022-08-19 06:15:00,3.0,3.8,5.058333333333333,3
2022-08-19 07:45:00,2022-08-19 10:15:00,2.75,3.9,4.8545454545454545,7
2022-08-19 12:15:00,2022-08-19 13:45:00,1.75,5.5,5.6571428571428575,12
2022-08-19 16:45:00,2022-08-19 20:15:00,3.75,4.5,5.733333333333333,16
2022-08-20 05:00:00,2022-08-20 05:15:00,0.5,4.7,4.85,5
2022-08-20 07:00:00,2022-08-20 08:45:00,2.0,4.4,5.1125,7
2022-08-20 13:15:00,2022-08-20 14:15:00,1.25,6.1,6.359999999999999,13
2022-08-20 16:30:00,2022-08-20 20:30:00,4.25,5.5,6.394117647058824,16
2022-08-21 04:30:00,2022-08-21 10:00:00,5.75,4.8,5.213043478260869,4
2022-08-21 14:15:00,2022-08-21 23:45:00,9.75,5.4,6.397435897435898,14
2022-08-22 06:45:00,2022-08-22 08:00:00,1.5,5.1,5.366666666666667,6
2022-08-22 16:45:00,2022-08-22 23:00:00,6.5,5.5,6.496153846153847,16
2022-08-23 06:15:00,2022-08-23 07:15:00,1.25,5.4,5.54,6
2022-08-23 16:45:00,2022-08-23 23:45:00,7.25,5.1,5.6,16
2022-08-24 14:15:00,2022-08-24 15:15:00,1.25,6.1,6.359999999999999,14
2022-08-24 17:30:00,2022-08-24 19:00:00,1.75,4.9,5.257142857142857,17
2022-08-24 22:45:00,2022-08-24 23:45:00,1.25,4.9,5.14,22
2022-08-25 13:45:00,2022-08-25 18:30:00,5.0,4.4,5.39,13
2022-08-25 21:45:00,2022-08-25 23:15:00,1.75,4.5,4.628571428571428,21
2022-08-26 01:45:00,2022-08-26 03:30:00,2.0,4.3,4.625,1
2022-08-26 07:30:00,2022-08-26 08:15:00,1.0,5.4,5.525,7
2022-08-26 10:15:00,2022-08-26 12:00:00,2.0,5.0,5.3125,10
2022-08-26 14:00:00,2022-08-26 16:15:00,2.5,4.6,5.140000000000001,14
2022-08-26 18:00:00,2022-08-26 20:15:00,2.5,3.5,3.9799999999999995,18
2022-08-26 22:15:00,2022-08-27 04:15:00,6.25,3.4,4.087999999999999,22
2022-08-27 08:30:00,2022-08-27 09:45:00,1.5,5.1,5.383333333333333,8
2022-08-27 11:45:00,2022-08-27 12:15:00,0.75,5.4,5.599999999999999,11
2022-08-27 15:45:00,2022-08-27 22:00:00,6.5,3.9,5.084615384615384,15
2022-08-28 03:15:00,2022-08-28 06:15:00,3.25,5.4,5.861538461538462,3
2022-08-28 13:15:00,2022-08-28 14:45:00,1.75,7.5,7.799999999999999,13
2022-08-28 16:45:00,2022-08-29 00:45:00,8.25,3.6,5.375757575757576,16
2022-08-29 02:15:00,2022-08-29 04:00:00,2.0,4.1,4.6375,2
2022-08-29 05:30:00,2022-08-29 07:00:00,1.75,3.6,4.171428571428572,5
2022-08-29 12:30:00,2022-08-29 14:30:00,2.25,6.9,7.2444444444444445,12
2022-08-29 18:00:00,2022-08-29 20:00:00,2.25,5.2,6.766666666666667,18
2022-08-29 22:30:00,2022-08-30 03:30:00,5.25,4.7,5.7666666666666675,22
2022-08-30 05:15:00,2022-08-30 08:45:00,3.75,2.8,4.806666666666667,5
2022-08-30 12:30:00,2022-08-30 15:00:00,2.75,5.6,6.154545454545455,12
2022-08-30 16:45:00,2022-08-30 21:45:00,5.25,4.6,6.157142857142857,16
2022-08-31 01:30:00,2022-08-31 09:15:00,8.0,2.9,4.553125,1
2022-08-31 12:45:00,2022-08-31 14:00:00,1.5,4.0,4.316666666666666,12
2022-08-31 17:45:00,2022-09-01 08:15:00,14.75,3.7,5.300000000000001,17
2022-09-01 10:15:00,2022-09-01 10:45:00,0.75,3.7,4.166666666666667,10
2022-09-01 12:15:00,2022-09-01 14:00:00,2.0,4.4,5.0,12
2022-09-01 16:15:00,2022-09-01 20:45:00,4.75,4.4,5.56842105263158,16
2022-09-01 22:30:00,2022-09-01 23:15:00,1.0,6.0,6.324999999999999,22
2022-09-02 01:00:00,2022-09-02 10:30:00,9.75,3.0,5.151282051282051,1
2022-09-02 17:00:00,2022-09-02 21:45:00,5.0,4.7,5.784999999999999,17
2022-09-02 23:30:00,2022-09-03 01:15:00,2.0,5.8,5.9625,23
2022-09-03 03:45:00,2022-09-03 06:15:00,2.75,4.8,5.390909090909091,3
2022-09-03 08:00:00,2022-09-03 11:45:00,4.0,3.1,4.35625,8
2022-09-03 20:45:00,2022-09-03 22:00:00,1.5,4.1,4.249999999999999,20
2022-09-04 00:30:00,2022-09-04 00:45:00,0.5,4.4,4.5,0
2022-09-04 05:00:00,2022-09-04 10:15:00,5.5,2.8,3.927272727272727,5
2022-09-04 14:15:00,2022-09-04 14:30:00,0.5,6.2,6.45,14
2022-09-04 17:00:00,2022-09-04 17:15:00,0.5,6.6,6.8,17
2022-09-04 19:15:00,2022-09-05 00:15:00,5.25,5.3,5.6952380952380945,19
2022-09-05 01:45:00,2022-09-05 02:45:00,1.25,5.2,5.34,1
2022-09-05 05:30:00,2022-09-05 06:30:00,1.25,4.9,5.0200000000000005,5
2022-09-05 08:00:00,2022-09-05 10:45:00,3.0,3.5,4.95,8
2022-09-05 14:30:00,2022-09-05 15:30:00,1.25,6.5,6.76,14
2022-09-05 18:15:00,2022-09-05 21:15:00,3.25,5.1,6.038461538461538,18
2022-09-05 23:00:00,2022-09-06 00:00:00,1.25,5.3,5.4399999999999995,23
2022-09-06 03:45:00,2022-09-06 20:00:00,16.5,4.6,5.886363636363637,3
2022-09-06 21:30:00,2022-09-06 22:30:00,1.25,4.5,4.72,21
2022-09-07 00:30:00,2022-09-07 01:30:00,1.25,4.5,4.62,0
2022-09-07 04:45:00,2022-09-07 05:15:00,0.75,4.6,4.933333333333333,4
2022-09-07 11:15:00,2022-09-07 11:30:00,0.5,5.0,5.35,11
2022-09-07 15:00:00,2022-09-07 16:00:00,1.25,5.8,6.08,15
2022-09-07 18:00:00,2022-09-07 19:15:00,1.5,5.9,6.166666666666667,18
2022-09-07 22:00:00,2022-09-08 00:00:00,2.25,5.0,5.311111111111111,22
2022-09-08 12:15:00,2022-09-08 13:15:00,1.25,6.7,7.160000000000001,12
2022-09-08 14:45:00,2022-09-08 20:15:00,5.75,5.6,6.6,14
2022-09-08 22:00:00,2022-09-08 22:30:00,0.75,5.4,5.466666666666666,22
2022-09-09 11:30:00,2022-09-09 11:45:00,0.5,4.9,5.1,11
2022-09-09 16:00:00,2022-09-09 23:30:00,7.75,3.8,4.767741935483872,16
2022-09-10 12:45:00,2022-09-10 13:15:00,0.75,6.5,6.733333333333333,12
2022-09-10 16:30:00,2022-09-11 00:30:00,8.25,4.9,6.090909090909092,16
2022-09-11 02:00:00,2022-09-11 05:30:00,3.75,4.4,5.16,2
2022-09-11 07:15:00,2022-09-11 07:45:00,0.75,4.7,4.766666666666667,7
2022-09-11 13:00:00,2022-09-11 14:00:00,1.25,6.3,6.539999999999999,13
2022-09-11 20:00:00,2022-09-11 21:00:00,1.25,5.3,6.1,20
2022-09-12 00:15:00,2022-09-12 03:15:00,3.25,3.0,5.161538461538462,0
2022-09-12 07:00:00,2022-09-12 09:30:00,2.75,3.4,4.481818181818182,7
2022-09-12 17:45:00,2022-09-12 22:45:00,5.25,5.0,5.938095238095238,17
2022-09-13 04:15:00,2022-09-13 05:30:00,1.5,4.2,4.9,4
2022-09-13 07:15:00,2022-09-13 08:15:00,1.25,3.8,4.68,7
2022-09-13 15:15:00,2022-09-13 15:45:00,0.75,6.2,6.5,15
2022-09-13 18:15:00,2022-09-13 20:00:00,2.0,6.5,6.775,18
2022-09-14 01:00:00,2022-09-14 08:45:00,8.0,3.7,5.1375,1
2022-09-14 14:15:00,2022-09-14 17:15:00,3.25,6.2,6.6230769230769235,14
2022-09-14 19:15:00,2022-09-14 19:30:00,0.5,5.8,5.949999999999999,19
2022-09-14 21:00:00,2022-09-14 22:15:00,1.5,6.8,7.05,21
2022-09-15 03:45:00,2022-09-15 05:45:00,2.25,3.7,4.788888888888889,3
2022-09-15 07:45:00,2022-09-15 11:15:00,3.75,4.1,5.126666666666667,7
2022-09-15 14:30:00,2022-09-15 14:45:00,0.5,5.9,6.0,14
2022-09-15 16:15:00,2022-09-15 17:15:00,1.25,6.3,6.459999999999999,16
2022-09-16 00:45:00,2022-09-16 08:00:00,7.5,4.0,5.576666666666666,0
2022-09-16 10:45:00,2022-09-16 12:15:00,1.75,4.4,5.357142857142857,10
2022-09-16 15:15:00,2022-09-16 17:45:00,2.75,6.0,6.390909090909091,15
2022-09-16 20:45:00,2022-09-16 21:30:00,1.0,6.0,6.2,20
2022-09-17 02:30:00,2022-09-17 04:00:00,1.75,5.3,5.614285714285714,2
2022-09-17 05:45:00,2022-09-17 09:00:00,3.5,3.8,4.9071428571428575,5
2022-09-17 13:00:00,2022-09-17 14:15:00,1.5,6.2,6.433333333333334,13
2022-09-17 16:00:00,2022-09-17 16:15:00,0.5,6.3,6.4,16
2022-09-17 18:30:00,2022-09-17 19:45:00,1.5,5.9,6.183333333333334,18
2022-09-18 00:00:00,2022-09-18 02:00:00,2.25,5.6,5.7555555555555555,0
2022-09-18 06:15:00,2022-09-18 08:45:00,2.75,4.0,4.7727272727272725,6
2022-09-18 13:30:00,2022-09-18 20:30:00,7.25,5.5,6.396551724137932,13
2022-09-19 07:00:00,2022-09-19 12:30:00,5.75,4.7,5.465217391304348,7
2022-09-22 16:45:00,2022-09-22 18:00:00,1.5,5.7,6.233333333333333,16
2022-09-22 21:30:00,2022-09-23 00:15:00,3.0,4.8,5.733333333333333,21
2022-09-23 03:15:00,2022-09-23 06:30:00,3.5,3.8,4.478571428571429,3
2022-09-23 09:45:00,2022-09-23 10:15:00,0.75,4.1,4.533333333333333,9
2022-09-23 13:15:00,2022-09-23 14:30:00,1.5,6.7,6.933333333333334,13
2022-09-23 19:30:00,2022-09-23 20:00:00,0.75,6.2,6.3999999999999995,19
2022-09-23 21:45:00,2022-09-24 03:30:00,6.0,4.1,5.116666666666666,21
2022-09-24 06:00:00,2022-09-24 07:00:00,1.25,4.3,4.58,6
2022-09-24 15:00:00,2022-09-24 21:30:00,6.75,4.6,6.048148148148148,15
2022-09-25 00:30:00,2022-09-25 03:15:00,3.0,4.3,4.841666666666667,0
2022-09-25 06:30:00,2022-09-25 07:00:00,0.75,3.0,3.3333333333333335,6
2022-09-25 14:00:00,2022-09-25 14:30:00,0.75,6.3,6.5,14
2022-09-25 18:30:00,2022-09-25 21:15:00,3.0,3.3,5.066666666666666,18
2022-09-25 23:00:00,2022-09-26 00:30:00,1.75,4.5,4.985714285714286,23
2022-09-26 02:15:00,2022-09-26 03:45:00,1.75,4.0,4.442857142857144,2
2022-09-26 05:30:00,2022-09-26 08:45:00,3.5,2.3,3.6714285714285713,5
2022-09-26 12:45:00,2022-09-26 13:30:00,1.0,5.8,6.025,12
2022-09-26 15:45:00,2022-09-26 18:45:00,3.25,4.6,5.838461538461536,15
2022-09-26 20:45:00,2022-09-27 00:00:00,3.5,3.7,4.728571428571429,20
2022-09-27 01:30:00,2022-09-27 02:30:00,1.25,3.1,3.5,1
2022-09-27 04:00:00,2022-09-27 07:00:00,3.25,3.2,3.923076923076924,4
2022-09-27 12:00:00,2022-09-27 13:15:00,1.5,6.1,6.6499999999999995,12
2022-09-27 18:00:00,2022-09-27 18:15:00,0.5,7.0,7.1,18
2022-09-27 20:15:00,2022-09-27 22:15:00,2.25,6.0,6.422222222222222,20
2022-09-28 03:00:00,2022-09-28 06:15:00,3.5,3.0,4.371428571428572,3
2022-09-28 11:30:00,2022-09-28 14:00:00,2.75,7.3,7.536363636363635,11
2022-09-29 00:15:00,2022-09-29 01:00:00,1.0,6.8,7.075,0
2022-09-30 03:45:00,2022-09-30 04:45:00,1.25,5.9,6.8,3
2022-09-30 06:15:00,2022-09-30 06:30:00,0.5,6.6,6.699999999999999,6
2022-09-30 16:45:00,2022-09-30 17:30:00,1.0,7.3,7.45,16
2022-10-01 03:15:00,2022-10-01 06:30:00,3.5,4.1,5.871428571428571,3
2022-10-01 08:30:00,2022-10-01 09:45:00,1.5,5.3,5.983333333333334,8
2022-10-01 15:15:00,2022-10-01 17:15:00,2.25,7.1,7.655555555555555,15
2022-10-02 03:15:00,2022-10-02 11:30:00,8.5,5.0,6.23235294117647,3
2022-10-02 17:45:00,2022-10-02 19:15:00,1.75,6.7,7.142857142857143,17
2022-10-03 05:30:00,2022-10-03 09:30:00,4.25,5.2,6.452941176470588,5
2022-10-03 11:00:00,2022-10-03 11:45:00,1.0,6.1,6.4,11
2022-10-03 13:15:00,2022-10-03 15:45:00,2.75,7.4,7.909090909090909,13
2022-10-03 18:30:00,2022-10-03 19:30:00,1.25,6.5,7.040000000000001,18
2022-10-04 12:45:00,2022-10-04 14:15:00,1.75,7.2,7.514285714285713,12
2022-10-04 16:30:00,2022-10-04 16:45:00,0.5,7.2,7.300000000000001,16
2022-10-04 18:30:00,2022-10-04 20:15:00,2.0,6.4,6.8375,18
2022-10-05 05:00:00,2022-10-05 10:00:00,5.25,5.4,5.980952380952381,5
2022-10-05 15:30:00,2022-10-05 15:45:00,0.5,6.5,6.6,15
2022-10-05 18:00:00,2022-10-05 19:00:00,1.25,6.5,6.719999999999999,18
2022-10-06 15:30:00,2022-10-06 20:30:00,5.25,5.4,6.223809523809523,15
2022-10-06 22:00:00,2022-10-06 22:30:00,0.75,5.3,5.366666666666667,22
2022-10-07 05:30:00,2022-10-07 06:45:00,1.5,5.1,5.449999999999999,5
2022-10-07 16:15:00,2022-10-08 00:30:00,8.5,5.5,6.435294117647058,16
2022-10-08 02:15:00,2022-10-08 04:15:00,2.25,5.2,5.4222222222222225,2
2022-10-08 06:45:00,2022-10-08 15:00:00,8.5,3.5,4.791176470588235,6
2022-10-08 17:15:00,2022-10-08 21:45:00,4.75,6.2,6.731578947368421,17
2022-10-08 23:15:00,2022-10-09 01:45:00,2.75,5.3,5.790909090909091,23
2022-10-09 04:00:00,2022-10-09 04:30:00,0.75,5.9,6.0,4
2022-10-09 08:45:00,2022-10-09 09:00:00,0.5,4.9,5.15,8
2022-10-09 11:30:00,2022-10-09 14:00:00,2.75,6.0,6.281818181818181,11
2022-10-09 16:45:00,2022-10-09 18:15:00,1.75,7.3,7.6,16
2022-10-09 21:15:00,2022-10-09 21:30:00,0.5,6.6,6.699999999999999,21
2022-10-09 23:15:00,2022-10-09 23:30:00,0.5,5.1,5.4,23
2022-10-10 01:15:00,2022-10-10 04:30:00,3.5,3.9,5.550000000000002,1
2022-10-10 06:00:00,2022-10-10 06:30:00,0.75,5.1,5.333333333333333,6
2022-10-10 08:45:00,2022-10-10 10:30:00,2.0,5.8,6.0375,8
2022-10-10 17:00:00,2022-10-10 18:30:00,1.75,7.1,7.385714285714285,17
2022-10-10 23:15:00,2022-10-11 08:45:00,9.75,2.8,4.948717948717949,23
2022-10-12 01:45:00,2022-10-12 08:45:00,7.25,3.6,5.341379310344827,1
2022-10-12 22:00:00,2022-10-12 23:00:00,1.25,6.1,6.2,22
2022-10-13 02:00:00,2022-10-13 09:00:00,7.25,4.3,5.382758620689654,2
2022-10-13 18:15:00,2022-10-13 18:30:00,0.5,5.7,5.800000000000001,18
2022-10-13 21:00:00,2022-10-13 23:00:00,2.25,6.1,6.488888888888889,21
2022-10-14 01:15:00,2022-10-14 09:00:00,8.0,3.3,5.125,1
2022-10-17 16:30:00,2022-10-17 19:15:00,3.0,4.8,5.383333333333334,16
2022-10-18 23:45:00,2022-10-19 01:00:00,1.5,7.0,7.2,23
2022-10-21 18:45:00,2022-10-21 19:00:00,0.5,9.0,9.1,18
2022-10-22 04:45:00,2022-10-22 05:00:00,0.5,8.0,8.1,4
2022-10-22 07:45:00,2022-10-22 08:30:00,1.0,8.1,8.350000000000001,7
2022-10-22 18:45:00,2022-10-22 19:15:00,0.75,8.7,8.833333333333334,18
2022-10-23 00:30:00,2022-10-23 02:00:00,1.75,7.9,8.214285714285714,0
2022-10-23 05:30:00,2022-10-23 05:45:00,0.5,7.7,7.800000000000001,5
2022-10-24 03:30:00,2022-10-24 08:15:00,5.0,7.2,7.640000000000001,3
2022-10-25 05:15:00,2022-10-25 05:30:00,0.5,6.1,6.35,5
2022-10-25 07:15:00,2022-10-25 08:30:00,1.5,6.1,6.449999999999999,7
2022-10-25 17:45:00,2022-10-25 19:30:00,2.0,7.0,7.3375,17
2022-10-26 02:30:00,2022-10-26 05:30:00,3.25,5.1,5.584615384615385,2
2022-10-26 12:15:00,2022-10-26 13:45:00,1.75,6.5,6.857142857142857,12
2022-10-26 21:15:00,2022-10-27 01:00:00,4.0,6.8,7.39375,21
2022-10-27 04:45:00,2022-10-27 06:30:00,2.0,5.3,5.6000000000000005,4
2022-10-27 14:00:00,2022-10-27 15:15:00,1.5,7.1,7.233333333333334,14
2022-10-28 03:45:00,2022-10-28 07:00:00,3.5,5.5,6.264285714285715,3
2022-10-28 13:00:00,2022-10-28 14:15:00,1.5,6.6,6.783333333333332,13
2022-10-28 20:30:00,2022-10-28 20:45:00,0.5,7.3,7.4,20
2022-10-29 02:30:00,2022-10-29 11:30:00,9.25,5.3,6.462162162162163,2
2022-10-29 13:30:00,2022-10-29 17:00:00,3.75,6.8,7.026666666666666,13
2022-10-30 03:30:00,2022-10-30 09:45:00,6.5,3.6,5.5346153846153845,3
2022-10-30 15:15:00,2022-10-30 20:00:00,5.0,5.8,6.529999999999999,15
2022-10-31 02:15:00,2022-10-31 03:30:00,1.5,6.3,6.55,2
2022-10-31 06:15:00,2022-10-31 07:15:00,1.25,5.6,5.94,6
2022-10-31 09:00:00,2022-10-31 10:30:00,1.75,5.2,5.585714285714286,9
2022-10-31 17:45:00,2022-10-31 19:00:00,1.5,6.0,6.366666666666667,17
2022-11-01 02:15:00,2022-11-01 07:00:00,5.0,5.5,6.544999999999999,2
2022-11-01 12:00:00,2022-11-01 12:15:00,0.5,6.0,6.35,12
2022-11-01 15:00:00,2022-11-01 20:00:00,5.25,6.4,7.3571428571428585,15
2022-11-02 03:45:00,2022-11-02 07:15:00,3.75,6.0,6.56,3
2022-11-02 13:45:00,2022-11-02 14:00:00,0.5,7.3,7.4,13
2022-11-02 17:45:00,2022-11-02 18:30:00,1.0,7.5,7.7,17
2022-11-02 20:15:00,2022-11-02 21:00:00,1.0,6.9,7.049999999999999,20
2022-11-03 02:45:00,2022-11-03 03:00:00,0.5,6.5,6.65,2
2022-11-03 04:45:00,2022-11-03 05:45:00,1.25,6.4,6.62,4
2022-11-04 01:45:00,2022-11-04 04:15:00,2.75,6.1,6.572727272727272,1
2022-11-04 16:00:00,2022-11-04 17:15:00,1.5,6.9,7.033333333333334,16
2022-11-05 03:15:00,2022-11-05 04:30:00,1.5,6.0,6.1499999999999995,3
2022-11-05 10:45:00,2022-11-05 12:00:00,1.5,5.8,6.083333333333333,10
2022-11-05 13:30:00,2022-11-05 17:00:00,3.75,5.8,6.466666666666669,13
2022-11-06 00:30:00,2022-11-06 04:15:00,4.0,4.1,6.01875,0
2022-11-06 06:15:00,2022-11-06 08:15:00,2.25,4.7,5.055555555555555,6
2022-11-06 15:30:00,2022-11-06 16:30:00,1.25,6.5,6.6800000000000015,15
2022-11-06 20:30:00,2022-11-07 06:30:00,10.25,4.1,6.075609756097561,20
2022-11-07 19:45:00,2022-11-08 05:00:00,9.5,4.1,6.205263157894737,19
2022-11-08 06:30:00,2022-11-08 07:15:00,1.0,4.1,4.6,6
2022-11-08 13:30:00,2022-11-08 15:00:00,1.75,6.9,7.2,13
2022-11-08 23:00:00,2022-11-08 23:30:00,0.75,6.7,6.933333333333334,23
2022-11-09 02:30:00,2022-11-09 03:00:00,0.75,6.3,6.3999999999999995,2
2022-11-09 06:15:00,2022-11-09 08:00:00,2.0,4.9,5.637499999999999,6
2022-11-09 12:00:00,2022-11-09 14:30:00,2.75,6.8,7.054545454545456,12
2022-11-09 17:15:00,2022-11-09 17:45:00,0.75,7.1,7.233333333333333,17
2022-11-10 03:00:00,2022-11-10 07:00:00,4.25,5.0,6.111764705882353,3
2022-11-10 08:30:00,2022-11-10 09:00:00,0.75,5.7,5.866666666666667,8
2022-11-10 12:00:00,2022-11-10 16:30:00,4.75,7.2,7.563157894736841,12
2022-11-11 08:00:00,2022-11-11 08:30:00,0.75,5.7,6.1000000000000005,8
2022-11-11 13:00:00,2022-11-11 13:15:00,0.5,8.3,8.45,13
2022-11-12 01:15:00,2022-11-12 06:45:00,5.75,5.5,6.717391304347826,1
2022-11-12 11:15:00,2022-11-12 12:15:00,1.25,6.2,6.660000000000001,11
2022-11-12 13:45:00,2022-11-12 14:30:00,1.0,6.9,7.025,13
2022-11-13 15:45:00,2022-11-13 16:00:00,0.5,8.7,8.8,15
2022-11-14 06:30:00,2022-11-14 07:30:00,1.25,8.2,8.42,6
2022-11-14 10:00:00,2022-11-14 10:30:00,0.75,8.5,8.633333333333333,10
2022-11-15 09:00:00,2022-11-15 13:15:00,4.5,7.4,8.038888888888888,9
2022-11-16 20:30:00,2022-11-16 21:15:00,1.0,8.9,8.95,20
2022-11-17 01:45:00,2022-11-17 02:45:00,1.25,8.6,8.66,1
2022-11-19 00:00:00,2022-11-19 01:00:00,1.25,9.4,9.48,0
2022-11-20 14:30:00,2022-11-20 15:45:00,1.5,9.6,9.7,14
2022-11-22 02:00:00,2022-11-22 02:45:00,1.0,9.3,9.55,2
2022-11-22 05:30:00,2022-11-22 06:45:00,1.5,8.8,9.133333333333333,5
2022-11-23 01:30:00,2022-11-23 04:15:00,3.0,7.7,8.733333333333333,1
2022-11-23 06:00:00,2022-11-23 07:45:00,2.0,8.3,8.6125,6
2022-11-23 23:15:00,2022-11-23 23:30:00,0.5,8.6,8.75,23
2022-11-24 07:15:00,2022-11-24 08:30:00,1.5,7.4,7.6499999999999995,7
2022-11-25 03:30:00,2022-11-25 08:30:00,5.25,5.8,6.957142857142858,3
2022-11-25 10:00:00,2022-11-25 10:45:00,1.0,5.6,5.9,10
2022-11-25 14:45:00,2022-11-25 16:00:00,1.5,6.8,7.166666666666667,14
2022-11-26 01:00:00,2022-11-26 07:45:00,7.0,5.5,6.67142857142857,1
2022-11-26 14:15:00,2022-11-26 15:15:00,1.25,6.6,6.8,14
2022-11-27 04:15:00,2022-11-27 06:30:00,2.5,5.9,6.62,4
2022-11-27 14:45:00,2022-11-27 16:15:00,1.75,7.3,7.885714285714285,14
2022-11-28 06:30:00,2022-11-28 08:00:00,1.75,6.7,7.114285714285715,6
2022-11-28 10:30:00,2022-11-28 12:15:00,2.0,6.9,7.3125,10
2022-11-28 14:30:00,2022-11-28 17:45:00,3.5,7.3,8.035714285714286,14
2022-11-29 02:30:00,2022-11-29 06:15:00,4.0,7.1,8.03125,2
2022-11-29 09:30:00,2022-11-29 10:30:00,1.25,6.7,7.100000000000001,9
2022-11-29 14:30:00,2022-11-29 15:15:00,1.0,8.6,8.85,14
2022-11-29 16:45:00,2022-11-29 19:15:00,2.75,7.9,8.436363636363637,16
2022-11-30 06:15:00,2022-11-30 11:15:00,5.25,6.0,7.161904761904762,6
2022-11-30 16:00:00,2022-11-30 16:45:00,1.0,8.2,8.425,16
2022-11-30 21:45:00,2022-11-30 23:00:00,1.5,7.5,7.566666666666666,21
2022-12-01 16:45:00,2022-12-01 17:30:00,1.0,9.2,9.6,16
2022-12-02 06:15:00,2022-12-02 06:45:00,0.75,8.3,8.4,6
2022-12-03 02:15:00,2022-12-03 03:15:00,1.25,8.1,8.459999999999999,2
2022-12-03 05:15:00,2022-12-03 08:15:00,3.25,7.0,8.184615384615386,5
2022-12-03 18:15:00,2022-12-03 18:30:00,0.5,8.1,8.2,18
2022-12-03 20:00:00,2022-12-03 20:30:00,0.75,8.3,8.4,20
2022-12-03 22:00:00,2022-12-04 00:00:00,2.25,7.8,8.166666666666666,22
2022-12-04 02:30:00,2022-12-04 03:00:00,0.75,7.0,7.3999999999999995,2
2022-12-04 04:30:00,2022-12-04 07:00:00,2.75,6.6,6.954545454545454,4
2022-12-04 15:00:00,2022-12-04 15:30:00,0.75,7.6,7.733333333333334,15
2022-12-04 19:15:00,2022-12-05 08:00:00,13.0,5.4,7.248076923076922,19
2022-12-05 23:15:00,2022-12-06 00:15:00,1.25,6.2,7.140000000000001,23
2022-12-06 02:30:00,2022-12-06 08:45:00,6.5,5.3,5.93076923076923,2
2022-12-06 11:00:00,2022-12-06 12:15:00,1.5,6.6,6.949999999999999,11
2022-12-06 14:00:00,2022-12-06 14:45:00,1.0,7.0,7.1,14
2022-12-06 20:00:00,2022-12-06 21:45:00,2.0,8.1,8.2625,20
2022-12-06 23:15:00,2022-12-07 00:30:00,1.5,7.0,7.400000000000001,23
2022-12-07 03:15:00,2022-12-07 05:30:00,2.5,5.1,5.909999999999999,3
2022-12-07 07:45:00,2022-12-07 08:00:00,0.5,4.9,5.1,7
2022-12-07 22:00:00,2022-12-07 23:00:00,1.25,7.4,7.9,22
2022-12-08 00:45:00,2022-12-08 05:45:00,5.25,4.4,6.50952380952381,0
2022-12-08 23:15:00,2022-12-09 06:15:00,7.25,5.6,6.751724137931035,23
2022-12-09 09:00:00,2022-12-09 09:30:00,0.75,5.1,5.2,9
2022-12-09 15:15:00,2022-12-09 16:30:00,1.5,6.8,7.166666666666667,15
2022-12-09 21:45:00,2022-12-10 00:30:00,3.0,6.8,7.3666666666666645,21
2022-12-10 03:30:00,2022-12-10 04:00:00,0.75,6.2,6.3,3
2022-12-10 05:45:00,2022-12-10 06:45:00,1.25,5.2,5.42,5
2022-12-10 09:15:00,2022-12-10 10:30:00,1.5,5.0,5.466666666666666,9
2022-12-10 13:45:00,2022-12-10 17:15:00,3.75,6.5,6.946666666666668,13
2022-12-10 22:15:00,2022-12-10 23:30:00,1.5,7.8,8.033333333333333,22
2022-12-11 03:15:00,2022-12-11 04:15:00,1.25,6.9,7.24,3
2022-12-11 06:15:00,2022-12-11 07:00:00,1.0,6.1,6.425,6
2022-12-11 09:30:00,2022-12-11 09:45:00,0.5,5.9,6.0,9
2022-12-11 13:45:00,2022-12-11 16:30:00,3.0,6.2,6.616666666666666,13
2022-12-12 01:00:00,2022-12-12 01:15:00,0.5,6.3,6.65,1
2022-12-12 03:00:00,2022-12-12 05:00:00,2.25,5.2,5.7666666666666675,3
2022-12-12 06:30:00,2022-12-12 13:00:00,6.75,4.3,5.644444444444445,6
2022-12-12 15:00:00,2022-12-12 15:30:00,0.75,6.7,7.0,15
2022-12-12 17:00:00,2022-12-12 17:45:00,1.0,6.7,6.999999999999999,17
2022-12-12 19:15:00,2022-12-12 20:15:00,1.25,6.8,7.279999999999999,19
2022-12-12 22:45:00,2022-12-13 02:45:00,4.25,6.4,7.141176470588236,22
2022-12-13 05:30:00,2022-12-13 09:00:00,3.75,4.9,6.220000000000001,5
2022-12-13 12:15:00,2022-12-13 14:45:00,2.75,7.4,7.840000000000001,12
2022-12-14 04:30:00,2022-12-14 05:00:00,0.75,7.1,7.166666666666667,4
2022-12-14 06:45:00,2022-12-14 08:00:00,1.5,6.6,6.8500000000000005,6
2022-12-14 11:30:00,2022-12-14 14:45:00,3.5,6.0,6.685714285714286,11
2022-12-15 03:00:00,2022-12-15 03:30:00,0.75,5.7,6.133333333333333,3
2022-12-15 07:45:00,2022-12-15 14:15:00,6.75,6.7,7.300000000000001,7
2022-12-15 16:30:00,2022-12-15 17:30:00,1.25,7.2,7.4,16
2022-12-16 05:30:00,2022-12-16 07:45:00,2.5,6.4,6.6899999999999995,5
2022-12-17 01:15:00,2022-12-17 05:00:00,4.0,6.6,7.58125,1
2022-12-17 15:30:00,2022-12-17 16:45:00,1.5,8.3,8.766666666666666,15
2022-12-17 19:30:00,2022-12-17 20:45:00,1.5,8.5,8.633333333333335,19
2022-12-18 01:00:00,2022-12-18 02:00:00,1.25,8.0,8.24,1
2022-12-18 11:00:00,2022-12-18 13:15:00,2.5,8.9,9.111111111111112,11
2022-12-19 04:15:00,2022-12-19 05:30:00,1.5,8.6,8.833333333333334,4
2022-12-19 14:00:00,2022-12-19 14:45:00,1.0,9.3,9.45,14
2022-12-20 01:45:00,2022-12-20 02:30:00,1.0,9.2,9.325,1
2022-12-20 08:45:00,2022-12-20 09:15:00,0.75,9.1,9.166666666666666,8
2022-12-20 23:30:00,2022-12-21 03:15:00,4.0,8.2,8.95625,23
2022-12-21 06:00:00,2022-12-21 07:00:00,1.25,8.3,8.52,6
2022-12-22 01:30:00,2022-12-22 07:15:00,6.0,7.8,8.404166666666667,1
2022-12-23 01:45:00,2022-12-23 03:00:00,1.5,8.6,8.783333333333335,1
2022-12-26 03:00:00,2022-12-26 04:45:00,2.0,10.8,11.05,3
2022-12-26 09:15:00,2022-12-26 10:15:00,1.25,10.5,11.059999999999999,9
2022-12-27 04:00:00,2022-12-27 06:15:00,2.5,10.1,10.43,4
2022-12-27 09:15:00,2022-12-27 09:30:00,0.5,10.3,10.4,9
2022-12-28 10:30:00,2022-12-28 11:45:00,1.5,9.9,10.116666666666667,10
2022-12-30 05:15:00,2022-12-30 06:00:00,1.0,6.8,7.624999999999999,5
2022-12-30 08:00:00,2022-12-30 11:15:00,3.5,8.2,8.964285714285714,8
2022-12-30 13:00:00,2022-12-30 15:30:00,2.75,8.3,8.772727272727272,13
2022-12-31 00:15:00,2022-12-31 02:45:00,2.75,7.5,8.709090909090907,0
2022-12-31 07:15:00,2022-12-31 08:15:00,1.25,7.4,7.580000000000001,7
2022-12-31 16:15:00,2022-12-31 19:30:00,3.5,8.8,9.121428571428572,16
2022-12-31 21:45:00,2022-12-31 23:00:00,1.5,8.3,8.483333333333334,21
2023-01-01 00:30:00,2023-01-01 00:45:00,0.5,7.0,7.35,0
2023-01-01 02:30:00,2023-01-01 04:15:00,2.0,7.0,7.3625,2
2023-01-01 06:00:00,2023-01-01 07:15:00,1.5,6.6,6.8999999999999995,6
2023-01-01 17:15:00,2023-01-01 18:15:00,1.25,9.6,10.639999999999999,17
2023-01-01 20:30:00,2023-01-02 01:00:00,4.75,8.9,9.8,20
2023-01-02 04:15:00,2023-01-02 08:30:00,4.5,7.8,8.58888888888889,4
2023-01-02 22:45:00,2023-01-03 08:30:00,10.0,8.2,9.252500000000001,22
2023-01-03 14:45:00,2023-01-03 19:15:00,4.75,9.8,10.347368421052632,14
2023-01-03 21:00:00,2023-01-04 10:30:00,13.75,6.2,7.892727272727272,21
2023-01-04 21:30:00,2023-01-04 22:00:00,0.75,8.4,8.666666666666666,21
2023-01-05 01:15:00,2023-01-05 04:30:00,3.5,6.3,7.1571428571428575,1
2023-01-05 20:00:00,2023-01-05 22:30:00,2.75,8.6,9.372727272727271,20
2023-01-06 00:00:00,2023-01-06 02:30:00,2.75,7.5,8.018181818181818,0
2023-01-06 04:15:00,2023-01-06 05:00:00,1.0,5.9,6.225,4
2023-01-06 06:30:00,2023-01-06 07:00:00,0.75,6.0,6.266666666666667,6
2023-01-06 22:00:00,2023-01-06 23:00:00,1.25,9.3,9.62,22
2023-01-07 00:45:00,2023-01-07 04:30:00,4.0,7.0,8.475,0
2023-01-07 06:15:00,2023-01-07 06:30:00,0.5,6.9,7.1,6
2023-01-07 13:45:00,2023-01-07 14:30:00,1.0,8.9,9.1,13
2023-01-08 02:00:00,2023-01-08 05:30:00,3.75,7.3,8.006666666666668,2
2023-01-08 08:45:00,2023-01-08 09:15:00,0.75,6.8,6.966666666666666,8
2023-01-08 13:45:00,2023-01-08 14:15:00,0.75,8.0,8.066666666666666,13
2023-01-08 17:00:00,2023-01-08 17:30:00,0.75,8.1,8.266666666666666,17
2023-01-08 23:00:00,2023-01-09 01:30:00,2.75,7.5,8.02727272727273,23
2023-01-09 03:00:00,2023-01-09 05:15:00,2.5,7.0,7.3,3
2023-01-09 10:45:00,2023-01-09 12:00:00,1.5,8.1,8.333333333333334,10
2023-01-09 16:45:00,2023-01-09 17:30:00,1.0,8.8,8.925,16
2023-01-10 04:45:00,2023-01-10 06:45:00,2.25,7.5,7.822222222222223,4
2023-01-10 16:15:00,2023-01-10 18:15:00,2.25,8.7,8.911111111111111,16
2023-01-11 01:15:00,2023-01-11 02:15:00,1.25,8.1,8.32,1
2023-01-12 01:45:00,2023-01-12 07:15:00,5.75,7.1,7.782608695652174,1
2023-01-12 20:30:00,2023-01-12 21:00:00,0.75,7.0,7.3,20
2023-01-12 23:30:00,2023-01-12 23:45:00,0.5,6.8,7.0,23
2023-01-13 11:15:00,2023-01-13 12:15:00,1.25,8.7,8.86,11
2023-01-15 18:15:00,2023-01-15 19:00:00,1.0,10.3,10.675,18
2023-01-15 20:30:00,2023-01-15 21:00:00,0.75,10.5,10.6,20
2023-01-16 01:30:00,2023-01-16 04:30:00,3.25,10.0,10.323076923076924,1
2023-01-16 23:15:00,2023-01-17 02:45:00,3.75,7.5,8.906666666666666,23
2023-01-18 00:15:00,2023-01-18 03:45:00,3.75,7.2,7.986666666666668,0
2023-01-18 06:30:00,2023-01-18 07:15:00,1.0,6.4,7.0,6
2023-01-18 18:45:00,2023-01-18 20:30:00,2.0,10.1,10.512500000000001,18
2023-01-18 23:30:00,2023-01-19 08:00:00,8.75,6.4,7.89142857142857,23
2023-01-19 19:45:00,2023-01-19 20:30:00,1.0,9.3,9.649999999999999,19
2023-01-19 22:00:00,2023-01-20 04:15:00,6.5,7.1,8.53846153846154,22
2023-01-20 09:30:00,2023-01-20 09:45:00,0.5,7.0,7.1,9
2023-01-20 23:15:00,2023-01-21 04:45:00,5.75,6.7,7.721739130434782,23
2023-01-21 06:15:00,2023-01-21 08:30:00,2.5,6.5,6.9799999999999995,6
2023-01-21 11:45:00,2023-01-21 12:00:00,0.5,7.8,7.9,11
2023-01-22 03:15:00,2023-01-22 07:30:00,4.5,6.6,7.53888888888889,3
2023-01-22 09:45:00,2023-01-22 11:00:00,1.5,6.3,6.866666666666667,9
2023-01-23 05:15:00,2023-01-23 05:45:00,0.75,7.3,7.433333333333334,5
2023-01-23 07:45:00,2023-01-23 08:45:00,1.25,7.5,7.7,7
2023-01-23 15:00:00,2023-01-23 15:15:00,0.5,8.7,8.8,15
2023-01-24 02:45:00,2023-01-24 03:30:00,1.0,8.6,8.7,2
2023-01-24 05:30:00,2023-01-24 09:30:00,4.25,7.9,8.352941176470589,5
2023-01-24 12:00:00,2023-01-24 13:15:00,1.5,9.6,9.683333333333334,12
2023-01-25 06:15:00,2023-01-25 08:00:00,2.0,7.7,7.975,6
2023-01-25 22:45:00,2023-01-26 00:30:00,2.0,8.6,8.725,22
2023-01-26 08:30:00,2023-01-26 09:15:00,1.0,8.8,8.95,8
2023-01-26 16:00:00,2023-01-26 16:30:00,0.75,10.2,10.3,16
2023-01-28 02:30:00,2023-01-28 02:45:00,0.5,9.6,9.7,2
2023-01-28 19:30:00,2023-01-28 20:15:00,1.0,9.0,9.325,19
2023-01-29 02:15:00,2023-01-29 03:30:00,1.5,9.1,9.25,2
2023-01-29 06:15:00,2023-01-29 07:15:00,1.25,8.6,8.76,6
2023-01-29 21:15:00,2023-01-30 05:00:00,8.0,7.0,8.15625,21
2023-01-30 17:45:00,2023-01-30 19:00:00,1.5,9.0,9.266666666666666,17
2023-01-30 21:45:00,2023-01-30 22:45:00,1.25,8.4,8.620000000000001,21
2023-01-31 01:15:00,2023-01-31 03:30:00,2.5,6.9,7.360000000000001,1
2023-01-31 05:15:00,2023-01-31 08:30:00,3.5,5.5,6.17857142857143,5
2023-01-31 17:45:00,2023-01-31 19:15:00,1.75,9.3,9.714285714285714,17
2023-01-31 21:15:00,2023-01-31 23:45:00,2.75,7.4,8.636363636363637,21
2023-02-01 03:15:00,2023-02-01 04:00:00,1.0,7.6,7.875,3
2023-02-01 06:30:00,2023-02-01 07:00:00,0.75,5.8,6.466666666666668,6
2023-02-01 18:15:00,2023-02-01 18:30:00,0.5,9.3,9.55,18
2023-02-01 20:00:00,2023-02-02 04:15:00,8.5,6.2,8.055882352941175,20
2023-02-02 06:30:00,2023-02-02 06:45:00,0.5,6.3,6.4,6
2023-02-02 10:00:00,2023-02-02 11:45:00,2.0,7.4,7.5875,10
2023-02-02 18:30:00,2023-02-02 22:45:00,4.5,7.8,8.627777777777778,18
2023-02-03 02:30:00,2023-02-03 04:30:00,2.25,6.9,7.622222222222222,2
2023-02-04 07:15:00,2023-02-04 07:45:00,0.75,8.2,8.4,7
2023-02-04 13:30:00,2023-02-04 16:15:00,3.0,9.6,9.924999999999999,13
2023-02-05 00:30:00,2023-02-05 01:30:00,1.25,9.2,9.36,0
2023-02-05 07:00:00,2023-02-05 07:30:00,0.75,8.2,8.466666666666667,7
2023-02-06 01:45:00,2023-02-06 05:15:00,3.75,8.5,9.226666666666667,1
2023-02-06 08:00:00,2023-02-06 09:45:00,2.0,8.1,8.5125,8
2023-02-07 05:15:00,2023-02-07 06:30:00,1.5,7.9,8.25,5
2023-02-07 08:45:00,2023-02-07 09:00:00,0.5,7.3,7.449999999999999,8
2023-02-07 11:30:00,2023-02-07 12:00:00,0.75,7.9,8.166666666666666,11
2023-02-08 08:00:00,2023-02-08 11:45:00,4.0,5.8,6.9125000000000005,8
2023-02-08 19:00:00,2023-02-08 19:15:00,0.5,7.9,8.15,19
2023-02-09 02:00:00,2023-02-09 02:15:00,0.5,7.7,7.85,2
2023-02-09 04:45:00,2023-02-09 06:15:00,1.75,7.1,7.414285714285714,4
2023-02-09 19:15:00,2023-02-09 21:00:00,2.0,6.9,7.1000000000000005,19
2023-02-10 18:45:00,2023-02-10 22:45:00,4.25,7.4,7.8352941176470585,18
2023-02-11 01:30:00,2023-02-11 03:00:00,1.75,6.9,7.414285714285713,1
2023-02-11 15:30:00,2023-02-11 17:00:00,1.75,8.3,8.557142857142859,15
2023-02-12 05:00:00,2023-02-12 05:15:00,0.5,9.4,9.5,5
2023-02-12 17:30:00,2023-02-12 19:30:00,2.25,10.2,10.544444444444444,17
2023-02-13 10:45:00,2023-02-13 15:15:00,4.75,10.5,11.126315789473685,10
2023-02-13 16:45:00,2023-02-13 22:45:00,6.25,9.8,10.674999999999999,16
2023-02-14 02:00:00,2023-02-14 06:00:00,4.25,8.4,9.464705882352941,2
2023-02-14 16:00:00,2023-02-14 16:45:00,1.0,11.0,11.05,16
2023-02-14 22:30:00,2023-02-15 00:15:00,2.0,9.0,9.725,22
2023-02-15 02:15:00,2023-02-15 04:00:00,2.0,8.1,8.375,2
2023-02-15 05:45:00,2023-02-15 07:45:00,2.25,7.1,7.877777777777776,5
2023-02-15 12:00:00,2023-02-15 12:15:00,0.5,8.2,8.399999999999999,12
2023-02-15 16:15:00,2023-02-16 02:00:00,10.0,6.6,9.257499999999999,16
2023-02-16 06:00:00,2023-02-16 07:45:00,2.0,5.6,6.8999999999999995,6
2023-02-16 22:30:00,2023-02-17 03:45:00,5.5,6.1,7.113636363636363,22
2023-02-18 13:15:00,2023-02-18 18:15:00,5.25,8.8,9.7,13
2023-02-18 22:30:00,2023-02-19 05:00:00,6.75,8.4,9.340740740740742,22
2023-02-20 03:00:00,2023-02-20 04:30:00,1.75,8.2,8.814285714285715,3
2023-02-20 06:30:00,2023-02-20 06:45:00,0.5,8.1,8.5,6
2023-02-20 09:30:00,2023-02-20 10:15:00,1.0,8.9,9.075,9
2023-02-20 13:15:00,2023-02-20 13:45:00,0.75,9.3,9.4,13
2023-02-21 03:15:00,2023-02-21 04:45:00,1.75,7.5,7.799999999999999,3
2023-02-21 17:15:00,2023-02-21 18:45:00,1.75,8.7,9.0,17
2023-02-21 23:45:00,2023-02-22 00:45:00,1.25,8.1,8.24,23
2023-02-22 02:15:00,2023-02-22 03:45:00,1.75,7.7,8.042857142857143,2
2023-02-22 06:45:00,2023-02-22 08:30:00,2.0,6.4,6.7375,6
2023-02-22 13:00:00,2023-02-22 13:15:00,0.5,9.0,9.1,13
2023-02-22 15:00:00,2023-02-22 17:30:00,2.75,8.8,9.363636363636363,15
2023-02-22 19:00:00,2023-02-23 01:30:00,6.75,8.2,8.855555555555556,19
2023-02-23 03:15:00,2023-02-23 04:15:00,1.25,7.7,7.880000000000001,3
2023-02-23 05:45:00,2023-02-23 09:00:00,3.5,7.0,7.328571428571429,5
2023-02-23 17:45:00,2023-02-23 23:00:00,5.5,7.0,8.054545454545455,17
2023-02-24 00:30:00,2023-02-24 00:45:00,0.5,7.2,7.45,0
2023-02-24 02:30:00,2023-02-24 03:00:00,0.75,7.4,7.633333333333333,2
2023-02-24 14:45:00,2023-02-24 15:45:00,1.25,8.5,8.559999999999999,14
2023-02-24 21:15:00,2023-02-25 00:00:00,3.0,6.9,7.55,21
2023-02-25 03:00:00,2023-02-25 04:30:00,1.75,5.8,6.3999999999999995,3
2023-02-25 06:00:00,2023-02-25 08:30:00,2.75,6.9,7.136363636363637,6
2023-02-25 17:30:00,2023-02-25 20:15:00,3.0,7.9,8.558333333333332,17
2023-02-26 22:00:00,2023-02-27 00:45:00,3.0,6.8,7.433333333333334,22
2023-02-27 03:00:00,2023-02-27 04:15:00,1.5,6.8,7.116666666666667,3
2023-02-27 21:45:00,2023-02-27 23:15:00,1.75,6.9,7.457142857142856,21
2023-02-28 07:00:00,2023-02-28 07:45:00,1.0,5.7,6.0249999999999995,7
2023-02-28 16:45:00,2023-02-28 17:00:00,0.5,9.2,9.3,16
2023-02-28 20:00:00,2023-02-28 22:45:00,3.0,6.5,8.025,20
2023-03-01 00:45:00,2023-03-01 01:30:00,1.0,7.1,7.300000000000001,0
2023-03-01 03:00:00,2023-03-01 03:45:00,1.0,6.3,6.4750000000000005,3
2023-03-01 15:45:00,2023-03-01 19:15:00,3.75,9.0,9.96,15
2023-03-01 22:30:00,2023-03-01 23:15:00,1.0,5.4,6.574999999999999,22
2023-03-02 01:15:00,2023-03-02 02:30:00,1.5,6.8,7.266666666666667,1
2023-03-02 05:00:00,2023-03-02 07:15:00,2.5,5.7,6.26,5
2023-03-02 16:00:00,2023-03-02 18:15:00,2.5,9.0,9.250000000000002,16
2023-03-02 22:45:00,2023-03-02 23:00:00,0.5,7.8,7.949999999999999,22
2023-03-03 01:00:00,2023-03-03 04:30:00,3.75,6.5,7.073333333333332,1
2023-03-03 06:45:00,2023-03-03 07:15:00,0.75,6.2,6.533333333333332,6
2023-03-04 01:00:00,2023-03-04 07:45:00,7.0,4.8,6.285714285714286,1
2023-03-04 21:30:00,2023-03-05 04:15:00,7.0,5.3,7.028571428571429,21
2023-03-05 06:45:00,2023-03-05 08:30:00,2.0,4.0,5.4625,6
2023-03-05 10:15:00,2023-03-05 10:30:00,0.5,6.4,6.550000000000001,10
2023-03-05 14:15:00,2023-03-05 14:45:00,0.75,7.8,7.966666666666666,14
2023-03-06 00:45:00,2023-03-06 08:15:00,7.75,5.1,6.619354838709677,0
2023-03-06 18:15:00,2023-03-06 19:30:00,1.5,7.2,7.416666666666667,18
2023-03-07 09:00:00,2023-03-07 09:45:00,1.0,4.9,5.8999999999999995,9
2023-03-07 18:15:00,2023-03-07 18:30:00,0.5,7.8,7.9,18
2023-03-07 20:45:00,2023-03-07 22:15:00,1.75,7.0,7.314285714285714,20
2023-03-08 06:30:00,2023-03-08 10:00:00,3.75,5.3,6.180000000000001,6
2023-03-09 04:15:00,2023-03-09 07:15:00,3.25,4.6,5.946153846153845,4
2023-03-09 11:15:00,2023-03-09 11:45:00,0.75,6.6,6.7,11
2023-03-09 20:00:00,2023-03-09 21:45:00,2.0,7.0,7.262499999999999,20
2023-03-10 02:30:00,2023-03-10 03:00:00,0.75,6.4,6.666666666666667,2
2023-03-10 07:00:00,2023-03-10 08:30:00,1.75,6.3,6.571428571428571,7
2023-03-10 19:30:00,2023-03-10 22:00:00,2.75,6.2,6.990909090909091,19
2023-03-11 00:00:00,2023-03-11 01:30:00,1.75,6.4,6.7,0
2023-03-11 03:15:00,2023-03-11 05:30:00,2.5,6.1,6.49,3
2023-03-11 18:45:00,2023-03-11 20:00:00,1.5,7.4,7.783333333333332,18
2023-03-11 22:45:00,2023-03-12 00:45:00,2.25,6.9,7.155555555555556,22
2023-03-12 02:30:00,2023-03-12 03:30:00,1.25,7.1,7.18,2
2023-03-12 16:00:00,2023-03-13 02:00:00,10.25,5.0,6.417073170731708,16
2023-03-13 19:00:00,2023-03-13 22:45:00,4.0,8.1,8.94375,19
2023-03-14 02:00:00,2023-03-14 02:30:00,0.75,6.9,7.599999999999999,2
2023-03-14 18:00:00,2023-03-15 00:45:00,7.0,7.9,9.064285714285713,18
2023-03-15 06:45:00,2023-03-15 08:45:00,2.25,6.9,7.611111111111111,6
2023-03-15 15:45:00,2023-03-15 17:00:00,1.5,9.5,9.766666666666666,15
2023-03-15 18:45:00,2023-03-15 19:45:00,1.25,8.6,9.500000000000002,18
2023-03-16 15:00:00,2023-03-16 17:15:00,2.5,8.6,8.979999999999999,15
2023-03-17 00:30:00,2023-03-17 06:30:00,6.25,6.0,6.984,0
2023-03-17 23:45:00,2023-03-18 02:15:00,2.75,6.5,6.827272727272728,23
2023-03-18 10:30:00,2023-03-18 11:45:00,1.5,8.1,8.25,10
2023-03-19 02:30:00,2023-03-19 04:15:00,2.0,7.8,8.2375,2
2023-03-20 03:00:00,2023-03-20 04:15:00,1.5,9.2,9.35,3
2023-03-20 17:30:00,2023-03-20 17:45:00,0.5,10.1,10.2,17
2023-03-20 20:00:00,2023-03-20 21:15:00,1.5,9.8,10.049999999999999,20
2023-03-21 04:30:00,2023-03-21 08:00:00,3.75,9.9,10.213333333333333,4
2023-03-21 18:15:00,2023-03-21 19:00:00,1.0,9.9,10.075,18
2023-03-22 04:45:00,2023-03-22 06:30:00,2.0,8.0,9.125,4
2023-03-22 19:45:00,2023-03-22 20:15:00,0.75,9.4,9.533333333333333,19
2023-03-23 20:00:00,2023-03-23 21:30:00,1.75,7.9,8.242857142857144,20
2023-04-10 17:15:00,2023-04-10 20:15:00,3.25,7.6,8.392307692307693,17
2023-04-10 22:15:00,2023-04-10 23:45:00,1.75,6.5,7.1571428571428575,22
2023-04-11 01:30:00,2023-04-11 02:00:00,0.75,6.6,6.8999999999999995,1
2023-04-11 19:15:00,2023-04-12 01:30:00,6.5,5.8,7.338461538461539,19
2023-04-12 03:00:00,2023-04-12 03:30:00,0.75,6.2,6.3,3
2023-04-12 16:45:00,2023-04-13 00:15:00,7.75,6.5,7.374193548387098,16
2023-04-13 12:15:00,2023-04-13 15:00:00,3.0,8.0,8.283333333333333,12
2023-04-13 16:30:00,2023-04-13 17:00:00,0.75,8.1,8.433333333333332,16
2023-04-13 20:15:00,2023-04-14 00:00:00,4.0,7.1,7.94375,20
2023-04-14 03:45:00,2023-04-14 04:15:00,0.75,6.3,6.833333333333333,3
2023-04-14 05:45:00,2023-04-14 07:15:00,1.75,6.4,6.628571428571428,5
2023-04-14 20:00:00,2023-04-14 20:45:00,1.0,8.7,8.95,20
2023-04-14 22:15:00,2023-04-15 02:15:00,4.25,6.4,7.452941176470589,22
2023-04-15 04:30:00,2023-04-15 07:45:00,3.5,5.5,6.200000000000001,4
2023-04-15 16:15:00,2023-04-15 17:30:00,1.5,7.7,7.883333333333334,16
2023-04-15 19:15:00,2023-04-16 04:45:00,9.75,4.5,6.871794871794871,19
2023-04-16 11:15:00,2023-04-16 11:30:00,0.5,7.4,7.550000000000001,11
2023-04-16 15:15:00,2023-04-16 16:30:00,1.5,8.6,9.000000000000002,15
2023-04-17 01:00:00,2023-04-17 02:15:00,1.5,7.7,7.916666666666667,1
2023-04-18 01:00:00,2023-04-18 02:00:00,1.25,7.6,7.959999999999999,1
2023-04-18 07:00:00,2023-04-18 07:30:00,0.75,7.0,7.133333333333333,7
2023-04-18 09:15:00,2023-04-18 11:45:00,2.75,7.9,8.518181818181818,9
2023-04-18 18:00:00,2023-04-18 20:45:00,3.0,8.7,9.0,18
2023-04-18 23:15:00,2023-04-19 00:45:00,1.75,8.1,8.3,23
2023-04-19 05:00:00,2023-04-19 06:00:00,1.25,7.2,7.4799999999999995,5
2023-04-19 17:45:00,2023-04-19 19:30:00,2.0,7.5,8.2125,17
2023-04-19 21:00:00,2023-04-19 23:45:00,3.0,7.1,7.541666666666665,21
2023-04-20 01:45:00,2023-04-20 02:15:00,0.75,7.1,7.266666666666666,1
2023-04-20 17:15:00,2023-04-20 20:15:00,3.25,6.0,7.023076923076923,17
2023-04-20 22:30:00,2023-04-20 23:00:00,0.75,6.8,6.933333333333334,22
2023-04-21 17:00:00,2023-04-21 19:45:00,3.0,5.3,6.891666666666666,17
2023-04-21 21:30:00,2023-04-22 05:30:00,8.25,5.2,5.9393939393939394,21
2023-04-22 15:45:00,2023-04-22 20:00:00,4.5,7.1,8.01666666666667,15
2023-04-22 22:00:00,2023-04-22 23:30:00,1.75,6.4,6.857142857142856,22
2023-04-23 01:00:00,2023-04-23 04:00:00,3.25,6.3,6.676923076923076,1
2023-04-23 17:45:00,2023-04-23 22:00:00,4.5,5.2,6.9222222222222225,17
2023-04-24 00:15:00,2023-04-24 02:00:00,2.0,6.1,6.25,0
2023-04-24 18:30:00,2023-04-24 21:00:00,2.75,6.3,7.218181818181819,18
2023-04-24 23:30:00,2023-04-25 01:45:00,2.5,5.8,6.460000000000001,23
2023-04-25 17:00:00,2023-04-25 17:45:00,1.0,7.9,8.125,17
2023-04-25 20:45:00,2023-04-25 22:00:00,1.5,6.6,7.25,20
2023-04-25 23:30:00,2023-04-26 01:15:00,2.0,6.1,6.699999999999999,23
2023-04-26 20:15:00,2023-04-26 21:00:00,1.0,7.1,7.275,20
2023-04-27 02:15:00,2023-04-27 05:15:00,3.25,4.8,5.746153846153846,2
2023-04-27 16:45:00,2023-04-27 18:15:00,1.75,6.9,7.028571428571429,16
2023-04-27 20:15:00,2023-04-28 02:30:00,6.5,5.1,6.146153846153846,20
2023-04-28 04:00:00,2023-04-28 06:15:00,2.5,5.1,5.71,4
2023-04-28 19:00:00,2023-04-28 23:00:00,4.25,5.8,6.870588235294117,19
2023-04-29 00:45:00,2023-04-29 04:45:00,4.25,4.9,6.082352941176471,0
2023-04-29 06:15:00,2023-04-29 08:00:00,2.0,4.3,5.025,6
2023-04-29 09:45:00,2023-04-29 11:00:00,1.5,5.6,5.883333333333333,9
2023-04-29 13:45:00,2023-04-29 16:00:00,2.5,7.1,7.43,13
2023-04-29 19:15:00,2023-04-30 00:15:00,5.25,3.7,6.238095238095238,19
2023-04-30 02:15:00,2023-04-30 04:00:00,2.0,5.7,6.175000000000001,2
2023-04-30 10:15:00,2023-04-30 13:00:00,3.0,7.1,7.583333333333333,10
2023-04-30 23:45:00,2023-05-01 01:00:00,1.5,7.2,7.333333333333333,23
2023-05-01 14:45:00,2023-05-01 15:45:00,1.25,8.4,8.58,14
2023-05-01 20:30:00,2023-05-01 21:15:00,1.0,7.4,7.574999999999999,20
2023-05-02 00:30:00,2023-05-02 03:45:00,3.5,6.2,6.635714285714285,0
2023-05-02 08:30:00,2023-05-02 08:45:00,0.5,6.2,6.300000000000001,8
2023-05-03 04:45:00,2023-05-03 06:00:00,1.5,6.1,6.7,4
2023-05-04 03:15:00,2023-05-04 04:15:00,1.25,6.4,6.640000000000001,3
2023-05-04 05:45:00,2023-05-04 06:30:00,1.0,7.2,7.3999999999999995,5
2023-05-04 18:30:00,2023-05-04 19:45:00,1.5,7.4,7.8999999999999995,18
2023-05-04 22:00:00,2023-05-05 01:00:00,3.25,6.7,7.1461538461538465,22
2023-05-05 16:30:00,2023-05-05 16:45:00,0.5,7.1,7.25,16
2023-05-19 15:00:00,2023-05-19 15:30:00,0.75,7.1,7.2,15
2023-05-19 18:45:00,2023-05-19 22:15:00,3.75,5.1,5.54,18
2023-05-20 01:45:00,2023-05-20 03:00:00,1.5,4.9,5.3,1
2023-05-20 14:15:00,2023-05-20 18:00:00,4.0,4.8,6.275,14
2023-05-20 20:30:00,2023-05-20 21:45:00,1.5,5.2,5.566666666666667,20
2023-05-20 23:45:00,2023-05-21 02:00:00,2.5,4.9,5.14,23
2023-05-21 15:30:00,2023-05-21 19:00:00,3.75,6.1,6.953333333333332,15
2023-05-21 21:00:00,2023-05-21 22:15:00,1.5,4.8,5.3,21
2023-05-22 17:15:00,2023-05-22 20:45:00,3.75,5.9,7.073333333333334,17
2023-05-22 22:45:00,2023-05-23 05:00:00,6.5,4.8,5.411538461538461,22
2023-05-23 14:30:00,2023-05-23 18:15:00,4.0,6.1,7.5125,14
2023-05-23 20:00:00,2023-05-24 04:30:00,8.75,5.1,5.865714285714286,20
2023-05-24 17:00:00,2023-05-24 23:15:00,6.5,3.9,6.15,17
2023-05-25 01:15:00,2023-05-25 02:30:00,1.5,5.1,5.333333333333333,1
2023-05-25 12:00:00,2023-05-25 12:15:00,0.5,6.7,6.800000000000001,12
2023-05-25 16:30:00,2023-05-26 03:30:00,11.25,4.4,6.386666666666666,16
2023-05-26 18:00:00,2023-05-27 04:45:00,11.0,4.1,5.827272727272727,18
2023-05-27 20:30:00,2023-05-27 23:15:00,3.0,6.7,7.033333333333334,20
2023-05-28 00:45:00,2023-05-28 03:00:00,2.5,5.1,6.16,0
2023-05-28 05:00:00,2023-05-28 06:45:00,2.0,5.3,5.4375,5
2023-05-28 17:45:00,2023-05-28 18:00:00,0.5,7.2,7.35,17
2023-05-28 19:30:00,2023-05-28 21:00:00,1.75,6.0,6.857142857142857,19
2023-05-28 23:00:00,2023-05-28 23:45:00,1.0,6.0,6.425,23
2023-05-29 01:30:00,2023-05-29 03:15:00,2.0,5.0,5.4375,1
2023-05-29 17:30:00,2023-05-29 19:00:00,1.75,6.7,7.214285714285715,17
2023-05-29 22:15:00,2023-05-30 06:45:00,8.75,5.0,5.740000000000001,22
2023-05-30 13:30:00,2023-05-30 14:00:00,0.75,7.0,7.066666666666666,13
2023-05-30 17:15:00,2023-05-30 18:00:00,1.0,7.1,7.325000000000001,17
2023-05-31 10:30:00,2023-05-31 10:45:00,0.5,6.0,6.2,10
2023-05-31 21:30:00,2023-05-31 22:00:00,0.75,6.0,6.066666666666666,21
2023-05-31 23:30:00,2023-06-01 00:30:00,1.25,5.5,5.619999999999999,23
2023-06-01 19:00:00,2023-06-01 19:45:00,1.0,5.6,6.45,19
2023-06-01 21:45:00,2023-06-01 23:45:00,2.25,5.6,6.022222222222222,21
2023-06-02 01:45:00,2023-06-02 03:15:00,1.75,5.5,5.671428571428571,1
2023-06-02 07:00:00,2023-06-02 08:15:00,1.5,5.4,5.766666666666667,7
2023-06-02 14:45:00,2023-06-02 17:45:00,3.25,6.1,6.761538461538461,14
2023-06-02 19:15:00,2023-06-02 20:15:00,1.25,5.7,5.96,19
2023-06-02 21:45:00,2023-06-02 23:45:00,2.25,5.2,5.511111111111111,21
2023-06-03 10:45:00,2023-06-03 11:00:00,0.5,7.0,7.15,10
2023-06-03 13:30:00,2023-06-04 02:30:00,13.25,3.9,5.5924528301886784,13
2023-06-04 11:30:00,2023-06-04 14:30:00,3.25,6.3,7.246153846153845,11
2023-06-04 16:00:00,2023-06-04 21:45:00,6.0,4.1,5.145833333333333,16
2023-06-05 01:00:00,2023-06-05 01:30:00,0.75,4.1,4.3999999999999995,1
2023-06-05 09:45:00,2023-06-05 10:15:00,0.75,6.1,6.333333333333333,9
2023-06-05 15:15:00,2023-06-05 16:15:00,1.25,4.5,6.26,15
2023-06-05 18:15:00,2023-06-05 19:45:00,1.75,4.4,5.028571428571428,18
2023-06-05 21:15:00,2023-06-06 04:15:00,7.25,3.7,4.724137931034483,21
2023-06-06 17:00:00,2023-06-06 21:00:00,4.25,4.4,5.435294117647059,17
2023-06-06 22:30:00,2023-06-06 23:00:00,0.75,4.4,4.7,22
2023-06-07 13:00:00,2023-06-07 14:00:00,1.25,5.9,6.080000000000001,13
2023-06-07 16:30:00,2023-06-07 22:15:00,6.0,3.8,5.454166666666666,16
2023-06-08 00:00:00,2023-06-08 02:30:00,2.75,3.7,4.072727272727273,0
2023-06-08 04:15:00,2023-06-08 04:30:00,0.5,4.0,4.1,4
2023-06-08 13:45:00,2023-06-08 22:30:00,9.0,4.2,6.191666666666666,13
2023-06-09 00:15:00,2023-06-09 02:15:00,2.25,3.7,4.122222222222223,0
2023-06-09 05:30:00,2023-06-09 07:30:00,2.25,3.0,3.5555555555555554,5
2023-06-09 13:00:00,2023-06-09 17:30:00,4.75,6.0,8.189473684210526,13
2023-06-09 20:30:00,2023-06-10 05:30:00,9.25,2.9,4.597297297297297,20
2023-06-10 11:15:00,2023-06-10 12:15:00,1.25,6.3,6.74,11
2023-06-10 15:30:00,2023-06-10 16:15:00,1.0,5.2,6.475,15
2023-06-10 17:45:00,2023-06-10 18:15:00,0.75,5.6,5.7,17
2023-06-10 20:30:00,2023-06-10 21:45:00,1.5,5.6,6.033333333333334,20
2023-06-10 23:30:00,2023-06-11 04:00:00,4.75,3.7,5.121052631578948,23
2023-06-12 15:00:00,2023-06-12 18:15:00,3.5,6.6,7.442857142857142,15
2023-06-12 20:00:00,2023-06-13 00:45:00,5.0,5.4,6.250000000000001,20
2023-06-13 02:15:00,2023-06-13 04:00:00,2.0,5.3,5.675,2
2023-06-13 06:15:00,2023-06-13 06:45:00,0.75,5.2,5.5,6
2023-06-13 18:00:00,2023-06-13 19:00:00,1.25,7.0,7.26,18
2023-06-14 02:00:00,2023-06-14 04:00:00,2.25,5.6,5.844444444444445,2
2023-06-14 13:15:00,2023-06-14 15:30:00,2.5,6.6,7.139999999999999,13
2023-06-14 17:00:00,2023-06-14 19:00:00,2.25,6.3,6.855555555555556,17
2023-06-15 13:15:00,2023-06-15 16:30:00,3.5,6.0,6.864285714285716,13
2023-06-16 12:30:00,2023-06-16 13:30:00,1.25,6.7,7.540000000000001,12
2023-06-16 17:00:00,2023-06-16 19:30:00,2.75,6.9,7.8909090909090915,17
2023-06-16 21:15:00,2023-06-16 21:30:00,0.5,6.2,6.300000000000001,21
2023-06-17 03:00:00,2023-06-17 04:30:00,1.75,5.6,5.857142857142857,3
2023-06-17 06:15:00,2023-06-17 06:30:00,0.5,5.6,5.699999999999999,6
2023-06-17 12:45:00,2023-06-17 20:15:00,7.75,4.5,7.1322580645161295,12
2023-06-17 21:45:00,2023-06-18 01:30:00,4.0,5.3,5.6875,21
2023-06-18 03:30:00,2023-06-18 05:00:00,1.75,5.1,5.428571428571429,3
2023-06-18 17:30:00,2023-06-18 19:45:00,2.5,7.0,7.75,17
2023-06-18 21:45:00,2023-06-18 23:00:00,1.5,6.3,6.666666666666667,21
2023-06-19 12:30:00,2023-06-19 13:45:00,1.5,6.5,7.0,12
2023-06-19 16:15:00,2023-06-19 20:45:00,4.75,4.5,6.052631578947367,16
2023-06-20 05:30:00,2023-06-20 06:30:00,1.25,5.1,5.26,5
2023-06-20 12:30:00,2023-06-20 14:00:00,1.75,6.5,6.785714285714286,12
2023-06-20 19:00:00,2023-06-20 20:00:00,1.25,5.5,6.279999999999999,19
2023-06-20 22:00:00,2023-06-20 23:15:00,1.5,5.5,5.766666666666667,22
2023-06-21 03:00:00,2023-06-21 03:30:00,0.75,5.2,5.333333333333333,3
2023-06-21 09:15:00,2023-06-21 10:15:00,1.25,6.1,6.580000000000001,9
2023-06-21 16:15:00,2023-06-21 18:30:00,2.5,8.3,8.870000000000001,16
2023-06-21 20:15:00,2023-06-21 20:45:00,0.75,6.6,7.466666666666666,20
2023-06-21 22:15:00,2023-06-22 05:00:00,7.0,5.6,6.460714285714286,22
2023-06-22 15:00:00,2023-06-23 03:45:00,13.0,4.0,6.836538461538462,15
2023-06-23 05:15:00,2023-06-23 07:00:00,2.0,5.1,5.375,5
2023-06-23 09:00:00,2023-06-23 10:15:00,1.5,6.0,6.366666666666667,9
2023-06-23 18:15:00,2023-06-24 01:45:00,7.75,5.0,6.993548387096775,18
2023-06-24 03:45:00,2023-06-24 08:00:00,4.5,4.6,5.661111111111111,3
2023-06-24 09:30:00,2023-06-24 10:00:00,0.75,5.6,5.966666666666666,9
2023-06-24 11:30:00,2023-06-24 12:00:00,0.75,6.1,6.2,11
2023-06-24 15:00:00,2023-06-24 15:30:00,0.75,7.3,7.6000000000000005,15
2023-06-24 18:30:00,2023-06-25 03:00:00,8.75,5.5,6.64,18
2023-06-25 05:45:00,2023-06-25 06:00:00,0.5,5.6,5.8,5
2023-06-25 12:30:00,2023-06-25 13:15:00,1.0,7.9,8.149999999999999,12
2023-06-25 15:15:00,2023-06-25 16:15:00,1.25,8.2,8.280000000000001,15
2023-06-25 18:15:00,2023-06-25 21:45:00,3.75,6.5,7.2266666666666675,18
2023-06-26 02:15:00,2023-06-26 04:00:00,2.0,5.8,6.2,2
2023-06-26 11:15:00,2023-06-26 12:00:00,1.0,7.2,7.5249999999999995,11
2023-06-26 18:30:00,2023-06-27 01:30:00,7.25,5.6,6.844827586206898,18
2023-06-27 03:00:00,2023-06-27 06:45:00,4.0,5.2,5.78125,3
2023-06-27 19:00:00,2023-06-27 23:30:00,4.75,5.5,6.4526315789473685,19
2023-06-28 01:15:00,2023-06-28 08:15:00,7.25,4.8,5.517241379310343,1
2023-06-28 17:45:00,2023-06-28 18:30:00,1.0,7.9,8.25,17
2023-06-28 20:15:00,2023-06-29 04:45:00,8.75,3.5,5.6800000000000015,20
2023-06-29 06:15:00,2023-06-29 07:30:00,1.5,5.6,5.883333333333334,6
2023-06-29 09:00:00,2023-06-29 10:15:00,1.5,5.5,6.1000000000000005,9
2023-06-29 18:45:00,2023-06-29 19:15:00,0.75,7.5,7.633333333333333,18
2023-06-29 21:00:00,2023-06-30 00:45:00,4.0,5.1,5.856249999999999,21
2023-06-30 04:45:00,2023-06-30 05:30:00,1.0,4.7,4.75,4
2023-06-30 09:30:00,2023-06-30 10:30:00,1.25,5.2,5.32,9
2023-06-30 17:15:00,2023-06-30 18:45:00,1.75,7.4,7.757142857142857,17
2023-06-30 20:15:00,2023-06-30 21:45:00,1.75,6.0,6.442857142857143,20
2023-07-01 01:45:00,2023-07-01 03:00:00,1.5,4.6,4.883333333333333,1
2023-07-01 06:15:00,2023-07-01 07:00:00,1.0,3.7,4.225,6
2023-07-01 10:45:00,2023-07-01 11:30:00,1.0,5.1,5.6,10
2023-07-01 14:15:00,2023-07-01 14:30:00,0.5,6.6,6.8,14
2023-07-01 21:45:00,2023-07-02 06:45:00,9.25,4.5,5.275675675675674,21
2023-07-02 09:00:00,2023-07-02 09:45:00,1.0,5.3,5.5,9
2023-07-02 14:00:00,2023-07-02 17:45:00,4.0,6.7,7.262499999999999,14
2023-07-02 19:30:00,2023-07-02 22:30:00,3.25,5.1,5.769230769230769,19
2023-07-03 01:30:00,2023-07-03 02:15:00,1.0,4.3,4.625,1
2023-07-03 03:45:00,2023-07-03 04:45:00,1.25,5.0,5.140000000000001,3
2023-07-03 06:45:00,2023-07-03 07:00:00,0.5,5.0,5.15,6
2023-07-03 08:45:00,2023-07-03 10:00:00,1.5,5.3,5.75,8
2023-07-03 14:30:00,2023-07-03 21:00:00,6.75,5.3,6.6259259259259276,14
2023-07-04 10:45:00,2023-07-04 12:00:00,1.5,4.1,4.316666666666666,10
2023-07-04 16:00:00,2023-07-04 18:45:00,3.0,4.9,6.016666666666667,16
2023-07-04 20:30:00,2023-07-04 21:30:00,1.25,4.4,4.639999999999999,20
2023-07-05 08:15:00,2023-07-05 09:00:00,1.0,5.0,5.2,8
2023-07-05 12:30:00,2023-07-06 02:00:00,13.75,3.0,5.030909090909092,12
2023-07-06 04:00:00,2023-07-06 08:15:00,4.5,3.1,3.7277777777777774,4
2023-07-06 13:15:00,2023-07-07 13:15:00,24.25,2.6,5.750515463917525,13
2023-07-07 16:30:00,2023-07-07 18:15:00,2.0,6.4,7.1375,16
2023-07-07 20:00:00,2023-07-07 23:15:00,3.5,5.2,6.185714285714286,20
2023-07-08 00:45:00,2023-07-08 01:45:00,1.25,4.7,4.88,0
2023-07-08 03:30:00,2023-07-08 03:45:00,0.5,4.4,4.550000000000001,3
2023-07-08 10:00:00,2023-07-08 19:15:00,9.5,6.6,7.852631578947371,10
2023-07-09 13:00:00,2023-07-09 15:00:00,2.25,6.5,7.077777777777778,13
2023-07-09 16:45:00,2023-07-10 03:45:00,11.25,5.1,5.993333333333333,16
2023-07-10 05:15:00,2023-07-10 06:45:00,1.75,4.5,4.8428571428571425,5
2023-07-10 12:30:00,2023-07-10 12:45:00,0.5,6.7,6.9,12
2023-07-10 14:30:00,2023-07-10 23:45:00,9.5,4.4,5.789473684210526,14
2023-07-11 01:15:00,2023-07-11 02:00:00,1.0,4.1,4.324999999999999,1
2023-07-11 04:00:00,2023-07-11 07:00:00,3.25,3.2,3.7615384615384615,4
2023-07-11 15:45:00,2023-07-11 17:45:00,2.25,5.6,6.022222222222222,15
2023-07-11 20:15:00,2023-07-11 22:00:00,2.0,5.0,5.4625,20
2023-07-12 01:45:00,2023-07-12 07:30:00,6.0,4.0,4.541666666666667,1
2023-07-12 12:00:00,2023-07-12 22:15:00,10.5,4.5,6.4071428571428575,12
2023-07-13 06:15:00,2023-07-13 08:30:00,2.5,4.5,4.929999999999999,6
2023-07-13 10:15:00,2023-07-13 11:00:00,1.0,5.1,5.575,10
2023-07-13 14:15:00,2023-07-13 21:00:00,7.0,5.8,7.114285714285714,14
2023-07-14 02:30:00,2023-07-14 06:30:00,4.25,4.1,4.852941176470588,2
2023-07-14 14:30:00,2023-07-14 15:00:00,0.75,7.6,7.833333333333333,14
2023-07-14 16:45:00,2023-07-15 04:45:00,12.25,5.0,6.110204081632652,16
2023-07-15 15:15:00,2023-07-15 20:30:00,5.5,6.7,7.65,15
2023-07-16 03:30:00,2023-07-16 06:15:00,3.0,4.6,5.266666666666667,3
2023-07-16 09:45:00,2023-07-16 10:30:00,1.0,7.0,7.275,9
2023-07-16 14:45:00,2023-07-16 17:15:00,2.75,6.2,7.1909090909090905,14
2023-07-16 18:45:00,2023-07-16 20:45:00,2.25,4.7,5.433333333333334,18
2023-07-16 22:30:00,2023-07-17 01:15:00,3.0,3.1,4.533333333333334,22
2023-07-17 05:00:00,2023-07-17 08:00:00,3.25,3.3,3.8769230769230765,5
2023-07-17 13:30:00,2023-07-17 13:45:00,0.5,6.7,6.85,13
2023-07-17 18:00:00,2023-07-17 21:45:00,4.0,5.1,6.8,18
2023-07-17 23:30:00,2023-07-18 06:15:00,7.0,3.3,4.767857142857144,23
2023-07-18 09:00:00,2023-07-18 10:00:00,1.25,4.4,4.859999999999999,9
2023-07-18 11:45:00,2023-07-18 12:15:00,0.75,5.4,5.7,11
2023-07-18 18:15:00,2023-07-18 22:45:00,4.75,6.1,6.8578947368421055,18
2023-07-19 00:15:00,2023-07-19 01:30:00,1.5,5.3,5.75,0
2023-07-19 03:00:00,2023-07-19 03:15:00,0.5,4.5,4.65,3
2023-07-19 06:00:00,2023-07-19 07:00:00,1.25,4.1,4.359999999999999,6
2023-07-19 13:45:00,2023-07-19 16:00:00,2.5,7.4,8.03,13
2023-07-19 18:00:00,2023-07-19 19:30:00,1.75,7.1,7.614285714285714,18
2023-07-19 21:30:00,2023-07-19 23:30:00,2.25,5.9,6.4111111111111105,21
2023-07-20 01:30:00,2023-07-20 04:00:00,2.75,4.8,5.454545454545454,1
2023-07-20 10:00:00,2023-07-20 10:15:00,0.5,5.3,5.4,10
2023-07-20 16:00:00,2023-07-20 16:15:00,0.5,8.2,8.35,16
2023-07-20 17:45:00,2023-07-20 19:15:00,1.75,6.5,7.000000000000001,17
2023-07-20 22:15:00,2023-07-20 23:00:00,1.0,6.4,6.549999999999999,22
2023-07-21 01:00:00,2023-07-21 03:15:00,2.5,4.5,5.359999999999999,1
2023-07-21 04:45:00,2023-07-21 05:30:00,1.0,4.9,5.1,4
2023-07-21 17:45:00,2023-07-21 19:45:00,2.25,6.4,7.1,17
2023-07-21 23:00:00,2023-07-22 01:45:00,3.0,5.0,5.691666666666666,23
2023-07-22 04:30:00,2023-07-22 05:15:00,1.0,4.8,5.0,4
2023-07-22 15:45:00,2023-07-22 19:45:00,4.25,5.2,6.5588235294117645,15
2023-07-22 21:15:00,2023-07-23 02:30:00,5.5,4.0,5.086363636363636,21
2023-07-23 04:30:00,2023-07-23 05:45:00,1.5,4.0,4.25,4
2023-07-23 12:00:00,2023-07-23 12:45:00,1.0,4.8,5.4750000000000005,12
2023-07-23 14:15:00,2023-07-23 17:15:00,3.25,6.0,6.553846153846153,14
2023-07-23 18:45:00,2023-07-23 21:30:00,3.0,5.5,6.124999999999999,18
2023-07-24 00:45:00,2023-07-24 07:45:00,7.25,3.6,4.5103448275862075,0
2023-07-24 11:45:00,2023-07-24 12:00:00,0.5,6.0,6.15,11
2023-07-24 17:45:00,2023-07-25 01:30:00,8.0,4.0,6.60625,17
2023-07-25 04:15:00,2023-07-25 05:15:00,1.25,5.0,5.18,4
2023-07-25 08:45:00,2023-07-25 10:45:00,2.25,5.4,6.044444444444444,8
2023-07-25 17:15:00,2023-07-26 07:00:00,14.0,2.2,5.669642857142857,17
2023-07-26 14:15:00,2023-07-26 15:15:00,1.25,8.7,8.820000000000002,14
2023-07-26 17:30:00,2023-07-27 05:00:00,11.75,4.8,6.117021276595742,17
2023-07-27 07:00:00,2023-07-27 08:00:00,1.25,4.6,5.1,7
2023-07-27 18:15:00,2023-07-28 06:30:00,12.5,4.3,5.7,18
2023-07-28 09:00:00,2023-07-28 11:45:00,3.0,4.9,5.824999999999999,9
2023-07-28 17:00:00,2023-07-29 05:45:00,13.0,4.3,5.865384615384614,17
2023-07-29 09:00:00,2023-07-29 10:00:00,1.25,5.0,5.12,9
2023-07-29 17:45:00,2023-07-30 11:00:00,17.5,4.3,5.565714285714286,17
2023-07-30 17:00:00,2023-07-31 05:15:00,12.5,3.8,5.14468085106383,17
2023-07-31 07:00:00,2023-07-31 11:00:00,4.25,3.3,4.647058823529412,7
2023-07-31 14:45:00,2023-07-31 16:00:00,1.5,6.8,6.916666666666667,14
2023-07-31 18:15:00,2023-08-01 04:00:00,10.0,4.1,5.3025,18
2023-08-01 06:30:00,2023-08-01 07:15:00,1.0,3.3,3.55,6
2023-08-01 10:45:00,2023-08-01 13:00:00,2.5,5.2,6.2,10
2023-08-01 15:30:00,2023-08-01 16:45:00,1.5,7.0,7.2,15
2023-08-01 18:30:00,2023-08-01 22:00:00,3.75,4.9,6.393333333333334,18
2023-08-01 23:30:00,2023-08-02 02:00:00,2.75,4.5,5.318181818181818,23
2023-08-02 04:00:00,2023-08-02 04:45:00,1.0,4.6,4.699999999999999,4
2023-08-02 19:15:00,2023-08-02 22:15:00,3.25,5.9,6.5076923076923086,19
2023-08-02 23:45:00,2023-08-03 08:15:00,8.75,4.3,5.037142857142857,23
2023-08-03 17:00:00,2023-08-03 19:15:00,2.5,6.3,7.0200000000000005,17
2023-08-03 22:00:00,2023-08-04 04:30:00,6.75,4.8,5.522222222222223,22
2023-08-04 10:00:00,2023-08-04 12:30:00,2.75,5.1,6.136363636363637,10
2023-08-04 16:30:00,2023-08-04 20:30:00,4.25,6.4,7.229411764705882,16
2023-08-04 23:45:00,2023-08-05 00:30:00,1.0,5.5,5.775,23
2023-08-05 02:15:00,2023-08-05 03:00:00,1.0,4.7,4.875,2
2023-08-05 04:45:00,2023-08-05 05:30:00,1.0,4.0,4.45,4
2023-08-05 15:00:00,2023-08-05 16:45:00,2.0,7.4,7.5375,15
2023-08-05 18:45:00,2023-08-05 23:30:00,5.0,4.7,5.900000000000001,18
2023-08-06 04:15:00,2023-08-06 05:00:00,1.0,3.2,3.825,4
2023-08-06 13:30:00,2023-08-06 14:45:00,1.5,6.9,7.083333333333332,13
2023-08-06 17:30:00,2023-08-06 19:15:00,2.0,6.3,6.6625,17
2023-08-06 20:45:00,2023-08-06 22:00:00,1.5,5.7,5.8500000000000005,20
2023-08-07 02:00:00,2023-08-07 02:30:00,0.75,5.0,5.133333333333334,2
2023-08-07 04:15:00,2023-08-07 06:15:00,2.25,3.8,4.255555555555556,4
2023-08-08 04:00:00,2023-08-08 05:30:00,1.75,4.1,4.728571428571429,4
2023-08-08 15:45:00,2023-08-08 19:30:00,4.0,6.4,7.1812499999999995,15
2023-08-09 02:15:00,2023-08-09 03:00:00,1.0,5.5,5.65,2
2023-08-09 04:30:00,2023-08-09 05:15:00,1.0,5.1,5.300000000000001,4
2023-08-09 08:15:00,2023-08-09 08:30:00,0.5,4.8,4.949999999999999,8
2023-08-09 16:15:00,2023-08-09 16:30:00,0.5,7.0,7.15,16
2023-08-10 15:15:00,2023-08-10 15:30:00,0.5,7.0,7.1,15
2023-08-10 18:15:00,2023-08-10 18:30:00,0.5,6.3,6.449999999999999,18
2023-08-10 20:30:00,2023-08-10 21:00:00,0.75,5.8,5.933333333333334,20
2023-08-11 07:30:00,2023-08-11 09:15:00,2.0,4.6,5.174999999999999,7
2023-08-11 17:45:00,2023-08-11 19:15:00,1.75,6.2,6.485714285714286,17
2023-08-12 18:45:00,2023-08-12 21:30:00,3.0,6.0,6.2250000000000005,18
2023-08-13 02:30:00,2023-08-13 05:45:00,3.5,4.3,4.935714285714285,2
2023-08-13 15:00:00,2023-08-13 21:30:00,6.75,5.9,6.988888888888888,15
2023-08-13 23:15:00,2023-08-14 01:15:00,2.25,5.3,5.711111111111111,23
2023-08-14 06:00:00,2023-08-14 06:30:00,0.75,4.6,4.7,6
2023-08-14 17:00:00,2023-08-14 18:45:00,2.0,6.8,7.300000000000001,17
2023-08-14 21:15:00,2023-08-14 22:30:00,1.5,5.3,5.949999999999999,21
2023-08-15 00:15:00,2023-08-15 00:30:00,0.5,5.6,5.699999999999999,0
2023-08-15 14:15:00,2023-08-15 16:45:00,2.75,6.5,7.072727272727274,14
2023-08-15 18:15:00,2023-08-16 06:00:00,12.0,4.3,4.929166666666666,18
2023-08-16 12:15:00,2023-08-16 13:15:00,1.25,6.2,6.700000000000001,12
2023-08-16 15:45:00,2023-08-17 00:45:00,9.25,5.9,6.945945945945946,15
2023-08-17 03:00:00,2023-08-17 04:00:00,1.25,4.6,5.42,3
2023-08-17 06:00:00,2023-08-17 06:30:00,0.75,5.3,5.366666666666667,6
2023-08-17 09:30:00,2023-08-17 11:45:00,2.5,4.8,5.77,9
2023-08-17 13:30:00,2023-08-17 18:30:00,5.25,6.0,6.795238095238095,13
2023-08-17 21:00:00,2023-08-17 22:15:00,1.5,5.3,5.6499999999999995,21
2023-08-30 13:15:00,2023-08-30 14:00:00,1.0,7.7,8.2,13
2023-08-30 16:00:00,2023-08-31 01:15:00,9.5,4.1,6.405263157894737,16
2023-08-31 03:15:00,2023-08-31 04:00:00,1.0,4.2,4.425,3
2023-08-31 12:15:00,2023-08-31 13:30:00,1.5,6.6,7.166666666666667,12
2023-08-31 17:00:00,2023-08-31 21:15:00,4.5,4.8,6.594444444444444,17
2023-08-31 23:00:00,2023-08-31 23:45:00,1.0,5.3,5.55,23
2023-09-01 01:15:00,2023-09-01 02:30:00,1.5,4.6,5.233333333333333,1
2023-09-01 17:45:00,2023-09-01 22:15:00,4.75,4.7,6.1947368421052635,17
2023-09-01 23:45:00,2023-09-02 08:45:00,9.25,3.5,4.743243243243244,23
2023-09-02 14:15:00,2023-09-02 17:00:00,3.0,6.0,6.466666666666668,14
2023-09-02 18:45:00,2023-09-02 22:15:00,3.75,5.0,5.973333333333334,18
2023-09-03 02:15:00,2023-09-03 03:00:00,1.0,3.8,4.3500000000000005,2
2023-09-03 04:45:00,2023-09-03 08:45:00,4.25,3.2,4.0470588235294125,4
2023-09-03 14:30:00,2023-09-03 20:45:00,6.5,5.4,6.1923076923076925,14
2023-09-04 09:45:00,2023-09-04 10:45:00,1.25,3.9,4.52,9
2023-09-04 14:30:00,2023-09-04 20:00:00,5.75,5.8,6.800000000000002,14
2023-09-05 02:30:00,2023-09-05 09:30:00,7.25,4.2,4.937931034482758,2
2023-09-05 11:30:00,2023-09-05 12:45:00,1.5,5.6,5.866666666666667,11
2023-09-05 17:15:00,2023-09-05 20:45:00,3.75,6.0,7.0200000000000005,17
2023-09-06 00:45:00,2023-09-06 03:30:00,3.0,5.1,5.7250000000000005,0
2023-09-06 05:15:00,2023-09-06 09:30:00,4.5,4.7,5.233333333333333,5
2023-09-06 11:30:00,2023-09-06 12:45:00,1.5,5.6,6.466666666666668,11
2023-09-06 16:00:00,2023-09-06 16:15:00,0.5,7.0,7.1,16
2023-09-06 18:15:00,2023-09-06 20:15:00,2.25,6.3,6.8999999999999995,18
2023-09-07 01:45:00,2023-09-07 04:45:00,3.25,4.1,4.9,1
2023-09-07 11:45:00,2023-09-07 13:00:00,1.5,6.1,6.75,11
2023-09-07 15:15:00,2023-09-07 19:00:00,4.0,5.3,6.23125,15
2023-09-07 23:30:00,2023-09-07 23:45:00,0.5,4.8,4.9,23
2023-09-08 02:30:00,2023-09-08 05:15:00,3.0,4.2,4.558333333333333,2
2023-09-08 07:15:00,2023-09-08 11:30:00,4.5,3.2,4.316666666666666,7
2023-09-08 15:15:00,2023-09-08 15:45:00,0.75,5.9,6.1000000000000005,15
2023-09-08 17:15:00,2023-09-08 21:45:00,4.75,4.4,5.6000000000000005,17
2023-09-08 23:15:00,2023-09-09 01:30:00,2.5,4.3,5.140000000000001,23
2023-09-09 05:45:00,2023-09-09 10:00:00,4.5,3.9,4.583333333333333,5
2023-09-09 13:00:00,2023-09-09 14:45:00,2.0,5.4,5.8875,13
2023-09-09 16:45:00,2023-09-10 02:15:00,9.75,3.6,4.989743589743591,16
2023-09-10 04:45:00,2023-09-10 06:15:00,1.75,4.5,5.1000000000000005,4
2023-09-10 08:00:00,2023-09-10 19:45:00,12.0,4.1,5.504166666666666,8
2023-09-10 21:15:00,2023-09-11 00:30:00,3.5,4.3,4.992857142857142,21
2023-09-11 08:30:00,2023-09-11 10:15:00,2.0,3.9,4.625,8
2023-09-11 13:15:00,2023-09-11 14:45:00,1.75,6.5,6.8571428571428585,13
2023-09-11 17:45:00,2023-09-11 22:30:00,5.0,4.8,6.1049999999999995,17
2023-09-12 00:15:00,2023-09-12 01:15:00,1.25,4.1,4.6,0
2023-09-12 03:00:00,2023-09-12 04:00:00,1.25,4.5,4.9399999999999995,3
2023-09-12 07:15:00,2023-09-12 08:15:00,1.25,4.4,4.640000000000001,7
2023-09-12 11:30:00,2023-09-12 12:30:00,1.25,4.8,5.3,11
2023-09-12 17:00:00,2023-09-13 05:15:00,12.5,3.7,5.126,17
2023-09-13 07:45:00,2023-09-13 09:30:00,2.0,3.8,4.15,7
2023-09-13 12:45:00,2023-09-13 14:45:00,2.25,4.4,5.322222222222222,12
2023-09-13 16:15:00,2023-09-13 19:30:00,3.5,4.9,5.55,16
2023-09-13 21:00:00,2023-09-14 04:45:00,8.0,3.4,4.384375,21
2023-09-14 13:45:00,2023-09-14 15:00:00,1.5,5.4,6.066666666666666,13
2023-09-14 17:15:00,2023-09-14 19:00:00,2.0,5.9,6.949999999999999,17
2023-09-14 21:00:00,2023-09-14 21:15:00,0.5,5.3,5.449999999999999,21
2023-09-14 23:00:00,2023-09-15 06:15:00,7.5,4.3,4.95,23
2023-09-15 08:30:00,2023-09-15 12:45:00,4.5,2.6,4.116666666666667,8
2023-09-15 14:15:00,2023-09-16 01:45:00,11.75,3.1,5.721276595744681,14
2023-09-16 05:15:00,2023-09-16 06:45:00,1.75,3.8,4.228571428571429,5
2023-09-16 09:30:00,2023-09-16 22:00:00,12.75,3.9,6.341176470588236,9
2023-09-17 00:00:00,2023-09-17 05:30:00,5.75,3.7,4.686956521739131,0
2023-09-17 08:45:00,2023-09-17 13:00:00,4.5,5.3,6.638888888888889,8
2023-09-17 15:15:00,2023-09-18 00:00:00,9.0,3.3,6.9444444444444455,15
2023-09-18 03:15:00,2023-09-18 03:30:00,0.5,4.4,4.800000000000001,3
2023-09-18 05:00:00,2023-09-18 07:00:00,2.25,4.5,4.822222222222222,5
2023-09-18 11:30:00,2023-09-18 20:45:00,9.5,3.2,6.402631578947367,11
2023-09-18 22:30:00,2023-09-19 02:15:00,4.0,3.4,4.49375,22
2023-09-19 03:45:00,2023-09-19 05:45:00,2.25,3.6,4.011111111111111,3
2023-09-19 10:15:00,2023-09-19 10:45:00,0.75,5.3,5.566666666666666,10
2023-09-19 12:30:00,2023-09-20 02:00:00,13.75,3.7,5.932727272727273,12
2023-09-20 03:30:00,2023-09-20 03:45:00,0.5,3.5,3.65,3
2023-09-20 07:45:00,2023-09-20 09:00:00,1.5,4.5,4.783333333333333,7
2023-09-20 13:15:00,2023-09-20 18:00:00,5.0,6.0,7.01,13
2023-09-20 20:15:00,2023-09-20 22:00:00,2.0,5.4,5.75,20
2023-09-21 00:30:00,2023-09-21 00:45:00,0.5,4.7,4.800000000000001,0
2023-09-21 03:00:00,2023-09-21 09:00:00,6.25,4.1,4.744,3
2023-09-21 11:30:00,2023-09-21 12:45:00,1.5,6.3,6.416666666666667,11
2023-09-21 14:30:00,2023-09-21 20:15:00,6.0,6.1,6.858333333333334,14
2023-09-22 01:00:00,2023-09-22 02:00:00,1.25,4.4,5.0,1
2023-09-22 04:00:00,2023-09-22 04:30:00,0.75,4.6,4.766666666666667,4
2023-09-22 06:00:00,2023-09-22 06:15:00,0.5,4.0,4.1,6
2023-09-22 11:30:00,2023-09-22 12:30:00,1.25,4.7,5.26,11
2023-09-22 14:00:00,2023-09-22 20:30:00,6.75,5.8,6.674074074074074,14
2023-09-22 22:45:00,2023-09-23 01:00:00,2.5,5.1,5.489999999999999,22
2023-09-23 03:00:00,2023-09-23 07:45:00,5.0,3.9,4.69,3
2023-09-23 14:00:00,2023-09-23 18:15:00,4.5,3.8,5.416666666666667,14
2023-09-23 20:00:00,2023-09-23 20:30:00,0.75,4.5,4.666666666666667,20
2023-09-24 01:15:00,2023-09-24 02:30:00,1.5,4.1,4.716666666666666,1
2023-09-24 04:00:00,2023-09-24 06:30:00,2.75,2.9,4.172727272727273,4
2023-09-24 08:30:00,2023-09-24 14:15:00,6.0,2.4,4.2625,8
2023-09-24 16:45:00,2023-09-24 19:45:00,3.25,4.2,5.346153846153846,16
2023-09-24 22:30:00,2023-09-25 00:00:00,1.75,3.6,3.8,22
2023-09-25 06:30:00,2023-09-25 09:15:00,3.0,3.0,3.4000000000000004,6
2023-09-25 15:30:00,2023-09-25 22:30:00,7.25,4.4,6.006896551724138,15
2023-09-26 11:15:00,2023-09-26 11:30:00,0.5,4.0,4.35,11
2023-09-26 14:30:00,2023-09-26 19:00:00,4.75,5.8,6.773684210526317,14
2023-09-26 20:30:00,2023-09-26 21:15:00,1.0,4.1,4.65,20
2023-09-27 14:45:00,2023-09-28 00:30:00,10.0,4.9,6.19,14
2023-09-28 15:30:00,2023-09-28 22:45:00,7.5,5.0,6.250000000000001,15
2023-09-29 01:15:00,2023-09-29 06:00:00,5.0,4.1,5.1,1
2023-09-29 16:00:00,2023-09-29 17:00:00,1.25,7.2,7.3,16
2023-09-29 18:45:00,2023-09-30 07:45:00,13.25,3.9,5.979245283018868,18
2023-09-30 12:00:00,2023-09-30 12:15:00,0.5,5.5,5.65,12
2023-09-30 16:45:00,2023-09-30 18:30:00,2.0,6.0,6.6125,16
2023-09-30 21:30:00,2023-10-01 02:00:00,4.75,4.3,5.636842105263158,21
2023-10-01 04:15:00,2023-10-01 08:30:00,4.5,3.1,4.727777777777778,4
2023-10-01 16:45:00,2023-10-01 17:15:00,0.75,6.8,6.8999999999999995,16
2023-10-01 23:00:00,2023-10-02 00:30:00,1.75,5.7,6.200000000000001,23
2023-10-02 02:30:00,2023-10-02 07:30:00,5.25,3.9,5.242857142857144,2
2023-10-02 09:15:00,2023-10-02 09:45:00,0.75,4.3,4.733333333333333,9
2023-10-02 22:45:00,2023-10-02 23:30:00,1.0,6.1,6.300000000000001,22
2023-10-03 01:00:00,2023-10-03 03:30:00,2.75,4.9,5.790909090909091,1
2023-10-03 05:15:00,2023-10-03 10:00:00,5.0,3.9,4.994999999999999,5
2023-10-03 15:45:00,2023-10-03 17:45:00,2.25,6.2,6.455555555555557,15
2023-10-03 23:45:00,2023-10-04 01:45:00,2.25,6.0,6.266666666666667,23
2023-10-04 05:30:00,2023-10-04 07:30:00,2.25,4.4,5.233333333333333,5
2023-10-04 15:30:00,2023-10-04 17:15:00,2.0,6.4,6.85,15
2023-10-04 18:45:00,2023-10-04 19:15:00,0.75,5.6,5.8,18
2023-10-04 23:45:00,2023-10-05 04:45:00,5.25,4.3,5.819047619047619,23
2023-10-05 07:00:00,2023-10-05 08:00:00,1.25,5.1,5.220000000000001,7
2023-10-05 17:15:00,2023-10-05 18:00:00,1.0,6.3,6.500000000000001,17
2023-10-05 22:45:00,2023-10-05 23:30:00,1.0,5.8,6.1,22
2023-10-06 01:45:00,2023-10-06 10:45:00,9.25,4.6,5.518918918918918,1
2023-10-06 15:45:00,2023-10-06 19:00:00,3.5,4.6,5.642857142857141,15
2023-10-06 21:00:00,2023-10-06 22:45:00,2.0,4.1,4.449999999999999,21
2023-10-07 04:30:00,2023-10-07 06:00:00,1.75,4.3,4.671428571428571,4
2023-10-07 10:15:00,2023-10-07 11:15:00,1.25,4.7,5.32,10
2023-10-07 13:15:00,2023-10-07 13:30:00,0.5,5.5,5.65,13
2023-10-07 16:00:00,2023-10-08 00:00:00,8.25,3.6,5.321212121212121,16
2023-10-08 04:15:00,2023-10-08 05:15:00,1.25,5.2,5.42,4
2023-10-08 07:00:00,2023-10-08 12:00:00,5.25,5.3,5.852380952380953,7
2023-10-08 14:30:00,2023-10-08 15:45:00,1.5,6.7,6.983333333333333,14
2023-10-08 19:00:00,2023-10-08 20:45:00,2.0,6.7,6.9875,19
2023-10-08 22:45:00,2023-10-09 04:15:00,5.75,4.0,4.891304347826086,22
2023-10-09 05:45:00,2023-10-09 07:15:00,1.75,3.7,4.042857142857143,5
2023-10-09 17:00:00,2023-10-09 18:30:00,1.75,6.8,7.042857142857143,17
2023-10-10 04:15:00,2023-10-10 06:45:00,2.75,4.2,4.827272727272727,4
2023-10-10 08:15:00,2023-10-10 11:45:00,3.75,3.3,4.746666666666667,8
2023-10-10 14:30:00,2023-10-10 18:15:00,4.0,4.5,5.5687500000000005,14
2023-10-10 19:45:00,2023-10-10 21:15:00,1.75,3.1,3.728571428571428,19
2023-10-10 23:30:00,2023-10-10 23:45:00,0.5,1.9,2.25,23
2023-10-11 01:45:00,2023-10-11 04:45:00,3.25,1.8,3.069230769230769,1
2023-10-11 07:00:00,2023-10-11 07:45:00,1.0,1.5,2.25,7
2023-10-11 13:30:00,2023-10-11 14:00:00,0.75,5.1,5.266666666666667,13
2023-10-11 16:00:00,2023-10-11 23:15:00,7.5,5.1,5.8100000000000005,16
2023-10-12 01:00:00,2023-10-12 02:00:00,1.25,6.0,6.18,1
2023-10-12 07:45:00,2023-10-12 08:45:00,1.25,5.9,6.200000000000001,7
2023-10-12 14:15:00,2023-10-12 14:30:00,0.5,6.7,7.15,14
2023-10-12 16:00:00,2023-10-12 18:15:00,2.5,6.8,7.459999999999999,16
2023-10-12 20:00:00,2023-10-12 20:15:00,0.5,6.6,6.699999999999999,20
2023-10-12 22:15:00,2023-10-12 23:15:00,1.25,6.3,6.56,22
2023-10-13 01:30:00,2023-10-13 03:45:00,2.5,5.8,6.529999999999999,1
2023-10-13 05:15:00,2023-10-13 06:15:00,1.25,5.3,5.840000000000001,5
2023-10-13 19:45:00,2023-10-13 21:45:00,2.25,6.5,6.7,19
2023-10-13 23:30:00,2023-10-14 00:45:00,1.5,6.3,6.883333333333333,23
2023-10-14 04:00:00,2023-10-14 07:15:00,3.5,3.5,4.885714285714286,4
2023-10-14 18:15:00,2023-10-14 19:30:00,1.5,6.5,6.566666666666666,18
2023-10-14 21:00:00,2023-10-14 21:45:00,1.0,6.2,6.425,21
2023-10-15 02:45:00,2023-10-15 04:30:00,2.0,4.9,5.625,2
2023-10-15 11:30:00,2023-10-15 13:00:00,1.75,6.5,6.785714285714286,11
2023-10-15 16:30:00,2023-10-15 19:15:00,3.0,6.5,6.841666666666668,16
2023-10-16 17:45:00,2023-10-16 18:30:00,1.0,7.9,8.025,17
2023-10-16 21:45:00,2023-10-16 23:00:00,1.5,7.6,7.75,21
2023-10-17 05:15:00,2023-10-17 06:30:00,1.5,6.6,6.783333333333334,5
2023-10-17 17:15:00,2023-10-17 19:30:00,2.5,7.8,8.03,17
2023-10-18 03:00:00,2023-10-18 04:30:00,1.75,7.1,7.271428571428571,3
2023-10-18 06:00:00,2023-10-18 06:30:00,0.75,6.8,6.866666666666667,6
2023-10-18 14:45:00,2023-10-18 18:15:00,3.75,7.7,7.820000000000002,14
2023-10-18 22:00:00,2023-10-18 23:00:00,1.25,7.3,7.8,22
2023-10-19 05:15:00,2023-10-19 08:00:00,3.0,5.9,6.683333333333334,5
2023-10-19 13:30:00,2023-10-19 14:00:00,0.75,6.9,7.0,13
2023-10-19 16:30:00,2023-10-19 17:45:00,1.5,6.9,7.033333333333332,16
2023-10-20 00:15:00,2023-10-20 02:15:00,2.25,6.9,7.28888888888889,0
2023-10-20 03:45:00,2023-10-20 09:45:00,6.25,4.6,6.0360000000000005,3
2023-10-20 14:30:00,2023-10-20 14:45:00,0.5,6.8,6.9,14
2023-10-20 23:15:00,2023-10-21 00:15:00,1.25,6.5,6.719999999999999,23
2023-10-21 04:00:00,2023-10-21 05:00:00,1.25,5.6,5.92,4
2023-10-21 06:45:00,2023-10-21 08:45:00,2.25,5.1,5.655555555555555,6
2023-10-21 16:30:00,2023-10-21 20:00:00,3.75,6.3,6.846666666666666,16
2023-10-21 23:00:00,2023-10-22 02:00:00,3.25,5.7,6.376923076923077,23
2023-10-22 04:00:00,2023-10-22 04:30:00,0.75,6.1,6.233333333333333,4
2023-10-22 06:15:00,2023-10-22 08:45:00,2.75,5.1,5.663636363636363,6
2023-10-22 16:15:00,2023-10-22 19:30:00,3.5,5.8,6.357142857142856,16
2023-10-23 05:45:00,2023-10-23 06:15:00,0.75,5.4,5.633333333333333,5
2023-10-23 13:45:00,2023-10-23 17:00:00,3.5,6.2,6.65,13
2023-10-23 23:45:00,2023-10-24 00:45:00,1.25,5.5,5.9,23
2023-10-24 03:30:00,2023-10-24 04:45:00,1.5,5.4,5.6499999999999995,3
2023-10-24 06:30:00,2023-10-24 07:00:00,0.75,5.4,5.599999999999999,6
2023-10-24 16:45:00,2023-10-24 17:30:00,1.0,6.6,6.7250000000000005,16
2023-10-24 19:30:00,2023-10-24 20:30:00,1.25,6.3,6.6,19
2023-10-24 23:15:00,2023-10-25 00:15:00,1.25,5.9,6.06,23
2023-10-25 16:30:00,2023-10-25 18:30:00,2.25,5.9,6.411111111111111,16
2023-10-25 20:45:00,2023-10-25 23:30:00,3.0,6.0,6.458333333333333,20
2023-10-26 03:15:00,2023-10-26 04:45:00,1.75,5.1,5.714285714285714,3
2023-10-26 16:00:00,2023-10-26 19:15:00,3.5,6.1,6.885714285714285,16
2023-10-26 21:45:00,2023-10-26 22:15:00,0.75,6.2,6.433333333333334,21
2023-10-27 01:15:00,2023-10-27 07:30:00,6.5,4.5,5.615384615384615,1
2023-10-28 01:00:00,2023-10-28 07:00:00,6.25,3.4,5.0360000000000005,1
2023-10-28 22:00:00,2023-10-28 22:15:00,0.5,6.3,6.4,22
2023-10-29 00:00:00,2023-10-29 05:30:00,5.75,3.7,5.321739130434783,0
2023-10-29 07:00:00,2023-10-29 08:30:00,1.75,3.4,4.185714285714286,7
2023-10-29 21:30:00,2023-10-29 22:45:00,1.5,6.4,6.55,21
2023-10-30 03:00:00,2023-10-30 07:15:00,4.5,2.7,4.038888888888889,3
2023-10-30 08:45:00,2023-10-30 09:30:00,1.0,3.3,3.55,8
2023-10-30 13:00:00,2023-10-30 13:45:00,1.0,4.9,5.175000000000001,13
2023-10-30 17:45:00,2023-10-30 18:00:00,0.5,5.9,6.0,17
2023-10-31 02:00:00,2023-10-31 06:00:00,4.25,4.9,5.788235294117647,2
2023-10-31 12:45:00,2023-10-31 13:30:00,1.0,7.0,7.2,12
2023-11-02 08:30:00,2023-11-02 09:15:00,1.0,8.0,8.225000000000001,8
2023-11-02 15:45:00,2023-11-02 18:15:00,2.75,8.8,9.036363636363635,15
2023-11-03 03:30:00,2023-11-03 04:45:00,1.5,8.3,8.533333333333333,3
2023-11-03 10:30:00,2023-11-03 11:00:00,0.75,8.2,8.3,10
2023-11-03 17:00:00,2023-11-03 17:30:00,0.75,8.4,8.566666666666665,17
2023-11-04 08:00:00,2023-11-04 10:00:00,2.25,7.5,7.788888888888888,8
2023-11-04 16:45:00,2023-11-04 18:30:00,2.0,8.0,8.2,16
2023-11-05 04:45:00,2023-11-05 06:00:00,1.5,7.4,7.699999999999999,4
2023-11-05 07:45:00,2023-11-05 10:45:00,3.25,6.5,7.292307692307691,7
2023-11-05 13:15:00,2023-11-05 14:15:00,1.25,8.1,8.279999999999998,13
2023-11-05 18:45:00,2023-11-05 19:45:00,1.25,8.0,8.14,18
2023-11-06 05:45:00,2023-11-06 07:00:00,1.5,7.1,7.3999999999999995,5
2023-11-06 09:15:00,2023-11-06 09:30:00,0.5,6.7,6.85,9
2023-11-06 19:00:00,2023-11-06 19:45:00,1.0,7.8,7.925,19
2023-11-07 02:00:00,2023-11-07 04:00:00,2.25,7.1,7.477777777777778,2
2023-11-07 08:30:00,2023-11-07 09:15:00,1.0,6.5,6.675,8
2023-11-08 01:00:00,2023-11-08 01:15:00,0.5,7.1,7.199999999999999,1
2023-11-08 03:15:00,2023-11-08 06:30:00,3.5,6.6,6.800000000000002,3
2023-11-08 17:15:00,2023-11-08 18:00:00,1.0,7.4,7.55,17
2023-11-08 19:30:00,2023-11-08 21:15:00,2.0,6.1,7.0,19
2023-11-09 02:00:00,2023-11-09 04:15:00,2.5,4.4,6.27,2
2023-11-09 07:45:00,2023-11-09 09:45:00,2.25,5.6,6.166666666666667,7
2023-11-09 14:30:00,2023-11-10 00:00:00,9.75,6.3,6.910256410256409,14
2023-11-10 02:00:00,2023-11-10 09:00:00,7.25,3.9,5.520689655172412,2
2023-11-10 15:45:00,2023-11-10 20:15:00,4.75,5.9,6.231578947368421,15
2023-11-10 23:45:00,2023-11-11 02:45:00,3.25,5.4,5.869230769230769,23
2023-11-11 04:15:00,2023-11-11 09:00:00,5.0,3.9,5.465,4
2023-11-11 17:00:00,2023-11-11 17:30:00,0.75,6.2,6.333333333333333,17
2023-11-11 20:15:00,2023-11-11 20:45:00,0.75,5.9,6.133333333333333,20
2023-11-12 00:15:00,2023-11-12 03:30:00,3.5,4.9,5.942857142857143,0
2023-11-12 06:15:00,2023-11-12 08:15:00,2.25,4.3,5.4222222222222225,6
2023-11-12 10:00:00,2023-11-12 20:00:00,10.25,5.5,6.414634146341465,10
2023-11-12 22:00:00,2023-11-13 02:15:00,4.5,5.2,6.238888888888889,22
2023-11-13 04:00:00,2023-11-13 04:45:00,1.0,5.4,5.75,4
2023-11-13 06:15:00,2023-11-13 09:15:00,3.25,4.8,6.0,6
2023-11-13 12:00:00,2023-11-13 14:45:00,3.0,6.4,6.75,12
2023-11-13 16:45:00,2023-11-13 18:30:00,2.0,6.6,6.8,16
2023-11-13 20:30:00,2023-11-13 22:15:00,2.0,5.9,6.6875,20
2023-11-14 03:00:00,2023-11-14 04:45:00,2.0,6.3,6.525,3
2023-11-14 06:30:00,2023-11-14 07:45:00,1.5,5.7,6.416666666666668,6
2023-11-14 09:45:00,2023-11-14 10:45:00,1.25,6.5,6.68,9
2023-11-14 20:15:00,2023-11-14 23:30:00,3.5,6.8,7.2285714285714295,20
2023-11-15 02:45:00,2023-11-15 09:15:00,6.75,5.8,6.496296296296297,2
2023-11-15 20:45:00,2023-11-15 22:15:00,1.75,6.9,7.157142857142857,20
2023-11-16 04:15:00,2023-11-16 08:00:00,4.0,5.9,6.76875,4
2023-11-16 10:00:00,2023-11-16 10:15:00,0.5,6.0,6.15,10
2023-11-16 13:15:00,2023-11-16 18:00:00,5.0,5.2,6.08,13
2023-11-16 20:15:00,2023-11-16 23:30:00,3.5,6.2,6.735714285714287,20
2023-11-17 05:45:00,2023-11-17 18:30:00,13.0,4.0,5.842307692307694,5
2023-11-18 00:30:00,2023-11-18 01:30:00,1.25,5.9,7.0200000000000005,0
2023-11-18 06:00:00,2023-11-18 07:45:00,2.0,4.9,5.3875,6
2023-11-18 15:15:00,2023-11-19 02:30:00,11.5,5.0,6.789130434782609,15
2023-11-19 05:45:00,2023-11-19 07:15:00,1.75,5.7,6.085714285714286,5
2023-11-19 09:45:00,2023-11-19 20:15:00,10.75,5.5,6.73720930232558,9
2023-11-20 00:00:00,2023-11-20 00:45:00,1.0,7.4,7.625,0
2023-11-20 04:00:00,2023-11-20 04:15:00,0.5,7.1,7.25,4
2023-11-20 10:45:00,2023-11-20 20:00:00,9.5,6.2,7.2270270270270265,10
2023-11-21 02:00:00,2023-11-21 04:15:00,2.5,6.9,7.040000000000001,2
2023-11-21 06:45:00,2023-11-21 13:00:00,6.5,5.7,6.661538461538461,6
2023-11-21 17:30:00,2023-11-21 19:30:00,2.25,5.8,6.122222222222223,17
2023-11-22 12:45:00,2023-11-22 22:00:00,9.5,6.7,7.618421052631579,12
2023-11-23 00:00:00,2023-11-23 06:30:00,6.75,6.2,6.837037037037037,0
2023-11-23 08:00:00,2023-11-23 09:45:00,2.0,6.2,6.887499999999999,8
2023-11-23 13:00:00,2023-11-23 15:00:00,2.25,6.4,7.455555555555557,13
2023-11-23 16:30:00,2023-11-23 17:45:00,1.5,6.6,7.283333333333334,16
2023-11-23 20:00:00,2023-11-23 22:15:00,2.5,4.9,7.08,20
2023-11-24 02:00:00,2023-11-24 03:15:00,1.5,7.1,7.483333333333333,2
2023-11-24 04:45:00,2023-11-24 05:45:00,1.25,6.7,7.040000000000001,4
2023-11-24 07:15:00,2023-11-24 08:30:00,1.5,6.3,6.933333333333333,7
2023-11-24 10:15:00,2023-11-24 13:45:00,3.75,5.5,7.233333333333334,10
2023-11-24 15:15:00,2023-11-24 15:45:00,0.75,7.2,7.566666666666666,15
2023-11-24 17:15:00,2023-11-24 20:00:00,3.0,7.2,7.816666666666666,17
2023-11-24 23:45:00,2023-11-25 07:15:00,7.75,5.3,7.403225806451612,23
2023-11-25 09:45:00,2023-11-25 16:00:00,6.5,6.3,7.753846153846154,9
2023-11-25 17:30:00,2023-11-25 20:15:00,3.0,7.4,8.191666666666666,17
2023-11-25 23:30:00,2023-11-25 23:45:00,0.5,7.9,8.0,23
2023-11-26 05:00:00,2023-11-26 05:30:00,0.75,6.3,6.633333333333333,5
2023-11-26 07:00:00,2023-11-26 08:00:00,1.25,6.5,7.0,7
2023-11-26 09:45:00,2023-11-26 11:00:00,1.5,6.5,6.966666666666666,9
2023-11-26 12:30:00,2023-11-26 13:45:00,1.5,6.0,6.716666666666666,12
2023-11-26 15:15:00,2023-11-26 16:00:00,1.0,6.6,7.199999999999999,15
2023-11-26 17:30:00,2023-11-26 19:45:00,2.5,7.3,7.6800000000000015,17
2023-11-27 00:15:00,2023-11-27 05:15:00,5.25,6.4,7.133333333333334,0
2023-11-27 16:00:00,2023-11-27 19:00:00,3.25,7.9,8.330769230769233,16
2023-11-28 02:30:00,2023-11-28 05:00:00,2.75,7.5,7.763636363636365,2
2023-11-28 18:30:00,2023-11-28 19:00:00,0.75,8.2,8.466666666666667,18
2023-11-28 21:30:00,2023-11-28 23:15:00,2.0,8.3,8.662500000000001,21
2023-11-29 05:15:00,2023-11-29 06:45:00,1.75,7.5,7.928571428571429,5
2023-11-29 08:15:00,2023-11-29 09:15:00,1.25,7.7,8.100000000000001,8
2023-11-29 13:15:00,2023-11-29 15:00:00,2.0,8.7,9.0625,13
2023-11-29 16:30:00,2023-11-29 18:30:00,2.25,7.5,8.78888888888889,16
2023-11-30 09:00:00,2023-11-30 09:45:00,1.0,7.7,7.825,9
2023-11-30 15:30:00,2023-11-30 18:45:00,3.5,8.0,8.664285714285715,15
2023-11-30 23:15:00,2023-12-01 02:00:00,3.0,7.6,8.274999999999999,23
2023-12-01 03:30:00,2023-12-01 06:30:00,3.25,7.4,8.053846153846155,3
2023-12-01 08:15:00,2023-12-01 08:30:00,0.5,7.1,7.35,8
2023-12-01 13:00:00,2023-12-01 14:00:00,1.25,7.4,7.8,13
2023-12-01 17:00:00,2023-12-01 17:15:00,0.5,7.6,7.699999999999999,17
2023-12-02 04:15:00,2023-12-02 04:30:00,0.5,7.4,7.550000000000001,4
2023-12-02 06:15:00,2023-12-02 11:00:00,5.0,6.4,7.0200000000000005,6
2023-12-02 14:30:00,2023-12-02 18:30:00,4.25,7.0,7.3999999999999995,14
2023-12-03 00:15:00,2023-12-03 00:45:00,0.75,5.2,6.3,0
2023-12-03 02:15:00,2023-12-03 03:30:00,1.5,5.9,6.316666666666666,2
2023-12-03 05:15:00,2023-12-03 15:15:00,10.25,5.3,6.102439024390244,5
2023-12-03 16:45:00,2023-12-03 18:00:00,1.5,6.2,6.483333333333334,16
2023-12-03 23:45:00,2023-12-04 07:00:00,7.5,4.9,6.316666666666667,23
2023-12-04 15:30:00,2023-12-04 17:30:00,2.25,6.7,8.100000000000001,15
2023-12-04 19:30:00,2023-12-04 23:00:00,3.75,6.7,7.246666666666667,19
2023-12-05 05:00:00,2023-12-05 08:15:00,3.5,7.1,7.57142857142857,5
2023-12-05 14:30:00,2023-12-05 15:30:00,1.25,8.6,9.040000000000001,14
2023-12-05 20:15:00,2023-12-05 20:30:00,0.5,8.9,9.100000000000001,20
2023-12-06 03:30:00,2023-12-06 04:30:00,1.25,8.1,8.22,3
2023-12-06 16:00:00,2023-12-06 17:00:00,1.25,9.3,9.440000000000001,16
2023-12-07 01:30:00,2023-12-07 03:15:00,2.0,8.4,8.775,1
2023-12-07 20:45:00,2023-12-07 21:00:00,0.5,8.7,8.95,20
2023-12-08 07:15:00,2023-12-08 08:00:00,1.0,8.4,8.549999999999999,7
2023-12-08 21:15:00,2023-12-08 23:30:00,2.5,8.3,8.549999999999999,21
2023-12-09 03:15:00,2023-12-09 04:30:00,1.5,7.8,8.35,3
2023-12-09 06:00:00,2023-12-09 07:45:00,2.0,6.9,7.4875,6
2023-12-09 21:00:00,2023-12-09 22:00:00,1.25,8.1,8.360000000000001,21
2023-12-09 23:30:00,2023-12-10 06:15:00,7.0,4.7,7.028571428571428,23
2023-12-10 08:15:00,2023-12-10 08:30:00,0.5,6.0,6.1,8
2023-12-14 03:30:00,2023-12-14 03:45:00,0.5,8.3,8.4,3
2023-12-14 16:00:00,2023-12-14 16:45:00,1.0,9.2,9.325,16
2023-12-15 03:15:00,2023-12-15 04:00:00,1.0,8.3,8.5,3
2023-12-15 07:30:00,2023-12-15 08:45:00,1.5,7.2,7.866666666666668,7
2023-12-15 10:15:00,2023-12-15 10:45:00,0.75,8.4,8.566666666666668,10
2023-12-16 03:30:00,2023-12-16 04:45:00,1.5,8.0,8.450000000000001,3
2023-12-16 07:00:00,2023-12-16 08:15:00,1.5,7.7,7.8999999999999995,7
2023-12-17 08:15:00,2023-12-17 09:15:00,1.25,7.3,7.58,8
2023-12-17 12:00:00,2023-12-17 12:15:00,0.5,7.5,7.6,12
2023-12-17 17:00:00,2023-12-17 18:30:00,1.75,7.9,8.057142857142857,17
2023-12-18 17:45:00,2023-12-18 18:30:00,1.0,8.6,8.85,17
2023-12-19 03:30:00,2023-12-19 04:45:00,1.5,8.5,8.566666666666668,3
2023-12-19 13:30:00,2023-12-19 15:30:00,2.25,9.4,9.544444444444444,13
2023-12-20 13:45:00,2023-12-20 14:15:00,0.75,9.7,9.766666666666667,13
2023-12-20 16:30:00,2023-12-20 17:45:00,1.5,9.6,9.8,16
2023-12-22 00:45:00,2023-12-22 04:15:00,3.75,8.3,9.140000000000002,0
2023-12-22 06:15:00,2023-12-22 06:30:00,0.5,8.9,9.0,6
2023-12-22 21:30:00,2023-12-22 22:45:00,1.5,8.6,8.933333333333334,21
2023-12-23 00:15:00,2023-12-23 01:45:00,1.75,8.0,8.542857142857143,0
2023-12-23 03:30:00,2023-12-23 06:45:00,3.5,8.1,8.557142857142859,3
2023-12-24 03:00:00,2023-12-24 04:00:00,1.25,7.6,7.720000000000001,3
2023-12-24 05:30:00,2023-12-24 06:45:00,1.5,7.4,7.8,5
2023-12-25 03:45:00,2023-12-25 08:15:00,4.75,6.3,7.0473684210526315,3
2023-12-25 21:30:00,2023-12-25 22:45:00,1.5,7.4,7.8,21
2023-12-26 04:15:00,2023-12-26 07:15:00,3.25,5.8,6.276923076923077,4
2023-12-26 22:15:00,2023-12-26 23:30:00,1.5,7.6,7.783333333333334,22
2023-12-27 01:45:00,2023-12-27 06:00:00,4.5,6.1,6.922222222222222,1
2023-12-27 12:15:00,2023-12-27 16:30:00,4.5,7.0,7.533333333333333,12
2023-12-27 23:15:00,2023-12-28 00:30:00,1.5,7.6,8.133333333333335,23
2023-12-28 12:45:00,2023-12-28 14:00:00,1.5,8.4,8.700000000000001,12
2023-12-29 12:45:00,2023-12-29 13:00:00,0.5,9.6,9.7,12
2023-12-30 11:00:00,2023-12-30 12:00:00,1.25,9.4,9.5,11
2023-12-30 23:45:00,2023-12-31 01:00:00,1.5,9.4,9.8,23
2023-12-31 03:45:00,2023-12-31 05:00:00,1.5,9.0,9.133333333333333,3
2023-12-31 20:15:00,2023-12-31 21:00:00,1.0,9.6,9.8,20
2023-12-31 23:00:00,2024-01-01 00:45:00,2.0,9.7,10.15,23
2024-01-01 05:45:00,2024-01-01 07:15:00,1.75,8.9,9.12857142857143,5
2024-01-01 09:30:00,2024-01-01 10:30:00,1.25,8.7,8.940000000000001,9
2024-01-06 01:45:00,2024-01-06 03:30:00,2.0,7.5,8.049999999999999,1
2024-01-06 20:45:00,2024-01-06 22:00:00,1.5,8.3,8.466666666666667,20
2024-01-07 03:15:00,2024-01-07 06:30:00,3.5,6.9,7.9071428571428575,3
2024-01-07 21:45:00,2024-01-08 00:30:00,3.0,8.7,8.916666666666666,21
2024-01-08 02:15:00,2024-01-08 04:30:00,2.5,8.2,8.53,2
2024-01-09 05:15:00,2024-01-09 07:30:00,2.5,7.3,7.87,5
2024-01-10 11:00:00,2024-01-10 12:15:00,1.5,8.5,8.833333333333334,11
2024-01-11 00:30:00,2024-01-11 05:30:00,5.25,6.7,7.995238095238095,0
2024-01-11 13:30:00,2024-01-11 14:45:00,1.5,9.2,9.383333333333333,13
2024-01-12 05:00:00,2024-01-12 07:30:00,2.75,7.9,8.172727272727274,5
2024-01-14 00:15:00,2024-01-14 01:30:00,1.5,9.3,9.450000000000001,0
2024-01-14 03:15:00,2024-01-14 05:30:00,2.5,8.6,9.1,3
2024-01-15 01:15:00,2024-01-15 02:45:00,1.75,9.0,9.328571428571431,1
2024-01-15 09:15:00,2024-01-15 09:30:00,0.5,8.9,9.05,9
2024-01-17 12:15:00,2024-01-17 13:00:00,1.0,9.8,9.95,12
2024-01-19 04:30:00,2024-01-19 05:45:00,1.5,9.7,9.816666666666665,4
2024-01-22 02:00:00,2024-01-22 03:15:00,1.5,10.2,10.399999999999999,2
2024-01-23 02:15:00,2024-01-23 05:45:00,3.75,8.5,9.099999999999998,2
2024-01-23 07:30:00,2024-01-23 08:00:00,0.75,9.0,9.233333333333333,7
2024-01-24 06:15:00,2024-01-24 09:00:00,3.0,7.4,8.183333333333334,6
2024-01-24 21:30:00,2024-01-25 04:45:00,7.5,7.8,9.116666666666669,21
2024-01-25 15:30:00,2024-01-25 16:00:00,0.75,8.1,8.200000000000001,15
2024-01-25 19:45:00,2024-01-25 20:45:00,1.25,8.2,8.760000000000002,19
2024-01-25 23:00:00,2024-01-26 07:45:00,9.0,5.4,7.7749999999999995,23
2024-01-26 16:15:00,2024-01-26 16:30:00,0.5,7.5,7.6,16
2024-01-26 23:00:00,2024-01-27 03:00:00,4.25,7.3,8.229411764705883,23
2024-01-27 04:45:00,2024-01-27 05:15:00,0.75,7.6,7.933333333333333,4
2024-01-27 08:30:00,2024-01-27 09:00:00,0.75,7.8,8.033333333333333,8
2024-01-27 16:15:00,2024-01-27 17:30:00,1.5,8.3,8.716666666666667,16
2024-01-27 22:15:00,2024-01-28 01:15:00,3.25,8.1,8.284615384615384,22
2024-01-28 17:45:00,2024-01-28 19:45:00,2.25,9.4,9.622222222222222,17
2024-01-29 16:00:00,2024-01-29 17:45:00,2.0,10.2,10.512500000000001,16
2024-01-30 10:00:00,2024-01-30 10:45:00,1.0,9.8,10.0,10
2024-01-30 18:00:00,2024-01-30 19:00:00,1.25,9.9,10.059999999999999,18
2024-01-30 22:15:00,2024-01-30 22:45:00,0.75,9.1,9.233333333333334,22
2024-02-01 23:15:00,2024-02-01 23:45:00,0.75,9.1,9.200000000000001,23
2024-02-02 01:45:00,2024-02-02 02:00:00,0.5,9.0,9.1,1
2024-02-02 03:30:00,2024-02-02 05:00:00,1.75,8.1,8.8,3
2024-02-02 07:00:00,2024-02-02 07:30:00,0.75,8.4,8.533333333333333,7
2024-02-02 22:45:00,2024-02-03 00:30:00,2.0,8.8,9.075,22
2024-02-03 20:45:00,2024-02-03 22:00:00,1.5,8.9,9.083333333333332,20
2024-02-04 04:45:00,2024-02-04 07:30:00,3.0,7.3,7.925,4
2024-02-04 19:45:00,2024-02-05 02:15:00,6.75,7.1,8.337037037037037,19
2024-02-05 04:45:00,2024-02-05 06:00:00,1.5,7.0,7.416666666666667,4
2024-02-06 23:30:00,2024-02-07 01:45:00,2.5,9.2,9.67,23
2024-02-07 14:45:00,2024-02-07 16:00:00,1.5,9.7,9.833333333333334,14
2024-02-08 03:30:00,2024-02-08 05:00:00,1.75,7.6,8.357142857142858,3
2024-02-09 13:30:00,2024-02-09 17:30:00,4.25,8.6,8.876470588235295,13
2024-02-10 01:45:00,2024-02-10 02:00:00,0.5,7.9,8.05,1
2024-02-10 05:00:00,2024-02-10 06:45:00,2.0,6.3,6.8500000000000005,5
2024-02-10 08:15:00,2024-02-10 10:15:00,2.25,5.4,5.877777777777777,8
2024-02-10 23:45:00,2024-02-11 02:15:00,2.75,7.6,7.954545454545454,23
2024-02-11 08:15:00,2024-02-11 12:15:00,4.25,6.0,6.7823529411764705,8
2024-02-11 22:30:00,2024-02-12 00:30:00,2.25,7.2,7.311111111111111,22
2024-02-12 05:00:00,2024-02-12 06:15:00,1.5,6.7,6.916666666666667,5
2024-02-12 08:15:00,2024-02-12 10:00:00,2.0,5.1,5.775,8
2024-02-12 17:45:00,2024-02-12 18:15:00,0.75,7.8,7.966666666666668,17
2024-02-13 03:15:00,2024-02-13 04:30:00,1.5,7.8,7.983333333333334,3
2024-02-13 13:15:00,2024-02-13 16:00:00,3.0,9.0,9.65,13
2024-02-13 17:45:00,2024-02-13 19:00:00,1.5,10.0,10.35,17
2024-02-13 20:45:00,2024-02-13 21:15:00,0.75,9.4,9.6,20
2024-02-14 02:00:00,2024-02-14 02:30:00,0.75,9.2,9.266666666666667,2
2024-02-14 10:15:00,2024-02-14 12:30:00,2.5,8.9,9.17,10
2024-02-15 01:00:00,2024-02-15 01:45:00,1.0,8.9,9.075,1
2024-02-15 22:30:00,2024-02-15 22:45:00,0.5,8.9,9.0,22
2024-02-16 04:00:00,2024-02-16 04:15:00,0.5,8.0,8.1,4
2024-02-16 07:15:00,2024-02-16 08:30:00,1.5,7.8,8.250000000000002,7
2024-02-16 16:45:00,2024-02-16 20:00:00,3.5,7.8,8.55,16
2024-02-17 01:00:00,2024-02-17 02:45:00,2.0,7.3,7.7875,1
2024-02-17 06:00:00,2024-02-17 07:30:00,1.75,6.9,7.228571428571429,6
2024-02-17 15:30:00,2024-02-17 16:45:00,1.5,8.5,8.566666666666668,15
2024-02-19 12:30:00,2024-02-19 13:15:00,1.0,9.7,9.925,12
2024-02-19 18:15:00,2024-02-19 19:15:00,1.25,10.0,10.16,18
2024-02-19 23:00:00,2024-02-19 23:45:00,1.0,10.1,10.25,23
2024-02-20 02:45:00,2024-02-20 03:45:00,1.25,9.7,9.84,2
2024-02-20 23:15:00,2024-02-21 04:00:00,5.0,8.2,9.215,23
2024-02-22 04:00:00,2024-02-22 04:15:00,0.5,8.6,8.7,4
2024-02-22 06:45:00,2024-02-22 07:30:00,1.0,7.6,7.875,6
2024-02-22 09:30:00,2024-02-22 09:45:00,0.5,8.1,8.25,9
2024-02-23 03:15:00,2024-02-23 04:30:00,1.5,6.8,7.266666666666667,3
2024-02-23 09:00:00,2024-02-23 10:15:00,1.5,7.0,7.5,9
2024-02-23 22:30:00,2024-02-23 23:00:00,0.75,8.3,8.4,22
2024-02-25 17:45:00,2024-02-25 21:30:00,4.0,8.2,8.6625,17
2024-02-26 00:15:00,2024-02-26 00:30:00,0.5,8.1,8.25,0
2024-02-27 20:30:00,2024-02-27 21:30:00,1.25,7.6,7.859999999999999,20
2024-02-28 01:15:00,2024-02-28 02:00:00,1.0,7.3,7.5,1
2024-02-28 06:45:00,2024-02-28 07:30:00,1.0,7.0,7.2,6
2024-02-28 18:00:00,2024-02-28 23:30:00,5.75,6.9,7.804347826086955,18
2024-02-29 18:45:00,2024-02-29 20:45:00,2.25,8.7,8.977777777777778,18
2024-03-01 16:00:00,2024-03-01 21:30:00,5.75,6.8,8.143478260869566,16
2024-03-01 23:00:00,2024-03-02 00:45:00,2.0,7.3,7.5375,23
2024-03-02 02:15:00,2024-03-02 07:15:00,5.25,6.4,6.861904761904763,2
2024-03-02 18:30:00,2024-03-02 20:15:00,2.0,7.4,7.925000000000001,18
2024-03-02 22:00:00,2024-03-02 23:45:00,2.0,7.5,7.9,22
2024-03-03 01:15:00,2024-03-03 05:00:00,4.0,6.6,7.237500000000001,1
2024-03-03 13:30:00,2024-03-03 14:00:00,0.75,9.0,9.133333333333333,13
2024-03-03 21:30:00,2024-03-03 21:45:00,0.5,9.0,9.1,21
2024-03-04 00:45:00,2024-03-04 01:00:00,0.5,7.6,7.8,0
2024-03-04 02:30:00,2024-03-04 06:15:00,4.0,6.4,7.1625,2
2024-03-04 22:45:00,2024-03-05 04:15:00,5.75,5.4,6.9347826086956506,22
2024-03-05 17:15:00,2024-03-05 20:15:00,3.25,7.0,7.769230769230769,17
2024-03-05 22:30:00,2024-03-06 03:45:00,5.5,4.6,6.549999999999998,22
2024-03-06 21:30:00,2024-03-07 07:15:00,10.0,4.9,6.7425,21
2024-03-08 01:30:00,2024-03-08 02:00:00,0.75,6.7,7.0,1
2024-03-08 04:45:00,2024-03-08 08:15:00,3.75,5.0,5.98,4
2024-03-09 00:30:00,2024-03-09 04:45:00,4.5,5.4,7.0,0
2024-03-09 12:45:00,2024-03-09 13:30:00,1.0,7.1,7.300000000000001,12
2024-03-09 16:45:00,2024-03-09 18:15:00,1.75,7.0,7.5,16
2024-03-10 17:30:00,2024-03-10 20:15:00,3.0,8.6,10.049999999999999,17
2024-03-10 23:45:00,2024-03-11 01:15:00,1.75,8.7,9.128571428571428,23
2024-03-11 03:15:00,2024-03-11 04:30:00,1.5,8.8,9.05,3
2024-03-11 06:15:00,2024-03-11 08:30:00,2.5,8.2,8.71,6
2024-03-11 20:15:00,2024-03-11 23:15:00,3.25,9.7,10.223076923076924,20
2024-03-12 01:30:00,2024-03-12 02:30:00,1.25,8.7,9.02,1
2024-03-12 04:00:00,2024-03-12 05:15:00,1.5,9.3,9.733333333333334,4
2024-03-12 19:15:00,2024-03-12 21:45:00,2.75,9.4,9.872727272727273,19
2024-03-13 01:15:00,2024-03-13 02:15:00,1.25,8.8,9.219999999999999,1
2024-03-13 06:15:00,2024-03-13 06:30:00,0.5,8.2,8.45,6
2024-03-13 18:45:00,2024-03-13 20:00:00,1.5,8.7,8.949999999999998,18
2024-03-13 22:00:00,2024-03-14 00:30:00,2.75,7.7,8.063636363636364,22
2024-03-14 02:15:00,2024-03-14 03:00:00,1.0,7.4,7.675000000000001,2
2024-03-14 06:15:00,2024-03-14 07:30:00,1.5,7.3,7.516666666666667,6
2024-03-14 18:45:00,2024-03-14 20:00:00,1.5,7.7,8.0,18
2024-03-14 22:00:00,2024-03-14 22:30:00,0.75,7.1,7.333333333333333,22
2024-03-15 03:30:00,2024-03-15 04:00:00,0.75,6.7,6.833333333333333,3
2024-03-15 15:00:00,2024-03-15 15:15:00,0.5,7.3,7.4,15
2024-03-15 18:00:00,2024-03-15 22:00:00,4.25,5.3,6.552941176470589,18
2024-03-15 23:45:00,2024-03-16 01:00:00,1.5,5.7,6.283333333333334,23
2024-03-16 21:15:00,2024-03-17 01:45:00,4.75,6.1,7.057894736842105,21
2024-03-17 03:45:00,2024-03-17 04:15:00,0.75,5.6,5.733333333333333,3
2024-03-17 13:15:00,2024-03-17 16:15:00,3.25,6.2,7.0307692307692315,13
2024-03-17 18:45:00,2024-03-18 02:15:00,7.75,5.2,6.045161290322579,18
2024-03-18 10:45:00,2024-03-18 15:15:00,4.75,7.2,7.963157894736841,10
2024-03-19 10:00:00,2024-03-19 12:30:00,2.75,8.0,8.454545454545453,10
2024-03-19 19:00:00,2024-03-19 19:15:00,0.5,9.4,9.55,19
2024-03-19 22:30:00,2024-03-19 23:45:00,1.5,8.9,9.233333333333333,22
2024-03-21 00:15:00,2024-03-21 01:00:00,1.0,8.8,8.95,0
2024-03-21 05:45:00,2024-03-21 06:30:00,1.0,7.9,8.1,5
2024-03-21 10:30:00,2024-03-21 11:15:00,1.0,8.5,8.725,10
2024-03-21 13:30:00,2024-03-21 14:45:00,1.5,8.8,9.016666666666667,13
2024-03-21 16:15:00,2024-03-21 17:00:00,1.0,8.9,9.025,16
2024-03-22 00:15:00,2024-03-22 04:15:00,4.25,7.3,7.852941176470588,0
2024-03-22 06:30:00,2024-03-22 09:45:00,3.5,7.3,7.55,6
2024-03-23 01:00:00,2024-03-23 02:00:00,1.25,7.5,7.74,1
2024-03-29 18:15:00,2024-03-30 01:30:00,7.5,7.4,8.536666666666667,18
2024-03-30 19:15:00,2024-03-30 21:15:00,2.25,7.3,7.877777777777778,19
2024-03-30 23:00:00,2024-03-31 00:00:00,1.25,6.4,6.840000000000001,23
2024-03-31 03:15:00,2024-03-31 05:00:00,2.0,6.0,6.775,3
2024-03-31 06:30:00,2024-03-31 07:45:00,1.5,6.7,6.849999999999999,6
2024-03-31 18:30:00,2024-03-31 23:15:00,5.0,5.7,7.029999999999999,18
2024-04-01 03:30:00,2024-04-01 05:45:00,2.5,5.8,6.06,3
2024-04-01 15:45:00,2024-04-01 16:15:00,0.75,8.2,8.266666666666667,15
2024-04-01 20:45:00,2024-04-01 23:00:00,2.5,5.6,6.760000000000001,20
2024-04-02 01:00:00,2024-04-02 04:00:00,3.25,5.4,6.184615384615385,1
2024-04-02 05:45:00,2024-04-02 07:30:00,2.0,5.9,6.1125,5
2024-04-02 18:15:00,2024-04-03 03:45:00,9.75,5.0,6.571794871794872,18
2024-04-03 09:00:00,2024-04-03 10:45:00,2.0,6.8,7.2,9
2024-04-03 17:00:00,2024-04-03 18:45:00,2.0,8.4,8.725000000000001,17
2024-04-03 21:00:00,2024-04-03 21:30:00,0.75,7.8,8.033333333333333,21
2024-04-04 02:15:00,2024-04-04 03:15:00,1.25,6.1,6.839999999999999,2
2024-04-04 19:00:00,2024-04-04 21:15:00,2.5,7.7,8.07,19
2024-04-05 03:15:00,2024-04-05 06:45:00,3.75,6.4,6.9799999999999995,3
2024-04-05 23:30:00,2024-04-06 00:30:00,1.25,7.3,7.859999999999999,23
2024-04-06 02:15:00,2024-04-06 06:15:00,4.25,6.7,7.170588235294117,2
2024-04-06 12:45:00,2024-04-06 13:00:00,0.5,8.1,8.3,12
2024-04-06 19:45:00,2024-04-06 20:45:00,1.25,7.8,7.92,19
2024-04-07 03:00:00,2024-04-07 08:45:00,6.0,6.3,6.720833333333334,3
2024-04-08 01:00:00,2024-04-08 01:15:00,0.5,6.9,7.0,1
2024-04-08 05:00:00,2024-04-08 05:45:00,1.0,6.0,6.425,5
2024-04-08 18:00:00,2024-04-08 21:45:00,4.0,6.4,7.018750000000001,18
2024-04-09 17:00:00,2024-04-09 21:30:00,4.75,6.2,7.51578947368421,17
2024-04-10 16:45:00,2024-04-10 21:00:00,4.5,6.4,6.805555555555555,16
2024-04-11 18:00:00,2024-04-11 19:15:00,1.5,6.9,7.316666666666666,18
2024-04-12 04:00:00,2024-04-12 05:15:00,1.5,6.4,6.616666666666667,4
2024-04-12 11:00:00,2024-04-12 13:00:00,2.25,7.9,8.299999999999999,11
2024-04-13 18:00:00,2024-04-13 18:30:00,0.75,8.2,8.533333333333333,18
2024-04-13 20:00:00,2024-04-13 22:45:00,3.0,6.7,7.925,20
2024-04-14 19:00:00,2024-04-15 03:45:00,9.0,6.5,7.436111111111113,19
2024-04-16 02:00:00,2024-04-16 04:00:00,2.25,5.5,5.844444444444444,2
2024-04-16 05:45:00,2024-04-16 08:30:00,3.0,5.8,6.2749999999999995,5
2024-04-17 00:15:00,2024-04-17 05:00:00,5.0,5.9,6.499999999999998,0
2024-04-17 12:45:00,2024-04-17 13:30:00,1.0,7.0,7.1,12
2024-04-17 19:45:00,2024-04-17 20:30:00,1.0,6.8,7.025,19
2024-04-17 22:15:00,2024-04-18 01:45:00,3.75,5.9,6.813333333333333,22
2024-04-18 03:15:00,2024-04-18 08:15:00,5.25,4.5,5.504761904761905,3
2024-04-18 17:15:00,2024-04-18 21:15:00,4.25,6.9,7.541176470588234,17
2024-04-18 23:45:00,2024-04-19 02:15:00,2.75,6.1,6.6909090909090905,23
2024-04-19 04:30:00,2024-04-19 08:00:00,3.75,4.8,5.773333333333335,4
2024-04-19 17:00:00,2024-04-19 18:00:00,1.25,7.6,7.8,17
2024-04-19 20:15:00,2024-04-19 21:15:00,1.25,7.3,7.539999999999999,20
2024-04-19 22:45:00,2024-04-19 23:15:00,0.75,6.7,6.8,22
2024-04-20 01:15:00,2024-04-20 03:30:00,2.5,5.7,6.26,1
2024-04-20 05:00:00,2024-04-20 07:15:00,2.5,4.9,5.99,5
2024-04-20 21:30:00,2024-04-20 23:15:00,2.0,6.1,6.5625,21
2024-04-21 02:30:00,2024-04-21 03:45:00,1.5,5.9,6.033333333333334,2
2024-04-21 05:15:00,2024-04-21 06:00:00,1.0,5.9,6.175000000000001,5
2024-04-21 18:00:00,2024-04-21 20:45:00,3.0,7.2,7.591666666666668,18
2024-04-22 18:45:00,2024-04-23 00:00:00,5.5,7.9,8.27727272727273,18
2024-04-23 02:30:00,2024-04-23 03:45:00,1.5,7.4,7.533333333333334,2
2024-04-23 18:15:00,2024-04-23 21:45:00,3.75,7.1,7.673333333333332,18
2024-04-23 23:15:00,2024-04-24 00:30:00,1.5,6.9,7.25,23
2024-04-24 02:00:00,2024-04-24 03:15:00,1.5,6.6,6.900000000000001,2
2024-04-24 15:00:00,2024-04-24 17:15:00,2.5,7.7,8.02,15
2024-04-25 02:00:00,2024-04-25 02:15:00,0.5,6.1,6.4,2
2024-04-25 03:45:00,2024-04-25 05:00:00,1.5,6.1,6.416666666666667,3
2024-04-25 17:00:00,2024-04-25 18:30:00,1.75,7.1,7.528571428571428,17
2024-04-25 20:15:00,2024-04-25 23:15:00,3.25,6.1,6.630769230769231,20
2024-04-26 01:15:00,2024-04-26 02:30:00,1.5,6.2,6.316666666666666,1
2024-04-27 02:15:00,2024-04-27 04:00:00,2.0,5.7,6.15,2
2024-04-27 22:00:00,2024-04-28 00:30:00,2.75,5.8,6.390909090909091,22
2024-04-29 17:00:00,2024-04-30 00:00:00,7.25,5.3,7.006896551724138,17
2024-04-30 02:00:00,2024-04-30 04:00:00,2.25,5.6,6.233333333333333,2
2024-04-30 16:00:00,2024-04-30 22:30:00,6.75,5.8,7.407407407407407,16
2024-05-01 00:00:00,2024-05-01 05:15:00,5.5,3.7,4.50909090909091,0
2024-05-01 19:00:00,2024-05-02 05:45:00,11.0,4.5,5.911363636363637,19
2024-05-02 18:15:00,2024-05-02 20:30:00,2.5,6.4,6.860000000000001,18
2024-05-02 22:15:00,2024-05-03 02:00:00,4.0,5.1,5.875,22
2024-05-03 06:15:00,2024-05-03 07:15:00,1.25,4.8,4.96,6
2024-05-03 14:00:00,2024-05-03 15:00:00,1.25,6.4,6.720000000000001,14
2024-05-03 17:00:00,2024-05-03 19:15:00,2.5,6.3,6.5,17
2024-05-04 00:15:00,2024-05-04 02:45:00,2.75,4.4,5.254545454545454,0
2024-05-04 04:15:00,2024-05-04 06:00:00,2.0,4.5,5.0375000000000005,4
2024-05-04 19:15:00,2024-05-05 04:45:00,9.75,5.2,6.235897435897436,19
2024-05-05 08:30:00,2024-05-05 09:00:00,0.75,5.9,6.033333333333334,8
2024-05-05 15:45:00,2024-05-05 17:00:00,1.5,7.4,7.566666666666666,15
2024-05-05 19:15:00,2024-05-05 19:45:00,0.75,6.6,6.8,19
2024-05-05 21:15:00,2024-05-05 22:15:00,1.25,6.6,6.659999999999999,21
2024-05-06 02:15:00,2024-05-06 02:30:00,0.5,6.0,6.15,2
2024-05-06 04:15:00,2024-05-06 05:00:00,1.0,5.1,5.85,4
2024-05-06 15:30:00,2024-05-06 18:45:00,3.5,6.6,6.985714285714287,15
2024-05-07 01:30:00,2024-05-07 02:45:00,1.5,6.1,6.166666666666667,1
2024-05-07 13:30:00,2024-05-07 18:30:00,5.25,5.3,6.323809523809524,13
2024-05-07 20:15:00,2024-05-07 21:15:00,1.25,5.3,5.84,20
2024-05-08 03:15:00,2024-05-08 04:45:00,1.75,5.9,5.985714285714286,3
2024-05-08 14:45:00,2024-05-08 21:00:00,6.5,5.0,6.088461538461538,14
2024-05-09 15:30:00,2024-05-09 19:00:00,3.75,4.8,6.213333333333334,15
2024-05-09 22:30:00,2024-05-10 00:30:00,2.25,5.5,5.733333333333333,22
2024-05-10 10:00:00,2024-05-10 12:30:00,2.75,5.8,6.090909090909091,10
2024-05-10 14:15:00,2024-05-10 14:45:00,0.75,5.8,5.966666666666666,14
2024-05-10 16:30:00,2024-05-10 21:00:00,4.75,4.8,5.721052631578947,16
2024-05-10 22:45:00,2024-05-10 23:30:00,1.0,4.6,4.824999999999999,22
2024-05-11 03:30:00,2024-05-11 04:00:00,0.75,4.7,4.833333333333333,3
2024-05-11 17:30:00,2024-05-12 04:00:00,10.75,4.7,6.095348837209301,17
2024-05-12 19:30:00,2024-05-12 21:30:00,2.25,6.0,6.677777777777777,19
2024-05-12 23:00:00,2024-05-13 02:45:00,4.0,4.7,5.800000000000001,23
2024-05-13 10:00:00,2024-05-13 11:00:00,1.25,6.5,6.56,10
2024-05-13 14:15:00,2024-05-13 14:45:00,0.75,6.0,6.366666666666667,14
2024-05-13 20:00:00,2024-05-13 23:30:00,3.75,6.1,6.36,20
2024-05-14 05:00:00,2024-05-14 07:45:00,3.0,6.8,6.949999999999999,5
2024-05-14 17:45:00,2024-05-14 23:30:00,6.0,6.5,7.520833333333333,17
2024-05-15 13:15:00,2024-05-15 13:30:00,0.5,8.0,8.1,13
2024-05-15 18:15:00,2024-05-15 20:00:00,2.0,6.8,8.2,18
2024-05-15 22:00:00,2024-05-16 00:00:00,2.25,7.3,7.533333333333333,22
2024-05-16 01:45:00,2024-05-16 09:30:00,8.0,6.1,6.890625,1
2024-05-16 15:45:00,2024-05-16 16:30:00,1.0,8.3,8.5,15
2024-05-16 19:15:00,2024-05-17 02:00:00,7.0,6.5,7.232142857142856,19
2024-05-17 13:45:00,2024-05-17 14:45:00,1.25,7.2,7.360000000000001,13
2024-05-17 16:30:00,2024-05-17 22:00:00,5.75,5.9,6.6173913043478265,16
2024-05-18 01:15:00,2024-05-18 06:45:00,5.75,4.1,5.586956521739131,1
2024-05-18 10:30:00,2024-05-18 12:15:00,2.0,5.9,6.4125,10
2024-05-18 16:30:00,2024-05-18 16:45:00,0.5,6.4,6.85,16
2024-05-18 20:00:00,2024-05-18 21:45:00,2.0,5.6,6.1375,20
2024-05-18 23:15:00,2024-05-19 02:30:00,3.5,5.5,5.985714285714287,23
2024-05-19 05:00:00,2024-05-19 05:30:00,0.75,5.5,5.733333333333333,5
2024-05-19 14:15:00,2024-05-19 15:45:00,1.75,8.5,9.0,14
2024-05-19 17:45:00,2024-05-19 19:30:00,2.0,8.3,8.925,17
2024-05-19 21:00:00,2024-05-20 03:45:00,7.0,7.0,7.7071428571428555,21
2024-05-20 07:15:00,2024-05-20 08:00:00,1.0,6.7,6.999999999999999,7
2024-05-20 17:30:00,2024-05-20 22:45:00,5.5,6.9,7.5181818181818185,17
2024-05-21 14:45:00,2024-05-21 15:15:00,0.75,7.1,7.333333333333333,14
2024-05-21 17:15:00,2024-05-21 18:15:00,1.25,6.5,6.859999999999999,17
2024-05-22 16:30:00,2024-05-22 23:00:00,6.75,5.1,6.185185185185184,16
2024-05-23 15:45:00,2024-05-23 18:15:00,2.75,5.7,6.5,15
2024-05-23 20:15:00,2024-05-23 20:45:00,0.75,5.0,5.233333333333333,20
2024-05-23 23:00:00,2024-05-24 01:30:00,2.75,5.0,5.254545454545455,23
2024-05-24 15:45:00,2024-05-25 00:45:00,9.25,4.7,5.508108108108109,15
2024-05-25 10:30:00,2024-05-25 11:15:00,1.0,7.0,7.175,10
2024-05-25 14:15:00,2024-05-25 20:15:00,6.25,4.8,6.568,14
2024-05-25 23:45:00,2024-05-26 00:30:00,1.0,5.4,5.675000000000001,23
2024-05-26 14:45:00,2024-05-26 21:15:00,6.75,4.9,7.08888888888889,14
2024-05-27 13:30:00,2024-05-27 23:30:00,10.25,5.0,7.327499999999999,13
2024-05-28 01:15:00,2024-05-28 03:00:00,2.0,5.3,5.5,1
2024-05-28 04:45:00,2024-05-28 05:45:00,1.25,5.2,5.34,4
2024-05-28 16:45:00,2024-05-29 01:30:00,9.0,4.4,7.363888888888888,16
2024-05-29 03:45:00,2024-05-29 05:30:00,2.0,4.8,5.1625,3
2024-05-29 16:45:00,2024-05-30 02:15:00,9.75,4.3,6.415384615384615,16
2024-05-30 03:45:00,2024-05-30 04:15:00,0.75,4.6,4.833333333333333,3
2024-05-30 17:30:00,2024-05-30 18:30:00,1.25,6.9,7.139999999999999,17
2024-05-31 00:30:00,2024-05-31 04:45:00,4.5,3.8,4.966666666666666,0
2024-05-31 18:30:00,2024-05-31 21:00:00,2.75,5.6,6.5,18
2024-05-31 22:30:00,2024-05-31 23:00:00,0.75,6.3,6.5,22
2024-06-01 00:45:00,2024-06-01 04:00:00,3.5,5.1,5.921428571428572,0
2024-06-01 07:30:00,2024-06-01 10:00:00,2.75,4.1,5.490909090909091,7
2024-06-01 12:45:00,2024-06-01 14:45:00,2.25,4.1,5.800000000000001,12
2024-06-01 16:15:00,2024-06-01 18:15:00,2.25,6.2,6.5,16
2024-06-01 21:15:00,2024-06-01 21:45:00,0.75,5.9,6.099999999999999,21
2024-06-02 02:45:00,2024-06-02 04:45:00,2.25,5.5,5.822222222222223,2
2024-06-02 08:30:00,2024-06-02 10:15:00,2.0,5.2,5.8,8
2024-06-02 13:45:00,2024-06-02 23:30:00,10.0,5.5,6.4625,13
2024-06-03 18:15:00,2024-06-03 18:45:00,0.75,6.7,6.8,18
2024-06-03 20:30:00,2024-06-03 20:45:00,0.5,6.1,6.25,20
2024-06-03 22:30:00,2024-06-04 00:15:00,2.0,6.0,6.199999999999999,22
2024-06-04 09:00:00,2024-06-04 09:45:00,1.0,6.5,6.675000000000001,9
2024-06-04 15:45:00,2024-06-04 20:00:00,4.5,5.8,6.133333333333335,15
2024-06-05 05:00:00,2024-06-05 06:15:00,1.5,5.8,5.966666666666666,5
2024-06-05 11:30:00,2024-06-05 11:45:00,0.5,7.0,7.15,11
2024-06-05 13:30:00,2024-06-05 17:15:00,4.0,4.9,6.3500000000000005,13
2024-06-05 20:45:00,2024-06-05 21:15:00,0.75,5.3,5.433333333333334,20
2024-06-05 22:45:00,2024-06-06 00:00:00,1.5,5.1,5.266666666666667,22
2024-06-06 08:15:00,2024-06-06 09:15:00,1.25,6.2,6.26,8
2024-06-06 13:15:00,2024-06-06 16:15:00,3.25,5.5,6.976923076923076,13
2024-06-07 09:00:00,2024-06-07 09:15:00,0.5,6.1,6.199999999999999,9
2024-06-07 16:30:00,2024-06-07 22:15:00,6.0,4.6,5.854166666666667,16
2024-06-08 00:00:00,2024-06-08 03:15:00,3.5,5.1,5.364285714285715,0
2024-06-08 15:45:00,2024-06-08 20:15:00,4.75,5.6,6.7,15
2024-06-08 22:30:00,2024-06-09 01:30:00,3.25,5.1,5.407692307692307,22
2024-06-09 05:15:00,2024-06-09 07:00:00,2.0,4.7,5.0874999999999995,5
2024-06-09 16:30:00,2024-06-10 00:45:00,8.5,3.9,5.573529411764706,16
2024-06-10 16:45:00,2024-06-11 04:30:00,12.0,4.3,5.575,16
2024-06-11 07:00:00,2024-06-11 10:30:00,3.75,4.8,5.326666666666666,7
2024-06-11 17:00:00,2024-06-11 17:45:00,1.0,7.3,7.799999999999999,17
2024-06-11 19:30:00,2024-06-12 06:30:00,11.25,4.1,5.613333333333334,19
2024-06-12 13:45:00,2024-06-12 16:15:00,2.75,6.2,7.1000000000000005,13
2024-06-12 19:00:00,2024-06-12 19:15:00,0.5,5.6,5.75,19
2024-06-12 22:30:00,2024-06-13 03:00:00,4.75,4.3,5.078947368421053,22
2024-06-13 04:45:00,2024-06-13 07:30:00,3.0,4.1,4.441666666666666,4
2024-06-13 11:15:00,2024-06-13 11:45:00,0.75,5.6,5.966666666666666,11
2024-06-13 13:30:00,2024-06-13 15:45:00,2.5,6.9,7.19,13
2024-06-13 19:15:00,2024-06-13 23:45:00,4.75,4.4,5.878947368421052,19
2024-06-14 01:15:00,2024-06-14 03:15:00,2.25,4.7,5.022222222222222,1
2024-06-14 10:30:00,2024-06-14 12:00:00,1.75,5.6,5.928571428571429,10
2024-06-14 14:00:00,2024-06-14 16:30:00,2.75,6.4,6.6000000000000005,14
2024-06-14 19:00:00,2024-06-14 19:45:00,1.0,5.7,6.1000000000000005,19
2024-06-14 21:30:00,2024-06-14 21:45:00,0.5,5.6,5.9,21
2024-06-14 23:15:00,2024-06-15 01:00:00,2.0,4.9,5.3875,23
2024-06-15 02:45:00,2024-06-15 03:00:00,0.5,4.6,4.85,2
2024-06-15 05:00:00,2024-06-15 06:00:00,1.25,4.9,5.12,5
2024-06-15 07:30:00,2024-06-15 10:00:00,2.75,4.9,5.336363636363637,7
2024-06-15 15:00:00,2024-06-16 00:30:00,9.75,4.8,6.228205128205127,15
2024-06-16 02:45:00,2024-06-16 05:45:00,3.25,5.2,5.5307692307692315,2
2024-06-16 08:15:00,2024-06-16 13:00:00,5.0,5.6,6.005,8
2024-06-16 15:00:00,2024-06-16 23:00:00,8.25,4.9,5.736363636363636,15
2024-06-17 01:00:00,2024-06-17 07:30:00,6.75,4.9,5.174074074074075,1
2024-06-17 15:45:00,2024-06-17 16:45:00,1.25,5.2,5.96,15
2024-06-17 18:30:00,2024-06-17 21:15:00,3.0,5.7,6.258333333333333,18
2024-06-18 07:45:00,2024-06-18 08:45:00,1.25,5.6,5.8,7
2024-06-18 19:00:00,2024-06-18 23:15:00,4.5,4.7,5.777777777777778,19
2024-06-19 06:15:00,2024-06-19 08:15:00,2.25,5.6,5.811111111111111,6
2024-06-19 12:00:00,2024-06-19 12:45:00,1.0,6.3,6.5249999999999995,12
2024-06-19 22:00:00,2024-06-20 00:30:00,2.75,4.8,5.2727272727272725,22
2024-06-20 16:45:00,2024-06-20 17:45:00,1.25,6.2,6.540000000000001,16
2024-06-20 20:00:00,2024-06-20 21:00:00,1.25,4.1,5.4799999999999995,20
2024-06-21 16:30:00,2024-06-21 21:45:00,5.5,4.8,5.931818181818182,16
2024-06-22 00:15:00,2024-06-22 02:30:00,2.5,5.0,5.23,0
2024-06-22 09:45:00,2024-06-22 11:15:00,1.75,5.8,6.414285714285714,9
2024-06-22 16:15:00,2024-06-22 22:15:00,6.25,4.5,5.56,16
2024-06-22 23:45:00,2024-06-23 00:30:00,1.0,4.6,4.85,23
2024-06-23 04:45:00,2024-06-23 05:15:00,0.75,4.4,4.6000000000000005,4
2024-06-23 10:30:00,2024-06-23 20:30:00,10.25,3.6,5.614634146341464,10
2024-06-24 15:15:00,2024-06-24 22:45:00,7.75,3.1,4.6580645161290315,15
2024-06-25 14:15:00,2024-06-25 16:15:00,2.25,6.6,6.922222222222222,14
2024-06-25 18:00:00,2024-06-26 00:15:00,6.5,4.8,5.546153846153846,18
2024-06-26 02:45:00,2024-06-26 06:00:00,3.5,4.4,4.778571428571429,2
2024-06-28 14:15:00,2024-06-28 14:45:00,0.75,7.8,7.933333333333334,14
2024-06-28 18:15:00,2024-06-28 20:45:00,2.75,6.8,7.290909090909091,18
2024-06-29 04:45:00,2024-06-29 05:30:00,1.0,6.0,6.15,4
2024-06-29 16:15:00,2024-06-29 18:15:00,2.25,7.0,7.633333333333334,16
2024-06-29 20:00:00,2024-06-30 02:15:00,6.5,6.1,6.8961538461538465,20
2024-06-30 04:30:00,2024-06-30 08:15:00,4.0,4.8,5.775,4
2024-06-30 12:15:00,2024-06-30 21:30:00,9.5,5.2,6.760526315789474,12
2024-07-01 03:45:00,2024-07-01 05:00:00,1.5,4.4,4.7,3
2024-07-01 15:30:00,2024-07-01 15:45:00,0.5,8.8,8.95,15
2024-07-01 19:00:00,2024-07-02 02:00:00,7.25,6.6,7.544827586206896,19
2024-07-02 05:15:00,2024-07-02 06:00:00,1.0,5.6,6.074999999999999,5
2024-07-02 07:45:00,2024-07-02 10:00:00,2.5,5.3,5.92,7
2024-07-02 13:00:00,2024-07-02 14:15:00,1.5,6.4,7.483333333333333,13
2024-07-02 15:45:00,2024-07-03 00:30:00,9.0,5.8,7.183333333333333,15
2024-07-03 02:30:00,2024-07-03 03:15:00,1.0,5.5,5.7,2
2024-07-03 05:45:00,2024-07-03 08:15:00,2.75,3.7,4.2727272727272725,5
2024-07-03 16:15:00,2024-07-03 19:30:00,3.5,6.3,7.185714285714285,16
2024-07-03 23:15:00,2024-07-04 03:45:00,4.75,4.9,5.457894736842104,23
2024-07-04 12:45:00,2024-07-04 16:15:00,3.75,5.6,7.133333333333331,12
2024-07-04 18:00:00,2024-07-04 19:15:00,1.5,6.1,6.699999999999999,18
2024-07-04 20:45:00,2024-07-04 22:30:00,2.0,5.9,6.3375,20
2024-07-05 00:15:00,2024-07-05 00:30:00,0.5,5.3,5.4,0
2024-07-05 02:15:00,2024-07-05 04:00:00,2.0,5.1,5.362500000000001,2
2024-07-05 07:30:00,2024-07-05 09:00:00,1.75,5.3,5.685714285714286,7
2024-07-05 11:30:00,2024-07-05 12:30:00,1.25,6.1,6.42,11
2024-07-05 15:45:00,2024-07-05 18:00:00,2.5,6.6,6.889999999999999,15
2024-07-05 19:30:00,2024-07-05 22:00:00,2.75,5.1,5.954545454545454,19
2024-07-06 02:15:00,2024-07-06 04:45:00,2.75,4.2,5.118181818181818,2
2024-07-06 08:00:00,2024-07-06 09:15:00,1.5,4.3,4.750000000000001,8
2024-07-06 11:00:00,2024-07-06 11:45:00,1.0,6.1,6.300000000000001,11
2024-07-06 16:00:00,2024-07-07 00:45:00,9.0,4.4,6.108333333333333,16
2024-07-07 04:15:00,2024-07-07 04:30:00,0.5,4.7,4.85,4
2024-07-07 06:00:00,2024-07-07 08:30:00,2.75,3.5,4.645454545454545,6
2024-07-07 10:00:00,2024-07-07 11:30:00,1.75,3.9,4.928571428571429,10
2024-07-07 18:30:00,2024-07-08 03:45:00,9.5,4.6,5.863157894736842,18
2024-07-08 07:30:00,2024-07-08 10:15:00,3.0,4.6,4.9750000000000005,7
2024-07-08 16:15:00,2024-07-08 22:45:00,6.75,4.4,6.2555555555555555,16
2024-07-09 02:30:00,2024-07-09 02:45:00,0.5,5.2,5.300000000000001,2
2024-07-09 16:30:00,2024-07-09 20:15:00,4.0,5.8,7.206250000000001,16
2024-07-09 23:00:00,2024-07-10 00:45:00,2.0,5.6,6.3125,23
2024-07-10 03:15:00,2024-07-10 05:30:00,2.5,5.5,6.049999999999999,3
2024-07-10 14:45:00,2024-07-10 15:15:00,0.75,7.2,7.7,14
2024-07-10 17:45:00,2024-07-11 07:00:00,13.5,4.8,6.637037037037039,17
2024-07-11 10:30:00,2024-07-11 10:45:00,0.5,6.0,6.4,10
2024-07-11 12:30:00,2024-07-11 20:15:00,8.0,7.0,8.359375,12
2024-07-11 22:00:00,2024-07-12 09:45:00,12.0,4.0,5.6875,22
2024-07-12 11:45:00,2024-07-12 15:00:00,3.5,1.2,2.885714285714286,11
2024-07-12 17:15:00,2024-07-12 17:30:00,0.5,3.4,3.8,17
2024-07-12 19:00:00,2024-07-13 01:15:00,6.5,4.1,5.161538461538462,19
2024-07-13 03:00:00,2024-07-13 06:45:00,4.0,2.1,2.8062500000000004,3
2024-07-13 08:45:00,2024-07-13 10:00:00,1.5,4.8,5.783333333333334,8
2024-07-13 13:45:00,2024-07-13 14:30:00,1.0,7.8,8.275,13
2024-07-13 16:30:00,2024-07-14 01:30:00,9.25,4.7,6.832432432432433,16
2024-07-14 03:00:00,2024-07-14 03:45:00,1.0,4.4,4.800000000000001,3
2024-07-14 07:15:00,2024-07-14 13:00:00,6.0,4.0,5.266666666666667,7
2024-07-14 15:15:00,2024-07-14 22:30:00,7.5,6.1,7.103333333333334,15
2024-07-15 00:15:00,2024-07-15 06:15:00,6.25,4.7,5.231999999999999,0
2024-07-15 08:00:00,2024-07-15 08:15:00,0.5,4.7,4.85,8
2024-07-15 12:00:00,2024-07-15 13:45:00,2.0,8.0,8.412499999999998,12
2024-07-15 15:30:00,2024-07-15 23:15:00,8.0,4.7,6.6656249999999995,15
2024-07-16 02:15:00,2024-07-16 02:30:00,0.5,5.0,5.1,2
2024-07-16 04:15:00,2024-07-16 05:00:00,1.0,4.4,5.175000000000001,4
2024-07-16 17:30:00,2024-07-17 00:45:00,7.5,4.9,6.803333333333333,17
2024-07-17 02:15:00,2024-07-17 04:15:00,2.25,4.5,5.0777777777777775,2
2024-07-17 07:00:00,2024-07-17 08:15:00,1.5,4.2,5.083333333333333,7
2024-07-17 11:45:00,2024-07-17 12:15:00,0.75,5.3,6.166666666666667,11
2024-07-17 13:45:00,2024-07-18 08:30:00,19.0,3.1,5.8802631578947375,13
2024-07-18 10:15:00,2024-07-18 11:45:00,1.75,5.4,5.957142857142856,10
2024-07-18 14:15:00,2024-07-18 14:30:00,0.5,7.6,7.75,14
2024-07-18 16:45:00,2024-07-19 02:15:00,9.75,3.8,5.933333333333333,16
2024-07-19 05:00:00,2024-07-19 06:30:00,1.75,4.4,4.514285714285714,5
2024-07-19 08:00:00,2024-07-19 08:30:00,0.75,4.5,4.7,8
2024-07-19 14:45:00,2024-07-19 15:30:00,1.0,6.5,6.675000000000001,14
2024-07-19 18:00:00,2024-07-19 23:15:00,5.5,4.4,5.581818181818182,18
2024-07-20 01:15:00,2024-07-20 04:30:00,3.5,4.9,5.242857142857143,1
2024-07-20 07:30:00,2024-07-20 11:30:00,4.25,5.2,5.829411764705882,7
2024-07-20 13:00:00,2024-07-20 16:30:00,3.75,6.9,7.906666666666666,13
2024-07-20 18:00:00,2024-07-20 20:30:00,2.75,6.2,6.872727272727274,18
2024-07-21 01:00:00,2024-07-21 03:30:00,2.75,4.7,5.1000000000000005,1
2024-07-21 07:30:00,2024-07-21 09:30:00,2.25,4.4,4.722222222222222,7
2024-07-21 16:00:00,2024-07-21 23:15:00,7.5,3.7,5.296666666666667,16
2024-07-22 02:30:00,2024-07-22 03:00:00,0.75,3.6,4.033333333333333,2
2024-07-22 04:30:00,2024-07-22 07:15:00,3.0,2.6,4.075,4
2024-07-22 11:00:00,2024-07-22 11:30:00,0.75,2.9,3.3000000000000003,11
2024-07-22 15:30:00,2024-07-22 18:00:00,2.75,6.1,7.372727272727272,15
2024-07-22 19:45:00,2024-07-23 00:30:00,5.0,5.1,5.99,19
2024-07-23 02:00:00,2024-07-23 07:15:00,5.5,3.1,5.177272727272728,2
2024-07-23 12:15:00,2024-07-23 17:30:00,5.5,4.6,7.7727272727272725,12
2024-07-23 19:15:00,2024-07-24 03:00:00,8.0,4.7,5.715625,19
2024-07-24 04:30:00,2024-07-24 06:15:00,2.0,4.3,4.825,4
2024-07-24 07:45:00,2024-07-24 08:45:00,1.25,2.8,3.6800000000000006,7
2024-07-24 10:30:00,2024-07-24 12:45:00,2.5,5.0,7.0,10
2024-07-24 14:45:00,2024-07-25 07:15:00,16.75,4.7,7.088059701492537,14
2024-07-25 09:30:00,2024-07-25 15:30:00,6.25,4.0,6.288,9
2024-07-25 17:00:00,2024-07-25 20:30:00,3.75,6.5,8.466666666666667,17
2024-07-25 23:45:00,2024-07-26 05:45:00,6.25,4.4,6.368,23
2024-07-26 08:00:00,2024-07-26 08:15:00,0.5,5.5,5.7,8
2024-07-26 10:00:00,2024-07-26 18:45:00,9.0,5.4,7.650000000000001,10
2024-07-26 20:45:00,2024-07-26 23:45:00,3.25,5.9,6.4,20
2024-07-27 01:15:00,2024-07-27 06:15:00,5.25,4.8,5.276190476190475,1
2024-07-27 11:45:00,2024-07-27 15:15:00,3.75,6.6,7.606666666666666,11
2024-07-27 18:15:00,2024-07-27 23:00:00,5.0,6.2,6.885,18
2024-07-28 03:00:00,2024-07-28 06:15:00,3.5,4.7,5.464285714285714,3
2024-07-28 08:00:00,2024-07-28 09:30:00,1.75,4.4,4.814285714285714,8
2024-07-28 12:15:00,2024-07-28 18:45:00,6.75,2.0,5.081481481481482,12
2024-07-28 20:15:00,2024-07-28 22:30:00,2.5,2.8,3.47,20
2024-07-29 02:30:00,2024-07-29 04:00:00,1.75,4.7,5.128571428571429,2
2024-07-29 06:15:00,2024-07-29 07:30:00,1.5,4.5,4.666666666666667,6
2024-07-29 11:30:00,2024-07-29 13:00:00,1.75,4.7,5.185714285714286,11
2024-07-29 15:00:00,2024-07-29 15:30:00,0.75,6.3,6.3999999999999995,15
2024-07-29 17:45:00,2024-07-29 23:15:00,5.75,4.0,5.043478260869565,17
2024-07-30 02:15:00,2024-07-30 06:15:00,4.25,4.2,4.741176470588235,2
2024-07-30 14:45:00,2024-07-30 23:15:00,8.75,5.2,7.002857142857143,14
2024-07-31 00:45:00,2024-07-31 05:30:00,5.0,4.6,5.275,0
2024-07-31 08:00:00,2024-07-31 11:00:00,3.25,5.0,5.492307692307692,8
2024-07-31 12:30:00,2024-07-31 14:15:00,2.0,6.5,6.6625,12
2024-07-31 16:15:00,2024-07-31 16:30:00,0.5,6.4,6.6,16
2024-07-31 18:30:00,2024-07-31 19:45:00,1.5,5.5,5.933333333333333,18
2024-07-31 21:15:00,2024-08-01 00:45:00,3.75,3.5,4.206666666666667,21
2024-08-01 05:30:00,2024-08-01 07:45:00,2.5,2.1,2.8800000000000003,5
2024-08-01 11:30:00,2024-08-01 13:00:00,1.75,4.5,5.814285714285715,11
2024-08-01 14:45:00,2024-08-01 15:30:00,1.0,6.3,6.425,14
2024-08-01 17:45:00,2024-08-01 19:30:00,2.0,6.3,6.7250000000000005,17
2024-08-01 22:00:00,2024-08-01 23:30:00,1.75,4.8,5.214285714285714,22
2024-08-02 02:00:00,2024-08-02 04:00:00,2.25,3.8,4.122222222222222,2
2024-08-02 07:15:00,2024-08-02 09:00:00,2.0,3.1,3.775,7
2024-08-02 15:00:00,2024-08-02 20:45:00,6.0,5.6,6.729166666666667,15
2024-08-02 22:15:00,2024-08-03 03:45:00,5.75,4.6,5.330434782608695,22
2024-08-03 05:15:00,2024-08-03 11:45:00,6.75,2.2,3.47037037037037,5
2024-08-03 14:15:00,2024-08-04 03:15:00,13.25,3.6,5.498113207547171,14
2024-08-04 07:00:00,2024-08-04 09:45:00,3.0,1.9,3.225,7
2024-08-04 11:30:00,2024-08-04 11:45:00,0.5,1.8,2.0,11
2024-08-04 16:30:00,2024-08-05 05:30:00,13.25,4.3,6.40566037735849,16
2024-08-05 09:30:00,2024-08-05 10:00:00,0.75,5.1,5.5,9
2024-08-05 12:00:00,2024-08-06 04:45:00,17.0,3.9,6.870588235294117,12
2024-08-06 08:00:00,2024-08-06 12:45:00,5.0,3.0,4.429999999999999,8
2024-08-06 14:30:00,2024-08-06 14:45:00,0.5,6.6,6.8,14
2024-08-06 17:00:00,2024-08-06 18:15:00,1.5,6.8,7.449999999999999,17
2024-08-06 19:45:00,2024-08-06 20:30:00,1.0,6.3,6.8500000000000005,19
2024-08-06 22:15:00,2024-08-07 04:30:00,6.5,4.6,5.7153846153846155,22
2024-08-07 06:00:00,2024-08-07 07:00:00,1.25,5.1,5.26,6
2024-08-07 09:30:00,2024-08-07 11:00:00,1.75,4.4,4.7,9
2024-08-07 16:15:00,2024-08-08 00:15:00,8.25,5.7,7.645454545454545,16
2024-08-08 01:45:00,2024-08-08 06:15:00,4.75,4.9,5.8578947368421055,1
2024-08-08 08:30:00,2024-08-08 09:15:00,1.0,6.0,6.2,8
2024-08-08 12:15:00,2024-08-08 12:30:00,0.5,7.1,7.4,12
2024-08-08 18:30:00,2024-08-08 20:00:00,1.75,6.9,7.857142857142857,18
2024-08-08 21:45:00,2024-08-08 23:00:00,1.5,6.1,6.8,21
2024-08-09 00:30:00,2024-08-09 08:00:00,7.75,4.7,5.590322580645161,0
2024-08-09 09:30:00,2024-08-09 12:00:00,2.75,6.1,6.709090909090909,9
2024-08-09 13:30:00,2024-08-10 01:45:00,12.5,5.4,7.023999999999998,13
2024-08-10 03:30:00,2024-08-10 05:45:00,2.5,4.5,4.910000000000001,3
2024-08-10 09:15:00,2024-08-10 11:30:00,2.5,4.5,5.9399999999999995,9
2024-08-10 13:00:00,2024-08-10 16:30:00,3.75,7.3,7.9333333333333345,13
2024-08-10 18:30:00,2024-08-11 04:30:00,10.25,3.3,5.2975609756097555,18
2024-08-11 06:30:00,2024-08-11 11:30:00,5.25,3.8,4.5,6
2024-08-11 13:00:00,2024-08-11 13:30:00,0.75,6.4,6.633333333333333,13
2024-08-11 18:30:00,2024-08-12 02:15:00,8.0,3.9,4.975,18
2024-08-12 05:30:00,2024-08-12 07:15:00,2.0,2.2,3.0374999999999996,5
2024-08-12 13:15:00,2024-08-12 13:30:00,0.5,6.2,6.300000000000001,13
2024-08-12 16:00:00,2024-08-13 08:45:00,17.0,3.0,5.004411764705883,16
2024-08-13 15:15:00,2024-08-13 23:15:00,8.25,3.7,5.839393939393939,15
2024-08-14 01:45:00,2024-08-14 06:00:00,4.5,2.7,3.3944444444444444,1
2024-08-14 16:15:00,2024-08-14 18:00:00,2.0,6.0,6.5,16
2024-08-14 20:30:00,2024-08-15 04:30:00,8.25,3.1,4.278787878787878,20
2024-08-15 09:00:00,2024-08-15 09:30:00,0.75,3.4,3.6333333333333333,9
2024-08-15 17:30:00,2024-08-15 22:15:00,5.0,5.4,6.885000000000001,17
2024-08-16 00:00:00,2024-08-16 01:00:00,1.25,4.5,4.8,0
2024-08-16 16:45:00,2024-08-16 22:15:00,5.75,5.4,6.5826086956521745,16
2024-08-16 23:45:00,2024-08-17 00:45:00,1.25,4.7,4.96,23
2024-08-17 15:00:00,2024-08-17 22:30:00,7.75,3.8,5.735483870967743,15
2024-08-18 00:00:00,2024-08-18 00:15:00,0.5,4.2,4.4,0
2024-08-18 02:45:00,2024-08-18 03:30:00,1.0,3.7,3.8499999999999996,2
2024-08-18 15:15:00,2024-08-18 17:00:00,2.0,7.7,8.1375,15
2024-08-18 19:00:00,2024-08-18 20:15:00,1.5,6.1,6.45,19
2024-08-19 00:30:00,2024-08-19 00:45:00,0.5,5.2,5.300000000000001,0
2024-08-19 03:15:00,2024-08-19 04:15:00,1.25,4.6,4.720000000000001,3
2024-08-19 07:45:00,2024-08-19 10:15:00,2.75,4.7,5.054545454545455,7
2024-08-19 13:00:00,2024-08-19 19:00:00,6.25,6.2,8.024,13
2024-08-19 20:30:00,2024-08-19 22:45:00,2.5,5.9,6.19,20
2024-08-20 00:30:00,2024-08-20 04:30:00,4.25,4.5,5.405882352941177,0
2024-08-20 09:45:00,2024-08-20 13:00:00,3.5,3.9,4.814285714285715,9
2024-08-20 17:45:00,2024-08-20 22:30:00,5.0,5.1,6.615,17
2024-08-21 02:15:00,2024-08-21 02:45:00,0.75,5.0,5.366666666666667,2
2024-08-21 04:30:00,2024-08-21 05:15:00,1.0,4.6,4.825,4
2024-08-21 11:00:00,2024-08-21 12:45:00,2.0,4.4,5.2875,11
2024-08-21 14:30:00,2024-08-21 15:30:00,1.25,7.0,7.42,14
2024-08-21 17:30:00,2024-08-21 21:00:00,3.75,6.0,7.7266666666666675,17
2024-08-21 22:45:00,2024-08-22 05:15:00,6.75,4.9,5.903703703703704,22
2024-08-22 10:15:00,2024-08-22 12:15:00,2.25,5.8,6.055555555555555,10
2024-08-22 14:00:00,2024-08-22 16:00:00,2.25,6.8,7.366666666666666,14
2024-08-22 18:00:00,2024-08-23 00:15:00,6.5,5.0,6.692307692307692,18
2024-08-23 01:45:00,2024-08-23 04:45:00,3.25,4.1,4.699999999999999,1
2024-08-23 06:15:00,2024-08-23 07:45:00,1.75,4.4,4.957142857142857,6
2024-08-23 12:00:00,2024-08-23 13:30:00,1.75,6.5,6.957142857142856,12
2024-08-23 18:30:00,2024-08-23 19:00:00,0.75,7.1,7.566666666666667,18
2024-08-23 20:30:00,2024-08-23 22:15:00,2.0,6.6,7.050000000000001,20
2024-08-24 00:00:00,2024-08-24 00:30:00,0.75,5.9,6.099999999999999,0
2024-08-24 02:15:00,2024-08-24 07:45:00,5.75,4.6,5.186956521739131,2
2024-08-24 10:45:00,2024-08-24 13:15:00,2.75,5.5,6.2,10
2024-08-24 14:45:00,2024-08-24 17:30:00,3.0,7.2,7.416666666666667,14
2024-08-24 19:30:00,2024-08-24 20:30:00,1.25,6.3,6.6,19
2024-08-24 23:30:00,2024-08-25 03:45:00,4.5,4.0,5.355555555555555,23
2024-08-25 05:30:00,2024-08-25 08:00:00,2.75,3.7,4.190909090909091,5
2024-08-25 11:15:00,2024-08-25 14:00:00,3.0,5.2,5.675000000000001,11
2024-08-25 16:15:00,2024-08-25 20:00:00,4.0,5.1,6.23125,16
2024-08-25 21:45:00,2024-08-25 22:15:00,0.75,4.6,4.766666666666667,21
2024-08-26 00:00:00,2024-08-26 01:45:00,2.0,4.3,4.6125,0
2024-08-26 03:45:00,2024-08-26 06:15:00,2.75,3.7,4.0636363636363635,3
2024-08-26 08:15:00,2024-08-26 09:30:00,1.5,4.3,4.566666666666667,8
2024-08-26 12:15:00,2024-08-26 23:15:00,11.25,4.2,6.56,12
2024-08-27 01:00:00,2024-08-27 03:00:00,2.25,3.6,4.066666666666666,1
2024-08-27 05:45:00,2024-08-27 08:45:00,3.25,3.6,4.2615384615384615,5
2024-08-27 11:45:00,2024-08-27 13:45:00,2.25,5.5,6.0,11
2024-08-27 15:45:00,2024-08-27 22:45:00,7.25,3.9,5.757142857142858,15
2024-08-28 00:15:00,2024-08-28 03:45:00,3.75,3.4,4.08,0
2024-08-28 05:30:00,2024-08-28 08:45:00,3.5,2.8,3.2857142857142856,5
2024-08-28 16:45:00,2024-08-29 00:45:00,8.25,4.0,5.257575757575759,16
2024-08-29 02:30:00,2024-08-29 05:45:00,3.5,2.8,3.5571428571428574,2
2024-08-29 08:00:00,2024-08-29 09:30:00,1.75,3.8,4.257142857142857,8
2024-08-29 15:45:00,2024-08-29 21:45:00,6.25,4.6,6.111999999999999,15
2024-08-29 23:30:00,2024-08-30 07:00:00,7.75,3.8,4.587096774193549,23
2024-08-30 10:30:00,2024-08-30 15:15:00,5.0,4.1,5.029999999999999,10
2024-08-30 16:45:00,2024-08-30 23:00:00,6.5,3.4,4.369230769230769,16
2024-08-31 07:15:00,2024-08-31 08:30:00,1.5,3.5,3.9166666666666665,7
2024-08-31 13:00:00,2024-08-31 20:45:00,8.0,3.5,4.48125,13
2024-08-31 23:30:00,2024-09-01 03:00:00,3.75,2.7,3.1333333333333333,23
2024-09-01 06:30:00,2024-09-01 09:00:00,2.75,2.3,3.027272727272727,6
2024-09-01 13:15:00,2024-09-01 13:45:00,0.75,5.0,5.066666666666666,13
2024-09-01 15:45:00,2024-09-02 03:45:00,12.25,3.5,5.032653061224489,15
2024-09-02 06:00:00,2024-09-02 08:15:00,2.5,2.7,3.5700000000000003,6
2024-09-02 14:30:00,2024-09-03 05:00:00,14.75,4.6,6.737288135593221,14
2024-09-03 07:00:00,2024-09-03 09:00:00,2.25,1.3,3.3555555555555556,7
2024-09-03 12:30:00,2024-09-03 13:15:00,1.0,4.2,5.2250000000000005,12
2024-09-03 18:00:00,2024-09-04 08:15:00,14.5,3.5,4.839655172413793,18
2024-09-04 10:15:00,2024-09-04 13:00:00,3.0,5.2,5.575,10
2024-09-04 15:30:00,2024-09-04 20:45:00,5.5,4.6,5.9772727272727275,15
2024-09-04 22:15:00,2024-09-05 08:30:00,10.5,3.2,4.6,22
2024-09-05 13:30:00,2024-09-05 14:30:00,1.25,5.0,5.460000000000001,13
2024-09-05 17:00:00,2024-09-05 23:00:00,6.25,3.8,5.172,17
2024-09-06 00:45:00,2024-09-06 02:45:00,2.25,3.5,4.588888888888889,0
2024-09-06 04:45:00,2024-09-06 14:45:00,10.25,3.3,4.790243902439024,4
2024-09-06 16:15:00,2024-09-06 16:45:00,0.75,4.8,5.0,16
2024-09-06 18:30:00,2024-09-06 22:30:00,4.25,4.3,5.052941176470588,18
2024-09-07 01:15:00,2024-09-07 01:45:00,0.75,4.5,4.766666666666667,1
2024-09-07 03:45:00,2024-09-07 05:45:00,2.25,3.1,4.177777777777778,3
2024-09-07 07:30:00,2024-09-07 08:30:00,1.25,2.9,3.2,7
2024-09-07 10:00:00,2024-09-07 11:00:00,1.25,4.1,4.2,10
2024-09-07 14:00:00,2024-09-07 20:00:00,6.25,2.7,4.412,14
2024-09-07 23:30:00,2024-09-08 00:00:00,0.75,5.3,5.466666666666666,23
2024-09-08 01:45:00,2024-09-08 03:45:00,2.25,3.4,3.7666666666666666,1
2024-09-08 05:45:00,2024-09-08 08:15:00,2.75,3.8,4.5,5
2024-09-08 10:00:00,2024-09-08 12:15:00,2.5,3.5,4.63,10
2024-09-08 14:15:00,2024-09-08 20:15:00,6.25,5.0,6.064,14
2024-09-08 22:00:00,2024-09-09 09:45:00,12.0,3.6,5.654166666666666,22
2024-09-09 11:45:00,2024-09-09 19:30:00,8.0,4.8,6.975,11
2024-09-09 21:30:00,2024-09-09 22:00:00,0.75,6.1,6.333333333333333,21
2024-09-10 03:30:00,2024-09-10 10:15:00,7.0,5.3,5.653571428571429,3
2024-09-10 13:00:00,2024-09-10 15:45:00,3.0,4.9,5.550000000000001,13
2024-09-10 17:30:00,2024-09-10 19:30:00,2.25,4.8,5.466666666666666,17
2024-09-11 00:15:00,2024-09-11 04:00:00,4.0,5.2,5.5687500000000005,0
2024-09-11 09:15:00,2024-09-11 15:30:00,6.5,4.8,5.626923076923077,9
2024-09-11 18:00:00,2024-09-11 19:00:00,1.25,5.6,5.76,18
2024-09-12 15:00:00,2024-09-12 15:30:00,0.75,5.8,5.866666666666667,15
2024-09-12 20:45:00,2024-09-12 21:45:00,1.25,5.8,5.9,20
2024-09-13 06:45:00,2024-09-13 11:30:00,5.0,3.7,5.5649999999999995,6
2024-09-13 13:00:00,2024-09-13 15:30:00,2.75,5.4,5.845454545454545,13
2024-09-13 19:15:00,2024-09-13 20:30:00,1.5,5.5,5.849999999999999,19
2024-09-14 01:15:00,2024-09-14 02:15:00,1.25,5.8,5.9799999999999995,1
2024-09-14 06:45:00,2024-09-14 07:30:00,1.0,5.5,5.8,6
2024-09-14 12:30:00,2024-09-14 19:30:00,7.25,5.1,5.824137931034483,12
2024-09-14 21:00:00,2024-09-14 22:15:00,1.5,5.2,5.449999999999999,21
2024-09-15 00:00:00,2024-09-15 00:30:00,0.75,5.2,5.333333333333333,0
2024-09-15 05:15:00,2024-09-15 06:00:00,1.0,6.3,6.375,5
2024-09-15 09:15:00,2024-09-15 20:30:00,11.5,4.9,5.980434782608696,9
2024-09-16 09:30:00,2024-09-16 15:00:00,5.75,5.3,5.952173913043478,9
2024-09-16 16:45:00,2024-09-16 22:00:00,5.5,3.3,4.418181818181818,16
2024-09-16 23:45:00,2024-09-17 01:15:00,1.75,3.8,3.9714285714285715,23
2024-09-17 05:15:00,2024-09-17 06:30:00,1.5,3.8,4.016666666666667,5
2024-09-17 10:00:00,2024-09-17 11:15:00,1.5,3.0,3.483333333333333,10
2024-09-17 13:00:00,2024-09-18 01:45:00,13.0,4.5,5.634615384615385,13
2024-09-18 04:45:00,2024-09-18 08:00:00,3.5,2.3,3.5357142857142856,4
2024-09-18 14:30:00,2024-09-18 16:15:00,2.0,1.3,2.5875,14
2024-09-18 18:30:00,2024-09-19 07:00:00,12.75,2.4,3.5254901960784317,18
2024-09-19 10:45:00,2024-09-19 13:00:00,2.5,1.3,3.0100000000000002,10
2024-09-19 16:00:00,2024-09-20 06:15:00,14.5,2.2,4.156896551724137,16
2024-09-20 07:45:00,2024-09-20 09:00:00,1.5,2.4,3.1333333333333333,7
2024-09-20 12:15:00,2024-09-20 16:15:00,4.25,1.7,3.5647058823529414,12
2024-09-20 18:00:00,2024-09-20 21:15:00,3.5,4.4,5.528571428571428,18
2024-09-20 22:45:00,2024-09-21 08:15:00,9.75,2.1,3.9,22
2024-09-21 09:45:00,2024-09-21 10:45:00,1.25,3.9,4.239999999999999,9
2024-09-21 13:15:00,2024-09-21 18:30:00,5.5,1.8,4.513636363636364,13
2024-09-22 00:00:00,2024-09-22 00:30:00,0.75,5.2,5.366666666666667,0
2024-09-22 02:00:00,2024-09-22 10:15:00,8.5,2.9,3.8617647058823534,2
2024-09-22 12:15:00,2024-09-22 18:15:00,6.25,3.6,5.7,12
2024-09-22 20:00:00,2024-09-22 20:45:00,1.0,5.5,5.75,20
2024-09-23 01:00:00,2024-09-23 06:00:00,5.25,2.9,4.433333333333334,1
2024-09-23 07:30:00,2024-09-23 10:30:00,3.25,2.9,3.6846153846153844,7
2024-09-23 15:15:00,2024-09-23 18:30:00,3.5,5.4,6.242857142857141,15
2024-09-24 01:00:00,2024-09-24 05:00:00,4.25,4.2,4.870588235294118,1
2024-09-24 06:45:00,2024-09-24 07:30:00,1.0,3.6,3.825,6
2024-09-24 09:00:00,2024-09-24 10:00:00,1.25,3.6,3.8600000000000003,9
2024-09-24 15:30:00,2024-09-24 16:00:00,0.75,5.6,5.733333333333333,15
2024-09-24 17:45:00,2024-09-24 20:30:00,3.0,4.4,5.308333333333333,17
2024-09-25 04:30:00,2024-09-25 05:30:00,1.25,3.9,4.359999999999999,4
2024-09-25 07:00:00,2024-09-25 09:00:00,2.25,3.4,4.122222222222223,7
2024-09-25 12:15:00,2024-09-25 14:30:00,2.5,5.2,5.700000000000001,12
2024-09-25 16:15:00,2024-09-25 19:00:00,3.0,5.2,5.6000000000000005,16
2024-09-25 20:30:00,2024-09-25 21:45:00,1.5,4.9,5.150000000000001,20
2024-09-26 03:00:00,2024-09-26 03:45:00,1.0,4.7,4.9,3
2024-09-26 05:45:00,2024-09-26 07:30:00,2.0,4.4,4.8500000000000005,5
2024-09-26 12:30:00,2024-09-26 13:45:00,1.5,5.2,5.6000000000000005,12
2024-09-26 16:15:00,2024-09-26 17:15:00,1.25,5.7,5.92,16
2024-09-26 18:45:00,2024-09-26 20:00:00,1.5,5.7,5.883333333333334,18
2024-09-27 12:15:00,2024-09-27 12:45:00,0.75,6.6,6.733333333333333,12
2024-09-27 16:15:00,2024-09-27 17:15:00,1.25,6.0,6.7,16
2024-09-28 02:45:00,2024-09-28 03:15:00,0.75,5.8,5.866666666666667,2
2024-09-28 12:45:00,2024-09-28 14:30:00,2.0,6.1,6.975,12
2024-09-28 16:15:00,2024-09-28 18:45:00,2.75,6.1,6.745454545454546,16
2024-09-29 11:15:00,2024-09-29 15:30:00,4.5,6.9,7.272222222222222,11
2024-09-29 19:45:00,2024-09-29 23:00:00,3.5,5.8,6.75,19
2024-09-30 02:45:00,2024-09-30 05:00:00,2.5,5.4,5.92,2
2024-09-30 12:15:00,2024-09-30 14:00:00,2.0,6.3,6.625,12
2024-09-30 15:45:00,2024-09-30 17:45:00,2.25,5.2,5.855555555555556,15
2024-09-30 20:30:00,2024-10-01 07:45:00,11.5,3.9,5.173913043478261,20
2024-10-01 13:30:00,2024-10-02 02:45:00,13.5,2.8,4.453703703703704,13
2024-10-02 05:15:00,2024-10-02 06:30:00,1.5,3.9,4.1000000000000005,5
2024-10-02 08:30:00,2024-10-02 09:30:00,1.25,3.7,3.8800000000000003,8
2024-10-02 11:00:00,2024-10-02 15:00:00,4.25,3.7,5.076470588235294,11
2024-10-02 17:00:00,2024-10-02 20:30:00,3.75,4.4,5.1800000000000015,17
2024-10-02 22:30:00,2024-10-03 00:15:00,2.0,4.5,5.1875,22
2024-10-03 02:00:00,2024-10-03 08:00:00,6.25,3.1,4.396,2
2024-10-03 12:30:00,2024-10-03 15:00:00,2.75,4.9,5.209090909090909,12
2024-10-03 16:45:00,2024-10-03 18:00:00,1.5,4.7,5.016666666666667,16
2024-10-03 19:45:00,2024-10-03 20:30:00,1.0,4.6,4.75,19
2024-10-03 22:15:00,2024-10-03 22:30:00,0.5,4.8,4.9,22
2024-10-04 00:15:00,2024-10-04 01:15:00,1.25,4.4,4.62,0
2024-10-04 03:00:00,2024-10-04 05:00:00,2.25,2.7,4.011111111111111,3
2024-10-04 06:30:00,2024-10-04 08:30:00,2.25,3.1,3.5222222222222226,6
2024-10-04 22:15:00,2024-10-05 00:15:00,2.25,4.4,5.0777777777777775,22
2024-10-05 02:15:00,2024-10-05 06:30:00,4.5,2.7,4.1722222222222225,2
2024-10-05 08:00:00,2024-10-05 09:15:00,1.5,3.4,4.116666666666666,8
2024-10-05 22:45:00,2024-10-06 09:00:00,10.5,3.2,5.057142857142857,22
2024-10-06 13:30:00,2024-10-06 14:45:00,1.5,5.4,5.5,13
2024-10-06 19:15:00,2024-10-06 21:45:00,2.75,6.1,6.345454545454545,19
2024-10-07 01:00:00,2024-10-07 02:30:00,1.75,5.5,5.9,1
2024-10-07 05:15:00,2024-10-07 09:00:00,4.0,4.4,4.96875,5
2024-10-07 11:00:00,2024-10-07 11:30:00,0.75,5.9,6.133333333333333,11
2024-10-07 14:45:00,2024-10-07 15:30:00,1.0,5.8,6.25,14
2024-10-08 00:15:00,2024-10-08 01:00:00,1.0,6.1,6.324999999999999,0
2024-10-08 02:45:00,2024-10-08 09:15:00,6.75,4.2,5.355555555555556,2
2024-10-08 13:15:00,2024-10-08 14:15:00,1.25,6.6,6.720000000000001,13
2024-10-08 15:45:00,2024-10-08 16:30:00,1.0,6.3,6.375,15
2024-10-08 18:15:00,2024-10-08 18:30:00,0.5,5.5,5.6,18
2024-10-08 22:45:00,2024-10-09 00:15:00,1.75,6.0,6.185714285714285,22
2024-10-09 02:00:00,2024-10-09 02:45:00,1.0,6.1,6.199999999999999,2
2024-10-09 04:45:00,2024-10-09 08:15:00,3.75,5.5,5.906666666666666,4
2024-10-09 12:15:00,2024-10-09 14:15:00,2.25,5.9,6.58888888888889,12
2024-10-09 17:15:00,2024-10-09 18:45:00,1.75,5.9,6.542857142857144,17
2024-10-10 01:00:00,2024-10-10 01:30:00,0.75,5.7,6.0,1
2024-10-10 03:30:00,2024-10-10 04:30:00,1.25,5.7,5.9399999999999995,3
2024-10-10 08:15:00,2024-10-10 09:30:00,1.5,4.8,5.116666666666666,8
2024-10-10 17:15:00,2024-10-10 20:00:00,3.0,5.7,6.283333333333332,17
2024-10-10 21:45:00,2024-10-10 23:15:00,1.75,5.7,5.842857142857143,21
2024-10-11 05:30:00,2024-10-11 09:15:00,4.0,5.0,5.38125,5
2024-10-11 16:45:00,2024-10-11 19:30:00,3.0,6.2,7.158333333333335,16
2024-10-12 03:45:00,2024-10-12 04:15:00,0.75,5.7,5.966666666666666,3
2024-10-12 08:45:00,2024-10-12 09:30:00,1.0,5.8,5.9750000000000005,8
2024-10-12 17:00:00,2024-10-12 20:00:00,3.25,5.8,6.092307692307693,17
2024-10-13 07:15:00,2024-10-13 07:45:00,0.75,5.3,5.5,7
2024-10-13 16:45:00,2024-10-13 17:00:00,0.5,5.5,5.6,16
2024-10-14 15:00:00,2024-10-14 15:45:00,1.0,6.6,6.775,15
2024-10-14 18:45:00,2024-10-14 20:00:00,1.5,6.2,6.383333333333333,18
2024-10-15 00:00:00,2024-10-15 01:00:00,1.25,5.6,5.8,0
2024-10-15 16:00:00,2024-10-15 18:45:00,3.0,6.1,6.55,16
2024-10-15 23:45:00,2024-10-16 00:30:00,1.0,5.6,5.825,23
2024-10-16 16:00:00,2024-10-16 17:15:00,1.5,7.9,8.116666666666667,16
2024-10-17 02:00:00,2024-10-17 03:45:00,2.0,6.4,7.125,2
2024-10-17 21:15:00,2024-10-18 05:00:00,8.0,6.5,7.637499999999999,21
2024-10-18 06:30:00,2024-10-18 07:30:00,1.25,5.3,6.5,6
2024-10-18 12:30:00,2024-10-18 13:00:00,0.75,7.9,7.966666666666666,12
2024-10-19 02:15:00,2024-10-19 05:30:00,3.5,6.0,6.864285714285715,2
2024-10-19 08:00:00,2024-10-19 08:15:00,0.5,5.7,5.95,8
2024-10-19 21:15:00,2024-10-19 22:00:00,1.0,8.2,8.325,21
2024-10-19 23:45:00,2024-10-20 08:00:00,8.5,5.2,7.008823529411764,23
2024-10-20 21:15:00,2024-10-20 23:00:00,2.0,7.6,8.1125,21
2024-10-21 01:15:00,2024-10-21 01:30:00,0.5,7.1,7.3,1
2024-10-21 03:15:00,2024-10-21 08:00:00,5.0,4.7,6.165,3
2024-10-21 12:30:00,2024-10-21 13:45:00,1.5,6.5,6.983333333333333,12
2024-10-21 15:45:00,2024-10-21 16:45:00,1.25,6.9,7.159999999999999,15
2024-10-22 01:30:00,2024-10-22 04:00:00,2.75,6.6,6.945454545454544,1
2024-10-22 06:45:00,2024-10-22 09:15:00,2.75,5.1,5.818181818181818,6
2024-10-22 15:45:00,2024-10-22 16:45:00,1.25,6.9,7.139999999999999,15
2024-10-23 03:00:00,2024-10-23 03:15:00,0.5,6.4,6.75,3
2024-10-23 06:45:00,2024-10-23 09:00:00,2.5,5.6,5.86,6
2024-10-23 17:15:00,2024-10-23 18:30:00,1.5,6.9,7.083333333333332,17
2024-10-24 01:30:00,2024-10-24 01:45:00,0.5,6.3,6.4,1
2024-10-24 04:00:00,2024-10-24 04:30:00,0.75,5.9,6.2,4
2024-10-24 18:00:00,2024-10-24 19:00:00,1.25,6.9,7.119999999999999,18
2024-10-24 20:30:00,2024-10-24 21:15:00,1.0,6.6,6.725,20
2024-10-25 02:45:00,2024-10-25 03:00:00,0.5,6.3,6.55,2
2024-10-25 05:30:00,2024-10-25 11:15:00,6.0,5.7,6.2,5
2024-10-25 17:00:00,2024-10-25 18:30:00,1.75,7.0,7.3,17
2024-10-25 21:45:00,2024-10-25 23:30:00,2.0,6.0,6.262500000000001,21
2024-10-26 05:30:00,2024-10-26 07:45:00,2.5,5.3,5.6,5
2024-10-26 16:15:00,2024-10-26 16:30:00,0.5,7.7,7.800000000000001,16
2024-10-26 18:45:00,2024-10-26 19:45:00,1.25,7.0,7.359999999999999,18
2024-10-27 02:30:00,2024-10-27 03:00:00,0.75,6.1,6.233333333333333,2
2024-10-27 16:45:00,2024-10-27 17:15:00,0.75,8.0,8.166666666666666,16
2024-10-27 21:30:00,2024-10-27 22:00:00,0.75,7.0,7.133333333333333,21
2024-10-28 01:30:00,2024-10-28 07:45:00,6.5,5.5,6.207692307692307,1
2024-10-28 16:15:00,2024-10-28 17:30:00,1.5,7.6,7.783333333333332,16
2024-10-28 21:30:00,2024-10-28 22:30:00,1.25,6.6,6.9399999999999995,21
2024-10-29 02:30:00,2024-10-29 03:00:00,0.75,5.1,5.633333333333333,2
2024-10-29 04:45:00,2024-10-29 06:00:00,1.5,5.5,5.716666666666666,4
2024-10-29 16:00:00,2024-10-29 16:45:00,1.0,7.4,7.475,16
2024-10-30 00:00:00,2024-10-30 01:15:00,1.5,6.2,6.416666666666667,0
2024-10-30 03:00:00,2024-10-30 08:00:00,5.25,3.7,5.49047619047619,3
2024-10-31 03:45:00,2024-10-31 07:45:00,4.25,2.4,4.705882352941177,3
2024-11-01 04:00:00,2024-11-01 11:30:00,7.75,2.3,4.335483870967743,4
2024-11-01 20:30:00,2024-11-02 08:45:00,12.5,2.9,5.172,20
2024-11-03 00:30:00,2024-11-03 00:45:00,0.5,6.0,6.15,0
2024-11-03 02:15:00,2024-11-03 09:15:00,7.25,4.0,5.203448275862069,2
2024-11-03 11:30:00,2024-11-03 14:00:00,2.75,5.6,5.963636363636363,11
2024-11-03 15:30:00,2024-11-03 17:00:00,1.75,6.5,6.957142857142857,15
2024-11-03 19:45:00,2024-11-03 20:30:00,1.0,7.1,7.25,19
2024-11-04 05:00:00,2024-11-04 07:00:00,2.25,5.1,6.166666666666667,5
2024-11-04 11:00:00,2024-11-04 12:15:00,1.5,5.4,6.05,11
2024-11-04 19:30:00,2024-11-04 22:15:00,3.0,6.6,6.791666666666668,19
2024-11-05 03:15:00,2024-11-05 04:15:00,1.25,6.6,6.779999999999999,3
2024-11-05 05:45:00,2024-11-05 08:00:00,2.5,5.2,6.029999999999999,5
2024-11-05 15:00:00,2024-11-05 16:45:00,2.0,5.9,6.15,15
2024-11-06 01:30:00,2024-11-06 02:45:00,1.5,5.9,6.166666666666667,1
2024-11-06 05:30:00,2024-11-06 09:30:00,4.25,3.7,5.247058823529413,5
2024-11-06 12:00:00,2024-11-06 12:15:00,0.5,4.4,4.6,12
2024-11-06 15:30:00,2024-11-06 16:00:00,0.75,4.5,5.2,15
2024-11-07 04:45:00,2024-11-07 08:45:00,4.25,3.7,5.123529411764705,4
2024-11-07 12:15:00,2024-11-07 13:30:00,1.5,5.5,5.916666666666667,12
2024-11-07 15:00:00,2024-11-07 15:30:00,0.75,5.7,5.933333333333334,15
2024-11-07 17:15:00,2024-11-07 18:15:00,1.25,5.0,5.24,17
2024-11-08 00:30:00,2024-11-08 03:00:00,2.75,5.6,6.145454545454545,0
2024-11-08 06:45:00,2024-11-08 12:15:00,5.75,4.6,5.304347826086956,6
2024-11-08 14:15:00,2024-11-08 15:45:00,1.75,4.7,5.671428571428572,14
2024-11-08 22:15:00,2024-11-09 01:00:00,3.0,5.6,5.849999999999999,22
2024-11-09 07:15:00,2024-11-09 07:45:00,0.75,5.2,5.266666666666667,7
2024-11-09 15:45:00,2024-11-09 16:00:00,0.5,6.6,6.699999999999999,15
2024-11-10 12:00:00,2024-11-10 14:00:00,2.25,5.1,6.344444444444445,12
2024-11-10 17:00:00,2024-11-10 21:00:00,4.25,5.2,5.594117647058824,17
2024-11-11 10:15:00,2024-11-11 16:00:00,6.0,4.6,5.858333333333333,10
2024-11-11 22:30:00,2024-11-11 23:00:00,0.75,5.8,5.966666666666666,22
2024-11-12 01:45:00,2024-11-12 05:00:00,3.5,4.4,5.421428571428571,1
2024-11-12 08:30:00,2024-11-12 08:45:00,0.5,4.8,4.9,8
2024-11-12 14:15:00,2024-11-12 16:45:00,2.75,5.9,6.381818181818182,14
2024-11-13 02:00:00,2024-11-13 04:45:00,3.0,4.4,5.416666666666667,2
2024-11-13 07:00:00,2024-11-13 07:30:00,0.75,5.7,5.766666666666667,7
2024-11-14 00:00:00,2024-11-14 05:45:00,6.0,3.6,5.541666666666667,0
2024-11-14 08:30:00,2024-11-14 11:30:00,3.25,4.5,5.184615384615385,8
2024-11-14 14:45:00,2024-11-14 15:00:00,0.5,6.2,6.300000000000001,14
2024-11-14 18:30:00,2024-11-14 19:45:00,1.5,7.4,7.533333333333332,18
2024-11-14 21:15:00,2024-11-14 21:45:00,0.75,6.4,6.666666666666667,21
2024-11-15 00:00:00,2024-11-15 07:30:00,7.75,4.0,5.1,0
2024-11-15 09:00:00,2024-11-15 12:45:00,4.0,5.4,5.99375,9
2024-11-15 23:45:00,2024-11-16 08:15:00,8.75,4.2,5.925714285714285,23
2024-11-16 12:00:00,2024-11-16 13:00:00,1.25,6.3,6.459999999999999,12
2024-11-17 03:15:00,2024-11-17 05:45:00,2.75,5.3,6.081818181818182,3
2024-11-17 07:15:00,2024-11-17 08:00:00,1.0,4.6,4.725,7
2024-11-17 13:00:00,2024-11-17 13:45:00,1.0,5.5,5.85,13
2024-11-18 00:30:00,2024-11-18 00:45:00,0.5,6.8,6.9,0
2024-11-18 05:15:00,2024-11-18 12:00:00,7.0,4.5,5.392857142857143,5
2024-11-18 14:45:00,2024-11-18 15:30:00,1.0,6.1,6.2250000000000005,14
2024-11-19 06:30:00,2024-11-19 07:45:00,1.5,6.0,6.283333333333334,6
2024-11-19 11:00:00,2024-11-19 14:15:00,3.5,5.1,5.621428571428572,11
2024-11-20 05:15:00,2024-11-20 05:30:00,0.5,4.2,4.95,5
2024-11-20 07:30:00,2024-11-20 11:15:00,4.0,4.5,5.300000000000001,7
2024-11-20 14:15:00,2024-11-20 15:00:00,1.0,6.6,6.85,14
2024-11-20 16:30:00,2024-11-20 20:30:00,4.25,5.8,6.241176470588236,16
2024-11-21 14:30:00,2024-11-21 15:30:00,1.25,7.9,8.32,14
2024-11-22 16:00:00,2024-11-22 20:00:00,4.25,8.3,9.029411764705882,16
2024-11-23 00:15:00,2024-11-23 01:15:00,1.25,8.5,8.620000000000001,0
2024-11-23 03:00:00,2024-11-23 05:00:00,2.25,8.0,8.544444444444444,3
2024-11-23 15:00:00,2024-11-23 15:15:00,0.5,10.0,10.15,15
2024-11-23 17:00:00,2024-11-23 19:30:00,2.75,9.4,9.736363636363636,17
2024-11-24 05:45:00,2024-11-24 08:00:00,2.5,8.4,8.850000000000001,5
2024-11-25 02:15:00,2024-11-25 05:00:00,3.0,8.5,8.875000000000002,2
2024-11-25 14:45:00,2024-11-25 17:30:00,3.0,9.1,9.391666666666666,14
2024-11-25 19:45:00,2024-11-25 20:30:00,1.0,8.7,8.850000000000001,19
2024-11-26 05:45:00,2024-11-26 06:00:00,0.5,7.0,7.2,5
2024-11-26 08:00:00,2024-11-26 10:45:00,3.0,7.0,7.316666666666666,8
2024-11-26 12:45:00,2024-11-26 13:15:00,0.75,7.7,7.833333333333333,12
2024-11-27 00:15:00,2024-11-27 00:45:00,0.75,7.1,7.266666666666666,0
2024-11-27 02:15:00,2024-11-27 06:45:00,4.75,6.7,6.952631578947369,2
2024-11-27 08:15:00,2024-11-27 10:30:00,2.5,6.8,7.0200000000000005,8
2024-11-28 02:15:00,2024-11-28 02:45:00,0.75,5.8,6.233333333333333,2
2024-11-28 05:15:00,2024-11-28 07:30:00,2.5,6.5,6.840000000000001,5
2024-11-28 15:45:00,2024-11-28 16:30:00,1.0,7.8,7.95,15
2024-11-28 22:45:00,2024-11-29 02:00:00,3.5,6.6,7.135714285714285,22
2024-11-29 19:00:00,2024-11-29 20:15:00,1.5,8.2,8.416666666666666,19
2024-11-30 16:15:00,2024-11-30 16:45:00,0.75,9.2,9.366666666666665,16
2024-12-01 05:00:00,2024-12-01 05:15:00,0.5,8.6,8.75,5
2024-12-02 00:15:00,2024-12-02 00:45:00,0.75,9.0,9.066666666666666,0
2024-12-02 03:15:00,2024-12-02 03:45:00,0.75,8.7,8.9,3
2024-12-03 01:45:00,2024-12-03 05:00:00,3.5,8.4,9.007142857142856,1
2024-12-04 00:45:00,2024-12-04 02:00:00,1.5,9.3,9.483333333333334,0
2024-12-05 04:15:00,2024-12-05 12:00:00,8.0,6.9,8.54375,4
2024-12-05 21:00:00,2024-12-05 22:15:00,1.5,8.4,8.616666666666665,21
2024-12-08 12:15:00,2024-12-08 13:00:00,1.0,8.7,8.95,12
2024-12-10 02:00:00,2024-12-10 02:30:00,0.75,8.0,8.266666666666667,2
2024-12-10 07:45:00,2024-12-10 08:30:00,1.0,8.0,8.325,7
2024-12-10 22:45:00,2024-12-10 23:15:00,0.75,8.0,8.133333333333333,22
2024-12-11 02:30:00,2024-12-11 04:00:00,1.75,5.8,6.1,2
2024-12-12 13:30:00,2024-12-12 15:00:00,1.75,9.5,9.642857142857142,13
2024-12-12 23:30:00,2024-12-13 01:30:00,2.25,8.6,9.02222222222222,23
2024-12-14 03:00:00,2024-12-14 05:00:00,2.25,7.1,8.233333333333333,3
2024-12-15 00:00:00,2024-12-15 01:30:00,1.75,8.2,8.685714285714285,0
2024-12-15 03:15:00,2024-12-15 05:00:00,2.0,7.5,7.8374999999999995,3
2024-12-15 07:15:00,2024-12-15 08:30:00,1.5,7.2,7.633333333333334,7
2024-12-16 03:30:00,2024-12-16 06:45:00,3.5,6.4,7.264285714285714,3
2024-12-16 08:15:00,2024-12-16 09:45:00,1.75,6.7,6.928571428571429,8
2024-12-17 02:45:00,2024-12-17 06:00:00,3.5,6.2,7.228571428571429,2
2024-12-17 07:30:00,2024-12-17 08:15:00,1.0,5.6,5.75,7
2024-12-17 16:15:00,2024-12-17 18:15:00,2.25,7.3,7.599999999999999,16
2024-12-17 23:30:00,2024-12-18 01:30:00,2.25,7.2,7.911111111111111,23
2024-12-18 03:15:00,2024-12-18 07:30:00,4.5,5.9,6.716666666666667,3
2024-12-18 10:30:00,2024-12-18 11:30:00,1.25,6.0,6.1,10
2024-12-19 00:45:00,2024-12-19 02:00:00,1.5,6.9,7.083333333333332,0
2024-12-19 04:15:00,2024-12-19 07:30:00,3.5,5.6,6.028571428571428,4
2024-12-19 13:00:00,2024-12-19 13:45:00,1.0,7.4,7.6,13
2024-12-19 17:00:00,2024-12-19 18:00:00,1.25,7.2,7.5,17
2024-12-20 16:30:00,2024-12-20 18:45:00,2.5,7.7,8.23,16
2024-12-21 13:45:00,2024-12-21 14:45:00,1.25,8.7,8.820000000000002,13
2024-12-21 19:45:00,2024-12-21 20:00:00,0.5,8.5,8.6,19
2024-12-22 00:00:00,2024-12-22 01:00:00,1.25,8.5,8.76,0
2024-12-22 07:15:00,2024-12-22 07:45:00,0.75,8.6,8.766666666666667,7
2024-12-22 13:45:00,2024-12-22 14:00:00,0.5,9.2,9.3,13
2024-12-22 20:00:00,2024-12-22 22:30:00,2.75,9.0,9.272727272727273,20
2024-12-24 03:15:00,2024-12-24 03:30:00,0.5,9.0,9.15,3
2024-12-26 03:15:00,2024-12-26 04:00:00,1.0,8.2,8.274999999999999,3
2024-12-26 07:30:00,2024-12-26 08:00:00,0.75,7.9,8.033333333333333,7
2024-12-27 06:00:00,2024-12-27 08:00:00,2.25,6.4,6.944444444444445,6
2024-12-28 00:00:00,2024-12-28 04:45:00,5.0,7.0,7.51,0
2024-12-29 01:15:00,2024-12-29 05:15:00,4.25,5.5,6.9411764705882355,1
2024-12-29 23:45:00,2024-12-30 02:45:00,3.25,6.9,7.707692307692309,23
2024-12-30 06:00:00,2024-12-30 06:15:00,0.5,6.3,6.4,6
2024-12-31 02:30:00,2024-12-31 05:45:00,3.5,6.6,7.3500000000000005,2
2024-12-31 16:15:00,2024-12-31 16:30:00,0.5,8.2,8.3,16
2024-12-31 22:45:00,2025-01-01 04:15:00,5.75,7.0,7.656521739130435,22
2025-01-02 02:15:00,2025-01-02 04:15:00,2.25,7.3,7.933333333333333,2
2025-01-02 15:15:00,2025-01-02 17:45:00,2.75,9.2,9.918181818181818,15
2025-01-03 02:30:00,2025-01-03 05:45:00,3.5,8.1,8.492857142857144,2
2025-01-03 18:15:00,2025-01-03 18:45:00,0.75,9.2,9.266666666666667,18
2025-01-03 20:15:00,2025-01-03 21:00:00,1.0,8.9,9.049999999999999,20
2025-01-04 04:00:00,2025-01-04 06:00:00,2.25,8.1,8.377777777777778,4
2025-01-05 09:30:00,2025-01-05 10:45:00,1.5,8.5,8.65,9
2025-01-06 07:45:00,2025-01-06 08:00:00,0.5,7.9,8.15,7
2025-01-07 17:15:00,2025-01-07 19:00:00,2.0,9.9,10.125,17
2025-01-09 22:15:00,2025-01-09 23:15:00,1.25,10.5,10.559999999999999,22
2025-01-10 00:45:00,2025-01-10 01:30:00,1.0,10.1,10.25,0
2025-01-11 22:45:00,2025-01-11 23:15:00,0.75,9.8,10.0,22
2025-01-12 02:15:00,2025-01-12 04:30:00,2.5,9.5,9.85,2
2025-01-13 05:15:00,2025-01-13 05:30:00,0.5,9.1,9.2,5
2025-01-14 00:45:00,2025-01-14 01:30:00,1.0,9.8,9.95,0
2025-01-15 12:45:00,2025-01-15 15:30:00,3.0,10.1,10.258333333333331,12
2025-01-15 18:30:00,2025-01-15 19:30:00,1.25,10.0,10.08,18
2025-01-16 01:15:00,2025-01-16 06:00:00,5.0,9.5,9.745,1
2025-01-18 04:45:00,2025-01-18 05:45:00,1.25,9.0,9.14,4
2025-01-18 07:45:00,2025-01-18 09:00:00,1.5,8.2,8.5,7
2025-01-19 07:00:00,2025-01-19 07:15:00,0.5,8.0,8.1,7
2025-01-21 13:45:00,2025-01-21 14:30:00,1.0,11.0,11.225000000000001,13
2025-01-21 22:15:00,2025-01-21 22:45:00,0.75,11.8,11.933333333333332,22
2025-01-22 10:45:00,2025-01-22 12:30:00,2.0,11.4,11.9375,10
2025-01-22 20:45:00,2025-01-22 22:00:00,1.5,12.2,12.35,20
2025-01-23 22:45:00,2025-01-24 00:30:00,2.0,11.7,12.0125,22
2025-01-26 02:00:00,2025-01-26 02:15:00,0.5,10.0,10.15,2
2025-01-27 02:00:00,2025-01-27 04:00:00,2.25,9.7,9.855555555555556,2
2025-01-28 00:00:00,2025-01-28 05:30:00,5.75,6.8,8.869565217391305,0
2025-01-29 04:45:00,2025-01-29 05:00:00,0.5,8.6,8.85,4
2025-01-29 07:15:00,2025-01-29 08:45:00,1.75,8.2,8.542857142857143,7
2025-01-29 21:30:00,2025-01-29 22:15:00,1.0,10.2,10.375,21
2025-01-30 00:15:00,2025-01-30 01:45:00,1.75,9.4,9.671428571428573,0
2025-01-30 03:15:00,2025-01-30 04:15:00,1.25,9.1,9.3,3
2025-01-30 07:45:00,2025-01-30 09:00:00,1.5,7.2,7.850000000000001,7
2025-01-31 00:15:00,2025-01-31 00:30:00,0.5,9.4,9.5,0
2025-01-31 03:30:00,2025-01-31 09:45:00,6.5,6.5,8.242307692307692,3
2025-01-31 23:45:00,2025-02-01 01:45:00,2.25,8.5,8.666666666666666,23
2025-02-02 05:30:00,2025-02-02 06:45:00,1.5,8.4,8.666666666666666,5
2025-02-02 22:00:00,2025-02-02 22:45:00,1.0,9.1,9.2,22
2025-02-03 00:15:00,2025-02-03 00:30:00,0.5,8.8,8.9,0
2025-02-03 03:30:00,2025-02-03 04:30:00,1.25,8.5,8.760000000000002,3
2025-02-03 06:30:00,2025-02-03 06:45:00,0.5,8.6,8.7,6
2025-02-03 23:15:00,2025-02-04 01:00:00,2.0,8.4,8.837499999999999,23
2025-02-04 08:00:00,2025-02-04 11:00:00,3.25,8.4,8.792307692307691,8
2025-02-04 17:45:00,2025-02-04 19:00:00,1.5,9.0,9.183333333333334,17
2025-02-05 00:00:00,2025-02-05 01:45:00,2.0,7.9,8.149999999999999,0
2025-02-05 04:15:00,2025-02-05 04:45:00,0.75,7.4,7.733333333333334,4
2025-02-05 20:00:00,2025-02-05 21:00:00,1.25,8.1,8.440000000000001,20
2025-02-05 23:45:00,2025-02-06 01:45:00,2.25,7.4,7.855555555555556,23
2025-02-06 05:45:00,2025-02-06 06:00:00,0.5,7.0,7.1,5
2025-02-06 18:45:00,2025-02-06 21:00:00,2.5,7.9,8.22,18
2025-02-07 03:00:00,2025-02-07 03:15:00,0.5,6.6,6.75,3
2025-02-07 09:00:00,2025-02-07 09:15:00,0.5,6.5,6.65,9
2025-02-07 19:00:00,2025-02-07 19:45:00,1.0,8.3,8.425,19
2025-02-08 00:30:00,2025-02-08 01:30:00,1.25,6.9,7.38,0
2025-02-08 03:00:00,2025-02-08 03:15:00,0.5,6.5,6.6,3
2025-02-08 07:30:00,2025-02-08 08:45:00,1.5,5.6,5.900000000000001,7
2025-02-08 12:15:00,2025-02-08 13:15:00,1.25,7.9,8.1,12
2025-02-08 22:00:00,2025-02-09 00:15:00,2.5,6.7,7.37,22
2025-02-09 03:15:00,2025-02-09 05:00:00,2.0,5.8,6.3,3
2025-02-09 22:30:00,2025-02-09 23:30:00,1.25,7.5,7.659999999999999,22
2025-02-10 03:15:00,2025-02-10 03:45:00,0.75,6.7,6.833333333333333,3
2025-02-10 05:15:00,2025-02-10 05:30:00,0.5,6.1,6.199999999999999,5
2025-02-11 04:15:00,2025-02-11 07:30:00,3.5,5.5,6.242857142857142,4
2025-02-11 12:00:00,2025-02-11 13:15:00,1.5,7.7,8.133333333333335,12
2025-02-12 00:15:00,2025-02-12 01:45:00,1.75,6.8,7.128571428571428,0
2025-02-12 04:00:00,2025-02-12 05:45:00,2.0,5.6,6.3375,4
2025-02-12 13:00:00,2025-02-12 14:00:00,1.25,7.7,8.16,13
2025-02-13 05:15:00,2025-02-13 06:00:00,1.0,5.3,5.825,5
2025-02-13 12:15:00,2025-02-13 15:15:00,3.25,7.1,7.546153846153844,12
2025-02-13 16:45:00,2025-02-13 18:30:00,2.0,7.4,7.5875,16
2025-02-14 13:30:00,2025-02-14 15:45:00,2.5,8.6,8.919999999999998,13
2025-02-14 18:30:00,2025-02-14 21:45:00,3.5,8.1,8.442857142857143,18
2025-02-15 19:15:00,2025-02-15 20:15:00,1.25,8.2,8.4,19
2025-02-16 10:45:00,2025-02-16 14:15:00,3.75,7.7,8.126666666666667,10
2025-02-16 17:00:00,2025-02-16 17:15:00,0.5,8.6,8.75,17
2025-02-16 19:30:00,2025-02-16 20:00:00,0.75,8.0,8.299999999999999,19
2025-02-17 19:45:00,2025-02-17 20:00:00,0.5,9.4,9.5,19
2025-02-18 16:30:00,2025-02-18 17:15:00,1.0,9.5,9.575,16
2025-02-26 23:45:00,2025-02-27 02:15:00,2.75,8.1,9.200000000000001,23
2025-02-27 04:15:00,2025-02-27 05:45:00,1.75,7.1,7.771428571428571,4
2025-02-27 21:45:00,2025-02-27 22:45:00,1.25,9.1,9.16,21
2025-02-28 03:15:00,2025-02-28 03:45:00,0.75,7.9,7.966666666666666,3
2025-02-28 06:00:00,2025-02-28 06:45:00,1.0,7.0,7.65,6
2025-03-01 06:30:00,2025-03-01 08:15:00,2.0,7.5,7.9,6
2025-03-01 17:15:00,2025-03-01 18:30:00,1.5,8.9,9.233333333333334,17
2025-03-03 21:00:00,2025-03-03 23:15:00,2.5,8.2,8.52,21
2025-03-04 22:45:00,2025-03-05 01:30:00,3.0,6.5,7.349999999999999,22
2025-03-06 19:45:00,2025-03-06 20:45:00,1.25,9.9,9.98,19
2025-03-06 22:45:00,2025-03-06 23:45:00,1.25,9.2,9.4,22
2025-03-08 04:00:00,2025-03-08 05:15:00,1.5,6.8,8.116666666666667,4
2025-03-08 06:45:00,2025-03-08 07:00:00,0.5,7.7,7.800000000000001,6
2025-03-09 00:45:00,2025-03-09 01:15:00,0.75,6.8,7.6000000000000005,0
2025-03-09 02:45:00,2025-03-09 04:15:00,1.75,7.1,7.285714285714286,2
2025-03-09 22:45:00,2025-03-10 02:30:00,4.0,6.4,7.275,22
2025-03-11 01:15:00,2025-03-11 04:45:00,3.75,7.7,8.533333333333333,1
2025-03-11 06:15:00,2025-03-11 08:00:00,2.0,7.5,7.925000000000001,6
2025-03-11 16:15:00,2025-03-11 16:30:00,0.5,9.5,9.6,16
2025-03-11 23:00:00,2025-03-12 00:00:00,1.25,8.7,8.88,23
2025-03-12 03:45:00,2025-03-12 05:45:00,2.25,8.0,8.155555555555555,3
2025-03-12 17:45:00,2025-03-12 18:45:00,1.25,8.8,9.02,17
2025-03-13 00:45:00,2025-03-13 02:15:00,1.75,8.0,8.342857142857142,0
2025-03-13 16:45:00,2025-03-13 18:00:00,1.5,8.9,9.15,16
2025-03-13 23:30:00,2025-03-14 01:45:00,2.5,7.5,8.190000000000001,23
2025-03-14 03:30:00,2025-03-14 07:45:00,4.5,6.3,7.038888888888889,3
2025-03-14 18:00:00,2025-03-14 20:00:00,2.25,7.8,8.166666666666666,18
2025-03-15 07:00:00,2025-03-15 08:15:00,1.5,6.5,6.95,7
2025-03-16 01:30:00,2025-03-16 03:15:00,2.0,4.7,5.987500000000001,1
2025-03-16 05:15:00,2025-03-16 06:45:00,1.75,5.7,6.085714285714287,5
2025-03-16 13:00:00,2025-03-16 15:45:00,3.0,7.9,8.258333333333333,13
2025-03-16 17:30:00,2025-03-16 19:45:00,2.5,7.3,8.17,17
2025-03-17 13:15:00,2025-03-17 15:15:00,2.25,9.2,9.466666666666667,13
2025-03-17 18:45:00,2025-03-17 20:15:00,1.75,8.3,9.028571428571428,18
2025-03-18 06:30:00,2025-03-18 07:15:00,1.0,7.9,8.149999999999999,6
2025-03-19 18:45:00,2025-03-19 19:45:00,1.25,8.1,8.32,18
2025-03-20 01:15:00,2025-03-20 02:30:00,1.5,6.5,7.333333333333333,1
2025-03-20 06:30:00,2025-03-20 07:45:00,1.5,7.5,7.766666666666666,6
2025-03-22 19:15:00,2025-03-22 21:15:00,2.25,8.7,9.055555555555555,19
2025-03-23 00:00:00,2025-03-23 02:15:00,2.5,7.7,8.23,0
2025-03-23 18:45:00,2025-03-23 20:45:00,2.25,8.2,8.700000000000001,18
2025-03-23 23:00:00,2025-03-24 05:45:00,7.0,5.5,6.6071428571428585,23
2025-03-27 16:15:00,2025-03-27 18:00:00,2.0,8.5,8.975,16
2025-03-28 05:00:00,2025-03-28 08:00:00,3.25,5.8,6.330769230769231,5
2025-03-28 14:30:00,2025-03-28 14:45:00,0.5,8.0,8.1,14
2025-03-29 05:45:00,2025-03-29 07:15:00,1.75,5.5,6.085714285714286,5
2025-03-29 18:30:00,2025-03-29 21:00:00,2.75,5.9,7.118181818181818,18
2025-03-29 22:45:00,2025-03-30 06:30:00,8.0,6.0,6.86875,22
2025-03-30 14:45:00,2025-03-30 22:15:00,7.75,4.6,6.441935483870968,14
2025-03-31 12:45:00,2025-03-31 13:30:00,1.0,7.0,7.175000000000001,12
2025-03-31 15:00:00,2025-04-01 00:30:00,9.75,4.7,6.638461538461538,15
2025-04-01 04:00:00,2025-04-01 05:00:00,1.25,6.0,6.26,4
2025-04-01 17:15:00,2025-04-02 00:30:00,7.5,5.9,7.193333333333333,17
2025-04-02 15:45:00,2025-04-02 17:45:00,2.25,8.1,8.355555555555554,15
2025-04-02 19:15:00,2025-04-02 22:45:00,3.75,6.6,6.999999999999999,19
2025-04-03 03:00:00,2025-04-03 03:45:00,1.0,5.4,5.75,3
2025-04-03 10:30:00,2025-04-03 13:00:00,2.75,7.2,7.472727272727273,10
2025-04-03 19:15:00,2025-04-04 00:45:00,5.75,5.7,6.595652173913044,19
2025-04-04 03:15:00,2025-04-04 04:15:00,1.25,5.1,5.26,3
2025-04-04 23:15:00,2025-04-05 01:45:00,2.75,5.7,6.409090909090909,23
2025-04-05 04:30:00,2025-04-05 06:15:00,2.0,5.0,5.5375,4
2025-04-05 14:45:00,2025-04-05 15:00:00,0.5,7.6,7.699999999999999,14
2025-04-05 21:30:00,2025-04-06 03:45:00,6.5,5.6,6.334615384615385,21
2025-04-06 05:30:00,2025-04-06 06:15:00,1.0,5.7,5.95,5
2025-04-06 20:30:00,2025-04-07 02:30:00,6.25,5.5,6.388,20
2025-04-07 12:00:00,2025-04-07 12:45:00,1.0,6.3,6.45,12
2025-04-07 14:15:00,2025-04-07 16:15:00,2.25,6.8,7.21111111111111,14
2025-04-07 18:15:00,2025-04-07 19:30:00,1.5,6.7,6.833333333333333,18
2025-04-08 03:15:00,2025-04-08 03:30:00,0.5,7.2,7.300000000000001,3
2025-04-08 09:00:00,2025-04-08 11:00:00,2.25,7.0,7.2333333333333325,9
2025-04-08 14:15:00,2025-04-08 16:00:00,2.0,8.1,8.5875,14
2025-04-09 02:15:00,2025-04-09 07:00:00,5.0,7.1,7.699999999999998,2
2025-04-09 14:30:00,2025-04-09 15:30:00,1.25,10.4,10.64,14
2025-04-09 17:45:00,2025-04-09 20:15:00,2.75,9.4,9.863636363636365,17
2025-04-09 22:00:00,2025-04-09 22:45:00,1.0,8.8,9.0,22
2025-04-10 02:30:00,2025-04-10 04:00:00,1.75,8.1,8.471428571428572,2
2025-04-10 06:00:00,2025-04-10 07:45:00,2.0,7.8,7.987500000000001,6
2025-04-10 16:15:00,2025-04-10 17:45:00,1.75,9.1,9.571428571428571,16
2025-04-11 02:30:00,2025-04-11 03:00:00,0.75,6.8,7.033333333333334,2
2025-04-11 13:30:00,2025-04-11 15:00:00,1.75,8.8,9.014285714285716,13
2025-04-11 19:15:00,2025-04-11 19:45:00,0.75,7.6,7.7,19
2025-04-11 21:45:00,2025-04-11 22:30:00,1.0,7.3,7.45,21
2025-04-12 01:15:00,2025-04-12 03:15:00,2.25,7.1,7.288888888888888,1
2025-04-12 05:00:00,2025-04-12 05:45:00,1.0,6.3,6.875,5
2025-04-12 16:00:00,2025-04-12 16:15:00,0.5,9.1,9.25,16
2025-04-12 18:00:00,2025-04-12 22:00:00,4.25,7.7,8.4,18
2025-04-12 23:45:00,2025-04-13 01:45:00,2.25,7.3,7.811111111111111,23
2025-04-13 05:15:00,2025-04-13 05:30:00,0.5,6.9,7.0,5
2025-04-13 18:30:00,2025-04-13 19:45:00,1.5,8.1,8.533333333333333,18
2025-04-18 11:30:00,2025-04-18 12:15:00,1.0,7.8,8.149999999999999,11
2025-04-18 23:15:00,2025-04-19 00:00:00,1.0,7.3,7.4750000000000005,23
2025-04-19 01:30:00,2025-04-19 02:45:00,1.5,6.6,6.816666666666666,1
2025-04-19 04:15:00,2025-04-19 05:15:00,1.25,6.2,6.36,4
2025-04-19 18:15:00,2025-04-19 19:15:00,1.25,8.0,8.280000000000001,18
2025-04-19 23:30:00,2025-04-20 00:30:00,1.25,6.5,7.0200000000000005,23
2025-04-20 22:00:00,2025-04-21 02:00:00,4.25,6.1,7.0058823529411764,22
2025-04-21 03:30:00,2025-04-21 06:45:00,3.5,4.8,5.892857142857143,3
2025-04-21 16:45:00,2025-04-22 01:45:00,9.25,5.8,7.356756756756757,16
2025-04-22 03:15:00,2025-04-22 07:15:00,4.25,4.9,5.741176470588235,3
2025-04-22 18:45:00,2025-04-22 19:45:00,1.25,7.6,7.760000000000001,18
2025-04-22 21:30:00,2025-04-23 02:15:00,5.0,5.3,6.3999999999999995,21
2025-04-23 20:30:00,2025-04-23 22:00:00,1.75,6.1,6.8571428571428585,20
2025-04-23 23:45:00,2025-04-24 05:30:00,6.0,4.3,5.879166666666666,23
2025-04-24 09:15:00,2025-04-24 10:15:00,1.25,6.1,6.42,9
2025-04-24 15:15:00,2025-04-24 16:15:00,1.25,7.5,7.6800000000000015,15
2025-04-24 19:15:00,2025-04-24 23:15:00,4.25,6.5,6.96470588235294,19
2025-04-25 01:00:00,2025-04-25 01:45:00,1.0,6.1,6.449999999999999,1
2025-04-25 03:30:00,2025-04-25 06:15:00,3.0,5.2,5.6000000000000005,3
2025-04-25 13:30:00,2025-04-25 14:45:00,1.5,7.9,8.1,13
2025-04-25 18:00:00,2025-04-25 18:15:00,0.5,7.0,7.25,18
2025-04-26 00:45:00,2025-04-26 04:15:00,3.75,5.8,6.386666666666667,0
2025-04-26 11:00:00,2025-04-26 12:15:00,1.5,6.8,7.183333333333334,11
2025-04-27 02:45:00,2025-04-27 03:15:00,0.75,5.9,6.166666666666667,2
2025-04-27 16:00:00,2025-04-27 16:30:00,0.75,7.3,7.433333333333334,16
2025-04-28 12:15:00,2025-04-28 12:45:00,0.75,6.8,6.933333333333334,12
2025-04-28 17:45:00,2025-04-28 23:15:00,5.75,5.5,6.447826086956521,17
2025-04-29 01:30:00,2025-04-29 02:15:00,1.0,5.7,5.8999999999999995,1
2025-04-29 09:00:00,2025-04-29 09:30:00,0.75,6.5,6.566666666666666,9
2025-04-29 16:15:00,2025-04-29 18:15:00,2.25,6.1,7.111111111111111,16
2025-04-29 19:45:00,2025-04-29 20:30:00,1.0,5.4,5.574999999999999,19
2025-04-29 22:00:00,2025-04-30 00:00:00,2.25,5.0,5.444444444444445,22
2025-04-30 01:30:00,2025-04-30 03:15:00,2.0,5.4,5.6875,1
2025-04-30 05:00:00,2025-04-30 05:30:00,0.75,5.5,5.633333333333333,5
2025-04-30 18:00:00,2025-04-30 20:15:00,2.5,5.9,6.68,18
2025-04-30 22:00:00,2025-04-30 23:00:00,1.25,6.0,6.26,22
2025-05-01 04:15:00,2025-05-01 05:15:00,1.25,5.4,5.640000000000001,4
2025-05-01 11:30:00,2025-05-01 12:00:00,0.75,6.6,6.7,11
2025-05-01 14:15:00,2025-05-01 15:15:00,1.25,7.4,7.640000000000001,14
2025-05-01 18:00:00,2025-05-01 21:30:00,3.75,5.6,6.806666666666667,18
2025-05-01 23:00:00,2025-05-02 04:15:00,5.5,4.8,5.404545454545454,23
2025-05-13 14:45:00,2025-05-13 16:00:00,1.5,7.8,8.316666666666666,14
2025-05-13 17:30:00,2025-05-13 19:00:00,1.75,6.9,7.185714285714285,17
2025-05-14 16:00:00,2025-05-14 17:00:00,1.25,7.4,7.760000000000001,16
2025-05-14 18:45:00,2025-05-14 19:00:00,0.5,7.0,7.1,18
2025-05-15 13:00:00,2025-05-15 18:00:00,5.25,6.6,8.157142857142858,13
2025-05-15 19:30:00,2025-05-15 21:45:00,2.5,5.7,6.069999999999999,19
2025-05-16 13:45:00,2025-05-16 14:15:00,0.75,8.7,8.866666666666665,13
2025-05-16 16:00:00,2025-05-16 20:15:00,4.5,5.3,7.038888888888889,16
2025-05-17 13:45:00,2025-05-17 20:45:00,7.25,5.2,7.637931034482759,13
2025-05-17 22:30:00,2025-05-17 23:00:00,0.75,5.2,5.466666666666666,22
2025-05-18 16:45:00,2025-05-18 22:30:00,6.0,6.2,7.416666666666667,16
2025-05-19 01:45:00,2025-05-19 02:15:00,0.75,6.1,6.233333333333333,1
2025-05-19 11:00:00,2025-05-19 11:45:00,1.0,7.2,7.475,11
2025-05-19 14:30:00,2025-05-19 15:30:00,1.25,8.2,8.419999999999998,14
2025-05-19 17:00:00,2025-05-19 19:30:00,2.75,6.3,7.363636363636363,17
2025-05-19 21:00:00,2025-05-20 03:00:00,6.25,5.4,6.348,21
2025-05-20 17:00:00,2025-05-20 18:45:00,2.0,6.8,7.3125,17
2025-05-20 23:15:00,2025-05-21 01:45:00,2.75,6.0,6.454545454545454,23
2025-05-21 09:45:00,2025-05-21 12:00:00,2.5,6.4,6.74,9
2025-05-21 15:30:00,2025-05-21 20:00:00,4.75,6.4,6.98421052631579,15
2025-05-21 22:15:00,2025-05-22 01:30:00,3.5,5.8,6.271428571428572,22
2025-05-22 04:00:00,2025-05-22 05:00:00,1.25,5.2,5.42,4
2025-05-22 13:15:00,2025-05-22 17:45:00,4.75,7.2,7.863157894736841,13
2025-05-22 20:15:00,2025-05-22 21:00:00,1.0,6.5,6.875,20
2025-05-23 01:45:00,2025-05-23 02:45:00,1.25,5.9,6.159999999999999,1
2025-05-23 04:30:00,2025-05-23 04:45:00,0.5,5.8,5.9,4
2025-06-03 17:45:00,2025-06-04 01:00:00,7.5,5.3,6.61,17
2025-06-04 02:30:00,2025-06-04 03:45:00,1.5,5.8,5.933333333333333,2
2025-06-04 06:00:00,2025-06-04 07:00:00,1.25,5.7,6.1,6
2025-06-04 12:15:00,2025-06-04 13:00:00,1.0,6.7,7.1,12
2025-06-04 18:45:00,2025-06-04 20:45:00,2.25,6.5,7.300000000000001,18
2025-06-05 00:15:00,2025-06-05 00:30:00,0.5,6.2,6.4,0
2025-06-05 02:45:00,2025-06-05 03:15:00,0.75,5.5,5.8999999999999995,2
2025-06-05 04:45:00,2025-06-05 05:30:00,1.0,5.6,5.875,4
2025-06-05 16:00:00,2025-06-05 17:00:00,1.25,6.3,6.42,16
2025-06-05 19:15:00,2025-06-05 20:15:00,1.25,6.3,6.459999999999999,19
2025-06-06 07:00:00,2025-06-06 08:45:00,2.0,5.2,5.5375,7
2025-06-06 15:45:00,2025-06-06 16:45:00,1.25,6.3,6.9,15
2025-06-06 20:00:00,2025-06-06 20:15:00,0.5,6.1,6.199999999999999,20
2025-06-07 15:30:00,2025-06-07 16:45:00,1.5,6.4,7.133333333333333,15
2025-06-08 13:15:00,2025-06-08 14:45:00,1.75,6.4,6.785714285714286,13
2025-06-09 11:30:00,2025-06-09 12:15:00,1.0,7.7,7.925,11
2025-06-09 14:15:00,2025-06-09 16:30:00,2.5,7.0,7.35,14
2025-06-10 00:45:00,2025-06-10 01:30:00,1.0,6.0,6.125,0
2025-06-18 15:15:00,2025-06-18 17:15:00,2.25,7.5,7.699999999999999,15
2025-06-18 18:45:00,2025-06-18 19:15:00,0.75,6.8,6.966666666666666,18
2025-06-18 20:45:00,2025-06-19 03:00:00,6.5,5.2,5.949999999999999,20
2025-06-19 04:30:00,2025-06-19 06:00:00,1.75,4.7,5.071428571428571,4
2025-06-19 15:15:00,2025-06-19 15:30:00,0.5,6.5,6.75,15
2025-06-19 17:00:00,2025-06-19 19:45:00,3.0,5.5,6.2,17
2025-06-19 21:15:00,2025-06-19 23:30:00,2.5,4.4,5.25,21
2025-06-20 02:15:00,2025-06-20 03:15:00,1.25,4.4,4.68,2
2025-06-20 16:00:00,2025-06-20 17:45:00,2.0,6.9,7.3375,16
2025-06-20 19:15:00,2025-06-20 20:00:00,1.0,6.9,7.1,19
2025-06-20 21:30:00,2025-06-20 23:30:00,2.25,5.5,5.877777777777778,21
2025-06-21 01:00:00,2025-06-21 03:45:00,3.0,4.5,5.141666666666667,1
2025-06-21 17:15:00,2025-06-21 23:45:00,6.75,5.6,6.537037037037038,17
2025-06-22 16:30:00,2025-06-23 01:45:00,9.5,5.2,6.286842105263158,16
2025-06-23 05:15:00,2025-06-23 06:45:00,1.75,4.4,4.742857142857142,5
2025-06-23 08:15:00,2025-06-23 10:00:00,2.0,4.7,5.199999999999999,8
2025-06-23 16:00:00,2025-06-23 21:15:00,5.5,5.8,6.763636363636363,16
2025-06-23 23:15:00,2025-06-24 00:00:00,1.0,5.4,5.525,23
2025-06-24 01:30:00,2025-06-24 02:15:00,1.0,5.2,5.275,1
2025-06-24 14:45:00,2025-06-24 23:45:00,9.25,4.7,6.283783783783784,14
2025-06-25 07:15:00,2025-06-25 08:15:00,1.25,4.9,5.0200000000000005,7
2025-06-25 09:45:00,2025-06-25 10:45:00,1.25,5.6,5.84,9
2025-06-25 16:15:00,2025-06-26 03:30:00,11.5,4.4,5.754347826086956,16
2025-06-26 10:30:00,2025-06-26 12:00:00,1.75,5.8,6.242857142857143,10
2025-06-26 17:30:00,2025-06-26 21:45:00,4.5,4.1,6.199999999999999,17
2025-06-27 01:45:00,2025-06-27 04:00:00,2.5,4.5,4.92,1
2025-06-27 10:00:00,2025-06-27 12:30:00,2.75,4.9,5.254545454545455,10
2025-06-27 15:30:00,2025-06-28 03:15:00,12.0,3.1,5.34375,15
2025-06-28 07:45:00,2025-06-28 09:45:00,2.25,3.6,4.0888888888888895,7
2025-06-28 11:45:00,2025-06-28 12:30:00,1.0,3.0,4.075,11
2025-06-28 17:00:00,2025-06-29 02:15:00,9.5,2.7,4.750000000000002,17
2025-06-29 03:45:00,2025-06-29 04:00:00,0.5,3.7,3.8,3
2025-06-29 06:00:00,2025-06-29 07:00:00,1.25,3.5,3.84,6
2025-06-29 09:15:00,2025-06-29 12:15:00,3.25,3.9,4.8500000000000005,9
2025-06-29 13:45:00,2025-06-29 14:15:00,0.75,5.9,6.2,13
2025-06-29 15:45:00,2025-06-29 16:45:00,1.25,6.0,6.640000000000001,15
2025-06-29 18:15:00,2025-06-29 23:15:00,5.25,5.6,6.519047619047618,18
2025-06-30 01:00:00,2025-06-30 02:15:00,1.5,4.5,5.25,1
2025-06-30 07:15:00,2025-06-30 09:15:00,2.25,5.0,5.344444444444444,7
2025-06-30 10:45:00,2025-06-30 12:45:00,2.25,4.3,5.033333333333333,10
2025-06-30 14:30:00,2025-06-30 17:00:00,2.75,5.8,6.209090909090909,14
2025-06-30 19:15:00,2025-07-01 00:30:00,5.5,3.7,5.245454545454546,19
2025-07-01 02:00:00,2025-07-01 06:00:00,4.25,3.8,4.676470588235294,2
2025-07-01 11:30:00,2025-07-01 23:00:00,11.75,4.5,6.38723404255319,11
2025-07-02 00:45:00,2025-07-02 05:00:00,4.5,3.6,4.550000000000001,0
2025-07-02 07:30:00,2025-07-02 08:30:00,1.25,4.4,4.779999999999999,7
2025-07-02 14:30:00,2025-07-02 17:30:00,3.25,7.3,8.215384615384615,14
2025-07-02 19:45:00,2025-07-02 21:00:00,1.5,5.8,6.616666666666666,19
2025-07-02 22:30:00,2025-07-03 04:00:00,5.75,4.6,5.682608695652173,22
2025-07-03 05:30:00,2025-07-03 06:30:00,1.25,4.2,4.78,5
2025-07-03 08:00:00,2025-07-03 10:15:00,2.5,5.7,6.49,8
2025-07-03 15:30:00,2025-07-03 15:45:00,0.5,7.4,7.5,15
2025-07-03 17:15:00,2025-07-04 02:00:00,9.0,5.2,6.983333333333333,17
2025-07-04 04:30:00,2025-07-04 07:45:00,3.5,4.9,5.278571428571429,4
2025-07-04 09:30:00,2025-07-04 09:45:00,0.5,5.3,5.449999999999999,9
2025-07-04 13:45:00,2025-07-04 15:00:00,1.5,6.8,7.383333333333333,13
2025-07-04 17:00:00,2025-07-05 08:30:00,15.75,4.8,6.246031746031745,17
2025-07-05 10:15:00,2025-07-05 10:45:00,0.75,4.7,4.933333333333334,10
2025-07-05 14:15:00,2025-07-05 18:15:00,4.25,6.1,6.623529411764705,14
2025-07-05 21:45:00,2025-07-05 23:00:00,1.5,4.9,5.433333333333334,21
2025-07-06 04:00:00,2025-07-06 04:15:00,0.5,4.1,4.199999999999999,4
2025-07-06 06:30:00,2025-07-06 08:15:00,2.0,4.2,4.375,6
2025-07-06 11:15:00,2025-07-06 11:30:00,0.5,5.6,5.699999999999999,11
2025-07-06 18:45:00,2025-07-06 20:30:00,2.0,5.6,6.25,18
2025-07-06 22:45:00,2025-07-07 00:45:00,2.25,5.2,5.644444444444444,22
2025-07-07 05:45:00,2025-07-07 07:45:00,2.25,4.6,5.233333333333333,5
2025-07-07 20:00:00,2025-07-07 21:45:00,2.0,5.1,5.6125,20
2025-07-07 23:30:00,2025-07-08 01:30:00,2.25,3.7,4.555555555555555,23
2025-07-08 07:00:00,2025-07-08 07:45:00,1.0,4.4,4.525,7
2025-07-08 14:15:00,2025-07-08 16:30:00,2.5,6.4,6.94,14
2025-07-08 18:45:00,2025-07-08 19:45:00,1.25,6.1,6.42,18
2025-07-08 21:15:00,2025-07-09 04:15:00,7.25,4.1,5.33448275862069,21
2025-07-09 05:45:00,2025-07-09 08:15:00,2.75,4.7,4.945454545454545,5
2025-07-09 14:15:00,2025-07-09 17:00:00,3.0,6.3,6.683333333333334,14
2025-07-09 18:30:00,2025-07-09 22:30:00,4.25,5.0,5.452941176470588,18
2025-07-10 00:15:00,2025-07-10 02:45:00,2.75,3.9,4.745454545454546,0
2025-07-10 06:30:00,2025-07-10 09:00:00,2.75,4.5,4.836363636363636,6
2025-07-10 14:30:00,2025-07-10 16:45:00,2.5,6.1,6.760000000000001,14
2025-07-10 18:15:00,2025-07-10 22:15:00,4.25,4.2,5.158823529411765,18
2025-07-11 02:15:00,2025-07-11 06:45:00,4.75,4.4,4.836842105263159,2
2025-07-11 08:15:00,2025-07-11 08:30:00,0.5,4.4,4.65,8
2025-07-11 10:00:00,2025-07-11 11:30:00,1.75,4.1,5.328571428571428,10
2025-07-11 15:45:00,2025-07-11 16:00:00,0.5,6.9,7.050000000000001,15
2025-07-11 18:45:00,2025-07-11 23:45:00,5.25,4.0,5.690476190476192,18
2025-07-12 01:45:00,2025-07-12 06:15:00,4.75,3.9,4.831578947368422,1
2025-07-12 08:30:00,2025-07-12 10:30:00,2.25,3.4,4.222222222222222,8
2025-07-12 12:15:00,2025-07-12 14:45:00,2.75,5.2,6.336363636363637,12
2025-07-12 16:45:00,2025-07-13 05:45:00,13.25,3.5,5.3113207547169825,16
2025-07-13 16:45:00,2025-07-14 05:15:00,12.75,3.6,5.262745098039216,16
2025-07-14 07:30:00,2025-07-14 12:30:00,5.25,3.9,4.838095238095238,7
2025-07-14 19:15:00,2025-07-14 20:00:00,1.0,5.0,5.625,19
2025-08-21 13:00:00,2025-08-21 13:45:00,1.0,5.9,6.15,13
2025-08-21 15:30:00,2025-08-21 16:45:00,1.5,5.2,5.633333333333334,15
2025-08-21 19:00:00,2025-08-22 01:00:00,6.25,4.0,4.724,19
2025-08-22 07:00:00,2025-08-22 09:30:00,2.75,3.1,3.690909090909091,7
2025-08-22 14:15:00,2025-08-22 22:15:00,8.25,3.4,4.5636363636363635,14
2025-08-22 23:45:00,2025-08-23 00:00:00,0.5,3.7,3.85,23
2025-08-23 08:00:00,2025-08-23 13:30:00,5.75,2.4,3.426086956521739,8
2025-08-23 16:00:00,2025-08-24 04:00:00,12.25,4.2,5.859183673469387,16
2025-08-24 08:15:00,2025-08-24 10:30:00,2.5,2.9,3.5,8
2025-08-24 13:15:00,2025-08-24 13:30:00,0.5,4.6,4.9,13
2025-08-24 16:45:00,2025-08-25 00:30:00,8.0,4.4,5.8,16
2025-08-25 02:15:00,2025-08-25 04:15:00,2.25,4.3,4.7555555555555555,2
2025-08-25 05:45:00,2025-08-25 07:30:00,2.0,3.7,4.1875,5
2025-08-25 09:15:00,2025-08-25 13:15:00,4.25,3.9,5.364705882352941,9
2025-08-25 16:00:00,2025-08-25 23:30:00,7.75,4.1,6.225806451612903,16
2025-08-26 01:00:00,2025-08-26 06:00:00,5.25,3.5,5.066666666666666,1
2025-08-26 11:30:00,2025-08-26 14:45:00,3.5,4.8,7.271428571428571,11
2025-08-26 16:15:00,2025-08-26 18:45:00,2.75,6.4,7.790909090909093,16
2025-08-26 21:00:00,2025-08-26 23:45:00,3.0,6.1,6.633333333333333,21
2025-08-27 01:15:00,2025-08-27 02:30:00,1.5,5.5,5.866666666666667,1
2025-08-27 04:15:00,2025-08-27 04:30:00,0.5,3.5,4.4,4
2025-08-27 06:30:00,2025-08-27 09:30:00,3.25,3.0,4.769230769230769,6
2025-08-27 11:15:00,2025-08-27 12:45:00,1.75,5.4,5.971428571428571,11
2025-08-27 14:30:00,2025-08-27 17:30:00,3.25,3.8,5.630769230769231,14
2025-08-27 19:30:00,2025-08-28 05:15:00,10.0,3.0,4.88,19
2025-08-28 07:30:00,2025-08-28 18:45:00,11.5,3.3,5.5260869565217385,7
2025-08-28 20:30:00,2025-08-28 20:45:00,0.5,4.2,4.800000000000001,20
2025-08-28 22:30:00,2025-08-29 07:45:00,9.5,1.8,4.278947368421052,22
2025-08-29 12:45:00,2025-08-29 14:00:00,1.5,4.7,5.733333333333333,12
2025-08-29 15:45:00,2025-08-29 20:30:00,5.0,3.7,5.355,15
2025-08-29 23:30:00,2025-08-30 00:30:00,1.25,4.2,4.619999999999999,23
2025-08-30 02:45:00,2025-08-30 04:15:00,1.75,3.7,4.057142857142857,2
2025-08-30 10:30:00,2025-08-30 22:15:00,12.0,2.6,5.014583333333333,10
2025-08-31 01:00:00,2025-08-31 02:45:00,2.0,2.7,3.8000000000000003,1
2025-08-31 06:00:00,2025-08-31 06:45:00,1.0,3.5,3.625,6
2025-08-31 11:30:00,2025-08-31 15:30:00,4.25,4.9,6.376470588235295,11
2025-08-31 17:15:00,2025-08-31 22:45:00,5.75,5.7,6.391304347826086,17
2025-09-01 02:00:00,2025-09-01 04:15:00,2.5,4.2,4.84,2
2025-09-01 06:00:00,2025-09-01 06:15:00,0.5,3.8,3.9499999999999997,6
2025-09-01 15:00:00,2025-09-01 21:15:00,6.5,5.7,6.75,15
2025-09-02 02:45:00,2025-09-02 05:30:00,3.0,3.8,4.616666666666666,2
2025-09-02 13:30:00,2025-09-02 21:00:00,7.75,5.4,6.148387096774194,13
2025-09-03 00:00:00,2025-09-03 01:00:00,1.25,5.4,5.7,0
2025-09-03 04:30:00,2025-09-03 07:15:00,3.0,3.3,4.483333333333333,4
2025-09-03 16:15:00,2025-09-03 22:00:00,6.0,4.1,5.895833333333333,16
2025-09-04 01:45:00,2025-09-04 02:00:00,0.5,4.6,4.699999999999999,1
2025-09-04 03:45:00,2025-09-04 07:45:00,4.25,3.6,4.2,3
2025-09-04 12:30:00,2025-09-04 14:00:00,1.75,5.3,5.485714285714286,12
2025-09-04 16:15:00,2025-09-04 22:00:00,6.0,4.2,5.104166666666667,16
2025-09-04 23:30:00,2025-09-05 01:00:00,1.75,4.1,4.614285714285714,23
2025-09-05 05:15:00,2025-09-05 09:45:00,4.75,3.2,4.163157894736843,5
2025-09-05 13:45:00,2025-09-05 14:45:00,1.25,6.1,6.44,13
2025-09-05 17:15:00,2025-09-06 01:00:00,8.0,3.9,5.65625,17
2025-09-06 04:45:00,2025-09-06 06:15:00,1.75,3.9,4.285714285714286,4
2025-09-06 08:00:00,2025-09-06 10:15:00,2.5,2.7,3.5099999999999993,8
2025-09-06 15:00:00,2025-09-07 01:30:00,10.75,3.4,5.783720930232558,15
2025-09-07 03:45:00,2025-09-07 04:15:00,0.75,4.4,4.833333333333334,3
2025-09-07 08:00:00,2025-09-07 12:30:00,4.75,1.0,3.5368421052631582,8
2025-09-07 18:15:00,2025-09-08 02:45:00,8.75,4.5,5.868571428571429,18
2025-09-08 09:30:00,2025-09-08 12:30:00,3.25,3.8,5.407692307692309,9
2025-09-08 17:15:00,2025-09-09 06:15:00,13.25,4.2,6.415094339622643,17
2025-09-09 17:15:00,2025-09-09 23:15:00,6.25,6.1,7.484000000000001,17
2025-09-10 01:00:00,2025-09-10 10:45:00,10.0,3.5,5.345000000000001,1
2025-09-10 15:00:00,2025-09-10 15:45:00,1.0,5.3,5.4750000000000005,15
2025-09-10 17:15:00,2025-09-11 08:30:00,15.5,2.2,5.187096774193548,17
2025-09-11 10:15:00,2025-09-11 10:45:00,0.75,4.5,4.6000000000000005,10
2025-09-11 12:15:00,2025-09-11 12:45:00,0.75,4.8,4.966666666666666,12
2025-09-11 23:00:00,2025-09-12 00:00:00,1.25,4.5,4.9399999999999995,23
2025-09-12 03:00:00,2025-09-12 03:30:00,0.75,4.5,4.666666666666667,3
2025-09-12 05:15:00,2025-09-12 08:00:00,3.0,3.6,4.241666666666667,5
2025-09-12 10:00:00,2025-09-12 11:15:00,1.5,3.4,4.133333333333334,10
2025-09-12 17:30:00,2025-09-12 18:30:00,1.25,5.2,5.42,17
2025-09-12 20:30:00,2025-09-12 20:45:00,0.5,4.2,4.4,20
2025-09-12 23:30:00,2025-09-13 00:00:00,0.75,4.4,5.3,23
2025-09-13 02:00:00,2025-09-13 07:45:00,6.0,3.5,4.170833333333333,2
2025-09-13 11:00:00,2025-09-13 13:45:00,3.0,4.2,5.250000000000001,11
2025-09-13 16:15:00,2025-09-13 20:15:00,4.25,5.5,6.264705882352941,16
2025-09-14 01:30:00,2025-09-14 02:00:00,0.75,4.4,4.666666666666667,1
2025-09-14 07:15:00,2025-09-14 09:30:00,2.5,4.4,4.640000000000001,7
2025-09-14 17:00:00,2025-09-14 18:15:00,1.5,5.9,6.550000000000001,17
2025-09-14 19:45:00,2025-09-14 20:30:00,1.0,6.0,6.25,19
2025-09-15 02:00:00,2025-09-15 06:45:00,5.0,4.6,5.265,2
2025-09-15 08:15:00,2025-09-15 10:45:00,2.75,4.7,5.09090909090909,8
2025-09-15 16:30:00,2025-09-15 20:15:00,4.0,5.6,6.4625,16
2025-09-16 03:30:00,2025-09-16 04:45:00,1.5,4.5,5.083333333333333,3
2025-09-16 06:30:00,2025-09-16 07:45:00,1.5,4.7,4.833333333333334,6
2025-09-16 09:30:00,2025-09-16 10:00:00,0.75,4.9,5.066666666666667,9
2025-09-16 13:45:00,2025-09-16 14:00:00,0.5,6.0,6.1,13
2025-09-16 16:00:00,2025-09-17 01:00:00,9.25,5.2,6.0405405405405395,16
2025-09-17 04:15:00,2025-09-17 05:15:00,1.25,4.3,4.7,4
2025-09-17 17:30:00,2025-09-17 23:15:00,6.0,5.6,6.070833333333333,17
2025-09-18 03:30:00,2025-09-18 06:00:00,2.75,5.0,5.20909090909091,3
2025-09-18 16:15:00,2025-09-19 07:00:00,15.0,4.4,5.239999999999999,16
2025-09-19 08:45:00,2025-09-19 09:15:00,0.75,4.6,4.766666666666667,8
2025-09-19 17:30:00,2025-09-19 19:15:00,2.0,6.3,6.4750000000000005,17
2025-09-19 23:30:00,2025-09-19 23:45:00,0.5,5.0,5.35,23
2025-09-20 02:00:00,2025-09-20 03:30:00,1.75,4.9,5.371428571428572,2
2025-09-20 05:15:00,2025-09-20 06:30:00,1.5,5.1,5.266666666666667,5
2025-09-20 12:00:00,2025-09-20 12:30:00,0.75,6.0,6.266666666666667,12
2025-09-20 16:45:00,2025-09-21 04:00:00,11.5,4.5,5.82391304347826,16
2025-09-21 08:15:00,2025-09-21 14:45:00,6.75,4.6,5.5888888888888895,8
2025-09-21 16:45:00,2025-09-21 22:15:00,5.75,5.6,6.173913043478261,16
2025-09-22 00:00:00,2025-09-22 00:15:00,0.5,4.9,5.050000000000001,0
2025-09-22 02:00:00,2025-09-22 06:45:00,5.0,3.7,4.515000000000001,2
2025-09-22 10:15:00,2025-09-22 11:30:00,1.5,4.4,4.983333333333333,10
2025-09-22 21:00:00,2025-09-23 07:45:00,11.0,3.3,5.059090909090909,21
2025-09-23 15:00:00,2025-09-23 16:00:00,1.25,5.7,5.9,15
2025-09-23 18:00:00,2025-09-23 19:15:00,1.5,5.7,6.0,18
2025-09-23 20:45:00,2025-09-23 22:00:00,1.5,5.2,5.666666666666668,20
2025-09-24 01:30:00,2025-09-24 02:45:00,1.5,4.8,4.999999999999999,1
2025-09-24 04:15:00,2025-09-24 09:15:00,5.25,3.0,4.519047619047619,4
2025-09-24 13:45:00,2025-09-24 15:15:00,1.75,5.6,5.771428571428572,13
2025-09-24 20:30:00,2025-09-24 22:30:00,2.25,5.6,6.022222222222222,20
2025-09-25 00:45:00,2025-09-25 01:30:00,1.0,5.1,5.525,0
2025-09-25 03:30:00,2025-09-25 08:45:00,5.5,4.3,4.918181818181818,3
2025-09-25 13:45:00,2025-09-25 14:00:00,0.5,5.9,6.050000000000001,13
2025-09-25 15:30:00,2025-09-25 20:15:00,5.0,5.0,5.8,15
2025-09-25 23:15:00,2025-09-26 02:15:00,3.25,4.8,5.407692307692307,23
2025-09-26 06:45:00,2025-09-26 13:00:00,6.5,3.5,4.596153846153846,6
2025-09-26 14:45:00,2025-09-26 18:30:00,4.0,4.0,4.63125,14
2025-09-26 23:00:00,2025-09-26 23:15:00,0.5,5.0,5.6,23
2025-09-27 00:45:00,2025-09-27 03:15:00,2.75,3.4,4.827272727272727,0
2025-09-27 04:45:00,2025-09-27 06:30:00,2.0,3.9,4.375,4
2025-09-27 08:00:00,2025-09-27 16:15:00,8.5,3.4,5.4794117647058815,8
2025-09-27 17:45:00,2025-09-27 20:30:00,3.0,5.2,5.449999999999999,17
2025-09-27 23:15:00,2025-09-28 00:15:00,1.25,5.2,5.680000000000001,23
2025-09-28 02:00:00,2025-09-28 08:00:00,6.25,3.8,5.224,2
2025-09-28 10:15:00,2025-09-29 01:15:00,15.25,4.9,6.01639344262295,10
2025-09-29 06:45:00,2025-09-29 12:30:00,6.0,3.7,5.1499999999999995,6
2025-09-29 15:00:00,2025-09-29 23:15:00,8.5,5.0,6.011764705882352,15
2025-09-30 02:00:00,2025-09-30 02:15:00,0.5,4.9,5.1,2
2025-09-30 05:30:00,2025-09-30 06:30:00,1.25,4.5,4.7,5
2025-09-30 08:30:00,2025-09-30 10:30:00,2.25,4.7,5.0555555555555545,8
2025-09-30 15:15:00,2025-09-30 20:00:00,5.0,4.7,6.005000000000001,15
2025-09-30 23:45:00,2025-10-01 06:15:00,6.75,4.5,5.007407407407407,23
2025-10-01 15:00:00,2025-10-01 20:30:00,5.75,5.3,6.478260869565218,15
2025-10-01 22:00:00,2025-10-01 23:15:00,1.5,5.4,5.566666666666666,22
2025-10-02 04:15:00,2025-10-02 06:45:00,2.75,4.5,4.8909090909090915,4
2025-10-02 14:15:00,2025-10-02 15:30:00,1.5,6.4,6.75,14
2025-10-02 17:15:00,2025-10-02 19:15:00,2.25,6.2,6.577777777777778,17
2025-10-02 21:00:00,2025-10-03 00:00:00,3.25,5.2,5.792307692307692,21
2025-10-03 01:30:00,2025-10-03 04:30:00,3.25,5.5,5.700000000000001,1
2025-10-03 06:15:00,2025-10-03 08:00:00,2.0,5.0,5.362500000000001,6
2025-10-03 16:00:00,2025-10-03 18:00:00,2.25,5.5,6.566666666666666,16
2025-10-03 20:15:00,2025-10-04 00:15:00,4.25,5.5,6.017647058823529,20
2025-10-04 08:15:00,2025-10-04 09:00:00,1.0,5.6,5.75,8
2025-10-04 16:30:00,2025-10-04 22:15:00,6.0,5.8,6.604166666666667,16
2025-10-05 00:30:00,2025-10-05 04:00:00,3.75,5.4,5.866666666666668,0
2025-10-05 17:30:00,2025-10-05 20:45:00,3.5,5.5,6.128571428571428,17
2025-10-05 23:30:00,2025-10-06 00:30:00,1.25,5.5,5.72,23
2025-10-06 03:45:00,2025-10-06 07:15:00,3.75,4.4,5.393333333333333,3
2025-10-06 11:00:00,2025-10-06 12:45:00,2.0,5.2,5.4375,11
2025-10-06 15:45:00,2025-10-06 17:15:00,1.75,6.1,6.557142857142857,15
2025-10-06 19:45:00,2025-10-06 20:00:00,0.5,6.2,6.300000000000001,19
2025-10-06 21:45:00,2025-10-06 23:15:00,1.75,5.3,5.7,21
2025-10-07 02:30:00,2025-10-07 08:00:00,5.75,2.7,4.065217391304348,2
2025-10-08 10:00:00,2025-10-08 13:45:00,4.0,2.5,3.6875,10
2025-10-08 15:45:00,2025-10-08 17:00:00,1.5,4.0,4.466666666666666,15
2025-10-08 18:30:00,2025-10-08 19:00:00,0.75,4.5,4.566666666666666,18
2025-10-08 21:30:00,2025-10-08 21:45:00,0.5,4.5,4.8,21
2025-10-08 23:15:00,2025-10-08 23:45:00,0.75,4.4,4.566666666666667,23
2025-10-09 01:45:00,2025-10-09 05:30:00,4.0,2.9,3.9,1
2025-10-09 07:30:00,2025-10-09 07:45:00,0.5,3.7,3.8,7
2025-10-09 10:45:00,2025-10-09 14:30:00,4.0,3.7,4.262499999999999,10
2025-10-09 21:00:00,2025-10-10 04:00:00,7.25,4.5,5.548275862068965,21
2025-10-10 05:30:00,2025-10-10 08:45:00,3.5,3.4,4.321428571428571,5
2025-10-10 12:30:00,2025-10-10 18:45:00,6.5,5.8,6.411538461538462,12
2025-10-11 03:45:00,2025-10-11 09:15:00,5.75,4.0,5.073913043478261,3
2025-10-11 15:00:00,2025-10-11 17:45:00,3.0,5.6,6.283333333333332,15
2025-10-12 00:30:00,2025-10-12 00:45:00,0.5,5.8,6.0,0
2025-10-12 03:15:00,2025-10-12 04:45:00,1.75,5.4,5.6000000000000005,3
2025-10-12 06:15:00,2025-10-12 09:30:00,3.5,3.0,3.9642857142857144,6
2025-10-12 15:00:00,2025-10-12 19:45:00,5.0,4.5,4.999999999999999,15
2025-10-13 01:30:00,2025-10-13 01:45:00,0.5,4.7,5.4,1
2025-10-13 03:30:00,2025-10-13 09:30:00,6.25,2.7,3.708,3
2025-10-13 14:00:00,2025-10-13 21:00:00,7.25,2.5,4.917241379310344,14
2025-10-14 01:45:00,2025-10-14 02:30:00,1.0,5.0,5.4750000000000005,1
2025-10-14 04:30:00,2025-10-14 07:15:00,3.0,3.4,4.383333333333334,4
2025-10-14 09:30:00,2025-10-14 11:00:00,1.75,3.1,3.8285714285714287,9
2025-10-14 13:30:00,2025-10-14 20:30:00,7.25,1.7,4.586206896551724,13
2025-10-15 03:00:00,2025-10-15 06:45:00,4.0,2.2,4.012499999999999,3
2025-10-15 13:00:00,2025-10-15 21:00:00,8.25,2.3,5.012121212121213,13
2025-10-15 23:15:00,2025-10-16 01:45:00,2.75,3.6,4.072727272727272,23
2025-10-16 03:30:00,2025-10-16 04:00:00,0.75,3.7,4.2,3
2025-10-16 06:15:00,2025-10-16 07:15:00,1.25,3.1,3.72,6
2025-10-16 09:00:00,2025-10-16 11:15:00,2.5,3.7,3.9800000000000004,9
2025-10-16 13:00:00,2025-10-16 15:15:00,2.5,3.3,3.9499999999999993,13
2025-10-16 17:30:00,2025-10-16 18:15:00,1.0,3.0,3.525,17
2025-10-16 19:45:00,2025-10-17 02:00:00,6.5,0.8,1.7538461538461536,19
2025-10-17 04:15:00,2025-10-17 10:00:00,6.0,2.1,2.8249999999999997,4
2025-10-17 11:30:00,2025-10-17 11:45:00,0.5,3.1,3.25,11
2025-10-17 16:30:00,2025-10-17 20:30:00,4.25,2.8,4.482352941176471,16
2025-10-18 04:45:00,2025-10-18 09:15:00,4.75,3.6,4.21578947368421,4
2025-10-18 14:45:00,2025-10-18 18:00:00,3.5,6.0,6.571428571428571,14
2025-10-18 19:45:00,2025-10-18 21:15:00,1.75,5.3,5.857142857142856,19
2025-10-18 23:30:00,2025-10-19 02:45:00,3.5,5.2,5.785714285714286,23
2025-10-19 04:15:00,2025-10-19 05:00:00,1.0,5.1,5.6,4
2025-10-19 07:00:00,2025-10-19 12:15:00,5.5,3.6,4.845454545454546,7
2025-10-19 15:15:00,2025-10-19 19:45:00,4.75,4.9,5.657894736842105,15
2025-10-19 22:45:00,2025-10-20 07:15:00,8.75,2.5,4.577142857142857,22
2025-10-20 13:15:00,2025-10-20 13:45:00,0.75,5.4,5.666666666666667,13
2025-10-20 15:15:00,2025-10-21 01:15:00,10.25,5.4,6.036585365853658,15
2025-10-21 02:45:00,2025-10-21 05:00:00,2.5,3.8,4.7700000000000005,2
2025-10-21 06:45:00,2025-10-21 07:00:00,0.5,3.6,4.0,6
2025-10-21 10:30:00,2025-10-21 11:30:00,1.25,4.5,4.859999999999999,10
2025-10-21 13:30:00,2025-10-21 14:45:00,1.5,5.4,5.516666666666666,13
2025-10-21 16:45:00,2025-10-21 19:15:00,2.75,5.9,6.145454545454545,16
2025-10-21 21:15:00,2025-10-22 00:30:00,3.5,5.6,6.678571428571428,21
2025-10-22 02:30:00,2025-10-22 04:15:00,2.0,3.8,4.375,2
2025-10-22 05:45:00,2025-10-22 08:30:00,3.0,2.9,3.983333333333334,5
2025-10-22 12:15:00,2025-10-22 16:15:00,4.25,5.8,6.323529411764705,12
2025-10-22 22:00:00,2025-10-23 00:00:00,2.25,5.8,6.688888888888887,22
2025-10-23 02:30:00,2025-10-23 04:45:00,2.5,4.4,5.08,2
2025-10-23 06:15:00,2025-10-23 08:15:00,2.25,3.2,4.311111111111111,6
2025-10-23 21:45:00,2025-10-24 00:45:00,3.25,6.1,6.976923076923077,21
2025-10-24 03:00:00,2025-10-24 04:15:00,1.5,5.4,5.566666666666666,3
2025-10-24 06:00:00,2025-10-24 06:45:00,1.0,4.3,4.55,6
2025-10-24 08:15:00,2025-10-24 09:30:00,1.5,5.3,5.766666666666666,8
2025-10-24 13:30:00,2025-10-24 16:00:00,2.75,6.5,7.0,13
2025-10-25 01:00:00,2025-10-25 06:45:00,6.0,5.4,6.3875,1
2025-10-25 08:45:00,2025-10-25 11:30:00,3.0,3.9,5.591666666666666,8
2025-10-26 11:45:00,2025-10-26 12:45:00,1.25,5.5,5.800000000000001,11
2025-10-26 15:00:00,2025-10-26 15:45:00,1.0,6.3,6.3500000000000005,15
2025-10-26 21:45:00,2025-10-26 22:15:00,0.75,6.2,6.3,21
2025-10-27 04:30:00,2025-10-27 10:45:00,6.5,3.8,5.1923076923076925,4
2025-10-27 14:45:00,2025-10-27 16:00:00,1.5,5.5,5.633333333333334,14
2025-10-27 17:45:00,2025-10-27 18:15:00,0.75,5.0,5.166666666666667,17
2025-10-28 04:15:00,2025-10-28 11:30:00,7.5,4.5,5.329999999999999,4
2025-10-29 09:00:00,2025-10-29 12:45:00,4.0,5.9,6.3999999999999995,9
2025-10-30 22:45:00,2025-10-30 23:15:00,0.75,7.5,7.566666666666666,22
2025-10-31 06:30:00,2025-10-31 08:00:00,1.75,7.5,7.7,6
2025-10-31 15:00:00,2025-10-31 15:15:00,0.5,8.2,8.3,15
2025-10-31 20:45:00,2025-10-31 21:00:00,0.5,7.7,7.9,20
2025-10-31 22:30:00,2025-10-31 23:45:00,1.5,7.6,8.016666666666667,22
2025-11-01 17:15:00,2025-11-01 18:00:00,1.0,8.3,8.524999999999999,17
2025-11-01 20:30:00,2025-11-02 03:30:00,7.25,7.8,8.3,20
2025-11-02 05:00:00,2025-11-02 08:15:00,3.5,7.0,7.507142857142857,5
2025-11-02 09:45:00,2025-11-02 11:15:00,1.75,7.5,7.942857142857144,9
2025-11-02 14:45:00,2025-11-02 21:45:00,7.25,7.7,8.213793103448275,14
2025-11-03 00:30:00,2025-11-03 01:30:00,1.25,7.6,7.720000000000001,0
2025-11-03 21:15:00,2025-11-04 02:30:00,5.5,7.6,8.09090909090909,21
2025-11-05 03:15:00,2025-11-05 03:45:00,0.75,7.3,7.433333333333334,3
2025-11-05 05:15:00,2025-11-05 06:30:00,1.5,6.7,7.3,5
2025-11-05 08:30:00,2025-11-05 09:00:00,0.75,7.5,7.633333333333333,8
2025-11-06 00:00:00,2025-11-06 00:15:00,0.5,7.7,7.9,0
2025-11-06 02:30:00,2025-11-06 06:30:00,4.25,5.0,6.088235294117647,2
2025-11-06 08:00:00,2025-11-06 08:30:00,0.75,5.4,5.933333333333334,8
2025-11-07 04:15:00,2025-11-07 10:15:00,6.25,4.6,6.007999999999999,4
2025-11-07 13:45:00,2025-11-07 16:15:00,2.75,5.5,6.1,13
2025-11-07 22:00:00,2025-11-08 00:15:00,2.5,6.3,6.959999999999999,22
2025-11-08 01:45:00,2025-11-08 08:30:00,7.0,3.7,5.439285714285714,1
2025-11-08 22:30:00,2025-11-08 23:00:00,0.75,7.0,7.166666666666667,22
2025-11-09 00:30:00,2025-11-09 00:45:00,0.5,6.6,6.699999999999999,0
2025-11-09 02:15:00,2025-11-09 09:00:00,7.0,3.5,5.482142857142855,2
2025-11-11 18:45:00,2025-11-11 20:00:00,1.5,9.0,9.133333333333333,18
2025-11-13 00:45:00,2025-11-13 01:00:00,0.5,8.6,8.75,0
2025-11-13 03:45:00,2025-11-13 04:30:00,1.0,8.6,8.775,3
2025-11-14 00:45:00,2025-11-14 02:30:00,2.0,8.0,8.4625,0
2025-11-14 06:30:00,2025-11-14 08:15:00,2.0,7.8,8.1125,6
2025-11-14 12:45:00,2025-11-14 13:15:00,0.75,8.9,9.033333333333333,12
2025-11-15 03:45:00,2025-11-15 10:15:00,6.75,7.6,8.151851851851852,3
2025-11-16 02:30:00,2025-11-16 04:15:00,2.0,7.8,7.9875,2
2025-11-16 06:45:00,2025-11-16 07:15:00,0.75,7.2,7.3,6
2025-11-16 20:00:00,2025-11-16 20:15:00,0.5,8.0,8.1,20
2025-11-17 01:30:00,2025-11-17 07:15:00,6.0,5.7,6.837500000000001,1
2025-11-17 18:15:00,2025-11-17 20:00:00,2.0,8.9,9.45,18
2025-11-17 22:15:00,2025-11-17 23:15:00,1.25,7.5,8.52,22
2025-11-18 03:15:00,2025-11-18 08:00:00,5.0,5.8,6.55,3
2025-11-18 20:30:00,2025-11-18 22:45:00,2.5,7.0,7.75,20
2025-11-19 04:15:00,2025-11-19 08:15:00,4.25,5.3,5.811764705882353,4
2025-11-19 11:00:00,2025-11-19 11:30:00,0.75,5.9,6.099999999999999,11
2025-11-19 20:00:00,2025-11-19 22:30:00,2.75,7.0,7.427272727272728,20
2025-11-20 00:15:00,2025-11-20 08:45:00,8.75,4.1,5.642857142857143,0
2025-11-20 23:15:00,2025-11-20 23:30:00,0.5,6.5,6.65,23
2025-11-21 04:00:00,2025-11-21 07:00:00,3.25,4.4,5.238461538461539,4
2025-11-21 09:15:00,2025-11-21 10:00:00,1.0,5.4,5.8500000000000005,9
2025-11-21 11:30:00,2025-11-21 12:30:00,1.25,6.0,6.32,11
2025-11-21 14:00:00,2025-11-21 16:15:00,2.5,6.0,6.51,14
2025-11-21 22:15:00,2025-11-21 22:30:00,0.5,6.2,6.300000000000001,22
2025-11-22 00:45:00,2025-11-22 03:00:00,2.5,5.9,6.15,0
2025-11-22 05:30:00,2025-11-22 07:00:00,1.75,4.0,4.857142857142857,5
2025-11-22 23:45:00,2025-11-23 01:30:00,2.0,6.0,6.375,23
2025-11-23 04:00:00,2025-11-23 05:45:00,2.0,4.7,5.2875,4
2025-11-23 08:30:00,2025-11-23 09:30:00,1.25,5.0,5.28,8
2025-11-23 16:00:00,2025-11-23 16:45:00,1.0,6.7,6.7749999999999995,16
2025-11-24 01:15:00,2025-11-24 03:15:00,2.25,6.2,6.622222222222224,1
2025-11-24 04:45:00,2025-11-24 05:45:00,1.25,5.7,6.16,4
2025-11-24 09:15:00,2025-11-24 11:45:00,2.75,5.6,6.145454545454545,9
2025-11-24 13:15:00,2025-11-24 17:30:00,4.5,6.6,7.144444444444444,13
2025-11-24 23:45:00,2025-11-25 01:45:00,2.25,6.7,7.155555555555556,23
2025-11-25 03:15:00,2025-11-25 09:30:00,6.5,5.2,6.076923076923077,3
2025-11-25 15:30:00,2025-11-25 18:15:00,3.0,6.7,7.075,15
2025-11-26 06:45:00,2025-11-26 08:00:00,1.5,5.0,5.366666666666667,6
2025-11-26 15:45:00,2025-11-26 19:00:00,3.5,6.2,6.835714285714286,15
2025-11-27 02:15:00,2025-11-27 03:00:00,1.0,6.9,7.025,2
2025-11-27 17:00:00,2025-11-27 20:00:00,3.25,8.1,8.353846153846153,17
2025-11-28 00:30:00,2025-11-28 02:00:00,1.75,7.4,7.728571428571429,0
2025-11-28 18:00:00,2025-11-28 18:15:00,0.5,8.8,8.9,18
2025-11-29 05:30:00,2025-11-29 08:30:00,3.25,8.4,8.653846153846153,5
2025-11-30 03:00:00,2025-11-30 04:30:00,1.75,8.1,8.3,3
2025-11-30 06:45:00,2025-11-30 07:00:00,0.5,8.0,8.1,6
2025-11-30 16:45:00,2025-11-30 17:00:00,0.5,8.7,8.85,16
2025-11-30 21:00:00,2025-11-30 22:15:00,1.5,8.5,8.583333333333334,21
2025-11-30 23:45:00,2025-12-01 00:30:00,1.0,7.8,8.175,23
2025-12-01 04:45:00,2025-12-01 06:00:00,1.5,7.5,7.899999999999999,4
2025-12-01 22:00:00,2025-12-02 05:00:00,7.25,6.8,7.665517241379312,22
2025-12-02 13:15:00,2025-12-02 14:15:00,1.25,7.9,8.1,13
2025-12-03 04:45:00,2025-12-03 06:30:00,2.0,6.8,7.5375,4
2025-12-03 23:30:00,2025-12-04 03:45:00,4.5,7.7,8.46111111111111,23
2025-12-05 00:30:00,2025-12-05 06:15:00,6.0,7.0,7.791666666666667,0
2025-12-06 01:30:00,2025-12-06 07:45:00,6.5,6.7,7.538461538461537,1
2025-12-06 12:00:00,2025-12-06 13:30:00,1.75,7.7,7.828571428571428,12
2025-12-07 03:00:00,2025-12-07 04:00:00,1.25,7.6,8.040000000000003,3
2025-12-07 05:30:00,2025-12-07 08:30:00,3.25,7.0,7.384615384615385,5
2025-12-08 02:00:00,2025-12-08 04:45:00,3.0,7.0,7.949999999999999,2
2025-12-08 06:15:00,2025-12-08 07:45:00,1.75,6.8,7.285714285714286,6
2025-12-09 05:30:00,2025-12-09 07:45:00,2.5,8.4,8.5,5
2025-12-10 05:45:00,2025-12-10 06:15:00,0.75,9.0,9.133333333333333,5
2025-12-10 20:15:00,2025-12-10 20:30:00,0.5,9.2,9.3,20
2025-12-11 04:00:00,2025-12-11 04:30:00,0.75,8.6,8.833333333333334,4
2025-12-12 22:30:00,2025-12-13 00:45:00,2.5,9.0,9.57,22
2025-12-13 02:30:00,2025-12-13 04:15:00,2.0,8.7,9.2625,2
2025-12-13 06:45:00,2025-12-13 07:45:00,1.25,8.9,9.080000000000002,6
2025-12-13 20:00:00,2025-12-13 20:45:00,1.0,8.9,9.025,20
2025-12-14 06:30:00,2025-12-14 07:30:00,1.25,8.2,8.319999999999999,6
2025-12-14 12:15:00,2025-12-14 13:00:00,1.0,8.5,8.7,12
2025-12-15 11:15:00,2025-12-15 12:00:00,1.0,9.0,9.1,11
2025-12-17 03:15:00,2025-12-17 04:15:00,1.25,8.7,9.12,3
2025-12-17 23:00:00,2025-12-18 01:15:00,2.5,7.9,8.309999999999999,23
2025-12-18 02:45:00,2025-12-18 03:30:00,1.0,8.1,8.5,2
2025-12-18 06:45:00,2025-12-18 07:15:00,0.75,8.0,8.4,6
2025-12-18 09:15:00,2025-12-18 10:30:00,1.5,8.0,8.266666666666666,9
2025-12-19 02:45:00,2025-12-19 05:15:00,2.75,6.3,7.463636363636363,2
2025-12-19 06:45:00,2025-12-19 08:00:00,1.5,6.6,6.983333333333333,6
2025-12-19 14:30:00,2025-12-19 15:30:00,1.25,8.0,8.180000000000001,14
2025-12-21 01:00:00,2025-12-21 02:45:00,2.0,7.7,8.425,1
2025-12-21 09:30:00,2025-12-21 11:15:00,2.0,6.5,6.9,9
2025-12-22 00:30:00,2025-12-22 01:30:00,1.25,8.2,8.559999999999999,0
2025-12-22 04:30:00,2025-12-22 07:00:00,2.75,5.6,6.7727272727272725,4
2025-12-23 01:15:00,2025-12-23 04:00:00,3.0,6.5,7.183333333333333,1
2025-12-23 06:30:00,2025-12-23 07:30:00,1.25,6.1,6.4799999999999995,6
2025-12-23 14:00:00,2025-12-23 16:45:00,3.0,7.9,8.158333333333333,14
2025-12-24 03:00:00,2025-12-24 06:15:00,3.5,6.7,7.428571428571429,3
2025-12-24 08:45:00,2025-12-24 09:45:00,1.25,6.3,6.74,8
2025-12-25 02:30:00,2025-12-25 03:00:00,0.75,7.3,7.633333333333334,2
2025-12-26 01:30:00,2025-12-26 02:45:00,1.5,7.0,7.266666666666667,1
2025-12-26 23:30:00,2025-12-27 00:30:00,1.25,7.2,7.38,23
2025-12-27 20:00:00,2025-12-27 20:45:00,1.0,7.3,7.4,20
2025-12-29 06:00:00,2025-12-29 06:30:00,0.75,6.4,6.5,6
2025-12-29 17:45:00,2025-12-29 18:45:00,1.25,8.0,8.1,17
2025-12-30 09:45:00,2025-12-30 10:15:00,0.75,9.0,9.166666666666666,9
2026-01-02 02:15:00,2026-01-02 04:15:00,2.25,8.5,8.955555555555556,2
2026-01-03 04:45:00,2026-01-03 06:15:00,1.75,6.5,6.957142857142857,4
2026-01-03 23:00:00,2026-01-03 23:15:00,0.5,8.2,8.35,23
2026-01-04 03:00:00,2026-01-04 04:30:00,1.75,7.0,7.3,3
2026-01-04 06:00:00,2026-01-04 07:00:00,1.25,6.4,6.659999999999999,6
2026-01-04 14:45:00,2026-01-04 15:00:00,0.5,8.6,8.7,14
2026-01-05 01:30:00,2026-01-05 05:45:00,4.5,6.6,8.388888888888888,1
2026-01-05 09:15:00,2026-01-05 10:15:00,1.25,6.2,6.56,9
2026-01-06 01:00:00,2026-01-06 01:30:00,0.75,8.1,8.333333333333334,1
2026-01-06 05:15:00,2026-01-06 07:00:00,2.0,6.3,6.975,5
2026-01-06 23:15:00,2026-01-07 03:45:00,4.75,7.1,7.689473684210526,23
2026-01-07 05:30:00,2026-01-07 05:45:00,0.5,6.1,6.4,5
2026-01-07 08:00:00,2026-01-07 09:15:00,1.5,6.6,6.866666666666666,8
2026-01-07 11:30:00,2026-01-07 12:15:00,1.0,6.1,6.475,11
2026-01-07 17:00:00,2026-01-07 17:15:00,0.5,7.4,7.5,17
2026-01-08 00:30:00,2026-01-08 00:45:00,0.5,6.8,6.9,0
2026-01-08 21:15:00,2026-01-08 21:45:00,0.75,7.0,7.066666666666666,21
2026-01-09 05:30:00,2026-01-09 05:45:00,0.5,6.3,6.449999999999999,5
2026-01-12 15:00:00,2026-01-12 15:15:00,0.5,8.8,8.9,15
2026-01-12 20:00:00,2026-01-12 21:30:00,1.75,8.7,8.985714285714286,20
2026-01-13 22:15:00,2026-01-13 23:30:00,1.5,9.2,9.416666666666666,22
2026-01-14 04:45:00,2026-01-14 05:00:00,0.5,8.2,8.649999999999999,4
2026-01-14 21:45:00,2026-01-15 00:00:00,2.5,8.1,8.620000000000001,21
2026-01-16 21:30:00,2026-01-16 22:00:00,0.75,9.5,9.633333333333333,21
2026-01-17 04:30:00,2026-01-17 04:45:00,0.5,7.7,8.0,4
2026-01-17 19:15:00,2026-01-17 21:30:00,2.5,8.8,8.98,19
2026-01-20 03:15:00,2026-01-20 04:15:00,1.25,9.1,9.24,3
2026-01-22 05:45:00,2026-01-22 06:15:00,0.75,8.4,8.566666666666665,5
2026-01-22 09:00:00,2026-01-22 11:00:00,2.25,8.3,8.6,9
2026-01-23 05:15:00,2026-01-23 06:15:00,1.25,7.8,8.08,5
2026-01-23 11:45:00,2026-01-23 12:45:00,1.25,8.2,8.54,11
2026-01-23 20:45:00,2026-01-23 21:00:00,0.5,7.8,7.9,20
2026-01-25 16:15:00,2026-01-25 17:30:00,1.5,7.8,7.916666666666667,16
2026-01-30 23:45:00,2026-01-31 02:15:00,2.75,9.0,9.327272727272726,23
2026-02-03 18:30:00,2026-02-03 19:30:00,1.25,10.2,10.459999999999999,18
2026-02-03 21:00:00,2026-02-03 23:45:00,3.0,9.8,10.275,21
2026-02-04 05:00:00,2026-02-04 05:15:00,0.5,9.3,9.4,5
2026-02-04 07:00:00,2026-02-04 11:00:00,4.25,8.3,9.070588235294117,7
2026-02-04 22:45:00,2026-02-05 01:30:00,3.0,9.1,9.441666666666666,22
2026-02-05 05:45:00,2026-02-05 06:30:00,1.0,9.0,9.1,5
2026-02-05 18:15:00,2026-02-05 19:15:00,1.25,9.7,9.86,18
2026-02-06 05:15:00,2026-02-06 06:15:00,1.25,9.3,9.540000000000001,5
2026-02-06 12:30:00,2026-02-06 14:00:00,1.75,9.6,9.9,12
2026-02-06 18:30:00,2026-02-06 19:00:00,0.75,8.7,9.0,18
2026-02-08 21:15:00,2026-02-08 22:15:00,1.25,9.6,9.760000000000002,21
2026-02-09 02:00:00,2026-02-09 03:45:00,2.0,9.0,9.1,2
2026-02-09 17:30:00,2026-02-09 18:15:00,1.0,9.2,9.45,17
2026-02-10 04:00:00,2026-02-10 04:15:00,0.5,7.7,8.0,4
2026-02-10 06:30:00,2026-02-10 07:00:00,0.75,7.7,7.933333333333334,6
2026-02-10 23:00:00,2026-02-11 00:15:00,1.5,7.8,8.200000000000001,23
2026-02-11 02:30:00,2026-02-11 03:15:00,1.0,6.9,7.225,2
2026-02-11 05:00:00,2026-02-11 05:30:00,0.75,7.4,7.533333333333334,5
2026-02-11 07:00:00,2026-02-11 08:00:00,1.25,7.0,7.359999999999999,7
2026-02-11 19:15:00,2026-02-12 05:00:00,10.0,5.5,7.725,19
2026-02-12 13:15:00,2026-02-12 14:00:00,1.0,8.3,8.5,13
2026-02-12 18:00:00,2026-02-12 21:30:00,3.75,7.9,8.719999999999999,18
2026-02-13 02:30:00,2026-02-13 02:45:00,0.5,7.6,7.95,2
2026-02-13 05:30:00,2026-02-13 07:15:00,2.0,6.3,7.1875,5
2026-02-13 19:00:00,2026-02-13 19:30:00,0.75,8.7,8.8,19
2026-02-13 23:30:00,2026-02-14 07:00:00,7.75,6.7,8.14516129032258,23
2026-02-14 22:30:00,2026-02-14 23:00:00,0.75,8.2,8.3,22
2026-02-15 00:45:00,2026-02-15 03:45:00,3.25,6.3,7.561538461538462,0
2026-02-15 07:30:00,2026-02-15 08:00:00,0.75,6.9,7.0,7
2026-02-15 16:15:00,2026-02-15 21:00:00,5.0,7.7,7.965000000000001,16
2026-02-16 14:00:00,2026-02-16 15:15:00,1.5,8.4,8.733333333333333,14
2026-02-17 00:00:00,2026-02-17 02:00:00,2.25,8.3,8.422222222222222,0
2026-02-17 04:15:00,2026-02-17 05:30:00,1.5,7.8,8.049999999999999,4
2026-02-17 07:45:00,2026-02-17 09:00:00,1.5,7.4,7.6000000000000005,7
2026-02-17 21:15:00,2026-02-17 22:15:00,1.25,8.2,8.459999999999999,21
2026-02-18 03:15:00,2026-02-18 04:45:00,1.75,7.4,7.7,3
2026-02-18 06:15:00,2026-02-18 10:45:00,4.75,6.5,7.3,6
2026-02-19 00:15:00,2026-02-19 01:00:00,1.0,7.5,7.825,0
2026-02-19 05:45:00,2026-02-19 06:00:00,0.5,6.7,6.800000000000001,5
2026-02-21 19:30:00,2026-02-22 02:15:00,7.0,6.2,6.9642857142857135,19
2026-02-22 17:00:00,2026-02-22 17:30:00,0.75,8.4,8.566666666666668,17
2026-02-23 17:00:00,2026-02-23 18:00:00,1.25,9.6,9.760000000000002,17
2026-02-25 17:45:00,2026-02-25 18:45:00,1.25,9.6,9.879999999999999,17
2026-02-25 22:45:00,2026-02-26 00:45:00,2.25,7.8,8.144444444444444,22
2026-02-26 02:15:00,2026-02-26 03:45:00,1.75,7.1,7.628571428571428,2
2026-02-26 07:30:00,2026-02-26 08:45:00,1.5,7.1,7.366666666666666,7
2026-02-26 16:30:00,2026-02-26 18:15:00,2.0,9.9,10.6125,16
2026-02-26 20:30:00,2026-02-27 03:00:00,6.75,6.1,8.588888888888889,20
2026-02-27 06:30:00,2026-02-27 07:45:00,1.5,6.0,6.383333333333333,6
2026-02-27 18:15:00,2026-02-27 19:30:00,1.5,10.1,10.366666666666665,18
2026-02-28 00:00:00,2026-02-28 05:00:00,5.25,6.6,7.723809523809525,0
2026-02-28 06:45:00,2026-02-28 07:30:00,1.0,6.1,6.4,6
2026-02-28 11:15:00,2026-02-28 12:00:00,1.0,7.2,7.575,11
2026-02-28 18:30:00,2026-02-28 19:30:00,1.25,9.5,9.7,18
2026-02-28 21:45:00,2026-02-28 22:00:00,0.5,9.0,9.1,21
2026-03-01 00:30:00,2026-03-01 04:45:00,4.5,6.1,7.2333333333333325,0
2026-03-01 10:30:00,2026-03-01 11:00:00,0.75,7.2,7.266666666666667,10
2026-03-01 19:45:00,2026-03-01 20:30:00,1.0,8.0,8.149999999999999,19
2026-03-01 23:00:00,2026-03-01 23:30:00,0.75,7.5,7.766666666666667,23
2026-03-02 02:45:00,2026-03-02 04:15:00,1.75,6.3,6.685714285714285,2
2026-03-02 06:30:00,2026-03-02 08:15:00,2.0,5.7,6.0625,6
2026-03-03 02:00:00,2026-03-03 02:15:00,0.5,6.6,6.699999999999999,2
2026-03-03 06:15:00,2026-03-03 07:30:00,1.5,5.0,5.683333333333334,6
2026-03-03 09:00:00,2026-03-03 10:45:00,2.0,5.8,6.1,9
2026-03-04 03:30:00,2026-03-04 04:15:00,1.0,6.0,6.275,3
2026-03-04 06:30:00,2026-03-04 08:15:00,2.0,5.2,5.5,6
2026-03-04 22:45:00,2026-03-05 00:15:00,1.75,6.5,6.657142857142857,22
2026-03-05 07:00:00,2026-03-05 07:15:00,0.5,5.6,5.699999999999999,7
2026-03-05 19:15:00,2026-03-05 21:00:00,2.0,6.7,7.1125,19
2026-03-06 00:30:00,2026-03-06 01:45:00,1.5,6.4,6.616666666666666,0
2026-03-06 05:00:00,2026-03-06 06:15:00,1.5,5.9,6.266666666666667,5
2026-03-06 20:00:00,2026-03-06 23:00:00,3.25,6.0,6.253846153846155,20
2026-03-07 01:15:00,2026-03-07 03:30:00,2.5,5.9,6.17,1
2026-03-07 06:30:00,2026-03-07 07:00:00,0.75,5.8,5.933333333333334,6
2026-03-07 21:15:00,2026-03-07 21:30:00,0.5,6.3,6.5,21
2026-03-08 04:00:00,2026-03-08 05:45:00,2.0,5.7,5.925000000000001,4
2026-03-08 12:45:00,2026-03-08 13:45:00,1.25,6.6,6.9,12
2026-03-08 15:15:00,2026-03-08 23:45:00,8.75,5.6,6.651428571428571,15
2026-03-09 01:30:00,2026-03-09 04:30:00,3.25,5.0,5.407692307692307,1
2026-03-09 18:45:00,2026-03-09 21:00:00,2.5,6.7,7.380000000000001,18
2026-03-10 00:00:00,2026-03-10 00:15:00,0.5,5.6,5.949999999999999,0
2026-03-10 07:00:00,2026-03-10 07:15:00,0.5,5.9,6.0,7
2026-03-10 17:00:00,2026-03-10 17:45:00,1.0,7.8,7.875,17
2026-03-10 21:30:00,2026-03-10 22:30:00,1.25,6.7,6.94,21
2026-03-11 03:15:00,2026-03-11 04:15:00,1.25,5.5,5.739999999999999,3
2026-03-11 12:45:00,2026-03-11 13:45:00,1.25,7.4,7.6,12
2026-03-11 18:00:00,2026-03-11 23:30:00,5.75,5.5,6.586956521739129,18
2026-03-12 17:30:00,2026-03-12 22:45:00,5.5,7.0,7.6863636363636365,17
2026-03-13 00:15:00,2026-03-13 01:15:00,1.25,6.7,6.860000000000001,0
2026-03-13 17:00:00,2026-03-13 18:00:00,1.25,8.4,8.459999999999999,17
2026-03-13 23:00:00,2026-03-14 01:00:00,2.25,7.3,7.866666666666666,23
2026-03-14 03:15:00,2026-03-14 06:30:00,3.5,5.4,6.778571428571428,3
2026-03-15 01:00:00,2026-03-15 02:15:00,1.5,6.7,6.983333333333333,1
2026-03-15 03:45:00,2026-03-15 06:15:00,2.75,4.7,6.172727272727273,3
2026-03-15 09:45:00,2026-03-15 10:30:00,1.0,6.7,6.9,9
2026-03-15 22:45:00,2026-03-16 00:00:00,1.5,6.7,6.833333333333333,22
2026-03-16 01:30:00,2026-03-16 01:45:00,0.5,6.2,6.300000000000001,1
2026-03-16 03:30:00,2026-03-16 04:15:00,1.0,5.3,6.05,3
2026-03-16 06:00:00,2026-03-16 06:30:00,0.75,5.8,6.333333333333333,6
2026-03-17 16:45:00,2026-03-17 18:45:00,2.25,8.6,9.100000000000001,16
2026-03-18 19:00:00,2026-03-18 20:15:00,1.5,9.0,9.183333333333332,19
2026-03-20 01:00:00,2026-03-20 01:15:00,0.5,8.5,8.6,1
2026-03-20 03:30:00,2026-03-20 04:15:00,1.0,8.3,8.475000000000001,3
2026-03-20 17:30:00,2026-03-20 18:00:00,0.75,8.5,8.666666666666666,17
2026-03-20 23:30:00,2026-03-20 23:45:00,0.5,8.0,8.1,23
2026-03-21 02:30:00,2026-03-21 02:45:00,0.5,7.7,7.85,2
2026-03-21 05:45:00,2026-03-21 06:45:00,1.25,7.3,7.6,5
2026-03-22 20:15:00,2026-03-22 20:30:00,0.5,6.9,7.050000000000001,20
2026-03-23 14:45:00,2026-03-23 15:45:00,1.25,8.8,8.959999999999999,14
2026-03-23 17:30:00,2026-03-23 19:15:00,2.0,6.3,7.7250000000000005,17
2026-03-23 21:00:00,2026-03-24 02:00:00,5.25,4.8,6.61904761904762,21
2026-03-24 14:45:00,2026-03-24 15:30:00,1.0,8.8,9.2,14
2026-03-24 17:45:00,2026-03-25 04:15:00,10.75,5.4,6.993023255813953,17
2026-03-25 21:00:00,2026-03-25 22:00:00,1.25,6.2,6.62,21
2026-03-26 00:00:00,2026-03-26 04:30:00,4.75,4.8,5.542105263157895,0
2026-03-26 20:45:00,2026-03-26 22:30:00,2.0,6.3,7.025,20
2026-03-27 00:00:00,2026-03-27 07:30:00,7.75,4.1,4.870967741935484,0
2026-03-27 19:15:00,2026-03-27 23:45:00,4.75,6.0,6.7894736842105265,19
2026-03-28 01:30:00,2026-03-28 03:45:00,2.5,3.3,4.91,1
2026-03-28 08:15:00,2026-03-28 09:30:00,1.5,6.5,6.783333333333332,8
2026-03-29 02:30:00,2026-03-29 03:15:00,1.0,5.7,6.575,2
2026-03-29 06:30:00,2026-03-29 07:30:00,1.25,6.7,6.82,6
2026-03-30 03:00:00,2026-03-30 07:00:00,4.25,5.6,6.152941176470588,3
2026-03-30 10:15:00,2026-03-30 11:30:00,1.5,6.3,6.7,10
2026-03-31 00:30:00,2026-03-31 01:30:00,1.25,6.9,7.06,0
2026-03-31 06:15:00,2026-03-31 07:30:00,1.5,4.4,5.083333333333333,6
2026-03-31 09:30:00,2026-03-31 11:15:00,2.0,5.1,5.8374999999999995,9
2026-03-31 16:00:00,2026-03-31 16:30:00,0.75,7.7,7.8,16
2026-04-01 02:15:00,2026-04-01 05:45:00,3.75,5.5,6.380000000000001,2
2026-04-01 17:15:00,2026-04-01 21:15:00,4.25,6.4,6.782352941176471,17
2026-04-02 03:15:00,2026-04-02 04:00:00,1.0,6.0,6.15,3
2026-04-02 18:00:00,2026-04-02 20:15:00,2.5,5.8,6.409999999999999,18
2026-04-02 23:15:00,2026-04-03 01:45:00,2.75,6.4,6.618181818181819,23
2026-04-03 04:00:00,2026-04-03 05:45:00,2.0,5.9,6.125,4
2026-04-03 15:00:00,2026-04-03 16:45:00,2.0,7.6,7.949999999999999,15
2026-04-03 18:15:00,2026-04-03 23:00:00,5.0,5.6,6.62,18
2026-04-04 20:15:00,2026-04-04 22:00:00,2.0,5.9,6.4625,20
2026-04-05 06:30:00,2026-04-05 06:45:00,0.5,5.8,5.9,6
2026-04-05 12:30:00,2026-04-05 14:00:00,1.75,5.9,6.557142857142857,12
2026-04-05 17:00:00,2026-04-05 19:00:00,2.25,6.0,6.433333333333334,17
2026-04-05 20:45:00,2026-04-05 21:30:00,1.0,5.8,6.0,20
2026-04-06 22:15:00,2026-04-06 22:45:00,0.75,7.2,7.333333333333333,22
2026-04-07 20:15:00,2026-04-07 20:45:00,0.75,8.2,8.433333333333334,20
2026-04-07 22:30:00,2026-04-07 23:45:00,1.5,7.7,7.900000000000001,22
2026-04-08 01:45:00,2026-04-08 02:15:00,0.75,7.2,7.433333333333334,1
2026-04-08 19:15:00,2026-04-08 22:45:00,3.75,5.6,7.339999999999999,19
2026-04-09 03:45:00,2026-04-09 06:45:00,3.25,6.5,6.9,3
2026-04-09 19:45:00,2026-04-09 20:15:00,0.75,6.9,7.066666666666667,19
2026-04-09 22:45:00,2026-04-10 01:00:00,2.5,5.9,6.33,22
2026-04-10 02:45:00,2026-04-10 04:30:00,2.0,6.0,6.225,2
2026-04-10 06:30:00,2026-04-10 06:45:00,0.5,5.3,5.5,6
2026-04-10 21:00:00,2026-04-11 04:00:00,7.25,4.3,5.982758620689655,21
2026-04-11 09:30:00,2026-04-11 09:45:00,0.5,6.1,6.199999999999999,9
2026-04-11 23:15:00,2026-04-11 23:30:00,0.5,6.2,6.4,23
2026-04-12 01:30:00,2026-04-12 06:15:00,5.0,3.9,5.615000000000001,1
2026-04-12 09:00:00,2026-04-12 10:15:00,1.5,5.7,6.300000000000001,9
2026-04-12 19:00:00,2026-04-12 20:30:00,1.75,6.5,6.8428571428571425,19
2026-04-12 23:45:00,2026-04-13 00:30:00,1.0,6.3,6.5,23
2026-04-13 02:15:00,2026-04-13 04:30:00,2.5,5.7,6.05,2
2026-04-13 06:00:00,2026-04-13 07:00:00,1.25,5.4,5.76,6
2026-04-13 08:30:00,2026-04-13 09:00:00,0.75,5.8,6.066666666666666,8
2026-04-13 17:15:00,2026-04-13 19:15:00,2.25,6.8,7.133333333333334,17
2026-04-13 21:00:00,2026-04-13 21:15:00,0.5,6.6,6.699999999999999,21
2026-04-14 01:30:00,2026-04-14 01:45:00,0.5,6.2,6.300000000000001,1
2026-04-14 03:15:00,2026-04-14 04:00:00,1.0,5.5,5.8999999999999995,3
2026-04-14 05:30:00,2026-04-14 05:45:00,0.5,5.5,5.6,5
2026-04-14 20:45:00,2026-04-14 23:15:00,2.75,6.6,6.909090909090909,20
2026-04-15 03:30:00,2026-04-15 03:45:00,0.5,5.5,5.85,3
2026-04-15 05:30:00,2026-04-15 07:00:00,1.75,4.9,5.499999999999999,5
2026-04-15 16:15:00,2026-04-15 17:45:00,1.75,6.7,7.085714285714286,16
2026-04-15 19:15:00,2026-04-15 20:30:00,1.5,6.5,6.716666666666666,19
2026-04-15 23:30:00,2026-04-16 02:45:00,3.5,6.0,6.3,23
2026-04-17 14:45:00,2026-04-17 15:00:00,0.5,7.0,7.1,14
2026-04-17 16:30:00,2026-04-17 21:30:00,5.25,6.2,6.814285714285714,16
2026-04-18 12:30:00,2026-04-18 18:45:00,6.5,6.1,6.984615384615386,12
2026-04-19 12:45:00,2026-04-19 14:00:00,1.5,7.3,7.6000000000000005,12
2026-04-19 20:15:00,2026-04-19 21:15:00,1.25,7.6,7.74,20
2026-04-20 17:00:00,2026-04-20 20:30:00,3.75,7.8,8.666666666666666,17
2026-04-20 23:15:00,2026-04-21 00:45:00,1.75,5.6,7.185714285714285,23
2026-04-21 17:45:00,2026-04-21 20:45:00,3.25,7.5,8.33846153846154,17
2026-04-21 23:45:00,2026-04-22 01:45:00,2.25,5.7,6.577777777777778,23
2026-04-22 20:15:00,2026-04-22 22:15:00,2.25,6.8,7.211111111111112,20
2026-04-23 01:30:00,2026-04-23 05:00:00,3.75,5.7,6.280000000000001,1
2026-04-23 21:00:00,2026-04-23 23:00:00,2.25,4.7,6.633333333333334,21
2026-04-24 02:30:00,2026-04-24 07:00:00,4.75,3.5,5.105263157894736,2
2026-04-24 23:15:00,2026-04-25 07:15:00,8.25,3.9,5.336363636363636,23
2026-04-25 17:00:00,2026-04-25 22:45:00,6.0,6.3,6.658333333333334,17
2026-04-26 02:00:00,2026-04-26 08:00:00,6.25,2.3,5.044,2
2026-04-26 19:00:00,2026-04-26 21:45:00,3.0,5.1,6.449999999999999,19
2026-04-27 01:15:00,2026-04-27 09:15:00,8.25,3.4,4.83939393939394,1
2026-04-27 17:15:00,2026-04-27 18:30:00,1.5,7.0,7.133333333333333,17
2026-04-27 21:45:00,2026-04-27 23:00:00,1.5,6.3,6.566666666666666,21
2026-04-28 04:30:00,2026-04-28 07:00:00,2.75,4.7,5.136363636363637,4
2026-04-28 16:45:00,2026-04-28 17:45:00,1.25,6.8,7.139999999999999,16
2026-04-28 22:15:00,2026-04-28 23:15:00,1.25,6.2,6.380000000000001,22
2026-04-29 13:30:00,2026-04-29 16:00:00,2.75,6.8,7.263636363636363,13
2026-04-29 18:00:00,2026-04-29 19:15:00,1.5,6.4,6.716666666666666,18
2026-04-29 21:30:00,2026-04-30 00:30:00,3.25,5.4,5.907692307692307,21
2026-04-30 04:45:00,2026-04-30 05:30:00,1.0,5.4,5.549999999999999,4
2026-04-30 08:15:00,2026-04-30 08:45:00,0.75,5.7,5.766666666666667,8
2026-04-30 10:15:00,2026-04-30 14:30:00,4.5,5.5,6.238888888888888,10
2026-04-30 17:00:00,2026-04-30 19:45:00,3.0,5.2,6.141666666666667,17
2026-04-30 21:15:00,2026-04-30 23:00:00,2.0,5.1,5.525,21
2026-05-01 02:15:00,2026-05-01 03:00:00,1.0,5.0,5.325,2
2026-05-01 09:00:00,2026-05-01 10:15:00,1.5,5.6,5.949999999999999,9
2026-05-01 13:30:00,2026-05-01 16:00:00,2.75,6.1,6.390909090909091,13
2026-05-01 18:15:00,2026-05-01 18:30:00,0.5,6.0,6.1,18
2026-05-02 16:15:00,2026-05-02 21:00:00,5.0,7.1,7.9399999999999995,16
2026-05-02 23:30:00,2026-05-03 00:15:00,1.0,6.5,6.875,23
2026-05-03 03:30:00,2026-05-03 04:15:00,1.0,6.4,6.875,3
2026-05-03 05:45:00,2026-05-03 06:15:00,0.75,6.5,6.8999999999999995,5
2026-05-03 17:45:00,2026-05-03 19:15:00,1.75,8.3,8.585714285714287,17
2026-05-03 21:15:00,2026-05-04 00:00:00,3.0,7.5,7.858333333333333,21
2026-05-04 01:45:00,2026-05-04 03:00:00,1.5,7.4,7.616666666666667,1
2026-05-04 04:30:00,2026-05-04 04:45:00,0.5,7.0,7.1,4
2026-05-04 18:00:00,2026-05-04 18:30:00,0.75,7.9,8.033333333333333,18
2026-05-04 20:30:00,2026-05-05 01:45:00,5.5,6.1,6.9363636363636365,20
2026-05-05 11:00:00,2026-05-05 13:15:00,2.5,7.8,8.360000000000001,11
2026-05-05 19:30:00,2026-05-06 03:30:00,8.25,5.4,6.506060606060607,19
2026-05-06 16:30:00,2026-05-06 23:30:00,7.25,5.0,6.789655172413793,16
2026-05-07 13:45:00,2026-05-07 14:45:00,1.25,6.9,7.08,13
2026-05-07 16:45:00,2026-05-08 00:45:00,8.25,5.5,6.8969696969696965,16
2026-05-08 06:30:00,2026-05-08 06:45:00,0.5,5.4,5.550000000000001,6
2026-05-08 14:30:00,2026-05-08 14:45:00,0.5,6.8,6.9,14
2026-05-08 18:00:00,2026-05-08 21:30:00,3.75,5.0,5.993333333333334,18
2026-05-08 23:15:00,2026-05-09 01:15:00,2.25,5.2,6.0,23
2026-05-09 02:45:00,2026-05-09 04:00:00,1.5,5.4,5.6499999999999995,2
2026-05-09 11:15:00,2026-05-09 12:45:00,1.75,6.4,6.585714285714286,11
2026-05-09 19:45:00,2026-05-10 00:45:00,5.25,5.1,5.871428571428571,19
2026-05-10 02:15:00,2026-05-10 03:15:00,1.25,5.0,5.26,2
2026-05-10 18:00:00,2026-05-10 22:00:00,4.25,7.0,7.717647058823529,18
2026-05-10 23:30:00,2026-05-11 09:15:00,10.0,5.3,6.4425,23
2026-05-11 18:15:00,2026-05-11 19:00:00,1.0,7.2,7.575,18
2026-05-11 23:15:00,2026-05-12 05:15:00,6.25,6.0,6.56,23
2026-05-12 12:45:00,2026-05-12 13:30:00,1.0,7.0,7.175,12
2026-05-12 23:45:00,2026-05-13 05:15:00,5.75,4.9,5.77391304347826,23
2026-05-13 14:15:00,2026-05-13 15:00:00,1.0,7.6,7.975,14
2026-05-13 19:15:00,2026-05-14 02:30:00,7.5,6.0,6.856666666666667,19
2026-05-14 16:30:00,2026-05-14 19:30:00,3.25,7.7,8.161538461538463,16
2026-05-14 23:00:00,2026-05-15 00:30:00,1.75,6.2,6.657142857142858,23
2026-05-15 02:15:00,2026-05-15 03:00:00,1.0,6.4,6.625,2
2026-05-15 17:30:00,2026-05-15 20:00:00,2.75,6.4,7.236363636363637,17
2026-05-15 21:45:00,2026-05-15 22:30:00,1.0,6.1,6.6,21
2026-05-16 18:00:00,2026-05-16 22:15:00,4.5,6.0,6.716666666666667,18
2026-05-17 15:45:00,2026-05-17 18:45:00,3.25,5.4,6.3076923076923075,15
2026-05-17 21:00:00,2026-05-17 22:45:00,2.0,4.6,4.85,21
2026-05-18 01:45:00,2026-05-18 03:45:00,2.25,5.3,5.544444444444444,1
2026-05-18 18:00:00,2026-05-18 19:00:00,1.25,5.9,6.360000000000001,18
2026-05-18 20:45:00,2026-05-18 22:15:00,1.75,5.3,5.571428571428571,20
2026-05-19 00:00:00,2026-05-19 04:45:00,5.0,5.2,5.450000000000001,0
2026-05-19 17:45:00,2026-05-19 22:30:00,5.0,4.6,5.765,17
2026-05-20 01:00:00,2026-05-20 02:45:00,2.0,4.6,4.9375,1
2026-05-20 18:00:00,2026-05-20 21:30:00,3.75,4.4,5.8933333333333335,18
2026-05-20 23:00:00,2026-05-20 23:15:00,0.5,3.6,3.7,23
2026-05-21 00:45:00,2026-05-21 03:30:00,3.0,3.5,4.433333333333333,0
2026-05-21 19:00:00,2026-05-21 23:00:00,4.25,4.3,5.605882352941176,19
2026-05-22 01:30:00,2026-05-22 02:30:00,1.25,4.0,4.739999999999999,1
2026-05-22 11:30:00,2026-05-22 12:15:00,1.0,6.5,6.675,11
2026-05-22 16:15:00,2026-05-23 06:15:00,14.25,3.6,5.771929824561404,16
2026-05-23 18:00:00,2026-05-23 18:45:00,1.0,5.4,6.775,18
2026-05-23 20:15:00,2026-05-23 21:30:00,1.5,6.1,6.383333333333333,20
2026-05-24 00:45:00,2026-05-24 07:00:00,6.5,3.8,5.365384615384615,0
2026-05-24 13:30:00,2026-05-24 13:45:00,0.5,6.2,6.4,13
2026-05-24 16:15:00,2026-05-24 19:15:00,3.25,6.7,7.407692307692307,16
2026-05-24 21:30:00,2026-05-25 01:45:00,4.5,5.8,6.372222222222222,21
2026-05-25 04:00:00,2026-05-25 05:30:00,1.75,5.5,5.971428571428572,4
2026-05-25 13:15:00,2026-05-25 21:30:00,8.5,4.0,5.6117647058823525,13
2026-05-26 13:00:00,2026-05-26 15:00:00,2.25,6.8,7.0,13
2026-05-26 16:30:00,2026-05-26 19:45:00,3.5,6.2,6.742857142857143,16
2026-05-26 21:15:00,2026-05-26 22:30:00,1.5,5.9,6.116666666666666,21
2026-05-27 05:30:00,2026-05-27 05:45:00,0.5,5.7,5.9,5
2026-05-27 17:45:00,2026-05-27 21:45:00,4.25,5.5,6.188235294117646,17
2026-05-28 00:00:00,2026-05-28 00:45:00,1.0,5.6,5.875,0
2026-05-28 14:15:00,2026-05-28 16:45:00,2.75,5.3,5.890909090909091,14
2026-05-28 18:30:00,2026-05-28 20:15:00,2.0,4.9,5.0875,18
2026-05-29 07:30:00,2026-05-29 07:45:00,0.5,5.0,5.1,7
2026-05-29 09:15:00,2026-05-29 10:45:00,1.75,5.1,5.285714285714286,9
2026-05-29 12:30:00,2026-05-29 13:30:00,1.25,5.4,5.96,12
2026-05-29 16:00:00,2026-05-29 16:45:00,1.0,6.5,6.6,16
2026-05-29 18:45:00,2026-05-29 20:30:00,2.0,5.4,5.887499999999999,18
2026-05-30 00:00:00,2026-05-30 00:30:00,0.75,4.8,5.166666666666667,0
2026-05-30 08:30:00,2026-05-30 08:45:00,0.5,5.8,5.9,8
2026-05-30 15:00:00,2026-05-30 15:30:00,0.75,6.3,6.800000000000001,15
2026-05-30 17:00:00,2026-05-30 19:00:00,2.25,6.1,6.6,17
2026-05-31 08:00:00,2026-05-31 11:15:00,3.5,5.4,5.978571428571428,8
2026-05-31 14:00:00,2026-05-31 17:45:00,4.0,6.2,6.65625,14
2026-05-31 19:30:00,2026-05-31 20:30:00,1.25,5.4,5.660000000000001,19
2026-05-31 22:00:00,2026-05-31 23:45:00,2.0,5.3,5.925,22
2026-06-01 15:15:00,2026-06-01 19:15:00,4.25,5.5,6.694117647058824,15
2026-06-01 21:30:00,2026-06-02 02:15:00,5.0,5.0,5.6450000000000005,21
2026-06-02 07:30:00,2026-06-02 07:45:00,0.5,5.5,5.65,7
2026-06-02 10:45:00,2026-06-02 12:30:00,2.0,6.1,6.5625,10
2026-06-02 16:15:00,2026-06-02 17:45:00,1.75,5.9,6.771428571428571,16
2026-06-02 19:45:00,2026-06-02 22:45:00,3.25,4.8,5.807692307692307,19
2026-06-03 03:45:00,2026-06-03 05:15:00,1.75,4.9,5.028571428571428,3
2026-06-03 18:45:00,2026-06-03 21:00:00,2.5,5.9,6.24,18
2026-06-23 21:00:00,2026-06-23 23:00:00,2.25,5.7,6.0888888888888895,21
2026-06-24 02:00:00,2026-06-24 02:15:00,0.5,5.5,5.7,2
2026-06-24 04:45:00,2026-06-24 09:00:00,4.5,4.9,5.705555555555556,4
2026-06-24 15:30:00,2026-06-24 18:00:00,2.75,6.5,7.045454545454546,15
2026-06-24 20:15:00,2026-06-24 20:30:00,0.5,6.0,6.15,20
2026-06-25 04:00:00,2026-06-25 07:00:00,3.25,4.4,5.423076923076923,4
2026-06-25 16:45:00,2026-06-25 23:00:00,6.5,5.7,7.234615384615385,16
2026-06-26 04:45:00,2026-06-26 06:15:00,1.75,5.2,5.628571428571429,4
2026-06-26 17:00:00,2026-06-26 23:45:00,7.0,5.7,7.003571428571428,17
2026-06-27 04:15:00,2026-06-27 06:30:00,2.5,5.8,6.12,4
2026-06-27 13:15:00,2026-06-27 19:00:00,6.0,6.6,7.583333333333333,13
2026-06-28 00:45:00,2026-06-28 02:00:00,1.5,6.0,6.233333333333334,0
2026-06-28 05:00:00,2026-06-28 07:45:00,3.0,5.5,6.166666666666667,5
2026-06-28 13:45:00,2026-06-28 15:15:00,1.75,6.5,7.242857142857143,13
2026-06-28 18:30:00,2026-06-28 20:30:00,2.25,6.5,6.866666666666666,18
2026-06-28 22:15:00,2026-06-28 23:45:00,1.75,5.7,6.3428571428571425,22
2026-06-29 01:45:00,2026-06-29 11:00:00,9.5,5.0,5.899999999999999,1
2026-06-29 13:45:00,2026-06-29 17:15:00,3.75,6.8,7.346666666666665,13
2026-06-29 19:00:00,2026-06-30 01:45:00,7.0,5.7,6.2107142857142845,19
2026-06-30 03:30:00,2026-06-30 04:00:00,0.75,5.2,5.333333333333333,3
2026-06-30 05:45:00,2026-06-30 13:45:00,8.25,1.9,3.636363636363636,5
2026-06-30 15:15:00,2026-06-30 22:30:00,7.5,5.4,6.6433333333333335,15
2026-07-01 00:15:00,2026-07-01 02:45:00,2.75,4.8,5.118181818181818,0
2026-07-01 04:15:00,2026-07-01 07:15:00,3.25,2.8,4.292307692307692,4
2026-07-01 18:00:00,2026-07-02 02:15:00,8.5,5.0,6.361764705882353,18
2026-07-02 07:15:00,2026-07-02 08:15:00,1.25,3.9,4.38,7
2026-07-02 13:00:00,2026-07-02 13:15:00,0.5,6.2,6.5,13
2026-07-02 17:30:00,2026-07-02 22:15:00,5.0,5.2,6.3100000000000005,17
2026-07-03 00:00:00,2026-07-03 01:30:00,1.75,4.9,5.3999999999999995,0
2026-07-03 04:00:00,2026-07-03 04:45:00,1.0,4.4,4.824999999999999,4
2026-07-03 08:00:00,2026-07-03 13:15:00,5.5,2.1,3.7181818181818174,8
2026-07-03 17:30:00,2026-07-04 05:00:00,11.75,4.1,5.708510638297873,17
2026-07-04 07:45:00,2026-07-04 10:30:00,3.0,2.7,5.316666666666666,7
2026-07-04 12:45:00,2026-07-04 15:00:00,2.5,4.3,5.6,12
2026-07-04 17:30:00,2026-07-05 00:15:00,7.0,4.7,6.203571428571427,17
2026-07-05 01:45:00,2026-07-05 06:45:00,5.25,4.2,4.980952380952381,1
2026-07-05 09:00:00,2026-07-05 11:45:00,3.0,3.2,4.583333333333333,9
2026-07-09 16:15:00,2026-07-09 23:45:00,7.75,5.3,6.703225806451614,16
2026-07-10 04:15:00,2026-07-10 07:00:00,3.0,5.7,6.066666666666667,4
2026-07-10 17:00:00,2026-07-10 23:15:00,6.5,4.9,6.523076923076924,17
2026-07-11 02:00:00,2026-07-11 08:00:00,6.25,4.8,6.196000000000001,2
2026-07-11 11:30:00,2026-07-11 12:15:00,1.0,6.3,6.525,11
2026-07-11 17:15:00,2026-07-11 19:15:00,2.25,6.3,7.111111111111111,17
2026-07-11 21:30:00,2026-07-12 02:30:00,5.25,4.0,5.019047619047619,21
2026-07-12 04:00:00,2026-07-12 06:00:00,2.25,5.0,5.133333333333333,4
2026-07-12 07:45:00,2026-07-12 09:45:00,2.25,4.5,4.955555555555557,7
2026-07-12 12:45:00,2026-07-12 14:30:00,2.0,5.8,6.625,12
2026-07-12 16:00:00,2026-07-13 02:30:00,10.75,4.0,5.176744186046512,16
2026-07-13 06:45:00,2026-07-13 08:15:00,1.75,3.8,4.014285714285714,6
2026-07-13 14:45:00,2026-07-13 22:30:00,8.0,4.9,6.393750000000001,14
2026-07-14 02:45:00,2026-07-14 04:45:00,2.25,4.4,4.933333333333334,2
2026-07-14 06:45:00,2026-07-14 09:30:00,3.0,4.2,4.483333333333333,6
2026-07-14 14:45:00,2026-07-14 23:00:00,8.5,5.3,6.508823529411764,14
2026-07-15 01:00:00,2026-07-15 02:15:00,1.5,4.8,5.6000000000000005,1
2026-07-15 04:00:00,2026-07-15 04:45:00,1.0,5.3,5.45,4
2026-07-15 06:45:00,2026-07-15 07:15:00,0.75,4.5,4.733333333333333,6
2026-07-15 09:00:00,2026-07-15 10:15:00,1.5,5.6,6.1499999999999995,9
2026-07-15 12:00:00,2026-07-15 13:15:00,1.5,7.4,7.666666666666667,12
2026-07-15 17:45:00,2026-07-16 00:30:00,7.0,4.1,6.2250000000000005,17
2026-07-16 02:15:00,2026-07-16 05:15:00,3.25,4.5,5.115384615384615,2
2026-07-16 06:45:00,2026-07-16 12:30:00,6.0,3.4,5.641666666666666,6
2026-07-16 17:15:00,2026-07-16 20:45:00,3.75,5.2,7.166666666666666,17
2026-07-16 22:15:00,2026-07-17 02:15:00,4.25,4.9,5.4823529411764715,22
2026-07-17 03:45:00,2026-07-17 06:15:00,2.75,4.6,4.972727272727273,3
2026-07-17 09:00:00,2026-07-17 12:00:00,3.25,3.3,4.546153846153846,9
2026-07-17 15:15:00,2026-07-18 10:30:00,19.5,2.4,5.46025641025641,15
2026-07-18 14:45:00,2026-07-19 05:00:00,14.5,2.4,5.63448275862069,14
2026-07-19 08:00:00,2026-07-20 00:30:00,16.75,3.5,5.1358208955223885,8
2026-07-20 04:15:00,2026-07-20 06:30:00,2.5,2.2,3.22,4
2026-07-20 09:00:00,2026-07-20 09:45:00,1.0,4.2,4.925,9
2026-07-20 11:45:00,2026-07-20 12:45:00,1.25,5.8,6.459999999999999,11
2026-07-20 14:45:00,2026-07-20 21:30:00,7.0,4.0,7.075000000000001,14
2026-07-21 00:30:00,2026-07-21 05:15:00,5.0,2.8,4.1450000000000005,0
2026-07-21 09:00:00,2026-07-21 12:15:00,3.5,2.4,5.692857142857143,9
2026-07-21 13:45:00,2026-07-21 19:45:00,6.25,4.0,7.044,13
2026-07-21 22:00:00,2026-07-22 01:00:00,3.25,5.0,5.461538461538462,22
2026-07-22 02:30:00,2026-07-22 05:30:00,3.25,4.5,5.023076923076924,2
2026-07-22 08:30:00,2026-07-22 09:45:00,1.5,4.7,4.866666666666666,8
2026-07-22 17:30:00,2026-07-23 05:00:00,11.75,4.0,5.236170212765956,17
2026-07-23 12:15:00,2026-07-23 14:30:00,2.5,5.9,6.510000000000001,12
2026-07-23 17:15:00,2026-07-23 20:30:00,3.5,5.5,6.464285714285714,17
2026-07-24 03:00:00,2026-07-24 04:30:00,1.75,5.0,5.785714285714286,3
2026-07-24 06:45:00,2026-07-24 07:00:00,0.5,5.2,5.300000000000001,6
2026-07-24 09:00:00,2026-07-24 09:30:00,0.75,5.3,5.5,9
2026-07-24 12:15:00,2026-07-24 13:15:00,1.25,6.1,6.38,12
2026-07-24 14:45:00,2026-07-24 15:45:00,1.25,6.7,7.140000000000001,14
2026-07-24 17:30:00,2026-07-24 20:15:00,3.0,5.9,6.591666666666668,17
2026-07-24 21:45:00,2026-07-25 03:15:00,5.75,5.2,5.834782608695652,21
2026-07-25 04:45:00,2026-07-25 05:30:00,1.0,5.5,5.925,4
2026-07-25 13:30:00,2026-07-25 13:45:00,0.5,5.7,6.2,13
2026-07-25 17:15:00,2026-07-25 17:30:00,0.5,6.2,6.300000000000001,17
2026-07-26 03:45:00,2026-07-26 05:30:00,2.0,5.1,5.225,3
2026-07-26 07:15:00,2026-07-26 08:00:00,1.0,4.6,4.775,7
2026-07-26 10:30:00,2026-07-26 11:45:00,1.5,6.2,6.599999999999999,10
2026-07-26 22:30:00,2026-07-26 23:30:00,1.25,5.7,6.04,22
2026-07-27 02:00:00,2026-07-27 02:45:00,1.0,4.9,5.199999999999999,2
2026-07-27 12:30:00,2026-07-27 14:30:00,2.25,6.7,7.422222222222222,12
2026-07-27 21:30:00,2026-07-28 04:30:00,7.25,4.5,5.413793103448277,21
2026-07-28 08:15:00,2026-07-28 08:45:00,0.75,5.5,5.633333333333333,8
2026-07-28 11:45:00,2026-07-28 12:00:00,0.5,6.5,6.6,11
2026-07-28 17:15:00,2026-07-28 20:30:00,3.5,5.9,6.492857142857145,17
2026-07-28 22:00:00,2026-07-28 23:15:00,1.5,5.3,5.5,22
2026-07-29 01:30:00,2026-07-29 02:45:00,1.5,4.7,4.983333333333333,1
2026-07-29 05:00:00,2026-07-29 06:00:00,1.25,4.8,4.959999999999999,5
2026-07-29 17:00:00,2026-07-29 19:15:00,2.5,6.6,7.1899999999999995,17
2026-07-29 20:45:00,2026-07-29 21:00:00,0.5,6.0,6.2,20
2026-07-29 22:30:00,2026-07-30 08:00:00,9.75,4.4,5.182051282051282,22
2026-07-30 09:45:00,2026-07-30 10:30:00,1.0,5.5,5.925,9
2026-07-30 15:30:00,2026-07-31 05:45:00,14.5,3.8,5.23448275862069,15
2026-07-31 15:45:00,2026-07-31 23:45:00,8.25,4.4,5.927272727272727,15
2026-08-01 03:45:00,2026-08-01 04:15:00,0.75,4.7,4.933333333333334,3
2026-08-01 15:30:00,2026-08-01 17:30:00,2.25,7.3,7.711111111111112,15
2026-08-01 19:00:00,2026-08-01 19:30:00,0.75,6.4,6.633333333333333,19
2026-08-02 07:00:00,2026-08-02 10:30:00,3.75,5.1,5.440000000000001,7
2026-08-02 14:15:00,2026-08-02 16:30:00,2.5,7.2,7.529999999999999,14
2026-08-02 18:30:00,2026-08-02 20:30:00,2.25,5.7,6.6000000000000005,18
2026-08-02 22:15:00,2026-08-03 05:15:00,7.25,4.0,5.393103448275863,22
2026-08-03 14:00:00,2026-08-03 15:45:00,2.0,7.3,7.425,14
2026-08-03 17:30:00,2026-08-03 21:30:00,4.25,5.6,6.658823529411764,17
2026-08-03 23:00:00,2026-08-04 01:30:00,2.75,3.8,4.572727272727272,23
2026-08-04 03:00:00,2026-08-04 08:00:00,5.25,3.0,4.580952380952381,3
2026-08-04 10:45:00,2026-08-04 11:45:00,1.25,6.2,6.42,10
2026-08-04 17:15:00,2026-08-05 01:30:00,8.5,5.3,7.111764705882353,17
2026-08-05 03:00:00,2026-08-05 07:15:00,4.5,3.4,5.05,3
2026-08-05 09:45:00,2026-08-05 10:00:00,0.5,5.7,6.0,9
2026-08-05 15:00:00,2026-08-05 16:15:00,1.5,6.8,7.249999999999999,15
2026-08-05 20:15:00,2026-08-05 23:00:00,3.0,5.8,6.050000000000001,20
2026-08-06 01:00:00,2026-08-06 02:00:00,1.25,4.0,5.0200000000000005,1
2026-08-06 03:30:00,2026-08-06 05:00:00,1.75,3.4,4.614285714285714,3
2026-08-06 09:45:00,2026-08-06 11:45:00,2.25,4.5,5.622222222222223,9
2026-08-06 13:45:00,2026-08-07 00:00:00,10.5,5.3,6.9976190476190485,13
2026-08-07 01:45:00,2026-08-07 06:30:00,5.0,3.9,4.700000000000001,1
2026-08-07 14:30:00,2026-08-07 22:30:00,8.25,0.0,6.890909090909091,14
2026-08-08 03:15:00,2026-08-08 05:00:00,2.0,3.6,4.3125,3
2026-08-08 13:15:00,2026-08-08 14:15:00,1.25,7.3,7.56,13
2026-08-08 16:15:00,2026-08-08 23:45:00,7.75,5.2,6.699999999999999,16
2026-08-09 05:30:00,2026-08-09 06:15:00,1.0,3.7,3.925,5
2026-08-09 09:00:00,2026-08-09 10:15:00,1.5,5.1,5.516666666666667,9
2026-08-09 12:45:00,2026-08-09 21:15:00,8.75,5.8,6.868571428571428,12
2026-08-09 23:00:00,2026-08-10 01:30:00,2.75,4.9,5.245454545454545,23
2026-08-10 13:00:00,2026-08-10 14:30:00,1.75,7.3,7.371428571428571,13
2026-08-10 17:15:00,2026-08-10 22:15:00,5.25,5.0,6.1952380952380945,17
2026-08-11 00:15:00,2026-08-11 02:45:00,2.75,4.2,4.618181818181818,0
2026-08-11 08:00:00,2026-08-11 08:15:00,0.5,4.2,4.300000000000001,8
2026-08-11 10:30:00,2026-08-11 11:30:00,1.25,4.6,5.12,10
2026-08-11 14:15:00,2026-08-11 15:15:00,1.25,5.2,5.5,14
2026-08-11 18:30:00,2026-08-11 21:30:00,3.25,4.3,4.730769230769231,18
2026-08-12 09:30:00,2026-08-12 09:45:00,0.5,3.4,3.55,9
2026-08-12 15:30:00,2026-08-12 21:15:00,6.0,4.7,5.383333333333333,15
2026-08-13 05:30:00,2026-08-13 06:00:00,0.75,4.1,4.166666666666666,5
2026-08-13 10:00:00,2026-08-13 11:00:00,1.25,4.0,4.359999999999999,10
2026-08-13 16:15:00,2026-08-13 18:45:00,2.75,5.3,5.990909090909091,16
2026-08-14 02:00:00,2026-08-14 03:00:00,1.25,4.1,4.4799999999999995,2
2026-08-14 05:30:00,2026-08-14 06:45:00,1.5,4.1,4.666666666666666,5
2026-08-14 12:15:00,2026-08-14 15:30:00,3.5,6.2,7.878571428571428,12
2026-08-14 17:45:00,2026-08-14 22:15:00,4.75,6.3,7.110526315789475,17
2026-08-15 00:15:00,2026-08-15 02:30:00,2.5,4.6,5.51,0
2026-08-15 04:15:00,2026-08-15 06:15:00,2.25,3.7,4.777777777777778,4
2026-08-15 09:00:00,2026-08-15 13:00:00,4.25,5.2,6.311764705882353,9
2026-08-15 14:45:00,2026-08-16 05:45:00,15.25,3.8,5.981967213114755,14
2026-08-16 09:15:00,2026-08-16 09:45:00,0.75,4.5,4.666666666666667,9
2026-08-16 11:45:00,2026-08-16 15:15:00,3.75,4.9,5.593333333333334,11
2026-08-16 17:15:00,2026-08-16 19:15:00,2.25,3.8,4.3999999999999995,17
2026-08-16 20:45:00,2026-08-16 23:00:00,2.5,3.7,4.290000000000001,20
2026-08-17 00:30:00,2026-08-17 01:45:00,1.5,3.9,4.116666666666666,0
2026-08-17 03:30:00,2026-08-17 06:30:00,3.25,3.1,3.56923076923077,3
2026-08-17 15:30:00,2026-08-17 19:00:00,3.75,4.1,4.733333333333333,15
2026-08-17 20:30:00,2026-08-17 22:00:00,1.75,3.8,4.057142857142857,20
2026-08-18 03:30:00,2026-08-18 05:45:00,2.5,2.4,2.95,3
2026-08-18 15:15:00,2026-08-19 00:30:00,9.5,3.1,4.165789473684211,15
2026-08-19 04:00:00,2026-08-19 05:45:00,2.0,3.0,3.2750000000000004,4
2026-08-19 10:30:00,2026-08-19 12:30:00,2.25,3.5,4.099999999999999,10
2026-08-19 18:45:00,2026-08-19 23:15:00,4.75,3.0,3.4684210526315793,18
2026-08-20 04:00:00,2026-08-20 06:00:00,2.25,2.7,2.911111111111111,4
2026-08-20 17:30:00,2026-08-20 18:15:00,1.0,3.1,3.35,17
2026-08-20 20:45:00,2026-08-20 22:30:00,2.0,2.4,2.9375,20
2026-08-21 00:00:00,2026-08-21 03:45:00,4.0,2.4,2.9375,0
2026-08-21 09:30:00,2026-08-21 10:30:00,1.25,2.5,3.04,9
2026-08-21 18:30:00,2026-08-21 20:00:00,1.75,2.7,2.9285714285714284,18
2026-08-21 21:30:00,2026-08-21 23:45:00,2.5,2.2,2.68,21
2026-08-22 01:30:00,2026-08-22 04:45:00,3.5,2.3,2.6214285714285714,1
2026-08-22 19:45:00,2026-08-22 21:30:00,2.0,2.4,2.9749999999999996,19
2026-08-23 05:00:00,2026-08-23 05:45:00,1.0,2.2,2.45,5
2026-08-23 19:15:00,2026-08-24 04:45:00,9.75,1.8,2.6692307692307695,19
2026-08-24 14:45:00,2026-08-24 23:45:00,9.25,1.6,2.7324324324324327,14
2026-08-25 02:00:00,2026-08-25 04:00:00,2.25,1.2,1.5444444444444445,2
2026-08-25 07:30:00,2026-08-25 08:30:00,1.25,1.4,3.6799999999999997,7
2026-08-25 12:30:00,2026-08-25 13:00:00,0.75,7.1,7.166666666666667,12
2026-08-25 17:15:00,2026-08-25 20:30:00,3.5,7.7,8.32857142857143,17
2026-08-25 22:15:00,2026-08-26 05:15:00,7.25,4.6,5.913793103448276,22
2026-08-26 09:00:00,2026-08-26 10:45:00,2.0,4.4,5.9625,9
2026-08-26 16:15:00,2026-08-26 16:30:00,0.5,7.7,7.800000000000001,16
2026-08-26 18:00:00,2026-08-26 23:00:00,5.25,4.5,6.309523809523809,18
2026-08-27 00:45:00,2026-08-27 03:15:00,2.75,4.2,5.027272727272727,0
2026-08-27 04:45:00,2026-08-27 05:45:00,1.25,3.7,4.319999999999999,4
2026-08-27 09:00:00,2026-08-27 11:45:00,3.0,3.8,4.941666666666666,9
2026-08-27 13:15:00,2026-08-27 13:45:00,0.75,5.8,5.966666666666666,13
2026-08-27 15:45:00,2026-08-27 16:30:00,1.0,7.9,8.225,15
2026-08-27 18:15:00,2026-08-27 23:00:00,5.0,5.8,7.1800000000000015,18
2026-08-28 00:30:00,2026-08-28 02:00:00,1.75,5.2,5.742857142857143,0
2026-08-28 03:45:00,2026-08-28 07:15:00,3.75,4.5,4.973333333333334,3
2026-08-28 12:45:00,2026-08-29 06:00:00,17.5,4.1,6.831428571428573,12
2026-08-29 18:15:00,2026-08-29 20:45:00,2.75,6.7,7.509090909090909,18
2026-08-29 22:15:00,2026-08-30 00:00:00,2.0,5.7,6.2875000000000005,22
2026-08-30 01:30:00,2026-08-30 08:00:00,6.75,4.8,5.474074074074075,1
2026-08-30 10:15:00,2026-08-30 10:45:00,0.75,5.3,5.7,10
2026-08-30 18:30:00,2026-08-30 20:30:00,2.25,5.9,6.622222222222223,18
2026-08-31 02:30:00,2026-08-31 05:00:00,2.75,4.7,5.118181818181818,2
2026-08-31 07:00:00,2026-08-31 10:15:00,3.5,4.5,5.135714285714285,7
2026-08-31 15:15:00,2026-08-31 18:15:00,3.25,5.9,6.5307692307692315,15
2026-09-01 03:15:00,2026-09-01 08:45:00,5.75,3.0,4.404347826086957,3
2026-09-01 10:45:00,2026-09-01 11:00:00,0.5,4.8,4.949999999999999,10
2026-09-01 12:30:00,2026-09-01 15:00:00,2.75,5.1,5.854545454545454,12
2026-09-01 16:45:00,2026-09-01 20:45:00,4.25,4.8,5.8352941176470585,16
2026-09-01 23:15:00,2026-09-01 23:30:00,0.5,5.2,5.300000000000001,23
