mulai,selesai,durasi_jam,nilai_min,nilai_rata,jam_mulai
2020-01-01 01:30:00,2020-01-01 02:45:00,1.5,2.2,2.5,1
2020-01-01 06:45:00,2020-01-01 08:00:00,1.5,2.0,2.2499999999999996,6
2020-01-01 10:15:00,2020-01-01 11:30:00,1.5,2.0,2.3666666666666667,10
2020-01-01 13:00:00,2020-01-01 15:00:00,2.25,2.2,2.4111111111111114,13
2020-01-01 17:30:00,2020-01-01 21:30:00,4.25,2.2,2.570588235294118,17
2020-01-02 02:00:00,2020-01-02 20:00:00,18.25,1.8,2.817808219178082,2
2020-01-03 03:00:00,2020-01-03 05:00:00,2.25,2.2,2.755555555555555,3
2020-01-03 09:30:00,2020-01-03 11:30:00,2.25,2.4,3.2333333333333334,9
2020-01-03 21:30:00,2020-01-03 21:45:00,0.5,3.0,3.15,21
2020-01-04 00:00:00,2020-01-04 01:30:00,1.75,3.4,3.6142857142857143,0
2020-01-04 09:30:00,2020-01-04 10:30:00,1.25,4.2,4.24,9
2020-01-04 12:15:00,2020-01-04 13:15:00,1.25,4.3,4.4,12
2020-01-04 18:45:00,2020-01-04 19:00:00,0.5,4.2,4.300000000000001,18
2020-01-04 20:45:00,2020-01-04 23:15:00,2.75,3.7,4.418181818181818,20
2020-01-05 08:15:00,2020-01-05 09:45:00,1.75,3.3,3.5,8
2020-01-05 15:30:00,2020-01-05 17:15:00,2.0,3.3,3.5999999999999996,15
2020-01-05 19:00:00,2020-01-05 20:00:00,1.25,3.3,3.5,19
2020-01-05 21:45:00,2020-01-05 23:00:00,1.5,2.9,3.0999999999999996,21
2020-01-06 00:30:00,2020-01-06 01:45:00,1.5,2.4,2.683333333333333,0
2020-01-06 13:45:00,2020-01-06 15:15:00,1.75,2.9,3.6714285714285713,13
2020-01-07 06:30:00,2020-01-07 07:30:00,1.25,2.9,3.04,6
2020-01-07 18:00:00,2020-01-07 22:15:00,4.5,3.8,4.51111111111111,18
2020-01-08 03:30:00,2020-01-08 05:45:00,2.5,2.7,3.04,3
2020-01-08 21:00:00,2020-01-08 22:00:00,1.25,3.2,3.38,21
2020-01-09 03:15:00,2020-01-09 04:15:00,1.25,3.0,4.04,3
2020-01-09 17:15:00,2020-01-09 18:00:00,1.0,4.1,4.3,17
2020-01-09 22:30:00,2020-01-09 23:15:00,1.0,3.9,4.05,22
2020-01-10 09:45:00,2020-01-10 10:45:00,1.25,3.1,3.2399999999999998,9
2020-01-10 12:30:00,2020-01-10 14:00:00,1.75,3.3,3.6571428571428575,12
2020-01-11 01:15:00,2020-01-11 04:00:00,3.0,4.9,5.95,1
2020-01-12 05:30:00,2020-01-12 06:45:00,1.5,4.4,4.583333333333333,5
2020-01-12 09:00:00,2020-01-12 10:15:00,1.5,4.6,4.833333333333333,9
2020-01-12 16:15:00,2020-01-12 17:00:00,1.0,5.0,5.125,16
2020-01-12 20:45:00,2020-01-12 21:15:00,0.75,4.9,4.966666666666667,20
2020-01-13 00:45:00,2020-01-13 01:45:00,1.25,4.5,4.720000000000001,0
2020-01-13 03:30:00,2020-01-13 04:45:00,1.5,4.3,4.483333333333333,3
2020-01-13 06:15:00,2020-01-13 07:00:00,1.0,4.2,4.3500000000000005,6
2020-01-13 14:00:00,2020-01-13 14:30:00,0.75,3.8,3.8666666666666667,14
2020-01-13 17:45:00,2020-01-13 18:30:00,1.0,3.4,3.6250000000000004,17
2020-01-14 22:00:00,2020-01-15 00:15:00,2.5,2.9,3.13,22
2020-01-15 07:00:00,2020-01-15 08:30:00,1.75,2.4,2.757142857142857,7
2020-01-15 15:00:00,2020-01-15 18:30:00,3.75,2.1,2.3133333333333335,15
2020-01-16 01:15:00,2020-01-16 16:15:00,15.25,1.7,2.9426229508196724,1
2020-01-16 18:00:00,2020-01-17 06:15:00,12.5,1.5,2.05,18
2020-01-17 07:45:00,2020-01-17 10:30:00,3.0,1.6,2.566666666666666,7
2020-01-17 12:15:00,2020-01-17 16:15:00,4.25,2.8,3.6235294117647054,12
2020-01-17 18:00:00,2020-01-17 19:15:00,1.5,3.2,3.533333333333333,18
2020-01-18 01:15:00,2020-01-18 02:15:00,1.25,3.2,3.34,1
2020-01-18 04:00:00,2020-01-18 05:15:00,1.5,3.0,3.283333333333333,4
2020-01-19 00:45:00,2020-01-19 01:45:00,1.25,2.6,2.7,0
2020-01-19 03:15:00,2020-01-19 06:15:00,3.25,2.2,2.5230769230769234,3
2020-01-19 11:15:00,2020-01-19 13:45:00,2.75,2.0,2.354545454545454,11
2020-01-19 19:15:00,2020-01-19 19:45:00,0.75,2.8,3.0,19
2020-01-19 21:30:00,2020-01-20 00:15:00,3.0,2.3,2.7083333333333335,21
2020-01-20 04:45:00,2020-01-20 07:15:00,2.75,2.3,2.8636363636363638,4
2020-01-20 19:00:00,2020-01-20 22:15:00,3.5,6.2,6.864285714285713,19
2020-01-21 00:00:00,2020-01-21 05:45:00,6.0,4.8,6.516666666666666,0
2020-01-21 07:30:00,2020-01-21 08:45:00,1.5,5.0,5.383333333333333,7
2020-01-21 23:15:00,2020-01-22 01:15:00,2.25,7.1,7.944444444444445,23
2020-01-22 02:45:00,2020-01-22 06:30:00,4.0,7.0,8.4375,2
2020-01-22 08:15:00,2020-01-22 09:30:00,1.5,8.4,8.949999999999998,8
2020-01-23 03:15:00,2020-01-23 04:15:00,1.25,8.9,9.02,3
2020-01-23 10:00:00,2020-01-23 11:00:00,1.25,8.7,8.76,10
2020-01-23 15:15:00,2020-01-23 15:45:00,0.75,8.3,8.4,15
2020-01-24 03:30:00,2020-01-24 04:30:00,1.25,7.5,7.760000000000001,3
2020-01-24 06:15:00,2020-01-24 09:00:00,3.0,7.4,7.675,6
2020-01-24 11:30:00,2020-01-24 12:45:00,1.5,7.2,7.333333333333333,11
2020-01-24 17:15:00,2020-01-24 18:30:00,1.5,7.9,8.116666666666667,17
2020-01-24 23:30:00,2020-01-25 02:00:00,2.75,7.1,7.272727272727274,23
2020-01-25 06:00:00,2020-01-25 08:45:00,3.0,6.2,6.525000000000001,6
2020-01-25 13:45:00,2020-01-25 18:45:00,5.25,6.8,7.200000000000001,13
2020-01-25 21:15:00,2020-01-26 06:45:00,9.75,5.0,6.289743589743589,21
2020-01-26 14:15:00,2020-01-26 17:00:00,3.0,4.7,4.941666666666666,14
2020-01-26 20:45:00,2020-01-26 21:45:00,1.25,4.2,4.52,20
2020-01-26 23:15:00,2020-01-27 01:15:00,2.25,3.7,4.022222222222222,23
2020-01-27 21:45:00,2020-01-28 00:30:00,3.0,2.7,3.283333333333333,21
2020-01-28 03:00:00,2020-01-28 05:15:00,2.5,1.9,2.23,3
2020-01-28 11:30:00,2020-01-28 12:15:00,1.0,2.5,2.65,11
2020-01-29 08:00:00,2020-01-29 09:30:00,1.75,1.7,1.8714285714285714,8
2020-01-29 12:45:00,2020-01-29 13:15:00,0.75,1.9,2.033333333333333,12
2020-01-29 15:15:00,2020-01-29 16:30:00,1.5,2.0,2.2000000000000006,15
2020-01-30 15:00:00,2020-01-30 17:00:00,2.25,1.7,2.0444444444444443,15
2020-02-02 14:00:00,2020-02-02 15:15:00,1.5,1.6,1.8166666666666664,14
2020-02-03 02:30:00,2020-02-03 03:45:00,1.5,1.0,1.1333333333333333,2
2020-02-03 22:15:00,2020-02-04 09:00:00,11.0,1.5,3.5090909090909093,22
2020-02-04 10:45:00,2020-02-04 11:45:00,1.25,4.5,4.68,10
2020-02-04 17:00:00,2020-02-04 18:45:00,2.0,4.1,4.8375,17
2020-02-04 21:30:00,2020-02-04 22:15:00,1.0,3.8,4.0,21
2020-02-05 04:30:00,2020-02-05 07:00:00,2.75,3.0,3.3272727272727267,4
2020-02-05 08:45:00,2020-02-05 09:45:00,1.25,2.6,2.96,8
2020-02-05 12:15:00,2020-02-05 14:30:00,2.5,3.1,3.53,12
2020-02-05 16:30:00,2020-02-05 18:15:00,2.0,3.1,3.425,16
2020-02-05 19:45:00,2020-02-05 22:00:00,2.5,2.9,3.37,19
2020-02-05 23:30:00,2020-02-06 00:45:00,1.5,2.2,2.766666666666667,23
2020-02-06 02:15:00,2020-02-06 10:15:00,8.25,1.4,1.9878787878787878,2
2020-02-06 17:00:00,2020-02-07 06:00:00,13.25,1.3,2.6301886792452835,17
2020-02-07 12:15:00,2020-02-07 13:15:00,1.25,1.3,2.0200000000000005,12
2020-02-07 15:00:00,2020-02-07 15:45:00,1.0,1.8,1.9749999999999999,15
2020-02-07 17:30:00,2020-02-07 19:15:00,2.0,1.7,1.9249999999999998,17
2020-02-07 21:15:00,2020-02-08 00:15:00,3.25,0.6,1.3692307692307693,21
2020-02-08 05:15:00,2020-02-08 06:00:00,1.0,0.6,0.8,5
2020-02-08 12:30:00,2020-02-08 16:15:00,4.0,0.6,1.31875,12
2020-02-08 23:00:00,2020-02-09 05:15:00,6.5,1.5,2.8423076923076924,23
2020-02-09 06:45:00,2020-02-09 07:45:00,1.25,3.1,3.4400000000000004,6
2020-02-09 09:30:00,2020-02-09 12:30:00,3.25,1.7,2.9615384615384617,9
2020-02-09 14:00:00,2020-02-09 17:00:00,3.25,2.1,3.023076923076923,14
2020-02-09 18:30:00,2020-02-09 20:45:00,2.5,3.9,4.85,18
2020-02-10 00:00:00,2020-02-10 05:30:00,5.75,4.5,5.408695652173914,0
2020-02-10 07:15:00,2020-02-10 14:00:00,7.0,3.2,4.532142857142857,7
2020-02-10 15:45:00,2020-02-10 22:00:00,6.5,4.2,5.011538461538462,15
2020-02-11 01:30:00,2020-02-11 03:00:00,1.75,4.2,4.728571428571429,1
2020-02-11 05:00:00,2020-02-11 05:45:00,1.0,4.3,4.625,5
2020-02-11 07:15:00,2020-02-11 15:30:00,8.5,3.2,4.8,7
2020-02-11 17:00:00,2020-02-12 17:00:00,24.25,1.9,4.190721649484536,17
2020-02-12 18:30:00,2020-02-12 22:15:00,4.0,2.4,3.0,18
2020-02-13 00:15:00,2020-02-13 12:00:00,12.0,2.0,3.0437500000000006,0
2020-02-13 13:30:00,2020-02-13 18:45:00,5.5,2.5,3.1500000000000004,13
2020-02-13 20:30:00,2020-02-13 22:00:00,1.75,2.3,2.742857142857143,20
2020-02-13 23:30:00,2020-02-14 00:15:00,1.0,1.6,2.225,23
2020-02-14 02:15:00,2020-02-14 04:30:00,2.5,1.3,1.8400000000000003,2
2020-02-14 06:00:00,2020-02-14 08:00:00,2.25,1.2,1.4222222222222223,6
2020-02-14 09:30:00,2020-02-14 13:00:00,3.75,0.8,1.3533333333333333,9
2020-02-14 14:30:00,2020-02-14 17:15:00,3.0,0.7,1.2666666666666668,14
2020-02-15 02:30:00,2020-02-15 02:45:00,0.5,1.4,1.6,2
2020-02-15 04:30:00,2020-02-15 06:30:00,2.25,1.9,2.888888888888889,4
2020-02-15 12:30:00,2020-02-15 20:15:00,8.0,2.5,4.228125,12
2020-02-15 21:45:00,2020-02-16 03:15:00,5.75,2.5,3.104347826086957,21
2020-02-16 04:45:00,2020-02-16 07:45:00,3.25,2.0,2.6384615384615384,4
2020-02-16 09:30:00,2020-02-16 17:15:00,8.0,2.1,3.484375,9
2020-02-16 18:45:00,2020-02-17 01:30:00,7.0,1.9,3.0,18
2020-02-17 03:00:00,2020-02-17 10:45:00,8.0,2.1,3.2937499999999997,3
2020-02-17 12:15:00,2020-02-17 14:00:00,2.0,2.5,3.0999999999999996,12
2020-02-17 18:30:00,2020-02-17 20:45:00,2.5,5.1,5.53,18
2020-02-17 22:30:00,2020-02-18 03:15:00,5.0,4.4,5.130000000000001,22
2020-02-18 04:45:00,2020-02-18 12:00:00,7.5,5.0,5.426666666666667,4
2020-02-18 14:00:00,2020-02-18 16:30:00,2.75,4.2,5.1454545454545455,14
2020-02-18 19:45:00,2020-02-19 08:45:00,13.25,2.8,4.786792452830189,19
2020-02-19 12:00:00,2020-02-19 15:00:00,3.25,3.6,4.384615384615385,12
2020-02-19 18:45:00,2020-02-19 19:00:00,0.5,4.0,4.25,18
2020-02-19 22:15:00,2020-02-20 03:30:00,5.5,2.9,3.927272727272727,22
2020-02-20 07:00:00,2020-02-20 18:15:00,11.5,2.9,3.7521739130434777,7
2020-02-20 20:15:00,2020-02-20 21:00:00,1.0,3.1,3.25,20
2020-02-21 05:45:00,2020-02-21 13:15:00,7.75,3.2,3.7419354838709675,5
2020-02-21 16:30:00,2020-02-21 17:45:00,1.5,3.1,3.5,16
2020-02-21 19:15:00,2020-02-21 21:00:00,2.0,4.3,5.625,19
2020-02-21 22:30:00,2020-02-22 01:15:00,3.0,6.3,6.791666666666667,22
2020-02-22 02:45:00,2020-02-22 07:15:00,4.75,5.7,6.3842105263157904,2
2020-02-22 09:00:00,2020-02-22 12:30:00,3.75,5.6,6.533333333333332,9
2020-02-22 14:00:00,2020-02-22 16:45:00,3.0,4.6,5.383333333333333,14
2020-02-22 18:45:00,2020-02-22 23:15:00,4.75,4.6,5.06842105263158,18
2020-02-23 00:45:00,2020-02-23 09:00:00,8.5,5.2,6.147058823529413,0
2020-02-23 12:30:00,2020-02-23 12:45:00,0.5,5.1,5.5,12
2020-02-23 14:15:00,2020-02-23 16:45:00,2.75,5.5,5.909090909090909,14
2020-02-23 18:15:00,2020-02-23 20:30:00,2.5,5.2,5.779999999999999,18
2020-02-23 23:45:00,2020-02-24 12:00:00,12.5,5.4,6.328,23
2020-02-24 14:45:00,2020-02-24 19:00:00,4.5,5.1,5.583333333333333,14
2020-02-24 20:45:00,2020-02-25 00:00:00,3.5,4.9,5.507142857142857,20
2020-02-25 01:30:00,2020-02-25 06:45:00,5.5,3.7,4.559090909090909,1
2020-02-25 08:30:00,2020-02-25 09:45:00,1.5,3.7,4.15,8
2020-02-25 11:15:00,2020-02-25 14:15:00,3.25,3.5,4.0769230769230775,11
2020-02-25 16:15:00,2020-02-25 20:00:00,4.0,4.1,4.59375,16
2020-02-25 21:30:00,2020-02-25 22:00:00,0.75,3.9,4.1000000000000005,21
2020-02-25 23:45:00,2020-02-26 10:00:00,10.5,3.7,4.652380952380953,23
2020-02-26 11:30:00,2020-02-26 14:30:00,3.25,4.1,4.484615384615385,11
2020-02-26 16:30:00,2020-02-26 23:45:00,7.5,3.4,3.993333333333333,16
2020-02-27 05:00:00,2020-02-27 10:00:00,5.25,2.4,3.5809523809523816,5
2020-02-27 11:30:00,2020-02-27 16:15:00,5.0,2.5,3.45,11
2020-02-27 17:45:00,2020-02-28 02:00:00,8.5,1.6,3.2911764705882356,17
2020-02-28 05:15:00,2020-02-28 08:15:00,3.25,6.6,8.03076923076923,5
2020-02-28 15:15:00,2020-02-28 18:00:00,3.0,9.1,9.591666666666667,15
2020-02-28 22:45:00,2020-02-29 00:15:00,1.75,8.7,8.87142857142857,22
2020-02-29 04:00:00,2020-02-29 04:15:00,0.5,8.4,8.55,4
2020-02-29 06:00:00,2020-02-29 07:15:00,1.5,7.6,7.8,6
2020-02-29 20:30:00,2020-02-29 22:00:00,1.75,7.2,7.614285714285715,20
2020-02-29 23:30:00,2020-03-01 00:00:00,0.75,6.8,7.033333333333334,23
2020-03-01 01:45:00,2020-03-01 02:15:00,0.75,6.8,6.933333333333334,1
2020-03-01 07:30:00,2020-03-01 08:00:00,0.75,6.0,6.3,7
2020-03-01 12:00:00,2020-03-01 14:15:00,2.5,6.1,6.360000000000001,12
2020-03-01 20:00:00,2020-03-01 23:00:00,3.25,5.6,5.8769230769230765,20
2020-03-02 00:30:00,2020-03-02 04:30:00,4.25,6.2,7.3,0
2020-03-02 06:00:00,2020-03-02 09:00:00,3.25,8.1,8.346153846153847,6
2020-03-02 13:00:00,2020-03-02 13:30:00,0.75,8.1,8.166666666666666,13
2020-03-02 16:15:00,2020-03-02 17:00:00,1.0,8.5,8.575,16
2020-03-02 19:00:00,2020-03-02 20:45:00,2.0,8.6,8.9375,19
2020-03-02 23:30:00,2020-03-03 00:30:00,1.25,8.8,9.12,23
2020-03-03 02:00:00,2020-03-03 06:00:00,4.25,9.1,9.435294117647057,2
2020-03-03 08:15:00,2020-03-03 12:00:00,4.0,9.2,9.4,8
2020-03-03 13:45:00,2020-03-03 16:00:00,2.5,9.2,9.370000000000001,13
2020-03-03 21:00:00,2020-03-04 17:00:00,20.25,8.1,9.060493827160494,21
2020-03-04 20:00:00,2020-03-05 00:30:00,4.75,7.4,7.989473684210526,20
2020-03-05 04:00:00,2020-03-05 04:30:00,0.75,6.5,6.666666666666667,4
2020-03-05 10:45:00,2020-03-05 11:30:00,1.0,5.9,5.975,10
2020-03-05 13:30:00,2020-03-05 14:15:00,1.0,5.9,6.0,13
2020-03-05 19:15:00,2020-03-05 19:45:00,0.75,4.6,4.666666666666666,19
2020-03-06 01:15:00,2020-03-06 03:45:00,2.75,3.9,4.154545454545455,1
2020-03-06 05:45:00,2020-03-06 11:30:00,6.0,3.4,3.766666666666667,5
2020-03-06 13:15:00,2020-03-06 14:15:00,1.25,3.1,3.2399999999999998,13
2020-03-06 18:00:00,2020-03-06 19:15:00,1.5,3.0,3.1333333333333333,18
2020-03-06 21:15:00,2020-03-07 03:15:00,6.25,3.1,3.5399999999999996,21
2020-03-07 07:15:00,2020-03-07 11:00:00,4.0,2.4,2.93125,7
2020-03-08 01:00:00,2020-03-08 04:30:00,3.75,6.4,7.313333333333334,1
2020-03-08 13:45:00,2020-03-08 17:15:00,3.75,6.0,6.313333333333333,13
2020-03-08 21:30:00,2020-03-08 23:00:00,1.75,6.4,6.671428571428571,21
2020-03-09 00:45:00,2020-03-09 02:30:00,2.0,5.8,6.175000000000001,0
2020-03-09 04:30:00,2020-03-09 08:15:00,4.0,5.2,5.5375,4
2020-03-09 10:30:00,2020-03-09 11:15:00,1.0,5.4,5.525,10
2020-03-09 13:00:00,2020-03-09 15:30:00,2.75,4.7,5.072727272727272,13
2020-03-09 19:45:00,2020-03-09 21:15:00,1.75,4.5,4.785714285714286,19
2020-03-10 01:45:00,2020-03-10 02:45:00,1.25,4.1,4.32,1
2020-03-10 09:00:00,2020-03-10 11:45:00,3.0,3.8,4.125,9
2020-03-10 16:30:00,2020-03-10 19:30:00,3.25,3.4,3.5538461538461537,16
2020-03-10 22:15:00,2020-03-10 22:45:00,0.75,3.4,3.6,22
2020-03-11 00:15:00,2020-03-11 01:45:00,1.75,3.2,3.357142857142857,0
2020-03-11 03:30:00,2020-03-11 05:00:00,1.75,2.8,2.957142857142857,3
2020-03-11 12:30:00,2020-03-11 15:15:00,3.0,2.6,2.9,12
2020-03-11 18:15:00,2020-03-11 21:45:00,3.75,2.2,2.7600000000000002,18
2020-03-11 23:15:00,2020-03-12 04:15:00,5.25,2.0,2.3095238095238093,23
2020-03-12 06:30:00,2020-03-12 13:00:00,6.75,1.8,2.3185185185185184,6
2020-03-12 15:45:00,2020-03-12 17:45:00,2.25,3.8,4.044444444444444,15
2020-03-12 19:45:00,2020-03-12 22:15:00,2.75,3.3,3.772727272727272,19
2020-03-13 00:15:00,2020-03-13 04:15:00,4.25,2.8,3.6176470588235294,0
2020-03-13 06:00:00,2020-03-13 10:45:00,5.0,2.4,2.945,6
2020-03-13 12:45:00,2020-03-14 06:15:00,17.75,2.5,3.214084507042254,12
2020-03-14 09:15:00,2020-03-14 13:15:00,4.25,2.1,2.323529411764706,9
2020-03-14 15:45:00,2020-03-14 17:45:00,2.25,2.1,2.466666666666667,15
2020-03-14 19:15:00,2020-03-14 21:00:00,2.0,1.6,2.1,19
2020-03-15 00:45:00,2020-03-15 04:30:00,4.0,1.0,1.4125,0
2020-03-15 06:00:00,2020-03-15 06:45:00,1.0,1.2,1.425,6
2020-03-15 09:15:00,2020-03-15 15:15:00,6.25,1.2,1.4960000000000002,9
2020-03-15 16:45:00,2020-03-15 17:45:00,1.25,1.4,1.52,16
2020-03-15 19:15:00,2020-03-15 21:00:00,2.0,1.1,1.5625,19
2020-03-15 22:30:00,2020-03-15 23:45:00,1.5,1.0,1.2,22
2020-03-16 01:15:00,2020-03-16 07:45:00,6.75,0.4,0.7148148148148148,1
2020-03-16 13:00:00,2020-03-16 14:30:00,1.75,0.5,0.8,13
2020-03-16 16:30:00,2020-03-16 19:15:00,3.0,1.1,1.8416666666666668,16
2020-03-16 20:45:00,2020-03-16 21:30:00,1.0,1.2,1.5250000000000001,20
2020-03-16 23:00:00,2020-03-17 05:00:00,6.25,0.4,1.34,23
2020-03-17 06:45:00,2020-03-17 11:00:00,4.5,0.5,0.9277777777777777,6
2020-03-17 12:30:00,2020-03-17 14:30:00,2.25,1.0,1.5555555555555556,12
2020-03-17 16:00:00,2020-03-18 06:15:00,14.5,0.4,1.3327586206896551,16
2020-03-18 07:45:00,2020-03-18 16:30:00,9.0,0.4,2.7944444444444443,7
2020-03-18 18:15:00,2020-03-19 11:45:00,17.75,3.2,4.328169014084507,18
2020-03-19 14:15:00,2020-03-19 20:45:00,6.75,5.0,5.7333333333333325,14
2020-03-19 22:30:00,2020-03-20 04:45:00,6.5,3.5,4.665384615384615,22
2020-03-20 06:45:00,2020-03-21 03:45:00,21.25,1.8,3.0282352941176467,6
2020-03-21 05:15:00,2020-03-22 00:15:00,19.25,1.4,2.9649350649350654,5
2020-03-22 03:15:00,2020-03-22 23:15:00,20.25,1.9,3.0444444444444443,3
2020-03-23 01:00:00,2020-03-23 11:15:00,10.5,1.8,3.542857142857143,1
2020-03-23 12:45:00,2020-03-25 05:45:00,41.25,1.0,3.006060606060606,12
2020-03-25 07:15:00,2020-03-25 10:00:00,3.0,3.1,3.6166666666666667,7
2020-03-25 11:30:00,2020-03-25 18:45:00,7.5,2.1,3.2433333333333327,11
2020-03-25 21:45:00,2020-03-26 05:30:00,8.0,2.1,2.90625,21
2020-03-26 07:00:00,2020-03-27 07:30:00,24.75,1.7,3.2323232323232327,7
2020-03-27 09:00:00,2020-03-27 12:00:00,3.25,2.4,2.8923076923076922,9
2020-03-27 13:30:00,2020-03-28 06:15:00,17.0,2.1,4.202941176470589,13
2020-03-28 09:45:00,2020-03-28 11:45:00,2.25,4.2,4.544444444444445,9
2020-03-28 13:30:00,2020-03-28 16:00:00,2.75,3.9,4.345454545454545,13
2020-03-28 17:45:00,2020-03-28 20:45:00,3.25,3.7,5.423076923076923,17
2020-03-28 22:45:00,2020-03-29 05:30:00,7.0,3.9,4.807142857142858,22
2020-03-29 07:30:00,2020-03-29 08:15:00,1.0,4.8,4.949999999999999,7
2020-03-29 09:45:00,2020-03-29 12:45:00,3.25,5.0,5.199999999999999,9
2020-03-29 16:45:00,2020-03-29 22:30:00,6.0,3.5,4.033333333333333,16
2020-03-30 03:45:00,2020-03-30 07:45:00,4.25,3.8,4.117647058823529,3
2020-03-30 09:45:00,2020-03-30 10:30:00,1.0,3.9,4.0,9
2020-03-30 12:45:00,2020-03-30 14:45:00,2.25,4.1,4.588888888888889,12
2020-03-30 16:30:00,2020-03-30 22:00:00,5.75,3.1,3.599999999999999,16
2020-03-31 01:15:00,2020-03-31 01:30:00,0.5,3.1,3.25,1
2020-03-31 03:00:00,2020-03-31 06:15:00,3.5,3.4,3.8071428571428574,3
2020-03-31 10:45:00,2020-03-31 20:30:00,10.0,5.3,5.757499999999999,10
2020-04-01 00:15:00,2020-04-01 00:45:00,0.75,4.6,4.766666666666667,0
2020-04-01 06:30:00,2020-04-01 08:30:00,2.25,5.2,5.48888888888889,6
2020-04-01 15:00:00,2020-04-01 18:15:00,3.5,6.1,6.357142857142856,15
2020-04-01 21:30:00,2020-04-01 23:30:00,2.25,5.5,5.722222222222222,21
2020-04-02 01:00:00,2020-04-02 03:30:00,2.75,5.1,5.345454545454545,1
2020-04-02 07:30:00,2020-04-02 08:00:00,0.75,5.0,5.166666666666667,7
2020-04-02 10:15:00,2020-04-02 12:45:00,2.75,5.0,5.281818181818182,10
2020-04-02 14:15:00,2020-04-02 17:45:00,3.75,5.2,5.826666666666667,14
2020-04-02 19:30:00,2020-04-03 10:15:00,15.0,4.2,5.503333333333332,19
2020-04-03 12:00:00,2020-04-03 13:45:00,2.0,6.1,6.225,12
2020-04-03 15:15:00,2020-04-03 16:30:00,1.5,6.0,6.233333333333333,15
2020-04-03 18:00:00,2020-04-03 18:15:00,0.5,5.9,6.050000000000001,18
2020-04-03 21:15:00,2020-04-03 23:15:00,2.25,5.7,5.877777777777778,21
2020-04-04 01:00:00,2020-04-04 07:45:00,7.0,4.8,5.396428571428572,1
2020-04-04 12:00:00,2020-04-04 13:45:00,2.0,5.5,5.7125,12
2020-04-04 19:45:00,2020-04-05 00:00:00,4.5,5.4,5.916666666666667,19
2020-04-05 03:00:00,2020-04-05 05:15:00,2.5,5.1,5.39,3
2020-04-05 10:00:00,2020-04-05 14:45:00,5.0,5.3,5.755,10
2020-04-05 16:30:00,2020-04-05 17:30:00,1.25,5.8,6.06,16
2020-04-05 19:15:00,2020-04-05 20:30:00,1.5,5.7,5.95,19
2020-04-05 22:30:00,2020-04-05 23:15:00,1.0,5.8,5.949999999999999,22
2020-04-06 01:00:00,2020-04-06 18:30:00,17.75,4.9,5.8394366197183105,1
2020-04-06 20:00:00,2020-04-06 21:30:00,1.75,6.5,6.828571428571429,20
2020-04-06 23:15:00,2020-04-07 00:30:00,1.5,5.5,6.083333333333333,23
2020-04-07 02:15:00,2020-04-07 07:15:00,5.25,5.0,5.942857142857143,2
2020-04-07 10:15:00,2020-04-07 14:00:00,4.0,4.6,5.19375,10
2020-04-07 15:30:00,2020-04-07 17:15:00,2.0,4.0,5.3875,15
2020-04-07 19:15:00,2020-04-07 21:00:00,2.0,4.6,5.325,19
2020-04-07 22:30:00,2020-04-07 23:00:00,0.75,4.8,5.0,22
2020-04-08 00:45:00,2020-04-08 02:30:00,2.0,4.8,5.1625,0
2020-04-08 04:00:00,2020-04-08 13:00:00,9.25,4.2,4.997297297297298,4
2020-04-08 15:00:00,2020-04-08 17:45:00,3.0,4.9,5.116666666666666,15
2020-04-08 19:45:00,2020-04-09 00:30:00,5.0,3.9,4.715000000000001,19
2020-04-09 03:00:00,2020-04-09 12:45:00,10.0,4.1,4.6274999999999995,3
2020-04-09 16:00:00,2020-04-09 17:45:00,2.0,4.6,5.012499999999999,16
2020-04-09 19:30:00,2020-04-09 23:00:00,3.75,3.6,4.426666666666666,19
2020-04-10 00:30:00,2020-04-10 06:00:00,5.75,5.0,5.347826086956522,0
2020-04-10 12:45:00,2020-04-10 14:00:00,1.5,5.6,5.8500000000000005,12
2020-04-10 16:00:00,2020-04-10 18:30:00,2.75,5.4,5.981818181818183,16
2020-04-10 22:15:00,2020-04-11 01:30:00,3.5,5.1,5.32142857142857,22
2020-04-11 04:00:00,2020-04-11 05:00:00,1.25,5.0,5.18,4
2020-04-11 06:45:00,2020-04-11 07:15:00,0.75,5.1,5.233333333333333,6
2020-04-11 13:00:00,2020-04-11 13:15:00,0.5,5.8,6.05,13
2020-04-11 16:45:00,2020-04-11 21:30:00,5.0,5.4,5.89,16
2020-04-12 00:00:00,2020-04-12 00:45:00,1.0,5.5,5.7250000000000005,0
2020-04-12 05:30:00,2020-04-12 09:30:00,4.25,4.9,5.694117647058823,5
2020-04-12 15:30:00,2020-04-12 21:15:00,6.0,4.4,5.75,15
2020-04-13 00:15:00,2020-04-13 08:15:00,8.25,3.5,4.036363636363636,0
2020-04-13 10:00:00,2020-04-14 02:00:00,16.25,3.1,4.050769230769231,10
2020-04-14 03:30:00,2020-04-14 04:00:00,0.75,3.2,3.4333333333333336,3
2020-04-14 05:30:00,2020-04-14 07:00:00,1.75,3.1,3.4,5
2020-04-14 08:30:00,2020-04-14 09:30:00,1.25,3.3,3.5,8
2020-04-14 11:45:00,2020-04-14 13:00:00,1.5,3.5,4.066666666666667,11
2020-04-14 16:45:00,2020-04-14 22:00:00,5.5,3.4,4.131818181818181,16
2020-04-15 01:30:00,2020-04-15 03:00:00,1.75,4.5,4.742857142857142,1
2020-04-15 04:45:00,2020-04-15 05:00:00,0.5,4.5,4.65,4
2020-04-15 13:30:00,2020-04-15 14:45:00,1.5,6.6,6.983333333333333,13
2020-04-15 17:00:00,2020-04-16 05:00:00,12.25,5.7,6.579591836734694,17
2020-04-16 07:45:00,2020-04-16 10:15:00,2.75,6.4,6.7363636363636346,7
2020-04-16 12:15:00,2020-04-16 15:00:00,3.0,6.9,7.558333333333333,12
2020-04-16 17:00:00,2020-04-16 22:30:00,5.75,6.7,7.465217391304347,17
2020-04-17 00:15:00,2020-04-17 00:45:00,0.75,6.5,6.7,0
2020-04-17 02:30:00,2020-04-17 03:00:00,0.75,6.6,6.733333333333334,2
2020-04-17 04:30:00,2020-04-17 08:45:00,4.5,6.0,6.227777777777778,4
2020-04-17 12:00:00,2020-04-17 12:45:00,1.0,6.8,7.075,12
2020-04-17 14:15:00,2020-04-18 09:15:00,19.25,5.0,6.164935064935065,14
2020-04-18 10:45:00,2020-04-18 15:45:00,5.25,5.2,5.5476190476190474,10
2020-04-18 17:15:00,2020-04-19 06:15:00,13.25,4.1,4.9245283018867925,17
2020-04-19 08:00:00,2020-04-19 11:15:00,3.5,3.7,4.285714285714286,8
2020-04-19 14:45:00,2020-04-20 08:15:00,17.75,3.9,5.228169014084507,14
2020-04-20 09:45:00,2020-04-20 19:30:00,10.0,4.0,5.615,9
2020-04-20 21:00:00,2020-04-21 12:30:00,15.75,3.6,4.760317460317461,21
2020-04-21 14:15:00,2020-04-21 14:45:00,0.75,5.0,5.166666666666667,14
2020-04-21 16:30:00,2020-04-22 12:00:00,19.75,3.2,4.873417721518988,16
2020-04-22 14:30:00,2020-04-23 03:00:00,12.75,5.3,6.170588235294119,14
2020-04-23 04:30:00,2020-04-23 06:00:00,1.75,4.7,5.357142857142857,4
2020-04-23 10:15:00,2020-04-23 11:30:00,1.5,5.3,5.416666666666667,10
2020-04-23 13:45:00,2020-04-23 20:45:00,7.25,3.5,4.258620689655173,13
2020-04-24 00:00:00,2020-04-24 07:15:00,7.5,3.5,3.9000000000000004,0
2020-04-24 09:00:00,2020-04-24 10:30:00,1.75,3.7,3.9714285714285715,9
2020-04-24 13:45:00,2020-04-24 19:00:00,5.5,3.3,4.250000000000001,13
2020-04-24 22:45:00,2020-04-25 13:30:00,15.0,2.9,3.7483333333333335,22
2020-04-25 17:30:00,2020-04-25 19:00:00,1.75,3.6,4.0,17
2020-04-25 22:00:00,2020-04-26 13:00:00,15.25,2.4,3.367213114754098,22
2020-04-26 14:45:00,2020-04-27 02:30:00,12.0,3.9,4.960416666666667,14
2020-04-27 04:00:00,2020-04-27 06:30:00,2.75,4.4,4.827272727272727,4
2020-04-27 08:15:00,2020-04-27 08:45:00,0.75,4.8,5.0,8
2020-04-27 11:45:00,2020-04-27 17:30:00,6.0,4.9,5.7375,11
2020-04-27 19:00:00,2020-04-28 00:15:00,5.5,4.2,5.095454545454547,19
2020-04-28 03:15:00,2020-04-28 11:45:00,8.75,4.4,5.171428571428572,3
2020-04-28 16:45:00,2020-04-28 19:00:00,2.5,5.4,6.1,16
2020-04-28 20:45:00,2020-04-29 04:45:00,8.25,5.2,5.760606060606061,20
2020-04-29 08:00:00,2020-04-29 11:30:00,3.75,4.7,5.366666666666666,8
2020-04-29 14:15:00,2020-04-29 14:45:00,0.75,5.3,5.733333333333333,14
2020-04-29 16:45:00,2020-04-29 21:45:00,5.25,4.3,5.304761904761905,16
2020-04-29 23:15:00,2020-04-30 02:00:00,3.0,4.2,4.591666666666666,23
2020-04-30 03:30:00,2020-04-30 06:45:00,3.5,3.8,4.435714285714285,3
2020-04-30 10:15:00,2020-04-30 17:00:00,7.0,4.4,4.992857142857142,10
2020-04-30 18:30:00,2020-04-30 20:45:00,2.5,3.7,4.880000000000001,18
2020-04-30 22:15:00,2020-04-30 22:30:00,0.5,4.0,4.2,22
2020-05-01 01:30:00,2020-05-01 07:15:00,6.0,3.8,4.245833333333333,1
2020-05-01 08:45:00,2020-05-01 13:30:00,5.0,3.9,4.719999999999999,8
2020-05-01 16:00:00,2020-05-02 06:15:00,14.5,3.3,4.6499999999999995,16
2020-05-02 08:00:00,2020-05-03 02:15:00,18.5,3.8,5.05,8
2020-05-03 04:00:00,2020-05-05 08:45:00,53.0,3.9,5.8051886792452825,4
2020-05-05 10:15:00,2020-05-05 11:15:00,1.25,5.4,5.8,10
2020-05-05 13:00:00,2020-05-06 00:00:00,11.25,5.2,6.48,13
2020-05-06 01:45:00,2020-05-06 22:15:00,20.75,5.0,6.386746987951806,1
2020-05-07 02:15:00,2020-05-07 04:45:00,2.75,6.1,6.254545454545454,2
2020-05-07 06:15:00,2020-05-07 06:45:00,0.75,5.6,6.033333333333334,6
2020-05-07 08:15:00,2020-05-07 09:15:00,1.25,5.9,6.14,8
2020-05-07 11:15:00,2020-05-07 15:45:00,4.75,5.7,5.973684210526316,11
2020-05-07 17:30:00,2020-05-07 18:30:00,1.25,5.9,6.1,17
2020-05-07 20:00:00,2020-05-08 02:15:00,6.5,5.9,6.446153846153846,20
2020-05-08 03:45:00,2020-05-08 06:00:00,2.5,5.7,6.040000000000001,3
2020-05-08 15:15:00,2020-05-08 16:30:00,1.5,6.0,6.1499999999999995,15
2020-05-08 18:15:00,2020-05-08 19:30:00,1.5,5.6,5.766666666666668,18
2020-05-09 02:30:00,2020-05-09 04:00:00,1.75,5.2,5.3428571428571425,2
2020-05-09 10:00:00,2020-05-09 10:45:00,1.0,5.4,5.449999999999999,10
2020-05-09 16:30:00,2020-05-09 17:30:00,1.25,5.3,5.540000000000001,16
2020-05-09 20:00:00,2020-05-10 01:30:00,5.75,4.9,5.217391304347825,20
2020-05-10 03:00:00,2020-05-10 05:00:00,2.25,4.8,5.033333333333333,3
2020-05-10 08:00:00,2020-05-10 09:00:00,1.25,4.8,5.5,8
2020-05-10 13:15:00,2020-05-10 15:00:00,2.0,6.3,6.475,13
2020-05-10 18:00:00,2020-05-11 00:15:00,6.5,5.2,5.734615384615386,18
2020-05-11 05:30:00,2020-05-11 08:45:00,3.5,5.0,5.557142857142857,5
2020-05-11 15:15:00,2020-05-12 00:45:00,9.75,5.7,6.384615384615385,15
2020-05-12 02:15:00,2020-05-12 13:45:00,11.75,5.3,6.338297872340427,2
2020-05-12 17:30:00,2020-05-13 00:30:00,7.25,6.9,7.551724137931035,17
2020-05-13 02:00:00,2020-05-13 05:15:00,3.5,6.4,6.7142857142857135,2
2020-05-13 06:45:00,2020-05-13 08:45:00,2.25,6.4,6.5555555555555545,6
2020-05-13 10:15:00,2020-05-13 11:00:00,1.0,6.4,6.6,10
2020-05-13 12:30:00,2020-05-13 14:15:00,2.0,6.6,7.3,12
2020-05-13 15:45:00,2020-05-13 16:15:00,0.75,7.8,7.866666666666667,15
2020-05-13 17:45:00,2020-05-13 20:00:00,2.5,7.1,7.519999999999999,17
2020-05-13 22:00:00,2020-05-14 02:00:00,4.25,6.1,6.98235294117647,22
2020-05-14 03:30:00,2020-05-14 07:45:00,4.5,5.9,6.361111111111111,3
2020-05-14 12:15:00,2020-05-14 13:15:00,1.25,6.5,6.74,12
2020-05-14 18:15:00,2020-05-15 02:15:00,8.25,5.2,5.984848484848484,18
2020-05-15 04:00:00,2020-05-15 06:00:00,2.25,5.1,5.422222222222222,4
2020-05-15 08:30:00,2020-05-15 09:30:00,1.25,5.1,5.32,8
2020-05-15 16:15:00,2020-05-16 02:00:00,10.0,4.3,5.92,16
2020-05-16 03:30:00,2020-05-16 13:30:00,10.25,4.6,5.419512195121951,3
2020-05-16 15:15:00,2020-05-16 23:45:00,8.75,5.4,6.231428571428571,15
2020-05-17 01:15:00,2020-05-17 02:15:00,1.25,5.3,5.76,1
2020-05-17 04:00:00,2020-05-18 00:00:00,20.25,4.2,5.622222222222223,4
2020-05-18 06:30:00,2020-05-18 10:30:00,4.25,4.9,5.176470588235294,6
2020-05-18 12:15:00,2020-05-18 13:30:00,1.5,4.9,5.316666666666667,12
2020-05-18 15:00:00,2020-05-19 03:30:00,12.75,4.4,5.307843137254903,15
2020-05-19 05:15:00,2020-05-19 12:15:00,7.25,4.9,5.606896551724139,5
2020-05-19 13:45:00,2020-05-19 14:45:00,1.25,5.6,6.340000000000001,13
2020-05-19 16:15:00,2020-05-20 10:00:00,18.0,4.0,5.759722222222223,16
2020-05-20 11:30:00,2020-05-20 12:00:00,0.75,4.9,5.133333333333334,11
2020-05-20 13:30:00,2020-05-21 02:30:00,13.25,3.8,5.169811320754716,13
2020-05-21 05:00:00,2020-05-21 07:30:00,2.75,4.1,4.427272727272728,5
2020-05-21 09:00:00,2020-05-21 10:45:00,2.0,4.0,4.300000000000001,9
2020-05-21 12:30:00,2020-05-21 13:00:00,0.75,4.6,4.733333333333333,12
2020-05-21 14:30:00,2020-05-22 03:45:00,13.5,4.6,5.772222222222222,14
2020-05-22 05:15:00,2020-05-22 11:15:00,6.25,4.3,5.1,5
2020-05-22 12:45:00,2020-05-23 02:30:00,14.0,5.1,5.916071428571429,12
2020-05-23 04:00:00,2020-05-23 08:30:00,4.75,4.9,5.363157894736842,4
2020-05-23 10:15:00,2020-05-23 10:45:00,0.75,5.0,5.233333333333333,10
2020-05-23 12:45:00,2020-05-24 04:00:00,15.5,4.3,5.719354838709678,12
2020-05-24 09:15:00,2020-05-24 10:45:00,1.75,4.9,5.457142857142857,9
2020-05-24 13:15:00,2020-05-24 15:45:00,2.75,5.2,5.863636363636363,13
2020-05-24 17:15:00,2020-05-24 21:30:00,4.5,5.7,6.161111111111111,17
2020-05-24 23:00:00,2020-05-25 05:15:00,6.5,4.8,5.392307692307693,23
2020-05-25 07:45:00,2020-05-25 08:45:00,1.25,4.3,4.659999999999999,7
2020-05-25 11:15:00,2020-05-25 13:00:00,2.0,5.1,5.425,11
2020-05-25 18:00:00,2020-05-26 08:15:00,14.5,3.3,4.548275862068966,18
2020-05-26 13:30:00,2020-05-26 18:15:00,5.0,2.9,4.165000000000001,13
2020-05-26 20:15:00,2020-05-27 00:15:00,4.25,2.4,2.764705882352941,20
2020-05-27 02:30:00,2020-05-27 05:30:00,3.25,2.8,3.0999999999999996,2
2020-05-27 07:00:00,2020-05-27 08:15:00,1.5,2.7,2.9666666666666663,7
2020-05-27 12:30:00,2020-05-27 13:30:00,1.25,3.2,3.3600000000000003,12
2020-05-27 17:15:00,2020-05-27 19:30:00,2.5,3.0,3.35,17
2020-05-27 22:00:00,2020-05-28 09:45:00,12.0,1.6,2.2541666666666664,22
2020-05-28 11:15:00,2020-05-28 19:00:00,8.0,2.0,2.9468750000000004,11
2020-05-28 20:30:00,2020-05-30 17:45:00,45.5,1.1,2.3560439560439566,20
2020-05-30 19:15:00,2020-05-31 22:15:00,27.25,0.5,1.8128440366972476,19
2020-06-01 01:30:00,2020-06-01 09:15:00,8.0,0.3,0.8656250000000001,1
2020-06-01 11:00:00,2020-06-02 10:30:00,23.75,0.7,2.6726315789473687,11
2020-06-02 12:00:00,2020-06-02 15:30:00,3.75,4.0,4.713333333333334,12
2020-06-02 17:00:00,2020-06-03 03:00:00,10.25,3.4,4.582926829268293,17
2020-06-03 06:00:00,2020-06-03 09:15:00,3.5,3.6,4.092857142857143,6
2020-06-03 10:45:00,2020-06-03 12:15:00,1.75,3.1,3.414285714285714,10
2020-06-03 13:45:00,2020-06-04 04:30:00,15.0,2.4,3.4650000000000003,13
2020-06-04 06:15:00,2020-06-04 07:45:00,1.75,3.6,4.057142857142857,6
2020-06-04 10:15:00,2020-06-04 12:30:00,2.5,2.8,3.6399999999999997,10
2020-06-04 14:30:00,2020-06-04 14:45:00,0.5,3.6,3.7,14
2020-06-04 17:00:00,2020-06-05 10:15:00,17.5,2.9,3.565714285714286,17
2020-06-05 11:45:00,2020-06-05 16:00:00,4.5,3.5,4.405555555555555,11
2020-06-05 17:45:00,2020-06-05 21:30:00,4.0,4.1,5.24375,17
2020-06-05 23:15:00,2020-06-06 02:15:00,3.25,2.8,3.861538461538461,23
2020-06-06 03:45:00,2020-06-06 05:45:00,2.25,3.7,4.5,3
2020-06-06 10:00:00,2020-06-06 11:45:00,2.0,4.5,5.0375,10
2020-06-06 13:15:00,2020-06-06 13:30:00,0.5,4.8,4.9,13
2020-06-06 16:30:00,2020-06-06 17:30:00,1.25,3.8,4.279999999999999,16
2020-06-06 19:15:00,2020-06-06 20:30:00,1.5,3.5,4.05,19
2020-06-06 22:15:00,2020-06-07 00:45:00,2.75,3.0,3.472727272727273,22
2020-06-07 16:15:00,2020-06-07 17:45:00,1.75,5.9,6.114285714285715,16
2020-06-07 23:00:00,2020-06-07 23:30:00,0.75,3.8,3.9,23
2020-06-08 07:15:00,2020-06-08 08:45:00,1.75,4.9,5.1,7
2020-06-08 12:15:00,2020-06-08 15:15:00,3.25,3.1,4.592307692307693,12
2020-06-09 07:15:00,2020-06-09 07:30:00,0.5,2.7,2.9000000000000004,7
2020-06-10 09:15:00,2020-06-10 10:00:00,1.0,2.2,2.675,9
2020-06-10 15:30:00,2020-06-10 16:15:00,1.0,3.2,3.3,15
2020-06-11 06:30:00,2020-06-11 07:45:00,1.5,1.7,2.483333333333333,6
2020-06-11 16:00:00,2020-06-11 17:15:00,1.5,2.2,2.3166666666666664,16
2020-06-11 20:00:00,2020-06-11 20:45:00,1.0,2.3,2.425,20
2020-06-13 05:30:00,2020-06-13 06:45:00,1.5,2.3,2.4666666666666663,5
2020-06-13 11:15:00,2020-06-13 13:15:00,2.25,2.1,2.244444444444445,11
2020-06-13 17:15:00,2020-06-13 18:15:00,1.25,1.8,1.9,17
2020-06-14 02:00:00,2020-06-14 03:15:00,1.5,1.4,1.5333333333333332,2
2020-06-14 11:45:00,2020-06-14 16:15:00,4.75,1.0,1.526315789473684,11
2020-06-14 17:45:00,2020-06-15 10:15:00,16.75,0.9,1.7462686567164178,17
2020-06-15 12:30:00,2020-06-15 15:15:00,3.0,0.4,0.9,12
2020-06-15 17:00:00,2020-06-15 19:00:00,2.25,0.1,0.911111111111111,17
2020-06-16 00:30:00,2020-06-16 06:45:00,6.5,2.5,2.853846153846154,0
2020-06-16 12:15:00,2020-06-16 14:00:00,2.0,2.1,2.25,12
2020-06-16 15:45:00,2020-06-16 20:00:00,4.5,1.8,2.238888888888889,15
2020-06-17 03:45:00,2020-06-17 08:45:00,5.25,1.6,2.0952380952380953,3
2020-06-17 13:15:00,2020-06-17 14:00:00,1.0,1.9,2.05,13
2020-06-17 20:00:00,2020-06-17 23:30:00,3.75,1.6,1.7733333333333334,20
2020-06-18 03:15:00,2020-06-18 04:15:00,1.25,0.8,0.9199999999999999,3
2020-06-18 13:00:00,2020-06-18 15:30:00,2.75,2.6,3.1363636363636362,13
2020-06-18 17:45:00,2020-06-19 10:30:00,17.0,0.7,2.4088235294117646,17
2020-06-19 12:00:00,2020-06-19 13:30:00,1.75,1.4,2.1285714285714286,12
2020-06-19 15:00:00,2020-06-19 16:30:00,1.75,3.4,3.614285714285714,15
2020-06-19 18:00:00,2020-06-20 07:45:00,14.0,0.7,2.6321428571428567,18
2020-06-20 09:15:00,2020-06-20 11:00:00,2.0,1.2,1.5125,9
2020-06-20 13:30:00,2020-06-20 14:00:00,0.75,1.8,1.9000000000000001,13
2020-06-20 15:30:00,2020-06-20 22:30:00,7.25,1.5,2.851724137931035,15
2020-06-21 00:00:00,2020-06-21 12:15:00,12.5,1.3,2.278,0
2020-06-21 14:00:00,2020-06-22 05:45:00,16.0,1.4,2.9859375,14
2020-06-22 07:15:00,2020-06-22 08:15:00,1.25,2.3,2.6799999999999997,7
2020-06-22 12:00:00,2020-06-23 02:00:00,14.25,2.0,2.768421052631579,12
2020-06-23 03:30:00,2020-06-23 04:45:00,1.5,2.7,2.9333333333333336,3
2020-06-23 07:30:00,2020-06-23 08:45:00,1.5,4.0,4.1,7
2020-06-23 11:45:00,2020-06-23 12:45:00,1.25,4.1,4.139999999999999,11
2020-06-23 14:15:00,2020-06-23 17:30:00,3.5,3.4,4.107142857142857,14
2020-06-23 21:00:00,2020-06-23 23:00:00,2.25,2.9,3.144444444444444,21
2020-06-24 00:45:00,2020-06-24 12:00:00,11.5,2.2,3.132608695652174,0
2020-06-24 13:30:00,2020-06-24 13:45:00,0.5,3.2,3.45,13
2020-06-24 17:00:00,2020-06-24 21:00:00,4.25,2.3,2.6705882352941175,17
2020-06-25 03:15:00,2020-06-25 06:00:00,3.0,2.4,2.966666666666667,3
2020-06-25 12:00:00,2020-06-25 19:30:00,7.75,1.5,2.2709677419354835,12
2020-06-25 21:00:00,2020-06-25 22:15:00,1.5,1.3,1.5333333333333332,21
2020-06-26 00:45:00,2020-06-26 05:30:00,5.0,1.0,1.3350000000000002,0
2020-06-26 07:00:00,2020-06-26 11:00:00,4.25,0.5,0.8,7
2020-06-26 16:45:00,2020-06-26 17:45:00,1.25,0.6,0.76,16
2020-06-27 16:45:00,2020-06-27 18:00:00,1.5,0.3,0.39999999999999997,16
2020-06-27 19:30:00,2020-06-27 22:00:00,2.75,0.1,0.4454545454545454,19
2020-06-28 10:45:00,2020-06-28 11:30:00,1.0,0.4,0.55,10
2020-06-28 13:30:00,2020-06-28 14:30:00,1.25,0.9,1.1800000000000002,13
2020-06-28 16:45:00,2020-06-28 19:30:00,3.0,1.8,3.2583333333333333,16
2020-06-28 21:00:00,2020-06-29 13:00:00,16.25,0.8,2.2430769230769227,21
2020-06-29 14:30:00,2020-06-30 06:15:00,16.0,1.3,3.23125,14
2020-06-30 12:45:00,2020-06-30 14:00:00,1.5,3.2,3.4499999999999997,12
2020-06-30 16:00:00,2020-06-30 22:30:00,6.75,1.9,2.414814814814815,16
2020-07-01 00:00:00,2020-07-01 03:00:00,3.25,2.2,2.5999999999999996,0
2020-07-01 04:45:00,2020-07-01 05:00:00,0.5,1.9,2.25,4
2020-07-01 06:30:00,2020-07-01 09:30:00,3.25,1.0,1.4230769230769231,6
2020-07-01 15:45:00,2020-07-02 05:45:00,14.25,1.3,2.214035087719298,15
2020-07-02 11:45:00,2020-07-02 16:00:00,4.5,2.7,3.022222222222222,11
2020-07-02 17:45:00,2020-07-03 05:15:00,11.75,1.9,2.4489361702127663,17
2020-07-03 12:15:00,2020-07-03 13:00:00,1.0,2.9,3.175,12
2020-07-03 17:45:00,2020-07-04 06:00:00,12.5,1.5,2.6220000000000003,17
2020-07-04 14:00:00,2020-07-04 15:15:00,1.5,2.8,3.0500000000000003,14
2020-07-04 17:45:00,2020-07-04 19:00:00,1.5,2.5,2.5666666666666664,17
2020-07-04 20:30:00,2020-07-04 22:00:00,1.75,2.2,2.528571428571429,20
2020-07-05 00:15:00,2020-07-05 06:15:00,6.25,2.1,2.58,0
2020-07-05 10:00:00,2020-07-05 14:45:00,5.0,3.0,3.405,10
2020-07-05 17:45:00,2020-07-06 01:15:00,7.75,2.8,4.335483870967742,17
2020-07-06 02:45:00,2020-07-06 05:30:00,3.0,3.3,3.908333333333333,2
2020-07-06 11:30:00,2020-07-06 16:00:00,4.75,3.9,4.1421052631578945,11
2020-07-06 17:30:00,2020-07-06 22:45:00,5.5,3.0,3.5454545454545454,17
2020-07-07 01:15:00,2020-07-07 01:30:00,0.5,3.1,3.2,1
2020-07-07 05:00:00,2020-07-07 08:00:00,3.25,2.2,2.8076923076923075,5
2020-07-07 11:15:00,2020-07-07 12:30:00,1.5,3.2,3.3333333333333326,11
2020-07-07 17:30:00,2020-07-07 18:00:00,0.75,3.0,3.233333333333333,17
2020-07-07 20:30:00,2020-07-07 21:00:00,0.75,2.8,2.8666666666666667,20
2020-07-07 22:30:00,2020-07-08 05:45:00,7.5,1.9,2.37,22
2020-07-08 07:15:00,2020-07-08 08:30:00,1.5,1.7,2.2166666666666663,7
2020-07-08 10:30:00,2020-07-08 15:00:00,4.75,2.1,2.4789473684210526,10
2020-07-08 16:45:00,2020-07-08 21:00:00,4.5,1.5,1.877777777777778,16
2020-07-09 04:45:00,2020-07-09 06:00:00,1.5,1.2,1.383333333333333,4
2020-07-09 08:15:00,2020-07-09 11:45:00,3.75,1.4,1.7600000000000002,8
2020-07-09 17:00:00,2020-07-09 22:00:00,5.25,1.3,2.1238095238095234,17
2020-07-09 23:30:00,2020-07-10 09:15:00,10.0,0.7,1.315,23
2020-07-10 11:30:00,2020-07-10 11:45:00,0.5,1.3,1.55,11
2020-07-10 14:15:00,2020-07-10 15:45:00,1.75,1.6,2.028571428571429,14
2020-07-10 20:00:00,2020-07-10 22:45:00,3.0,2.0,2.2000000000000006,20
2020-07-11 02:30:00,2020-07-11 12:00:00,9.75,1.2,1.8461538461538463,2
2020-07-11 13:30:00,2020-07-11 13:45:00,0.5,2.2,2.35,13
2020-07-11 15:15:00,2020-07-11 17:30:00,2.5,2.6,2.87,15
2020-07-11 20:15:00,2020-07-12 07:30:00,11.5,1.3,2.491304347826087,20
2020-07-12 09:00:00,2020-07-12 10:45:00,2.0,2.0,2.2750000000000004,9
2020-07-12 14:00:00,2020-07-12 22:45:00,9.0,1.9,3.1861111111111113,14
2020-07-13 01:30:00,2020-07-13 05:00:00,3.75,2.7,3.3266666666666667,1
2020-07-13 06:30:00,2020-07-13 07:30:00,1.25,2.2,2.38,6
2020-07-13 09:00:00,2020-07-13 10:15:00,1.5,2.0,2.1,9
2020-07-13 14:15:00,2020-07-13 22:00:00,8.0,1.0,1.7750000000000001,14
2020-07-13 23:45:00,2020-07-14 06:00:00,6.5,1.0,1.419230769230769,23
2020-07-14 07:45:00,2020-07-14 19:45:00,12.25,0.7,1.4122448979591837,7
2020-07-14 21:45:00,2020-07-15 02:30:00,5.0,0.5,1.005,21
2020-07-15 05:00:00,2020-07-15 07:15:00,2.5,0.3,0.52,5
2020-07-15 09:45:00,2020-07-15 10:45:00,1.25,0.7,0.7399999999999999,9
2020-07-15 14:15:00,2020-07-15 15:30:00,1.5,0.7,1.0833333333333333,14
2020-07-15 18:00:00,2020-07-15 21:45:00,4.0,0.7,2.93125,18
2020-07-16 00:15:00,2020-07-16 01:00:00,1.0,1.0,1.2,0
2020-07-16 05:30:00,2020-07-16 11:00:00,5.75,0.7,1.0304347826086957,5
2020-07-16 12:30:00,2020-07-16 15:00:00,2.75,1.1,3.336363636363636,12
2020-07-16 21:30:00,2020-07-16 22:45:00,1.5,0.5,1.2666666666666666,21
2020-07-17 18:00:00,2020-07-17 20:30:00,2.75,0.1,3.1454545454545455,18
2020-07-18 11:45:00,2020-07-18 12:00:00,0.5,0.7,0.95,11
2020-07-18 14:00:00,2020-07-18 15:00:00,1.25,0.3,0.4,14
2020-07-22 11:30:00,2020-07-22 11:45:00,0.5,0.4,0.65,11
2020-07-22 15:30:00,2020-07-22 21:45:00,6.5,0.4,1.0153846153846153,15
2020-07-22 23:15:00,2020-07-23 04:00:00,5.0,0.3,0.585,23
2020-07-23 06:45:00,2020-07-23 08:00:00,1.5,1.2,1.4833333333333332,6
2020-07-23 10:30:00,2020-07-23 11:00:00,0.75,1.9,2.3000000000000003,10
2020-07-23 12:45:00,2020-07-23 16:30:00,4.0,1.9,2.6187500000000004,12
2020-07-23 20:45:00,2020-07-24 01:15:00,4.75,1.5,1.9315789473684213,20
2020-07-24 03:00:00,2020-07-24 05:45:00,3.0,1.0,1.3583333333333332,3
2020-07-24 12:45:00,2020-07-24 13:30:00,1.0,1.6,1.75,12
2020-07-25 03:30:00,2020-07-25 05:45:00,2.5,2.2,2.6799999999999997,3
2020-07-26 19:30:00,2020-07-26 22:30:00,3.25,2.3,3.115384615384615,19
2020-07-27 12:15:00,2020-07-27 15:15:00,3.25,4.9,5.092307692307693,12
2020-07-28 02:30:00,2020-07-28 04:15:00,2.0,1.5,3.2875,2
2020-07-29 06:00:00,2020-07-29 09:15:00,3.5,1.9,3.1714285714285717,6
2020-07-30 00:15:00,2020-07-30 00:45:00,0.75,1.4,2.3333333333333335,0
2020-07-30 11:00:00,2020-07-30 13:30:00,2.75,2.3,2.963636363636363,11
2020-07-30 20:45:00,2020-07-30 21:45:00,1.25,2.4,3.34,20
2020-07-31 12:30:00,2020-07-31 15:00:00,2.75,1.9,2.772727272727273,12
2020-07-31 20:15:00,2020-07-31 22:15:00,2.25,1.5,2.5555555555555554,20
2020-08-01 00:00:00,2020-08-01 03:00:00,3.25,1.1,1.4692307692307691,0
2020-08-05 23:45:00,2020-08-06 01:45:00,2.25,0.1,0.32222222222222224,23
2020-08-06 10:45:00,2020-08-06 12:00:00,1.5,0.2,0.4166666666666667,10
2020-08-07 14:15:00,2020-08-07 15:15:00,1.25,0.7,1.2,14
2020-08-07 17:00:00,2020-08-07 17:30:00,0.75,1.3,1.5,17
2020-08-07 19:00:00,2020-08-07 21:30:00,2.75,0.2,1.0909090909090908,19
2020-08-07 23:15:00,2020-08-08 01:15:00,2.25,0.5,0.7555555555555554,23
2020-08-08 02:45:00,2020-08-08 04:15:00,1.75,0.2,0.8,2
2020-08-08 06:00:00,2020-08-08 07:00:00,1.25,0.2,0.26,6
2020-08-08 09:15:00,2020-08-08 13:00:00,4.0,0.2,1.04375,9
2020-08-08 18:45:00,2020-08-08 19:15:00,0.75,2.2,2.4,18
2020-08-08 21:00:00,2020-08-09 02:45:00,6.0,1.0,1.8166666666666667,21
2020-08-09 05:00:00,2020-08-09 07:15:00,2.5,1.0,1.6199999999999999,5
2020-08-09 13:15:00,2020-08-09 15:00:00,2.0,1.7,2.0,13
2020-08-09 17:00:00,2020-08-09 22:15:00,5.5,1.4,1.7727272727272727,17
2020-08-09 23:45:00,2020-08-10 09:00:00,9.5,0.8,2.0842105263157897,23
2020-08-10 14:00:00,2020-08-10 15:00:00,1.25,1.6,1.8199999999999998,14
2020-08-10 17:30:00,2020-08-10 18:15:00,1.0,1.2,1.4000000000000001,17
2020-08-10 19:45:00,2020-08-10 21:15:00,1.75,0.9,1.1428571428571428,19
2020-08-10 22:45:00,2020-08-10 23:15:00,0.75,0.8,1.0666666666666667,22
2020-08-11 00:45:00,2020-08-11 02:00:00,1.5,1.1,1.5333333333333332,0
2020-08-11 03:45:00,2020-08-11 08:00:00,4.5,1.6,2.3,3
2020-08-11 09:30:00,2020-08-11 12:30:00,3.25,1.4,1.5307692307692307,9
2020-08-11 14:15:00,2020-08-11 14:45:00,0.75,1.4,1.5333333333333332,14
2020-08-11 16:45:00,2020-08-11 23:45:00,7.25,0.5,0.9793103448275864,16
2020-08-12 01:45:00,2020-08-12 05:45:00,4.25,0.2,0.7294117647058823,1
2020-08-12 08:00:00,2020-08-12 10:45:00,3.0,0.4,1.3166666666666667,8
2020-08-12 12:45:00,2020-08-12 14:45:00,2.25,0.9,1.4,12
2020-08-12 21:45:00,2020-08-13 04:45:00,7.25,0.2,1.3896551724137933,21
2020-08-13 06:45:00,2020-08-13 07:15:00,0.75,2.1,2.233333333333333,6
2020-08-13 10:00:00,2020-08-13 14:30:00,4.75,0.8,1.547368421052632,10
2020-08-13 17:00:00,2020-08-13 19:30:00,2.75,1.0,1.2909090909090908,17
2020-08-13 22:30:00,2020-08-14 00:45:00,2.5,0.4,1.25,22
2020-08-14 04:00:00,2020-08-14 04:30:00,0.75,1.8,1.8666666666666665,4
2020-08-14 07:30:00,2020-08-14 08:15:00,1.0,1.4,1.475,7
2020-08-14 13:00:00,2020-08-14 17:00:00,4.25,1.1,1.4941176470588236,13
2020-08-14 18:30:00,2020-08-14 18:45:00,0.5,0.7,0.8,18
2020-08-14 20:15:00,2020-08-14 21:30:00,1.5,0.7,0.8333333333333335,20
2020-08-15 03:30:00,2020-08-15 06:30:00,3.25,0.5,0.9076923076923076,3
2020-08-15 16:45:00,2020-08-15 17:15:00,0.75,0.1,0.4000000000000001,16
2020-08-15 18:45:00,2020-08-15 19:45:00,1.25,0.1,0.20000000000000004,18
2020-08-16 01:15:00,2020-08-16 01:45:00,0.75,0.2,0.26666666666666666,1
2020-08-16 03:45:00,2020-08-16 06:15:00,2.75,0.3,0.4818181818181818,3
2020-08-17 00:15:00,2020-08-17 01:15:00,1.25,1.0,1.1199999999999999,0
2020-08-17 05:15:00,2020-08-17 06:30:00,1.5,1.2,1.3666666666666665,5
2020-08-19 11:00:00,2020-08-19 12:15:00,1.5,0.2,0.38333333333333336,11
2020-08-24 04:45:00,2020-08-24 05:30:00,1.0,0.1,0.30000000000000004,4
2020-08-24 17:30:00,2020-08-24 18:15:00,1.0,0.9,1.0750000000000002,17
2020-08-25 05:30:00,2020-08-25 09:00:00,3.75,0.7,2.226666666666667,5
2020-08-25 15:30:00,2020-08-25 17:15:00,2.0,0.7,0.9000000000000001,15
2020-08-25 19:00:00,2020-08-25 19:15:00,0.5,1.1,1.2000000000000002,19
2020-08-26 03:15:00,2020-08-26 04:30:00,1.5,5.2,5.383333333333334,3
2020-08-26 06:00:00,2020-08-26 10:45:00,5.0,1.9,3.005,6
2020-08-26 14:15:00,2020-08-26 15:30:00,1.5,2.2,2.3833333333333333,14
2020-08-26 17:30:00,2020-08-26 18:45:00,1.5,2.0,2.1666666666666665,17
2020-08-27 05:00:00,2020-08-27 09:15:00,4.5,2.4,4.166666666666668,5
2020-08-27 16:30:00,2020-08-27 20:45:00,4.5,1.8,2.5555555555555554,16
2020-08-28 01:00:00,2020-08-28 03:30:00,2.75,1.8,2.145454545454546,1
2020-08-28 09:45:00,2020-08-28 13:00:00,3.5,2.5,2.857142857142857,9
2020-08-28 16:30:00,2020-08-28 19:45:00,3.5,1.8,2.25,16
2020-08-28 22:45:00,2020-08-29 00:30:00,2.0,1.8,2.0375,22
2020-08-29 06:00:00,2020-08-29 13:15:00,7.5,1.5,1.9166666666666667,6
2020-08-29 22:45:00,2020-08-29 23:30:00,1.0,1.6,1.6749999999999998,22
2020-08-30 14:00:00,2020-08-30 18:45:00,5.0,1.1,2.695,14
2020-08-30 22:15:00,2020-08-30 22:30:00,0.5,0.8,1.1,22
2020-08-31 01:45:00,2020-08-31 03:00:00,1.5,0.6,0.6833333333333332,1
2020-08-31 06:15:00,2020-08-31 07:45:00,1.75,0.3,0.6285714285714287,6
2020-08-31 09:30:00,2020-08-31 10:30:00,1.25,0.6,0.6799999999999999,9
2020-08-31 17:45:00,2020-08-31 18:30:00,1.0,0.2,0.35000000000000003,17
2020-09-06 23:00:00,2020-09-06 23:45:00,1.0,0.8,0.8500000000000001,23
2020-09-07 04:30:00,2020-09-07 06:00:00,1.75,0.1,0.21428571428571433,4
2020-09-07 18:30:00,2020-09-08 05:15:00,11.0,1.0,1.8409090909090908,18
2020-09-08 08:15:00,2020-09-08 09:00:00,1.0,1.0,1.15,8
2020-09-08 11:15:00,2020-09-08 11:30:00,0.5,0.9,1.15,11
2020-09-08 13:45:00,2020-09-08 20:45:00,7.25,1.8,2.920689655172414,13
2020-09-08 22:30:00,2020-09-09 00:30:00,2.25,3.3,3.6666666666666665,22
2020-09-09 02:15:00,2020-09-09 03:15:00,1.25,3.8,4.0,2
2020-09-09 05:45:00,2020-09-09 07:15:00,1.75,3.0,3.585714285714286,5
2020-09-09 17:00:00,2020-09-09 23:30:00,6.75,1.9,2.3851851851851853,17
2020-09-10 13:00:00,2020-09-10 14:30:00,1.75,1.4,1.757142857142857,13
2020-09-10 19:15:00,2020-09-11 05:45:00,10.75,1.2,1.7581395348837212,19
2020-09-11 07:15:00,2020-09-11 07:30:00,0.5,1.1,1.2000000000000002,7
2020-09-11 09:45:00,2020-09-11 10:45:00,1.25,1.3,1.44,9
2020-09-11 13:45:00,2020-09-11 19:45:00,6.25,1.5,1.8800000000000003,13
2020-09-11 21:45:00,2020-09-11 23:45:00,2.25,1.7,1.8888888888888888,21
2020-09-12 04:30:00,2020-09-12 05:45:00,1.5,2.1,2.4166666666666665,4
2020-09-12 07:30:00,2020-09-12 08:45:00,1.5,1.6,1.7000000000000002,7
2020-09-12 14:45:00,2020-09-12 17:15:00,2.75,1.1,1.4000000000000001,14
2020-09-12 20:45:00,2020-09-13 00:45:00,4.25,1.5,1.776470588235294,20
2020-09-13 02:15:00,2020-09-13 05:15:00,3.25,1.5,2.307692307692308,2
2020-09-13 08:15:00,2020-09-13 08:45:00,0.75,2.6,2.733333333333333,8
2020-09-13 13:15:00,2020-09-13 14:45:00,1.75,1.7,1.9857142857142855,13
2020-09-13 18:30:00,2020-09-13 19:00:00,0.75,1.9,2.1,18
2020-09-13 23:15:00,2020-09-14 02:15:00,3.25,2.2,2.8,23
2020-09-14 14:00:00,2020-09-14 15:15:00,1.5,3.1,3.533333333333333,14
2020-09-15 13:15:00,2020-09-15 16:00:00,3.0,3.0,4.2749999999999995,13
2020-09-16 12:45:00,2020-09-16 13:15:00,0.75,4.6,5.233333333333333,12
2020-09-16 17:45:00,2020-09-16 19:30:00,2.0,5.5,5.7625,17
2020-09-16 21:45:00,2020-09-16 22:15:00,0.75,5.4,5.5,21
2020-09-17 10:00:00,2020-09-17 11:15:00,1.5,3.9,4.266666666666667,10
2020-09-17 14:00:00,2020-09-17 14:45:00,1.0,4.2,4.325,14
2020-09-17 17:00:00,2020-09-17 18:30:00,1.75,4.1,4.314285714285714,17
2020-09-17 20:00:00,2020-09-17 21:45:00,2.0,4.2,4.45,20
2020-09-18 01:30:00,2020-09-18 02:45:00,1.5,4.0,4.166666666666667,1
2020-09-18 04:30:00,2020-09-18 07:30:00,3.25,3.7,4.0307692307692315,4
2020-09-18 09:15:00,2020-09-18 10:00:00,1.0,3.1,3.2499999999999996,9
2020-09-18 12:30:00,2020-09-18 13:15:00,1.0,3.0,3.1,12
2020-09-18 21:00:00,2020-09-18 21:45:00,1.0,2.8,2.875,21
2020-09-19 03:15:00,2020-09-19 06:45:00,3.75,3.3,3.46,3
2020-09-19 10:15:00,2020-09-19 11:00:00,1.0,2.8,2.925,10
2020-09-19 22:00:00,2020-09-19 23:00:00,1.25,2.7,2.8600000000000003,22
2020-09-20 15:15:00,2020-09-20 17:15:00,2.25,1.7,1.8777777777777775,15
2020-09-20 18:45:00,2020-09-20 21:30:00,3.0,1.7,1.8416666666666666,18
2020-09-21 01:15:00,2020-09-21 01:30:00,0.5,4.3,4.55,1
2020-09-21 03:15:00,2020-09-21 05:15:00,2.25,2.2,3.511111111111111,3
2020-09-21 07:15:00,2020-09-21 08:00:00,1.0,2.0,2.25,7
2020-09-21 11:00:00,2020-09-21 11:45:00,1.0,2.8,2.95,11
2020-09-21 14:15:00,2020-09-21 15:30:00,1.5,2.5,2.75,14
2020-09-22 03:30:00,2020-09-22 06:00:00,2.75,3.1,4.209090909090909,3
2020-09-22 16:30:00,2020-09-22 17:00:00,0.75,3.2,3.466666666666667,16
2020-09-23 03:00:00,2020-09-23 08:00:00,5.25,3.5,4.6380952380952385,3
2020-09-23 13:45:00,2020-09-23 20:15:00,6.75,3.5,4.207407407407408,13
2020-09-24 06:45:00,2020-09-24 10:45:00,4.25,2.9,3.7529411764705882,6
2020-09-24 13:00:00,2020-09-24 13:15:00,0.5,2.9,3.0,13
2020-09-24 19:45:00,2020-09-24 22:00:00,2.5,3.0,3.3599999999999994,19
2020-09-25 04:00:00,2020-09-25 06:00:00,2.25,4.1,4.755555555555556,4
2020-09-25 08:00:00,2020-09-25 10:45:00,3.0,3.1,3.4416666666666664,8
2020-09-26 18:45:00,2020-09-26 19:15:00,0.75,1.8,1.9333333333333336,18
2020-09-26 21:15:00,2020-09-26 21:45:00,0.75,1.5,1.6333333333333335,21
2020-09-27 03:45:00,2020-09-27 04:15:00,0.75,1.2,1.5333333333333332,3
2020-09-27 07:30:00,2020-09-27 08:30:00,1.25,1.2,1.44,7
2020-09-27 23:00:00,2020-09-28 00:45:00,2.0,1.4,1.5875,23
2020-09-28 04:30:00,2020-09-28 04:45:00,0.5,1.8,1.9,4
2020-09-29 11:30:00,2020-09-29 15:15:00,4.0,0.4,0.625,11
2020-09-29 22:30:00,2020-09-30 01:00:00,2.75,1.0,1.5545454545454547,22
2020-09-30 03:30:00,2020-09-30 04:15:00,1.0,2.3,2.5,3
2020-09-30 10:00:00,2020-09-30 11:30:00,1.75,2.2,2.5285714285714285,10
2020-09-30 14:15:00,2020-09-30 18:15:00,4.25,1.6,1.85625,14
2020-09-30 20:45:00,2020-09-30 22:45:00,2.25,1.6,1.7444444444444445,20
2020-10-01 05:30:00,2020-10-01 07:15:00,2.0,1.0,1.275,5
2020-10-02 00:00:00,2020-10-02 02:00:00,2.25,2.1,2.3111111111111113,0
2020-10-02 17:15:00,2020-10-02 18:30:00,1.5,3.0,3.283333333333333,17
2020-10-02 20:15:00,2020-10-02 21:30:00,1.5,4.2,4.566666666666666,20
2020-10-03 00:30:00,2020-10-03 01:45:00,1.5,4.3,4.483333333333333,0
2020-10-03 03:15:00,2020-10-03 06:15:00,3.25,3.9,4.053846153846154,3
2020-10-03 08:30:00,2020-10-03 10:00:00,1.75,3.5,3.6142857142857143,8
2020-10-03 11:45:00,2020-10-03 13:15:00,1.75,3.5,3.7,11
2020-10-03 16:30:00,2020-10-03 21:15:00,5.0,3.2,3.5700000000000003,16
2020-10-04 14:30:00,2020-10-05 04:00:00,13.75,3.4,4.076363636363637,14
2020-10-05 09:30:00,2020-10-05 14:30:00,5.25,3.3,3.661904761904761,9
2020-10-05 16:30:00,2020-10-05 19:00:00,2.75,3.4,3.8636363636363638,16
2020-10-05 22:45:00,2020-10-06 00:15:00,1.75,3.9,4.114285714285715,22
2020-10-06 02:15:00,2020-10-06 02:45:00,0.75,3.7,3.766666666666667,2
2020-10-06 06:15:00,2020-10-06 07:30:00,1.5,4.0,4.1499999999999995,6
2020-10-06 09:00:00,2020-10-06 12:00:00,3.25,3.6,3.984615384615385,9
2020-10-06 16:00:00,2020-10-06 19:30:00,3.75,3.2,3.8800000000000003,16
2020-10-07 01:30:00,2020-10-07 01:45:00,0.5,3.2,3.3,1
2020-10-07 16:45:00,2020-10-07 17:45:00,1.25,3.1,3.46,16
2020-10-07 19:30:00,2020-10-07 21:00:00,1.75,2.8,3.157142857142857,19
2020-10-07 23:30:00,2020-10-08 02:45:00,3.5,2.4,3.114285714285714,23
2020-10-08 04:15:00,2020-10-08 08:45:00,4.75,2.1,2.331578947368421,4
2020-10-08 12:30:00,2020-10-08 13:15:00,1.0,2.5,2.7,12
2020-10-08 17:30:00,2020-10-08 19:30:00,2.25,2.5,2.988888888888889,17
2020-10-08 21:15:00,2020-10-08 22:45:00,1.75,3.0,3.3142857142857145,21
2020-10-09 00:15:00,2020-10-09 03:30:00,3.5,2.8,3.3357142857142854,0
2020-10-09 15:30:00,2020-10-09 17:15:00,2.0,2.4,2.9375,15
2020-10-10 06:45:00,2020-10-10 08:30:00,2.0,4.3,4.875,6
2020-10-10 19:00:00,2020-10-10 21:30:00,2.75,3.4,3.9272727272727277,19
2020-10-11 03:45:00,2020-10-11 06:30:00,3.0,3.6,3.875,3
2020-10-11 08:45:00,2020-10-11 10:30:00,2.0,3.3,3.5374999999999996,8
2020-10-11 12:30:00,2020-10-11 17:45:00,5.5,3.2,3.563636363636363,12
2020-10-11 19:15:00,2020-10-11 23:00:00,4.0,2.9,3.45,19
2020-10-12 00:30:00,2020-10-12 03:00:00,2.75,3.0,3.2,0
2020-10-12 07:00:00,2020-10-12 09:45:00,3.0,2.6,2.858333333333334,7
2020-10-12 13:00:00,2020-10-12 19:00:00,6.25,2.2,2.6959999999999997,13
2020-10-12 20:45:00,2020-10-12 22:30:00,2.0,1.7,2.1624999999999996,20
2020-10-13 02:15:00,2020-10-13 03:30:00,1.5,1.8,2.15,2
2020-10-13 05:30:00,2020-10-13 12:15:00,7.0,1.8,2.142857142857143,5
2020-10-13 15:15:00,2020-10-13 17:00:00,2.0,1.6,1.9625,15
2020-10-13 18:30:00,2020-10-13 20:15:00,2.0,1.4,1.9999999999999998,18
2020-10-13 21:45:00,2020-10-14 04:45:00,7.25,1.0,1.5793103448275863,21
2020-10-14 10:00:00,2020-10-14 13:00:00,3.25,2.0,2.4153846153846157,10
2020-10-14 14:30:00,2020-10-14 15:00:00,0.75,2.1,2.266666666666667,14
2020-10-14 18:00:00,2020-10-14 20:15:00,2.5,1.8,2.14,18
2020-10-14 22:00:00,2020-10-15 02:30:00,4.75,1.6,2.4684210526315793,22
2020-10-15 04:30:00,2020-10-15 08:30:00,4.25,1.7,2.658823529411765,4
2020-10-15 12:15:00,2020-10-16 09:00:00,21.0,1.3,2.1166666666666663,12
2020-10-16 14:30:00,2020-10-16 19:30:00,5.25,2.6,3.457142857142857,14
2020-10-16 22:45:00,2020-10-17 06:30:00,8.0,2.4,3.40625,22
2020-10-17 16:45:00,2020-10-17 18:00:00,1.5,4.8,4.9,16
2020-10-17 23:00:00,2020-10-18 04:15:00,5.5,3.4,4.081818181818182,23
2020-10-18 06:30:00,2020-10-18 10:00:00,3.75,4.2,4.4,6
2020-10-18 13:45:00,2020-10-18 19:15:00,5.75,4.0,5.095652173913043,13
2020-10-18 20:45:00,2020-10-19 01:15:00,4.75,3.5,4.842105263157895,20
2020-10-19 03:30:00,2020-10-19 04:15:00,1.0,3.4,3.65,3
2020-10-19 06:00:00,2020-10-19 07:30:00,1.75,3.9,4.042857142857143,6
2020-10-19 15:15:00,2020-10-19 18:45:00,3.75,3.6,4.573333333333333,15
2020-10-19 20:15:00,2020-10-19 22:00:00,2.0,4.8,5.125,20
2020-10-19 23:30:00,2020-10-19 23:45:00,0.5,4.4,4.6,23
2020-10-20 01:30:00,2020-10-20 03:00:00,1.75,4.3,4.485714285714286,1
2020-10-20 04:30:00,2020-10-20 11:00:00,6.75,3.6,3.9444444444444446,4
2020-10-20 14:30:00,2020-10-20 17:15:00,3.0,3.5,4.166666666666667,14
2020-10-20 23:30:00,2020-10-21 05:45:00,6.5,3.4,4.565384615384615,23
2020-10-21 07:15:00,2020-10-21 11:30:00,4.5,3.1,3.7722222222222226,7
2020-10-21 13:15:00,2020-10-21 15:15:00,2.25,3.9,4.188888888888888,13
2020-10-21 17:00:00,2020-10-21 19:15:00,2.5,4.1,4.33,17
2020-10-22 01:30:00,2020-10-22 02:15:00,1.0,4.7,4.775,1
2020-10-22 07:15:00,2020-10-22 07:45:00,0.75,3.5,3.7999999999999994,7
2020-10-22 09:30:00,2020-10-22 10:00:00,0.75,3.0,3.2000000000000006,9
2020-10-22 17:30:00,2020-10-22 18:45:00,1.5,3.2,3.5666666666666664,17
2020-10-23 08:00:00,2020-10-23 08:45:00,1.0,3.5,3.9749999999999996,8
2020-10-23 16:30:00,2020-10-23 19:15:00,3.0,2.8,3.5833333333333335,16
2020-10-24 04:45:00,2020-10-24 05:45:00,1.25,4.1,4.459999999999999,4
2020-10-24 16:30:00,2020-10-24 17:00:00,0.75,2.9,3.066666666666667,16
2020-10-25 04:30:00,2020-10-25 05:45:00,1.5,2.7,3.0,4
2020-10-25 10:15:00,2020-10-25 11:30:00,1.5,2.2,2.5999999999999996,10
2020-10-25 13:15:00,2020-10-25 13:45:00,0.75,2.0,2.1333333333333333,13
2020-10-25 15:30:00,2020-10-25 15:45:00,0.5,1.8,1.9,15
2020-10-26 16:30:00,2020-10-26 17:30:00,1.25,1.9,2.0,16
2020-10-28 07:15:00,2020-10-28 07:30:00,0.5,2.1,2.3,7
2020-10-28 09:00:00,2020-10-28 09:45:00,1.0,2.1,2.375,9
2020-10-28 11:45:00,2020-10-28 14:15:00,2.75,1.9,2.390909090909091,11
2020-10-28 19:00:00,2020-10-28 19:15:00,0.5,5.9,6.0,19
2020-10-29 01:15:00,2020-10-29 03:00:00,2.0,4.5,4.975,1
2020-10-30 09:45:00,2020-10-30 12:00:00,2.5,3.7,4.5600000000000005,9
2020-11-01 06:15:00,2020-11-01 07:00:00,1.0,5.0,5.15,6
2020-11-01 19:15:00,2020-11-01 20:45:00,1.75,5.3,5.428571428571429,19
2020-11-04 17:45:00,2020-11-04 18:45:00,1.25,6.1,6.340000000000001,17
2020-11-07 06:15:00,2020-11-07 06:45:00,0.75,5.0,5.1000000000000005,6
2020-11-07 13:30:00,2020-11-07 14:45:00,1.5,5.2,5.333333333333333,13
2020-11-07 18:00:00,2020-11-07 18:30:00,0.75,5.0,5.1000000000000005,18
2020-11-08 02:30:00,2020-11-08 03:15:00,1.0,4.9,5.0,2
2020-11-09 08:15:00,2020-11-09 08:45:00,0.75,3.7,3.7999999999999994,8
2020-11-10 05:30:00,2020-11-10 06:00:00,0.75,3.9,3.966666666666667,5
2020-11-12 02:00:00,2020-11-12 04:00:00,2.25,2.5,2.6555555555555554,2
2020-11-12 07:15:00,2020-11-12 08:30:00,1.5,2.5,2.5500000000000003,7
2020-11-12 12:15:00,2020-11-12 12:45:00,0.75,3.0,3.0666666666666664,12
2020-11-12 14:30:00,2020-11-12 16:30:00,2.25,3.1,3.2111111111111112,14
2020-11-12 18:15:00,2020-11-12 20:00:00,2.0,3.1,3.3625,18
2020-11-13 00:30:00,2020-11-13 05:45:00,5.5,2.5,2.877272727272727,0
2020-11-13 07:15:00,2020-11-13 08:30:00,1.5,2.3,2.4833333333333334,7
2020-11-13 10:30:00,2020-11-13 11:15:00,1.0,2.5,2.7249999999999996,10
2020-11-13 12:45:00,2020-11-13 14:30:00,2.0,3.0,3.3625000000000003,12
2020-11-13 16:15:00,2020-11-13 17:15:00,1.25,3.1,3.3400000000000007,16
2020-11-13 22:45:00,2020-11-14 04:00:00,5.5,2.6,2.9499999999999997,22
2020-11-14 15:45:00,2020-11-14 17:15:00,1.75,3.4,4.642857142857143,15
2020-11-15 02:30:00,2020-11-15 03:00:00,0.75,3.9,4.433333333333334,2
2020-11-15 22:00:00,2020-11-15 22:45:00,1.0,4.3,4.45,22
2020-11-16 14:15:00,2020-11-16 15:30:00,1.5,5.0,5.116666666666666,14
2020-11-17 01:45:00,2020-11-17 05:15:00,3.75,5.0,5.446666666666666,1
2020-11-17 07:45:00,2020-11-17 08:00:00,0.5,4.7,4.800000000000001,7
2020-11-17 17:45:00,2020-11-17 18:15:00,0.75,6.2,6.333333333333333,17
2020-11-18 04:00:00,2020-11-18 05:45:00,2.0,5.8,6.1,4
2020-11-18 07:15:00,2020-11-18 07:45:00,0.75,5.7,5.8,7
2020-11-19 06:30:00,2020-11-19 09:15:00,3.0,6.5,6.783333333333334,6
2020-11-19 11:15:00,2020-11-19 11:30:00,0.5,6.9,7.0,11
2020-11-20 05:45:00,2020-11-20 07:30:00,2.0,6.0,6.199999999999999,5
2020-11-20 18:45:00,2020-11-20 19:45:00,1.25,6.6,6.74,18
2020-11-21 17:15:00,2020-11-21 22:45:00,5.75,6.4,6.843478260869565,17
2020-11-22 12:00:00,2020-11-22 13:00:00,1.25,6.4,6.6,12
2020-11-22 16:00:00,2020-11-22 17:00:00,1.25,6.7,6.760000000000001,16
2020-11-22 19:30:00,2020-11-22 21:15:00,2.0,6.2,6.45,19
2020-11-23 02:15:00,2020-11-23 03:15:00,1.25,5.8,5.880000000000001,2
2020-11-23 16:15:00,2020-11-23 16:45:00,0.75,6.5,6.666666666666667,16
2020-11-23 22:45:00,2020-11-24 00:00:00,1.5,5.7,5.833333333333335,22
2020-11-24 15:30:00,2020-11-24 16:30:00,1.25,6.7,6.88,15
2020-11-24 18:30:00,2020-11-24 19:00:00,0.75,6.5,6.566666666666666,18
2020-11-25 19:30:00,2020-11-25 23:30:00,4.25,5.9,6.194117647058825,19
2020-11-28 12:15:00,2020-11-28 14:45:00,2.75,4.1,4.272727272727273,12
2020-11-28 23:15:00,2020-11-29 00:45:00,1.75,3.6,3.771428571428572,23
2020-11-29 17:00:00,2020-11-29 19:00:00,2.25,3.1,3.2333333333333334,17
2020-11-30 03:00:00,2020-11-30 04:15:00,1.5,2.3,2.3833333333333333,3
2020-11-30 14:00:00,2020-11-30 15:30:00,1.75,3.1,3.3142857142857145,14
2020-11-30 19:45:00,2020-11-30 23:00:00,3.5,2.5,2.6857142857142864,19
2020-12-01 04:30:00,2020-12-01 05:15:00,1.0,2.1,2.15,4
2020-12-01 14:45:00,2020-12-01 16:30:00,2.0,4.8,5.35,14
2020-12-02 02:15:00,2020-12-02 06:15:00,4.25,4.1,5.547058823529412,2
2020-12-02 08:15:00,2020-12-02 09:30:00,1.5,4.2,4.983333333333333,8
2020-12-03 05:15:00,2020-12-03 13:00:00,8.0,5.5,7.16875,5
2020-12-04 04:00:00,2020-12-04 06:00:00,2.25,8.4,8.511111111111111,4
2020-12-04 07:45:00,2020-12-04 11:00:00,3.5,6.9,7.7,7
2020-12-04 20:15:00,2020-12-04 22:00:00,2.0,7.5,7.625,20
2020-12-05 05:45:00,2020-12-05 09:00:00,3.5,6.3,6.757142857142857,5
2020-12-05 14:45:00,2020-12-05 15:45:00,1.25,7.3,7.4399999999999995,14
2020-12-06 01:30:00,2020-12-06 02:15:00,1.0,6.3,6.45,1
2020-12-06 17:00:00,2020-12-06 17:45:00,1.0,5.9,6.0,17
2020-12-07 04:00:00,2020-12-07 05:15:00,1.5,5.8,6.833333333333333,4
2020-12-07 06:45:00,2020-12-07 11:30:00,5.0,6.2,6.864999999999999,6
2020-12-07 20:15:00,2020-12-07 21:00:00,1.0,6.9,7.1,20
2020-12-07 22:30:00,2020-12-08 01:45:00,3.5,6.0,6.421428571428571,22
2020-12-08 15:45:00,2020-12-08 18:15:00,2.75,5.9,6.2272727272727275,15
2020-12-08 20:30:00,2020-12-08 23:15:00,3.0,5.7,5.966666666666668,20
2020-12-09 01:00:00,2020-12-09 03:30:00,2.75,5.8,6.072727272727272,1
2020-12-09 05:00:00,2020-12-09 05:30:00,0.75,5.5,5.666666666666667,5
2020-12-09 11:00:00,2020-12-09 11:45:00,1.0,6.3,6.4,11
2020-12-09 17:15:00,2020-12-09 20:15:00,3.25,6.0,6.353846153846154,17
2020-12-09 22:45:00,2020-12-10 01:45:00,3.25,5.7,5.861538461538462,22
2020-12-10 03:15:00,2020-12-10 03:45:00,0.75,5.3,5.5,3
2020-12-10 16:30:00,2020-12-10 17:30:00,1.25,6.7,6.960000000000001,16
2020-12-10 21:15:00,2020-12-10 21:45:00,0.75,6.1,6.233333333333333,21
2020-12-10 23:15:00,2020-12-11 05:45:00,6.75,6.1,6.462962962962962,23
2020-12-11 12:45:00,2020-12-11 13:15:00,0.75,7.0,7.133333333333333,12
2020-12-11 15:30:00,2020-12-11 16:00:00,0.75,6.9,7.033333333333334,15
2020-12-11 17:30:00,2020-12-11 22:15:00,5.0,6.4,6.869999999999999,17
2020-12-11 23:45:00,2020-12-12 06:15:00,6.75,6.0,6.54074074074074,23
2020-12-12 07:45:00,2020-12-12 08:45:00,1.25,6.0,6.04,7
2020-12-12 16:45:00,2020-12-12 17:30:00,1.0,5.3,5.45,16
2020-12-12 19:45:00,2020-12-12 21:00:00,1.5,5.4,5.55,19
2020-12-12 23:30:00,2020-12-12 23:45:00,0.5,5.4,5.550000000000001,23
2020-12-13 15:30:00,2020-12-13 17:30:00,2.25,5.1,5.3,15
2020-12-13 22:15:00,2020-12-13 23:45:00,1.75,5.2,5.642857142857143,22
2020-12-14 03:45:00,2020-12-14 05:15:00,1.75,4.2,4.4,3
2020-12-14 14:00:00,2020-12-14 14:45:00,1.0,4.6,4.775,14
2020-12-14 18:45:00,2020-12-14 19:45:00,1.25,4.3,4.46,18
2020-12-15 01:45:00,2020-12-15 07:00:00,5.5,4.3,5.704545454545454,1
2020-12-15 14:30:00,2020-12-15 15:00:00,0.75,6.2,6.333333333333333,14
2020-12-15 17:15:00,2020-12-15 18:00:00,1.0,6.4,6.55,17
2020-12-15 23:45:00,2020-12-16 00:15:00,0.75,7.1,7.333333333333333,23
2020-12-16 02:00:00,2020-12-16 10:15:00,8.5,5.5,6.720588235294118,2
2020-12-16 19:45:00,2020-12-16 21:45:00,2.25,7.2,7.5,19
2020-12-17 00:00:00,2020-12-17 02:30:00,2.75,6.7,6.918181818181819,0
2020-12-17 07:45:00,2020-12-17 10:15:00,2.75,5.8,6.2,7
2020-12-18 00:45:00,2020-12-18 02:00:00,1.5,7.2,7.3999999999999995,0
2020-12-18 04:30:00,2020-12-18 07:45:00,3.5,5.7,6.228571428571429,4
2020-12-18 16:00:00,2020-12-18 16:15:00,0.5,6.9,7.0,16
2020-12-19 07:30:00,2020-12-19 10:30:00,3.25,7.3,8.046153846153846,7
2020-12-19 21:45:00,2020-12-19 22:30:00,1.0,8.2,8.35,21
2020-12-20 07:15:00,2020-12-20 09:45:00,2.75,7.2,7.8,7
2020-12-21 04:15:00,2020-12-21 05:15:00,1.25,8.0,8.1,4
2020-12-21 19:30:00,2020-12-21 20:30:00,1.25,8.3,8.4,19
2020-12-22 02:15:00,2020-12-22 04:45:00,2.75,7.1,7.618181818181818,2
2020-12-22 06:15:00,2020-12-22 07:15:00,1.25,7.0,7.119999999999999,6
2020-12-22 16:15:00,2020-12-22 17:00:00,1.0,7.8,8.024999999999999,16
2020-12-22 22:15:00,2020-12-23 00:30:00,2.5,7.1,7.209999999999999,22
2020-12-23 14:30:00,2020-12-23 16:30:00,2.25,6.7,7.133333333333334,14
2020-12-23 18:00:00,2020-12-23 18:30:00,0.75,6.6,6.766666666666666,18
2020-12-24 03:45:00,2020-12-24 05:15:00,1.75,6.3,6.57142857142857,3
2020-12-24 21:30:00,2020-12-25 01:45:00,4.5,3.8,4.322222222222222,21
2020-12-25 03:30:00,2020-12-25 05:45:00,2.5,3.3,3.54,3
2020-12-25 09:30:00,2020-12-25 11:00:00,1.75,3.2,3.4857142857142853,9
2020-12-25 20:00:00,2020-12-26 02:30:00,6.75,3.5,4.111111111111111,20
2020-12-26 16:45:00,2020-12-26 17:45:00,1.25,5.0,5.2,16
2020-12-26 20:00:00,2020-12-26 21:00:00,1.25,4.4,4.5,20
2020-12-27 02:00:00,2020-12-27 04:30:00,2.75,3.6,3.809090909090909,2
2020-12-27 14:15:00,2020-12-27 14:45:00,0.75,5.3,5.466666666666666,14
2020-12-27 16:15:00,2020-12-27 18:30:00,2.5,4.8,5.039999999999999,16
2020-12-27 22:30:00,2020-12-28 07:00:00,8.75,4.3,5.008571428571428,22
2020-12-28 11:30:00,2020-12-28 12:15:00,1.0,5.1,5.275,11
2020-12-28 14:15:00,2020-12-28 16:15:00,2.25,4.5,4.855555555555555,14
2020-12-29 00:30:00,2020-12-29 01:45:00,1.5,4.2,4.433333333333334,0
2020-12-29 03:15:00,2020-12-29 05:30:00,2.5,2.9,3.5499999999999994,3
2020-12-29 12:30:00,2020-12-29 15:30:00,3.25,4.4,4.676923076923077,12
2020-12-29 17:00:00,2020-12-29 19:00:00,2.25,4.4,4.777777777777778,17
2020-12-29 20:30:00,2020-12-30 00:15:00,4.0,4.4,5.25625,20
2020-12-30 02:00:00,2020-12-30 07:30:00,5.75,2.8,3.9347826086956523,2
2020-12-30 09:15:00,2020-12-30 10:00:00,1.0,3.7,4.0,9
2020-12-30 22:45:00,2020-12-30 23:30:00,1.0,4.4,4.75,22
2020-12-31 03:30:00,2020-12-31 10:45:00,7.5,2.8,3.5733333333333333,3
2020-12-31 16:00:00,2020-12-31 19:00:00,3.25,4.0,4.553846153846154,16
2020-12-31 23:15:00,2021-01-01 06:00:00,7.0,4.8,6.175,23
2021-01-01 10:00:00,2021-01-01 12:45:00,3.0,5.4,5.575,10
2021-01-02 01:15:00,2021-01-02 02:00:00,1.0,4.8,4.95,1
2021-01-02 06:00:00,2021-01-02 08:45:00,3.0,4.4,4.533333333333333,6
2021-01-02 22:00:00,2021-01-02 22:45:00,1.0,4.0,4.1,22
2021-01-03 06:15:00,2021-01-03 08:30:00,2.5,2.8,3.12,6
2021-01-03 17:45:00,2021-01-03 19:30:00,2.0,3.3,3.5375,17
2021-01-03 23:00:00,2021-01-04 01:15:00,2.5,3.2,3.46,23
2021-01-04 02:45:00,2021-01-04 07:30:00,5.0,3.0,3.91,2
2021-01-04 14:45:00,2021-01-04 18:30:00,4.0,3.4,3.9437499999999996,14
2021-01-04 21:15:00,2021-01-05 05:00:00,8.0,3.2,3.425,21
2021-01-05 19:30:00,2021-01-06 00:30:00,5.25,4.3,5.061904761904761,19
2021-01-06 03:30:00,2021-01-06 05:15:00,2.0,4.3,4.575,3
2021-01-06 17:15:00,2021-01-06 19:00:00,2.0,4.7,5.112500000000001,17
2021-01-06 20:45:00,2021-01-06 23:45:00,3.25,4.1,4.392307692307692,20
2021-01-07 03:45:00,2021-01-07 05:30:00,2.0,3.5,3.8875,3
2021-01-07 09:45:00,2021-01-07 10:30:00,1.0,3.0,3.1,9
2021-01-07 18:30:00,2021-01-07 20:00:00,1.75,2.8,3.1,18
2021-01-08 00:15:00,2021-01-08 01:30:00,1.5,2.1,2.316666666666667,0
2021-01-08 18:00:00,2021-01-08 20:00:00,2.25,4.7,4.944444444444445,18
2021-01-08 21:45:00,2021-01-09 04:00:00,6.5,3.2,3.707692307692308,21
2021-01-09 06:00:00,2021-01-09 07:30:00,1.75,3.3,4.471428571428571,6
2021-01-09 16:45:00,2021-01-10 01:00:00,8.5,4.8,6.3235294117647065,16
2021-01-10 14:00:00,2021-01-10 16:15:00,2.5,7.6,8.110000000000001,14
2021-01-10 23:45:00,2021-01-11 02:30:00,3.0,7.2,7.891666666666667,23
2021-01-11 04:30:00,2021-01-11 06:15:00,2.0,7.1,7.525,4
2021-01-12 02:15:00,2021-01-12 05:30:00,3.5,7.1,7.428571428571429,2
2021-01-12 11:30:00,2021-01-12 15:00:00,3.75,8.2,8.753333333333332,11
2021-01-12 22:45:00,2021-01-13 00:30:00,2.0,8.7,8.8625,22
2021-01-13 02:30:00,2021-01-13 06:45:00,4.5,7.8,8.277777777777779,2
2021-01-13 18:45:00,2021-01-13 19:45:00,1.25,9.3,9.48,18
2021-01-13 22:00:00,2021-01-13 23:15:00,1.5,9.5,9.666666666666666,22
2021-01-14 03:00:00,2021-01-14 07:45:00,5.0,8.7,8.999999999999998,3
2021-01-14 14:00:00,2021-01-14 16:45:00,3.0,9.1,9.483333333333333,14
2021-01-15 00:00:00,2021-01-15 03:00:00,3.25,9.1,9.369230769230768,0
2021-01-15 06:15:00,2021-01-15 06:30:00,0.5,8.5,8.75,6
2021-01-15 15:15:00,2021-01-15 16:00:00,1.0,9.8,9.925,15
2021-01-16 00:00:00,2021-01-16 01:30:00,1.75,9.1,9.228571428571428,0
2021-01-16 05:30:00,2021-01-16 06:00:00,0.75,8.7,8.8,5
2021-01-16 10:00:00,2021-01-16 10:30:00,0.75,8.1,8.266666666666666,10
2021-01-17 00:00:00,2021-01-17 01:00:00,1.25,7.6,7.82,0
2021-01-17 04:15:00,2021-01-17 07:15:00,3.25,7.2,7.430769230769233,4
2021-01-17 19:30:00,2021-01-17 20:30:00,1.25,7.4,7.56,19
2021-01-17 23:45:00,2021-01-18 00:30:00,1.0,7.7,7.8999999999999995,23
2021-01-18 04:30:00,2021-01-18 06:00:00,1.75,7.6,7.6571428571428575,4
2021-01-19 01:30:00,2021-01-19 01:45:00,0.5,6.7,6.800000000000001,1
2021-01-19 16:45:00,2021-01-19 17:30:00,1.0,6.5,6.625,16
2021-01-19 20:15:00,2021-01-19 22:00:00,2.0,6.1,6.275,20
2021-01-19 23:45:00,2021-01-20 01:30:00,2.0,6.0,6.2125,23
2021-01-20 07:00:00,2021-01-20 07:45:00,1.0,5.9,6.550000000000001,7
2021-01-21 04:15:00,2021-01-21 05:00:00,1.0,6.8,6.925,4
2021-01-21 06:45:00,2021-01-21 07:30:00,1.0,6.6,6.949999999999999,6
2021-01-21 09:00:00,2021-01-21 14:30:00,5.75,7.0,7.317391304347825,9
2021-01-22 02:15:00,2021-01-22 03:00:00,1.0,5.5,5.6,2
2021-01-22 17:30:00,2021-01-22 21:00:00,3.75,5.7,6.0200000000000005,17
2021-01-22 22:30:00,2021-01-23 01:00:00,2.75,5.5,5.872727272727272,22
2021-01-24 00:30:00,2021-01-24 02:15:00,2.0,5.6,5.762499999999999,0
2021-01-24 03:45:00,2021-01-24 05:30:00,2.0,5.4,5.525,3
2021-01-24 15:45:00,2021-01-24 17:00:00,1.5,5.3,5.483333333333333,15
2021-01-24 19:45:00,2021-01-24 22:00:00,2.5,5.0,5.29,19
2021-01-25 16:30:00,2021-01-25 17:00:00,0.75,4.5,4.633333333333334,16
2021-01-25 19:30:00,2021-01-26 00:45:00,5.5,4.7,4.986363636363637,19
2021-01-26 02:30:00,2021-01-26 03:45:00,1.5,3.9,4.5,2
2021-01-26 05:45:00,2021-01-26 09:15:00,3.75,3.7,3.9733333333333336,5
2021-01-26 11:00:00,2021-01-26 16:15:00,5.5,4.9,5.913636363636363,11
2021-01-26 17:45:00,2021-01-27 00:00:00,6.5,5.6,5.8961538461538465,17
2021-01-27 09:00:00,2021-01-27 10:15:00,1.5,4.4,4.6000000000000005,9
2021-01-27 13:00:00,2021-01-27 14:15:00,1.5,5.0,5.483333333333333,13
2021-01-27 16:45:00,2021-01-27 17:00:00,0.5,6.2,6.300000000000001,16
2021-01-28 12:45:00,2021-01-28 14:00:00,1.5,5.4,5.7,12
2021-01-29 02:00:00,2021-01-29 06:15:00,4.5,3.4,4.144444444444444,2
2021-01-29 16:30:00,2021-01-29 17:15:00,1.0,5.6,5.725,16
2021-01-29 19:15:00,2021-01-29 19:45:00,0.75,6.0,6.133333333333333,19
2021-01-30 02:00:00,2021-01-30 06:15:00,4.5,4.6,6.566666666666666,2
2021-01-30 09:45:00,2021-01-30 16:15:00,6.75,5.6,6.281481481481482,9
2021-01-30 23:30:00,2021-01-31 00:15:00,1.0,6.4,6.549999999999999,23
2021-01-31 04:30:00,2021-01-31 08:00:00,3.75,5.4,6.346666666666667,4
2021-01-31 11:30:00,2021-01-31 13:30:00,2.25,5.4,5.633333333333334,11
2021-02-01 07:45:00,2021-02-01 09:15:00,1.75,5.4,5.542857142857143,7
2021-02-01 19:15:00,2021-02-01 21:00:00,2.0,6.5,7.0125,19
2021-02-02 01:15:00,2021-02-02 04:15:00,3.25,6.8,7.2153846153846155,1
2021-02-03 19:30:00,2021-02-03 23:45:00,4.5,7.6,7.933333333333333,19
2021-02-04 04:00:00,2021-02-04 04:45:00,1.0,7.5,7.625,4
2021-02-04 09:15:00,2021-02-04 10:00:00,1.0,7.9,8.125,9
2021-02-04 11:45:00,2021-02-04 12:00:00,0.5,8.0,8.1,11
2021-02-04 19:15:00,2021-02-04 20:00:00,1.0,7.8,7.925,19
2021-02-04 22:45:00,2021-02-05 00:45:00,2.25,7.3,7.688888888888889,22
2021-02-05 02:15:00,2021-02-05 04:30:00,2.5,6.8,7.05,2
2021-02-05 06:45:00,2021-02-05 09:30:00,3.0,6.5,6.758333333333333,6
2021-02-05 12:45:00,2021-02-05 13:30:00,1.0,7.3,7.4750000000000005,12
2021-02-05 17:00:00,2021-02-05 22:15:00,5.5,6.8,7.331818181818181,17
2021-02-06 00:00:00,2021-02-06 03:45:00,4.0,6.2,6.5875,0
2021-02-06 17:45:00,2021-02-06 18:15:00,0.75,6.8,6.966666666666666,17
2021-02-06 23:30:00,2021-02-07 03:15:00,4.0,5.5,6.025,23
2021-02-07 07:45:00,2021-02-07 09:00:00,1.5,5.4,5.7,7
2021-02-07 22:30:00,2021-02-08 01:00:00,2.75,5.3,5.890909090909091,22
2021-02-08 15:15:00,2021-02-08 18:00:00,3.0,7.0,7.483333333333334,15
2021-02-09 00:00:00,2021-02-09 05:45:00,6.0,4.5,5.416666666666667,0
2021-02-09 07:15:00,2021-02-09 07:30:00,0.5,4.5,4.75,7
2021-02-09 09:00:00,2021-02-09 09:15:00,0.5,4.8,4.949999999999999,9
2021-02-09 13:00:00,2021-02-09 14:45:00,2.0,5.1,5.375,13
2021-02-10 00:00:00,2021-02-10 04:30:00,4.75,5.5,6.173684210526315,0
2021-02-10 08:00:00,2021-02-10 08:30:00,0.75,5.7,5.833333333333333,8
2021-02-10 11:15:00,2021-02-10 12:45:00,1.75,5.4,5.642857142857143,11
2021-02-11 01:15:00,2021-02-11 02:30:00,1.5,5.8,5.949999999999999,1
2021-02-11 05:30:00,2021-02-11 06:30:00,1.25,6.1,6.5200000000000005,5
2021-02-11 08:15:00,2021-02-11 11:45:00,3.75,5.7,6.133333333333334,8
2021-02-12 04:30:00,2021-02-12 05:00:00,0.75,6.0,6.133333333333333,4
2021-02-12 11:30:00,2021-02-12 14:15:00,3.0,5.2,7.050000000000001,11
2021-02-12 18:00:00,2021-02-12 22:00:00,4.25,4.4,5.088235294117647,18
2021-02-13 02:00:00,2021-02-13 03:00:00,1.25,4.9,5.9,2
2021-02-13 07:45:00,2021-02-13 08:15:00,0.75,5.4,5.733333333333333,7
2021-02-13 10:30:00,2021-02-13 14:30:00,4.25,4.7,5.511764705882352,10
2021-02-13 16:30:00,2021-02-13 17:45:00,1.5,5.0,5.3,16
2021-02-13 20:15:00,2021-02-13 21:30:00,1.5,5.4,5.716666666666668,20
2021-02-14 02:00:00,2021-02-14 04:30:00,2.75,5.6,5.854545454545455,2
2021-02-14 14:15:00,2021-02-14 18:15:00,4.25,4.9,6.511764705882353,14
2021-02-15 10:30:00,2021-02-15 13:15:00,3.0,8.1,8.458333333333332,10
2021-02-15 15:00:00,2021-02-15 18:30:00,3.75,7.3,8.44,15
2021-02-15 22:45:00,2021-02-16 00:45:00,2.25,8.1,8.766666666666667,22
2021-02-16 02:45:00,2021-02-16 09:00:00,6.5,6.3,8.411538461538461,2
2021-02-16 13:15:00,2021-02-16 16:30:00,3.5,6.9,7.2714285714285705,13
2021-02-16 21:15:00,2021-02-16 22:45:00,1.75,6.9,7.142857142857143,21
2021-02-17 00:15:00,2021-02-17 03:30:00,3.5,7.5,7.971428571428572,0
2021-02-17 06:00:00,2021-02-17 07:00:00,1.25,7.9,8.32,6
2021-02-17 08:30:00,2021-02-17 09:45:00,1.5,7.7,7.983333333333333,8
2021-02-18 02:15:00,2021-02-18 03:30:00,1.5,8.7,8.916666666666666,2
2021-02-18 16:45:00,2021-02-18 17:30:00,1.0,7.7,7.95,16
2021-02-19 02:30:00,2021-02-19 03:30:00,1.25,9.1,9.24,2
2021-02-20 01:15:00,2021-02-20 01:45:00,0.75,8.4,8.5,1
2021-02-20 07:15:00,2021-02-20 09:00:00,2.0,6.7,7.525,7
2021-02-20 17:00:00,2021-02-21 02:15:00,9.5,7.2,8.03947368421053,17
2021-02-23 01:15:00,2021-02-23 05:30:00,4.5,8.2,8.46111111111111,1
2021-02-23 10:30:00,2021-02-23 11:00:00,0.75,7.4,7.6000000000000005,10
2021-02-23 18:15:00,2021-02-23 20:00:00,2.0,7.7,7.9875,18
2021-02-24 00:15:00,2021-02-24 02:30:00,2.5,7.6,7.7,0
2021-02-24 12:15:00,2021-02-24 13:45:00,1.75,7.7,7.871428571428572,12
2021-02-24 15:45:00,2021-02-24 20:30:00,5.0,7.0,7.5200000000000005,15
2021-02-24 22:30:00,2021-02-25 00:00:00,1.75,6.7,6.971428571428572,22
2021-02-25 02:45:00,2021-02-25 06:45:00,4.25,6.1,6.435294117647058,2
2021-02-25 09:00:00,2021-02-25 11:30:00,2.75,5.9,6.3090909090909095,9
2021-02-25 18:15:00,2021-02-25 19:15:00,1.25,6.4,6.6,18
2021-02-25 23:00:00,2021-02-26 12:15:00,13.5,6.0,6.601851851851851,23
2021-02-26 13:45:00,2021-02-27 00:45:00,11.25,5.8,6.682222222222223,13
2021-02-27 05:45:00,2021-02-27 06:30:00,1.0,7.8,7.875,5
2021-02-27 08:45:00,2021-02-27 12:30:00,4.0,6.8,7.5125,8
2021-02-27 17:45:00,2021-02-27 19:45:00,2.25,6.6,6.9,17
2021-02-27 21:45:00,2021-02-27 22:30:00,1.0,6.7,6.85,21
2021-02-28 05:00:00,2021-02-28 06:15:00,1.5,6.4,6.566666666666667,5
2021-02-28 17:15:00,2021-02-28 18:45:00,1.75,5.6,5.8428571428571425,17
2021-02-28 22:15:00,2021-03-01 00:30:00,2.5,5.3,5.549999999999999,22
2021-03-01 08:00:00,2021-03-01 10:15:00,2.5,4.9,5.180000000000001,8
2021-03-01 12:00:00,2021-03-02 03:15:00,15.5,4.0,4.640322580645159,12
2021-03-02 05:15:00,2021-03-02 09:45:00,4.75,3.1,4.1157894736842096,5
2021-03-02 11:30:00,2021-03-02 12:00:00,0.75,3.5,3.6666666666666665,11
2021-03-02 20:15:00,2021-03-03 00:00:00,4.0,3.2,3.6374999999999997,20
2021-03-03 05:45:00,2021-03-03 06:15:00,0.75,2.0,2.1,5
2021-03-03 07:45:00,2021-03-03 10:00:00,2.5,2.0,2.15,7
2021-03-03 13:45:00,2021-03-03 14:15:00,0.75,1.5,1.5999999999999999,13
2021-03-03 21:45:00,2021-03-03 22:45:00,1.25,1.3,1.7,21
2021-03-04 00:30:00,2021-03-04 04:30:00,4.25,1.3,1.7588235294117647,0
2021-03-04 14:00:00,2021-03-04 15:45:00,2.0,2.9,3.05,14
2021-03-04 22:00:00,2021-03-05 01:45:00,4.0,2.4,2.75,22
2021-03-05 12:45:00,2021-03-05 18:15:00,5.75,4.1,5.295652173913043,12
2021-03-05 20:00:00,2021-03-06 06:30:00,10.75,4.1,5.344186046511628,20
2021-03-06 08:15:00,2021-03-06 08:30:00,0.5,6.1,6.25,8
2021-03-06 13:45:00,2021-03-06 14:30:00,1.0,6.9,7.125,13
2021-03-06 16:30:00,2021-03-06 17:45:00,1.5,7.3,7.416666666666667,16
2021-03-06 19:15:00,2021-03-06 21:00:00,2.0,6.9,7.300000000000001,19
2021-03-07 17:45:00,2021-03-07 23:45:00,6.25,6.7,7.472,17
2021-03-08 01:30:00,2021-03-08 02:15:00,1.0,6.0,6.15,1
2021-03-08 12:30:00,2021-03-08 14:45:00,2.5,6.4,6.57,12
2021-03-08 16:30:00,2021-03-08 18:00:00,1.75,6.1,6.242857142857143,16
2021-03-08 21:30:00,2021-03-08 21:45:00,0.5,5.7,5.85,21
2021-03-08 23:30:00,2021-03-09 01:45:00,2.5,5.5,5.699999999999999,23
2021-03-09 04:15:00,2021-03-09 07:15:00,3.25,4.9,5.107692307692308,4
2021-03-09 13:00:00,2021-03-09 13:30:00,0.75,5.6,5.733333333333333,13
2021-03-09 15:00:00,2021-03-09 17:00:00,2.25,5.3,5.611111111111111,15
2021-03-09 19:15:00,2021-03-09 20:00:00,1.0,5.1,5.300000000000001,19
2021-03-10 00:15:00,2021-03-10 03:00:00,3.0,4.9,5.183333333333333,0
2021-03-10 15:45:00,2021-03-10 21:15:00,5.75,4.4,4.821739130434782,15
2021-03-11 01:45:00,2021-03-11 07:00:00,5.5,4.9,5.70909090909091,1
2021-03-11 08:45:00,2021-03-11 10:15:00,1.75,5.7,6.150000000000001,8
2021-03-11 13:15:00,2021-03-11 15:15:00,2.25,5.0,5.311111111111111,13
2021-03-11 20:00:00,2021-03-11 20:30:00,0.75,5.4,5.599999999999999,20
2021-03-11 22:30:00,2021-03-11 23:00:00,0.75,5.9,6.0,22
2021-03-12 03:30:00,2021-03-12 04:30:00,1.25,5.3,5.54,3
2021-03-12 08:30:00,2021-03-12 09:15:00,1.0,5.7,5.875,8
2021-03-12 10:45:00,2021-03-12 11:45:00,1.25,6.0,6.140000000000001,10
2021-03-12 15:45:00,2021-03-12 16:30:00,1.0,5.8,5.925,15
2021-03-12 20:00:00,2021-03-12 21:45:00,2.0,5.3,5.5375,20
2021-03-12 23:15:00,2021-03-13 01:00:00,2.0,4.9,5.199999999999999,23
2021-03-13 04:15:00,2021-03-13 05:00:00,1.0,4.4,4.475,4
2021-03-13 14:00:00,2021-03-13 14:30:00,0.75,5.2,5.3999999999999995,14
2021-03-13 16:00:00,2021-03-13 21:15:00,5.5,4.8,5.3136363636363635,16
2021-03-13 23:00:00,2021-03-14 01:30:00,2.75,3.8,4.236363636363635,23
2021-03-14 04:15:00,2021-03-14 11:30:00,7.5,3.7,4.836666666666665,4
2021-03-14 13:00:00,2021-03-14 18:30:00,5.75,5.2,5.782608695652173,13
2021-03-14 20:15:00,2021-03-14 21:15:00,1.25,5.3,5.420000000000001,20
2021-03-14 23:45:00,2021-03-15 02:15:00,2.75,5.1,5.245454545454546,23
2021-03-15 03:45:00,2021-03-15 07:15:00,3.75,4.4,4.826666666666667,3
2021-03-15 08:45:00,2021-03-15 10:30:00,2.0,4.1,4.424999999999999,8
2021-03-15 12:15:00,2021-03-15 14:30:00,2.5,4.3,4.61,12
2021-03-15 16:00:00,2021-03-15 18:15:00,2.5,4.5,4.7,16
2021-03-15 20:00:00,2021-03-15 23:15:00,3.5,4.0,4.342857142857143,20
2021-03-16 01:00:00,2021-03-16 02:00:00,1.25,3.7,4.02,1
2021-03-16 03:30:00,2021-03-16 08:15:00,5.0,3.1,3.7649999999999992,3
2021-03-16 11:00:00,2021-03-16 13:45:00,3.0,3.2,3.4250000000000003,11
2021-03-16 20:00:00,2021-03-16 23:30:00,3.75,2.6,2.986666666666666,20
2021-03-17 04:15:00,2021-03-17 04:45:00,0.75,2.2,2.3333333333333335,4
2021-03-17 08:00:00,2021-03-17 11:30:00,3.75,2.2,2.5133333333333336,8
2021-03-17 13:15:00,2021-03-17 15:00:00,2.0,2.3,2.575,13
2021-03-17 17:00:00,2021-03-17 17:45:00,1.0,1.9,2.075,17
2021-03-17 19:45:00,2021-03-17 20:45:00,1.25,1.9,2.24,19
2021-03-17 22:30:00,2021-03-18 15:00:00,16.75,1.3,2.6268656716417915,22
2021-03-18 16:30:00,2021-03-18 21:45:00,5.5,3.1,3.65,16
2021-03-18 23:15:00,2021-03-19 04:00:00,5.0,3.5,3.8000000000000007,23
2021-03-19 05:45:00,2021-03-19 12:15:00,6.75,2.8,3.5,5
2021-03-19 14:45:00,2021-03-19 16:00:00,1.5,3.7,3.783333333333333,14
2021-03-19 21:00:00,2021-03-19 23:15:00,2.5,2.9,3.2700000000000005,21
2021-03-20 01:45:00,2021-03-20 02:15:00,0.75,2.1,2.233333333333333,1
2021-03-20 04:15:00,2021-03-20 05:45:00,1.75,1.7,1.757142857142857,4
2021-03-20 11:30:00,2021-03-20 12:45:00,1.5,2.4,2.683333333333333,11
2021-03-20 14:30:00,2021-03-21 00:45:00,10.5,1.9,3.6238095238095243,14
2021-03-21 02:45:00,2021-03-21 07:15:00,4.75,3.0,4.594736842105263,2
2021-03-21 17:00:00,2021-03-21 19:15:00,2.5,6.7,6.99,17
2021-03-21 21:00:00,2021-03-21 23:00:00,2.25,6.6,6.7444444444444445,21
2021-03-22 00:30:00,2021-03-22 04:00:00,3.75,4.4,5.393333333333333,0
2021-03-22 07:00:00,2021-03-22 11:30:00,4.75,4.7,5.3578947368421055,7
2021-03-22 15:45:00,2021-03-23 06:15:00,14.75,4.5,5.48135593220339,15
2021-03-23 09:00:00,2021-03-23 09:45:00,1.0,5.0,5.3,9
2021-03-23 14:30:00,2021-03-23 15:00:00,0.75,5.5,5.7,14
2021-03-23 16:30:00,2021-03-23 18:30:00,2.25,4.6,4.922222222222222,16
2021-03-24 00:45:00,2021-03-24 07:30:00,7.0,3.5,4.260714285714285,0
2021-03-24 09:15:00,2021-03-24 14:15:00,5.25,3.2,3.928571428571428,9
2021-03-24 17:30:00,2021-03-24 18:15:00,1.0,3.2,3.3,17
2021-03-24 22:30:00,2021-03-25 00:45:00,2.5,3.4,3.96,22
2021-03-26 08:00:00,2021-03-26 08:45:00,1.0,4.4,4.550000000000001,8
2021-03-27 10:15:00,2021-03-27 11:00:00,1.0,3.8,4.4,10
2021-03-27 15:45:00,2021-03-27 16:15:00,0.75,3.5,4.133333333333334,15
2021-03-28 15:30:00,2021-03-28 16:45:00,1.5,2.7,2.8333333333333335,15
2021-03-28 21:30:00,2021-03-28 22:00:00,0.75,2.9,3.033333333333333,21
2021-03-28 23:30:00,2021-03-29 00:15:00,1.0,2.9,3.0,23
2021-03-29 03:45:00,2021-03-29 06:15:00,2.75,2.7,3.0181818181818185,3
2021-03-29 07:45:00,2021-03-29 10:30:00,3.0,2.6,3.141666666666667,7
2021-03-29 18:45:00,2021-03-29 19:45:00,1.25,2.6,2.7600000000000002,18
2021-03-29 22:00:00,2021-03-30 01:00:00,3.25,2.7,2.953846153846153,22
2021-03-30 03:00:00,2021-03-30 08:45:00,6.0,2.3,2.6916666666666664,3
2021-03-30 10:45:00,2021-03-30 12:45:00,2.25,2.9,3.5888888888888895,10
2021-03-30 16:00:00,2021-03-30 17:45:00,2.0,3.4,3.5999999999999996,16
2021-03-30 21:00:00,2021-03-30 21:15:00,0.5,3.7,3.8,21
2021-03-30 23:30:00,2021-03-31 02:00:00,2.75,3.8,4.009090909090909,23
2021-03-31 05:30:00,2021-03-31 07:45:00,2.5,3.6,3.9099999999999993,5
2021-03-31 09:30:00,2021-03-31 11:45:00,2.5,3.4,3.6100000000000003,9
2021-03-31 18:15:00,2021-04-01 05:00:00,11.0,1.0,2.4363636363636365,18
2021-04-01 08:45:00,2021-04-01 14:15:00,5.75,1.8,2.108695652173913,8
2021-04-01 16:00:00,2021-04-01 16:45:00,1.0,1.5,1.775,16
2021-04-01 19:00:00,2021-04-01 20:00:00,1.25,1.3,1.5,19
2021-04-02 01:00:00,2021-04-02 01:30:00,0.75,2.1,2.6999999999999997,1
2021-04-02 03:15:00,2021-04-02 04:30:00,1.5,3.2,3.683333333333333,3
2021-04-02 17:15:00,2021-04-02 23:45:00,6.75,5.3,6.622222222222223,17
2021-04-03 05:30:00,2021-04-03 09:00:00,3.75,5.0,5.426666666666666,5
2021-04-03 11:45:00,2021-04-03 12:00:00,0.5,5.3,5.449999999999999,11
2021-04-03 19:15:00,2021-04-04 00:15:00,5.25,4.9,5.152380952380953,19
2021-04-04 10:45:00,2021-04-04 12:15:00,1.75,4.9,5.3571428571428585,10
2021-04-04 17:15:00,2021-04-04 18:30:00,1.5,4.5,4.733333333333333,17
2021-04-04 20:00:00,2021-04-05 00:00:00,4.25,3.8,4.041176470588235,20
2021-04-05 05:45:00,2021-04-05 09:00:00,3.5,5.3,5.778571428571429,5
2021-04-05 11:00:00,2021-04-05 13:00:00,2.25,5.6,5.900000000000001,11
2021-04-05 14:30:00,2021-04-05 15:00:00,0.75,5.7,5.766666666666667,14
2021-04-05 20:15:00,2021-04-05 20:45:00,0.75,5.1,5.3,20
2021-04-06 00:00:00,2021-04-06 03:15:00,3.5,4.0,4.457142857142857,0
2021-04-06 05:30:00,2021-04-06 05:45:00,0.5,4.2,4.35,5
2021-04-06 07:15:00,2021-04-06 08:00:00,1.0,4.4,4.475,7
2021-04-06 09:45:00,2021-04-06 10:45:00,1.25,4.2,4.34,9
2021-04-06 13:30:00,2021-04-06 15:45:00,2.5,3.4,3.6799999999999997,13
2021-04-06 17:15:00,2021-04-06 18:15:00,1.25,3.1,3.1999999999999997,17
2021-04-07 00:45:00,2021-04-07 01:15:00,0.75,2.7,2.866666666666667,0
2021-04-07 10:30:00,2021-04-07 16:30:00,6.25,2.5,3.0039999999999996,10
2021-04-07 23:45:00,2021-04-08 01:15:00,1.75,2.1,2.442857142857143,23
2021-04-08 03:00:00,2021-04-08 08:30:00,5.75,1.9,2.4956521739130433,3
2021-04-08 10:30:00,2021-04-08 12:15:00,2.0,2.4,2.9125,10
2021-04-08 14:15:00,2021-04-08 20:45:00,6.75,2.6,3.285185185185185,14
2021-04-08 22:15:00,2021-04-09 01:30:00,3.5,3.0,3.2571428571428567,22
2021-04-09 03:00:00,2021-04-09 10:45:00,8.0,1.6,2.5718750000000004,3
2021-04-09 13:00:00,2021-04-09 16:45:00,4.0,5.0,6.199999999999999,13
2021-04-09 19:00:00,2021-04-09 19:30:00,0.75,1.7,3.433333333333333,19
2021-04-09 23:45:00,2021-04-10 00:30:00,1.0,2.1,2.25,23
2021-04-10 03:00:00,2021-04-10 05:30:00,2.75,4.7,6.254545454545454,3
2021-04-14 02:45:00,2021-04-14 04:45:00,2.25,5.5,5.622222222222222,2
2021-04-21 07:30:00,2021-04-21 08:00:00,0.75,3.8,4.333333333333333,7
2021-04-21 19:00:00,2021-04-21 20:45:00,2.0,4.3,4.574999999999999,19
2021-04-21 22:15:00,2021-04-22 00:00:00,2.0,4.3,4.637499999999999,22
2021-04-22 02:15:00,2021-04-22 07:45:00,5.75,3.7,4.3,2
2021-04-22 11:00:00,2021-04-22 12:15:00,1.5,3.7,3.9166666666666665,11
2021-04-22 14:30:00,2021-04-22 16:45:00,2.5,3.7,3.9299999999999997,14
2021-04-22 18:45:00,2021-04-22 21:30:00,3.0,4.0,4.233333333333333,18
2021-04-23 02:30:00,2021-04-23 08:45:00,6.5,3.7,4.13076923076923,2
2021-04-23 11:00:00,2021-04-23 11:45:00,1.0,4.1,4.25,11
2021-04-23 13:15:00,2021-04-23 14:15:00,1.25,3.2,3.96,13
2021-04-23 17:00:00,2021-04-23 19:00:00,2.25,3.8,4.188888888888888,17
2021-04-23 20:45:00,2021-04-23 21:45:00,1.25,4.0,4.14,20
2021-04-24 05:45:00,2021-04-24 08:30:00,3.0,3.1,3.9,5
2021-04-24 17:45:00,2021-04-24 19:45:00,2.25,2.7,3.233333333333333,17
2021-04-24 22:00:00,2021-04-25 01:30:00,3.75,2.9,3.1533333333333338,22
2021-04-25 04:00:00,2021-04-25 04:30:00,0.75,2.8,3.0,4
2021-04-25 06:00:00,2021-04-25 07:15:00,1.5,2.5,2.65,6
2021-04-25 09:30:00,2021-04-25 11:00:00,1.75,2.4,2.642857142857143,9
2021-04-25 12:45:00,2021-04-25 13:15:00,0.75,2.4,2.533333333333333,12
2021-04-25 16:15:00,2021-04-25 16:45:00,0.75,2.4,2.6,16
2021-04-25 20:00:00,2021-04-26 00:45:00,5.0,1.9,2.4,20
2021-04-26 02:15:00,2021-04-26 03:45:00,1.75,1.6,1.9428571428571428,2
2021-04-26 11:00:00,2021-04-26 12:30:00,1.75,1.8,2.514285714285714,11
2021-04-26 23:15:00,2021-04-27 00:00:00,1.0,1.5,1.55,23
2021-04-27 04:15:00,2021-04-27 05:00:00,1.0,1.4,1.4500000000000002,4
2021-04-27 11:45:00,2021-04-27 14:00:00,2.5,1.7,2.17,11
2021-04-27 16:45:00,2021-04-27 18:30:00,2.0,2.3,2.7625,16
2021-04-27 21:15:00,2021-04-28 07:15:00,10.25,1.4,2.2804878048780486,21
2021-04-28 09:00:00,2021-04-29 08:30:00,23.75,1.1,2.0663157894736845,9
2021-04-29 10:00:00,2021-04-29 16:45:00,7.0,1.9,3.121428571428571,10
2021-04-29 22:15:00,2021-04-29 23:30:00,1.5,1.3,1.3500000000000003,22
2021-04-30 05:00:00,2021-04-30 06:00:00,1.25,2.9,3.12,5
2021-04-30 12:30:00,2021-04-30 13:15:00,1.0,3.3,4.0249999999999995,12
2021-04-30 14:45:00,2021-04-30 15:45:00,1.25,4.0,4.12,14
2021-04-30 18:00:00,2021-04-30 20:00:00,2.25,3.8,3.9666666666666663,18
2021-04-30 22:15:00,2021-04-30 23:30:00,1.5,3.5,3.6999999999999997,22
2021-05-01 04:15:00,2021-05-01 05:30:00,1.5,2.9,3.3833333333333333,4
2021-05-01 14:00:00,2021-05-01 15:00:00,1.25,3.0,3.2,14
2021-05-01 17:15:00,2021-05-01 20:00:00,3.0,2.6,3.3333333333333335,17
2021-05-01 22:15:00,2021-05-02 00:45:00,2.75,2.7,2.881818181818182,22
2021-05-02 15:15:00,2021-05-02 17:00:00,2.0,1.9,2.425,15
2021-05-02 18:45:00,2021-05-02 21:00:00,2.5,3.5,4.130000000000001,18
2021-05-02 22:30:00,2021-05-03 00:15:00,2.0,3.1,3.6375,22
2021-05-03 01:45:00,2021-05-03 02:30:00,1.0,3.3,3.45,1
2021-05-03 09:15:00,2021-05-03 11:30:00,2.5,2.7,3.3299999999999996,9
2021-05-03 17:00:00,2021-05-03 21:30:00,4.75,2.7,3.1631578947368424,17
2021-05-03 23:00:00,2021-05-04 06:00:00,7.25,1.9,2.4793103448275864,23
2021-05-04 08:00:00,2021-05-04 12:15:00,4.5,1.7,2.238888888888889,8
2021-05-04 13:45:00,2021-05-04 14:15:00,0.75,1.8,1.9000000000000001,13
2021-05-04 15:45:00,2021-05-04 16:30:00,1.0,1.7,1.95,15
2021-05-04 20:00:00,2021-05-05 03:00:00,7.25,1.4,2.0413793103448272,20
2021-05-05 05:30:00,2021-05-05 06:30:00,1.25,5.5,5.7,5
2021-05-05 13:15:00,2021-05-05 15:00:00,2.0,5.8,5.9125,13
2021-05-07 04:45:00,2021-05-07 06:45:00,2.25,4.2,4.688888888888889,4
2021-05-07 08:15:00,2021-05-07 09:30:00,1.5,3.8,4.366666666666666,8
2021-05-07 11:30:00,2021-05-07 17:30:00,6.25,3.5,4.251999999999999,11
2021-05-08 09:45:00,2021-05-08 10:30:00,1.0,3.7,3.7750000000000004,9
2021-05-10 04:15:00,2021-05-10 05:00:00,1.0,1.8,2.075,4
2021-05-10 07:15:00,2021-05-10 08:45:00,1.75,1.6,1.7857142857142858,7
2021-05-10 10:15:00,2021-05-10 11:45:00,1.75,1.5,1.6285714285714286,10
2021-05-10 15:00:00,2021-05-10 18:15:00,3.5,5.6,5.871428571428572,15
2021-05-11 04:15:00,2021-05-11 05:15:00,1.25,1.4,1.7400000000000002,4
2021-05-11 09:30:00,2021-05-11 13:00:00,3.75,1.7,2.2199999999999998,9
2021-05-11 14:30:00,2021-05-11 15:45:00,1.5,4.3,4.716666666666666,14
2021-05-11 20:30:00,2021-05-11 22:45:00,2.5,2.0,3.13,20
2021-05-12 05:15:00,2021-05-12 06:00:00,1.0,2.2,2.875,5
2021-05-12 07:45:00,2021-05-12 10:45:00,3.25,2.1,3.5,7
2021-05-12 13:15:00,2021-05-12 15:00:00,2.0,5.1,5.300000000000001,13
2021-05-13 01:45:00,2021-05-13 02:15:00,0.75,1.9,2.6333333333333333,1
2021-05-13 05:15:00,2021-05-13 07:15:00,2.25,2.1,2.322222222222222,5
2021-05-13 10:15:00,2021-05-13 10:45:00,0.75,2.8,3.0666666666666664,10
2021-05-13 15:00:00,2021-05-13 16:15:00,1.5,2.6,2.9333333333333336,15
2021-05-13 18:15:00,2021-05-13 22:15:00,4.25,2.0,3.523529411764706,18
2021-05-13 23:45:00,2021-05-14 00:00:00,0.5,1.9,2.0,23
2021-05-14 19:15:00,2021-05-14 20:15:00,1.25,4.0,4.64,19
2021-05-14 22:00:00,2021-05-15 00:45:00,3.0,3.7,4.108333333333333,22
2021-05-15 03:15:00,2021-05-15 04:15:00,1.25,3.7,3.9,3
2021-05-15 22:30:00,2021-05-15 23:30:00,1.25,2.9,4.779999999999999,22
2021-05-16 13:45:00,2021-05-16 14:30:00,1.0,2.8,3.125,13
2021-05-16 16:30:00,2021-05-16 17:00:00,0.75,2.7,2.7999999999999994,16
2021-05-16 19:15:00,2021-05-16 20:45:00,1.75,2.5,2.8428571428571425,19
2021-05-16 22:15:00,2021-05-16 22:45:00,0.75,4.1,5.166666666666666,22
2021-05-17 02:45:00,2021-05-17 07:30:00,5.0,2.5,2.815,2
2021-05-17 10:45:00,2021-05-17 11:30:00,1.0,2.6,2.6999999999999997,10
2021-05-17 14:15:00,2021-05-17 15:30:00,1.5,2.2,2.266666666666667,14
2021-05-18 00:00:00,2021-05-18 01:30:00,1.75,5.4,5.757142857142858,0
2021-05-18 04:00:00,2021-05-18 05:15:00,1.5,1.8,2.6333333333333333,4
2021-05-18 08:00:00,2021-05-18 08:45:00,1.0,1.6,1.775,8
2021-05-18 10:15:00,2021-05-18 12:00:00,2.0,2.2,3.3,10
2021-05-18 14:00:00,2021-05-18 15:15:00,1.5,4.1,4.7,14
2021-05-18 16:45:00,2021-05-18 17:45:00,1.25,3.8,3.9800000000000004,16
2021-05-18 20:45:00,2021-05-18 21:00:00,0.5,3.9,4.05,20
2021-05-18 23:00:00,2021-05-18 23:45:00,1.0,3.8,4.425,23
2021-05-19 03:45:00,2021-05-19 04:30:00,1.0,3.3,3.4000000000000004,3
2021-05-19 11:15:00,2021-05-19 12:00:00,1.0,5.4,5.699999999999999,11
2021-05-19 14:15:00,2021-05-19 15:00:00,1.0,5.6,6.25,14
2021-05-19 17:00:00,2021-05-19 20:45:00,4.0,4.1,5.2625,17
2021-05-19 23:15:00,2021-05-20 02:45:00,3.75,4.3,5.073333333333333,23
2021-05-20 06:45:00,2021-05-20 07:45:00,1.25,4.5,4.64,6
2021-05-20 15:45:00,2021-05-20 17:30:00,2.0,5.1,5.324999999999999,15
2021-05-20 19:00:00,2021-05-20 20:00:00,1.25,4.8,4.98,19
2021-05-20 21:30:00,2021-05-20 22:15:00,1.0,4.4,4.5,21
2021-05-21 02:45:00,2021-05-21 05:45:00,3.25,4.3,4.43076923076923,2
2021-05-22 09:30:00,2021-05-22 11:15:00,2.0,4.2,4.45,9
2021-05-22 13:15:00,2021-05-22 14:30:00,1.5,4.0,4.3,13
2021-05-22 16:15:00,2021-05-22 19:45:00,3.75,3.8,4.106666666666666,16
2021-05-22 21:45:00,2021-05-22 23:30:00,2.0,4.0,4.1875,21
2021-05-23 01:00:00,2021-05-23 05:45:00,5.0,3.7,4.025,1
2021-05-23 22:30:00,2021-05-23 23:45:00,1.5,3.7,3.8000000000000003,22
2021-05-24 02:30:00,2021-05-24 03:00:00,0.75,3.5,3.6,2
2021-05-24 16:30:00,2021-05-24 17:45:00,1.5,3.5,3.783333333333333,16
2021-05-24 21:30:00,2021-05-25 01:30:00,4.25,2.6,3.1941176470588237,21
2021-05-25 03:45:00,2021-05-25 10:00:00,6.5,2.6,2.861538461538461,3
2021-05-25 14:30:00,2021-05-25 17:30:00,3.25,3.2,3.623076923076923,14
2021-05-25 19:15:00,2021-05-25 21:15:00,2.25,2.9,3.3,19
2021-05-25 23:45:00,2021-05-26 02:00:00,2.5,2.9,3.3300000000000005,23
2021-05-26 03:30:00,2021-05-26 05:15:00,2.0,2.7,2.9125,3
2021-05-26 06:45:00,2021-05-26 09:45:00,3.25,2.1,2.430769230769231,6
2021-05-26 11:30:00,2021-05-26 12:15:00,1.0,3.1,3.275,11
2021-05-26 14:00:00,2021-05-26 14:45:00,1.0,3.4,3.525,14
2021-05-26 18:45:00,2021-05-26 19:45:00,1.25,3.8,4.119999999999999,18
2021-05-26 21:30:00,2021-05-27 06:00:00,8.75,2.8,4.074285714285714,21
2021-05-27 07:45:00,2021-05-27 08:15:00,0.75,3.7,3.8666666666666667,7
2021-05-27 09:45:00,2021-05-27 14:30:00,5.0,3.4,3.745,9
2021-05-27 17:30:00,2021-05-27 18:00:00,0.75,3.4,3.466666666666667,17
2021-05-27 20:00:00,2021-05-28 00:00:00,4.25,2.8,3.3823529411764706,20
2021-05-28 02:15:00,2021-05-28 06:15:00,4.25,3.1,3.576470588235294,2
2021-05-28 08:00:00,2021-05-28 09:00:00,1.25,3.5,3.72,8
2021-05-28 10:45:00,2021-05-28 11:15:00,0.75,3.9,4.2,10
2021-05-28 13:30:00,2021-05-28 16:00:00,2.75,3.2,3.663636363636364,13
2021-05-28 20:30:00,2021-05-29 01:00:00,4.75,2.2,2.921052631578948,20
2021-05-29 02:45:00,2021-05-29 07:45:00,5.25,2.4,2.9571428571428577,2
2021-05-29 12:45:00,2021-05-29 13:15:00,0.75,4.4,4.466666666666667,12
2021-05-29 21:30:00,2021-05-29 23:45:00,2.5,3.8,4.119999999999999,21
2021-05-30 10:00:00,2021-05-30 11:15:00,1.5,3.5,3.75,10
2021-05-30 13:15:00,2021-05-30 14:45:00,1.75,3.6,4.314285714285714,13
2021-05-30 16:45:00,2021-05-30 18:15:00,1.75,3.8,4.157142857142857,16
2021-05-30 19:45:00,2021-05-30 20:15:00,0.75,3.6,3.6999999999999997,19
2021-05-30 22:15:00,2021-05-30 23:45:00,1.75,3.2,3.3428571428571425,22
2021-05-31 20:15:00,2021-05-31 21:30:00,1.5,3.4,3.5499999999999994,20
2021-06-01 03:30:00,2021-06-01 15:45:00,12.5,3.1,3.696,3
2021-06-01 17:30:00,2021-06-01 23:00:00,5.75,4.8,5.934782608695653,17
2021-06-02 00:30:00,2021-06-02 08:45:00,8.5,4.7,5.714705882352941,0
2021-06-02 11:15:00,2021-06-02 13:30:00,2.5,5.2,5.51,11
2021-06-02 17:00:00,2021-06-02 17:45:00,1.0,5.9,6.25,17
2021-06-02 20:00:00,2021-06-03 14:15:00,18.5,3.4,4.6121621621621625,20
2021-06-03 16:45:00,2021-06-04 05:30:00,13.0,1.8,3.6096153846153842,16
2021-06-04 09:00:00,2021-06-04 09:30:00,0.75,3.3,3.4,9
2021-06-04 11:00:00,2021-06-04 14:15:00,3.5,2.7,3.207142857142857,11
2021-06-04 16:30:00,2021-06-04 21:30:00,5.25,3.4,3.6238095238095243,16
2021-06-05 12:15:00,2021-06-05 14:00:00,2.0,2.7,2.9749999999999996,12
2021-06-05 20:15:00,2021-06-05 23:00:00,3.0,2.4,4.05,20
2021-06-06 02:15:00,2021-06-06 06:45:00,4.75,3.4,4.2894736842105265,2
2021-06-06 08:15:00,2021-06-06 08:30:00,0.5,4.1,4.3,8
2021-06-06 10:15:00,2021-06-06 11:00:00,1.0,4.9,5.4,10
2021-06-06 14:00:00,2021-06-06 22:30:00,8.75,3.1,4.425714285714287,14
2021-06-07 00:00:00,2021-06-07 03:00:00,3.25,3.4,3.8,0
2021-06-07 05:30:00,2021-06-07 12:00:00,6.75,2.8,3.8481481481481477,5
2021-06-07 14:00:00,2021-06-07 18:30:00,4.75,1.6,2.1052631578947367,14
2021-06-07 22:15:00,2021-06-07 22:30:00,0.5,1.5,1.6,22
2021-06-08 08:00:00,2021-06-08 09:15:00,1.5,2.4,2.6,8
2021-06-08 13:00:00,2021-06-08 14:30:00,1.75,1.0,1.3285714285714287,13
2021-06-08 16:30:00,2021-06-08 18:45:00,2.5,1.1,1.5900000000000003,16
2021-06-08 20:30:00,2021-06-08 22:30:00,2.25,0.9,1.5222222222222224,20
2021-06-09 09:45:00,2021-06-09 15:00:00,5.5,1.1,1.6454545454545453,9
2021-06-09 17:15:00,2021-06-09 20:15:00,3.25,0.8,1.1923076923076923,17
2021-06-10 04:00:00,2021-06-10 07:45:00,4.0,0.7,1.2,4
2021-06-10 09:15:00,2021-06-10 10:45:00,1.75,1.0,1.3714285714285714,9
2021-06-10 12:45:00,2021-06-10 16:15:00,3.75,0.7,1.04,12
2021-06-11 09:45:00,2021-06-11 12:45:00,3.25,0.9,1.4384615384615385,9
2021-06-12 08:15:00,2021-06-12 09:45:00,1.75,0.5,0.7142857142857143,8
2021-06-12 15:30:00,2021-06-13 05:45:00,14.5,0.6,1.3258620689655174,15
2021-06-13 07:30:00,2021-06-13 08:15:00,1.0,1.5,1.65,7
2021-06-13 13:30:00,2021-06-13 15:30:00,2.25,1.6,1.7777777777777777,13
2021-06-13 21:15:00,2021-06-13 21:45:00,0.75,1.0,1.1333333333333333,21
2021-06-14 02:00:00,2021-06-14 04:15:00,2.5,0.9,1.09,2
2021-06-14 06:00:00,2021-06-14 09:00:00,3.25,0.8,1.0076923076923077,6
2021-06-14 15:15:00,2021-06-14 19:45:00,4.75,0.6,0.9526315789473685,15
2021-06-14 22:15:00,2021-06-15 00:00:00,2.0,0.5,0.6499999999999999,22
2021-06-15 01:30:00,2021-06-15 08:45:00,7.5,0.4,1.283333333333333,1
2021-06-15 10:45:00,2021-06-15 13:15:00,2.75,1.7,2.0999999999999996,10
2021-06-15 15:00:00,2021-06-15 17:15:00,2.5,1.5,1.8900000000000001,15
2021-06-15 18:45:00,2021-06-15 22:45:00,4.25,1.2,1.5294117647058822,18
2021-06-16 04:30:00,2021-06-16 08:00:00,3.75,0.7,0.9866666666666668,4
2021-06-16 10:00:00,2021-06-16 15:00:00,5.25,0.9,1.8714285714285712,10
2021-06-16 16:45:00,2021-06-17 03:15:00,10.75,1.2,2.1697674418604653,16
2021-06-17 04:45:00,2021-06-17 08:30:00,4.0,0.8,1.4,4
2021-06-17 10:30:00,2021-06-17 11:45:00,1.5,0.8,1.1500000000000001,10
2021-06-17 13:45:00,2021-06-17 15:00:00,1.5,0.8,1.3333333333333333,13
2021-06-17 17:00:00,2021-06-17 17:30:00,0.75,1.1,1.4333333333333336,17
2021-06-17 19:00:00,2021-06-17 19:45:00,1.0,1.2,1.425,19
2021-06-17 21:15:00,2021-06-17 23:30:00,2.5,0.6,1.52,21
2021-06-18 01:00:00,2021-06-18 07:15:00,6.5,0.4,0.9230769230769231,1
2021-06-18 08:45:00,2021-06-18 16:00:00,7.5,1.6,2.883333333333333,8
2021-06-18 17:45:00,2021-06-18 18:00:00,0.5,3.9,4.0,17
2021-06-19 07:00:00,2021-06-19 08:00:00,1.25,5.0,5.48,7
2021-06-19 21:30:00,2021-06-20 01:00:00,3.75,3.8,3.9933333333333327,21
2021-06-21 22:45:00,2021-06-21 23:30:00,1.0,6.0,6.1,22
2021-06-22 03:15:00,2021-06-22 03:45:00,0.75,4.9,5.033333333333333,3
2021-06-22 08:00:00,2021-06-22 09:30:00,1.75,4.0,4.2,8
2021-06-23 00:00:00,2021-06-23 01:15:00,1.5,3.8,3.966666666666667,0
2021-06-25 15:45:00,2021-06-25 17:00:00,1.5,3.8,3.9499999999999997,15
2021-06-26 12:00:00,2021-06-26 12:30:00,0.75,3.9,4.3,12
2021-06-26 15:45:00,2021-06-26 16:30:00,1.0,3.7,3.95,15
2021-06-27 12:15:00,2021-06-27 14:00:00,2.0,3.6,4.3625,12
2021-06-27 15:45:00,2021-06-27 18:15:00,2.75,3.4,4.081818181818182,15
2021-06-28 08:45:00,2021-06-28 09:30:00,1.0,3.4,3.6750000000000003,8
2021-06-28 19:15:00,2021-06-28 20:30:00,1.5,3.7,4.033333333333333,19
2021-06-29 03:15:00,2021-06-29 04:15:00,1.25,2.8,3.4200000000000004,3
2021-06-30 01:00:00,2021-06-30 04:00:00,3.25,2.2,2.569230769230769,1
2021-06-30 15:15:00,2021-06-30 16:45:00,1.75,1.9,2.2857142857142856,15
2021-07-02 13:15:00,2021-07-02 16:30:00,3.5,0.4,0.5357142857142858,13
2021-07-02 20:45:00,2021-07-02 22:45:00,2.25,0.4,0.911111111111111,20
2021-07-03 00:30:00,2021-07-03 00:45:00,0.5,0.6,0.8999999999999999,0
2021-07-03 02:15:00,2021-07-03 04:00:00,2.0,0.5,0.8125,2
2021-07-03 08:30:00,2021-07-03 15:45:00,7.5,0.6,1.9,8
2021-07-03 21:00:00,2021-07-03 23:15:00,2.5,5.0,5.29,21
2021-07-04 02:45:00,2021-07-04 04:15:00,1.75,4.1,4.271428571428571,2
2021-07-04 05:45:00,2021-07-04 07:00:00,1.5,4.0,4.116666666666666,5
2021-07-14 02:45:00,2021-07-14 03:45:00,1.25,3.7,3.84,2
2021-07-14 11:15:00,2021-07-14 13:45:00,2.75,3.2,3.4181818181818175,11
2021-07-14 21:45:00,2021-07-15 00:00:00,2.5,2.8,3.8200000000000003,21
2021-07-16 01:15:00,2021-07-16 05:30:00,4.5,1.6,3.127777777777778,1
2021-07-16 16:00:00,2021-07-16 17:45:00,2.0,3.1,3.575,16
2021-07-17 00:45:00,2021-07-17 02:00:00,1.5,0.7,1.4000000000000001,0
2021-07-17 05:00:00,2021-07-17 10:15:00,5.5,0.5,0.7363636363636363,5
2021-07-17 15:45:00,2021-07-17 16:15:00,0.75,3.4,3.6,15
2021-07-17 18:30:00,2021-07-17 18:45:00,0.5,3.6,3.7,18
2021-07-17 20:15:00,2021-07-18 02:00:00,6.0,0.4,2.4291666666666667,20
2021-07-18 12:45:00,2021-07-18 15:45:00,3.25,0.3,2.1153846153846154,12
2021-07-18 17:15:00,2021-07-18 19:00:00,2.0,0.3,2.525,17
2021-07-18 20:30:00,2021-07-18 23:30:00,3.25,0.1,0.7769230769230767,20
2021-07-19 16:45:00,2021-07-19 19:45:00,3.25,3.6,4.161538461538462,16
2021-07-20 03:45:00,2021-07-20 06:00:00,2.5,2.2,2.7499999999999996,3
2021-07-20 10:15:00,2021-07-20 14:00:00,4.0,3.7,4.13125,10
2021-07-20 17:15:00,2021-07-20 19:00:00,2.0,3.7,3.975,17
2021-07-20 22:45:00,2021-07-21 01:45:00,3.25,3.5,3.7615384615384615,22
2021-07-21 08:45:00,2021-07-21 11:45:00,3.25,2.8,3.7153846153846155,8
2021-07-21 13:15:00,2021-07-21 13:30:00,0.5,4.1,4.199999999999999,13
2021-07-21 19:30:00,2021-07-21 23:15:00,4.0,4.1,4.3625,19
2021-07-22 04:30:00,2021-07-22 06:00:00,1.75,3.2,3.471428571428571,4
2021-07-22 08:15:00,2021-07-22 08:45:00,0.75,3.0,3.1333333333333333,8
2021-07-22 10:15:00,2021-07-22 10:30:00,0.5,2.7,2.85,10
2021-07-22 12:45:00,2021-07-22 13:30:00,1.0,2.8,2.8499999999999996,12
2021-07-22 18:00:00,2021-07-22 18:15:00,0.5,3.3,3.4,18
2021-07-22 20:45:00,2021-07-23 00:00:00,3.5,2.2,3.3,20
2021-07-23 03:00:00,2021-07-23 04:00:00,1.25,2.1,2.22,3
2021-07-23 22:15:00,2021-07-24 00:45:00,2.75,1.6,1.7999999999999998,22
2021-07-26 12:00:00,2021-07-26 12:30:00,0.75,0.5,0.6333333333333333,12
2021-07-26 16:45:00,2021-07-26 18:00:00,1.5,0.6,0.6833333333333332,16
2021-08-01 16:30:00,2021-08-01 17:00:00,0.75,0.4,0.4666666666666666,16
2021-08-01 18:30:00,2021-08-01 19:15:00,1.0,0.4,0.525,18
2021-08-02 14:15:00,2021-08-02 19:00:00,5.0,0.4,0.8800000000000001,14
2021-08-02 20:30:00,2021-08-02 21:00:00,0.75,0.4,0.5333333333333333,20
2021-08-03 00:45:00,2021-08-03 01:15:00,0.75,0.4,0.4666666666666666,0
2021-08-03 13:30:00,2021-08-03 14:00:00,0.75,1.4,1.5666666666666664,13
2021-08-03 15:30:00,2021-08-03 15:45:00,0.5,1.5,1.65,15
2021-08-03 18:30:00,2021-08-03 20:15:00,2.0,1.9,2.0875,18
2021-08-03 21:45:00,2021-08-04 03:15:00,5.75,2.1,2.6391304347826083,21
2021-08-04 17:00:00,2021-08-04 18:15:00,1.5,2.7,2.8833333333333333,17
2021-08-05 01:45:00,2021-08-05 02:30:00,1.0,2.0,2.125,1
2021-08-05 12:45:00,2021-08-05 17:15:00,4.75,2.2,2.526315789473684,12
2021-08-05 18:45:00,2021-08-06 06:45:00,12.25,0.8,1.9714285714285715,18
2021-08-06 11:15:00,2021-08-06 20:30:00,9.5,1.1,2.418421052631579,11
2021-08-06 23:00:00,2021-08-07 03:15:00,4.5,1.7,2.288888888888889,23
2021-08-07 05:00:00,2021-08-07 10:45:00,6.0,1.4,1.8374999999999997,5
2021-08-07 17:30:00,2021-08-07 18:30:00,1.25,1.9,2.0599999999999996,17
2021-08-07 23:00:00,2021-08-08 04:15:00,5.5,0.6,1.2772727272727271,23
2021-08-08 05:45:00,2021-08-08 07:30:00,2.0,0.9,1.1625,5
2021-08-08 10:30:00,2021-08-08 13:00:00,2.75,1.8,2.172727272727273,10
2021-08-08 15:15:00,2021-08-08 16:30:00,1.5,1.6,1.8,15
2021-08-08 18:15:00,2021-08-08 21:30:00,3.5,1.0,1.3428571428571427,18
2021-08-08 23:00:00,2021-08-09 07:45:00,9.0,0.6,0.9722222222222222,23
2021-08-09 11:30:00,2021-08-09 14:15:00,3.0,1.9,2.35,11
2021-08-09 16:45:00,2021-08-10 11:30:00,19.0,0.7,1.5157894736842106,16
2021-08-10 14:15:00,2021-08-10 15:30:00,1.5,1.6,1.7,14
2021-08-10 17:45:00,2021-08-10 18:15:00,0.75,1.6,1.7333333333333332,17
2021-08-10 19:45:00,2021-08-10 20:15:00,0.75,1.4,1.5,19
2021-08-10 22:00:00,2021-08-10 22:15:00,0.5,1.2,1.35,22
2021-08-11 00:15:00,2021-08-11 01:15:00,1.25,1.2,1.4000000000000001,0
2021-08-11 04:15:00,2021-08-11 07:00:00,3.0,1.0,1.2333333333333334,4
2021-08-11 08:30:00,2021-08-11 08:45:00,0.5,1.1,1.2000000000000002,8
2021-08-11 11:00:00,2021-08-11 12:00:00,1.25,1.0,1.28,11
2021-08-11 16:30:00,2021-08-11 18:45:00,2.5,1.1,1.31,16
2021-08-11 23:00:00,2021-08-12 04:00:00,5.25,0.6,0.9000000000000001,23
2021-08-12 08:15:00,2021-08-12 08:30:00,0.5,0.6,0.75,8
2021-08-12 13:00:00,2021-08-12 13:30:00,0.75,0.7,0.8000000000000002,13
2021-08-12 17:30:00,2021-08-12 19:15:00,2.0,0.6,0.7375,17
2021-08-13 01:00:00,2021-08-13 02:15:00,1.5,0.6,0.6833333333333332,1
2021-08-13 12:00:00,2021-08-13 16:15:00,4.5,1.1,1.488888888888889,12
2021-08-13 20:45:00,2021-08-13 22:15:00,1.75,0.7,0.9571428571428572,20
2021-08-14 00:30:00,2021-08-14 04:00:00,3.75,0.3,0.7666666666666668,0
2021-08-14 13:30:00,2021-08-14 14:15:00,1.0,1.2,1.375,13
2021-08-14 16:00:00,2021-08-14 17:00:00,1.25,1.1,1.2000000000000002,16
2021-08-15 13:00:00,2021-08-15 15:30:00,2.75,0.9,1.1181818181818182,13
2021-08-15 21:00:00,2021-08-16 02:30:00,5.75,0.4,1.0565217391304345,21
2021-08-16 06:30:00,2021-08-16 14:45:00,8.5,1.5,3.3323529411764707,6
2021-08-16 17:00:00,2021-08-16 18:00:00,1.25,3.0,3.2600000000000002,17
2021-08-16 19:45:00,2021-08-17 06:15:00,10.75,2.3,3.011627906976744,19
2021-08-17 07:45:00,2021-08-17 10:30:00,3.0,2.0,2.4416666666666664,7
2021-08-17 13:30:00,2021-08-17 17:00:00,3.75,1.6,2.0000000000000004,13
2021-08-17 19:15:00,2021-08-18 01:45:00,6.75,1.0,1.5592592592592591,19
2021-08-18 05:30:00,2021-08-18 06:45:00,1.5,1.5,2.15,5
2021-08-18 08:45:00,2021-08-18 14:45:00,6.25,1.3,1.916,8
2021-08-18 16:30:00,2021-08-18 20:00:00,3.75,0.7,1.413333333333333,16
2021-08-18 21:45:00,2021-08-18 23:30:00,2.0,1.0,1.3250000000000002,21
2021-08-19 02:30:00,2021-08-19 09:15:00,7.0,1.3,2.667857142857143,2
2021-08-19 12:45:00,2021-08-19 13:45:00,1.25,1.4,1.78,12
2021-08-19 16:00:00,2021-08-19 20:00:00,4.25,0.5,1.1176470588235294,16
2021-08-20 01:00:00,2021-08-20 12:00:00,11.25,1.3,2.4,1
2021-08-20 13:45:00,2021-08-21 08:00:00,18.5,0.8,1.5418918918918918,13
2021-08-21 10:30:00,2021-08-21 12:15:00,2.0,1.2,1.55,10
2021-08-21 14:15:00,2021-08-21 19:00:00,5.0,0.9,1.405,14
2021-08-22 00:00:00,2021-08-22 01:30:00,1.75,0.4,0.6,0
2021-08-22 07:15:00,2021-08-22 11:30:00,4.5,0.8,1.0611111111111113,7
2021-08-22 14:15:00,2021-08-22 16:00:00,2.0,1.1,1.3,14
2021-08-22 17:30:00,2021-08-22 20:30:00,3.25,0.4,0.8615384615384614,17
2021-08-23 08:30:00,2021-08-23 09:15:00,1.0,0.2,0.375,8
2021-08-23 10:45:00,2021-08-23 11:30:00,1.0,0.3,0.5499999999999999,10
2021-08-23 13:45:00,2021-08-24 00:00:00,10.5,0.5,0.9071428571428574,13
2021-08-24 01:45:00,2021-08-24 05:45:00,4.25,0.4,0.6882352941176472,1
2021-08-24 10:30:00,2021-08-24 13:30:00,3.25,0.5,0.8384615384615385,10
2021-08-24 16:30:00,2021-08-24 22:00:00,5.75,0.4,0.9130434782608697,16
2021-08-25 10:15:00,2021-08-25 11:30:00,1.5,0.8,0.9666666666666668,10
2021-08-25 14:00:00,2021-08-25 17:00:00,3.25,0.6,0.8769230769230769,14
2021-08-26 01:30:00,2021-08-26 02:15:00,1.0,0.2,0.37500000000000006,1
2021-08-26 04:00:00,2021-08-26 05:00:00,1.25,0.2,0.31999999999999995,4
2021-09-04 02:30:00,2021-09-04 02:45:00,0.5,1.8,2.55,2
2021-09-04 15:00:00,2021-09-04 16:00:00,1.25,3.5,3.7399999999999998,15
2021-09-04 23:30:00,2021-09-05 00:15:00,1.0,1.7,1.8,23
2021-09-05 15:30:00,2021-09-05 15:45:00,0.5,1.1,1.2000000000000002,15
2021-09-05 18:00:00,2021-09-05 22:00:00,4.25,0.8,2.052941176470588,18
2021-09-10 14:30:00,2021-09-10 21:15:00,7.0,2.1,2.7571428571428567,14
2021-09-10 22:45:00,2021-09-10 23:45:00,1.25,2.1,2.24,22
2021-09-11 02:30:00,2021-09-11 03:15:00,1.0,1.9,2.05,2
2021-09-11 04:45:00,2021-09-11 09:30:00,5.0,1.4,1.8200000000000003,4
2021-09-11 11:45:00,2021-09-11 12:45:00,1.25,1.6,1.7399999999999998,11
2021-09-11 14:15:00,2021-09-11 19:45:00,5.75,1.7,2.726086956521739,14
2021-09-11 21:15:00,2021-09-12 04:45:00,7.75,1.3,1.8548387096774193,21
2021-09-12 06:45:00,2021-09-12 08:45:00,2.25,0.8,1.3444444444444446,6
2021-09-12 10:15:00,2021-09-13 09:15:00,23.25,0.7,2.308602150537634,10
2021-09-13 11:00:00,2021-09-13 17:00:00,6.25,0.6,1.432,11
2021-09-13 20:15:00,2021-09-13 21:30:00,1.5,1.4,1.6833333333333333,20
2021-09-14 00:45:00,2021-09-14 06:15:00,5.75,1.7,2.356521739130435,0
2021-09-14 09:00:00,2021-09-14 17:15:00,8.5,1.7,2.7882352941176474,9
2021-09-15 05:30:00,2021-09-15 09:45:00,4.5,2.9,3.8777777777777778,5
2021-09-15 16:45:00,2021-09-15 19:00:00,2.5,4.9,5.18,16
2021-09-16 04:15:00,2021-09-16 05:45:00,1.75,4.0,4.257142857142857,4
2021-09-17 13:00:00,2021-09-17 14:15:00,1.5,4.0,4.216666666666668,13
2021-09-20 06:30:00,2021-09-20 08:00:00,1.75,1.9,2.4428571428571426,6
2021-09-20 14:30:00,2021-09-20 15:00:00,0.75,3.8,4.0,14
2021-09-21 03:45:00,2021-09-21 07:00:00,3.5,1.5,2.7428571428571433,3
2021-09-21 16:45:00,2021-09-21 18:00:00,1.5,1.3,1.4666666666666668,16
2021-09-22 01:30:00,2021-09-22 04:45:00,3.5,1.0,1.2714285714285711,1
2021-09-23 06:00:00,2021-09-23 10:00:00,4.25,0.9,1.1176470588235294,6
2021-09-23 11:30:00,2021-09-23 14:00:00,2.75,0.9,1.0454545454545454,11
2021-09-24 12:00:00,2021-09-24 15:00:00,3.25,3.6,3.861538461538461,12
2021-09-24 16:45:00,2021-09-24 17:00:00,0.5,3.4,3.55,16
2021-09-25 05:30:00,2021-09-25 06:00:00,0.75,3.9,4.033333333333333,5
2021-09-25 11:30:00,2021-09-25 14:30:00,3.25,3.3,3.6307692307692303,11
2021-09-25 17:45:00,2021-09-25 19:00:00,1.5,3.2,3.5500000000000003,17
2021-09-25 20:45:00,2021-09-25 21:00:00,0.5,3.1,3.2,20
2021-09-25 22:45:00,2021-09-26 02:00:00,3.5,2.6,2.928571428571428,22
2021-09-26 03:30:00,2021-09-26 07:00:00,3.75,1.7,2.1466666666666665,3
2021-09-26 15:30:00,2021-09-26 17:00:00,1.75,2.1,2.3285714285714287,15
2021-09-26 22:30:00,2021-09-27 02:00:00,3.75,1.0,1.4866666666666666,22
2021-09-27 03:30:00,2021-09-27 04:15:00,1.0,0.7,1.0,3
2021-09-27 06:00:00,2021-09-27 07:15:00,1.5,0.5,0.6999999999999998,6
2021-09-27 10:00:00,2021-09-27 13:30:00,3.75,0.6,1.06,10
2021-09-27 15:15:00,2021-09-27 19:00:00,4.0,1.2,1.725,15
2021-09-27 20:30:00,2021-09-28 02:15:00,6.0,0.5,1.5541666666666665,20
2021-09-28 04:15:00,2021-09-28 09:45:00,5.75,0.3,0.8739130434782608,4
2021-09-28 11:15:00,2021-09-28 13:30:00,2.5,0.3,1.1,11
2021-09-28 15:00:00,2021-09-28 15:45:00,1.0,0.8,0.95,15
2021-09-28 19:45:00,2021-09-28 20:30:00,1.0,1.0,1.225,19
2021-09-29 02:45:00,2021-09-29 06:30:00,4.0,0.9,1.475,2
2021-09-29 11:00:00,2021-09-29 12:00:00,1.25,0.9,1.2,11
2021-09-29 13:45:00,2021-09-29 18:00:00,4.5,1.1,2.5666666666666664,13
2021-09-30 06:00:00,2021-09-30 07:15:00,1.5,1.4,1.8499999999999999,6
2021-09-30 08:45:00,2021-09-30 12:00:00,3.5,1.3,1.9214285714285715,8
2021-10-01 10:00:00,2021-10-01 10:30:00,0.75,2.1,2.1999999999999997,10
2021-10-02 09:15:00,2021-10-02 13:15:00,4.25,2.1,2.511764705882353,9
2021-10-02 15:00:00,2021-10-02 16:45:00,2.0,1.6,1.9875,15
2021-10-02 18:30:00,2021-10-02 19:00:00,0.75,1.3,1.4666666666666666,18
2021-10-02 23:45:00,2021-10-03 00:30:00,1.0,1.6,1.725,23
2021-10-03 02:45:00,2021-10-03 04:00:00,1.5,1.6,1.8166666666666667,2
2021-10-03 08:45:00,2021-10-03 11:45:00,3.25,1.8,2.1230769230769235,8
2021-10-03 14:00:00,2021-10-03 14:30:00,0.75,1.9,2.966666666666667,14
2021-10-03 16:30:00,2021-10-03 18:00:00,1.75,1.8,2.1142857142857143,16
2021-10-03 20:15:00,2021-10-03 21:00:00,1.0,4.0,5.075,20
2021-10-04 05:00:00,2021-10-04 08:15:00,3.5,2.4,4.957142857142857,5
2021-10-06 10:15:00,2021-10-06 10:45:00,0.75,3.4,3.766666666666666,10
2021-10-06 22:15:00,2021-10-06 22:45:00,0.75,3.3,3.3666666666666667,22
2021-10-07 07:00:00,2021-10-07 07:30:00,0.75,3.1,3.733333333333333,7
2021-10-08 20:00:00,2021-10-08 20:45:00,1.0,1.8,1.95,20
2021-10-08 23:30:00,2021-10-09 00:45:00,1.5,1.9,2.25,23
2021-10-09 04:15:00,2021-10-09 05:30:00,1.5,1.9,2.4166666666666665,4
2021-10-09 10:30:00,2021-10-09 13:45:00,3.5,2.1,2.5785714285714287,10
2021-10-10 23:15:00,2021-10-10 23:30:00,0.5,1.7,1.9,23
2021-10-11 01:30:00,2021-10-11 04:15:00,3.0,2.1,3.308333333333333,1
2021-10-11 06:15:00,2021-10-11 08:45:00,2.75,2.1,3.127272727272727,6
2021-10-11 10:30:00,2021-10-11 11:30:00,1.25,2.2,2.54,10
2021-10-11 17:45:00,2021-10-11 18:45:00,1.25,2.5,2.62,17
2021-10-11 21:15:00,2021-10-11 22:00:00,1.0,2.8,3.0749999999999997,21
2021-10-12 03:00:00,2021-10-12 07:30:00,4.75,2.8,3.836842105263158,3
2021-10-12 16:15:00,2021-10-12 17:00:00,1.0,2.6,2.6750000000000003,16
2021-10-12 22:30:00,2021-10-12 23:45:00,1.5,2.9,3.0666666666666664,22
2021-10-13 02:15:00,2021-10-13 04:30:00,2.5,3.1,3.5,2
2021-10-13 06:45:00,2021-10-13 09:30:00,3.0,3.2,3.6333333333333333,6
2021-10-13 11:15:00,2021-10-13 13:30:00,2.5,2.3,2.55,11
2021-10-13 20:45:00,2021-10-13 21:45:00,1.25,2.3,2.5,20
2021-10-14 04:15:00,2021-10-14 05:45:00,1.75,2.7,3.4428571428571426,4
2021-10-14 09:00:00,2021-10-14 19:15:00,10.5,1.2,2.3214285714285716,9
2021-10-15 03:00:00,2021-10-15 04:30:00,1.75,2.4,2.6999999999999997,3
2021-10-15 18:45:00,2021-10-15 20:15:00,1.75,0.8,0.9142857142857143,18
2021-10-16 01:00:00,2021-10-16 03:30:00,2.75,0.9,1.1181818181818182,1
2021-10-16 05:15:00,2021-10-16 06:30:00,1.5,0.9,1.1666666666666667,5
2021-10-16 18:30:00,2021-10-16 20:00:00,1.75,1.6,1.8857142857142857,18
2021-10-16 21:45:00,2021-10-16 22:30:00,1.0,1.0,1.125,21
2021-10-17 00:00:00,2021-10-17 02:45:00,3.0,0.9,1.0666666666666667,0
2021-10-17 11:00:00,2021-10-17 13:15:00,2.5,1.3,1.6199999999999999,11
2021-10-18 01:15:00,2021-10-18 01:45:00,0.75,4.6,4.7,1
2021-10-18 06:15:00,2021-10-18 08:30:00,2.5,4.2,4.42,6
2021-10-18 22:15:00,2021-10-18 23:00:00,1.0,5.2,5.3500000000000005,22
2021-10-19 01:45:00,2021-10-19 05:30:00,4.0,4.8,4.91875,1
2021-10-19 21:00:00,2021-10-19 22:30:00,1.75,4.7,4.957142857142857,21
2021-10-20 02:15:00,2021-10-20 04:30:00,2.5,3.8,4.24,2
2021-10-20 16:45:00,2021-10-20 18:15:00,1.75,3.8,4.014285714285714,16
2021-10-20 22:15:00,2021-10-21 01:15:00,3.25,3.7,4.06153846153846,22
2021-10-21 03:00:00,2021-10-21 03:30:00,0.75,3.2,3.4,3
2021-10-21 16:00:00,2021-10-21 17:30:00,1.75,3.5,3.6857142857142855,16
2021-10-21 20:15:00,2021-10-21 20:45:00,0.75,3.6,3.6666666666666665,20
2021-10-23 19:15:00,2021-10-23 20:00:00,1.0,1.8,2.0,19
2021-10-23 23:30:00,2021-10-24 00:00:00,0.75,2.0,2.2333333333333334,23
2021-10-24 07:30:00,2021-10-24 10:30:00,3.25,2.2,2.8384615384615377,7
2021-10-25 00:30:00,2021-10-25 02:45:00,2.5,2.7,3.5900000000000007,0
2021-10-25 21:00:00,2021-10-25 21:15:00,0.5,2.7,2.8,21
2021-10-26 07:30:00,2021-10-26 09:15:00,2.0,2.7,2.8125,7
2021-10-27 23:45:00,2021-10-28 00:30:00,1.0,4.7,5.624999999999999,23
2021-10-28 02:00:00,2021-10-28 04:00:00,2.25,4.2,5.4,2
2021-10-28 05:30:00,2021-10-28 06:15:00,1.0,3.5,3.6750000000000003,5
2021-10-28 08:45:00,2021-10-28 09:45:00,1.25,4.0,4.16,8
2021-10-28 19:30:00,2021-10-28 20:00:00,0.75,4.0,4.133333333333334,19
2021-10-29 03:00:00,2021-10-29 03:30:00,0.75,3.9,3.966666666666667,3
2021-10-29 12:00:00,2021-10-29 13:00:00,1.25,3.6,3.66,12
2021-10-30 10:45:00,2021-10-30 11:00:00,0.5,6.6,6.699999999999999,10
2021-10-31 16:15:00,2021-10-31 17:30:00,1.5,6.6,6.866666666666667,16
2021-10-31 20:00:00,2021-10-31 22:45:00,3.0,6.3,6.591666666666666,20
2021-11-01 01:30:00,2021-11-01 02:30:00,1.25,6.2,6.28,1
2021-11-01 04:45:00,2021-11-01 07:00:00,2.5,6.0,6.17,4
2021-11-01 18:45:00,2021-11-01 20:00:00,1.5,6.5,6.783333333333332,18
2021-11-01 22:30:00,2021-11-01 23:00:00,0.75,6.4,6.633333333333333,22
2021-11-02 00:30:00,2021-11-02 01:00:00,0.75,6.3,6.566666666666666,0
2021-11-03 15:00:00,2021-11-03 17:00:00,2.25,6.5,6.711111111111112,15
2021-11-03 19:15:00,2021-11-04 00:30:00,5.5,6.1,6.463636363636363,19
2021-11-05 00:15:00,2021-11-05 00:45:00,0.75,5.5,5.633333333333333,0
2021-11-05 10:30:00,2021-11-05 11:00:00,0.75,4.8,4.933333333333333,10
2021-11-05 22:15:00,2021-11-06 05:00:00,7.0,4.4,5.499999999999999,22
2021-11-06 06:30:00,2021-11-06 07:15:00,1.0,4.5,4.675,6
2021-11-06 16:15:00,2021-11-06 20:30:00,4.5,5.9,6.3500000000000005,16
2021-11-07 02:30:00,2021-11-07 03:30:00,1.25,5.2,5.46,2
2021-11-07 17:30:00,2021-11-07 18:00:00,0.75,7.0,7.133333333333333,17
2021-11-07 22:30:00,2021-11-07 23:00:00,0.75,6.8,6.866666666666667,22
2021-11-08 01:45:00,2021-11-08 02:00:00,0.5,6.3,6.4,1
2021-11-08 04:15:00,2021-11-08 09:15:00,5.25,6.0,6.4333333333333345,4
2021-11-08 15:30:00,2021-11-08 22:45:00,7.5,6.9,7.416666666666667,15
2021-11-09 01:15:00,2021-11-09 02:15:00,1.25,6.8,6.959999999999999,1
2021-11-09 04:00:00,2021-11-09 06:15:00,2.5,6.6,6.909999999999999,4
2021-11-09 08:15:00,2021-11-09 10:15:00,2.25,6.6,6.7444444444444445,8
2021-11-09 15:45:00,2021-11-09 16:30:00,1.0,6.5,6.675,15
2021-11-09 18:00:00,2021-11-10 03:15:00,9.5,6.2,6.663157894736842,18
2021-11-10 04:45:00,2021-11-10 05:30:00,1.0,6.5,6.575,4
2021-11-10 07:15:00,2021-11-10 09:30:00,2.5,6.6,6.6899999999999995,7
2021-11-10 18:15:00,2021-11-10 20:00:00,2.0,6.1,6.3875,18
2021-11-10 22:00:00,2021-11-10 22:45:00,1.0,6.2,6.3999999999999995,22
2021-11-11 02:00:00,2021-11-11 04:45:00,3.0,5.8,6.499999999999999,2
2021-11-11 06:30:00,2021-11-11 22:30:00,16.25,5.3,6.513846153846154,6
2021-11-12 00:15:00,2021-11-12 01:00:00,1.0,5.4,5.475,0
2021-11-12 06:00:00,2021-11-12 07:00:00,1.25,5.0,5.14,6
2021-11-12 10:30:00,2021-11-12 11:00:00,0.75,4.8,4.933333333333334,10
2021-11-12 14:00:00,2021-11-12 15:00:00,1.25,5.1,5.2,14
2021-11-12 17:00:00,2021-11-12 21:00:00,4.25,4.2,4.711764705882353,17
2021-11-12 22:30:00,2021-11-13 01:30:00,3.25,4.3,4.499999999999999,22
2021-11-13 03:30:00,2021-11-13 03:45:00,0.5,4.2,4.35,3
2021-11-13 05:15:00,2021-11-13 05:30:00,0.5,4.2,4.300000000000001,5
2021-11-13 08:15:00,2021-11-13 08:45:00,0.75,4.1,4.166666666666666,8
2021-11-13 10:15:00,2021-11-13 13:00:00,3.0,4.1,4.6,10
2021-11-13 14:30:00,2021-11-13 16:45:00,2.5,4.8,4.95,14
2021-11-13 18:30:00,2021-11-14 09:00:00,14.75,3.1,3.8322033898305086,18
2021-11-14 15:45:00,2021-11-14 20:00:00,4.5,4.8,5.472222222222222,15
2021-11-14 21:30:00,2021-11-15 04:45:00,7.5,4.7,5.3500000000000005,21
2021-11-15 14:00:00,2021-11-15 16:15:00,2.5,5.8,6.25,14
2021-11-15 18:15:00,2021-11-15 20:30:00,2.5,5.1,5.470000000000001,18
2021-11-15 22:00:00,2021-11-16 09:00:00,11.25,4.7,5.1755555555555555,22
2021-11-16 11:00:00,2021-11-16 11:45:00,1.0,5.1,5.199999999999999,11
2021-11-16 15:15:00,2021-11-16 16:15:00,1.25,5.1,5.3,15
2021-11-16 17:45:00,2021-11-16 18:30:00,1.0,4.6,4.75,17
2021-11-16 20:00:00,2021-11-17 04:00:00,8.25,4.1,4.606060606060606,20
2021-11-17 05:30:00,2021-11-17 09:00:00,3.75,4.3,4.52,5
2021-11-17 15:15:00,2021-11-17 16:00:00,1.0,4.1,4.25,15
2021-11-17 18:15:00,2021-11-17 18:30:00,0.5,4.2,4.300000000000001,18
2021-11-17 20:30:00,2021-11-18 01:00:00,4.75,4.0,4.431578947368421,20
2021-11-18 04:00:00,2021-11-18 09:15:00,5.5,3.6,4.409090909090908,4
2021-11-18 12:45:00,2021-11-18 14:00:00,1.5,5.3,5.416666666666667,12
2021-11-18 17:15:00,2021-11-19 00:30:00,7.5,4.8,5.136666666666667,17
2021-11-19 02:30:00,2021-11-19 04:00:00,1.75,4.6,4.785714285714286,2
2021-11-19 05:30:00,2021-11-19 06:30:00,1.25,4.5,4.66,5
2021-11-19 08:00:00,2021-11-19 08:45:00,1.0,4.4,4.5,8
2021-11-19 12:45:00,2021-11-19 13:30:00,1.0,4.9,5.05,12
2021-11-19 15:15:00,2021-11-19 16:00:00,1.0,5.0,5.25,15
2021-11-19 17:30:00,2021-11-20 00:15:00,7.0,3.5,4.353571428571429,17
2021-11-20 02:45:00,2021-11-20 06:15:00,3.75,3.9,6.4799999999999995,2
2021-11-20 09:15:00,2021-11-20 10:00:00,1.0,6.6,6.9,9
2021-11-20 13:45:00,2021-11-20 16:30:00,3.0,6.5,6.866666666666667,13
2021-11-20 20:30:00,2021-11-20 21:30:00,1.25,6.8,6.9,20
2021-11-21 04:45:00,2021-11-21 06:30:00,2.0,6.1,6.275,4
2021-11-21 23:45:00,2021-11-22 03:00:00,3.5,5.6,5.957142857142856,23
2021-11-22 06:00:00,2021-11-22 07:45:00,2.0,4.8,5.15,6
2021-11-22 09:15:00,2021-11-22 09:30:00,0.5,4.8,4.9,9
2021-11-22 15:00:00,2021-11-22 18:30:00,3.75,5.7,6.186666666666666,15
2021-11-22 20:15:00,2021-11-22 22:15:00,2.25,5.4,5.688888888888888,20
2021-11-23 00:15:00,2021-11-23 01:30:00,1.5,4.6,4.95,0
2021-11-23 08:15:00,2021-11-23 08:45:00,0.75,4.2,4.333333333333333,8
2021-11-23 17:00:00,2021-11-23 21:00:00,4.25,5.5,5.758823529411764,17
2021-11-23 23:15:00,2021-11-24 08:15:00,9.25,4.1,5.524324324324324,23
2021-11-24 11:30:00,2021-11-24 16:15:00,5.0,4.7,5.465,11
2021-11-24 23:00:00,2021-11-25 00:00:00,1.25,6.9,7.039999999999999,23
2021-11-25 05:45:00,2021-11-25 07:15:00,1.75,6.7,7.0,5
2021-11-25 12:45:00,2021-11-25 13:45:00,1.25,6.4,6.539999999999999,12
2021-11-25 15:15:00,2021-11-25 20:00:00,5.0,6.0,6.640000000000001,15
2021-11-26 00:00:00,2021-11-26 01:00:00,1.25,6.8,6.9399999999999995,0
2021-11-26 07:15:00,2021-11-26 08:30:00,1.5,6.1,6.616666666666667,7
2021-11-26 17:30:00,2021-11-26 19:00:00,1.75,6.8,7.128571428571428,17
2021-11-26 22:15:00,2021-11-27 00:30:00,2.5,6.1,6.37,22
2021-11-27 02:00:00,2021-11-27 08:15:00,6.5,5.4,6.173076923076923,2
2021-11-27 18:00:00,2021-11-27 18:30:00,0.75,5.9,5.966666666666666,18
2021-11-27 20:30:00,2021-11-27 21:30:00,1.25,5.7,5.86,20
2021-11-28 00:00:00,2021-11-28 00:45:00,1.0,5.7,5.8500000000000005,0
2021-11-28 07:00:00,2021-11-28 07:45:00,1.0,5.8,6.075,7
2021-11-28 13:45:00,2021-11-28 14:45:00,1.25,6.3,6.4799999999999995,13
2021-11-28 23:30:00,2021-11-29 02:45:00,3.5,6.0,6.485714285714287,23
2021-11-29 07:45:00,2021-11-29 08:15:00,0.75,5.8,5.8999999999999995,7
2021-11-29 18:45:00,2021-11-29 20:15:00,1.75,6.6,6.799999999999999,18
2021-11-30 00:00:00,2021-11-30 00:15:00,0.5,6.5,6.6,0
2021-11-30 01:45:00,2021-11-30 02:00:00,0.5,6.3,6.449999999999999,1
2021-11-30 05:45:00,2021-11-30 07:00:00,1.5,6.2,6.266666666666667,5
2021-11-30 09:45:00,2021-11-30 11:30:00,2.0,6.1,6.300000000000001,9
2021-11-30 13:15:00,2021-11-30 14:00:00,1.0,6.1,6.25,13
2021-11-30 15:45:00,2021-11-30 23:00:00,7.5,5.8,6.150000000000001,15
2021-12-01 00:45:00,2021-12-01 04:45:00,4.25,5.3,5.629411764705883,0
2021-12-01 11:45:00,2021-12-01 15:30:00,4.0,6.0,6.299999999999999,11
2021-12-01 18:15:00,2021-12-01 19:15:00,1.25,5.9,6.080000000000001,18
2021-12-01 21:00:00,2021-12-01 22:45:00,2.0,5.9,6.2125,21
2021-12-02 00:45:00,2021-12-02 02:00:00,1.5,5.5,5.650000000000001,0
2021-12-02 04:15:00,2021-12-02 05:15:00,1.25,5.6,5.84,4
2021-12-02 08:15:00,2021-12-02 08:30:00,0.5,5.4,5.6,8
2021-12-02 20:15:00,2021-12-02 21:15:00,1.25,5.9,6.239999999999999,20
2021-12-03 00:30:00,2021-12-03 02:00:00,1.75,6.0,6.285714285714286,0
2021-12-03 16:30:00,2021-12-03 18:45:00,2.5,6.3,6.640000000000001,16
2021-12-03 23:15:00,2021-12-04 00:15:00,1.25,5.8,6.0600000000000005,23
2021-12-04 03:00:00,2021-12-04 05:30:00,2.75,5.4,5.6000000000000005,3
2021-12-04 15:45:00,2021-12-04 22:30:00,7.0,6.0,6.385714285714285,15
2021-12-05 01:00:00,2021-12-05 01:45:00,1.0,5.4,5.6,1
2021-12-05 03:30:00,2021-12-05 04:45:00,1.5,5.2,5.316666666666667,3
2021-12-05 07:45:00,2021-12-05 08:15:00,0.75,5.1,5.366666666666667,7
2021-12-05 10:15:00,2021-12-05 12:15:00,2.25,5.5,5.955555555555556,10
2021-12-05 14:30:00,2021-12-05 15:30:00,1.25,5.8,5.92,14
2021-12-05 18:45:00,2021-12-05 20:15:00,1.75,6.4,6.657142857142857,18
2021-12-05 23:45:00,2021-12-06 00:15:00,0.75,6.7,6.833333333333333,23
2021-12-06 04:00:00,2021-12-06 04:45:00,1.0,5.5,5.6499999999999995,4
2021-12-06 10:15:00,2021-12-06 11:00:00,1.0,5.3,5.6,10
2021-12-06 19:15:00,2021-12-06 22:00:00,3.0,5.7,6.183333333333334,19
2021-12-07 03:00:00,2021-12-07 04:00:00,1.25,5.8,6.0,3
2021-12-07 06:15:00,2021-12-07 08:00:00,2.0,5.3,5.5875,6
2021-12-07 20:15:00,2021-12-07 23:15:00,3.25,5.3,5.615384615384615,20
2021-12-08 01:15:00,2021-12-08 04:15:00,3.25,4.4,4.953846153846153,1
2021-12-08 06:00:00,2021-12-08 08:15:00,2.5,4.7,4.92,6
2021-12-08 17:15:00,2021-12-08 18:15:00,1.25,5.1,5.260000000000001,17
2021-12-08 22:45:00,2021-12-08 23:30:00,1.0,4.4,4.525,22
2021-12-09 01:30:00,2021-12-09 05:00:00,3.75,3.9,4.320000000000001,1
2021-12-09 08:45:00,2021-12-09 12:00:00,3.5,3.9,4.4,8
2021-12-09 13:45:00,2021-12-09 14:00:00,0.5,4.0,4.1,13
2021-12-09 15:30:00,2021-12-09 20:45:00,5.5,4.1,4.7681818181818185,15
2021-12-09 22:45:00,2021-12-10 02:45:00,4.25,3.6,4.1764705882352935,22
2021-12-10 07:45:00,2021-12-10 09:00:00,1.5,4.3,4.4,7
2021-12-10 12:45:00,2021-12-10 14:15:00,1.75,3.4,3.7714285714285714,12
2021-12-10 18:00:00,2021-12-10 18:15:00,0.5,2.8,2.9,18
2021-12-10 20:00:00,2021-12-10 23:15:00,3.5,2.5,2.857142857142857,20
2021-12-11 01:30:00,2021-12-11 05:00:00,3.75,2.2,2.8400000000000003,1
2021-12-11 17:15:00,2021-12-11 20:15:00,3.25,2.9,3.1999999999999997,17
2021-12-11 22:15:00,2021-12-12 01:15:00,3.25,2.9,3.2,22
2021-12-12 03:30:00,2021-12-12 04:30:00,1.25,3.0,3.3,3
2021-12-12 06:00:00,2021-12-12 07:30:00,1.75,3.0,3.2714285714285714,6
2021-12-12 12:00:00,2021-12-12 22:45:00,11.0,3.5,4.190909090909091,12
2021-12-13 00:15:00,2021-12-13 08:15:00,8.25,3.5,4.481818181818182,0
2021-12-13 13:30:00,2021-12-13 14:45:00,1.5,5.5,5.633333333333333,13
2021-12-13 16:45:00,2021-12-13 17:30:00,1.0,5.6,5.699999999999999,16
2021-12-13 19:00:00,2021-12-13 21:45:00,3.0,5.3,5.491666666666667,19
2021-12-13 23:30:00,2021-12-14 03:15:00,4.0,5.2,5.3687499999999995,23
2021-12-14 06:30:00,2021-12-14 06:45:00,0.5,4.8,4.949999999999999,6
2021-12-14 14:15:00,2021-12-14 14:30:00,0.5,5.4,5.5,14
2021-12-14 16:15:00,2021-12-14 17:30:00,1.5,5.3,5.666666666666667,16
2021-12-14 19:15:00,2021-12-14 20:30:00,1.5,4.8,4.9,19
2021-12-14 23:30:00,2021-12-15 03:15:00,4.0,4.6,4.875,23
2021-12-16 06:45:00,2021-12-16 07:45:00,1.25,3.7,3.8200000000000003,6
2021-12-16 18:30:00,2021-12-16 19:45:00,1.5,3.7,3.8666666666666667,18
2021-12-16 21:15:00,2021-12-16 23:00:00,2.0,3.6,3.7375000000000003,21
2021-12-17 02:00:00,2021-12-17 04:00:00,2.25,3.2,3.5999999999999996,2
2021-12-17 05:30:00,2021-12-17 09:30:00,4.25,3.1,3.6117647058823525,5
2021-12-17 13:00:00,2021-12-17 18:15:00,5.5,3.4,3.8,13
2021-12-18 05:45:00,2021-12-18 06:45:00,1.25,2.7,2.8600000000000003,5
2021-12-18 11:30:00,2021-12-18 12:30:00,1.25,2.7,2.8600000000000003,11
2021-12-18 23:15:00,2021-12-19 01:00:00,2.0,2.2,2.5625,23
2021-12-19 07:30:00,2021-12-19 08:00:00,0.75,2.0,2.1333333333333333,7
2021-12-19 11:45:00,2021-12-19 17:30:00,6.0,2.6,3.620833333333333,11
2021-12-19 19:00:00,2021-12-19 21:45:00,3.0,3.2,3.5583333333333336,19
2021-12-20 00:15:00,2021-12-20 01:45:00,1.75,2.6,2.8,0
2021-12-20 04:00:00,2021-12-20 05:15:00,1.5,2.3,2.5,4
2021-12-21 01:15:00,2021-12-21 01:45:00,0.75,5.5,5.633333333333333,1
2021-12-21 03:15:00,2021-12-21 09:45:00,6.75,4.0,5.218518518518518,3
2021-12-21 11:45:00,2021-12-21 14:00:00,2.5,4.8,5.409999999999999,11
2021-12-21 16:00:00,2021-12-21 16:30:00,0.75,5.7,5.766666666666667,16
2021-12-21 22:45:00,2021-12-22 00:15:00,1.75,5.2,5.3999999999999995,22
2021-12-22 04:15:00,2021-12-22 07:30:00,3.5,3.6,4.314285714285715,4
2021-12-22 18:30:00,2021-12-22 19:45:00,1.5,7.0,7.25,18
2021-12-23 03:30:00,2021-12-23 05:15:00,2.0,6.7,7.0625,3
2021-12-23 07:15:00,2021-12-23 10:30:00,3.5,5.9,6.807142857142858,7
2021-12-23 12:15:00,2021-12-23 15:30:00,3.5,6.5,6.914285714285714,12
2021-12-23 18:45:00,2021-12-23 19:15:00,0.75,7.1,7.333333333333333,18
2021-12-24 09:00:00,2021-12-24 13:30:00,4.75,6.1,6.942105263157895,9
2021-12-24 18:15:00,2021-12-24 19:45:00,1.75,7.2,7.6571428571428575,18
2021-12-24 21:30:00,2021-12-25 00:15:00,3.0,7.1,7.574999999999999,21
2021-12-25 02:45:00,2021-12-25 06:30:00,4.0,7.2,7.56875,2
2021-12-25 08:15:00,2021-12-25 10:45:00,2.75,6.8,6.927272727272726,8
2021-12-25 16:15:00,2021-12-25 17:45:00,1.75,5.9,6.085714285714286,16
2021-12-26 00:00:00,2021-12-26 00:15:00,0.5,5.8,6.0,0
2021-12-26 07:45:00,2021-12-26 08:15:00,0.75,6.6,6.733333333333333,7
2021-12-26 17:15:00,2021-12-26 20:00:00,3.0,5.9,6.241666666666667,17
2021-12-27 00:45:00,2021-12-27 03:45:00,3.25,5.8,6.0,0
2021-12-27 05:45:00,2021-12-27 07:15:00,1.75,5.5,5.6000000000000005,5
2021-12-27 21:30:00,2021-12-27 22:00:00,0.75,4.6,4.7,21
2021-12-28 05:15:00,2021-12-28 06:45:00,1.75,4.3,4.5857142857142845,5
2021-12-28 15:15:00,2021-12-28 17:00:00,2.0,3.7,3.9749999999999996,15
2021-12-28 21:30:00,2021-12-28 23:45:00,2.5,3.4,3.85,21
2021-12-29 04:30:00,2021-12-29 05:30:00,1.25,3.2,3.4199999999999995,4
2021-12-29 23:30:00,2021-12-30 03:00:00,3.75,2.4,2.6466666666666665,23
2021-12-30 05:15:00,2021-12-30 06:15:00,1.25,2.3,2.3600000000000003,5
2021-12-30 21:15:00,2021-12-31 00:00:00,3.0,2.0,2.35,21
2021-12-31 21:00:00,2022-01-01 06:30:00,9.75,1.5,2.092307692307693,21
2022-01-01 13:15:00,2022-01-01 19:00:00,6.0,1.4,2.75,13
2022-01-01 22:00:00,2022-01-02 01:15:00,3.5,3.6,4.442857142857142,22
2022-01-02 03:45:00,2022-01-02 05:00:00,1.5,2.6,2.7833333333333337,3
2022-01-02 13:00:00,2022-01-02 13:30:00,0.75,2.9,3.0,13
2022-01-02 15:00:00,2022-01-02 16:00:00,1.25,3.2,3.44,15
2022-01-02 19:45:00,2022-01-02 20:30:00,1.0,4.0,4.275,19
2022-01-02 22:30:00,2022-01-02 23:30:00,1.25,3.9,4.139999999999999,22
2022-01-03 03:30:00,2022-01-03 04:15:00,1.0,3.5,3.7249999999999996,3
2022-01-03 06:00:00,2022-01-03 07:00:00,1.25,2.5,2.7600000000000002,6
2022-01-04 03:45:00,2022-01-04 07:45:00,4.25,4.9,6.070588235294117,3
2022-01-04 14:45:00,2022-01-04 15:30:00,1.0,6.6,6.749999999999999,14
2022-01-04 23:30:00,2022-01-04 23:45:00,0.5,7.5,7.65,23
2022-01-05 03:30:00,2022-01-05 06:45:00,3.5,5.5,6.492857142857143,3
2022-01-05 09:45:00,2022-01-05 12:00:00,2.5,5.3,5.88,9
2022-01-05 15:15:00,2022-01-05 17:15:00,2.25,6.3,6.444444444444444,15
2022-01-06 04:45:00,2022-01-06 17:15:00,12.75,4.5,5.939215686274509,4
2022-01-06 19:45:00,2022-01-06 20:45:00,1.25,5.2,5.5,19
2022-01-07 20:30:00,2022-01-07 21:15:00,1.0,6.4,6.574999999999999,20
2022-01-08 03:45:00,2022-01-08 04:15:00,0.75,7.1,7.166666666666667,3
2022-01-08 07:00:00,2022-01-08 09:45:00,3.0,6.1,6.758333333333334,7
2022-01-08 11:30:00,2022-01-08 15:45:00,4.5,6.3,6.722222222222222,11
2022-01-08 23:00:00,2022-01-09 01:00:00,2.25,6.0,6.311111111111112,23
2022-01-09 03:30:00,2022-01-09 05:45:00,2.5,5.1,5.47,3
2022-01-09 08:00:00,2022-01-09 08:30:00,0.75,5.4,5.5,8
2022-01-09 13:15:00,2022-01-09 14:30:00,1.5,5.1,5.300000000000001,13
2022-01-09 19:45:00,2022-01-10 06:00:00,10.5,4.7,5.461904761904762,19
2022-01-10 19:00:00,2022-01-10 19:30:00,0.75,5.5,5.666666666666667,19
2022-01-10 21:15:00,2022-01-10 22:45:00,1.75,5.1,5.357142857142857,21
2022-01-11 02:00:00,2022-01-11 03:00:00,1.25,4.5,4.72,2
2022-01-11 04:30:00,2022-01-11 05:30:00,1.25,4.7,4.799999999999999,4
2022-01-11 14:15:00,2022-01-11 15:30:00,1.5,5.1,5.25,14
2022-01-11 22:30:00,2022-01-12 03:30:00,5.25,5.2,6.3047619047619055,22
2022-01-12 18:00:00,2022-01-12 19:00:00,1.25,7.0,7.219999999999999,18
2022-01-12 20:45:00,2022-01-12 21:30:00,1.0,7.0,7.15,20
2022-01-13 00:15:00,2022-01-13 02:30:00,2.5,5.8,6.13,0
2022-01-13 05:30:00,2022-01-13 07:45:00,2.5,5.5,5.66,5
2022-01-14 19:15:00,2022-01-14 20:45:00,1.75,6.4,6.785714285714286,19
2022-01-14 22:30:00,2022-01-15 02:00:00,3.75,5.5,6.126666666666667,22
2022-01-15 20:30:00,2022-01-16 07:45:00,11.5,4.7,5.621739130434783,20
2022-01-16 11:15:00,2022-01-16 12:15:00,1.25,6.1,6.26,11
2022-01-16 15:15:00,2022-01-16 16:45:00,1.75,6.2,6.314285714285715,15
2022-01-16 19:45:00,2022-01-16 20:00:00,0.5,7.9,8.0,19
2022-01-17 01:30:00,2022-01-17 06:00:00,4.75,6.1,7.5,1
2022-01-17 07:30:00,2022-01-17 08:45:00,1.5,6.1,6.666666666666667,7
2022-01-17 16:00:00,2022-01-17 18:00:00,2.25,9.2,9.555555555555555,16
2022-01-17 21:15:00,2022-01-17 22:15:00,1.25,8.6,8.84,21
2022-01-18 03:15:00,2022-01-18 04:00:00,1.0,7.8,7.924999999999999,3
2022-01-18 05:30:00,2022-01-18 06:30:00,1.25,7.5,7.619999999999999,5
2022-01-18 12:15:00,2022-01-18 14:00:00,2.0,8.5,8.95,12
2022-01-18 15:30:00,2022-01-18 17:00:00,1.75,8.3,8.628571428571428,15
2022-01-18 20:15:00,2022-01-19 05:00:00,9.0,8.3,8.875000000000002,20
2022-01-19 06:30:00,2022-01-19 08:15:00,2.0,7.5,7.85,6
2022-01-19 20:00:00,2022-01-20 01:45:00,6.0,7.4,8.3375,20
2022-01-20 05:00:00,2022-01-20 09:30:00,4.75,7.4,7.8999999999999995,5
2022-01-20 11:00:00,2022-01-20 12:15:00,1.5,7.5,7.6000000000000005,11
2022-01-21 04:00:00,2022-01-21 04:30:00,0.75,6.5,6.566666666666666,4
2022-01-21 17:15:00,2022-01-21 18:30:00,1.5,6.0,6.166666666666667,17
2022-01-21 20:00:00,2022-01-21 21:00:00,1.25,5.9,5.959999999999999,20
2022-01-22 04:30:00,2022-01-22 07:30:00,3.25,5.8,6.638461538461538,4
2022-01-22 18:00:00,2022-01-22 22:45:00,5.0,10.0,10.330000000000002,18
2022-01-23 01:00:00,2022-01-23 03:15:00,2.5,9.4,9.83,1
2022-01-23 23:30:00,2022-01-24 00:00:00,0.75,10.3,10.366666666666667,23
2022-01-24 13:30:00,2022-01-24 14:45:00,1.5,9.7,10.116666666666665,13
2022-01-24 17:00:00,2022-01-24 19:30:00,2.75,9.7,9.90909090909091,17
2022-01-24 23:15:00,2022-01-25 07:45:00,8.75,8.7,9.205714285714285,23
2022-01-26 19:45:00,2022-01-26 21:30:00,2.0,9.6,9.825000000000001,19
2022-01-27 00:30:00,2022-01-27 03:30:00,3.25,8.8,9.115384615384615,0
2022-01-27 05:00:00,2022-01-27 06:45:00,2.0,8.6,8.725,5
2022-01-27 10:45:00,2022-01-27 12:00:00,1.5,9.0,9.199999999999998,10
2022-01-27 17:15:00,2022-01-27 18:30:00,1.5,9.2,9.450000000000001,17
2022-01-27 20:00:00,2022-01-27 23:00:00,3.25,8.4,8.784615384615385,20
2022-01-28 07:30:00,2022-01-28 08:15:00,1.0,7.0,7.175000000000001,7
2022-01-28 15:45:00,2022-01-28 17:45:00,2.25,7.9,8.155555555555557,15
2022-01-28 19:30:00,2022-01-28 22:15:00,3.0,6.9,7.658333333333334,19
2022-01-28 23:45:00,2022-01-29 00:30:00,1.0,6.4,6.574999999999999,23
2022-01-29 02:45:00,2022-01-29 03:00:00,0.5,5.7,5.800000000000001,2
2022-01-29 17:15:00,2022-01-29 18:30:00,1.5,7.4,7.733333333333333,17
2022-01-29 23:45:00,2022-01-30 05:00:00,5.5,6.0,7.004545454545453,23
2022-01-30 06:30:00,2022-01-30 07:15:00,1.0,5.8,6.0249999999999995,6
2022-01-30 08:45:00,2022-01-30 09:15:00,0.75,6.8,7.133333333333333,8
2022-01-30 16:45:00,2022-01-30 20:00:00,3.5,8.2,8.942857142857141,16
2022-01-30 23:15:00,2022-01-31 03:15:00,4.25,8.0,8.382352941176471,23
2022-01-31 06:30:00,2022-01-31 09:15:00,3.0,7.1,7.749999999999999,6
2022-01-31 16:00:00,2022-01-31 19:45:00,4.0,9.1,9.275,16
2022-02-01 00:30:00,2022-02-01 01:15:00,1.0,9.0,9.125,0
2022-02-01 03:15:00,2022-02-01 06:30:00,3.5,8.5,8.807142857142859,3
2022-02-01 09:00:00,2022-02-01 09:30:00,0.75,8.7,8.8,9
2022-02-01 14:30:00,2022-02-01 20:15:00,6.0,8.6,9.004166666666668,14
2022-02-02 02:15:00,2022-02-02 03:00:00,1.0,8.0,8.125,2
2022-02-02 07:00:00,2022-02-02 08:45:00,2.0,7.5,7.65,7
2022-02-02 19:15:00,2022-02-02 23:30:00,4.5,6.8,7.177777777777777,19
2022-02-03 04:30:00,2022-02-03 06:45:00,2.5,6.3,6.529999999999999,4
2022-02-03 14:45:00,2022-02-03 17:00:00,2.5,5.9,6.17,14
2022-02-04 00:00:00,2022-02-04 01:00:00,1.25,6.0,6.119999999999999,0
2022-02-04 10:00:00,2022-02-04 13:15:00,3.5,5.6,5.864285714285714,10
2022-02-05 13:30:00,2022-02-05 14:45:00,1.5,4.1,4.25,13
2022-02-05 18:45:00,2022-02-05 19:45:00,1.25,4.2,4.36,18
2022-02-06 01:00:00,2022-02-06 05:45:00,5.0,3.4,4.165000000000001,1
2022-02-06 13:00:00,2022-02-06 15:00:00,2.25,4.8,6.322222222222223,13
2022-02-06 16:30:00,2022-02-07 05:15:00,13.0,4.1,6.298076923076924,16
2022-02-07 06:45:00,2022-02-07 09:30:00,3.0,6.6,7.791666666666667,6
2022-02-07 12:45:00,2022-02-07 15:30:00,3.0,7.7,8.183333333333332,12
2022-02-07 17:30:00,2022-02-07 19:15:00,2.0,8.2,8.6,17
2022-02-08 01:30:00,2022-02-08 05:00:00,3.75,7.9,8.153333333333332,1
2022-02-08 20:45:00,2022-02-08 22:15:00,1.75,9.0,9.114285714285714,20
2022-02-08 23:45:00,2022-02-09 01:00:00,1.5,8.5,8.733333333333334,23
2022-02-09 03:15:00,2022-02-09 04:00:00,1.0,8.1,8.2,3
2022-02-09 18:15:00,2022-02-09 21:00:00,3.0,7.7,7.999999999999999,18
2022-02-09 22:45:00,2022-02-10 00:45:00,2.25,7.5,7.7333333333333325,22
2022-02-10 17:15:00,2022-02-10 19:30:00,2.5,7.6,7.969999999999999,17
2022-02-11 12:30:00,2022-02-11 13:30:00,1.25,7.6,7.8,12
2022-02-11 15:00:00,2022-02-11 16:45:00,2.0,7.7,7.9125,15
2022-02-11 18:45:00,2022-02-11 21:30:00,3.0,7.4,7.783333333333334,18
2022-02-11 23:00:00,2022-02-12 04:45:00,6.0,6.1,6.679166666666667,23
2022-02-12 11:30:00,2022-02-12 16:15:00,5.0,6.8,7.555,11
2022-02-12 18:45:00,2022-02-13 03:30:00,9.0,6.3,7.125,18
2022-02-13 08:45:00,2022-02-13 10:30:00,2.0,5.7,6.15,8
2022-02-13 15:15:00,2022-02-13 21:45:00,6.75,6.3,6.914814814814815,15
2022-02-13 23:15:00,2022-02-14 04:30:00,5.5,5.3,5.868181818181819,23
2022-02-14 15:15:00,2022-02-14 16:45:00,1.75,6.3,6.5,15
2022-02-14 20:30:00,2022-02-14 21:00:00,0.75,5.7,5.8999999999999995,20
2022-02-15 01:45:00,2022-02-15 02:45:00,1.25,5.1,5.340000000000001,1
2022-02-15 04:30:00,2022-02-15 06:00:00,1.75,4.2,4.442857142857142,4
2022-02-15 15:30:00,2022-02-15 18:30:00,3.25,5.7,6.838461538461539,15
2022-02-15 20:15:00,2022-02-15 23:00:00,3.0,5.6,5.891666666666667,20
2022-02-16 01:15:00,2022-02-16 08:00:00,7.0,4.8,5.4071428571428575,1
2022-02-16 09:30:00,2022-02-16 09:45:00,0.5,4.8,4.949999999999999,9
2022-02-16 12:15:00,2022-02-16 19:30:00,7.5,3.6,4.84,12
2022-02-16 21:15:00,2022-02-17 19:15:00,22.25,5.0,6.179775280898877,21
2022-02-17 21:15:00,2022-02-17 21:30:00,0.5,5.9,6.0,21
2022-02-18 03:15:00,2022-02-18 10:30:00,7.5,4.9,5.72,3
2022-02-18 16:30:00,2022-02-18 18:00:00,1.75,5.6,5.8428571428571425,16
2022-02-18 23:00:00,2022-02-19 00:00:00,1.25,5.3,5.5,23
2022-02-19 15:30:00,2022-02-19 16:30:00,1.25,5.0,5.1,15
2022-02-19 22:00:00,2022-02-19 22:30:00,0.75,4.7,4.8,22
2022-02-20 00:00:00,2022-02-20 01:30:00,1.75,4.5,4.685714285714285,0
2022-02-20 04:30:00,2022-02-20 07:45:00,3.5,3.9,4.178571428571429,4
2022-02-20 13:00:00,2022-02-20 19:00:00,6.25,4.5,5.712,13
2022-02-21 00:30:00,2022-02-21 07:30:00,7.25,3.7,4.282758620689655,0
2022-02-21 11:15:00,2022-02-21 14:15:00,3.25,3.0,3.3461538461538463,11
2022-02-21 17:30:00,2022-02-21 20:00:00,2.75,3.0,3.2181818181818183,17
2022-02-21 21:45:00,2022-02-21 22:15:00,0.75,3.1,3.3333333333333335,21
2022-02-22 00:30:00,2022-02-22 08:15:00,8.0,3.1,3.8156250000000003,0
2022-02-22 10:00:00,2022-02-22 10:45:00,1.0,3.5,3.625,10
2022-02-22 14:45:00,2022-02-22 18:45:00,4.25,2.2,2.6411764705882352,14
2022-02-22 20:30:00,2022-02-23 00:15:00,4.0,2.0,2.4,20
2022-02-23 02:45:00,2022-02-23 03:15:00,0.75,1.9,2.0999999999999996,2
2022-02-23 06:15:00,2022-02-23 08:00:00,2.0,2.0,2.35,6
2022-02-23 11:30:00,2022-02-24 03:00:00,15.75,1.6,2.8285714285714287,11
2022-02-24 04:30:00,2022-02-24 08:15:00,4.0,1.5,1.9500000000000002,4
2022-02-24 17:00:00,2022-02-24 18:45:00,2.0,2.2,2.375,17
2022-02-24 22:45:00,2022-02-25 07:45:00,9.25,2.9,3.951351351351351,22
2022-02-25 09:15:00,2022-02-25 13:15:00,4.25,2.8,4.070588235294117,9
2022-02-25 18:00:00,2022-02-25 18:45:00,1.0,4.3,4.45,18
2022-02-25 20:15:00,2022-02-25 21:00:00,1.0,4.2,4.475,20
2022-02-26 02:30:00,2022-02-26 04:30:00,2.25,2.6,2.977777777777778,2
2022-02-26 08:00:00,2022-02-26 12:45:00,5.0,2.7,3.29,8
2022-02-26 18:45:00,2022-02-26 23:30:00,5.0,3.3,3.7649999999999997,18
2022-02-27 01:15:00,2022-02-27 05:00:00,4.0,2.3,2.7,1
2022-02-27 20:00:00,2022-02-28 03:45:00,8.0,3.9,4.612500000000001,20
2022-02-28 22:45:00,2022-03-01 04:00:00,5.5,4.9,6.00909090909091,22
2022-03-01 06:15:00,2022-03-01 06:45:00,0.75,5.5,5.7,6
2022-03-01 18:15:00,2022-03-01 20:15:00,2.25,6.9,7.199999999999999,18
2022-03-01 23:00:00,2022-03-01 23:30:00,0.75,6.8,7.066666666666666,23
2022-03-02 02:00:00,2022-03-02 08:15:00,6.5,5.9,6.826923076923077,2
2022-03-02 16:30:00,2022-03-02 21:15:00,5.0,6.8,7.235000000000001,16
2022-03-02 23:15:00,2022-03-02 23:30:00,0.5,6.3,6.449999999999999,23
2022-03-03 03:15:00,2022-03-03 05:45:00,2.75,5.6,6.027272727272727,3
2022-03-04 00:00:00,2022-03-04 09:15:00,9.5,5.1,5.805263157894737,0
2022-03-04 14:30:00,2022-03-04 15:00:00,0.75,7.5,7.566666666666666,14
2022-03-04 18:30:00,2022-03-04 22:30:00,4.25,6.7,6.988235294117647,18
2022-03-05 01:45:00,2022-03-05 07:30:00,6.0,4.9,5.825,1
2022-03-05 10:30:00,2022-03-05 11:45:00,1.5,6.0,6.366666666666667,10
2022-03-05 15:00:00,2022-03-06 03:45:00,13.0,6.1,7.650000000000001,15
2022-03-06 08:00:00,2022-03-06 10:15:00,2.5,6.5,6.709999999999999,8
2022-03-06 15:45:00,2022-03-06 16:45:00,1.25,8.1,8.66,15
2022-03-06 18:15:00,2022-03-07 09:15:00,15.25,6.1,7.391803278688525,18
2022-03-07 11:00:00,2022-03-07 14:30:00,3.75,6.2,6.98,11
2022-03-07 16:45:00,2022-03-08 09:30:00,17.0,4.9,6.366176470588236,16
2022-03-08 11:00:00,2022-03-08 11:45:00,1.0,5.6,5.775,11
2022-03-08 16:30:00,2022-03-08 20:00:00,3.75,4.4,5.34,16
2022-03-08 22:15:00,2022-03-09 08:45:00,10.75,3.9,4.776744186046511,22
2022-03-09 10:15:00,2022-03-09 12:00:00,2.0,5.0,5.449999999999999,10
2022-03-09 16:00:00,2022-03-09 18:00:00,2.25,5.5,5.811111111111111,16
2022-03-09 19:30:00,2022-03-09 22:15:00,3.0,4.4,5.0249999999999995,19
2022-03-10 00:15:00,2022-03-10 06:00:00,6.0,3.5,3.920833333333333,0
2022-03-10 18:45:00,2022-03-10 22:45:00,4.25,5.8,6.1000000000000005,18
2022-03-11 01:00:00,2022-03-11 07:45:00,7.0,4.3,5.021428571428572,1
2022-03-11 12:15:00,2022-03-11 13:00:00,1.0,5.4,5.5,12
2022-03-11 15:00:00,2022-03-11 18:30:00,3.75,5.2,5.540000000000001,15
2022-03-11 21:30:00,2022-03-11 22:45:00,1.5,4.8,5.066666666666667,21
2022-03-12 01:15:00,2022-03-12 02:00:00,1.0,4.2,4.4,1
2022-03-12 18:45:00,2022-03-12 20:15:00,1.75,7.5,7.785714285714286,18
2022-03-12 21:45:00,2022-03-13 04:45:00,7.25,5.2,6.5379310344827575,21
2022-03-13 16:30:00,2022-03-13 21:30:00,5.25,7.5,7.7333333333333325,16
2022-03-13 23:00:00,2022-03-14 02:45:00,4.0,5.6,6.50625,23
2022-03-14 04:15:00,2022-03-14 08:00:00,4.0,5.1,5.825,4
2022-03-14 14:30:00,2022-03-14 15:30:00,1.25,6.9,7.380000000000001,14
2022-03-14 18:15:00,2022-03-14 23:15:00,5.25,7.0,7.861904761904763,18
2022-03-15 00:45:00,2022-03-15 07:30:00,7.0,5.5,6.25,0
2022-03-15 11:00:00,2022-03-15 13:30:00,2.75,5.4,5.890909090909091,11
2022-03-15 15:15:00,2022-03-15 17:00:00,2.0,5.5,5.85,15
2022-03-15 18:30:00,2022-03-15 19:00:00,0.75,5.2,5.333333333333333,18
2022-03-15 22:30:00,2022-03-16 01:00:00,2.75,5.5,5.909090909090909,22
2022-03-16 02:30:00,2022-03-16 05:30:00,3.25,5.3,5.53076923076923,2
2022-03-16 15:15:00,2022-03-16 17:30:00,2.5,5.9,6.400000000000001,15
2022-03-16 19:45:00,2022-03-16 21:15:00,1.75,5.4,5.685714285714285,19
2022-03-16 23:00:00,2022-03-17 01:15:00,2.5,4.9,5.090000000000001,23
2022-03-17 06:00:00,2022-03-17 08:00:00,2.25,4.4,4.711111111111112,6
2022-03-17 15:45:00,2022-03-17 23:15:00,7.75,3.7,4.358064516129033,15
2022-03-18 02:30:00,2022-03-18 04:45:00,2.5,3.4,3.56,2
2022-03-18 06:15:00,2022-03-18 11:00:00,5.0,3.4,4.245000000000001,6
2022-03-18 12:45:00,2022-03-18 21:00:00,8.5,3.9,4.776470588235294,12
2022-03-18 22:30:00,2022-03-19 03:45:00,5.5,4.3,4.577272727272727,22
2022-03-19 05:45:00,2022-03-19 15:15:00,9.75,4.1,4.435897435897434,5
2022-03-19 17:00:00,2022-03-20 06:00:00,13.25,3.0,3.716981132075471,17
2022-03-20 14:00:00,2022-03-20 14:45:00,1.0,3.6,3.8,14
2022-03-20 17:45:00,2022-03-21 00:45:00,7.25,2.9,3.1413793103448278,17
2022-03-21 03:30:00,2022-03-21 04:00:00,0.75,2.9,3.033333333333333,3
2022-03-21 10:00:00,2022-03-21 13:30:00,3.75,2.9,3.28,10
2022-03-21 15:45:00,2022-03-21 16:30:00,1.0,2.7,2.7750000000000004,15
2022-03-21 19:00:00,2022-03-21 21:15:00,2.5,2.1,2.38,19
2022-03-22 00:15:00,2022-03-22 05:15:00,5.25,2.1,2.6761904761904756,0
2022-03-22 08:45:00,2022-03-22 15:45:00,7.25,2.7,3.889655172413793,8
2022-03-22 17:15:00,2022-03-22 20:45:00,3.75,2.7,3.753333333333333,17
2022-03-22 22:45:00,2022-03-22 23:15:00,0.75,2.4,2.533333333333333,22
2022-03-23 02:45:00,2022-03-23 05:30:00,3.0,2.5,2.975,2
2022-03-23 07:45:00,2022-03-23 10:45:00,3.25,3.6,4.438461538461538,7
2022-03-23 13:15:00,2022-03-23 15:15:00,2.25,4.5,4.7555555555555555,13
2022-03-23 17:15:00,2022-03-23 18:30:00,1.5,4.1,4.433333333333334,17
2022-03-23 22:45:00,2022-03-24 04:45:00,6.25,3.7,3.9240000000000004,22
2022-03-24 08:30:00,2022-03-24 10:00:00,1.75,3.6,3.7428571428571433,8
2022-03-24 15:15:00,2022-03-24 16:30:00,1.5,3.7,3.8666666666666667,15
2022-03-24 21:00:00,2022-03-25 00:00:00,3.25,2.7,2.8461538461538463,21
2022-03-25 01:45:00,2022-03-25 02:15:00,0.75,2.3,2.4,1
2022-03-25 13:15:00,2022-03-25 14:45:00,1.75,2.6,2.9857142857142853,13
2022-03-25 17:15:00,2022-03-26 02:15:00,9.25,1.7,2.3972972972972975,17
2022-03-26 17:00:00,2022-03-26 18:15:00,1.5,4.5,4.783333333333332,17
2022-03-26 20:45:00,2022-03-26 22:00:00,1.5,4.0,4.55,20
2022-03-26 23:45:00,2022-03-27 01:45:00,2.25,3.0,3.533333333333333,23
2022-03-27 03:15:00,2022-03-27 04:00:00,1.0,2.7,2.8499999999999996,3
2022-03-27 13:00:00,2022-03-27 13:45:00,1.0,4.2,4.425,13
2022-03-27 17:45:00,2022-03-27 23:00:00,5.5,3.2,3.4318181818181825,17
2022-03-28 10:30:00,2022-03-28 11:30:00,1.25,3.4,3.5,10
2022-03-28 19:00:00,2022-03-28 19:45:00,1.0,3.4,3.525,19
2022-03-28 21:45:00,2022-03-28 22:45:00,1.25,2.9,3.02,21
2022-03-29 16:15:00,2022-03-29 17:00:00,1.0,1.9,2.225,16
2022-03-29 23:00:00,2022-03-30 12:15:00,13.5,2.7,3.9888888888888885,23
2022-03-30 13:45:00,2022-03-30 14:00:00,0.5,5.1,5.35,13
2022-03-30 15:45:00,2022-03-30 20:15:00,4.75,5.3,6.0736842105263165,15
2022-03-30 23:00:00,2022-03-31 02:30:00,3.75,5.2,5.753333333333334,23
2022-03-31 18:30:00,2022-03-31 18:45:00,0.5,4.1,4.199999999999999,18
2022-03-31 22:15:00,2022-04-01 08:45:00,10.75,2.9,3.4069767441860463,22
2022-04-01 10:30:00,2022-04-01 13:00:00,2.75,2.6,2.8818181818181823,10
2022-04-01 15:00:00,2022-04-01 17:00:00,2.25,2.7,3.2111111111111112,15
2022-04-01 18:30:00,2022-04-01 22:45:00,4.5,2.5,2.7555555555555555,18
2022-04-02 01:15:00,2022-04-02 05:15:00,4.25,1.7,2.235294117647059,1
2022-04-02 09:15:00,2022-04-02 09:30:00,0.5,1.5,1.6,9
2022-04-02 11:30:00,2022-04-02 12:00:00,0.75,1.6,1.6666666666666667,11
2022-04-03 05:30:00,2022-04-03 06:30:00,1.25,1.3,1.4999999999999998,5
2022-04-03 09:00:00,2022-04-03 10:30:00,1.75,1.3,1.7857142857142858,9
2022-04-03 12:30:00,2022-04-03 13:15:00,1.0,2.0,2.125,12
2022-04-03 18:15:00,2022-04-03 19:30:00,1.5,1.5,1.6666666666666667,18
2022-04-04 01:00:00,2022-04-04 03:00:00,2.25,0.9,1.1,1
2022-04-04 04:45:00,2022-04-04 06:30:00,2.0,0.9,1.0875000000000001,4
2022-04-04 08:00:00,2022-04-04 08:45:00,1.0,0.8,1.175,8
2022-04-04 12:00:00,2022-04-05 01:15:00,13.5,0.5,1.5907407407407408,12
2022-04-05 03:00:00,2022-04-05 08:00:00,5.25,1.1,2.6285714285714286,3
2022-04-05 09:30:00,2022-04-05 15:30:00,6.25,2.8,3.6720000000000006,9
2022-04-05 17:30:00,2022-04-06 03:00:00,9.75,1.9,2.387179487179488,17
2022-04-06 06:30:00,2022-04-06 09:00:00,2.75,1.9,2.109090909090909,6
2022-04-06 10:30:00,2022-04-06 17:45:00,7.5,1.4,2.036666666666667,10
2022-04-06 20:45:00,2022-04-07 02:45:00,6.25,1.3,2.316,20
2022-04-07 09:15:00,2022-04-07 14:00:00,5.0,2.1,2.795,9
2022-04-07 15:30:00,2022-04-08 01:45:00,10.5,1.0,2.3119047619047617,15
2022-04-08 03:15:00,2022-04-08 09:45:00,6.75,1.3,2.022222222222222,3
2022-04-08 11:30:00,2022-04-08 18:00:00,6.75,2.2,2.725925925925926,11
2022-04-08 19:30:00,2022-04-08 22:30:00,3.25,2.4,2.761538461538462,19
2022-04-09 00:15:00,2022-04-09 03:30:00,3.5,1.8,2.1571428571428575,0
2022-04-09 05:15:00,2022-04-09 12:30:00,7.5,1.6,2.2666666666666666,5
2022-04-09 14:30:00,2022-04-10 03:30:00,13.25,1.3,2.4509433962264153,14
2022-04-10 05:15:00,2022-04-10 06:45:00,1.75,1.3,1.4714285714285715,5
2022-04-10 09:15:00,2022-04-10 09:30:00,0.5,2.2,2.3,9
2022-04-10 11:15:00,2022-04-10 16:45:00,5.75,1.8,2.3956521739130436,11
2022-04-10 18:15:00,2022-04-11 03:30:00,9.5,2.8,4.7710526315789465,18
2022-04-11 05:00:00,2022-04-11 11:15:00,6.5,2.0,3.6538461538461537,5
2022-04-11 12:45:00,2022-04-11 16:15:00,3.75,2.0,2.9199999999999995,12
2022-04-11 17:45:00,2022-04-12 08:00:00,14.5,1.4,3.317241379310345,17
2022-04-12 09:30:00,2022-04-12 17:00:00,7.75,1.9,3.0741935483870972,9
2022-04-12 20:30:00,2022-04-12 21:30:00,1.25,4.9,5.0,20
2022-04-13 01:30:00,2022-04-13 05:45:00,4.5,2.4,3.3777777777777778,1
2022-04-13 07:15:00,2022-04-13 10:00:00,3.0,3.5,3.9,7
2022-04-13 14:30:00,2022-04-13 17:30:00,3.25,3.1,3.376923076923077,14
2022-04-13 19:45:00,2022-04-13 20:45:00,1.25,3.1,3.28,19
2022-04-13 22:30:00,2022-04-14 04:15:00,6.0,2.8,3.841666666666667,22
2022-04-14 08:15:00,2022-04-14 12:00:00,4.0,3.4,3.8500000000000005,8
2022-04-14 13:30:00,2022-04-14 13:45:00,0.5,3.6,3.8,13
2022-04-14 17:45:00,2022-04-14 18:15:00,0.75,4.1,4.266666666666667,17
2022-04-15 17:45:00,2022-04-15 19:15:00,1.75,3.4,3.471428571428571,17
2022-04-15 20:45:00,2022-04-15 21:15:00,0.75,3.3,3.4,20
2022-04-16 14:15:00,2022-04-16 19:45:00,5.75,2.2,2.6913043478260867,14
2022-04-17 02:30:00,2022-04-17 03:00:00,0.75,2.4,2.466666666666667,2
2022-04-17 04:30:00,2022-04-17 08:15:00,4.0,2.0,2.3375,4
2022-04-17 13:15:00,2022-04-17 18:30:00,5.5,2.1,2.5863636363636364,13
2022-04-17 22:00:00,2022-04-18 14:30:00,16.75,1.5,2.2895522388059697,22
2022-04-18 17:15:00,2022-04-18 17:45:00,0.75,1.8,1.9333333333333333,17
2022-04-18 19:30:00,2022-04-18 20:15:00,1.0,1.7,1.7750000000000001,19
2022-04-18 21:45:00,2022-04-18 23:15:00,1.75,1.5,1.714285714285714,21
2022-04-19 02:15:00,2022-04-19 04:15:00,2.25,2.6,3.0,2
2022-04-19 10:00:00,2022-04-19 10:30:00,0.75,3.2,3.266666666666667,10
2022-04-19 12:00:00,2022-04-19 14:15:00,2.5,3.3,3.5199999999999996,12
2022-04-19 15:45:00,2022-04-19 16:30:00,1.0,2.8,2.95,15
2022-04-19 20:45:00,2022-04-19 21:30:00,1.0,2.4,2.5,20
2022-04-20 02:30:00,2022-04-20 05:30:00,3.25,3.2,3.769230769230769,2
2022-04-20 09:45:00,2022-04-20 10:15:00,0.75,4.4,4.5,9
2022-04-20 14:15:00,2022-04-20 15:30:00,1.5,3.3,3.766666666666667,14
2022-04-20 21:30:00,2022-04-20 21:45:00,0.5,2.5,2.65,21
2022-04-21 08:00:00,2022-04-21 08:30:00,0.75,4.4,4.5,8
2022-04-21 15:00:00,2022-04-21 15:15:00,0.5,4.6,4.75,15
2022-04-21 21:45:00,2022-04-22 01:15:00,3.75,3.7,4.013333333333333,21
2022-04-22 11:30:00,2022-04-22 14:45:00,3.5,4.5,4.964285714285714,11
2022-04-22 20:45:00,2022-04-22 23:45:00,3.25,3.3,3.684615384615384,20
2022-04-23 13:00:00,2022-04-23 18:30:00,5.75,2.9,3.9347826086956523,13
2022-04-23 21:45:00,2022-04-23 23:00:00,1.5,2.7,2.9,21
2022-04-24 02:00:00,2022-04-24 02:15:00,0.5,2.5,2.65,2
2022-04-24 14:00:00,2022-04-24 18:00:00,4.25,2.2,2.3588235294117643,14
2022-04-24 21:45:00,2022-04-24 23:15:00,1.75,2.5,2.757142857142857,21
2022-04-25 05:45:00,2022-04-25 08:00:00,2.5,2.8,3.2199999999999998,5
2022-04-25 09:30:00,2022-04-25 11:30:00,2.25,2.9,3.1555555555555554,9
2022-04-25 15:30:00,2022-04-25 16:15:00,1.0,2.1,2.225,15
2022-04-26 08:30:00,2022-04-26 13:30:00,5.25,2.2,2.557142857142857,8
2022-04-26 16:45:00,2022-04-26 22:15:00,5.75,2.4,2.8130434782608695,16
2022-04-27 01:15:00,2022-04-27 02:00:00,1.0,2.5,2.625,1
2022-04-27 14:45:00,2022-04-27 16:00:00,1.5,2.8,3.1166666666666667,14
2022-04-27 17:30:00,2022-04-27 18:00:00,0.75,2.8,3.0,17
2022-04-28 00:30:00,2022-04-28 07:45:00,7.5,2.3,2.796666666666667,0
2022-04-28 09:15:00,2022-04-28 09:45:00,0.75,2.6,2.6999999999999997,9
2022-04-28 14:15:00,2022-04-28 14:45:00,0.75,3.2,3.4,14
2022-04-28 16:15:00,2022-04-29 00:45:00,8.75,2.3,3.017142857142858,16
2022-04-29 02:15:00,2022-04-29 19:15:00,17.25,2.3,3.879710144927536,2
2022-04-29 21:00:00,2022-04-29 21:45:00,1.0,4.8,5.1,21
2022-04-30 00:45:00,2022-04-30 01:45:00,1.25,4.8,5.0200000000000005,0
2022-04-30 03:30:00,2022-04-30 06:15:00,3.0,4.6,4.958333333333333,3
2022-04-30 09:30:00,2022-04-30 10:30:00,1.25,3.8,3.94,9
2022-04-30 15:15:00,2022-04-30 16:00:00,1.0,2.9,3.175,15
2022-04-30 18:30:00,2022-04-30 20:15:00,2.0,2.6,2.7875,18
2022-04-30 22:30:00,2022-05-01 12:30:00,14.25,2.1,2.8929824561403503,22
2022-05-01 15:00:00,2022-05-01 16:15:00,1.5,2.1,2.8333333333333335,15
2022-05-01 17:45:00,2022-05-02 00:30:00,7.0,2.1,2.532142857142857,17
2022-05-02 02:15:00,2022-05-02 02:30:00,0.5,2.6,2.75,2
2022-05-02 04:00:00,2022-05-02 04:45:00,1.0,2.5,2.775,4
2022-05-02 06:45:00,2022-05-02 08:45:00,2.25,2.3,2.4444444444444446,6
2022-05-02 11:15:00,2022-05-02 12:15:00,1.25,2.1,2.28,11
2022-05-03 11:15:00,2022-05-03 12:30:00,1.5,1.1,1.2666666666666666,11
2022-05-03 18:15:00,2022-05-03 19:15:00,1.25,0.9,1.04,18
2022-05-04 01:00:00,2022-05-04 02:15:00,1.5,0.9,1.0666666666666667,1
2022-05-04 05:15:00,2022-05-04 06:30:00,1.5,1.6,1.7833333333333334,5
2022-05-04 08:45:00,2022-05-04 10:00:00,1.5,2.0,2.1,8
2022-05-04 15:45:00,2022-05-04 16:30:00,1.0,1.4,1.5499999999999998,15
2022-05-04 20:00:00,2022-05-04 20:30:00,0.75,0.7,0.8000000000000002,20
2022-05-05 00:15:00,2022-05-05 02:45:00,2.75,0.9,1.2363636363636363,0
2022-05-05 04:15:00,2022-05-05 05:45:00,1.75,1.0,1.2285714285714284,4
2022-05-05 13:45:00,2022-05-05 15:00:00,1.5,0.7,0.9166666666666666,13
2022-05-06 05:45:00,2022-05-06 07:15:00,1.75,0.4,0.5571428571428572,5
2022-05-06 09:15:00,2022-05-06 13:45:00,4.75,0.4,1.0315789473684212,9
2022-05-06 17:15:00,2022-05-06 19:30:00,2.5,0.5,0.85,17
2022-05-06 21:00:00,2022-05-06 21:15:00,0.5,0.3,0.4,21
2022-05-06 23:30:00,2022-05-07 00:45:00,1.5,0.3,0.39999999999999997,23
2022-05-07 04:15:00,2022-05-07 07:00:00,3.0,0.9,1.9083333333333332,4
2022-05-07 10:45:00,2022-05-07 12:00:00,1.5,2.1,2.2499999999999996,10
2022-05-07 15:15:00,2022-05-07 17:15:00,2.25,2.4,2.788888888888889,15
2022-05-08 02:30:00,2022-05-08 03:30:00,1.25,1.6,1.6600000000000001,2
2022-05-08 06:15:00,2022-05-08 11:45:00,5.75,1.1,1.5347826086956524,6
2022-05-08 16:00:00,2022-05-08 17:00:00,1.25,1.8,1.9600000000000002,16
2022-05-09 08:30:00,2022-05-09 09:30:00,1.25,0.7,0.86,8
2022-05-09 13:45:00,2022-05-09 14:45:00,1.25,1.3,1.8399999999999999,13
2022-05-09 17:15:00,2022-05-09 21:15:00,4.25,0.2,1.5352941176470587,17
2022-05-10 11:15:00,2022-05-10 13:15:00,2.25,0.4,0.6444444444444444,11
2022-05-10 14:45:00,2022-05-10 20:00:00,5.5,0.1,0.890909090909091,14
2022-05-11 04:45:00,2022-05-11 08:30:00,4.0,0.2,0.54375,4
2022-05-11 11:45:00,2022-05-11 17:15:00,5.75,0.7,1.7782608695652173,11
2022-05-12 05:15:00,2022-05-12 06:00:00,1.0,1.0,1.1,5
2022-05-12 07:45:00,2022-05-12 10:30:00,3.0,0.9,1.075,7
2022-05-12 18:00:00,2022-05-12 19:45:00,2.0,0.3,0.5375,18
2022-05-13 11:00:00,2022-05-13 12:30:00,1.75,0.6,0.7857142857142857,11
2022-05-13 14:30:00,2022-05-13 15:30:00,1.25,0.6,0.82,14
2022-05-13 17:00:00,2022-05-14 05:00:00,12.25,0.2,1.3755102040816325,17
2022-05-14 06:30:00,2022-05-14 08:00:00,1.75,0.4,0.7142857142857143,6
2022-05-14 11:00:00,2022-05-14 14:00:00,3.25,1.0,1.3846153846153846,11
2022-05-14 15:30:00,2022-05-14 16:00:00,0.75,1.3,1.4000000000000001,15
2022-05-14 20:45:00,2022-05-14 21:00:00,0.5,0.9,1.0,20
2022-05-15 02:15:00,2022-05-15 02:45:00,0.75,1.3,1.6000000000000003,2
2022-05-15 04:15:00,2022-05-15 05:15:00,1.25,1.5,1.9,4
2022-05-15 07:15:00,2022-05-15 09:45:00,2.75,2.4,2.8454545454545457,7
2022-05-15 12:45:00,2022-05-15 15:15:00,2.75,2.1,2.3545454545454545,12
2022-05-15 17:00:00,2022-05-15 18:00:00,1.25,1.7,1.8,17
2022-05-15 19:30:00,2022-05-16 00:45:00,5.5,1.7,2.818181818181818,19
2022-05-16 02:15:00,2022-05-16 04:45:00,2.75,3.3,3.590909090909091,2
2022-05-16 08:15:00,2022-05-16 10:45:00,2.75,4.0,4.345454545454546,8
2022-05-16 13:45:00,2022-05-16 14:45:00,1.25,4.1,4.22,13
2022-05-16 16:45:00,2022-05-16 18:00:00,1.5,3.5,3.716666666666667,16
2022-05-17 01:30:00,2022-05-17 11:00:00,9.75,3.1,3.5666666666666664,1
2022-05-17 14:15:00,2022-05-17 15:15:00,1.25,3.5,3.7600000000000002,14
2022-05-17 16:45:00,2022-05-17 21:30:00,5.0,2.9,3.245,16
2022-05-17 23:00:00,2022-05-17 23:45:00,1.0,2.7,2.8,23
2022-05-18 01:30:00,2022-05-18 07:00:00,5.75,1.8,2.3043478260869565,1
2022-05-18 11:45:00,2022-05-18 13:15:00,1.75,3.3,3.6142857142857143,11
2022-05-18 18:15:00,2022-05-18 22:45:00,4.75,2.3,2.5894736842105264,18
2022-05-19 01:15:00,2022-05-19 01:30:00,0.5,2.2,2.3,1
2022-05-19 03:00:00,2022-05-19 08:30:00,5.75,1.4,1.9739130434782608,3
2022-05-19 12:15:00,2022-05-19 13:00:00,1.0,3.4,3.575,12
2022-05-19 17:00:00,2022-05-20 07:00:00,14.25,1.6,3.698245614035088,17
2022-05-20 12:15:00,2022-05-20 12:45:00,0.75,4.5,4.666666666666667,12
2022-05-20 19:45:00,2022-05-20 23:45:00,4.25,2.3,3.0,19
2022-05-21 03:00:00,2022-05-21 07:00:00,4.25,2.6,3.3823529411764706,3
2022-05-21 10:30:00,2022-05-21 13:00:00,2.75,4.0,4.590909090909092,10
2022-05-21 16:30:00,2022-05-21 18:15:00,2.0,4.5,5.1875,16
2022-05-22 00:45:00,2022-05-22 02:00:00,1.5,4.0,4.1,0
2022-05-22 08:00:00,2022-05-22 12:30:00,4.75,3.0,3.3947368421052633,8
2022-05-22 15:00:00,2022-05-22 16:45:00,2.0,3.9,4.4625,15
2022-05-23 07:00:00,2022-05-23 20:00:00,13.25,2.5,3.2037735849056594,7
2022-05-23 22:00:00,2022-05-24 01:15:00,3.5,2.5,2.85,22
2022-05-24 07:00:00,2022-05-24 08:00:00,1.25,2.3,2.38,7
2022-05-24 12:45:00,2022-05-24 14:00:00,1.5,2.5,2.783333333333333,12
2022-05-24 16:30:00,2022-05-24 18:45:00,2.5,4.0,4.7299999999999995,16
2022-05-24 20:45:00,2022-05-25 02:15:00,5.75,4.5,5.004347826086957,20
2022-05-25 06:00:00,2022-05-25 07:15:00,1.5,4.0,4.133333333333334,6
2022-05-25 11:30:00,2022-05-25 13:15:00,2.0,3.7,3.875,11
2022-05-25 17:15:00,2022-05-25 20:15:00,3.25,2.8,3.6769230769230767,17
2022-05-25 22:00:00,2022-05-26 08:30:00,10.75,2.5,3.1860465116279064,22
2022-05-26 18:15:00,2022-05-26 20:00:00,2.0,2.1,2.275,18
2022-05-27 01:30:00,2022-05-27 04:00:00,2.75,2.3,2.509090909090909,1
2022-05-27 15:15:00,2022-05-27 18:00:00,3.0,2.3,2.6750000000000003,15
2022-05-27 19:30:00,2022-05-27 20:30:00,1.25,2.8,2.94,19
2022-05-27 22:00:00,2022-05-27 22:30:00,0.75,2.7,2.866666666666667,22
2022-05-28 00:15:00,2022-05-28 02:15:00,2.25,2.6,2.888888888888889,0
2022-05-28 04:15:00,2022-05-28 06:00:00,2.0,2.4,2.625,4
2022-05-28 07:30:00,2022-05-28 08:00:00,0.75,2.3,2.433333333333333,7
2022-05-28 10:00:00,2022-05-28 10:30:00,0.75,2.2,2.3,10
2022-05-28 18:30:00,2022-05-28 19:45:00,1.5,1.8,1.9166666666666667,18
2022-05-29 05:45:00,2022-05-29 07:00:00,1.5,1.6,1.75,5
2022-05-29 08:30:00,2022-05-29 09:45:00,1.5,1.5,1.6500000000000001,8
2022-05-30 06:15:00,2022-05-30 07:30:00,1.5,1.2,1.3333333333333333,6
2022-05-30 11:45:00,2022-05-30 16:00:00,4.5,1.0,1.322222222222222,11
2022-05-30 17:30:00,2022-05-30 19:30:00,2.25,0.9,1.2666666666666666,17
2022-05-31 07:15:00,2022-05-31 10:15:00,3.25,1.2,2.246153846153846,7
2022-05-31 11:45:00,2022-05-31 13:15:00,1.75,1.6,1.9000000000000001,11
2022-05-31 14:45:00,2022-05-31 15:45:00,1.25,1.2,1.3800000000000001,14
2022-06-01 13:45:00,2022-06-01 14:30:00,1.0,2.3,2.675,13
2022-06-01 17:00:00,2022-06-01 19:45:00,3.0,1.1,1.541666666666667,17
2022-06-02 06:15:00,2022-06-02 11:45:00,5.75,1.5,1.7956521739130433,6
2022-06-02 13:30:00,2022-06-02 18:45:00,5.5,1.1,1.5954545454545452,13
2022-06-03 08:00:00,2022-06-03 08:30:00,0.75,1.2,1.3333333333333333,8
2022-06-03 11:15:00,2022-06-03 12:00:00,1.0,1.2,1.3,11
2022-06-03 17:30:00,2022-06-03 17:45:00,0.5,1.6,1.75,17
2022-06-04 00:45:00,2022-06-04 02:30:00,2.0,1.5,1.7000000000000002,0
2022-06-04 04:30:00,2022-06-04 12:00:00,7.75,1.7,2.035483870967742,4
2022-06-04 14:00:00,2022-06-04 22:00:00,8.25,1.3,2.5484848484848484,14
2022-06-05 00:00:00,2022-06-05 03:45:00,4.0,1.2,1.4500000000000002,0
2022-06-05 06:15:00,2022-06-05 07:15:00,1.25,1.9,2.06,6
2022-06-05 10:30:00,2022-06-05 11:15:00,1.0,1.9,2.1,10
2022-06-05 17:30:00,2022-06-05 19:45:00,2.5,1.5,1.8699999999999999,17
2022-06-06 03:00:00,2022-06-06 03:15:00,0.5,1.1,1.2000000000000002,3
2022-06-06 04:45:00,2022-06-06 07:30:00,3.0,0.4,0.8666666666666667,4
2022-06-06 11:30:00,2022-06-06 12:00:00,0.75,0.9,1.2333333333333334,11
2022-06-06 15:00:00,2022-06-07 02:15:00,11.5,0.4,1.2304347826086957,15
2022-06-07 04:15:00,2022-06-07 05:00:00,1.0,0.4,0.575,4
2022-06-07 07:15:00,2022-06-07 08:00:00,1.0,1.0,1.075,7
2022-06-07 09:45:00,2022-06-07 19:45:00,10.25,0.9,1.5463414634146342,9
2022-06-07 21:15:00,2022-06-07 23:45:00,2.75,1.4,1.9272727272727275,21
2022-06-08 01:15:00,2022-06-08 17:30:00,16.5,0.6,2.2712121212121215,1
2022-06-08 19:15:00,2022-06-09 08:00:00,13.0,1.1,2.05576923076923,19
2022-06-09 11:15:00,2022-06-09 16:15:00,5.25,3.0,3.4380952380952383,11
2022-06-09 17:45:00,2022-06-09 18:00:00,0.5,2.7,2.85,17
2022-06-09 19:30:00,2022-06-09 19:45:00,0.5,2.4,2.5,19
2022-06-09 21:15:00,2022-06-09 22:45:00,1.75,2.6,2.7571428571428567,21
2022-06-10 05:00:00,2022-06-10 06:00:00,1.25,2.6,2.7399999999999998,5
2022-06-10 12:30:00,2022-06-10 20:30:00,8.25,2.6,3.3303030303030305,12
2022-06-10 22:30:00,2022-06-11 02:15:00,4.0,2.9,3.95625,22
2022-06-11 03:45:00,2022-06-11 06:45:00,3.25,3.4,3.884615384615385,3
2022-06-11 11:15:00,2022-06-12 06:00:00,19.0,2.6,3.6434210526315796,11
2022-06-12 07:30:00,2022-06-12 08:15:00,1.0,2.6,2.85,7
2022-06-12 10:00:00,2022-06-12 14:45:00,5.0,2.6,3.085,10
2022-06-12 16:15:00,2022-06-13 10:15:00,18.25,1.5,2.836986301369863,16
2022-06-13 12:45:00,2022-06-13 14:15:00,1.75,1.9,2.4714285714285715,12
2022-06-13 15:45:00,2022-06-13 17:30:00,2.0,2.1,2.4375,15
2022-06-13 22:15:00,2022-06-14 07:45:00,9.75,2.2,3.2794871794871794,22
2022-06-14 10:45:00,2022-06-14 14:15:00,3.75,3.2,3.526666666666667,10
2022-06-14 17:00:00,2022-06-14 20:30:00,3.75,2.5,3.0000000000000004,17
2022-06-14 22:00:00,2022-06-15 03:00:00,5.25,3.0,4.095238095238095,22
2022-06-15 05:00:00,2022-06-15 06:15:00,1.5,3.8,3.8666666666666667,5
2022-06-15 11:45:00,2022-06-15 14:00:00,2.5,3.7,3.85,11
2022-06-15 16:30:00,2022-06-15 18:00:00,1.75,3.3,3.6428571428571432,16
2022-06-15 19:45:00,2022-06-15 20:00:00,0.5,3.0,3.1,19
2022-06-15 21:30:00,2022-06-15 23:30:00,2.25,3.0,3.3333333333333335,21
2022-06-16 01:00:00,2022-06-16 08:00:00,7.25,2.1,2.8241379310344823,1
2022-06-16 15:45:00,2022-06-17 03:45:00,12.25,1.8,2.6918367346938776,15
2022-06-17 05:45:00,2022-06-17 08:00:00,2.5,1.8,2.1100000000000003,5
2022-06-17 12:45:00,2022-06-17 15:15:00,2.75,2.9,3.2545454545454544,12
2022-06-17 16:45:00,2022-06-17 19:15:00,2.75,2.1,2.4636363636363634,16
2022-06-17 21:00:00,2022-06-17 22:30:00,1.75,1.6,1.8428571428571432,21
2022-06-18 00:30:00,2022-06-18 06:00:00,5.75,1.5,2.008695652173913,0
2022-06-18 12:30:00,2022-06-18 12:45:00,0.5,3.0,3.15,12
2022-06-18 14:45:00,2022-06-18 22:45:00,8.25,2.3,2.9333333333333336,14
2022-06-19 00:45:00,2022-06-19 05:30:00,5.0,1.8,2.3449999999999998,0
2022-06-19 16:15:00,2022-06-19 17:00:00,1.0,2.8,2.95,16
2022-06-19 18:30:00,2022-06-20 00:00:00,5.75,1.6,2.4130434782608696,18
2022-06-20 01:30:00,2022-06-20 08:00:00,6.75,1.7,2.1666666666666665,1
2022-06-20 09:45:00,2022-06-20 14:00:00,4.5,2.5,3.166666666666667,9
2022-06-20 16:15:00,2022-06-21 02:30:00,10.5,3.7,4.319047619047619,16
2022-06-21 04:30:00,2022-06-21 05:45:00,1.5,3.0,3.5833333333333335,4
2022-06-21 07:15:00,2022-06-21 14:15:00,7.25,3.1,3.4137931034482754,7
2022-06-21 16:00:00,2022-06-21 18:15:00,2.5,2.8,3.4699999999999998,16
2022-06-21 20:00:00,2022-06-21 21:45:00,2.0,2.7,3.0,20
2022-06-22 00:00:00,2022-06-22 05:15:00,5.5,1.8,2.4090909090909087,0
2022-06-22 07:00:00,2022-06-22 09:00:00,2.25,1.8,2.2,7
2022-06-22 10:30:00,2022-06-22 11:30:00,1.25,2.3,2.56,10
2022-06-22 15:15:00,2022-06-22 22:15:00,7.25,1.9,3.168965517241379,15
2022-06-22 23:45:00,2022-06-23 07:00:00,7.5,1.0,1.8233333333333335,23
2022-06-23 08:30:00,2022-06-23 09:00:00,0.75,1.9,2.0999999999999996,8
2022-06-23 10:30:00,2022-06-24 05:30:00,19.25,1.6,2.8415584415584414,10
2022-06-24 07:00:00,2022-06-24 07:15:00,0.5,2.2,2.6500000000000004,7
2022-06-24 09:15:00,2022-06-24 20:45:00,11.75,1.4,2.9680851063829787,9
2022-06-24 22:15:00,2022-06-25 08:15:00,10.25,1.4,3.1439024390243895,22
2022-06-25 11:45:00,2022-06-25 14:45:00,3.25,2.6,2.8999999999999995,11
2022-06-25 16:15:00,2022-06-26 01:45:00,9.75,2.6,3.556410256410256,16
2022-06-26 05:15:00,2022-06-26 06:30:00,1.5,2.9,3.066666666666667,5
2022-06-26 08:30:00,2022-06-26 10:30:00,2.25,2.6,2.8333333333333335,8
2022-06-26 12:15:00,2022-06-26 21:30:00,9.5,1.9,2.613157894736842,12
2022-06-26 23:15:00,2022-06-27 07:15:00,8.25,1.4,2.0818181818181816,23
2022-06-27 09:15:00,2022-06-27 16:45:00,7.75,1.9,3.309677419354839,9
2022-06-27 18:15:00,2022-06-27 22:00:00,4.0,3.0,4.35625,18
2022-06-27 23:30:00,2022-06-28 02:15:00,3.0,3.4,4.958333333333333,23
2022-06-28 03:45:00,2022-06-28 04:15:00,0.75,3.8,4.133333333333333,3
2022-06-28 06:00:00,2022-06-28 07:15:00,1.5,3.7,4.016666666666667,6
2022-06-28 09:30:00,2022-06-28 11:15:00,2.0,4.3,4.6,9
2022-06-28 12:45:00,2022-06-28 13:30:00,1.0,4.1,4.525,12
2022-06-28 16:15:00,2022-06-28 16:45:00,0.75,4.7,4.8999999999999995,16
2022-06-28 18:15:00,2022-06-28 19:30:00,1.5,5.5,5.616666666666667,18
2022-06-28 22:45:00,2022-06-29 01:15:00,2.75,4.6,4.890909090909091,22
2022-06-29 03:00:00,2022-06-29 05:15:00,2.5,3.9,4.36,3
2022-06-29 16:15:00,2022-06-29 21:15:00,5.25,2.5,3.0714285714285716,16
2022-06-29 23:15:00,2022-06-30 06:00:00,7.0,2.1,2.553571428571428,23
2022-06-30 08:00:00,2022-06-30 11:45:00,4.0,2.1,2.39375,8
2022-06-30 16:15:00,2022-06-30 18:30:00,2.5,1.7,1.9100000000000001,16
2022-06-30 20:15:00,2022-06-30 22:30:00,2.5,1.3,1.5400000000000003,20
2022-07-01 00:00:00,2022-07-01 04:00:00,4.25,1.1,1.3764705882352943,0
2022-07-01 06:45:00,2022-07-01 08:45:00,2.25,1.1,1.3222222222222222,6
2022-07-01 10:15:00,2022-07-01 12:00:00,2.0,1.3,1.675,10
2022-07-01 13:30:00,2022-07-01 14:15:00,1.0,1.5,1.725,13
2022-07-01 19:15:00,2022-07-01 23:00:00,4.0,0.9,1.125,19
2022-07-02 01:30:00,2022-07-02 02:00:00,0.75,0.8,0.9333333333333335,1
2022-07-02 04:00:00,2022-07-02 07:15:00,3.5,0.7,0.9071428571428573,4
2022-07-03 18:00:00,2022-07-03 18:15:00,0.5,0.4,0.5,18
2022-07-03 19:45:00,2022-07-03 21:00:00,1.5,0.4,0.55,19
2022-07-04 02:15:00,2022-07-04 03:30:00,1.5,0.3,0.3499999999999999,2
2022-07-04 13:00:00,2022-07-04 13:30:00,0.75,0.6,0.7666666666666667,13
2022-07-07 02:00:00,2022-07-07 02:30:00,0.75,0.4,0.5,2
2022-07-07 04:00:00,2022-07-07 05:15:00,1.5,0.4,0.48333333333333334,4
2022-07-08 14:00:00,2022-07-08 15:00:00,1.25,0.6,0.74,14
2022-07-08 19:15:00,2022-07-08 20:15:00,1.25,0.7,0.76,19
2022-07-08 21:45:00,2022-07-08 23:15:00,1.75,0.6,0.6857142857142856,21
2022-07-09 13:15:00,2022-07-09 16:15:00,3.25,0.6,1.3538461538461537,13
2022-07-09 18:00:00,2022-07-10 02:00:00,8.25,0.5,1.0121212121212122,18
2022-07-10 17:15:00,2022-07-10 18:00:00,1.0,0.8,1.05,17
2022-07-11 19:15:00,2022-07-11 22:00:00,3.0,0.5,2.1333333333333333,19
2022-07-12 12:00:00,2022-07-12 12:30:00,0.75,0.5,0.7333333333333334,12
2022-07-12 16:45:00,2022-07-12 20:15:00,3.75,0.6,3.246666666666667,16
2022-07-13 00:15:00,2022-07-13 01:30:00,1.5,0.6,0.65,0
2022-07-13 06:00:00,2022-07-13 07:00:00,1.25,1.1,1.6,6
2022-07-13 09:00:00,2022-07-13 09:30:00,0.75,1.3,1.4333333333333333,9
2022-07-13 17:30:00,2022-07-13 21:15:00,4.0,0.4,1.98125,17
2022-07-14 08:00:00,2022-07-14 09:15:00,1.5,0.1,0.31666666666666665,8
2022-07-14 11:00:00,2022-07-14 12:15:00,1.5,0.3,0.48333333333333334,11
2022-07-14 17:30:00,2022-07-14 18:30:00,1.25,0.4,0.48,17
2022-07-14 21:45:00,2022-07-14 23:45:00,2.25,0.1,0.2555555555555556,21
2022-07-21 15:45:00,2022-07-21 21:15:00,5.75,0.0,0.7826086956521741,15
2022-07-22 11:45:00,2022-07-22 13:00:00,1.5,0.0,0.25,11
2022-07-22 14:30:00,2022-07-22 15:15:00,1.0,0.0,0.07500000000000001,14
2022-07-27 11:30:00,2022-07-27 15:30:00,4.25,0.0,0.2647058823529412,11
2022-07-28 08:30:00,2022-07-28 12:30:00,4.25,0.0,0.4705882352941176,8
2022-08-01 19:30:00,2022-08-01 22:15:00,3.0,0.0,1.875,19
2022-08-02 12:15:00,2022-08-02 12:30:00,0.5,0.4,0.75,12
2022-08-02 14:00:00,2022-08-02 15:30:00,1.75,1.6,3.2428571428571433,14
2022-08-03 02:15:00,2022-08-03 03:00:00,1.0,0.2,1.425,2
2022-08-03 06:30:00,2022-08-03 13:30:00,7.25,0.4,2.9344827586206894,6
2022-08-05 02:45:00,2022-08-05 06:15:00,3.75,3.2,3.4066666666666663,2
2022-08-06 01:45:00,2022-08-06 02:30:00,1.0,0.7,1.7750000000000001,1
2022-08-06 08:45:00,2022-08-06 10:15:00,1.75,0.9,1.3714285714285717,8
2022-08-06 11:45:00,2022-08-06 13:15:00,1.75,1.5,3.314285714285714,11
2022-08-06 21:00:00,2022-08-06 23:00:00,2.25,1.4,3.0666666666666664,21
2022-08-07 06:30:00,2022-08-07 07:15:00,1.0,0.9,1.0,6
2022-08-07 16:30:00,2022-08-07 17:15:00,1.0,4.0,4.2250000000000005,16
2022-08-07 20:00:00,2022-08-07 22:30:00,2.75,0.5,2.081818181818182,20
2022-08-08 14:30:00,2022-08-08 16:30:00,2.25,4.9,5.111111111111111,14
2022-08-08 22:15:00,2022-08-09 00:30:00,2.5,2.1,2.6599999999999997,22
2022-08-09 04:00:00,2022-08-09 04:30:00,0.75,1.4,1.5,4
2022-08-09 08:15:00,2022-08-09 10:15:00,2.25,1.3,1.9333333333333336,8
2022-08-09 11:45:00,2022-08-09 14:00:00,2.5,1.8,3.3299999999999996,11
2022-08-09 23:30:00,2022-08-10 03:30:00,4.25,1.7,3.1999999999999997,23
2022-08-10 12:30:00,2022-08-10 14:00:00,1.75,5.2,5.3999999999999995,12
2022-08-10 18:15:00,2022-08-10 18:45:00,0.75,4.9,5.000000000000001,18
2022-08-11 15:00:00,2022-08-11 15:30:00,0.75,4.7,4.8,15
2022-08-12 12:45:00,2022-08-12 13:30:00,1.0,4.7,4.8500000000000005,12
2022-08-14 08:00:00,2022-08-14 08:30:00,0.75,1.7,2.8666666666666667,8
2022-08-14 17:30:00,2022-08-14 22:15:00,5.0,1.4,2.19,17
2022-08-14 23:45:00,2022-08-15 01:15:00,1.75,1.3,2.2142857142857144,23
2022-08-16 17:15:00,2022-08-16 18:00:00,1.0,0.9,1.625,17
2022-08-16 19:45:00,2022-08-16 21:00:00,1.5,4.9,5.033333333333334,19
2022-08-17 02:15:00,2022-08-17 05:00:00,3.0,4.0,4.3,2
2022-08-17 08:15:00,2022-08-17 09:15:00,1.25,4.0,4.16,8
2022-08-17 12:00:00,2022-08-17 23:00:00,11.25,0.6,4.246666666666666,12
2022-08-18 04:15:00,2022-08-18 07:15:00,3.25,0.6,2.661538461538462,4
2022-08-18 10:15:00,2022-08-18 11:30:00,1.5,5.3,5.433333333333334,10
2022-08-19 06:45:00,2022-08-19 09:15:00,2.75,4.1,4.3545454545454545,6
2022-08-19 22:30:00,2022-08-19 23:00:00,0.75,1.9,2.066666666666667,22
2022-08-20 07:45:00,2022-08-20 08:45:00,1.25,2.0,2.2199999999999998,7
2022-08-21 00:30:00,2022-08-21 01:15:00,1.0,1.1,1.4249999999999998,0
2022-08-21 22:30:00,2022-08-21 22:45:00,0.5,0.8,2.65,22
2022-08-22 09:15:00,2022-08-22 11:15:00,2.25,0.9,1.1555555555555557,9
2022-08-22 14:00:00,2022-08-22 14:15:00,0.5,3.6,3.7,14
2022-08-22 19:15:00,2022-08-22 21:00:00,2.0,0.9,2.7875,19
2022-08-23 05:30:00,2022-08-23 06:00:00,0.75,0.7,1.0333333333333334,5
2022-08-23 08:15:00,2022-08-23 12:00:00,4.0,0.7,1.8937499999999998,8
2022-08-23 21:45:00,2022-08-23 22:30:00,1.0,4.8,4.925,21
2022-08-24 03:00:00,2022-08-24 04:45:00,2.0,0.7,2.8125,3
2022-08-25 00:15:00,2022-08-25 01:30:00,1.5,4.5,4.65,0
2022-08-30 18:00:00,2022-08-30 22:30:00,4.75,4.5,5.021052631578947,18
2022-08-31 22:45:00,2022-08-31 23:00:00,0.5,2.3,2.5999999999999996,22
2022-09-01 05:30:00,2022-09-01 06:45:00,1.5,3.0,3.4000000000000004,5
2022-09-01 10:15:00,2022-09-01 13:15:00,3.25,1.6,2.769230769230769,10
2022-09-02 06:00:00,2022-09-02 06:30:00,0.75,1.8,1.9000000000000001,6
2022-09-02 17:30:00,2022-09-02 18:45:00,1.5,1.3,2.6666666666666665,17
2022-09-03 12:15:00,2022-09-03 15:00:00,3.0,1.5,3.1166666666666667,12
2022-09-03 16:45:00,2022-09-03 17:45:00,1.25,3.2,3.4200000000000004,16
2022-09-03 19:30:00,2022-09-04 03:15:00,8.0,0.9,1.7125,19
2022-09-04 05:30:00,2022-09-04 07:00:00,1.75,0.4,0.7,5
2022-09-04 10:45:00,2022-09-04 11:45:00,1.25,1.0,1.08,10
2022-09-04 16:30:00,2022-09-04 18:30:00,2.25,0.5,2.5444444444444443,16
2022-09-05 05:00:00,2022-09-05 05:30:00,0.75,0.9,1.0666666666666667,5
2022-09-05 09:45:00,2022-09-05 10:00:00,0.5,0.6,0.7,9
2022-09-05 17:30:00,2022-09-05 18:00:00,0.75,0.2,0.39999999999999997,17
2022-09-06 10:15:00,2022-09-06 13:15:00,3.25,0.1,0.9538461538461538,10
2022-09-06 14:45:00,2022-09-06 15:30:00,1.0,0.1,0.35000000000000003,14
2022-09-06 18:45:00,2022-09-06 20:45:00,2.25,0.1,0.41111111111111115,18
2022-09-07 00:30:00,2022-09-07 01:00:00,0.75,0.7,1.0,0
2022-09-07 04:30:00,2022-09-07 05:30:00,1.25,0.7,0.86,4
2022-09-08 16:30:00,2022-09-08 20:15:00,4.0,0.1,0.30000000000000004,16
2022-09-08 22:15:00,2022-09-08 22:45:00,0.75,0.7,0.8333333333333334,22
2022-09-09 08:45:00,2022-09-09 10:30:00,2.0,0.6,0.8500000000000001,8
2022-09-09 12:00:00,2022-09-09 12:15:00,0.5,0.8,1.5499999999999998,12
2022-09-09 15:45:00,2022-09-09 20:45:00,5.25,0.4,1.4333333333333331,15
2022-09-09 22:15:00,2022-09-09 23:00:00,1.0,1.4,1.525,22
2022-09-10 04:15:00,2022-09-10 04:45:00,0.75,1.4,1.4666666666666668,4
2022-09-10 09:00:00,2022-09-10 09:30:00,0.75,1.6,1.8,9
2022-09-10 12:30:00,2022-09-10 13:00:00,0.75,1.5,1.5999999999999999,12
2022-09-10 15:30:00,2022-09-10 16:45:00,1.5,1.1,1.3333333333333333,15
2022-09-11 15:30:00,2022-09-11 17:30:00,2.25,0.6,0.7444444444444445,15
2022-09-13 05:30:00,2022-09-13 09:45:00,4.5,0.1,0.47777777777777775,5
2022-09-14 16:45:00,2022-09-14 19:45:00,3.25,0.9,1.153846153846154,16
2022-09-14 21:45:00,2022-09-14 23:45:00,2.25,0.6,0.8777777777777778,21
2022-09-15 02:45:00,2022-09-15 03:30:00,1.0,0.5,0.6,2
2022-09-15 18:45:00,2022-09-15 23:00:00,4.5,0.7,1.3277777777777775,18
2022-09-16 00:30:00,2022-09-16 03:15:00,3.0,0.7,1.1083333333333334,0
2022-09-16 19:00:00,2022-09-16 21:00:00,2.25,0.4,0.6222222222222222,19
2022-09-17 00:00:00,2022-09-17 07:30:00,7.75,0.2,0.8870967741935484,0
2022-09-17 09:00:00,2022-09-17 13:45:00,5.0,0.9,1.975,9
2022-09-17 23:45:00,2022-09-18 08:45:00,9.25,0.5,2.027027027027027,23
2022-09-18 12:15:00,2022-09-18 12:45:00,0.75,1.2,1.4333333333333333,12
2022-09-18 14:30:00,2022-09-18 14:45:00,0.5,0.9,1.0,14
2022-09-18 18:00:00,2022-09-18 19:00:00,1.25,1.1,1.1600000000000001,18
2022-09-18 22:45:00,2022-09-18 23:15:00,0.75,1.1,1.2,22
2022-09-19 06:15:00,2022-09-19 07:00:00,1.0,1.0,1.375,6
2022-09-30 10:15:00,2022-09-30 11:00:00,1.0,5.6,5.75,10
2022-09-30 18:15:00,2022-09-30 19:15:00,1.25,5.5,5.7,18
2022-09-30 21:00:00,2022-09-30 22:30:00,1.75,5.1,5.357142857142857,21
2022-10-01 06:15:00,2022-10-01 12:00:00,6.0,4.8,5.095833333333333,6
2022-10-01 17:00:00,2022-10-01 19:30:00,2.75,5.1,5.5,17
2022-10-01 22:45:00,2022-10-02 01:30:00,3.0,4.6,4.8999999999999995,22
2022-10-02 12:00:00,2022-10-02 12:30:00,0.75,4.7,4.933333333333334,12
2022-10-02 14:00:00,2022-10-02 18:00:00,4.25,5.2,5.53529411764706,14
2022-10-02 20:30:00,2022-10-02 22:45:00,2.5,5.4,5.63,20
2022-10-03 01:45:00,2022-10-03 05:45:00,4.25,3.8,4.629411764705883,1
2022-10-03 11:15:00,2022-10-03 12:00:00,1.0,4.3,4.5249999999999995,11
2022-10-03 13:30:00,2022-10-03 15:45:00,2.5,4.9,5.130000000000001,13
2022-10-03 17:45:00,2022-10-03 22:45:00,5.25,4.6,5.047619047619048,17
2022-10-04 00:15:00,2022-10-04 15:30:00,15.5,4.1,4.8999999999999995,0
2022-10-04 17:30:00,2022-10-04 21:30:00,4.25,4.5,5.4941176470588236,17
2022-10-04 23:15:00,2022-10-05 02:30:00,3.5,4.0,4.928571428571429,23
2022-10-05 10:30:00,2022-10-05 11:45:00,1.5,4.4,4.616666666666666,10
2022-10-06 03:30:00,2022-10-06 04:30:00,1.25,4.6,4.76,3
2022-10-06 07:15:00,2022-10-06 09:45:00,2.75,3.9,4.199999999999999,7
2022-10-06 12:15:00,2022-10-06 14:45:00,2.75,4.1,4.327272727272727,12
2022-10-06 17:45:00,2022-10-06 22:45:00,5.25,3.7,4.347619047619047,17
2022-10-07 01:00:00,2022-10-07 03:30:00,2.75,3.4,3.727272727272727,1
2022-10-07 14:00:00,2022-10-08 05:15:00,15.5,2.0,3.164516129032258,14
2022-10-08 06:45:00,2022-10-08 09:15:00,2.75,1.7,1.9545454545454546,6
2022-10-08 17:15:00,2022-10-08 20:15:00,3.25,3.2,3.4923076923076914,17
2022-10-08 21:45:00,2022-10-08 22:15:00,0.75,3.0,3.1333333333333333,21
2022-10-09 00:30:00,2022-10-09 01:30:00,1.25,3.2,3.3600000000000003,0
2022-10-09 10:15:00,2022-10-09 14:30:00,4.5,3.4,4.05,10
2022-10-09 16:30:00,2022-10-09 19:15:00,3.0,3.8,4.091666666666668,16
2022-10-10 00:30:00,2022-10-10 02:45:00,2.5,3.7,4.12,0
2022-10-10 04:15:00,2022-10-10 06:45:00,2.75,3.5,3.9909090909090907,4
2022-10-10 22:45:00,2022-10-11 00:00:00,1.5,4.0,4.216666666666667,22
2022-10-11 02:15:00,2022-10-11 04:45:00,2.75,3.6,3.7909090909090906,2
2022-10-11 10:15:00,2022-10-11 13:00:00,3.0,3.8,4.266666666666667,10
2022-10-11 14:30:00,2022-10-11 15:30:00,1.25,4.4,4.66,14
2022-10-11 18:00:00,2022-10-12 06:15:00,12.5,2.7,3.9379999999999997,18
2022-10-12 07:45:00,2022-10-12 20:15:00,12.75,2.5,3.780392156862744,7
2022-10-12 21:45:00,2022-10-12 23:15:00,1.75,3.0,3.5571428571428574,21
2022-10-13 01:15:00,2022-10-13 15:30:00,14.5,2.2,3.3310344827586205,1
2022-10-13 19:00:00,2022-10-13 20:15:00,1.5,3.3,3.5833333333333335,19
2022-10-13 22:00:00,2022-10-14 02:00:00,4.25,3.9,4.447058823529412,22
2022-10-14 16:15:00,2022-10-14 17:15:00,1.25,4.8,4.960000000000001,16
2022-10-14 18:45:00,2022-10-14 21:00:00,2.5,5.1,5.49,18
2022-10-15 16:15:00,2022-10-15 21:45:00,5.75,4.5,5.373913043478261,16
2022-10-15 23:45:00,2022-10-16 00:30:00,1.0,4.0,4.125,23
2022-10-16 14:00:00,2022-10-16 15:15:00,1.5,5.0,5.1000000000000005,14
2022-10-17 02:30:00,2022-10-17 06:15:00,4.0,3.6,4.35625,2
2022-10-17 09:45:00,2022-10-17 10:30:00,1.0,4.3,4.425,9
2022-10-17 16:30:00,2022-10-17 17:00:00,0.75,4.6,4.666666666666666,16
2022-10-18 02:15:00,2022-10-18 03:15:00,1.25,4.4,4.44,2
2022-10-21 17:30:00,2022-10-21 18:45:00,1.5,6.6,6.716666666666666,17
2022-10-22 19:15:00,2022-10-22 19:45:00,0.75,6.6,6.733333333333334,19
2022-10-22 21:30:00,2022-10-22 23:45:00,2.5,6.1,6.4,21
2022-10-23 15:30:00,2022-10-23 22:15:00,7.0,5.7,6.557142857142857,15
2022-10-23 23:45:00,2022-10-24 00:30:00,1.0,5.7,5.875,23
2022-10-24 02:30:00,2022-10-24 05:30:00,3.25,5.8,6.038461538461538,2
2022-10-24 17:45:00,2022-10-24 23:45:00,6.25,5.7,6.144000000000001,17
2022-10-25 01:15:00,2022-10-25 02:00:00,1.0,5.6,5.824999999999999,1
2022-10-25 08:30:00,2022-10-25 09:15:00,1.0,4.9,5.075,8
2022-10-25 11:15:00,2022-10-25 13:00:00,2.0,5.3,5.5125,11
2022-10-25 20:00:00,2022-10-25 20:30:00,0.75,6.0,6.166666666666667,20
2022-10-27 11:45:00,2022-10-27 14:00:00,2.5,5.3,5.709999999999999,11
2022-10-27 15:30:00,2022-10-27 17:45:00,2.5,5.9,6.06,15
2022-10-28 04:45:00,2022-10-28 06:45:00,2.25,5.5,5.811111111111111,4
2022-10-28 15:30:00,2022-10-28 18:15:00,3.0,6.3,6.666666666666667,15
2022-10-29 09:30:00,2022-10-29 11:30:00,2.25,5.4,5.722222222222222,9
2022-10-29 15:45:00,2022-10-29 17:00:00,1.5,6.2,6.6000000000000005,15
2022-10-29 21:00:00,2022-10-29 21:30:00,0.75,6.6,6.733333333333334,21
2022-10-30 02:30:00,2022-10-30 06:30:00,4.25,5.1,5.723529411764706,2
2022-10-30 17:15:00,2022-10-30 18:30:00,1.5,5.4,5.583333333333333,17
2022-10-31 06:30:00,2022-10-31 09:00:00,2.75,4.7,4.9363636363636365,6
2022-11-01 05:45:00,2022-11-01 07:00:00,1.5,3.9,4.1000000000000005,5
2022-11-01 12:30:00,2022-11-01 13:45:00,1.5,4.3,4.533333333333333,12
2022-11-02 03:30:00,2022-11-02 04:30:00,1.25,4.5,4.64,3
2022-11-03 09:45:00,2022-11-03 11:00:00,1.5,5.1,5.433333333333334,9
2022-11-04 00:00:00,2022-11-04 00:45:00,1.0,4.9,5.15,0
2022-11-04 02:15:00,2022-11-04 02:30:00,0.5,5.0,5.1,2
2022-11-04 11:30:00,2022-11-04 12:15:00,1.0,5.7,5.7749999999999995,11
2022-11-04 16:15:00,2022-11-04 17:45:00,1.75,5.8,6.057142857142857,16
2022-11-05 03:15:00,2022-11-05 04:00:00,1.0,5.2,5.325,3
2022-11-05 12:30:00,2022-11-05 13:00:00,0.75,5.4,5.5,12
2022-11-05 15:00:00,2022-11-05 16:45:00,2.0,5.0,5.2625,15
2022-11-05 21:30:00,2022-11-05 22:00:00,0.75,4.9,5.133333333333334,21
2022-11-06 00:30:00,2022-11-06 01:45:00,1.5,4.2,4.5666666666666655,0
2022-11-06 11:00:00,2022-11-06 12:15:00,1.5,4.6,4.783333333333333,11
2022-11-06 17:30:00,2022-11-06 19:45:00,2.5,4.4,4.68,17
2022-11-07 01:30:00,2022-11-07 02:45:00,1.5,3.7,3.8499999999999996,1
2022-11-07 05:15:00,2022-11-07 07:00:00,2.0,3.8,3.975,5
2022-11-07 17:00:00,2022-11-07 17:45:00,1.0,3.9,4.1,17
2022-11-07 21:00:00,2022-11-08 00:00:00,3.25,3.5,3.892307692307693,21
2022-11-08 03:45:00,2022-11-08 05:15:00,1.75,2.9,3.057142857142857,3
2022-11-08 14:30:00,2022-11-08 17:30:00,3.25,4.5,4.861538461538462,14
2022-11-08 19:15:00,2022-11-08 20:45:00,1.75,4.2,4.371428571428572,19
2022-11-08 23:00:00,2022-11-09 04:45:00,6.0,3.5,4.2625,23
2022-11-09 13:15:00,2022-11-09 14:00:00,1.0,4.4,4.6,13
2022-11-09 16:45:00,2022-11-09 19:00:00,2.5,4.7,4.930000000000001,16
2022-11-09 22:15:00,2022-11-09 22:30:00,0.5,4.3,4.5,22
2022-11-10 17:15:00,2022-11-10 18:30:00,1.5,5.6,5.75,17
2022-11-11 00:45:00,2022-11-11 02:30:00,2.0,5.3,5.487500000000001,0
2022-11-11 05:15:00,2022-11-11 06:00:00,1.0,4.9,5.025,5
2022-11-11 11:45:00,2022-11-11 12:15:00,0.75,5.4,5.466666666666666,11
2022-11-11 17:30:00,2022-11-11 19:45:00,2.5,5.3,5.59,17
2022-11-11 22:15:00,2022-11-11 22:30:00,0.5,5.8,5.9,22
2022-11-12 00:00:00,2022-11-12 00:30:00,0.75,5.7,5.8,0
2022-11-12 02:45:00,2022-11-12 04:30:00,2.0,5.0,5.1875,2
2022-11-12 06:00:00,2022-11-12 07:00:00,1.25,4.8,4.9799999999999995,6
2022-11-12 20:30:00,2022-11-12 21:00:00,0.75,5.5,5.566666666666666,20
2022-11-14 06:15:00,2022-11-14 07:15:00,1.25,7.6,7.720000000000001,6
2022-11-14 20:30:00,2022-11-14 21:15:00,1.0,7.8,7.9,20
2022-11-15 09:45:00,2022-11-15 10:30:00,1.0,6.7,6.7749999999999995,9
2022-11-15 20:30:00,2022-11-15 22:15:00,2.0,6.5,6.625,20
2022-11-16 03:45:00,2022-11-16 04:30:00,1.0,6.2,6.2749999999999995,3
2022-11-16 23:15:00,2022-11-17 01:15:00,2.25,5.7,5.844444444444445,23
2022-11-17 17:45:00,2022-11-17 20:00:00,2.5,5.0,5.26,17
2022-11-17 23:15:00,2022-11-18 04:15:00,5.25,4.8,6.042857142857143,23
2022-11-18 05:45:00,2022-11-18 10:30:00,5.0,5.6,6.325000000000001,5
2022-11-18 12:00:00,2022-11-18 15:15:00,3.5,6.0,6.728571428571429,12
2022-11-18 20:00:00,2022-11-18 20:45:00,1.0,7.4,7.55,20
2022-11-19 00:30:00,2022-11-19 01:15:00,1.0,7.3,7.550000000000001,0
2022-11-19 06:30:00,2022-11-19 06:45:00,0.5,7.7,7.85,6
2022-11-20 01:45:00,2022-11-20 02:00:00,0.5,7.5,7.75,1
2022-11-20 07:30:00,2022-11-20 08:00:00,0.75,7.7,7.833333333333333,7
2022-11-20 22:45:00,2022-11-21 00:00:00,1.5,7.3,7.466666666666666,22
2022-11-22 01:45:00,2022-11-22 05:15:00,3.75,8.6,8.913333333333334,1
2022-11-23 00:30:00,2022-11-23 03:15:00,3.0,8.4,8.616666666666665,0
2022-11-23 05:00:00,2022-11-23 07:30:00,2.75,8.1,8.418181818181818,5
2022-11-23 16:45:00,2022-11-23 18:00:00,1.5,8.8,8.933333333333332,16
2022-11-25 19:15:00,2022-11-25 20:15:00,1.25,7.2,7.32,19
2022-11-25 21:45:00,2022-11-26 00:00:00,2.5,6.7,6.88,21
2022-11-28 14:00:00,2022-11-28 14:45:00,1.0,4.7,5.05,14
2022-11-29 06:45:00,2022-11-29 07:00:00,0.5,5.2,5.300000000000001,6
2022-11-29 14:30:00,2022-11-29 14:45:00,0.5,5.1,5.199999999999999,14
2022-11-29 16:30:00,2022-11-29 16:45:00,0.5,4.9,5.050000000000001,16
2022-11-30 17:45:00,2022-11-30 20:15:00,2.75,5.3,5.5636363636363635,17
2022-11-30 21:45:00,2022-11-30 23:00:00,1.5,4.8,5.133333333333334,21
2022-12-01 06:45:00,2022-12-01 07:00:00,0.5,4.7,4.800000000000001,6
2022-12-03 08:15:00,2022-12-03 09:15:00,1.25,5.5,5.639999999999999,8
2022-12-04 01:00:00,2022-12-04 02:15:00,1.5,5.9,5.983333333333333,1
2022-12-06 04:30:00,2022-12-06 05:30:00,1.25,5.0,5.1,4
2022-12-08 17:00:00,2022-12-08 17:15:00,0.5,3.4,3.5,17
2022-12-08 21:00:00,2022-12-08 23:30:00,2.75,3.4,3.6545454545454548,21
2022-12-09 05:30:00,2022-12-09 06:45:00,1.5,3.5,3.6500000000000004,5
2022-12-09 12:45:00,2022-12-09 14:30:00,2.0,3.6,3.7,12
2022-12-09 22:45:00,2022-12-09 23:45:00,1.25,3.0,3.16,22
2022-12-10 02:30:00,2022-12-10 03:00:00,0.75,2.9,3.0,2
2022-12-10 04:45:00,2022-12-10 05:30:00,1.0,2.8,3.05,4
2022-12-10 12:30:00,2022-12-10 13:30:00,1.25,2.8,3.0799999999999996,12
2022-12-11 13:30:00,2022-12-11 15:00:00,1.75,2.1,2.3000000000000003,13
2022-12-13 00:30:00,2022-12-13 01:45:00,1.5,2.2,2.266666666666667,0
2022-12-13 06:30:00,2022-12-13 12:30:00,6.25,2.0,2.38,6
2022-12-13 23:15:00,2022-12-14 05:45:00,6.75,2.3,3.351851851851851,23
2022-12-14 22:15:00,2022-12-15 00:00:00,2.0,3.3,4.1625,22
2022-12-15 03:30:00,2022-12-15 04:00:00,0.75,3.4,3.5,3
2022-12-15 07:15:00,2022-12-15 09:00:00,2.0,3.5,3.9375,7
2022-12-16 05:30:00,2022-12-16 06:45:00,1.5,4.5,4.6499999999999995,5
2022-12-16 10:15:00,2022-12-16 11:00:00,1.0,4.6,4.825,10
2022-12-16 12:30:00,2022-12-16 13:30:00,1.25,4.9,4.98,12
2022-12-16 17:30:00,2022-12-16 19:00:00,1.75,5.0,5.200000000000001,17
2022-12-16 22:30:00,2022-12-16 23:00:00,0.75,4.9,5.066666666666667,22
2022-12-17 05:45:00,2022-12-17 09:45:00,4.25,4.5,4.758823529411764,5
2022-12-18 17:00:00,2022-12-18 17:45:00,1.0,4.9,5.225,17
2022-12-18 19:15:00,2022-12-19 11:30:00,16.5,4.2,5.640909090909091,19
2022-12-19 13:30:00,2022-12-19 14:30:00,1.25,6.3,6.779999999999999,13
2022-12-19 17:30:00,2022-12-19 18:00:00,0.75,6.4,6.933333333333333,17
2022-12-21 20:45:00,2022-12-21 22:45:00,2.25,5.6,7.216666666666668,20
2022-12-22 21:45:00,2022-12-22 22:45:00,1.25,7.3,7.539999999999999,21
2022-12-23 01:15:00,2022-12-23 02:00:00,1.0,5.8,6.0,1
2022-12-23 14:00:00,2022-12-23 16:30:00,2.75,6.4,6.918181818181818,14
2022-12-23 19:45:00,2022-12-23 20:15:00,0.75,6.2,6.433333333333334,19
2022-12-23 22:00:00,2022-12-24 03:30:00,5.75,6.6,8.63913043478261,22
2022-12-24 05:30:00,2022-12-24 06:30:00,1.25,7.0,7.38,5
2022-12-24 09:00:00,2022-12-24 10:45:00,2.0,8.1,8.975000000000001,9
2022-12-24 13:15:00,2022-12-24 14:00:00,1.0,9.9,10.0,13
2022-12-25 01:30:00,2022-12-25 02:15:00,1.0,8.4,8.625,1
2022-12-25 05:45:00,2022-12-25 06:30:00,1.0,8.1,8.3,5
2022-12-26 16:15:00,2022-12-26 22:00:00,6.0,10.5,11.075000000000001,16
2022-12-27 17:30:00,2022-12-27 19:15:00,2.0,10.6,10.75,17
2022-12-30 02:30:00,2022-12-30 02:45:00,0.5,9.3,9.4,2
2022-12-30 12:30:00,2022-12-30 13:30:00,1.25,9.0,9.52,12
2022-12-31 00:45:00,2022-12-31 03:00:00,2.5,6.6,6.7299999999999995,0
2023-01-05 23:45:00,2023-01-06 00:45:00,1.25,4.8,5.04,23
2023-01-06 03:00:00,2023-01-06 05:15:00,2.5,4.7,4.86,3
2023-01-06 06:45:00,2023-01-06 07:30:00,1.0,4.5,4.6,6
2023-01-06 14:15:00,2023-01-06 18:00:00,4.0,6.9,7.199999999999999,14
2023-01-06 23:00:00,2023-01-07 00:15:00,1.5,7.0,7.183333333333334,23
2023-01-07 02:15:00,2023-01-07 03:00:00,1.0,6.9,7.0,2
2023-01-07 04:30:00,2023-01-07 06:00:00,1.75,6.3,6.557142857142856,4
2023-01-07 15:15:00,2023-01-07 17:15:00,2.25,6.3,6.7444444444444445,15
2023-01-08 15:15:00,2023-01-08 16:30:00,1.5,5.3,5.3500000000000005,15
2023-01-10 14:00:00,2023-01-10 14:45:00,1.0,4.2,4.300000000000001,14
2023-01-10 19:15:00,2023-01-10 20:45:00,1.75,4.0,4.142857142857143,19
2023-01-10 22:30:00,2023-01-11 01:30:00,3.25,3.5,3.8615384615384616,22
2023-01-11 04:45:00,2023-01-11 07:15:00,2.75,5.7,6.2727272727272725,4
2023-01-11 09:15:00,2023-01-11 14:15:00,5.25,4.0,4.671428571428572,9
2023-01-12 05:00:00,2023-01-12 13:15:00,8.5,2.8,3.244117647058824,5
2023-01-12 17:30:00,2023-01-12 21:30:00,4.25,3.3,3.5647058823529414,17
2023-01-12 23:15:00,2023-01-13 03:00:00,4.0,3.6,4.125,23
2023-01-13 05:30:00,2023-01-13 06:30:00,1.25,3.6,3.7399999999999998,5
2023-01-13 08:30:00,2023-01-13 12:30:00,4.25,3.3,3.7529411764705882,8
2023-01-13 14:15:00,2023-01-13 14:45:00,0.75,4.1,4.2,14
2023-01-13 18:00:00,2023-01-13 19:30:00,1.75,4.3,4.985714285714286,18
2023-01-13 21:00:00,2023-01-14 01:00:00,4.25,3.8,4.135294117647058,21
2023-01-14 02:30:00,2023-01-14 07:00:00,4.75,3.7,4.78421052631579,2
2023-01-14 18:00:00,2023-01-14 20:00:00,2.25,6.7,6.933333333333334,18
2023-01-15 00:30:00,2023-01-15 01:00:00,0.75,5.9,6.066666666666667,0
2023-01-15 14:15:00,2023-01-15 15:15:00,1.25,6.3,6.660000000000001,14
2023-01-15 18:00:00,2023-01-15 21:00:00,3.25,6.0,6.430769230769231,18
2023-01-15 23:15:00,2023-01-16 02:45:00,3.75,5.8,6.153333333333333,23
2023-01-16 05:00:00,2023-01-16 13:00:00,8.25,6.2,7.290909090909091,5
2023-01-16 14:30:00,2023-01-16 18:00:00,3.75,7.3,7.78,14
2023-01-16 20:15:00,2023-01-17 12:15:00,16.25,5.1,6.26,20
2023-01-17 16:45:00,2023-01-17 18:00:00,1.5,5.9,6.116666666666667,16
2023-01-17 19:45:00,2023-01-17 20:15:00,0.75,5.9,6.099999999999999,19
2023-01-17 23:00:00,2023-01-18 00:00:00,1.25,5.9,5.9799999999999995,23
2023-01-18 02:15:00,2023-01-18 05:45:00,3.75,5.1,5.526666666666667,2
2023-01-18 07:15:00,2023-01-18 08:15:00,1.25,5.1,5.3,7
2023-01-18 17:45:00,2023-01-18 19:45:00,2.25,5.0,5.2555555555555555,17
2023-01-19 01:45:00,2023-01-19 04:30:00,3.0,3.7,3.908333333333333,1
2023-01-19 06:00:00,2023-01-19 06:45:00,1.0,3.9,4.05,6
2023-01-19 12:15:00,2023-01-19 17:00:00,5.0,4.2,4.92,12
2023-01-19 21:45:00,2023-01-19 23:45:00,2.25,5.1,5.466666666666667,21
2023-01-20 03:15:00,2023-01-20 12:45:00,9.75,4.6,5.44102564102564,3
2023-01-20 16:15:00,2023-01-20 17:15:00,1.25,5.3,5.459999999999999,16
2023-01-20 22:15:00,2023-01-21 04:15:00,6.25,4.2,5.152,22
2023-01-21 05:45:00,2023-01-21 06:45:00,1.25,4.1,4.460000000000001,5
2023-01-21 08:15:00,2023-01-21 11:30:00,3.5,3.3,4.1,8
2023-01-21 13:00:00,2023-01-21 17:15:00,4.5,4.2,4.588888888888889,13
2023-01-22 00:15:00,2023-01-22 03:45:00,3.75,5.9,7.773333333333334,0
2023-01-22 05:45:00,2023-01-22 07:45:00,2.25,5.2,5.588888888888889,5
2023-01-22 18:30:00,2023-01-22 20:45:00,2.5,5.5,5.65,18
2023-01-23 00:45:00,2023-01-23 01:00:00,0.5,5.8,5.9,0
2023-01-23 02:30:00,2023-01-23 04:30:00,2.25,5.2,5.3999999999999995,2
2023-01-23 08:00:00,2023-01-23 09:15:00,1.5,5.3,5.433333333333334,8
2023-01-24 04:00:00,2023-01-24 05:15:00,1.5,5.9,6.083333333333333,4
2023-01-24 06:45:00,2023-01-24 12:00:00,5.5,5.8,7.363636363636363,6
2023-01-24 17:30:00,2023-01-24 19:45:00,2.5,7.8,8.010000000000002,17
2023-01-25 02:15:00,2023-01-25 04:45:00,2.75,7.6,8.045454545454545,2
2023-01-26 06:15:00,2023-01-26 07:30:00,1.5,6.5,6.633333333333334,6
2023-01-26 21:15:00,2023-01-26 22:45:00,1.75,6.7,6.8428571428571425,21
2023-01-27 00:15:00,2023-01-27 01:30:00,1.5,6.3,6.533333333333332,0
2023-01-27 03:15:00,2023-01-27 04:00:00,1.0,6.1,6.3,3
2023-01-27 16:30:00,2023-01-27 17:30:00,1.25,6.9,7.08,16
2023-01-27 19:00:00,2023-01-27 19:15:00,0.5,6.6,6.699999999999999,19
2023-01-27 21:15:00,2023-01-27 22:45:00,1.75,6.6,6.8571428571428585,21
2023-01-28 01:45:00,2023-01-28 02:15:00,0.75,6.2,6.366666666666667,1
2023-01-28 23:45:00,2023-01-29 00:30:00,1.0,5.7,5.825,23
2023-01-29 14:00:00,2023-01-29 14:30:00,0.75,6.4,6.533333333333334,14
2023-01-29 18:00:00,2023-01-29 19:15:00,1.5,6.5,6.716666666666668,18
2023-01-29 22:00:00,2023-01-29 23:30:00,1.75,6.6,6.814285714285714,22
2023-01-30 01:30:00,2023-01-30 02:30:00,1.25,6.5,6.640000000000001,1
2023-01-30 04:45:00,2023-01-30 06:45:00,2.25,6.1,6.533333333333334,4
2023-01-30 11:00:00,2023-01-30 13:30:00,2.75,6.6,6.790909090909091,11
2023-01-30 20:00:00,2023-01-30 22:45:00,3.0,6.3,6.516666666666667,20
2023-01-31 00:30:00,2023-01-31 02:15:00,2.0,5.9,6.125,0
2023-01-31 07:00:00,2023-01-31 08:45:00,2.0,5.9,6.0875,7
2023-01-31 10:30:00,2023-01-31 11:00:00,0.75,6.0,6.1000000000000005,10
2023-01-31 12:45:00,2023-01-31 13:15:00,0.75,6.0,6.133333333333333,12
2023-02-01 01:30:00,2023-02-01 03:30:00,2.25,5.2,5.433333333333334,1
2023-02-01 22:00:00,2023-02-02 02:45:00,5.0,5.6,6.205,22
2023-02-02 05:00:00,2023-02-02 10:00:00,5.25,5.4,5.842857142857143,5
2023-02-02 11:30:00,2023-02-02 12:45:00,1.5,5.5,5.650000000000001,11
2023-02-02 19:45:00,2023-02-02 20:30:00,1.0,5.7,5.875,19
2023-02-02 22:15:00,2023-02-03 06:30:00,8.5,4.5,5.302941176470589,22
2023-02-03 08:00:00,2023-02-03 09:30:00,1.75,4.6,4.928571428571429,8
2023-02-03 18:00:00,2023-02-03 20:00:00,2.25,6.0,6.288888888888889,18
2023-02-03 21:45:00,2023-02-03 23:30:00,2.0,5.6,5.7875,21
2023-02-04 02:45:00,2023-02-04 04:30:00,2.0,5.2,5.3375,2
2023-02-04 06:15:00,2023-02-04 09:15:00,3.25,4.5,4.8999999999999995,6
2023-02-04 15:45:00,2023-02-04 22:15:00,6.75,5.0,5.699999999999999,15
2023-02-05 00:00:00,2023-02-05 03:15:00,3.5,4.5,5.0928571428571425,0
2023-02-05 04:45:00,2023-02-05 06:15:00,1.75,3.7,4.442857142857142,4
2023-02-05 09:45:00,2023-02-05 10:45:00,1.25,4.0,4.220000000000001,9
2023-02-05 12:30:00,2023-02-05 19:00:00,6.75,5.2,6.04074074074074,12
2023-02-05 21:45:00,2023-02-05 22:15:00,0.75,6.4,6.7,21
2023-02-06 02:30:00,2023-02-06 03:45:00,1.5,7.0,7.333333333333333,2
2023-02-06 16:45:00,2023-02-06 18:45:00,2.25,7.1,7.344444444444444,16
2023-02-07 04:45:00,2023-02-07 06:15:00,1.75,6.6,6.857142857142857,4
2023-02-07 08:45:00,2023-02-07 11:45:00,3.25,5.7,6.261538461538462,8
2023-02-07 15:45:00,2023-02-07 18:15:00,2.75,5.4,5.763636363636364,15
2023-02-08 03:30:00,2023-02-08 05:00:00,1.75,5.1,5.385714285714286,3
2023-02-08 08:00:00,2023-02-08 11:00:00,3.25,4.8,5.038461538461538,8
2023-02-08 19:45:00,2023-02-08 21:30:00,2.0,4.4,4.775,19
2023-02-09 00:00:00,2023-02-09 00:30:00,0.75,4.3,4.5,0
2023-02-09 02:45:00,2023-02-09 07:00:00,4.5,4.5,4.916666666666667,2
2023-02-09 09:15:00,2023-02-09 11:30:00,2.5,4.2,4.57,9
2023-02-09 14:45:00,2023-02-09 19:00:00,4.5,4.3,4.705555555555555,14
2023-02-10 00:30:00,2023-02-10 11:15:00,11.0,4.0,4.879545454545455,0
2023-02-10 13:00:00,2023-02-10 15:45:00,3.0,4.0,4.4750000000000005,13
2023-02-10 19:00:00,2023-02-10 20:30:00,1.75,3.7,3.9428571428571426,19
2023-02-11 00:00:00,2023-02-11 01:00:00,1.25,3.8,3.96,0
2023-02-11 20:45:00,2023-02-11 22:15:00,1.75,3.2,3.371428571428571,20
2023-02-12 03:15:00,2023-02-12 08:30:00,5.5,2.6,4.231818181818181,3
2023-02-12 16:00:00,2023-02-12 17:15:00,1.5,3.1,3.3333333333333335,16
2023-02-12 20:45:00,2023-02-12 22:15:00,1.75,3.1,3.3142857142857145,20
2023-02-13 00:30:00,2023-02-13 01:45:00,1.5,2.9,2.983333333333333,0
2023-02-13 06:00:00,2023-02-13 06:30:00,0.75,2.2,2.3666666666666667,6
2023-02-13 11:45:00,2023-02-13 21:15:00,9.75,3.1,4.161538461538462,11
2023-02-14 00:00:00,2023-02-14 01:00:00,1.25,3.8,3.94,0
2023-02-14 02:30:00,2023-02-14 03:15:00,1.0,4.3,4.55,2
2023-02-14 06:30:00,2023-02-14 08:00:00,1.75,6.3,6.671428571428571,6
2023-02-14 09:45:00,2023-02-14 11:15:00,1.75,6.7,7.242857142857143,9
2023-02-14 14:00:00,2023-02-14 15:15:00,1.5,7.4,7.666666666666667,14
2023-02-14 21:30:00,2023-02-14 21:45:00,0.5,7.4,7.5,21
2023-02-15 07:00:00,2023-02-15 12:15:00,5.5,7.9,8.431818181818183,7
2023-02-15 16:30:00,2023-02-15 17:15:00,1.0,8.5,8.575,16
2023-02-16 00:00:00,2023-02-16 03:30:00,3.75,7.0,7.526666666666666,0
2023-02-16 05:30:00,2023-02-16 06:30:00,1.25,6.7,6.859999999999999,5
2023-02-16 09:00:00,2023-02-16 09:15:00,0.5,6.9,7.0,9
2023-02-16 11:45:00,2023-02-16 12:00:00,0.5,6.4,6.5,11
2023-02-16 18:45:00,2023-02-16 19:30:00,1.0,7.1,7.175000000000001,18
2023-02-17 01:00:00,2023-02-17 02:45:00,2.0,6.1,6.262499999999999,1
2023-02-17 21:45:00,2023-02-17 22:15:00,0.75,6.0,6.1000000000000005,21
2023-02-19 03:15:00,2023-02-19 06:00:00,3.0,4.7,4.983333333333333,3
2023-02-19 07:45:00,2023-02-19 10:00:00,2.5,4.4,4.66,7
2023-02-19 16:30:00,2023-02-19 18:45:00,2.5,5.2,5.450000000000001,16
2023-02-19 22:00:00,2023-02-19 22:45:00,1.0,4.6,4.925,22
2023-02-20 01:45:00,2023-02-20 02:45:00,1.25,4.0,4.08,1
2023-02-20 17:00:00,2023-02-20 22:00:00,5.25,3.7,6.123809523809523,17
2023-02-20 23:45:00,2023-02-21 07:15:00,7.75,3.4,3.8709677419354835,23
2023-02-21 12:45:00,2023-02-21 18:15:00,5.75,3.3,4.48695652173913,12
2023-02-21 19:45:00,2023-02-22 02:45:00,7.25,3.1,3.8137931034482753,19
2023-02-22 05:45:00,2023-02-22 10:15:00,4.75,2.9,3.478947368421053,5
2023-02-22 12:00:00,2023-02-22 14:45:00,3.0,3.7,4.250000000000001,12
2023-02-22 16:45:00,2023-02-22 17:45:00,1.25,5.0,5.220000000000001,16
2023-02-22 19:30:00,2023-02-23 00:00:00,4.75,2.5,4.415789473684211,19
2023-02-23 02:15:00,2023-02-23 06:00:00,4.0,2.1,2.65625,2
2023-02-23 09:45:00,2023-02-23 12:15:00,2.75,1.8,2.109090909090909,9
2023-02-23 22:30:00,2023-02-24 00:45:00,2.5,1.8,2.4099999999999997,22
2023-02-24 02:15:00,2023-02-24 06:30:00,4.5,2.9,3.6222222222222222,2
2023-02-24 08:00:00,2023-02-24 11:00:00,3.25,3.6,3.930769230769231,8
2023-02-24 12:45:00,2023-02-24 13:00:00,0.5,3.6,3.7,12
2023-02-24 16:15:00,2023-02-24 21:45:00,5.75,1.7,2.830434782608696,16
2023-02-24 23:15:00,2023-02-25 01:45:00,2.75,2.0,2.5363636363636366,23
2023-02-25 03:15:00,2023-02-25 04:15:00,1.25,2.5,2.7,3
2023-02-25 12:00:00,2023-02-25 17:30:00,5.75,1.1,1.9695652173913043,12
2023-02-26 04:45:00,2023-02-26 05:30:00,1.0,1.0,1.05,4
2023-02-26 13:30:00,2023-02-26 14:30:00,1.25,1.9,2.34,13
2023-02-26 19:30:00,2023-02-26 21:15:00,2.0,2.7,2.8875,19
2023-02-27 00:00:00,2023-02-27 00:45:00,1.0,3.1,3.1750000000000003,0
2023-02-27 02:15:00,2023-02-27 03:00:00,1.0,3.8,4.1,2
2023-02-27 06:15:00,2023-02-27 14:45:00,8.75,3.7,4.865714285714286,6
2023-02-27 19:00:00,2023-02-27 22:15:00,3.5,4.2,4.514285714285714,19
2023-02-27 23:45:00,2023-02-28 02:45:00,3.25,2.4,3.407692307692308,23
2023-02-28 04:30:00,2023-02-28 11:00:00,6.75,2.1,3.962962962962963,4
2023-02-28 12:45:00,2023-02-28 14:45:00,2.25,4.0,4.2333333333333325,12
2023-02-28 22:15:00,2023-02-28 23:30:00,1.5,2.8,3.016666666666667,22
2023-03-01 01:15:00,2023-03-01 02:00:00,1.0,2.6,2.725,1
2023-03-01 06:30:00,2023-03-01 09:15:00,3.0,1.9,2.066666666666667,6
2023-03-01 15:30:00,2023-03-01 15:45:00,0.5,3.3,3.4,15
2023-03-01 17:15:00,2023-03-01 17:45:00,0.75,3.0,3.1333333333333333,17
2023-03-01 20:00:00,2023-03-01 21:00:00,1.25,2.9,3.1399999999999997,20
2023-03-01 23:00:00,2023-03-02 13:00:00,14.25,2.4,3.1543859649122807,23
2023-03-02 14:45:00,2023-03-02 15:15:00,0.75,2.9,3.1,14
2023-03-02 16:45:00,2023-03-02 18:00:00,1.5,2.2,2.733333333333333,16
2023-03-02 19:30:00,2023-03-02 20:00:00,0.75,2.8,2.8666666666666667,19
2023-03-02 21:30:00,2023-03-03 08:00:00,10.75,1.5,2.4255813953488374,21
2023-03-03 11:30:00,2023-03-03 17:00:00,5.75,3.2,4.191304347826088,11
2023-03-03 20:15:00,2023-03-03 22:15:00,2.25,4.4,5.055555555555555,20
2023-03-04 05:30:00,2023-03-04 08:30:00,3.25,4.2,4.769230769230769,5
2023-03-04 12:15:00,2023-03-04 16:30:00,4.5,4.6,4.822222222222222,12
2023-03-04 21:00:00,2023-03-04 22:45:00,2.0,3.8,4.025,21
2023-03-05 16:00:00,2023-03-05 16:45:00,1.0,3.5,3.575,16
2023-03-05 18:15:00,2023-03-05 19:00:00,1.0,2.8,3.4749999999999996,18
2023-03-05 22:30:00,2023-03-05 22:45:00,0.5,2.7,2.8,22
2023-03-06 03:15:00,2023-03-06 04:00:00,1.0,1.8,1.875,3
2023-03-06 11:00:00,2023-03-06 12:15:00,1.5,2.2,2.3833333333333333,11
2023-03-06 15:00:00,2023-03-06 16:30:00,1.75,1.9,2.257142857142857,15
2023-03-06 18:00:00,2023-03-06 21:45:00,4.0,2.0,3.20625,18
2023-03-06 23:45:00,2023-03-07 02:00:00,2.5,1.7,2.34,23
2023-03-07 04:00:00,2023-03-07 11:00:00,7.25,1.0,1.7310344827586206,4
2023-03-07 15:00:00,2023-03-07 16:15:00,1.5,2.4,2.6166666666666667,15
2023-03-07 17:45:00,2023-03-08 00:15:00,6.75,1.2,2.051851851851852,17
2023-03-08 07:15:00,2023-03-08 08:15:00,1.25,1.4,1.6800000000000002,7
2023-03-08 09:45:00,2023-03-08 10:45:00,1.25,1.9,2.14,9
2023-03-08 13:45:00,2023-03-09 02:15:00,12.75,1.3,3.1843137254901963,13
2023-03-09 05:00:00,2023-03-09 23:15:00,18.5,1.3,2.6121621621621625,5
2023-03-10 01:30:00,2023-03-10 03:00:00,1.75,1.8,2.2285714285714286,1
2023-03-10 04:45:00,2023-03-10 09:45:00,5.25,1.8,2.5380952380952384,4
2023-03-10 12:00:00,2023-03-10 16:45:00,5.0,2.5,3.0149999999999997,12
2023-03-10 18:45:00,2023-03-10 19:30:00,1.0,2.8,3.125,18
2023-03-10 22:30:00,2023-03-11 00:30:00,2.25,2.8,3.3,22
2023-03-11 03:45:00,2023-03-11 04:30:00,1.0,3.0,3.1249999999999996,3
2023-03-11 07:15:00,2023-03-11 08:00:00,1.0,3.2,3.375,7
2023-03-11 12:15:00,2023-03-11 16:30:00,4.5,2.1,2.716666666666667,12
2023-03-11 18:00:00,2023-03-12 02:45:00,9.0,1.6,2.877777777777777,18
2023-03-12 04:15:00,2023-03-12 05:15:00,1.25,4.0,4.24,4
2023-03-12 07:30:00,2023-03-12 12:15:00,5.0,3.6,4.1,7
2023-03-12 14:00:00,2023-03-12 14:30:00,0.75,4.1,4.3999999999999995,14
2023-03-12 16:00:00,2023-03-13 07:00:00,15.25,1.7,2.6639344262295084,16
2023-03-13 13:30:00,2023-03-13 16:30:00,3.25,3.4,3.5615384615384613,13
2023-03-13 18:00:00,2023-03-13 19:15:00,1.5,2.8,2.9499999999999997,18
2023-03-14 00:00:00,2023-03-14 00:15:00,0.5,5.0,5.15,0
2023-03-14 02:30:00,2023-03-14 03:00:00,0.75,3.0,5.033333333333334,2
2023-03-14 17:30:00,2023-03-14 20:15:00,3.0,4.5,4.741666666666667,17
2023-03-15 00:45:00,2023-03-15 01:30:00,1.0,4.2,4.7,0
2023-03-15 14:30:00,2023-03-15 16:15:00,2.0,4.7,5.175,14
2023-03-15 18:30:00,2023-03-16 01:45:00,7.5,4.3,5.083333333333333,18
2023-03-16 03:15:00,2023-03-16 05:45:00,2.75,4.7,5.036363636363637,3
2023-03-16 20:30:00,2023-03-17 06:15:00,10.0,5.4,6.907499999999999,20
2023-03-17 08:00:00,2023-03-17 09:15:00,1.5,6.2,6.633333333333333,8
2023-03-18 13:30:00,2023-03-18 13:45:00,0.5,3.9,4.0,13
2023-03-18 20:45:00,2023-03-18 21:45:00,1.25,2.7,2.88,20
2023-03-18 23:15:00,2023-03-19 03:45:00,4.75,3.3,3.742105263157895,23
2023-03-19 06:30:00,2023-03-19 08:30:00,2.25,4.0,4.566666666666666,6
2023-03-19 12:45:00,2023-03-19 14:15:00,1.75,5.2,5.6,12
2023-03-19 17:30:00,2023-03-19 19:00:00,1.75,5.2,5.471428571428571,17
2023-03-19 20:30:00,2023-03-19 21:00:00,0.75,5.2,5.6000000000000005,20
2023-03-19 22:30:00,2023-03-20 04:00:00,5.75,5.0,5.6130434782608685,22
2023-03-20 06:00:00,2023-03-20 08:45:00,3.0,4.9,5.516666666666667,6
2023-03-20 12:15:00,2023-03-20 21:45:00,9.75,5.6,6.705128205128205,12
2023-03-20 23:15:00,2023-03-21 02:45:00,3.75,6.7,7.066666666666667,23
2023-03-21 04:30:00,2023-03-21 08:00:00,3.75,5.5,6.286666666666666,4
2023-03-22 03:00:00,2023-03-22 03:15:00,0.5,7.6,8.05,3
2023-03-22 04:45:00,2023-03-22 09:30:00,5.0,7.3,8.175,4
2023-03-22 12:15:00,2023-03-22 12:45:00,0.75,8.4,8.466666666666667,12
2023-03-22 14:45:00,2023-03-22 23:00:00,8.5,6.8,7.56764705882353,14
2023-03-23 01:30:00,2023-03-23 01:45:00,0.5,7.9,8.0,1
2023-03-23 03:45:00,2023-03-23 04:15:00,0.75,7.6,7.733333333333333,3
2023-03-23 16:00:00,2023-03-23 19:45:00,4.0,6.6,7.05625,16
2023-03-23 23:15:00,2023-03-24 03:15:00,4.25,5.9,6.61764705882353,23
2023-03-24 05:00:00,2023-03-24 06:15:00,1.5,6.2,6.3,5
2023-03-24 15:00:00,2023-03-24 18:15:00,3.5,5.5,5.792857142857143,15
2023-03-24 21:15:00,2023-03-24 21:30:00,0.5,6.5,6.6,21
2023-03-24 23:00:00,2023-03-25 00:45:00,2.0,5.8,5.987500000000001,23
2023-03-25 02:45:00,2023-03-25 06:15:00,3.75,5.3,5.926666666666666,2
2023-03-25 08:45:00,2023-03-25 09:15:00,0.75,5.6,5.7,8
2023-03-25 10:45:00,2023-03-25 11:15:00,0.75,5.5,5.566666666666666,10
2023-03-25 17:00:00,2023-03-25 17:30:00,0.75,5.9,6.0,17
2023-03-25 19:15:00,2023-03-25 23:15:00,4.25,5.3,5.841176470588235,19
2023-03-26 01:45:00,2023-03-26 06:45:00,5.25,5.5,5.714285714285714,1
2023-03-26 19:15:00,2023-03-26 22:15:00,3.25,4.9,5.123076923076923,19
2023-03-27 05:15:00,2023-03-27 07:30:00,2.5,4.5,4.82,5
2023-03-27 11:15:00,2023-03-27 12:00:00,1.0,4.2,4.425,11
2023-03-27 16:00:00,2023-03-27 17:45:00,2.0,3.9,4.2625,16
2023-03-28 13:30:00,2023-03-28 14:45:00,1.5,3.2,3.3666666666666667,13
2023-03-28 20:30:00,2023-03-28 23:00:00,2.75,3.6,4.609090909090909,20
2023-03-29 05:00:00,2023-03-29 06:00:00,1.25,2.6,2.7199999999999998,5
2023-03-29 19:45:00,2023-03-29 21:45:00,2.25,2.3,2.7111111111111112,19
2023-03-29 23:15:00,2023-03-29 23:30:00,0.5,2.4,2.5,23
2023-03-30 01:00:00,2023-03-30 06:45:00,6.0,2.1,2.4,1
2023-03-30 18:45:00,2023-03-30 19:30:00,1.0,2.1,2.225,18
2023-03-31 01:30:00,2023-03-31 02:45:00,1.5,2.8,4.933333333333333,1
2023-03-31 04:15:00,2023-03-31 05:45:00,1.75,2.1,2.6999999999999997,4
2023-03-31 07:15:00,2023-03-31 09:15:00,2.25,2.0,2.2222222222222223,7
2023-03-31 13:15:00,2023-03-31 15:00:00,2.0,1.8,3.1875,13
2023-04-01 06:00:00,2023-04-01 08:15:00,2.5,1.2,1.48,6
2023-04-01 15:45:00,2023-04-01 17:30:00,2.0,1.1,1.2125000000000001,15
2023-04-01 23:15:00,2023-04-02 06:45:00,7.75,1.1,1.8967741935483868,23
2023-04-02 09:30:00,2023-04-02 09:45:00,0.5,2.9,3.0999999999999996,9
2023-04-02 11:15:00,2023-04-02 12:30:00,1.5,2.8,3.4500000000000006,11
2023-04-02 14:00:00,2023-04-02 14:15:00,0.5,2.8,3.0,14
2023-04-02 16:00:00,2023-04-02 17:45:00,2.0,2.1,2.4749999999999996,16
2023-04-02 21:45:00,2023-04-03 00:45:00,3.25,1.9,2.3153846153846156,21
2023-04-03 09:15:00,2023-04-03 09:30:00,0.5,1.1,1.2000000000000002,9
2023-04-03 14:45:00,2023-04-03 17:30:00,3.0,1.2,1.6249999999999998,14
2023-04-03 19:30:00,2023-04-03 19:45:00,0.5,1.5,1.6,19
2023-04-04 05:15:00,2023-04-04 05:30:00,0.5,1.8,1.9,5
2023-04-04 07:00:00,2023-04-04 08:30:00,1.75,2.0,2.2714285714285714,7
2023-04-04 10:30:00,2023-04-04 11:15:00,1.0,2.7,2.95,10
2023-04-04 15:45:00,2023-04-04 18:30:00,3.0,1.8,3.608333333333333,15
2023-04-05 04:15:00,2023-04-05 08:00:00,4.0,2.9,3.4312500000000004,4
2023-04-05 12:00:00,2023-04-05 19:00:00,7.25,2.1,2.6379310344827585,12
2023-04-05 23:00:00,2023-04-06 00:00:00,1.25,2.6,2.7199999999999998,23
2023-04-06 05:30:00,2023-04-06 05:45:00,0.5,2.0,2.2,5
2023-04-06 16:30:00,2023-04-06 19:00:00,2.75,1.4,1.7,16
2023-04-07 00:15:00,2023-04-07 00:30:00,0.5,1.5,1.6,0
2023-04-08 23:45:00,2023-04-09 00:30:00,1.0,1.0,1.15,23
2023-04-10 13:45:00,2023-04-10 14:30:00,1.0,2.0,2.375,13
2023-04-10 21:45:00,2023-04-11 02:30:00,5.0,0.8,1.35,21
2023-04-11 04:15:00,2023-04-11 04:45:00,0.75,1.6,1.7,4
2023-04-11 07:00:00,2023-04-11 08:30:00,1.75,1.5,1.8142857142857145,7
2023-04-11 10:30:00,2023-04-11 19:45:00,9.5,1.5,2.8026315789473686,10
2023-04-11 21:30:00,2023-04-11 22:45:00,1.5,1.2,1.3499999999999999,21
2023-04-12 10:30:00,2023-04-12 20:00:00,9.75,2.1,3.7282051282051283,10
2023-04-12 22:00:00,2023-04-13 00:00:00,2.25,1.7,1.911111111111111,22
2023-04-13 03:30:00,2023-04-13 05:15:00,2.0,1.6,4.8125,3
2023-04-13 09:15:00,2023-04-13 10:00:00,1.0,6.3,6.5249999999999995,9
2023-04-13 16:00:00,2023-04-13 16:15:00,0.5,6.7,6.9,16
2023-04-15 11:00:00,2023-04-15 12:30:00,1.75,4.6,5.185714285714285,11
2023-04-16 00:15:00,2023-04-16 01:00:00,1.0,5.6,5.775,0
2023-04-18 18:45:00,2023-04-18 22:30:00,4.0,4.7,5.050000000000001,18
2023-04-19 19:30:00,2023-04-19 20:15:00,1.0,3.5,4.775,19
2023-04-20 15:00:00,2023-04-20 15:30:00,0.75,3.4,3.533333333333333,15
2023-04-20 21:30:00,2023-04-21 00:00:00,2.75,2.5,4.236363636363637,21
2023-04-21 17:45:00,2023-04-21 20:45:00,3.25,1.9,2.323076923076923,17
2023-04-22 21:45:00,2023-04-23 00:30:00,3.0,4.1,4.366666666666667,21
2023-04-23 03:30:00,2023-04-23 05:15:00,2.0,4.2,4.3125,3
2023-04-23 08:30:00,2023-04-23 10:30:00,2.25,4.1,4.2444444444444445,8
2023-04-24 02:00:00,2023-04-24 02:30:00,0.75,3.2,3.266666666666667,2
2023-04-24 15:45:00,2023-04-24 17:00:00,1.5,3.5,3.6833333333333336,15
2023-04-24 18:45:00,2023-04-25 02:15:00,7.75,2.3,2.9225806451612897,18
2023-04-25 05:45:00,2023-04-25 07:00:00,1.5,3.1,3.4999999999999996,5
2023-04-25 13:30:00,2023-04-25 15:00:00,1.75,4.5,4.728571428571428,13
2023-04-25 17:15:00,2023-04-25 17:30:00,0.5,3.8,3.9,17
2023-04-26 13:45:00,2023-04-26 23:45:00,10.25,2.2,3.3097560975609754,13
2023-04-27 02:00:00,2023-04-27 02:45:00,1.0,2.1,2.45,2
2023-04-27 04:30:00,2023-04-27 18:15:00,14.0,1.7,3.119642857142857,4
2023-04-27 19:45:00,2023-04-27 20:45:00,1.25,2.7,2.9799999999999995,19
2023-04-27 22:15:00,2023-04-27 23:45:00,1.75,2.3,2.6857142857142855,22
2023-04-28 03:30:00,2023-04-28 04:30:00,1.25,2.4,2.58,3
2023-04-28 06:00:00,2023-04-28 06:45:00,1.0,2.3,2.5,6
2023-04-28 08:15:00,2023-04-28 08:45:00,0.75,2.6,2.8000000000000003,8
2023-04-28 17:00:00,2023-04-28 19:15:00,2.5,2.7,3.0100000000000002,17
2023-04-28 21:00:00,2023-04-29 00:45:00,4.0,1.8,2.3875,21
2023-04-29 02:15:00,2023-04-29 03:15:00,1.25,1.8,1.86,2
2023-04-29 05:15:00,2023-04-29 07:00:00,2.0,1.6,1.8875,5
2023-04-29 15:30:00,2023-04-29 18:00:00,2.75,1.5,1.8181818181818181,15
2023-04-29 20:15:00,2023-04-29 20:30:00,0.5,1.8,1.9,20
2023-04-30 11:45:00,2023-04-30 13:45:00,2.25,2.0,2.3333333333333335,11
2023-04-30 21:15:00,2023-04-30 21:45:00,0.75,2.3,2.4666666666666663,21
2023-05-01 07:45:00,2023-05-01 09:00:00,1.5,3.5,3.733333333333333,7
2023-05-01 13:00:00,2023-05-01 21:15:00,8.5,2.6,3.820588235294118,13
2023-05-01 22:45:00,2023-05-02 00:30:00,2.0,2.6,3.0999999999999996,22
2023-05-02 02:00:00,2023-05-02 04:30:00,2.75,2.9,3.263636363636364,2
2023-05-02 15:00:00,2023-05-02 16:30:00,1.75,4.0,4.157142857142857,15
2023-05-02 19:15:00,2023-05-02 21:00:00,2.0,3.2,3.525,19
2023-05-03 01:15:00,2023-05-03 02:00:00,1.0,3.5,3.6999999999999997,1
2023-05-03 15:00:00,2023-05-03 20:45:00,6.0,3.6,4.579166666666667,15
2023-05-03 22:15:00,2023-05-04 02:15:00,4.25,3.8,4.2705882352941185,22
2023-05-08 12:45:00,2023-05-08 14:00:00,1.5,1.7,1.933333333333333,12
2023-05-08 15:45:00,2023-05-08 20:45:00,5.25,1.4,3.9666666666666663,15
2023-05-09 02:00:00,2023-05-09 02:15:00,0.5,1.6,1.85,2
2023-05-09 11:15:00,2023-05-09 15:45:00,4.75,2.5,3.0157894736842104,11
2023-05-09 18:30:00,2023-05-09 20:00:00,1.75,2.2,2.3857142857142857,18
2023-05-10 00:15:00,2023-05-10 00:45:00,0.75,2.0,2.1999999999999997,0
2023-05-10 13:30:00,2023-05-10 16:30:00,3.25,2.0,2.246153846153846,13
2023-05-11 00:00:00,2023-05-11 01:30:00,1.75,1.6,2.4,0
2023-05-11 11:45:00,2023-05-11 12:45:00,1.25,1.6,1.78,11
2023-05-11 14:45:00,2023-05-11 16:00:00,1.5,1.5,1.6666666666666667,14
2023-05-11 23:30:00,2023-05-12 02:15:00,3.0,1.0,2.608333333333333,23
2023-05-12 11:00:00,2023-05-12 11:45:00,1.0,1.4,1.475,11
2023-05-12 15:30:00,2023-05-12 17:45:00,2.5,1.0,1.3699999999999999,15
2023-05-12 23:45:00,2023-05-13 02:30:00,3.0,0.9,1.3333333333333333,23
2023-05-13 08:00:00,2023-05-13 08:15:00,0.5,1.8,1.9,8
2023-05-13 09:45:00,2023-05-13 12:15:00,2.75,1.6,1.9545454545454546,9
2023-05-13 16:15:00,2023-05-13 17:15:00,1.25,2.0,2.2399999999999998,16
2023-05-14 04:15:00,2023-05-14 05:15:00,1.25,1.9,2.1399999999999997,4
2023-05-14 17:30:00,2023-05-14 18:30:00,1.25,1.3,1.4,17
2023-05-14 23:15:00,2023-05-14 23:45:00,0.75,1.2,1.3,23
2023-05-15 18:00:00,2023-05-15 19:00:00,1.25,0.9,0.9800000000000001,18
2023-05-16 01:00:00,2023-05-16 02:30:00,1.75,0.6,0.7285714285714285,1
2023-05-16 07:45:00,2023-05-16 10:45:00,3.25,0.9,1.2923076923076922,7
2023-05-16 16:45:00,2023-05-16 18:15:00,1.75,1.1,1.5285714285714285,16
2023-05-16 22:45:00,2023-05-17 00:45:00,2.25,0.9,1.1111111111111114,22
2023-05-17 02:15:00,2023-05-17 02:45:00,0.75,1.1,1.2333333333333334,2
2023-05-17 08:15:00,2023-05-17 09:15:00,1.25,0.9,1.08,8
2023-05-18 01:15:00,2023-05-18 02:00:00,1.0,0.7,0.825,1
2023-05-18 10:00:00,2023-05-18 11:00:00,1.25,0.6,0.72,10
2023-05-18 21:00:00,2023-05-18 22:00:00,1.25,1.1,2.7800000000000002,21
2023-05-18 23:30:00,2023-05-19 00:45:00,1.5,0.8,1.0,23
2023-05-19 11:15:00,2023-05-19 11:45:00,0.75,0.9,1.0333333333333334,11
2023-05-19 15:45:00,2023-05-19 16:45:00,1.25,3.4,4.220000000000001,15
2023-05-19 20:45:00,2023-05-19 23:15:00,2.75,0.5,1.481818181818182,20
2023-05-20 11:15:00,2023-05-20 13:00:00,2.0,0.9,1.25,11
2023-05-21 06:45:00,2023-05-21 07:00:00,0.5,1.6,2.4000000000000004,6
2023-05-31 10:45:00,2023-05-31 11:15:00,0.75,1.0,1.3,10
2023-05-31 15:00:00,2023-06-01 05:45:00,15.0,0.7,1.45,15
2023-06-01 07:30:00,2023-06-01 20:00:00,12.75,1.1,2.572549019607843,7
2023-06-01 22:30:00,2023-06-02 01:15:00,3.0,3.6,4.066666666666666,22
2023-06-02 04:45:00,2023-06-02 06:00:00,1.5,3.4,3.7499999999999996,4
2023-06-02 08:00:00,2023-06-02 09:00:00,1.25,3.2,3.3200000000000003,8
2023-06-02 11:30:00,2023-06-02 12:15:00,1.0,4.1,4.175,11
2023-06-02 14:00:00,2023-06-02 17:30:00,3.75,3.4,3.8200000000000003,14
2023-06-02 19:45:00,2023-06-02 20:45:00,1.25,2.8,3.0599999999999996,19
2023-06-03 00:15:00,2023-06-03 03:15:00,3.25,2.3,2.6846153846153844,0
2023-06-03 05:15:00,2023-06-03 08:30:00,3.5,2.8,3.3928571428571423,5
2023-06-03 13:00:00,2023-06-03 15:45:00,3.0,3.1,3.4583333333333335,13
2023-06-04 09:45:00,2023-06-04 19:45:00,10.25,2.3,3.180487804878049,9
2023-06-04 23:00:00,2023-06-05 01:00:00,2.25,2.1,2.311111111111112,23
2023-06-05 04:15:00,2023-06-05 05:00:00,1.0,2.0,2.1,4
2023-06-05 06:45:00,2023-06-05 07:30:00,1.0,1.6,2.05,6
2023-06-05 09:00:00,2023-06-05 09:45:00,1.0,2.7,2.825,9
2023-06-05 11:15:00,2023-06-05 22:45:00,11.75,1.9,3.106382978723405,11
2023-06-06 02:15:00,2023-06-06 03:45:00,1.75,1.9,2.0285714285714285,2
2023-06-06 09:45:00,2023-06-06 10:30:00,1.0,2.6,2.9250000000000003,9
2023-06-06 12:15:00,2023-06-06 12:45:00,0.75,2.5,2.8333333333333335,12
2023-06-06 14:15:00,2023-06-06 14:45:00,0.75,3.2,3.4,14
2023-06-06 17:00:00,2023-06-06 21:00:00,4.25,2.3,2.770588235294117,17
2023-06-06 22:30:00,2023-06-06 23:15:00,1.0,1.6,1.75,22
2023-06-07 16:00:00,2023-06-07 17:15:00,1.5,3.5,3.733333333333333,16
2023-06-07 19:30:00,2023-06-07 23:15:00,4.0,2.5,2.9125,19
2023-06-08 01:15:00,2023-06-08 02:15:00,1.25,2.4,2.5,1
2023-06-08 06:45:00,2023-06-08 09:00:00,2.5,2.6,2.7,6
2023-06-08 10:45:00,2023-06-08 11:15:00,0.75,2.4,2.766666666666667,10
2023-06-08 15:00:00,2023-06-08 20:45:00,6.0,2.1,3.1125000000000003,15
2023-06-08 22:15:00,2023-06-09 02:15:00,4.25,1.5,1.9352941176470588,22
2023-06-09 05:30:00,2023-06-09 09:00:00,3.75,1.4,1.6266666666666667,5
2023-06-09 14:30:00,2023-06-10 02:00:00,11.75,1.0,2.127659574468085,14
2023-06-10 05:45:00,2023-06-10 08:00:00,2.5,1.3,1.53,5
2023-06-10 12:00:00,2023-06-10 19:30:00,7.75,2.2,2.9419354838709677,12
2023-06-10 21:45:00,2023-06-11 10:30:00,13.0,1.0,2.592307692307692,21
2023-06-11 12:15:00,2023-06-11 13:00:00,1.0,1.9,2.025,12
2023-06-11 16:30:00,2023-06-12 05:30:00,13.25,0.9,2.0679245283018868,16
2023-06-12 07:15:00,2023-06-12 07:30:00,0.5,1.1,1.2000000000000002,7
2023-06-12 16:30:00,2023-06-13 04:45:00,12.5,1.8,2.898,16
2023-06-13 06:15:00,2023-06-13 09:00:00,3.0,1.7,1.9416666666666662,6
2023-06-13 12:15:00,2023-06-13 17:45:00,5.75,1.4,2.0956521739130434,12
2023-06-13 19:30:00,2023-06-14 01:00:00,5.75,0.7,1.191304347826087,19
2023-06-14 05:15:00,2023-06-14 06:00:00,1.0,1.5,1.8,5
2023-06-14 09:00:00,2023-06-14 09:15:00,0.5,0.9,1.15,9
2023-06-14 12:15:00,2023-06-14 16:30:00,4.5,0.9,1.1722222222222218,12
2023-06-14 18:30:00,2023-06-14 19:30:00,1.25,0.8,0.96,18
2023-06-14 22:15:00,2023-06-14 22:45:00,0.75,0.9,1.0,22
2023-06-15 01:00:00,2023-06-15 01:30:00,0.75,0.6,1.0000000000000002,1
2023-06-15 03:00:00,2023-06-15 12:00:00,9.25,1.0,3.208108108108108,3
2023-06-15 13:30:00,2023-06-15 14:15:00,1.0,1.8,1.9749999999999999,13
2023-06-15 15:45:00,2023-06-15 17:30:00,2.0,1.2,1.4625,15
2023-06-15 22:15:00,2023-06-16 00:15:00,2.25,1.2,1.5555555555555554,22
2023-06-16 02:15:00,2023-06-16 05:30:00,3.5,2.3,2.9,2
2023-06-16 10:00:00,2023-06-16 10:30:00,0.75,2.6,2.8666666666666667,10
2023-06-16 12:45:00,2023-06-16 16:15:00,3.75,1.9,2.3266666666666667,12
2023-06-16 18:00:00,2023-06-16 19:45:00,2.0,1.3,1.675,18
2023-06-17 02:15:00,2023-06-17 02:45:00,0.75,1.4,1.5666666666666664,2
2023-06-17 06:45:00,2023-06-17 08:45:00,2.25,2.3,2.8666666666666667,6
2023-06-17 10:15:00,2023-06-17 12:00:00,2.0,2.1,2.4625000000000004,10
2023-06-17 14:15:00,2023-06-17 15:15:00,1.25,1.8,2.18,14
2023-06-17 18:30:00,2023-06-17 22:45:00,4.5,1.8,2.1555555555555554,18
2023-06-18 02:00:00,2023-06-18 05:00:00,3.25,2.3,2.5923076923076924,2
2023-06-18 06:45:00,2023-06-18 09:15:00,2.75,2.1,2.627272727272727,6
2023-06-18 11:00:00,2023-06-18 17:45:00,7.0,1.3,1.6821428571428572,11
2023-06-18 20:45:00,2023-06-18 23:30:00,3.0,1.1,1.7333333333333334,20
2023-06-19 01:00:00,2023-06-19 01:15:00,0.5,1.4,1.7,1
2023-06-19 06:45:00,2023-06-19 07:30:00,1.0,1.0,1.45,6
2023-06-19 09:00:00,2023-06-19 09:15:00,0.5,1.2,1.4,9
2023-06-19 13:30:00,2023-06-19 14:30:00,1.25,4.8,5.5,13
2023-06-25 05:45:00,2023-06-25 06:15:00,0.75,1.9,2.966666666666667,5
2023-06-25 15:30:00,2023-06-25 17:45:00,2.5,1.5,2.2499999999999996,15
2023-06-26 02:45:00,2023-06-26 05:00:00,2.5,1.1,3.3899999999999997,2
2023-06-26 06:30:00,2023-06-26 08:45:00,2.5,3.9,4.130000000000001,6
2023-06-26 15:30:00,2023-06-26 15:45:00,0.5,3.7,3.85,15
2023-06-26 17:15:00,2023-06-26 19:45:00,2.75,4.0,4.227272727272727,17
2023-06-26 21:15:00,2023-06-27 00:00:00,3.0,1.8,2.858333333333333,21
2023-06-27 06:15:00,2023-06-27 07:30:00,1.5,1.4,1.6500000000000001,6
2023-06-27 15:00:00,2023-06-27 15:15:00,0.5,2.0,2.15,15
2023-06-27 16:45:00,2023-06-27 18:15:00,1.75,1.7,2.0285714285714285,16
2023-06-27 22:00:00,2023-06-27 22:15:00,0.5,2.0,2.15,22
2023-06-28 13:30:00,2023-06-28 14:30:00,1.25,2.4,2.5200000000000005,13
2023-06-29 00:30:00,2023-06-29 01:45:00,1.5,1.9,2.033333333333333,0
2023-06-30 18:15:00,2023-06-30 20:45:00,2.75,0.4,0.6909090909090909,18
2023-07-02 02:00:00,2023-07-02 04:30:00,2.75,0.2,0.4727272727272727,2
2023-07-02 08:45:00,2023-07-02 17:45:00,9.25,0.4,0.6729729729729729,8
2023-07-02 19:15:00,2023-07-02 20:00:00,1.0,0.2,0.375,19
2023-07-03 04:30:00,2023-07-03 06:45:00,2.5,0.3,0.6599999999999999,4
2023-07-03 08:15:00,2023-07-03 13:45:00,5.75,1.0,1.473913043478261,8
2023-07-03 20:15:00,2023-07-03 23:15:00,3.25,0.2,0.6923076923076923,20
2023-07-04 00:45:00,2023-07-04 02:45:00,2.25,0.2,0.33333333333333337,0
2023-07-04 04:30:00,2023-07-04 08:30:00,4.25,0.6,1.4176470588235295,4
2023-07-04 11:15:00,2023-07-04 15:00:00,4.0,1.5,1.96875,11
2023-07-04 18:00:00,2023-07-04 19:00:00,1.25,0.9,1.08,18
2023-07-05 00:45:00,2023-07-05 04:15:00,3.75,0.5,0.9800000000000001,0
2023-07-05 10:15:00,2023-07-05 14:00:00,4.0,1.2,1.5625,10
2023-07-05 16:30:00,2023-07-05 17:00:00,0.75,0.7,0.8666666666666666,16
2023-07-06 15:15:00,2023-07-06 16:30:00,1.5,0.7,0.9500000000000001,15
2023-07-07 17:15:00,2023-07-07 22:45:00,5.75,0.2,0.6304347826086957,17
2023-07-08 13:15:00,2023-07-08 14:30:00,1.5,1.1,1.3166666666666667,13
2023-07-08 19:00:00,2023-07-08 20:45:00,2.0,1.0,1.1500000000000001,19
2023-07-09 04:30:00,2023-07-09 05:45:00,1.5,0.4,0.45,4
2023-07-09 13:00:00,2023-07-09 19:00:00,6.25,0.4,0.6919999999999998,13
2023-07-10 12:30:00,2023-07-10 16:00:00,3.75,0.7,0.9,12
2023-07-11 10:30:00,2023-07-11 11:00:00,0.75,0.9,0.9666666666666667,10
2023-07-11 22:45:00,2023-07-12 00:00:00,1.5,5.0,5.1499999999999995,22
2023-07-14 05:15:00,2023-07-14 06:00:00,1.0,1.4,2.725,5
2023-07-15 01:30:00,2023-07-15 01:45:00,0.5,1.1,1.2000000000000002,1
2023-07-15 14:00:00,2023-07-15 15:45:00,2.0,1.5,2.8,14
2023-07-15 18:15:00,2023-07-15 19:30:00,1.5,4.2,4.333333333333334,18
2023-07-15 22:45:00,2023-07-15 23:00:00,0.5,1.5,2.1,22
2023-07-16 16:15:00,2023-07-16 18:30:00,2.5,0.7,1.4599999999999997,16
2023-07-16 20:00:00,2023-07-16 23:00:00,3.25,0.6,1.9230769230769231,20
2023-07-20 19:15:00,2023-07-20 21:30:00,2.5,0.5,0.62,19
2023-07-22 14:15:00,2023-07-22 17:30:00,3.5,0.4,0.8285714285714284,14
2023-07-22 19:15:00,2023-07-22 21:30:00,2.5,0.5,0.8200000000000001,19
2023-07-22 23:15:00,2023-07-22 23:30:00,0.5,0.4,0.55,23
2023-07-23 02:00:00,2023-07-23 02:30:00,0.75,0.3,0.43333333333333335,2
2023-07-23 04:15:00,2023-07-23 05:15:00,1.25,0.2,0.48,4
2023-07-23 08:15:00,2023-07-23 08:30:00,0.5,0.2,0.30000000000000004,8
2023-07-23 14:15:00,2023-07-23 17:15:00,3.25,0.2,0.49999999999999994,14
2023-07-24 18:45:00,2023-07-24 21:45:00,3.25,0.2,0.44615384615384623,18
2023-07-25 14:15:00,2023-07-25 15:30:00,1.5,0.3,0.4166666666666667,14
2023-07-25 18:00:00,2023-07-25 20:00:00,2.25,0.4,0.6666666666666666,18
2023-07-25 21:30:00,2023-07-25 22:00:00,0.75,0.2,0.3,21
2023-07-26 13:30:00,2023-07-26 14:30:00,1.25,0.6,1.04,13
2023-07-26 16:00:00,2023-07-26 16:30:00,0.75,1.5,1.6666666666666667,16
2023-07-26 19:45:00,2023-07-27 00:15:00,4.75,0.3,1.1789473684210527,19
2023-07-27 17:45:00,2023-07-28 01:30:00,8.0,0.2,2.35,17
2023-07-28 16:30:00,2023-07-28 17:00:00,0.75,0.9,1.1333333333333333,16
2023-07-28 19:30:00,2023-07-29 00:15:00,5.0,0.2,1.05,19
2023-07-29 15:45:00,2023-07-29 16:15:00,0.75,0.7,0.8333333333333334,15
2023-07-29 18:15:00,2023-07-29 19:30:00,1.5,0.8,1.05,18
2023-07-29 21:15:00,2023-07-29 22:15:00,1.25,1.0,1.3599999999999999,21
2023-07-29 23:45:00,2023-07-30 05:00:00,5.5,0.2,0.809090909090909,23
2023-07-30 11:15:00,2023-07-30 12:45:00,1.75,0.7,0.8857142857142858,11
2023-07-30 19:00:00,2023-07-30 23:30:00,4.75,0.5,2.142105263157895,19
2023-07-31 01:30:00,2023-07-31 06:15:00,5.0,1.4,1.8900000000000001,1
2023-07-31 08:00:00,2023-07-31 15:15:00,7.5,0.3,1.2100000000000002,8
2023-07-31 23:00:00,2023-08-01 00:45:00,2.0,0.5,0.7625000000000001,23
2023-08-01 16:30:00,2023-08-01 17:30:00,1.25,0.5,0.6599999999999999,16
2023-08-03 16:00:00,2023-08-03 17:00:00,1.25,0.4,0.5,16
2023-08-04 17:00:00,2023-08-04 20:15:00,3.5,0.4,0.7214285714285713,17
2023-08-05 12:45:00,2023-08-05 17:30:00,5.0,0.2,0.5000000000000001,12
2023-08-05 21:15:00,2023-08-05 21:30:00,0.5,0.1,0.35,21
2023-08-06 16:15:00,2023-08-06 17:15:00,1.25,0.3,0.58,16
2023-08-06 18:45:00,2023-08-06 20:15:00,1.75,0.2,0.6714285714285715,18
2023-08-06 21:45:00,2023-08-06 23:45:00,2.25,0.1,0.6666666666666666,21
2023-08-07 13:00:00,2023-08-07 16:45:00,4.0,0.6,0.94375,13
2023-08-07 18:15:00,2023-08-07 20:00:00,2.0,0.8,1.2625000000000002,18
2023-08-07 22:30:00,2023-08-08 00:15:00,2.0,0.2,0.8625,22
2023-08-08 14:15:00,2023-08-08 15:15:00,1.25,0.4,0.74,14
2023-08-08 20:45:00,2023-08-08 23:15:00,2.75,0.4,0.6272727272727273,20
2023-08-09 14:30:00,2023-08-09 16:15:00,2.0,1.8,2.725,14
2023-08-09 18:45:00,2023-08-10 00:00:00,5.5,2.8,3.322727272727272,18
2023-08-10 02:15:00,2023-08-10 11:45:00,9.75,1.6,2.448717948717949,2
2023-08-10 15:30:00,2023-08-10 18:00:00,2.75,3.6,4.118181818181818,15
2023-08-10 19:30:00,2023-08-10 23:45:00,4.5,2.5,3.5944444444444437,19
2023-08-11 01:15:00,2023-08-11 05:15:00,4.25,0.2,1.6588235294117646,1
2023-08-11 14:45:00,2023-08-11 17:30:00,3.0,2.8,3.108333333333334,14
2023-08-11 19:15:00,2023-08-12 03:30:00,8.5,0.4,1.5676470588235296,19
2023-08-12 13:15:00,2023-08-12 15:30:00,2.5,1.7,2.0599999999999996,13
2023-08-12 17:30:00,2023-08-13 04:30:00,11.25,0.8,2.091111111111111,17
2023-08-13 15:30:00,2023-08-14 01:30:00,10.25,1.0,2.8317073170731706,15
2023-08-14 03:30:00,2023-08-14 05:30:00,2.25,0.6,1.088888888888889,3
2023-08-14 07:15:00,2023-08-14 09:45:00,2.75,0.1,0.31818181818181823,7
2023-08-14 13:30:00,2023-08-14 17:30:00,4.25,0.9,2.664705882352941,13
2023-08-14 20:00:00,2023-08-15 10:45:00,15.0,1.1,2.886666666666667,20
2023-08-15 12:45:00,2023-08-15 13:15:00,0.75,1.3,1.3666666666666665,12
2023-08-15 14:45:00,2023-08-15 23:15:00,8.75,1.2,2.9828571428571427,14
2023-08-16 01:00:00,2023-08-16 03:30:00,2.75,2.7,3.0090909090909093,1
2023-08-16 05:15:00,2023-08-16 07:45:00,2.75,2.1,2.5727272727272728,5
2023-08-16 09:30:00,2023-08-16 09:45:00,0.5,3.3,3.55,9
2023-08-16 11:15:00,2023-08-16 23:30:00,12.5,1.6,3.488,11
2023-08-17 01:00:00,2023-08-17 12:00:00,11.25,1.2,2.5644444444444447,1
2023-08-17 14:00:00,2023-08-17 15:45:00,2.0,2.5,3.0625,14
2023-08-17 17:15:00,2023-08-17 21:30:00,4.5,2.7,4.083333333333332,17
2023-08-17 23:15:00,2023-08-18 01:15:00,2.25,1.9,3.288888888888889,23
2023-08-18 02:45:00,2023-08-18 08:15:00,5.75,2.0,2.78695652173913,2
2023-08-18 09:45:00,2023-08-19 05:45:00,20.25,0.6,2.222222222222222,9
2023-08-19 08:00:00,2023-08-19 10:15:00,2.5,0.2,0.45999999999999996,8
2023-08-19 13:15:00,2023-08-19 16:15:00,3.25,1.3,2.4153846153846152,13
2023-08-19 17:45:00,2023-08-19 22:30:00,5.0,1.4,2.9350000000000005,17
2023-08-20 00:00:00,2023-08-20 01:30:00,1.75,0.8,1.457142857142857,0
2023-08-20 03:00:00,2023-08-21 12:00:00,33.25,0.6,2.4721804511278194,3
2023-08-21 13:45:00,2023-08-21 15:00:00,1.5,4.1,4.8,13
2023-08-21 16:45:00,2023-08-21 21:30:00,5.0,4.3,5.115,16
2023-08-22 01:00:00,2023-08-22 10:45:00,10.0,2.2,2.7325,1
2023-08-22 12:15:00,2023-08-22 13:45:00,1.75,2.4,3.042857142857143,12
2023-08-22 15:15:00,2023-08-22 17:30:00,2.5,3.0,3.2,15
2023-08-22 19:00:00,2023-08-23 03:30:00,8.75,0.4,2.351428571428572,19
2023-08-23 10:15:00,2023-08-23 13:30:00,3.5,0.8,1.4499999999999997,10
2023-08-23 15:00:00,2023-08-24 00:00:00,9.25,1.5,3.527027027027027,15
2023-08-24 01:30:00,2023-08-24 04:30:00,3.25,0.4,1.0076923076923079,1
2023-08-24 06:15:00,2023-08-24 09:00:00,3.0,0.2,0.4166666666666667,6
2023-08-24 11:15:00,2023-08-25 09:15:00,22.25,0.8,3.3292134831460682,11
2023-08-25 11:15:00,2023-08-26 09:45:00,22.75,0.7,2.8835164835164835,11
2023-08-26 11:15:00,2023-08-27 03:45:00,16.75,1.0,1.87910447761194,11
2023-08-27 06:00:00,2023-08-28 01:45:00,20.0,1.8,3.1100000000000003,6
2023-08-28 05:30:00,2023-08-28 06:45:00,1.5,3.2,3.3333333333333335,5
2023-08-28 08:15:00,2023-08-28 09:15:00,1.25,3.1,3.5599999999999996,8
2023-08-28 11:30:00,2023-08-28 12:30:00,1.25,3.1,3.3800000000000003,11
2023-08-28 14:00:00,2023-08-28 22:30:00,8.75,2.5,3.742857142857143,14
2023-08-29 00:00:00,2023-08-29 02:30:00,2.75,3.1,3.3636363636363638,0
2023-08-29 06:30:00,2023-08-29 07:00:00,0.75,2.9,3.1333333333333333,6
2023-08-29 08:30:00,2023-08-30 01:15:00,17.0,2.0,3.2338235294117648,8
2023-08-30 03:30:00,2023-08-30 04:00:00,0.75,3.1,3.233333333333333,3
2023-08-30 15:30:00,2023-08-30 22:30:00,7.25,3.1,3.6482758620689655,15
2023-08-31 00:30:00,2023-08-31 01:30:00,1.25,2.8,2.96,0
2023-08-31 06:45:00,2023-08-31 07:00:00,0.5,2.3,2.4,6
2023-08-31 08:45:00,2023-08-31 09:30:00,1.0,2.6,2.6750000000000003,8
2023-08-31 14:00:00,2023-09-01 12:15:00,22.5,1.9,3.4222222222222216,14
2023-09-01 13:45:00,2023-09-01 20:30:00,7.0,3.3,5.007142857142857,13
2023-09-01 22:00:00,2023-09-01 23:15:00,1.5,4.7,4.883333333333334,22
2023-09-02 03:00:00,2023-09-02 04:45:00,2.0,3.9,4.225,3
2023-09-02 06:15:00,2023-09-02 08:15:00,2.25,3.4,3.711111111111111,6
2023-09-02 11:00:00,2023-09-02 21:30:00,10.75,3.1,4.111627906976744,11
2023-09-03 00:00:00,2023-09-03 05:30:00,5.75,2.5,3.1304347826086962,0
2023-09-03 07:00:00,2023-09-03 07:15:00,0.5,2.1,2.25,7
2023-09-03 09:00:00,2023-09-04 04:45:00,20.0,2.5,4.3575,9
2023-09-04 09:00:00,2023-09-04 10:30:00,1.75,5.5,5.757142857142857,9
2023-09-04 14:00:00,2023-09-04 14:30:00,0.75,7.8,7.933333333333333,14
2023-09-04 16:00:00,2023-09-05 01:15:00,9.5,4.4,6.181578947368421,16
2023-09-05 02:45:00,2023-09-05 10:30:00,8.0,3.1,3.978125,2
2023-09-05 15:15:00,2023-09-06 02:00:00,11.0,3.8,4.915909090909091,15
2023-09-06 03:30:00,2023-09-06 07:45:00,4.5,2.2,3.338888888888889,3
2023-09-06 09:15:00,2023-09-06 12:00:00,3.0,2.2,2.691666666666667,9
2023-09-06 13:30:00,2023-09-06 22:45:00,9.5,3.1,4.923684210526315,13
2023-09-07 00:30:00,2023-09-07 08:00:00,7.75,2.1,3.490322580645161,0
2023-09-07 09:30:00,2023-09-07 12:15:00,3.0,1.3,1.7666666666666666,9
2023-09-07 14:45:00,2023-09-07 22:45:00,8.25,2.6,4.136363636363637,14
2023-09-15 15:30:00,2023-09-15 16:15:00,1.0,2.4,2.525,15
2023-09-15 17:45:00,2023-09-15 20:00:00,2.5,2.1,2.2600000000000002,17
2023-09-15 22:00:00,2023-09-15 23:15:00,1.5,1.7,1.8499999999999999,22
2023-09-16 05:00:00,2023-09-16 06:30:00,1.75,1.0,1.2285714285714282,5
2023-09-16 10:15:00,2023-09-17 07:30:00,21.5,0.5,2.063953488372093,10
2023-09-17 09:00:00,2023-09-17 13:30:00,4.75,0.9,1.6684210526315788,9
2023-09-17 16:15:00,2023-09-17 17:00:00,1.0,2.1,2.225,16
2023-09-17 18:45:00,2023-09-17 21:00:00,2.5,1.7,2.0599999999999996,18
2023-09-17 22:30:00,2023-09-18 03:45:00,5.5,1.6,2.5636363636363635,22
2023-09-18 05:15:00,2023-09-18 05:30:00,0.5,2.3,2.4,5
2023-09-18 09:30:00,2023-09-18 10:15:00,1.0,2.7,2.9000000000000004,9
2023-09-18 11:45:00,2023-09-18 13:00:00,1.5,2.6,3.016666666666667,11
2023-09-18 14:30:00,2023-09-18 16:30:00,2.25,3.6,4.0777777777777775,14
2023-09-18 18:00:00,2023-09-19 06:00:00,12.25,2.2,3.6020408163265314,18
2023-09-19 11:15:00,2023-09-19 22:45:00,11.75,4.4,5.685106382978723,11
2023-09-20 00:30:00,2023-09-20 02:30:00,2.25,4.5,5.144444444444444,0
2023-09-20 04:00:00,2023-09-20 08:15:00,4.5,3.5,4.199999999999999,4
2023-09-20 09:45:00,2023-09-20 23:45:00,14.25,2.4,3.801754385964912,9
2023-09-21 01:45:00,2023-09-21 03:15:00,1.75,3.2,3.871428571428571,1
2023-09-21 07:00:00,2023-09-21 08:45:00,2.0,3.3,3.5,7
2023-09-21 12:45:00,2023-09-22 01:15:00,12.75,4.0,4.627450980392156,12
2023-09-22 02:45:00,2023-09-22 03:30:00,1.0,3.5,3.675,2
2023-09-22 05:15:00,2023-09-22 11:15:00,6.25,2.5,3.0520000000000005,5
2023-09-22 12:45:00,2023-09-22 21:45:00,9.25,2.4,3.9378378378378383,12
2023-09-22 23:30:00,2023-09-23 04:00:00,4.75,2.6,3.3105263157894735,23
2023-09-23 06:00:00,2023-09-23 09:15:00,3.5,1.5,2.3357142857142854,6
2023-09-23 13:45:00,2023-09-23 22:00:00,8.5,3.2,4.173529411764705,13
2023-09-24 00:30:00,2023-09-24 08:15:00,8.0,2.1,3.303125,0
2023-09-24 12:15:00,2023-09-25 06:45:00,18.75,3.2,4.254666666666666,12
2023-09-25 14:45:00,2023-09-26 05:00:00,14.5,2.5,3.7310344827586204,14
2023-09-26 08:00:00,2023-09-26 09:15:00,1.5,3.0,3.4000000000000004,8
2023-09-26 13:30:00,2023-09-26 16:00:00,2.75,3.5,3.809090909090909,13
2023-09-26 17:45:00,2023-09-26 18:45:00,1.25,3.6,3.7600000000000002,17
2023-09-26 21:30:00,2023-09-26 22:00:00,0.75,3.3,3.4666666666666663,21
2023-09-27 03:45:00,2023-09-27 06:00:00,2.5,3.0,3.25,3
2023-09-27 09:15:00,2023-09-27 13:45:00,4.75,2.8,3.1368421052631574,9
2023-09-27 15:15:00,2023-09-27 16:15:00,1.25,2.7,2.86,15
2023-09-28 08:00:00,2023-09-28 08:30:00,0.75,2.7,2.766666666666667,8
2023-09-28 10:30:00,2023-09-28 11:15:00,1.0,2.7,2.825,10
2023-09-28 14:30:00,2023-09-28 17:15:00,3.0,2.5,2.758333333333333,14
2023-09-28 19:15:00,2023-09-28 21:30:00,2.5,2.6,2.8299999999999996,19
2023-09-29 14:15:00,2023-09-29 15:30:00,1.5,2.7,2.9499999999999997,14
2023-09-29 17:30:00,2023-09-29 19:45:00,2.5,2.6,2.8100000000000005,17
2023-09-30 02:15:00,2023-09-30 03:00:00,1.0,3.0,3.1249999999999996,2
2023-09-30 05:00:00,2023-09-30 08:00:00,3.25,2.4,2.684615384615384,5
2023-09-30 21:00:00,2023-09-30 22:00:00,1.25,3.7,3.8200000000000003,21
2023-10-01 00:15:00,2023-10-01 01:15:00,1.25,3.4,3.5799999999999996,0
2023-10-01 13:15:00,2023-10-01 16:00:00,3.0,2.9,3.341666666666667,13
2023-10-01 20:15:00,2023-10-01 21:30:00,1.5,3.5,3.75,20
2023-10-02 00:00:00,2023-10-02 01:30:00,1.75,3.8,4.171428571428572,0
2023-10-02 04:00:00,2023-10-02 07:00:00,3.25,3.3,3.6692307692307695,4
2023-10-02 09:45:00,2023-10-02 11:00:00,1.5,3.8,4.016666666666667,9
2023-10-02 12:30:00,2023-10-02 13:30:00,1.25,4.0,4.4,12
2023-10-02 21:00:00,2023-10-02 23:00:00,2.25,4.6,4.977777777777778,21
2023-10-03 12:30:00,2023-10-03 13:30:00,1.25,5.4,5.56,12
2023-10-03 17:30:00,2023-10-03 20:45:00,3.5,4.4,5.285714285714286,17
2023-10-03 22:45:00,2023-10-03 23:45:00,1.25,5.2,5.36,22
2023-10-04 04:30:00,2023-10-04 05:00:00,0.75,4.5,4.7,4
2023-10-04 12:15:00,2023-10-04 13:00:00,1.0,5.5,5.575,12
2023-10-04 16:00:00,2023-10-04 20:45:00,5.0,4.8,5.625,16
2023-10-04 22:15:00,2023-10-04 23:00:00,1.0,4.8,5.05,22
2023-10-05 13:00:00,2023-10-05 14:15:00,1.5,4.9,5.366666666666667,13
2023-10-05 15:45:00,2023-10-05 17:15:00,1.75,5.2,5.585714285714286,15
2023-10-05 18:45:00,2023-10-05 21:15:00,2.75,4.0,4.318181818181818,18
2023-10-06 03:15:00,2023-10-06 04:15:00,1.25,4.8,5.0,3
2023-10-06 15:30:00,2023-10-06 16:45:00,1.5,4.1,4.316666666666666,15
2023-10-06 20:00:00,2023-10-06 21:15:00,1.5,3.8,3.966666666666667,20
2023-10-06 22:45:00,2023-10-07 00:00:00,1.5,3.4,3.6500000000000004,22
2023-10-07 11:15:00,2023-10-07 12:45:00,1.75,4.0,4.214285714285714,11
2023-10-07 14:15:00,2023-10-07 15:15:00,1.25,4.2,4.58,14
2023-10-07 19:00:00,2023-10-07 20:30:00,1.75,4.5,4.7,19
2023-10-07 22:15:00,2023-10-07 22:45:00,0.75,4.4,4.5,22
2023-10-08 11:15:00,2023-10-08 17:00:00,6.0,4.2,4.670833333333333,11
2023-10-08 20:00:00,2023-10-08 20:30:00,0.75,4.6,4.7,20
2023-10-08 22:00:00,2023-10-08 22:30:00,0.75,4.4,4.533333333333334,22
2023-10-09 00:00:00,2023-10-09 03:45:00,4.0,3.9,4.331250000000001,0
2023-10-09 07:30:00,2023-10-09 08:00:00,0.75,4.5,4.6000000000000005,7
2023-10-09 11:15:00,2023-10-09 12:45:00,1.75,4.8,4.957142857142856,11
2023-10-09 14:15:00,2023-10-09 14:30:00,0.5,4.8,5.0,14
2023-10-09 16:00:00,2023-10-09 18:30:00,2.75,5.2,5.527272727272727,16
2023-10-09 20:00:00,2023-10-09 21:45:00,2.0,5.5,5.699999999999999,20
2023-10-09 23:15:00,2023-10-10 00:15:00,1.25,5.4,5.539999999999999,23
2023-10-10 12:45:00,2023-10-10 17:45:00,5.25,5.0,5.476190476190476,12
2023-10-10 19:30:00,2023-10-10 23:45:00,4.5,4.5,4.7666666666666675,19
2023-10-11 02:30:00,2023-10-11 02:45:00,0.5,4.4,4.5,2
2023-10-11 15:00:00,2023-10-11 17:00:00,2.25,4.2,4.366666666666666,15
2023-10-11 21:00:00,2023-10-11 21:15:00,0.5,4.6,4.699999999999999,21
2023-10-12 04:15:00,2023-10-12 04:45:00,0.75,4.7,4.866666666666667,4
2023-10-12 14:00:00,2023-10-12 15:30:00,1.75,4.0,4.114285714285714,14
2023-10-13 14:30:00,2023-10-13 16:00:00,1.75,3.6,4.071428571428571,14
2023-10-13 17:45:00,2023-10-13 23:45:00,6.25,3.8,4.24,17
2023-10-14 04:15:00,2023-10-14 04:45:00,0.75,3.8,3.9666666666666663,4
2023-10-14 08:00:00,2023-10-14 19:45:00,12.0,3.6,4.261702127659573,8
2023-10-18 16:30:00,2023-10-18 22:15:00,6.0,5.7,6.266666666666667,16
2023-10-18 23:45:00,2023-10-19 01:30:00,2.0,6.2,6.362500000000001,23
2023-10-19 12:30:00,2023-10-19 17:30:00,5.25,5.5,6.028571428571429,12
2023-10-20 00:45:00,2023-10-20 01:30:00,1.0,5.6,6.25,0
2023-10-20 18:15:00,2023-10-20 18:45:00,0.75,5.9,6.033333333333334,18
2023-10-20 20:15:00,2023-10-20 21:00:00,1.0,5.3,5.575,20
2023-10-20 23:30:00,2023-10-21 00:45:00,1.5,5.5,5.6499999999999995,23
2023-10-21 02:15:00,2023-10-21 04:30:00,2.5,5.2,5.540000000000001,2
2023-10-21 13:45:00,2023-10-21 16:30:00,3.0,5.6,5.816666666666667,13
2023-10-21 18:00:00,2023-10-21 21:00:00,3.25,6.2,6.423076923076924,18
2023-10-22 13:00:00,2023-10-22 14:45:00,2.0,5.2,5.5875,13
2023-10-22 16:15:00,2023-10-22 20:45:00,4.75,4.8,5.48421052631579,16
2023-10-22 22:30:00,2023-10-22 23:30:00,1.25,5.0,5.18,22
2023-10-23 01:00:00,2023-10-23 01:30:00,0.75,4.8,4.866666666666667,1
2023-10-23 03:30:00,2023-10-23 08:00:00,4.75,4.3,5.088888888888889,3
2023-10-23 12:00:00,2023-10-23 13:00:00,1.25,5.2,5.42,12
2023-10-23 16:45:00,2023-10-23 17:45:00,1.25,6.3,6.4399999999999995,16
2023-10-23 19:15:00,2023-10-23 20:15:00,1.25,6.0,6.1,19
2023-10-23 22:00:00,2023-10-24 00:15:00,2.5,5.7,5.86,22
2023-10-24 20:15:00,2023-10-24 21:00:00,1.0,5.9,5.975,20
2023-10-25 14:00:00,2023-10-25 15:00:00,1.25,5.8,5.880000000000001,14
2023-10-26 03:15:00,2023-10-26 03:45:00,0.75,5.1,5.233333333333333,3
2023-10-26 08:30:00,2023-10-26 10:15:00,2.0,4.5,4.85,8
2023-10-26 17:45:00,2023-10-26 19:00:00,1.5,5.9,6.0,17
2023-10-26 20:45:00,2023-10-26 21:45:00,1.25,4.8,5.4,20
2023-10-27 02:45:00,2023-10-27 03:00:00,0.5,4.5,4.75,2
2023-10-27 16:00:00,2023-10-27 18:15:00,2.5,4.2,5.09,16
2023-10-27 21:30:00,2023-10-28 00:00:00,2.75,3.8,4.518181818181818,21
2023-10-28 01:45:00,2023-10-28 08:00:00,6.5,3.9,4.36923076923077,1
2023-10-28 09:30:00,2023-10-28 11:15:00,2.0,4.0,4.625,9
2023-10-28 16:45:00,2023-10-28 20:15:00,3.75,3.5,5.3999999999999995,16
2023-10-29 11:30:00,2023-10-29 15:30:00,4.25,4.7,5.694117647058824,11
2023-10-29 17:00:00,2023-10-29 20:15:00,3.5,4.1,5.192857142857143,17
2023-10-30 08:00:00,2023-10-30 09:30:00,1.75,4.3,4.628571428571428,8
2023-10-30 11:15:00,2023-10-30 12:15:00,1.25,4.5,4.62,11
2023-10-30 18:15:00,2023-10-30 19:45:00,1.75,4.6,4.7285714285714295,18
2023-10-30 21:15:00,2023-10-31 00:45:00,3.75,4.6,5.159999999999999,21
2023-11-03 06:00:00,2023-11-03 07:15:00,1.5,6.2,6.42,6
2023-11-03 13:30:00,2023-11-03 14:15:00,1.0,6.4,6.65,13
2023-11-03 19:30:00,2023-11-03 20:00:00,0.75,6.4,6.866666666666667,19
2023-11-04 03:45:00,2023-11-04 04:30:00,1.0,6.6,6.775,3
2023-11-04 06:00:00,2023-11-04 08:00:00,2.25,6.3,6.611111111111111,6
2023-11-04 13:45:00,2023-11-04 16:30:00,3.0,5.5,6.824999999999999,13
2023-11-04 18:30:00,2023-11-04 19:15:00,1.0,6.2,6.7749999999999995,18
2023-11-04 20:45:00,2023-11-04 22:00:00,1.5,5.2,6.050000000000001,20
2023-11-05 01:30:00,2023-11-05 02:30:00,1.25,5.0,6.0,1
2023-11-05 05:30:00,2023-11-05 07:15:00,2.0,6.0,6.275,5
2023-11-05 09:45:00,2023-11-05 11:30:00,2.0,6.0,6.25,9
2023-11-05 13:00:00,2023-11-05 16:15:00,3.5,6.3,6.6000000000000005,13
2023-11-05 17:45:00,2023-11-05 22:15:00,4.75,5.2,6.242105263157895,17
2023-11-06 00:00:00,2023-11-06 02:30:00,2.75,5.6,5.890909090909091,0
2023-11-06 04:15:00,2023-11-06 04:30:00,0.5,5.7,5.85,4
2023-11-06 07:45:00,2023-11-06 13:30:00,6.0,5.3,5.873913043478261,7
2023-11-06 15:00:00,2023-11-06 16:15:00,1.5,5.9,6.083333333333333,15
2023-11-06 17:45:00,2023-11-07 00:30:00,7.0,5.7,6.089285714285714,17
2023-11-07 02:15:00,2023-11-07 07:15:00,5.25,4.5,5.628571428571429,2
2023-11-07 08:45:00,2023-11-07 10:45:00,2.25,5.4,5.7,8
2023-11-07 12:15:00,2023-11-07 18:15:00,6.25,5.5,6.08,12
2023-11-07 20:00:00,2023-11-08 10:00:00,14.25,4.4,5.661403508771929,20
2023-11-08 11:30:00,2023-11-08 13:30:00,2.25,6.1,6.233333333333333,11
2023-11-08 15:15:00,2023-11-09 10:30:00,19.5,5.0,5.764102564102564,15
2023-11-09 12:45:00,2023-11-10 10:30:00,22.0,3.9,5.398863636363637,12
2023-11-10 12:30:00,2023-11-10 21:45:00,9.5,4.2,4.776315789473683,12
2023-11-10 23:15:00,2023-11-10 23:30:00,0.5,4.5,4.7,23
2023-11-11 01:00:00,2023-11-11 01:15:00,0.5,4.3,4.4,1
2023-11-11 02:45:00,2023-11-13 10:30:00,56.0,3.7,4.875,2
2023-11-13 12:00:00,2023-11-13 13:30:00,1.75,4.6,5.114285714285715,12
2023-11-13 15:00:00,2023-11-13 19:15:00,4.5,4.4,5.116666666666667,15
2023-11-13 21:30:00,2023-11-13 23:30:00,2.25,4.3,5.111111111111111,21
2023-11-14 01:45:00,2023-11-14 04:00:00,2.5,4.2,4.87,1
2023-11-14 05:30:00,2023-11-14 06:45:00,1.5,3.9,4.233333333333333,5
2023-11-14 08:15:00,2023-11-14 19:30:00,11.5,3.8,4.628260869565218,8
2023-11-14 21:45:00,2023-11-14 23:00:00,1.5,4.6,5.25,21
2023-11-15 01:45:00,2023-11-15 02:30:00,1.0,4.5,4.95,1
2023-11-15 04:45:00,2023-11-15 16:15:00,11.75,3.5,3.9425531914893623,4
2023-11-15 23:45:00,2023-11-16 02:00:00,2.5,5.4,6.0,23
2023-11-16 04:45:00,2023-11-16 06:45:00,2.25,4.0,4.199999999999999,4
2023-11-16 19:15:00,2023-11-16 20:00:00,1.0,4.2,4.475,19
2023-11-16 22:30:00,2023-11-17 03:00:00,4.75,4.7,4.994736842105263,22
2023-11-17 05:30:00,2023-11-17 06:15:00,1.0,4.4,4.55,5
2023-11-17 08:45:00,2023-11-17 10:00:00,1.5,4.1,4.233333333333333,8
2023-11-17 11:30:00,2023-11-17 16:45:00,5.5,4.4,5.018181818181819,11
2023-11-17 20:00:00,2023-11-18 00:00:00,4.25,4.5,5.205882352941177,20
2023-11-18 02:00:00,2023-11-18 04:45:00,3.0,5.0,5.325,2
2023-11-18 06:15:00,2023-11-18 07:30:00,1.5,4.6,5.116666666666667,6
2023-11-18 09:00:00,2023-11-18 14:00:00,5.25,4.4,4.99047619047619,9
2023-11-18 18:00:00,2023-11-19 01:15:00,7.5,5.2,5.710000000000002,18
2023-11-19 13:15:00,2023-11-19 16:15:00,3.25,5.4,5.7846153846153845,13
2023-11-20 09:30:00,2023-11-20 10:30:00,1.25,5.7,5.76,9
2023-11-20 13:30:00,2023-11-20 14:00:00,0.75,6.2,6.3,13
2023-11-22 05:45:00,2023-11-22 08:15:00,2.75,4.2,4.409090909090909,5
2023-11-22 16:15:00,2023-11-22 16:30:00,0.5,4.7,4.800000000000001,16
2023-11-22 18:00:00,2023-11-23 02:15:00,8.5,4.3,4.855882352941176,18
2023-11-24 16:00:00,2023-11-24 17:30:00,1.75,5.0,5.142857142857143,16
2023-11-24 20:30:00,2023-11-24 21:30:00,1.25,5.1,5.18,20
2023-11-25 11:30:00,2023-11-25 14:00:00,2.75,5.0,5.245454545454545,11
2023-11-25 15:30:00,2023-11-25 22:00:00,6.75,4.7,5.562962962962963,15
2023-11-26 16:45:00,2023-11-26 17:45:00,1.25,5.1,5.2,16
2023-11-26 20:15:00,2023-11-26 21:30:00,1.5,5.4,5.566666666666666,20
2023-11-27 01:15:00,2023-11-27 03:45:00,2.75,4.2,4.3999999999999995,1
2023-11-27 06:30:00,2023-11-27 06:45:00,0.5,4.1,4.199999999999999,6
2023-11-30 03:30:00,2023-11-30 10:30:00,7.25,6.2,6.720689655172415,3
2023-12-01 02:00:00,2023-12-01 05:30:00,3.75,6.9,7.299999999999999,2
2023-12-01 07:00:00,2023-12-01 10:45:00,4.0,6.2,6.6000000000000005,7
2023-12-01 12:15:00,2023-12-01 14:15:00,2.25,6.5,6.655555555555555,12
2023-12-02 03:45:00,2023-12-02 04:00:00,0.5,6.4,6.5,3
2023-12-02 05:30:00,2023-12-02 09:15:00,4.0,5.2,5.9375,5
2023-12-03 10:00:00,2023-12-03 14:00:00,4.25,5.2,5.594117647058823,10
2023-12-04 08:15:00,2023-12-04 09:45:00,1.75,4.9,5.171428571428572,8
2023-12-05 19:30:00,2023-12-05 21:15:00,2.0,5.9,6.074999999999999,19
2023-12-06 21:45:00,2023-12-06 22:15:00,0.75,6.0,6.066666666666666,21
2023-12-07 19:15:00,2023-12-07 19:45:00,0.75,5.7,5.8,19
2023-12-07 22:00:00,2023-12-07 23:00:00,1.25,5.5,5.720000000000001,22
2023-12-08 18:00:00,2023-12-08 19:00:00,1.25,6.0,6.18,18
2023-12-08 22:15:00,2023-12-09 01:15:00,3.25,5.7,6.253846153846154,22
2023-12-09 03:15:00,2023-12-09 05:30:00,2.5,5.8,6.09,3
2023-12-09 08:15:00,2023-12-09 10:00:00,2.0,5.6,6.025,8
2023-12-09 20:30:00,2023-12-09 23:00:00,2.75,5.6,5.736363636363635,20
2023-12-10 01:15:00,2023-12-10 01:45:00,0.75,5.4,5.566666666666667,1
2023-12-10 04:30:00,2023-12-10 07:15:00,3.0,5.3,5.508333333333333,4
2023-12-10 08:45:00,2023-12-10 09:30:00,1.0,5.3,5.425,8
2023-12-10 11:00:00,2023-12-10 12:30:00,1.75,5.4,5.642857142857143,11
2023-12-11 18:15:00,2023-12-11 20:00:00,2.0,4.5,4.8375,18
2023-12-12 01:30:00,2023-12-12 01:45:00,0.5,4.4,4.5,1
2023-12-12 07:45:00,2023-12-12 09:15:00,1.75,4.2,4.499999999999999,7
2023-12-12 23:30:00,2023-12-13 05:45:00,6.5,5.5,6.492307692307692,23
2023-12-13 07:45:00,2023-12-13 09:30:00,2.0,5.5,5.8375,7
2023-12-14 02:45:00,2023-12-14 04:00:00,1.5,7.0,7.1499999999999995,2
2023-12-14 05:45:00,2023-12-14 07:15:00,1.75,5.9,6.285714285714286,5
2023-12-14 18:30:00,2023-12-14 19:15:00,1.0,7.7,7.8,18
2023-12-15 03:45:00,2023-12-15 06:30:00,3.0,7.0,7.449999999999999,3
2023-12-16 06:45:00,2023-12-16 07:00:00,0.5,6.6,6.699999999999999,6
2023-12-16 10:15:00,2023-12-16 11:30:00,1.5,6.8,6.8999999999999995,10
2023-12-17 23:30:00,2023-12-18 00:00:00,0.75,6.0,6.133333333333333,23
2023-12-18 02:00:00,2023-12-18 03:00:00,1.25,5.7,5.92,2
2023-12-18 07:15:00,2023-12-18 09:15:00,2.25,5.3,5.511111111111111,7
2023-12-18 15:00:00,2023-12-18 17:15:00,2.5,6.0,6.1899999999999995,15
2023-12-18 19:45:00,2023-12-18 20:45:00,1.25,6.2,6.380000000000001,19
2023-12-18 22:15:00,2023-12-19 00:45:00,2.75,5.6,5.99090909090909,22
2023-12-19 02:15:00,2023-12-19 03:45:00,1.75,5.5,5.8,2
2024-01-18 17:15:00,2024-01-18 19:00:00,2.0,7.8,8.0875,17
2024-01-18 23:30:00,2024-01-19 03:00:00,3.75,6.9,7.286666666666666,23
2024-01-19 19:00:00,2024-01-19 21:30:00,2.75,8.6,9.036363636363635,19
2024-01-20 14:30:00,2024-01-20 16:30:00,2.25,9.8,10.177777777777779,14
2024-01-20 18:00:00,2024-01-20 20:30:00,2.75,10.0,10.5,18
2024-01-20 22:30:00,2024-01-21 03:15:00,5.0,8.3,9.165000000000001,22
2024-01-21 10:45:00,2024-01-21 11:15:00,0.75,8.7,8.833333333333334,10
2024-01-21 21:15:00,2024-01-21 22:00:00,1.0,8.6,8.85,21
2024-01-22 05:30:00,2024-01-22 07:00:00,1.75,7.2,7.614285714285714,5
2024-01-22 20:45:00,2024-01-22 21:30:00,1.0,8.8,8.850000000000001,20
2024-01-23 00:30:00,2024-01-23 01:30:00,1.25,7.6,8.06,0
2024-01-23 03:00:00,2024-01-23 04:30:00,1.75,7.4,7.5857142857142845,3
2024-01-23 07:30:00,2024-01-23 09:15:00,2.0,7.0,7.1875,7
2024-01-23 21:15:00,2024-01-23 21:30:00,0.5,7.9,8.0,21
2024-01-23 23:00:00,2024-01-24 08:45:00,10.0,6.2,7.1175000000000015,23
2024-01-24 10:30:00,2024-01-24 13:30:00,3.25,6.8,7.161538461538461,10
2024-01-24 17:45:00,2024-01-24 18:00:00,0.5,7.2,7.300000000000001,17
2024-01-25 00:30:00,2024-01-25 02:15:00,2.0,7.1,7.3,0
2024-01-25 04:45:00,2024-01-25 10:15:00,5.75,6.5,6.804347826086956,4
2024-01-26 18:30:00,2024-01-26 19:15:00,1.0,6.1,6.199999999999999,18
2024-01-27 02:15:00,2024-01-27 03:00:00,1.0,5.7,5.924999999999999,2
2024-01-29 17:15:00,2024-01-29 19:00:00,2.0,4.3,5.125,17
2024-01-29 21:15:00,2024-01-29 23:00:00,2.0,7.3,7.5125,21
2024-01-30 00:30:00,2024-01-30 03:45:00,3.5,7.0,7.414285714285714,0
2024-01-30 05:15:00,2024-01-30 07:30:00,2.5,6.7,6.88,5
2024-01-30 13:45:00,2024-01-30 14:45:00,1.25,8.0,8.16,13
2024-01-30 20:30:00,2024-01-30 21:30:00,1.25,7.4,7.5,20
2024-01-30 23:15:00,2024-01-31 00:15:00,1.25,6.9,7.039999999999999,23
2024-01-31 20:30:00,2024-01-31 22:30:00,2.25,7.9,8.233333333333334,20
2024-02-01 00:00:00,2024-02-01 02:15:00,2.5,7.5,7.69,0
2024-02-01 04:00:00,2024-02-01 06:30:00,2.75,7.0,7.218181818181818,4
2024-02-01 14:15:00,2024-02-01 14:30:00,0.5,7.5,7.6,14
2024-02-01 17:00:00,2024-02-01 19:00:00,2.25,7.4,7.788888888888888,17
2024-02-02 00:00:00,2024-02-02 08:30:00,8.75,6.0,6.597142857142857,0
2024-02-02 11:15:00,2024-02-02 16:30:00,5.5,6.5,7.209090909090909,11
2024-02-02 18:00:00,2024-02-02 21:45:00,4.0,6.5,6.925000000000001,18
2024-02-02 23:15:00,2024-02-03 01:00:00,2.0,6.0,6.2875,23
2024-02-03 02:45:00,2024-02-03 04:30:00,2.0,5.8,5.975,2
2024-02-03 11:00:00,2024-02-03 11:45:00,1.0,6.1,6.475,11
2024-02-03 13:30:00,2024-02-03 14:15:00,1.0,5.9,6.074999999999999,13
2024-02-03 15:45:00,2024-02-03 21:00:00,5.5,5.6,6.15909090909091,15
2024-02-03 22:30:00,2024-02-04 02:00:00,3.75,5.9,6.606666666666668,22
2024-02-04 11:45:00,2024-02-04 13:15:00,1.75,6.7,7.514285714285714,11
2024-02-04 15:30:00,2024-02-04 15:45:00,0.5,6.3,6.5,15
2024-02-05 19:15:00,2024-02-05 20:30:00,1.5,5.5,5.583333333333333,19
2024-02-06 11:00:00,2024-02-06 12:15:00,1.5,4.6,5.883333333333333,11
2024-02-06 22:00:00,2024-02-06 23:00:00,1.25,5.0,5.0600000000000005,22
2024-02-07 09:00:00,2024-02-07 12:45:00,4.0,5.4,6.206250000000001,9
2024-02-07 14:15:00,2024-02-07 15:00:00,1.0,5.5,5.725,14
2024-02-08 10:00:00,2024-02-08 10:30:00,0.75,7.5,7.566666666666666,10
2024-02-08 12:30:00,2024-02-08 19:45:00,7.5,6.8,7.34,12
2024-02-09 13:00:00,2024-02-09 15:00:00,2.25,5.9,6.2555555555555555,13
2024-02-10 17:15:00,2024-02-10 21:15:00,4.25,4.9,5.652941176470589,17
2024-02-11 02:00:00,2024-02-11 03:15:00,1.5,5.5,5.583333333333333,2
2024-02-11 16:45:00,2024-02-11 17:30:00,1.0,4.6,5.15,16
2024-02-11 21:15:00,2024-02-11 22:45:00,1.75,4.8,4.942857142857142,21
2024-02-12 10:45:00,2024-02-12 14:15:00,3.75,3.8,4.5,10
2024-02-12 18:00:00,2024-02-12 18:30:00,0.75,3.5,4.0,18
2024-02-12 20:00:00,2024-02-12 21:30:00,1.75,3.7,4.128571428571428,20
2024-02-13 00:30:00,2024-02-13 01:00:00,0.75,3.5,3.6333333333333333,0
2024-02-13 05:30:00,2024-02-13 06:15:00,1.0,3.4,3.5,5
2024-02-13 13:00:00,2024-02-13 14:30:00,1.75,3.5,3.6571428571428575,13
2024-02-13 17:45:00,2024-02-13 18:45:00,1.25,3.2,3.5,17
2024-02-13 20:15:00,2024-02-13 21:00:00,1.0,2.9,3.075,20
2024-02-14 02:15:00,2024-02-14 03:30:00,1.5,2.5,2.6333333333333333,2
2024-02-14 05:00:00,2024-02-14 06:45:00,2.0,2.5,2.725,5
2024-02-14 10:30:00,2024-02-14 11:15:00,1.0,4.0,4.325,10
2024-02-14 13:15:00,2024-02-14 19:45:00,6.75,2.9,3.5148148148148146,13
2024-02-15 00:30:00,2024-02-15 03:30:00,3.25,2.8,3.2999999999999994,0
2024-02-15 05:00:00,2024-02-15 06:00:00,1.25,3.1,3.2800000000000002,5
2024-02-15 11:15:00,2024-02-15 11:45:00,0.75,3.4,3.566666666666667,11
2024-02-15 13:30:00,2024-02-15 15:30:00,2.25,3.1,3.6999999999999997,13
2024-02-15 18:15:00,2024-02-15 20:00:00,2.0,2.9,3.0875,18
2024-02-15 23:30:00,2024-02-16 09:45:00,10.5,2.0,2.7476190476190476,23
2024-02-16 13:15:00,2024-02-16 14:15:00,1.25,2.2,2.34,13
2024-02-16 18:45:00,2024-02-17 03:30:00,9.0,1.9,2.838888888888889,18
2024-02-17 06:30:00,2024-02-17 06:45:00,0.5,2.6,2.7,6
2024-02-17 11:45:00,2024-02-17 12:45:00,1.25,3.1,3.46,11
2024-02-17 17:30:00,2024-02-17 18:30:00,1.25,3.6,3.8600000000000003,17
2024-02-17 20:30:00,2024-02-18 00:00:00,3.75,2.8,3.2466666666666666,20
2024-02-18 10:15:00,2024-02-18 14:45:00,4.75,2.9,3.289473684210526,10
2024-02-18 18:15:00,2024-02-18 19:45:00,1.75,2.9,3.1142857142857143,18
2024-02-18 21:30:00,2024-02-19 03:00:00,5.75,2.7,3.3869565217391293,21
2024-02-19 05:00:00,2024-02-19 10:30:00,5.75,3.1,4.7043478260869565,5
2024-02-19 13:45:00,2024-02-19 18:30:00,5.0,6.2,7.089999999999998,13
2024-02-19 20:30:00,2024-02-19 21:45:00,1.5,6.1,6.3,20
2024-02-19 23:30:00,2024-02-20 00:45:00,1.5,5.6,5.833333333333333,23
2024-02-20 02:15:00,2024-02-20 04:15:00,2.25,4.9,5.277777777777777,2
2024-02-20 16:15:00,2024-02-20 22:45:00,6.75,6.2,7.11111111111111,16
2024-02-21 01:30:00,2024-02-21 02:30:00,1.25,5.8,5.98,1
2024-02-21 05:15:00,2024-02-21 07:30:00,2.5,5.1,5.5,5
2024-02-21 09:00:00,2024-02-21 09:15:00,0.5,6.1,6.199999999999999,9
2024-02-21 12:15:00,2024-02-21 15:45:00,3.75,5.8,6.546666666666667,12
2024-02-21 19:00:00,2024-02-21 21:45:00,3.0,5.1,5.758333333333333,19
2024-02-22 01:00:00,2024-02-22 13:45:00,13.0,5.4,6.111538461538463,1
2024-02-22 15:30:00,2024-02-23 06:30:00,15.25,4.6,5.79016393442623,15
2024-02-23 08:00:00,2024-02-23 11:00:00,3.25,4.5,5.384615384615383,8
2024-02-23 16:15:00,2024-02-23 20:00:00,4.0,7.0,7.21875,16
2024-02-23 22:00:00,2024-02-24 07:15:00,9.5,4.7,5.876315789473685,22
2024-02-24 14:30:00,2024-02-24 16:30:00,2.25,6.4,6.666666666666667,14
2024-02-24 18:00:00,2024-02-24 20:00:00,2.25,4.9,5.677777777777777,18
2024-02-24 21:30:00,2024-02-24 22:30:00,1.25,5.3,5.62,21
2024-02-25 00:00:00,2024-02-25 06:45:00,7.0,3.5,4.475,0
2024-02-25 10:30:00,2024-02-25 11:15:00,1.0,4.3,4.55,10
2024-02-25 12:45:00,2024-02-25 19:15:00,6.75,4.3,6.103703703703703,12
2024-02-25 21:00:00,2024-02-26 03:00:00,6.25,3.7,4.716,21
2024-02-26 06:30:00,2024-02-26 08:30:00,2.25,3.0,3.388888888888889,6
2024-02-26 11:45:00,2024-02-26 16:30:00,5.0,3.9,4.8,11
2024-02-26 18:00:00,2024-02-26 21:45:00,4.0,4.1,5.49375,18
2024-02-27 02:30:00,2024-02-27 23:00:00,20.75,3.9,5.1855421686747,2
2024-02-28 00:45:00,2024-02-28 03:00:00,2.5,3.5,3.9699999999999998,0
2024-02-28 04:30:00,2024-02-28 09:00:00,4.75,2.0,3.1421052631578954,4
2024-02-28 13:45:00,2024-02-28 18:45:00,5.25,2.7,3.185714285714286,13
2024-02-28 20:45:00,2024-02-29 00:30:00,4.0,2.4,2.6937499999999996,20
2024-02-29 02:15:00,2024-02-29 08:15:00,6.25,1.9,2.2359999999999998,2
2024-02-29 09:45:00,2024-02-29 12:30:00,3.0,1.9,2.091666666666667,9
2024-02-29 14:30:00,2024-02-29 22:45:00,8.5,1.7,2.738235294117647,14
2024-03-01 00:15:00,2024-03-01 03:00:00,3.0,3.2,3.983333333333333,0
2024-03-01 04:45:00,2024-03-01 10:45:00,6.25,2.7,3.616,4
2024-03-01 12:45:00,2024-03-02 00:00:00,11.5,1.4,1.9978260869565216,12
2024-03-02 07:00:00,2024-03-02 08:15:00,1.5,1.6,1.75,7
2024-03-02 12:30:00,2024-03-02 14:45:00,2.5,1.2,1.56,12
2024-03-02 22:15:00,2024-03-03 01:00:00,3.0,0.9,1.2166666666666666,22
2024-03-03 02:30:00,2024-03-03 04:15:00,2.0,0.9,1.125,2
2024-03-03 05:45:00,2024-03-03 07:30:00,2.0,1.3,1.475,5
2024-03-03 09:00:00,2024-03-03 14:00:00,5.25,0.8,1.4190476190476191,9
2024-03-03 15:30:00,2024-03-03 17:15:00,2.0,0.9,1.15,15
2024-03-04 02:30:00,2024-03-04 04:30:00,2.25,1.1,1.9333333333333336,2
2024-03-04 06:15:00,2024-03-04 06:45:00,0.75,0.9,1.0666666666666667,6
2024-03-04 08:15:00,2024-03-04 11:00:00,3.0,0.7,0.9727272727272728,8
2024-03-04 21:15:00,2024-03-04 22:15:00,1.25,0.9,1.26,21
2024-03-05 00:00:00,2024-03-05 00:15:00,0.5,2.4,2.55,0
2024-03-05 05:00:00,2024-03-05 06:15:00,1.5,6.2,6.416666666666667,5
2024-03-05 13:15:00,2024-03-05 15:30:00,2.5,2.1,4.73,13
2024-03-05 18:00:00,2024-03-05 18:45:00,1.0,2.3,4.9,18
2024-03-05 21:00:00,2024-03-05 22:45:00,2.0,2.8,3.1125000000000003,21
2024-03-06 09:30:00,2024-03-06 10:15:00,1.0,2.5,2.95,9
2024-03-06 12:30:00,2024-03-06 13:30:00,1.25,3.3,3.9200000000000004,12
2024-03-06 18:45:00,2024-03-06 19:30:00,1.0,4.7,4.825,18
2024-03-06 21:15:00,2024-03-06 23:45:00,2.75,3.8,4.2272727272727275,21
2024-03-07 01:15:00,2024-03-07 03:15:00,2.25,3.7,4.066666666666666,1
2024-03-07 06:00:00,2024-03-07 06:15:00,0.5,3.1,3.35,6
2024-03-07 09:45:00,2024-03-07 13:45:00,4.25,3.3,3.6941176470588233,9
2024-03-08 04:15:00,2024-03-08 05:00:00,1.0,3.1,3.2499999999999996,4
2024-04-04 12:15:00,2024-04-04 12:45:00,0.75,3.4,3.6999999999999997,12
2024-04-04 16:15:00,2024-04-04 17:30:00,1.5,4.9,5.183333333333334,16
2024-04-04 19:00:00,2024-04-05 01:30:00,6.75,2.9,3.962962962962963,19
2024-04-05 13:15:00,2024-04-06 04:45:00,15.75,1.9,3.7015873015873018,13
2024-04-06 11:00:00,2024-04-06 11:45:00,1.0,2.6,2.6750000000000003,11
2024-04-06 14:15:00,2024-04-06 21:30:00,7.5,2.0,3.341379310344828,14
2024-04-06 23:00:00,2024-04-07 04:45:00,6.0,1.7,2.1041666666666665,23
2024-04-07 07:00:00,2024-04-07 09:00:00,2.25,2.2,2.6888888888888887,7
2024-04-07 11:00:00,2024-04-08 04:15:00,17.5,2.0,4.654285714285714,11
2024-04-08 06:00:00,2024-04-08 07:30:00,1.75,3.2,3.5000000000000004,6
2024-04-08 09:30:00,2024-04-09 04:30:00,19.25,1.5,2.9592105263157897,9
2024-04-09 06:00:00,2024-04-09 07:45:00,2.0,1.7,2.4625000000000004,6
2024-04-09 09:45:00,2024-04-09 12:00:00,2.5,2.0,2.83,9
2024-04-09 14:00:00,2024-04-10 00:15:00,10.5,1.1,2.1023809523809525,14
2024-04-10 02:30:00,2024-04-10 07:15:00,5.0,3.9,4.455,2
2024-04-10 13:15:00,2024-04-10 15:15:00,2.25,5.3,6.133333333333333,13
2024-04-11 04:30:00,2024-04-11 05:45:00,1.5,5.1,5.2333333333333325,4
2024-04-11 08:45:00,2024-04-11 10:00:00,1.5,4.4,4.55,8
2024-04-12 14:30:00,2024-04-12 15:30:00,1.25,5.3,5.36,14
2024-04-13 06:00:00,2024-04-13 06:30:00,0.75,4.3,4.666666666666667,6
2024-04-13 11:30:00,2024-04-13 12:00:00,0.75,4.3,4.366666666666667,11
2024-04-14 04:45:00,2024-04-14 05:45:00,1.25,3.3,4.16,4
2024-04-14 19:45:00,2024-04-14 21:00:00,1.5,2.6,3.266666666666667,19
2024-04-15 01:30:00,2024-04-15 03:15:00,2.0,2.2,2.7749999999999995,1
2024-04-15 13:30:00,2024-04-15 14:30:00,1.25,2.0,2.18,13
2024-04-16 06:30:00,2024-04-16 08:30:00,2.25,4.5,5.01111111111111,6
2024-04-16 11:45:00,2024-04-16 12:45:00,1.25,5.4,5.459999999999999,11
2024-04-16 16:00:00,2024-04-16 17:15:00,1.5,1.2,2.0500000000000003,16
2024-04-16 23:30:00,2024-04-17 00:30:00,1.25,1.6,4.8,23
2024-04-17 04:15:00,2024-04-17 06:00:00,2.0,0.9,3.3,4
2024-04-18 13:30:00,2024-04-18 14:30:00,1.25,0.5,0.8400000000000001,13
2024-04-19 02:00:00,2024-04-19 02:30:00,0.75,0.1,0.16666666666666666,2
2024-04-19 16:15:00,2024-04-19 20:00:00,4.0,0.0,0.95625,16
2024-04-19 22:30:00,2024-04-19 23:30:00,1.25,0.0,0.08,22
2024-04-20 17:30:00,2024-04-21 00:30:00,7.25,0.0,1.7379310344827585,17
2024-04-21 02:00:00,2024-04-21 04:15:00,2.5,0.0,0.47000000000000003,2
2024-04-21 19:45:00,2024-04-21 22:30:00,3.0,0.1,0.39166666666666666,19
2024-04-22 00:15:00,2024-04-22 13:45:00,13.75,0.0,0.22181818181818178,0
2024-04-23 09:00:00,2024-04-23 10:00:00,1.25,4.8,5.0,9
2024-04-23 14:00:00,2024-04-23 19:30:00,5.75,2.9,3.7086956521739127,14
2024-04-23 23:45:00,2024-04-24 04:45:00,5.25,2.9,3.3190476190476192,23
2024-04-24 08:30:00,2024-04-24 09:15:00,1.0,3.1,3.4499999999999997,8
2024-04-24 10:45:00,2024-04-24 12:15:00,1.75,3.6,3.9571428571428577,10
2024-04-24 14:30:00,2024-04-25 06:45:00,16.5,3.1,4.061538461538462,14
2024-04-25 08:30:00,2024-04-25 11:00:00,2.75,2.9,3.1636363636363636,8
2024-04-25 13:15:00,2024-04-25 18:00:00,5.0,4.0,4.484210526315789,13
2024-04-25 19:30:00,2024-04-26 06:15:00,11.0,3.6,4.268181818181818,19
2024-04-26 08:00:00,2024-04-26 22:30:00,14.75,3.2,5.496551724137931,8
2024-04-27 01:30:00,2024-04-27 05:00:00,3.75,3.4,4.666666666666667,1
2024-04-27 07:45:00,2024-04-27 23:30:00,16.0,3.7,5.336507936507936,7
2024-04-28 02:30:00,2024-04-28 09:15:00,7.0,4.7,5.364285714285715,2
2024-04-28 13:30:00,2024-04-28 14:15:00,1.0,6.3,6.4750000000000005,13
2024-04-28 17:00:00,2024-04-28 17:45:00,1.0,5.5,5.625,17
2024-04-28 20:00:00,2024-04-28 20:30:00,0.75,4.9,5.0,20
2024-04-28 22:00:00,2024-04-29 01:30:00,3.75,4.3,4.586666666666667,22
2024-04-29 03:30:00,2024-04-29 04:00:00,0.75,4.3,4.433333333333333,3
2024-04-29 08:00:00,2024-04-29 09:00:00,1.25,4.8,4.96,8
2024-04-29 12:15:00,2024-04-29 15:15:00,3.25,4.1,4.392307692307693,12
2024-04-29 17:45:00,2024-04-30 02:30:00,9.0,4.0,4.730555555555555,17
2024-04-30 04:15:00,2024-04-30 04:45:00,0.75,4.2,4.266666666666667,4
2024-04-30 10:45:00,2024-04-30 11:45:00,1.25,4.2,4.34,10
2024-04-30 18:15:00,2024-05-01 00:45:00,6.75,3.0,3.522222222222222,18
2024-05-01 02:45:00,2024-05-01 04:45:00,2.25,3.3,3.688888888888889,2
2024-05-01 15:00:00,2024-05-01 15:30:00,0.75,3.1,3.233333333333333,15
2024-05-01 18:45:00,2024-05-01 20:00:00,1.5,2.8,2.9166666666666665,18
2024-05-01 23:15:00,2024-05-02 00:45:00,1.75,2.4,2.6285714285714286,23
2024-05-02 07:30:00,2024-05-02 07:45:00,0.5,2.5,2.6,7
2024-05-02 14:15:00,2024-05-02 17:15:00,3.25,1.4,1.8307692307692305,14
2024-05-03 18:00:00,2024-05-03 19:15:00,1.5,0.9,1.1333333333333335,18
2024-05-03 20:45:00,2024-05-03 22:15:00,1.75,1.0,1.1428571428571428,20
2024-05-04 01:15:00,2024-05-04 01:45:00,0.75,0.9,1.0333333333333334,1
2024-05-04 03:30:00,2024-05-04 06:00:00,2.75,0.8,1.0090909090909093,3
2024-05-04 12:30:00,2024-05-04 13:15:00,1.0,0.9,1.0250000000000001,12
2024-05-05 16:15:00,2024-05-06 07:00:00,15.0,0.0,1.4627118644067798,16
2024-05-06 13:00:00,2024-05-06 15:00:00,2.25,1.5,2.2777777777777777,13
2024-05-06 16:30:00,2024-05-06 22:00:00,5.75,1.4,3.5869565217391313,16
2024-05-07 00:45:00,2024-05-07 06:30:00,6.0,1.5,2.0124999999999997,0
2024-05-07 08:00:00,2024-05-07 09:00:00,1.25,2.7,2.88,8
2024-05-07 10:45:00,2024-05-07 15:15:00,4.75,1.0,1.8052631578947371,10
2024-05-07 17:15:00,2024-05-07 21:00:00,4.0,0.6,1.7000000000000002,17
2024-05-08 04:00:00,2024-05-08 05:30:00,1.75,1.3,1.542857142857143,4
2024-05-08 07:00:00,2024-05-08 13:15:00,6.5,1.3,2.4961538461538457,7
2024-05-08 18:00:00,2024-05-08 19:00:00,1.25,2.1,2.44,18
2024-05-08 20:30:00,2024-05-09 01:30:00,5.25,0.9,3.1000000000000005,20
2024-05-09 04:00:00,2024-05-09 07:45:00,4.0,2.1,2.675,4
2024-05-09 11:00:00,2024-05-09 12:30:00,1.75,3.1,3.9142857142857146,11
2024-05-09 14:30:00,2024-05-09 15:00:00,0.75,2.7,2.8333333333333335,14
2024-05-09 21:15:00,2024-05-10 01:30:00,4.5,1.1,2.1333333333333337,21
2024-05-10 06:15:00,2024-05-10 07:15:00,1.25,2.5,2.64,6
2024-05-10 09:00:00,2024-05-10 13:15:00,4.5,2.6,3.0833333333333335,9
2024-05-11 00:30:00,2024-05-11 02:45:00,2.5,1.5,1.94,0
2024-05-11 10:00:00,2024-05-11 11:00:00,1.25,2.7,2.94,10
2024-05-11 13:30:00,2024-05-11 16:00:00,2.75,2.2,2.5545454545454547,13
2024-05-12 03:00:00,2024-05-12 04:15:00,1.5,2.1,2.4833333333333334,3
2024-05-12 06:00:00,2024-05-12 09:00:00,3.25,2.4,2.5769230769230775,6
2024-05-12 12:45:00,2024-05-12 22:30:00,10.0,2.0,2.9625,12
2024-05-13 01:45:00,2024-05-13 03:30:00,2.0,1.6,1.9125,1
2024-05-13 06:15:00,2024-05-13 06:45:00,0.75,2.7,3.033333333333333,6
2024-05-13 09:15:00,2024-05-13 14:45:00,5.75,2.4,3.2478260869565214,9
2024-05-13 17:15:00,2024-05-13 18:45:00,1.75,2.1,2.5285714285714285,17
2024-05-13 23:30:00,2024-05-14 00:00:00,0.75,5.3,5.5,23
2024-05-14 07:00:00,2024-05-14 10:45:00,4.0,5.2,5.725,7
2024-05-16 14:15:00,2024-05-16 15:00:00,1.0,4.1,4.4,14
2024-05-17 01:15:00,2024-05-17 03:00:00,2.0,4.8,5.075,1
2024-05-18 08:45:00,2024-05-18 09:15:00,0.75,3.8,4.166666666666667,8
2024-05-19 06:30:00,2024-05-19 06:45:00,0.5,3.1,3.7,6
2024-05-19 13:45:00,2024-05-19 14:00:00,0.5,3.1,3.2,13
2024-05-20 07:00:00,2024-05-20 08:15:00,1.5,3.4,3.516666666666666,7
2024-05-20 20:15:00,2024-05-20 21:45:00,1.75,2.5,3.1999999999999997,20
2024-05-21 15:30:00,2024-05-21 17:00:00,1.75,3.9,4.171428571428572,15
2024-05-21 20:30:00,2024-05-22 00:30:00,4.25,1.6,2.4705882352941178,20
2024-05-22 18:00:00,2024-05-22 21:45:00,4.0,1.2,3.38125,18
2024-05-23 05:00:00,2024-05-23 08:00:00,3.25,1.0,1.3461538461538463,5
2024-05-23 10:45:00,2024-05-23 13:00:00,2.5,1.8,2.12,10
2024-05-23 15:30:00,2024-05-23 18:00:00,2.75,1.4,1.736363636363636,15
2024-05-23 19:30:00,2024-05-23 22:45:00,3.5,1.0,1.3357142857142856,19
2024-05-24 06:30:00,2024-05-24 08:00:00,1.75,0.8,1.1285714285714286,6
2024-05-24 09:30:00,2024-05-24 14:15:00,5.0,1.3,1.8049999999999997,9
2024-05-24 16:15:00,2024-05-25 03:15:00,11.25,0.6,1.4688888888888887,16
2024-05-25 05:45:00,2024-05-25 06:45:00,1.25,0.6,0.9600000000000002,5
2024-05-25 11:00:00,2024-05-25 11:15:00,0.5,2.4,2.55,11
2024-05-25 13:30:00,2024-05-25 16:15:00,3.0,1.8,2.1750000000000003,13
2024-05-25 17:45:00,2024-05-25 19:15:00,1.75,1.7,1.9142857142857141,17
2024-05-26 00:00:00,2024-05-26 01:45:00,2.0,0.8,0.975,0
2024-05-26 07:30:00,2024-05-26 09:15:00,2.0,1.0,1.7625,7
2024-05-26 11:30:00,2024-05-26 15:15:00,4.0,1.8,2.5875000000000004,11
2024-05-26 17:00:00,2024-05-26 18:00:00,1.25,1.8,1.9,17
2024-05-26 20:00:00,2024-05-27 04:00:00,8.25,0.5,1.5333333333333334,20
2024-05-27 10:15:00,2024-05-27 15:15:00,5.25,2.6,3.2047619047619045,10
2024-05-27 17:00:00,2024-05-28 02:15:00,9.5,1.0,1.4710526315789474,17
2024-05-28 07:45:00,2024-05-28 09:00:00,1.5,2.3,2.3833333333333333,7
2024-05-28 10:30:00,2024-05-28 11:15:00,1.0,2.1,2.275,10
2024-05-28 13:00:00,2024-05-28 13:30:00,0.75,2.9,3.4000000000000004,13
2024-05-28 17:15:00,2024-05-28 20:45:00,3.75,2.4,2.82,17
2024-05-28 22:30:00,2024-05-29 03:45:00,5.5,1.5,2.1136363636363638,22
2024-05-29 12:45:00,2024-05-29 13:45:00,1.25,2.0,2.1599999999999997,12
2024-05-29 16:00:00,2024-05-29 18:00:00,2.25,1.6,1.966666666666667,16
2024-05-30 09:45:00,2024-05-30 12:00:00,2.5,0.8,1.0500000000000003,9
2024-05-30 14:00:00,2024-05-30 15:00:00,1.25,1.1,1.4,14
2024-05-30 19:00:00,2024-05-30 21:45:00,3.0,1.6,2.6750000000000003,19
2024-05-30 23:15:00,2024-05-31 04:15:00,5.25,0.3,1.2904761904761908,23
2024-05-31 05:45:00,2024-05-31 10:30:00,5.0,0.7,1.7949999999999995,5
2024-05-31 12:15:00,2024-05-31 17:45:00,5.75,3.0,4.304347826086956,12
2024-05-31 19:15:00,2024-06-01 07:30:00,12.5,2.5,3.932,19
2024-06-01 10:30:00,2024-06-02 04:15:00,18.0,1.6,2.620833333333333,10
2024-06-02 06:15:00,2024-06-02 07:45:00,1.75,2.2,2.542857142857143,6
2024-06-02 10:45:00,2024-06-02 12:15:00,1.75,2.0,2.4,10
2024-06-02 13:45:00,2024-06-02 14:00:00,0.5,2.2,2.35,13
2024-06-02 15:45:00,2024-06-02 20:00:00,4.5,1.8,2.4000000000000004,15
2024-06-02 21:30:00,2024-06-02 23:15:00,2.0,2.2,2.3999999999999995,21
2024-06-03 02:45:00,2024-06-03 04:30:00,2.0,2.3,2.475,2
2024-06-03 12:15:00,2024-06-03 13:30:00,1.5,1.1,1.4333333333333333,12
2024-06-03 20:15:00,2024-06-03 21:00:00,1.0,1.1,1.2999999999999998,20
2024-06-03 23:15:00,2024-06-04 00:15:00,1.25,1.1,1.5399999999999998,23
2024-06-04 05:30:00,2024-06-04 06:00:00,0.75,1.7,1.9666666666666668,5
2024-06-04 09:15:00,2024-06-04 16:00:00,7.0,1.6,2.0321428571428575,9
2024-06-04 18:15:00,2024-06-05 05:00:00,11.0,2.4,4.154545454545454,18
2024-06-05 08:45:00,2024-06-05 09:45:00,1.25,3.8,4.36,8
2024-06-05 20:45:00,2024-06-05 23:45:00,3.25,4.0,4.361538461538462,20
2024-06-06 10:30:00,2024-06-06 11:45:00,1.5,3.3,3.4333333333333336,10
2024-06-06 16:00:00,2024-06-06 16:30:00,0.75,2.7,2.7999999999999994,16
2024-06-06 19:15:00,2024-06-06 21:30:00,2.5,2.4,2.63,19
2024-06-08 13:45:00,2024-06-08 14:45:00,1.25,2.4,2.72,13
2024-06-08 17:45:00,2024-06-08 20:30:00,3.0,1.6,1.9083333333333332,17
2024-06-09 00:30:00,2024-06-09 01:30:00,1.25,1.2,1.38,0
2024-06-09 09:00:00,2024-06-09 10:15:00,1.5,1.1,1.2666666666666666,9
2024-06-09 11:45:00,2024-06-09 12:30:00,1.0,1.4,1.7,11
2024-06-09 14:30:00,2024-06-09 22:15:00,8.0,1.0,1.66875,14
2024-06-10 00:15:00,2024-06-10 01:45:00,1.75,0.8,1.0285714285714287,0
2024-06-10 10:45:00,2024-06-10 11:15:00,0.75,0.8,0.9333333333333335,10
2024-06-10 17:45:00,2024-06-10 19:30:00,2.0,0.6,0.7375,17
2024-06-11 17:45:00,2024-06-11 20:45:00,3.25,1.6,2.761538461538462,17
2024-06-11 23:00:00,2024-06-12 00:30:00,1.75,2.8,3.057142857142857,23
2024-06-12 02:15:00,2024-06-12 06:45:00,4.75,2.1,2.589473684210526,2
2024-06-12 13:45:00,2024-06-12 16:45:00,3.25,1.7,2.0615384615384618,13
2024-06-12 20:00:00,2024-06-13 04:45:00,9.0,0.9,1.6583333333333334,20
2024-06-13 13:30:00,2024-06-13 14:30:00,1.25,1.6,1.8399999999999999,13
2024-06-13 16:00:00,2024-06-14 04:45:00,13.0,0.9,2.051923076923077,16
2024-06-14 08:00:00,2024-06-14 14:30:00,6.75,0.8,1.848148148148148,8
2024-06-14 17:30:00,2024-06-14 22:45:00,5.5,1.7,2.5363636363636366,17
2024-06-15 00:15:00,2024-06-15 02:15:00,2.25,1.4,1.6,0
2024-06-15 04:00:00,2024-06-15 04:15:00,0.5,1.2,1.35,4
2024-06-15 05:45:00,2024-06-15 08:30:00,3.0,1.0,1.2333333333333332,5
2024-06-15 11:45:00,2024-06-15 17:15:00,5.75,2.3,2.952173913043479,11
2024-06-15 18:45:00,2024-06-16 13:15:00,18.75,1.7,3.1053333333333333,18
2024-06-16 14:45:00,2024-06-16 18:30:00,4.0,3.2,3.875,14
2024-06-17 03:45:00,2024-06-17 07:30:00,4.0,3.2,3.5625,3
2024-06-17 11:45:00,2024-06-17 13:45:00,2.25,3.4,3.7333333333333334,11
2024-06-17 15:45:00,2024-06-17 20:45:00,5.25,4.3,5.457142857142857,15
2024-06-18 00:15:00,2024-06-18 03:45:00,3.75,2.1,3.4866666666666664,0
2024-06-18 05:30:00,2024-06-18 06:00:00,0.75,3.0,3.1333333333333333,5
2024-06-18 08:15:00,2024-06-18 08:30:00,0.5,4.2,4.300000000000001,8
2024-06-18 11:15:00,2024-06-18 11:30:00,0.5,4.6,4.699999999999999,11
2024-06-18 14:15:00,2024-06-18 18:30:00,4.5,3.1,4.033333333333333,14
2024-06-18 22:00:00,2024-06-19 00:45:00,3.0,4.2,4.55,22
2024-06-19 02:30:00,2024-06-19 03:30:00,1.25,3.8,4.12,2
2024-06-19 08:00:00,2024-06-19 08:15:00,0.5,4.8,4.9,8
2024-06-19 09:45:00,2024-06-19 13:15:00,3.75,3.7,4.466666666666668,9
2024-06-19 14:45:00,2024-06-19 16:00:00,1.5,3.2,3.433333333333333,14
2024-06-19 19:00:00,2024-06-19 22:30:00,3.75,2.4,3.3466666666666662,19
2024-06-20 00:30:00,2024-06-20 01:15:00,1.0,3.2,3.425,0
2024-06-20 03:45:00,2024-06-20 04:15:00,0.75,3.3,3.3666666666666667,3
2024-06-20 08:45:00,2024-06-20 10:00:00,1.5,4.2,4.383333333333334,8
2024-06-20 16:30:00,2024-06-20 21:45:00,5.5,2.5,2.8499999999999996,16
2024-06-20 23:15:00,2024-06-21 00:30:00,1.5,2.7,3.0,23
2024-06-21 04:30:00,2024-06-21 05:00:00,0.75,3.4,3.5,4
2024-06-21 10:15:00,2024-06-21 11:00:00,1.0,3.7,3.8499999999999996,10
2024-06-21 16:45:00,2024-06-21 20:30:00,4.0,2.6,3.0125,16
2024-06-22 00:00:00,2024-06-22 01:30:00,1.75,2.8,2.971428571428571,0
2024-06-22 04:15:00,2024-06-22 06:15:00,2.25,3.0,3.388888888888889,4
2024-06-22 15:15:00,2024-06-22 20:00:00,5.0,2.8,3.2399999999999998,15
2024-06-22 22:00:00,2024-06-23 01:15:00,3.5,2.4,2.978571428571428,22
2024-06-23 04:15:00,2024-06-23 06:00:00,2.0,2.7,3.1,4
2024-06-23 12:00:00,2024-06-23 14:00:00,2.25,3.9,4.288888888888889,12
2024-06-23 16:45:00,2024-06-23 21:15:00,4.75,3.0,3.38421052631579,16
2024-06-23 23:00:00,2024-06-24 02:00:00,3.25,3.1,3.4384615384615387,23
2024-06-24 03:30:00,2024-06-24 05:00:00,1.75,2.6,2.942857142857143,3
2024-06-24 06:45:00,2024-06-24 10:00:00,3.5,3.2,3.6071428571428568,6
2024-06-24 13:15:00,2024-06-24 16:00:00,3.0,2.9,3.733333333333333,13
2024-06-24 17:30:00,2024-06-24 18:00:00,0.75,2.6,2.6999999999999997,17
2024-06-24 19:30:00,2024-06-24 20:45:00,1.5,2.4,2.4833333333333334,19
2024-06-25 06:00:00,2024-06-25 08:15:00,2.5,2.1,2.4000000000000004,6
2024-06-25 10:30:00,2024-06-25 11:00:00,0.75,2.4,2.6333333333333333,10
2024-06-25 13:00:00,2024-06-25 18:00:00,5.25,2.8,3.5523809523809526,13
2024-06-25 19:30:00,2024-06-26 06:30:00,11.25,1.9,2.751111111111111,19
2024-06-26 08:00:00,2024-06-26 10:30:00,2.75,1.9,2.1999999999999997,8
2024-07-11 17:30:00,2024-07-11 22:45:00,5.5,1.1,1.7454545454545458,17
2024-07-12 18:00:00,2024-07-12 20:30:00,2.75,1.7,2.0636363636363635,18
2024-07-12 22:00:00,2024-07-13 01:30:00,3.75,0.6,1.2666666666666666,22
2024-07-13 12:30:00,2024-07-13 14:15:00,2.0,1.4,1.5750000000000002,12
2024-07-13 16:00:00,2024-07-13 17:45:00,2.0,2.1,2.5125,16
2024-07-13 20:15:00,2024-07-14 02:45:00,6.75,0.7,1.4740740740740743,20
2024-07-14 17:30:00,2024-07-15 00:15:00,7.0,0.6,2.3607142857142853,17
2024-07-15 13:15:00,2024-07-15 15:45:00,2.75,2.4,2.818181818181818,13
2024-07-15 17:30:00,2024-07-16 01:30:00,8.25,0.8,2.7515151515151515,17
2024-07-16 05:45:00,2024-07-16 07:15:00,1.75,0.6,0.7142857142857143,5
2024-07-16 09:45:00,2024-07-16 10:45:00,1.25,0.9,1.2600000000000002,9
2024-07-16 16:00:00,2024-07-16 21:00:00,5.25,2.0,3.1238095238095234,16
2024-07-17 01:15:00,2024-07-17 07:15:00,6.25,0.6,1.7520000000000002,1
2024-07-17 11:45:00,2024-07-17 20:15:00,8.75,1.2,1.9114285714285717,11
2024-07-17 22:00:00,2024-07-17 23:15:00,1.5,1.1,1.1833333333333333,22
2024-07-18 01:15:00,2024-07-18 02:30:00,1.5,0.6,0.8999999999999999,1
2024-07-18 14:00:00,2024-07-18 17:00:00,3.25,2.6,3.9307692307692315,14
2024-07-18 18:30:00,2024-07-19 10:15:00,16.0,1.1,2.7890625,18
2024-07-19 11:45:00,2024-07-20 03:15:00,15.75,0.9,2.0412698412698416,11
2024-07-20 07:30:00,2024-07-20 09:15:00,2.0,1.1,1.7625000000000002,7
2024-07-20 11:15:00,2024-07-20 12:45:00,1.75,1.0,1.3142857142857143,11
2024-07-20 15:30:00,2024-07-20 16:30:00,1.25,1.1,1.42,15
2024-07-20 18:15:00,2024-07-21 01:15:00,7.25,1.1,1.9344827586206894,18
2024-07-21 03:15:00,2024-07-21 08:45:00,5.75,1.0,1.4130434782608698,3
2024-07-21 10:30:00,2024-07-21 16:15:00,6.0,1.0,1.4375,10
2024-07-21 18:30:00,2024-07-21 21:15:00,3.0,0.7,0.9666666666666667,18
2024-07-22 16:30:00,2024-07-23 00:00:00,7.75,0.8,1.6451612903225807,16
2024-07-23 13:45:00,2024-07-23 21:15:00,7.75,0.8,1.3387096774193548,13
2024-08-09 10:00:00,2024-08-09 11:00:00,1.25,1.4,2.0,10
2024-08-09 12:30:00,2024-08-09 17:30:00,5.25,1.6,2.1857142857142855,12
2024-08-09 19:45:00,2024-08-10 00:30:00,5.0,0.9,1.175,19
2024-08-10 04:00:00,2024-08-10 04:30:00,0.75,0.9,1.0666666666666667,4
2024-08-10 06:00:00,2024-08-10 06:15:00,0.5,1.0,1.1,6
2024-08-10 10:00:00,2024-08-10 18:00:00,8.25,2.1,2.757575757575758,10
2024-08-10 19:30:00,2024-08-10 21:30:00,2.25,2.3,2.477777777777778,19
2024-08-10 23:45:00,2024-08-11 03:45:00,4.25,1.7,1.9882352941176473,23
2024-08-11 07:45:00,2024-08-11 10:15:00,2.75,1.1,1.4090909090909092,7
2024-08-11 12:00:00,2024-08-11 12:30:00,0.75,1.7,1.9333333333333336,12
2024-08-11 14:00:00,2024-08-12 02:45:00,13.0,0.8,2.1807692307692306,14
2024-08-12 04:15:00,2024-08-12 07:15:00,3.25,0.6,1.0923076923076922,4
2024-08-12 10:15:00,2024-08-12 11:30:00,1.5,1.4,1.6833333333333333,10
2024-08-12 15:15:00,2024-08-12 18:15:00,3.25,2.0,2.723076923076923,15
2024-08-12 19:45:00,2024-08-12 23:45:00,4.25,2.0,3.1235294117647063,19
2024-08-13 01:15:00,2024-08-13 04:00:00,3.0,1.6,2.75,1
2024-08-13 05:45:00,2024-08-13 07:00:00,1.5,1.9,2.4833333333333334,5
2024-08-13 10:00:00,2024-08-13 20:30:00,10.75,2.1,3.1953488372093024,10
2024-08-14 04:00:00,2024-08-14 06:15:00,2.5,2.0,2.3600000000000003,4
2024-08-14 08:00:00,2024-08-14 09:00:00,1.25,1.6,1.8199999999999998,8
2024-08-14 10:30:00,2024-08-14 12:45:00,2.5,1.6,2.2600000000000002,10
2024-08-14 14:15:00,2024-08-14 15:00:00,1.0,2.7,3.075,14
2024-08-14 16:30:00,2024-08-15 08:00:00,15.75,2.0,3.977777777777778,16
2024-08-15 10:00:00,2024-08-15 20:15:00,10.5,1.8,3.3499999999999996,10
2024-08-15 21:45:00,2024-08-16 01:30:00,4.0,1.2,2.33125,21
2024-08-16 03:15:00,2024-08-16 04:00:00,1.0,1.0,1.225,3
2024-08-16 05:30:00,2024-08-16 07:00:00,1.75,1.3,1.6428571428571428,5
2024-08-16 08:30:00,2024-08-17 05:45:00,21.5,1.0,3.01860465116279,8
2024-08-17 07:15:00,2024-08-17 09:00:00,2.0,2.3,2.6125,7
2024-08-17 10:30:00,2024-08-17 11:30:00,1.25,2.2,2.4200000000000004,10
2024-08-17 13:30:00,2024-08-18 01:15:00,12.0,2.0,3.6020833333333333,13
2024-08-18 03:45:00,2024-08-18 06:15:00,2.75,2.5,3.2,3
2024-08-18 07:45:00,2024-08-18 08:30:00,1.0,2.4,2.575,7
2024-08-18 10:00:00,2024-08-18 16:45:00,7.0,2.0,2.317857142857143,10
2024-08-18 19:00:00,2024-08-18 23:15:00,4.5,1.7,2.1833333333333336,19
2024-08-19 00:45:00,2024-08-19 01:15:00,0.75,2.0,2.066666666666667,0
2024-08-19 03:00:00,2024-08-19 08:15:00,5.5,1.0,1.668181818181818,3
2024-08-19 10:15:00,2024-08-19 12:15:00,2.25,0.9,1.3777777777777778,10
2024-08-19 14:15:00,2024-08-20 04:30:00,14.5,0.8,1.981034482758621,14
2024-08-20 06:15:00,2024-08-20 12:45:00,6.75,0.7,2.259259259259259,6
2024-08-20 14:15:00,2024-08-21 00:15:00,10.25,0.6,1.521951219512195,14
2024-08-21 01:45:00,2024-08-21 03:00:00,1.5,1.3,1.55,1
2024-08-21 04:30:00,2024-08-21 05:45:00,1.5,1.4,1.6000000000000003,4
2024-08-21 07:45:00,2024-08-21 09:00:00,1.5,1.2,1.3,7
2024-08-21 10:30:00,2024-08-21 13:45:00,3.5,1.2,2.0785714285714287,10
2024-08-21 15:30:00,2024-08-22 11:15:00,20.0,1.0,3.1437500000000003,15
2024-08-22 12:45:00,2024-08-22 20:45:00,8.25,2.4,4.033333333333333,12
2024-08-22 22:15:00,2024-08-23 00:15:00,2.25,4.4,4.688888888888888,22
2024-08-23 02:30:00,2024-08-23 04:15:00,2.0,3.6,3.95,2
2024-08-23 06:00:00,2024-08-23 08:30:00,2.75,3.4,3.7454545454545456,6
2024-08-23 10:45:00,2024-08-23 20:00:00,9.5,2.8,4.155263157894738,10
2024-08-23 21:45:00,2024-08-23 22:45:00,1.25,2.7,3.0200000000000005,21
2024-08-24 00:45:00,2024-08-24 02:15:00,1.75,2.6,2.8714285714285714,0
2024-08-24 04:15:00,2024-08-24 05:30:00,1.5,2.6,2.9,4
2024-08-24 07:15:00,2024-08-25 03:30:00,20.5,2.1,4.215853658536585,7
2024-08-25 06:15:00,2024-08-25 11:45:00,5.75,1.2,1.665217391304348,6
2024-08-25 17:30:00,2024-08-26 02:30:00,9.25,1.7,3.1783783783783783,17
2024-08-26 05:30:00,2024-08-26 05:45:00,0.5,1.5,1.6,5
2024-08-26 15:45:00,2024-08-26 17:15:00,1.75,2.6,2.9571428571428577,15
2024-08-26 19:45:00,2024-08-26 20:15:00,0.75,2.6,2.6666666666666665,19
2024-08-26 22:00:00,2024-08-26 23:00:00,1.25,2.2,2.94,22
2024-08-27 02:15:00,2024-08-27 05:30:00,3.5,2.2,2.485714285714286,2
2024-08-27 07:15:00,2024-08-27 08:45:00,1.75,2.0,2.3285714285714287,7
2024-08-27 10:45:00,2024-08-27 11:15:00,0.75,2.2,2.6,10
2024-08-27 12:45:00,2024-08-27 13:15:00,0.75,3.1,3.1666666666666665,12
2024-08-27 16:15:00,2024-08-28 06:30:00,14.5,2.7,3.7448275862068967,16
2024-08-28 11:00:00,2024-08-28 16:45:00,6.0,2.8,3.954166666666667,11
2024-08-28 18:15:00,2024-08-28 21:45:00,3.75,3.1,4.133333333333334,18
2024-08-28 23:30:00,2024-08-29 00:15:00,1.0,2.7,3.075,23
2024-08-29 02:15:00,2024-08-29 05:15:00,3.25,3.4,3.715384615384615,2
2024-08-29 07:45:00,2024-08-29 12:00:00,4.5,3.0,3.572222222222222,7
2024-08-29 13:30:00,2024-08-29 21:15:00,8.0,3.6,4.46875,13
2024-08-29 23:00:00,2024-08-29 23:30:00,0.75,3.5,3.6999999999999997,23
2024-08-30 01:00:00,2024-08-30 03:15:00,2.5,2.9,3.1700000000000004,1
2024-08-30 05:15:00,2024-08-30 09:00:00,4.0,2.9,3.2312499999999997,5
2024-08-30 10:30:00,2024-08-30 17:45:00,7.5,1.9,2.486666666666667,10
2024-08-30 20:15:00,2024-08-31 01:00:00,5.0,1.6,1.9450000000000003,20
2024-08-31 02:30:00,2024-08-31 05:15:00,3.0,1.5,1.958333333333333,2
2024-08-31 06:45:00,2024-08-31 07:30:00,1.0,1.8,2.025,6
2024-08-31 10:30:00,2024-08-31 12:00:00,1.75,1.7,1.842857142857143,10
2024-08-31 13:45:00,2024-08-31 16:00:00,2.5,1.4,1.7,13
2024-08-31 17:30:00,2024-08-31 19:45:00,2.5,1.2,1.54,17
2024-08-31 21:15:00,2024-08-31 21:45:00,0.75,1.1,1.2333333333333334,21
2024-09-01 11:00:00,2024-09-01 13:15:00,2.5,1.2,1.5400000000000003,11
2024-09-01 14:45:00,2024-09-01 15:45:00,1.25,2.1,2.4,14
2024-09-01 17:30:00,2024-09-02 10:00:00,16.75,1.4,2.264179104477612,17
2024-09-02 14:15:00,2024-09-03 02:30:00,12.5,2.2,3.276,14
2024-09-03 04:00:00,2024-09-03 12:15:00,8.5,2.0,3.2323529411764698,4
2024-09-03 14:15:00,2024-09-03 14:45:00,0.75,4.4,4.566666666666667,14
2024-09-03 16:30:00,2024-09-04 04:45:00,12.5,3.3,4.442,16
2024-09-04 09:45:00,2024-09-04 20:30:00,11.0,2.7,4.347727272727273,9
2024-09-04 22:15:00,2024-09-04 22:30:00,0.5,2.9,3.05,22
2024-09-05 00:00:00,2024-09-05 10:15:00,10.5,1.9,2.7476190476190476,0
2024-09-05 12:30:00,2024-09-05 13:45:00,1.5,1.9,2.1166666666666667,12
2024-09-05 17:30:00,2024-09-05 21:45:00,4.5,1.9,2.0944444444444446,17
2024-09-05 23:45:00,2024-09-06 00:30:00,1.0,1.7,2.025,23
2024-09-06 06:45:00,2024-09-06 07:00:00,0.5,1.8,1.9,6
2024-09-06 09:15:00,2024-09-06 11:45:00,2.75,1.7,1.8545454545454545,9
2024-09-06 13:30:00,2024-09-06 14:45:00,1.5,1.6,1.75,13
2024-09-06 18:15:00,2024-09-06 19:15:00,1.25,1.4,1.7399999999999998,18
2024-09-06 22:30:00,2024-09-07 03:45:00,5.5,1.2,1.4363636363636363,22
2024-09-07 05:30:00,2024-09-07 06:00:00,0.75,1.0,1.1333333333333333,5
2024-09-07 13:15:00,2024-09-07 16:45:00,3.75,1.2,1.44,13
2024-09-07 21:30:00,2024-09-07 23:15:00,2.0,1.3,1.475,21
2024-09-08 01:15:00,2024-09-08 02:00:00,1.0,1.0,1.275,1
2024-09-08 07:45:00,2024-09-08 09:00:00,1.5,0.9,1.1833333333333336,7
2024-09-08 13:45:00,2024-09-08 21:00:00,7.5,1.7,2.45,13
2024-09-08 22:30:00,2024-09-08 23:00:00,0.75,2.2,2.5333333333333337,22
2024-09-09 01:00:00,2024-09-09 06:45:00,6.0,1.2,1.7291666666666667,1
2024-09-09 08:45:00,2024-09-09 13:00:00,4.5,1.7,2.066666666666667,8
2024-09-09 17:15:00,2024-09-10 02:30:00,9.5,2.0,2.484210526315789,17
2024-09-10 04:00:00,2024-09-10 04:15:00,0.5,2.2,2.35,4
2024-09-10 05:45:00,2024-09-10 06:30:00,1.0,1.7,1.85,5
2024-09-10 09:45:00,2024-09-10 11:00:00,1.5,1.6,1.7833333333333332,9
2024-09-10 12:30:00,2024-09-10 13:45:00,1.5,1.8,2.0500000000000003,12
2024-09-10 15:30:00,2024-09-10 16:45:00,1.5,1.7,1.883333333333333,15
2024-09-10 18:45:00,2024-09-10 21:00:00,2.5,1.3,1.7399999999999998,18
2024-09-10 23:30:00,2024-09-11 02:00:00,2.75,1.8,2.090909090909091,23
2024-09-11 14:15:00,2024-09-11 15:00:00,1.0,1.3,1.375,14
2024-09-11 21:15:00,2024-09-11 22:30:00,1.5,1.4,1.8333333333333333,21
2024-09-12 07:00:00,2024-09-12 10:45:00,4.0,3.1,4.449999999999999,7
2024-09-12 15:30:00,2024-09-12 16:00:00,0.75,3.6,3.933333333333333,15
2024-09-12 17:30:00,2024-09-12 19:45:00,2.5,3.6,3.8300000000000005,17
2024-09-13 05:30:00,2024-09-13 07:30:00,2.25,3.6,4.155555555555555,5
2024-10-01 12:15:00,2024-10-01 12:30:00,0.5,1.9,2.0,12
2024-10-01 20:30:00,2024-10-01 23:00:00,2.75,2.6,2.972727272727273,20
2024-10-02 00:30:00,2024-10-02 02:45:00,2.5,2.5,2.7199999999999998,0
2024-10-02 04:45:00,2024-10-02 06:45:00,2.25,2.2,2.4222222222222225,4
2024-10-02 15:15:00,2024-10-02 16:15:00,1.25,2.5,2.7,15
2024-10-02 20:30:00,2024-10-02 20:45:00,0.5,2.3,2.45,20
2024-10-02 22:15:00,2024-10-03 01:00:00,3.0,1.8,2.083333333333333,22
2024-10-03 19:45:00,2024-10-04 01:30:00,6.0,2.4,3.2125,19
2024-10-04 04:30:00,2024-10-04 05:30:00,1.25,1.8,2.0,4
2024-10-04 08:45:00,2024-10-04 09:15:00,0.75,1.9,2.1666666666666665,8
2024-10-04 22:15:00,2024-10-04 23:15:00,1.25,2.7,2.7800000000000002,22
2024-10-05 09:30:00,2024-10-05 10:15:00,1.0,1.9,2.025,9
2024-10-05 14:45:00,2024-10-05 15:15:00,0.75,2.0,2.1333333333333333,14
2024-10-05 17:30:00,2024-10-05 22:00:00,4.75,1.8,2.331578947368421,17
2024-10-05 23:45:00,2024-10-06 00:30:00,1.0,2.3,2.425,23
2024-10-06 10:30:00,2024-10-06 11:45:00,1.5,1.9,2.016666666666667,10
2024-10-06 21:15:00,2024-10-07 01:00:00,4.0,2.5,2.78125,21
2024-10-07 05:00:00,2024-10-07 06:15:00,1.5,1.8,2.0,5
2024-10-07 15:15:00,2024-10-07 17:15:00,2.25,3.5,3.677777777777778,15
2024-10-07 20:15:00,2024-10-07 22:15:00,2.25,3.4,3.644444444444444,20
2024-10-08 00:15:00,2024-10-08 01:15:00,1.25,3.0,3.3,0
2024-10-08 02:45:00,2024-10-08 04:45:00,2.25,2.8,3.5555555555555554,2
2024-10-09 06:15:00,2024-10-09 07:30:00,1.5,3.1,3.566666666666667,6
2024-10-09 13:15:00,2024-10-09 14:30:00,1.5,3.1,3.316666666666667,13
2024-10-09 16:15:00,2024-10-09 21:30:00,5.5,3.4,3.6727272727272733,16
2024-10-09 23:30:00,2024-10-10 00:30:00,1.25,3.4,3.6400000000000006,23
2024-10-10 02:00:00,2024-10-10 02:15:00,0.5,3.8,3.9,2
2024-10-10 04:15:00,2024-10-10 05:00:00,1.0,3.1,3.475,4
2024-10-10 07:30:00,2024-10-10 08:45:00,1.5,3.0,3.1666666666666665,7
2024-10-10 13:30:00,2024-10-10 14:15:00,1.0,3.5,3.75,13
2024-10-10 16:45:00,2024-10-10 18:45:00,2.25,3.9,4.033333333333334,16
2024-10-10 20:30:00,2024-10-11 04:00:00,7.75,3.1,3.4000000000000004,20
2024-10-11 07:15:00,2024-10-11 07:45:00,0.75,3.5,3.6333333333333333,7
2024-10-11 15:15:00,2024-10-11 16:30:00,1.5,3.8,4.033333333333333,15
2024-10-11 19:30:00,2024-10-11 19:45:00,0.5,3.9,4.05,19
2024-10-11 23:15:00,2024-10-12 01:45:00,2.75,3.8,4.109090909090909,23
2024-10-12 03:45:00,2024-10-12 05:45:00,2.25,3.6,3.811111111111111,3
2024-10-12 11:45:00,2024-10-12 13:30:00,2.0,4.0,4.199999999999999,11
2024-10-12 17:00:00,2024-10-12 18:15:00,1.5,3.8,3.9166666666666665,17
2024-10-12 20:00:00,2024-10-13 00:45:00,5.0,2.8,3.3699999999999997,20
2024-10-13 06:45:00,2024-10-13 08:30:00,2.0,3.4,3.5375,6
2024-10-13 17:30:00,2024-10-13 19:45:00,2.5,3.6,3.8600000000000003,17
2024-10-13 22:00:00,2024-10-13 23:00:00,1.25,3.7,3.7800000000000002,22
2024-10-14 01:45:00,2024-10-14 06:00:00,4.5,2.7,3.25,1
2024-10-14 14:15:00,2024-10-14 15:30:00,1.5,3.9,4.116666666666667,14
2024-10-14 18:00:00,2024-10-15 00:15:00,6.5,3.5,3.823076923076923,18
2024-10-15 02:15:00,2024-10-15 04:30:00,2.5,3.2,3.4200000000000004,2
2024-10-15 07:45:00,2024-10-15 08:15:00,0.75,3.0,3.0666666666666664,7
2024-10-15 12:15:00,2024-10-15 12:45:00,0.75,3.6,3.766666666666666,12
2024-10-15 14:30:00,2024-10-15 22:15:00,8.0,2.7,3.390625,14
2024-10-16 00:30:00,2024-10-16 02:30:00,2.25,2.8,3.755555555555555,0
2024-10-16 09:15:00,2024-10-16 10:00:00,1.0,4.4,4.574999999999999,9
2024-10-16 13:30:00,2024-10-16 14:30:00,1.25,5.3,5.5600000000000005,13
2024-10-16 18:15:00,2024-10-16 19:15:00,1.25,5.2,5.3999999999999995,18
2024-10-17 11:30:00,2024-10-17 12:45:00,1.5,5.3,5.45,11
2024-10-17 14:30:00,2024-10-17 16:15:00,2.0,5.4,5.575,14
2024-10-17 19:00:00,2024-10-17 21:00:00,2.25,5.1,5.466666666666667,19
2024-10-17 22:30:00,2024-10-17 22:45:00,0.5,5.4,5.5,22
2024-10-18 01:15:00,2024-10-18 02:30:00,1.5,5.3,5.5,1
2024-10-18 07:45:00,2024-10-18 09:00:00,1.5,4.8,5.1499999999999995,7
2024-10-18 11:30:00,2024-10-18 12:30:00,1.25,5.2,5.46,11
2024-10-19 00:00:00,2024-10-19 00:45:00,1.0,5.8,5.95,0
2024-10-19 04:00:00,2024-10-19 05:45:00,2.0,5.3,5.5625,4
2024-10-19 07:30:00,2024-10-19 10:00:00,2.75,5.1,5.445454545454545,7
2024-10-19 12:15:00,2024-10-19 18:30:00,6.5,5.3,5.7423076923076914,12
2024-10-20 07:30:00,2024-10-20 08:30:00,1.25,5.5,5.659999999999999,7
2024-10-20 22:45:00,2024-10-20 23:15:00,0.75,6.1,6.233333333333333,22
2024-10-21 02:15:00,2024-10-21 03:15:00,1.25,6.1,6.24,2
2024-10-21 08:00:00,2024-10-21 09:00:00,1.25,5.7,5.9399999999999995,8
2024-10-21 16:30:00,2024-10-21 17:15:00,1.0,6.2,6.35,16
2024-10-21 19:45:00,2024-10-21 21:45:00,2.25,5.9,6.111111111111111,19
2024-10-22 18:30:00,2024-10-22 20:30:00,2.25,5.3,5.855555555555556,18
2024-10-23 00:45:00,2024-10-23 01:15:00,0.75,5.9,5.966666666666666,0
2024-10-23 06:30:00,2024-10-23 07:15:00,1.0,5.2,5.275,6
2024-10-23 19:45:00,2024-10-24 00:45:00,5.25,5.2,5.690476190476191,19
2024-10-24 05:15:00,2024-10-24 06:15:00,1.25,4.7,4.92,5
2024-10-24 08:30:00,2024-10-24 10:30:00,2.25,4.5,4.777777777777778,8
2024-10-24 14:00:00,2024-10-24 17:15:00,3.5,4.9,5.3,14
2024-10-24 20:15:00,2024-10-25 00:45:00,4.75,4.6,5.015789473684211,20
2024-10-25 06:15:00,2024-10-25 07:30:00,1.5,4.2,4.283333333333333,6
2024-10-25 14:30:00,2024-10-25 21:00:00,6.75,4.4,4.733333333333333,14
2024-10-26 06:30:00,2024-10-26 07:45:00,1.5,4.2,4.45,6
2024-10-26 09:30:00,2024-10-26 15:30:00,6.25,4.7,5.016,9
2024-10-26 20:00:00,2024-10-27 03:30:00,7.75,4.4,5.0838709677419365,20
2024-10-27 18:45:00,2024-10-27 19:45:00,1.25,4.5,4.720000000000001,18
2024-10-27 21:15:00,2024-10-27 22:15:00,1.25,4.6,4.9,21
2024-10-28 01:30:00,2024-10-28 03:45:00,2.5,4.6,4.909999999999999,1
2024-10-28 06:45:00,2024-10-28 07:45:00,1.25,4.6,4.74,6
2024-10-28 17:15:00,2024-10-29 02:00:00,9.0,4.6,5.397222222222222,17
2024-10-29 03:30:00,2024-10-29 06:30:00,3.25,4.2,4.661538461538462,3
2024-10-29 10:30:00,2024-10-29 12:30:00,2.25,5.2,5.588888888888889,10
2024-10-29 16:30:00,2024-10-30 01:00:00,8.75,4.6,5.545714285714286,16
2024-10-30 03:00:00,2024-10-30 05:15:00,2.5,4.4,4.75,3
2024-10-30 10:30:00,2024-10-30 15:00:00,4.75,4.8,5.610526315789474,10
2024-10-30 16:45:00,2024-10-30 19:45:00,3.25,4.2,5.592307692307693,16
2024-10-30 21:15:00,2024-10-30 21:45:00,0.75,4.2,4.366666666666667,21
2024-10-31 04:00:00,2024-10-31 04:45:00,1.0,4.4,4.45,4
2024-10-31 15:00:00,2024-10-31 20:00:00,5.25,4.3,5.500000000000001,15
2024-10-31 22:45:00,2024-10-31 23:45:00,1.25,4.9,5.220000000000001,22
2024-11-01 04:30:00,2024-11-01 07:00:00,2.75,4.2,4.490909090909091,4
2024-11-01 11:30:00,2024-11-01 11:45:00,0.5,4.1,4.25,11
2024-11-01 15:30:00,2024-11-01 17:45:00,2.5,3.5,4.08,15
2024-11-01 19:15:00,2024-11-01 22:00:00,3.0,3.5,4.216666666666666,19
2024-11-01 23:45:00,2024-11-02 00:45:00,1.25,4.1,4.4,23
2024-11-02 08:15:00,2024-11-02 09:30:00,1.5,3.6,3.75,8
2024-11-02 15:00:00,2024-11-02 20:30:00,5.75,3.3,4.7565217391304335,15
2024-11-02 23:30:00,2024-11-03 02:45:00,3.5,4.4,4.807142857142857,23
2024-11-03 10:15:00,2024-11-03 11:00:00,1.0,4.5,4.975,10
2024-11-03 13:00:00,2024-11-03 19:00:00,6.25,5.4,6.007999999999999,13
2024-11-04 00:30:00,2024-11-04 02:45:00,2.5,5.4,5.62,0
2024-11-04 07:45:00,2024-11-04 09:45:00,2.25,4.0,4.522222222222222,7
2024-11-04 14:30:00,2024-11-04 16:15:00,2.0,5.4,5.800000000000001,14
2024-11-04 17:45:00,2024-11-04 19:15:00,1.75,5.6,5.785714285714286,17
2024-11-04 23:30:00,2024-11-05 00:00:00,0.75,6.0,6.2,23
2024-11-05 01:30:00,2024-11-05 04:15:00,3.0,4.7,5.250000000000001,1
2024-11-05 11:30:00,2024-11-05 14:00:00,2.75,4.3,4.5636363636363635,11
2024-11-05 17:00:00,2024-11-05 22:45:00,6.0,4.8,5.262499999999999,17
2024-11-06 01:30:00,2024-11-06 01:45:00,0.5,4.8,4.949999999999999,1
2024-11-06 03:30:00,2024-11-06 05:45:00,2.5,4.0,4.409999999999999,3
2024-11-06 08:00:00,2024-11-06 08:45:00,1.0,3.6,3.7499999999999996,8
2024-11-06 21:30:00,2024-11-06 21:45:00,0.5,3.8,3.9,21
2024-11-07 05:30:00,2024-11-07 05:45:00,0.5,3.0,3.1,5
2024-11-07 10:30:00,2024-11-07 11:00:00,0.75,2.7,2.8333333333333335,10
2024-11-07 17:45:00,2024-11-07 18:15:00,0.75,2.7,3.0,17
2024-11-07 21:45:00,2024-11-07 22:45:00,1.25,2.9,2.98,21
2024-11-08 00:15:00,2024-11-08 05:30:00,5.5,2.7,3.0045454545454535,0
2024-11-08 07:00:00,2024-11-08 10:15:00,3.5,2.1,2.6142857142857143,7
2024-11-08 13:45:00,2024-11-08 16:45:00,3.25,2.0,2.269230769230769,13
2024-11-08 21:45:00,2024-11-09 00:15:00,2.75,2.3,2.7636363636363637,21
2024-11-09 01:45:00,2024-11-09 03:00:00,1.5,3.2,3.5666666666666664,1
2024-11-09 05:30:00,2024-11-09 10:45:00,5.5,2.2,2.8272727272727276,5
2024-11-09 14:15:00,2024-11-09 15:00:00,1.0,3.7,4.325,14
2024-11-09 16:30:00,2024-11-09 17:15:00,1.0,4.4,4.55,16
2024-11-09 18:45:00,2024-11-09 21:00:00,2.5,3.8,4.179999999999999,18
2024-11-09 22:45:00,2024-11-09 23:15:00,0.75,3.5,4.0,22
2024-11-10 01:45:00,2024-11-10 02:00:00,0.5,4.2,4.4,1
2024-11-10 04:15:00,2024-11-10 05:30:00,1.5,3.9,4.45,4
2024-11-10 10:15:00,2024-11-10 12:00:00,2.0,3.1,3.375,10
2024-11-10 14:00:00,2024-11-10 19:45:00,6.0,2.8,3.345833333333333,14
2024-11-10 21:45:00,2024-11-11 00:00:00,2.5,3.3,3.38,21
2024-11-11 06:45:00,2024-11-11 07:15:00,0.75,3.0,3.1333333333333333,6
2024-11-11 20:30:00,2024-11-11 23:00:00,2.75,2.8,3.0818181818181816,20
2024-11-12 02:15:00,2024-11-12 03:30:00,1.5,2.5,2.65,2
2024-11-12 09:45:00,2024-11-12 10:30:00,1.0,2.1,2.3,9
2024-11-12 15:15:00,2024-11-12 16:30:00,1.5,2.0,2.0999999999999996,15
2024-11-13 10:15:00,2024-11-13 11:00:00,1.0,1.3,1.45,10
2024-11-13 13:00:00,2024-11-13 16:00:00,3.25,1.2,2.023076923076923,13
2024-11-13 21:30:00,2024-11-13 21:45:00,0.5,6.1,6.25,21
2024-11-13 23:15:00,2024-11-14 01:15:00,2.25,3.1,4.366666666666667,23
2024-11-14 03:15:00,2024-11-14 04:45:00,1.75,2.3,2.9,3
2024-11-14 14:00:00,2024-11-14 22:00:00,8.25,3.2,3.6333333333333333,14
2024-11-15 00:15:00,2024-11-15 03:00:00,3.0,2.8,3.0333333333333328,0
2024-11-15 06:00:00,2024-11-15 07:00:00,1.25,2.3,2.56,6
2024-11-15 13:00:00,2024-11-15 14:15:00,1.5,3.9,4.016666666666667,13
2024-11-15 23:45:00,2024-11-16 00:15:00,0.75,4.5,4.7,23
2024-11-16 06:00:00,2024-11-16 08:00:00,2.25,3.7,3.9222222222222225,6
2024-11-16 15:45:00,2024-11-16 17:15:00,1.75,5.3,5.6,15
2024-11-16 22:30:00,2024-11-16 22:45:00,0.5,6.7,6.85,22
2024-11-17 04:45:00,2024-11-17 07:30:00,3.0,4.7,4.925,4
2024-11-17 14:45:00,2024-11-17 15:30:00,1.0,5.7,5.825,14
2024-11-17 23:45:00,2024-11-18 02:45:00,3.25,6.2,6.723076923076923,23
2024-11-18 05:15:00,2024-11-18 06:45:00,1.75,5.1,5.357142857142857,5
2024-11-18 13:45:00,2024-11-18 15:45:00,2.25,5.9,6.177777777777778,13
2024-11-18 18:00:00,2024-11-18 18:15:00,0.5,5.7,5.800000000000001,18
2024-11-19 03:15:00,2024-11-19 07:00:00,4.0,4.3,5.5125,3
2024-11-19 10:15:00,2024-11-19 13:30:00,3.5,4.2,4.471428571428572,10
2024-11-19 20:30:00,2024-11-19 21:15:00,1.0,4.3,4.425,20
2024-11-20 01:00:00,2024-11-20 02:15:00,1.5,4.3,4.616666666666666,1
2024-11-20 05:45:00,2024-11-20 06:45:00,1.25,3.3,3.54,5
2024-11-21 00:00:00,2024-11-21 02:45:00,3.0,3.3,3.5416666666666665,0
2024-11-21 16:45:00,2024-11-22 05:00:00,12.5,4.4,4.932,16
2024-11-22 06:45:00,2024-11-22 07:30:00,1.0,4.4,4.525,6
2024-11-23 03:45:00,2024-11-23 04:45:00,1.25,6.8,6.9,3
2024-11-24 02:00:00,2024-11-24 03:30:00,1.75,6.1,6.328571428571429,2
2024-11-24 05:00:00,2024-11-24 07:15:00,2.5,5.5,5.82,5
2024-11-25 15:15:00,2024-11-25 15:45:00,0.75,6.4,6.5,15
2024-11-26 13:30:00,2024-11-26 15:45:00,2.5,5.3,5.5,13
2024-11-26 19:15:00,2024-11-26 19:45:00,0.75,5.3,5.433333333333333,19
2024-11-27 20:15:00,2024-11-27 21:15:00,1.25,4.8,4.880000000000001,20
2024-11-28 08:00:00,2024-11-28 08:45:00,1.0,4.2,4.25,8
2024-11-28 12:45:00,2024-11-28 14:15:00,1.75,4.6,4.828571428571429,12
2024-11-28 23:15:00,2024-11-29 03:00:00,4.0,4.5,4.893750000000001,23
2024-11-29 04:45:00,2024-11-29 06:30:00,2.0,4.3,4.4625,4
2024-11-29 17:30:00,2024-11-29 18:45:00,1.5,6.0,6.1499999999999995,17
2024-11-29 21:00:00,2024-11-30 01:00:00,4.25,5.4,5.847058823529412,21
2024-11-30 02:30:00,2024-11-30 06:00:00,3.75,4.6,4.986666666666666,2
2024-12-01 05:00:00,2024-12-01 07:15:00,2.5,5.8,6.33,5
2024-12-02 01:30:00,2024-12-02 02:15:00,1.0,7.4,7.549999999999999,1
2024-12-02 05:30:00,2024-12-02 07:15:00,2.0,5.9,6.225,5
2024-12-03 00:00:00,2024-12-03 00:45:00,1.0,7.4,7.549999999999999,0
2024-12-03 02:15:00,2024-12-03 03:30:00,1.5,7.1,7.283333333333332,2
2024-12-03 06:30:00,2024-12-03 07:00:00,0.75,6.1,6.3,6
2024-12-04 03:15:00,2024-12-04 06:00:00,3.0,6.9,7.233333333333334,3
2024-12-04 15:00:00,2024-12-04 15:45:00,1.0,7.3,7.425,15
2024-12-05 04:45:00,2024-12-05 08:15:00,3.75,6.2,7.386666666666668,4
2024-12-05 09:45:00,2024-12-05 16:00:00,6.5,6.0,6.85,9
2024-12-06 20:15:00,2024-12-07 00:00:00,4.0,6.8,7.08125,20
2024-12-07 04:15:00,2024-12-07 08:30:00,4.5,5.7,6.422222222222222,4
2024-12-07 15:15:00,2024-12-07 15:45:00,0.75,6.6,6.8,15
2024-12-07 17:15:00,2024-12-07 18:15:00,1.25,6.5,6.9799999999999995,17
2024-12-08 05:00:00,2024-12-08 09:15:00,4.5,7.1,7.622222222222222,5
2024-12-08 12:00:00,2024-12-08 21:15:00,9.5,6.7,7.086842105263158,12
2024-12-08 23:00:00,2024-12-08 23:45:00,1.0,6.7,6.8500000000000005,23
2024-12-10 13:45:00,2024-12-10 17:00:00,3.5,6.2,6.821428571428571,13
2024-12-10 19:15:00,2024-12-11 00:15:00,5.25,6.1,6.4190476190476184,19
2024-12-11 02:30:00,2024-12-11 03:00:00,0.75,6.1,6.266666666666666,2
2024-12-11 06:30:00,2024-12-11 07:00:00,0.75,5.7,5.866666666666667,6
2024-12-11 23:45:00,2024-12-12 04:00:00,4.5,4.9,5.877777777777777,23
2024-12-12 21:45:00,2024-12-13 05:45:00,8.25,4.5,6.390909090909091,21
2024-12-13 23:30:00,2024-12-14 03:30:00,4.25,6.0,7.394117647058823,23
2024-12-14 17:15:00,2024-12-14 18:30:00,1.5,8.2,8.433333333333332,17
2024-12-14 22:15:00,2024-12-14 23:45:00,1.75,8.1,8.22857142857143,22
2024-12-15 02:00:00,2024-12-15 06:45:00,5.0,6.0,7.359999999999999,2
2024-12-15 08:15:00,2024-12-15 09:15:00,1.25,6.1,6.220000000000001,8
2024-12-15 20:45:00,2024-12-15 21:15:00,0.75,7.5,7.633333333333333,20
2024-12-16 01:00:00,2024-12-16 03:45:00,3.0,6.8,7.016666666666667,1
2024-12-16 15:30:00,2024-12-16 17:30:00,2.25,7.0,7.788888888888888,15
2024-12-16 20:15:00,2024-12-16 22:00:00,2.0,7.1,7.25,20
2024-12-17 00:00:00,2024-12-17 05:00:00,5.25,5.8,6.352380952380951,0
2024-12-17 09:15:00,2024-12-17 10:00:00,1.0,5.7,5.949999999999999,9
2024-12-17 13:00:00,2024-12-17 14:30:00,1.75,6.6,6.914285714285714,13
2024-12-17 16:15:00,2024-12-17 18:45:00,2.75,6.5,6.881818181818182,16
2024-12-17 20:15:00,2024-12-17 21:15:00,1.25,6.2,6.460000000000001,20
2024-12-18 00:45:00,2024-12-18 04:15:00,3.75,5.6,5.926666666666665,0
2024-12-18 06:45:00,2024-12-18 08:45:00,2.25,5.3,5.455555555555555,6
2024-12-18 16:15:00,2024-12-18 18:00:00,2.0,5.8,6.200000000000001,16
2024-12-18 20:15:00,2024-12-19 02:45:00,6.75,5.0,5.77037037037037,20
2024-12-19 04:15:00,2024-12-19 05:45:00,1.75,4.9,5.057142857142857,4
2024-12-19 07:45:00,2024-12-19 08:45:00,1.25,4.7,4.880000000000001,7
2024-12-19 15:45:00,2024-12-19 18:30:00,3.0,5.6,5.816666666666666,15
2024-12-19 20:15:00,2024-12-19 21:15:00,1.25,5.3,5.5,20
2024-12-20 02:15:00,2024-12-20 03:45:00,1.75,4.6,4.757142857142858,2
2024-12-20 05:15:00,2024-12-20 07:00:00,2.0,3.8,4.125,5
2024-12-21 03:45:00,2024-12-21 06:30:00,3.0,4.3,4.733333333333333,3
2024-12-21 15:45:00,2024-12-22 05:00:00,13.5,4.8,5.985185185185186,15
2024-12-22 15:45:00,2024-12-22 17:15:00,1.75,6.9,7.028571428571429,15
2024-12-22 23:00:00,2024-12-23 00:15:00,1.5,6.6,6.716666666666668,23
2024-12-23 04:30:00,2024-12-23 07:30:00,3.25,6.0,6.3538461538461535,4
2024-12-23 20:45:00,2024-12-23 22:15:00,1.75,7.6,7.757142857142858,20
2024-12-24 00:00:00,2024-12-24 03:15:00,3.5,6.9,7.271428571428571,0
2024-12-24 06:30:00,2024-12-24 08:00:00,1.75,5.8,6.214285714285714,6
2024-12-24 14:15:00,2024-12-24 17:00:00,3.0,6.8,8.041666666666666,14
2024-12-24 18:45:00,2024-12-25 01:00:00,6.5,6.2,7.284615384615384,18
2024-12-25 02:45:00,2024-12-25 03:45:00,1.25,6.1,6.3999999999999995,2
2024-12-25 07:00:00,2024-12-25 07:45:00,1.0,6.0,6.1,7
2024-12-25 14:15:00,2024-12-25 17:30:00,3.5,6.3,6.835714285714286,14
2024-12-25 21:00:00,2024-12-26 02:00:00,5.25,5.7,6.485714285714285,21
2024-12-26 03:30:00,2024-12-26 04:45:00,1.5,5.6,5.766666666666667,3
2024-12-26 06:45:00,2024-12-26 08:00:00,1.5,5.4,5.716666666666668,6
2024-12-27 00:15:00,2024-12-27 06:45:00,6.75,2.9,3.9851851851851854,0
2024-12-27 10:30:00,2024-12-27 11:45:00,1.5,4.9,5.166666666666666,10
2024-12-27 14:00:00,2024-12-27 16:00:00,2.25,5.6,6.033333333333334,14
2024-12-27 17:30:00,2024-12-27 19:45:00,2.5,5.7,6.130000000000001,17
2024-12-27 22:00:00,2024-12-27 23:45:00,2.0,5.4,5.574999999999999,22
2024-12-28 01:30:00,2024-12-28 02:15:00,1.0,3.4,4.175,1
2024-12-28 04:30:00,2024-12-28 08:15:00,4.0,3.0,4.23125,4
2024-12-28 20:15:00,2024-12-28 21:00:00,1.0,4.3,4.75,20
2024-12-28 22:30:00,2024-12-28 23:15:00,1.0,4.0,4.2,22
2024-12-29 15:00:00,2024-12-29 15:15:00,0.5,4.7,4.9,15
2024-12-29 23:45:00,2024-12-30 00:00:00,0.5,4.7,4.800000000000001,23
2024-12-30 01:45:00,2024-12-30 02:45:00,1.25,5.4,5.4799999999999995,1
2024-12-30 13:00:00,2024-12-30 14:00:00,1.25,5.0,5.3,13
2024-12-31 11:45:00,2024-12-31 12:00:00,0.5,5.0,5.3,11
2024-12-31 22:30:00,2024-12-31 23:30:00,1.25,4.6,4.659999999999999,22
2025-01-01 09:15:00,2025-01-01 11:15:00,2.25,4.0,5.055555555555555,9
2025-01-01 22:30:00,2025-01-01 23:30:00,1.25,3.6,3.7400000000000007,22
2025-01-02 05:15:00,2025-01-02 06:15:00,1.25,3.0,3.16,5
2025-01-02 16:30:00,2025-01-02 17:30:00,1.25,3.3,3.38,16
2025-01-03 02:30:00,2025-01-03 05:00:00,2.75,2.6,3.063636363636364,2
2025-01-03 09:00:00,2025-01-03 10:45:00,2.0,2.8,3.0874999999999995,9
2025-01-03 12:15:00,2025-01-03 12:45:00,0.75,3.7,3.8000000000000003,12
2025-01-03 15:45:00,2025-01-04 01:00:00,9.5,4.1,4.510526315789474,15
2025-01-04 02:30:00,2025-01-04 04:30:00,2.25,4.6,4.744444444444444,2
2025-01-04 09:15:00,2025-01-04 11:00:00,2.0,4.2,4.275,9
2025-01-04 16:00:00,2025-01-04 17:15:00,1.5,4.3,4.4,16
2025-01-04 19:45:00,2025-01-04 20:45:00,1.25,3.9,4.0,19
2025-01-05 00:15:00,2025-01-05 01:45:00,1.75,3.7,4.142857142857142,0
2025-01-05 03:30:00,2025-01-05 07:15:00,4.0,3.3,3.7375,3
2025-01-05 08:45:00,2025-01-05 11:45:00,3.25,3.1,3.315384615384615,8
2025-01-06 15:30:00,2025-01-06 17:00:00,1.75,3.0,3.3,15
2025-01-06 18:30:00,2025-01-06 19:30:00,1.25,2.4,2.6399999999999997,18
2025-01-06 21:15:00,2025-01-07 00:45:00,3.75,2.3,2.7266666666666666,21
2025-01-07 04:00:00,2025-01-07 06:45:00,3.0,2.5,2.8333333333333335,4
2025-01-07 17:00:00,2025-01-08 01:45:00,9.0,2.4,3.5277777777777777,17
2025-01-08 03:45:00,2025-01-08 09:00:00,5.5,3.2,5.172727272727273,3
2025-01-08 21:15:00,2025-01-09 02:45:00,5.75,6.9,8.234782608695653,21
2025-01-09 16:30:00,2025-01-10 07:15:00,15.0,6.0,7.145,16
2025-01-10 09:00:00,2025-01-10 10:00:00,1.25,6.2,6.960000000000001,9
2025-01-10 11:45:00,2025-01-10 13:45:00,2.25,4.4,5.455555555555556,11
2025-01-10 15:30:00,2025-01-10 15:45:00,0.5,5.3,5.4,15
2025-01-10 18:00:00,2025-01-10 18:15:00,0.5,5.3,5.8,18
2025-01-11 01:00:00,2025-01-11 03:15:00,2.5,6.0,6.29,1
2025-01-11 09:15:00,2025-01-11 10:15:00,1.25,5.7,6.4,9
2025-01-11 22:45:00,2025-01-12 02:45:00,4.25,6.6,7.388235294117647,22
2025-01-12 06:00:00,2025-01-12 09:15:00,3.5,5.9,6.814285714285714,6
2025-01-13 02:00:00,2025-01-13 04:15:00,2.5,7.6,7.959999999999999,2
2025-01-14 01:45:00,2025-01-14 05:30:00,4.0,7.3,8.03125,1
2025-01-14 07:15:00,2025-01-14 08:45:00,1.75,7.0,7.3571428571428585,7
2025-01-15 03:45:00,2025-01-15 04:45:00,1.25,7.5,7.640000000000001,3
2025-01-18 09:15:00,2025-01-18 10:30:00,1.5,5.9,5.966666666666666,9
2025-01-18 16:15:00,2025-01-18 18:15:00,2.25,5.7,5.822222222222223,16
2025-01-19 03:30:00,2025-01-19 04:30:00,1.25,5.2,5.3999999999999995,3
2025-01-19 20:15:00,2025-01-19 23:00:00,3.0,5.5,5.708333333333333,20
2025-01-20 01:15:00,2025-01-20 01:45:00,0.75,5.5,5.6000000000000005,1
2025-01-20 03:15:00,2025-01-20 04:00:00,1.0,5.1,5.375,3
2025-01-20 10:15:00,2025-01-20 12:00:00,2.0,4.6,4.862500000000001,10
2025-01-20 17:45:00,2025-01-20 21:45:00,4.25,4.1,4.823529411764706,17
2025-01-21 00:15:00,2025-01-21 02:15:00,2.25,5.2,5.5555555555555545,0
2025-01-21 04:30:00,2025-01-21 08:15:00,4.0,5.2,6.26875,4
2025-01-21 10:15:00,2025-01-21 11:30:00,1.5,7.2,7.633333333333333,10
2025-01-21 13:00:00,2025-01-21 14:00:00,1.25,8.0,8.219999999999999,13
2025-01-21 18:15:00,2025-01-21 20:30:00,2.5,7.0,7.4799999999999995,18
2025-01-22 00:30:00,2025-01-22 05:45:00,5.5,5.3,5.8136363636363635,0
2025-01-22 08:15:00,2025-01-22 10:30:00,2.5,5.5,5.83,8
2025-01-22 16:00:00,2025-01-22 16:15:00,0.5,6.2,6.300000000000001,16
2025-01-22 17:45:00,2025-01-22 20:00:00,2.5,4.7,5.550000000000001,17
2025-01-22 21:30:00,2025-01-23 05:00:00,7.75,3.6,4.364516129032259,21
2025-01-24 01:30:00,2025-01-24 02:45:00,1.5,9.5,10.700000000000001,1
2025-01-24 04:15:00,2025-01-24 06:00:00,2.0,9.6,9.95,4
2025-01-25 18:00:00,2025-01-25 19:15:00,1.5,10.8,10.966666666666669,18
2025-01-26 07:45:00,2025-01-26 09:00:00,1.5,9.7,9.883333333333333,7
2025-01-26 23:45:00,2025-01-27 00:30:00,1.0,10.0,10.100000000000001,23
2025-01-27 14:00:00,2025-01-27 16:00:00,2.25,9.5,9.766666666666666,14
2025-01-28 14:45:00,2025-01-28 16:15:00,1.75,9.6,10.128571428571428,14
2025-01-28 17:45:00,2025-01-28 22:45:00,5.25,9.0,9.819047619047618,17
2025-01-29 05:15:00,2025-01-29 07:30:00,2.5,8.0,8.15,5
2025-01-29 15:00:00,2025-01-29 23:30:00,8.75,8.1,9.425714285714287,15
2025-01-30 02:00:00,2025-01-30 06:00:00,4.25,7.2,7.78235294117647,2
2025-01-30 07:30:00,2025-01-30 07:45:00,0.5,7.1,7.199999999999999,7
2025-01-30 14:00:00,2025-01-30 15:15:00,1.5,8.7,9.266666666666666,14
2025-01-30 17:15:00,2025-01-30 20:30:00,3.5,9.0,9.485714285714284,17
2025-01-30 22:00:00,2025-01-31 20:45:00,23.0,6.1,7.992391304347826,22
2025-01-31 22:30:00,2025-02-01 08:30:00,10.25,6.0,6.812195121951218,22
2025-02-01 13:45:00,2025-02-01 15:00:00,1.5,8.7,9.050000000000002,13
2025-02-01 16:45:00,2025-02-02 01:00:00,8.5,7.0,8.770588235294117,16
2025-02-02 02:30:00,2025-02-02 06:30:00,4.25,5.6,6.541176470588234,2
2025-02-02 13:30:00,2025-02-02 14:00:00,0.75,9.0,9.200000000000001,13
2025-02-02 17:00:00,2025-02-03 08:45:00,16.0,7.0,8.5734375,17
2025-02-03 10:15:00,2025-02-03 14:00:00,4.0,6.9,8.306249999999999,10
2025-02-03 16:15:00,2025-02-04 04:45:00,12.75,6.7,8.705882352941176,16
2025-02-04 06:15:00,2025-02-04 08:30:00,2.5,6.8,7.19,6
2025-02-04 10:15:00,2025-02-04 10:30:00,0.5,6.4,6.550000000000001,10
2025-02-04 13:15:00,2025-02-04 14:15:00,1.25,7.0,7.139999999999999,13
2025-02-04 17:15:00,2025-02-04 20:15:00,3.25,6.9,7.638461538461538,17
2025-02-04 21:45:00,2025-02-05 06:00:00,8.5,5.7,6.670588235294118,21
2025-02-05 07:45:00,2025-02-05 11:30:00,4.0,5.2,5.643750000000001,7
2025-02-05 13:15:00,2025-02-05 13:45:00,0.75,5.8,6.033333333333334,13
2025-02-05 15:45:00,2025-02-05 16:30:00,1.0,5.9,6.025,15
2025-02-05 18:00:00,2025-02-05 18:30:00,0.75,6.0,6.133333333333333,18
2025-02-05 20:15:00,2025-02-06 07:15:00,11.25,4.4,6.166666666666667,20
2025-02-06 12:30:00,2025-02-06 15:15:00,3.0,4.7,4.916666666666667,12
2025-02-06 17:00:00,2025-02-06 19:00:00,2.25,4.0,4.477777777777778,17
2025-02-06 22:00:00,2025-02-07 08:45:00,11.0,3.2,4.343181818181818,22
2025-02-07 11:00:00,2025-02-07 11:15:00,0.5,3.8,3.9499999999999997,11
2025-02-07 14:15:00,2025-02-07 16:30:00,2.5,3.7,4.04,14
2025-02-07 20:30:00,2025-02-08 08:00:00,11.75,3.1,3.8723404255319145,20
2025-02-08 09:45:00,2025-02-08 10:00:00,0.5,3.3,3.4,9
2025-02-08 11:45:00,2025-02-09 02:15:00,14.75,3.2,4.467796610169492,11
2025-02-09 04:00:00,2025-02-09 04:45:00,1.0,4.1,4.25,4
2025-02-09 06:15:00,2025-02-09 09:15:00,3.25,3.3,3.6615384615384605,6
2025-02-09 10:45:00,2025-02-10 06:00:00,19.5,0.8,2.710256410256411,10
2025-02-10 13:30:00,2025-02-10 15:30:00,2.25,2.6,2.855555555555556,13
2025-02-10 18:30:00,2025-02-10 21:45:00,3.5,2.7,3.1214285714285714,18
2025-02-10 23:15:00,2025-02-11 01:45:00,2.75,1.9,2.227272727272727,23
2025-02-11 03:30:00,2025-02-11 04:00:00,0.75,1.5,1.6333333333333335,3
2025-02-11 05:30:00,2025-02-11 06:15:00,1.0,1.2,1.275,5
2025-02-11 13:15:00,2025-02-12 01:15:00,12.25,3.0,4.610204081632653,13
2025-02-12 04:30:00,2025-02-12 09:30:00,5.25,1.7,2.6619047619047618,4
2025-02-12 12:00:00,2025-02-12 19:45:00,8.0,2.2,3.0875,12
2025-02-12 21:15:00,2025-02-12 23:00:00,2.0,2.9,3.5250000000000004,21
2025-02-13 00:30:00,2025-02-13 07:30:00,7.25,0.9,2.668965517241379,0
2025-02-13 09:00:00,2025-02-13 12:30:00,3.75,1.2,1.9266666666666667,9
2025-02-13 14:15:00,2025-02-14 05:00:00,15.0,1.5,2.686666666666667,14
2025-02-14 11:15:00,2025-02-15 02:30:00,15.5,1.9,2.925806451612903,11
2025-02-15 06:30:00,2025-02-15 11:30:00,5.25,1.4,1.7857142857142854,6
2025-02-15 14:30:00,2025-02-15 15:00:00,0.75,1.4,1.4666666666666668,14
2025-02-15 16:30:00,2025-02-15 17:45:00,1.5,1.2,1.4166666666666667,16
2025-02-15 20:30:00,2025-02-16 00:30:00,4.25,1.8,2.5235294117647062,20
2025-02-16 02:30:00,2025-02-16 05:45:00,3.5,2.1,2.971428571428572,2
2025-03-27 14:15:00,2025-03-27 16:45:00,2.75,0.5,0.9545454545454546,14
2025-03-27 19:15:00,2025-03-27 19:30:00,0.5,0.4,0.5,19
2025-03-28 02:30:00,2025-03-28 11:15:00,9.0,0.9,1.5166666666666666,2
2025-03-28 13:15:00,2025-03-28 14:15:00,1.25,1.1,1.4,13
2025-03-28 15:45:00,2025-03-28 19:15:00,3.75,0.8,1.8333333333333335,15
2025-03-28 23:00:00,2025-03-29 04:30:00,5.75,1.3,1.7521739130434784,23
2025-03-29 06:00:00,2025-03-29 18:15:00,12.5,0.8,2.25,6
2025-03-29 20:45:00,2025-03-29 22:30:00,2.0,1.2,1.325,20
2025-03-30 00:00:00,2025-03-30 00:30:00,0.75,1.1,1.3,0
2025-03-30 02:00:00,2025-03-30 03:45:00,2.0,1.4,1.6624999999999999,2
2025-03-30 06:00:00,2025-03-30 07:00:00,1.25,1.4,1.5400000000000003,6
2025-03-30 09:15:00,2025-03-30 14:45:00,5.75,1.1,2.143478260869565,9
2025-03-30 17:00:00,2025-03-30 20:30:00,3.75,0.4,0.6333333333333333,17
2025-03-31 11:15:00,2025-03-31 13:15:00,2.25,0.7,1.211111111111111,11
2025-03-31 16:30:00,2025-03-31 17:45:00,1.5,0.5,0.6,16
2025-04-01 05:00:00,2025-04-01 08:30:00,3.75,0.9,1.2666666666666666,5
2025-04-01 10:00:00,2025-04-01 15:30:00,5.75,1.5,1.9608695652173913,10
2025-04-01 17:15:00,2025-04-01 17:45:00,0.75,1.0,1.1666666666666667,17
2025-04-01 22:45:00,2025-04-02 00:15:00,1.75,0.5,0.5714285714285714,22
2025-04-02 03:45:00,2025-04-02 05:00:00,1.5,0.8,1.0666666666666667,3
2025-04-02 08:15:00,2025-04-02 14:45:00,6.75,0.9,2.422222222222222,8
2025-04-02 16:15:00,2025-04-02 19:30:00,3.5,2.4,3.1071428571428577,16
2025-04-02 23:15:00,2025-04-03 02:15:00,3.25,2.4,4.2384615384615385,23
2025-04-03 05:00:00,2025-04-03 09:45:00,5.0,2.9,3.3299999999999996,5
2025-04-03 11:30:00,2025-04-03 13:00:00,1.75,3.1,3.442857142857143,11
2025-04-03 15:00:00,2025-04-03 17:00:00,2.25,2.6,3.177777777777778,15
2025-04-03 19:00:00,2025-04-03 20:45:00,2.0,2.5,2.6,19
2025-04-04 01:45:00,2025-04-04 07:00:00,5.5,2.0,2.8909090909090907,1
2025-04-04 10:15:00,2025-04-04 11:00:00,1.0,2.3,2.6500000000000004,10
2025-04-04 13:45:00,2025-04-04 17:00:00,3.5,2.6,2.792857142857143,13
2025-04-05 03:45:00,2025-04-05 05:45:00,2.25,1.5,3.6666666666666665,3
2025-04-05 12:30:00,2025-04-05 14:15:00,2.0,1.9,2.125,12
2025-04-05 15:45:00,2025-04-05 21:15:00,5.75,2.5,2.8130434782608695,15
2025-04-06 01:30:00,2025-04-06 03:30:00,2.25,2.2,2.344444444444444,1
2025-04-06 06:45:00,2025-04-06 09:30:00,3.0,1.8,2.7499999999999996,6
2025-04-06 14:00:00,2025-04-06 15:00:00,1.25,2.9,3.2,14
2025-04-06 17:00:00,2025-04-06 17:30:00,0.75,3.6,4.4,17
2025-04-06 22:45:00,2025-04-07 00:15:00,1.75,5.7,5.8,22
2025-04-07 12:15:00,2025-04-07 13:30:00,1.5,4.9,5.083333333333333,12
2025-04-09 08:15:00,2025-04-09 10:00:00,2.0,4.9,5.25,8
2025-04-09 21:30:00,2025-04-09 22:45:00,1.5,5.1,5.316666666666666,21
2025-04-10 16:30:00,2025-04-10 17:00:00,0.75,5.3,5.366666666666667,16
2025-04-10 22:15:00,2025-04-11 00:45:00,2.75,5.0,5.181818181818181,22
2025-04-11 03:30:00,2025-04-11 04:15:00,1.0,4.7,4.9,3
2025-04-11 11:45:00,2025-04-11 14:15:00,2.75,4.4,4.609090909090909,11
2025-04-11 22:45:00,2025-04-11 23:00:00,0.5,3.9,4.0,22
2025-04-12 00:45:00,2025-04-12 02:45:00,2.25,3.6,3.888888888888889,0
2025-04-12 14:30:00,2025-04-12 17:00:00,2.75,3.5,3.809090909090908,14
2025-04-12 18:45:00,2025-04-12 23:30:00,5.0,3.0,3.4899999999999998,18
2025-04-13 02:30:00,2025-04-13 09:00:00,6.75,3.1,3.477777777777778,2
2025-04-14 07:45:00,2025-04-14 10:15:00,2.75,2.7,3.0454545454545454,7
2025-04-14 12:15:00,2025-04-14 14:15:00,2.25,3.6,4.166666666666667,12
2025-04-14 16:15:00,2025-04-14 17:00:00,1.0,4.7,4.8500000000000005,16
2025-04-14 18:30:00,2025-04-15 01:00:00,6.75,4.0,4.622222222222222,18
2025-04-15 03:15:00,2025-04-15 03:45:00,0.75,3.8,4.0,3
2025-04-15 05:15:00,2025-04-15 09:00:00,4.0,3.1,3.5875,5
2025-04-15 10:45:00,2025-04-16 01:00:00,14.5,1.3,2.653448275862069,10
2025-04-16 14:30:00,2025-04-16 15:00:00,0.75,4.3,4.466666666666668,14
2025-04-16 16:30:00,2025-04-16 18:00:00,1.75,4.0,4.2,16
2025-04-16 19:30:00,2025-04-17 01:45:00,6.5,2.8,3.43076923076923,19
2025-04-17 03:45:00,2025-04-17 04:30:00,1.0,2.5,2.675,3
2025-04-17 06:15:00,2025-04-17 07:00:00,1.0,2.6,2.6999999999999997,6
2025-04-17 14:00:00,2025-04-17 17:45:00,4.0,3.7,4.731249999999999,14
2025-04-17 19:15:00,2025-04-18 10:00:00,15.0,3.1,4.463333333333333,19
2025-04-18 12:30:00,2025-04-19 00:15:00,12.0,2.5,4.045833333333333,12
2025-04-19 02:00:00,2025-04-19 08:15:00,6.5,2.5,3.003846153846154,2
2025-04-19 10:00:00,2025-04-19 15:45:00,6.0,1.7,2.3208333333333333,10
2025-04-19 17:15:00,2025-04-19 22:00:00,5.0,1.1,2.3750000000000004,17
2025-04-19 23:30:00,2025-04-20 05:15:00,6.0,1.0,1.4124999999999999,23
2025-04-20 06:45:00,2025-04-20 07:15:00,0.75,0.9,1.0333333333333334,6
2025-04-20 13:45:00,2025-04-20 14:30:00,1.0,2.4,2.525,13
2025-04-20 16:00:00,2025-04-20 17:15:00,1.5,1.9,2.216666666666667,16
2025-04-20 20:30:00,2025-04-21 05:45:00,9.5,0.7,1.3131578947368423,20
2025-04-21 07:15:00,2025-04-21 10:30:00,3.5,0.9,1.3,7
2025-04-21 12:45:00,2025-04-21 14:45:00,2.25,1.4,1.6333333333333333,12
2025-04-21 16:30:00,2025-04-21 22:00:00,5.75,1.6,2.173913043478261,16
2025-04-21 23:30:00,2025-04-22 01:30:00,2.25,1.2,1.5999999999999999,23
2025-04-22 03:15:00,2025-04-22 06:15:00,3.25,0.7,1.1,3
2025-04-22 09:45:00,2025-04-22 10:45:00,1.25,1.1,1.22,9
2025-04-22 13:30:00,2025-04-22 16:30:00,3.25,0.8,1.0615384615384615,13
2025-04-22 20:30:00,2025-04-22 22:00:00,1.75,0.7,0.8714285714285713,20
2025-04-23 08:30:00,2025-04-23 11:30:00,3.25,1.0,1.284615384615385,8
2025-04-23 13:30:00,2025-04-23 16:00:00,2.75,1.2,1.4272727272727275,13
2025-04-23 17:30:00,2025-04-23 18:30:00,1.25,1.2,1.2799999999999998,17
2025-04-23 22:15:00,2025-04-24 09:45:00,11.75,2.2,2.9510638297872345,22
2025-04-24 12:30:00,2025-04-24 14:30:00,2.25,4.4,4.833333333333333,12
2025-04-24 16:00:00,2025-04-24 16:45:00,1.0,4.5,4.9,16
2025-04-24 18:15:00,2025-04-25 02:15:00,8.25,3.5,4.336363636363637,18
2025-04-25 03:45:00,2025-04-25 10:15:00,6.75,4.2,4.892592592592592,3
2025-04-25 14:30:00,2025-04-26 01:45:00,11.5,4.6,5.491304347826087,14
2025-04-26 04:00:00,2025-04-26 09:45:00,6.0,4.2,4.6125,4
2025-04-26 11:15:00,2025-04-27 06:15:00,19.25,4.2,5.266233766233766,11
2025-04-27 08:00:00,2025-04-27 08:15:00,0.5,4.0,4.1,8
2025-04-27 12:30:00,2025-04-28 00:15:00,12.0,5.0,5.902083333333334,12
2025-04-28 01:45:00,2025-04-28 06:00:00,4.5,4.7,5.011111111111111,1
2025-04-28 09:15:00,2025-04-28 10:15:00,1.25,4.5,4.76,9
2025-04-28 12:00:00,2025-04-28 17:45:00,6.0,4.9,6.008333333333333,12
2025-04-28 19:45:00,2025-04-29 05:00:00,9.5,4.1,5.626315789473684,19
2025-04-29 06:30:00,2025-04-29 19:45:00,13.5,4.4,5.801851851851853,6
2025-04-29 21:15:00,2025-04-30 06:15:00,9.25,3.9,5.378378378378377,21
2025-04-30 15:15:00,2025-05-01 01:15:00,10.25,4.6,5.858536585365854,15
2025-05-01 04:15:00,2025-05-01 08:15:00,4.25,4.3,4.9411764705882355,4
2025-05-01 09:45:00,2025-05-01 11:30:00,2.0,4.9,5.1125,9
2025-05-01 14:15:00,2025-05-01 21:30:00,7.5,4.2,5.159999999999999,14
2025-05-01 23:00:00,2025-05-02 01:00:00,2.25,3.8,4.366666666666666,23
2025-05-02 05:00:00,2025-05-02 08:00:00,3.25,4.2,4.476923076923077,5
2025-05-02 11:45:00,2025-05-02 12:00:00,0.5,5.2,5.35,11
2025-05-02 13:30:00,2025-05-02 14:15:00,1.0,5.2,5.525,13
2025-05-02 15:45:00,2025-05-02 16:00:00,0.5,5.5,5.8,15
2025-05-02 18:00:00,2025-05-03 00:45:00,7.0,3.9,4.610714285714286,18
2025-05-03 02:15:00,2025-05-03 06:45:00,4.75,3.6,4.1684210526315795,2
2025-05-03 15:15:00,2025-05-03 15:30:00,0.5,4.3,4.4,15
2025-05-03 17:15:00,2025-05-03 17:30:00,0.5,3.8,4.0,17
2025-05-04 06:30:00,2025-05-04 09:45:00,3.5,3.7,3.9714285714285715,6
2025-05-04 15:00:00,2025-05-04 16:00:00,1.25,3.5,3.7199999999999998,15
2025-05-04 18:15:00,2025-05-04 19:30:00,1.5,3.1,3.3333333333333335,18
2025-05-04 21:15:00,2025-05-04 23:15:00,2.25,2.9,3.1222222222222222,21
2025-05-05 00:45:00,2025-05-05 03:00:00,2.5,3.0,3.1500000000000004,0
2025-05-05 07:15:00,2025-05-05 08:30:00,1.5,2.5,2.65,7
2025-05-05 10:30:00,2025-05-05 13:30:00,3.25,2.3,2.4461538461538463,10
2025-05-05 15:00:00,2025-05-05 16:15:00,1.5,2.3,2.5500000000000003,15
2025-05-05 20:30:00,2025-05-05 23:15:00,3.0,2.0,2.125,20
2025-05-06 14:00:00,2025-05-06 15:45:00,2.0,2.3,3.6125,14
2025-05-06 20:45:00,2025-05-06 21:15:00,0.75,3.5,4.233333333333333,20
2025-05-07 03:45:00,2025-05-07 05:45:00,2.25,5.0,5.433333333333334,3
2025-05-07 09:15:00,2025-05-07 10:45:00,1.75,5.2,5.3999999999999995,9
2025-05-09 13:45:00,2025-05-09 15:30:00,2.0,4.6,5.875,13
2025-05-16 10:45:00,2025-05-16 14:15:00,3.75,2.5,3.3200000000000007,10
2025-05-17 09:45:00,2025-05-17 10:30:00,1.0,2.2,2.95,9
2025-05-17 14:45:00,2025-05-17 15:45:00,1.25,2.1,2.26,14
2025-05-18 06:00:00,2025-05-18 07:45:00,2.0,1.3,2.0,6
2025-05-18 18:45:00,2025-05-18 23:30:00,5.0,1.2,2.4699999999999998,18
2025-05-19 05:45:00,2025-05-19 07:00:00,1.5,0.5,2.533333333333333,5
2025-05-19 17:15:00,2025-05-19 18:00:00,1.0,0.8,0.8999999999999999,17
2025-05-19 19:30:00,2025-05-19 21:45:00,2.5,1.6,3.8599999999999994,19
2025-05-20 04:45:00,2025-05-20 05:45:00,1.25,4.0,4.180000000000001,4
2025-05-20 08:00:00,2025-05-20 08:45:00,1.0,3.8,3.925,8
2025-05-20 19:00:00,2025-05-20 20:15:00,1.5,3.8,3.9999999999999996,19
2025-05-20 22:30:00,2025-05-21 03:15:00,5.0,0.9,3.105,22
2025-05-21 07:30:00,2025-05-21 12:45:00,5.5,1.7,2.2636363636363637,7
2025-05-21 14:45:00,2025-05-21 18:15:00,3.75,2.1,2.26,14
2025-05-21 19:45:00,2025-05-21 20:15:00,0.75,1.9,2.066666666666667,19
2025-05-21 22:15:00,2025-05-21 23:15:00,1.25,1.5,1.8799999999999997,22
2025-05-22 01:00:00,2025-05-22 02:00:00,1.25,1.3,1.6199999999999999,1
2025-05-22 03:30:00,2025-05-22 06:30:00,3.25,0.8,1.0230769230769232,3
2025-05-22 10:00:00,2025-05-22 14:15:00,4.5,0.8,1.6055555555555556,10
2025-05-22 16:45:00,2025-05-23 06:30:00,14.0,0.5,2.064285714285714,16
2025-05-23 08:00:00,2025-05-23 10:45:00,3.0,0.6,1.1833333333333333,8
2025-05-23 12:30:00,2025-05-23 14:15:00,2.0,1.2,1.4749999999999999,12
2025-05-23 19:00:00,2025-05-23 21:00:00,2.25,2.6,4.177777777777778,19
2025-05-23 22:30:00,2025-05-25 21:45:00,47.5,1.2,3.7705263157894735,22
2025-05-25 23:30:00,2025-05-26 07:30:00,8.25,3.7,4.3909090909090915,23
2025-05-26 09:00:00,2025-05-26 11:45:00,3.0,3.5,4.000000000000001,9
2025-05-26 13:30:00,2025-05-26 17:00:00,3.75,3.0,3.606666666666667,13
2025-05-26 18:30:00,2025-05-27 03:30:00,9.25,3.1,4.324324324324324,18
2025-05-27 05:00:00,2025-05-27 05:15:00,0.5,3.4,3.5,5
2025-05-27 15:45:00,2025-05-27 17:15:00,1.75,3.7,4.1000000000000005,15
2025-05-28 03:00:00,2025-05-28 04:15:00,1.5,3.8,4.216666666666666,3
2025-05-28 05:45:00,2025-05-28 07:00:00,1.5,3.5,3.6333333333333333,5
2025-05-28 11:00:00,2025-05-28 11:30:00,0.75,3.8,3.9333333333333336,11
2025-05-28 14:30:00,2025-05-28 15:30:00,1.25,4.5,4.7,14
2025-05-29 07:45:00,2025-05-29 09:00:00,1.5,3.5,3.683333333333333,7
2025-05-29 14:00:00,2025-05-29 15:30:00,1.75,4.4,4.528571428571428,14
2025-05-30 16:00:00,2025-05-30 17:30:00,1.75,4.0,4.171428571428572,16
2025-05-31 04:15:00,2025-05-31 05:30:00,1.5,2.8,2.983333333333333,4
2025-05-31 11:45:00,2025-05-31 12:15:00,0.75,2.2,2.3000000000000003,11
2025-05-31 13:45:00,2025-05-31 14:45:00,1.25,2.5,2.6599999999999997,13
2025-06-01 06:45:00,2025-06-01 07:30:00,1.0,1.9,2.025,6
2025-06-01 09:30:00,2025-06-01 11:00:00,1.75,1.6,1.7142857142857142,9
2025-06-02 03:00:00,2025-06-02 04:00:00,1.25,1.3,1.38,3
2025-06-02 07:15:00,2025-06-02 09:30:00,2.5,0.7,1.0399999999999998,7
2025-06-03 12:00:00,2025-06-03 13:45:00,2.0,0.6,0.9,12
2025-06-06 20:45:00,2025-06-06 22:45:00,2.25,0.2,0.5111111111111112,20
2025-06-07 16:15:00,2025-06-07 17:30:00,1.5,1.1,1.3333333333333333,16
2025-06-07 20:45:00,2025-06-07 22:30:00,2.0,1.2,1.4875,20
2025-06-08 00:15:00,2025-06-08 04:30:00,4.5,0.2,2.8166666666666664,0
2025-06-08 11:45:00,2025-06-08 12:45:00,1.25,0.8,0.9400000000000001,11
2025-06-08 15:45:00,2025-06-08 16:15:00,0.75,1.0,1.5,15
2025-06-08 18:45:00,2025-06-09 03:00:00,8.5,0.1,1.0705882352941178,18
2025-06-09 05:45:00,2025-06-09 11:00:00,5.5,0.2,1.031818181818182,5
2025-06-09 15:00:00,2025-06-09 15:45:00,1.0,0.9,1.1500000000000001,15
2025-06-09 19:30:00,2025-06-10 04:30:00,9.25,0.4,1.8405405405405404,19
2025-06-10 06:00:00,2025-06-10 06:45:00,1.0,3.2,3.3,6
2025-06-10 10:15:00,2025-06-10 16:45:00,6.75,1.6,2.8037037037037034,10
2025-06-10 20:00:00,2025-06-10 20:30:00,0.75,2.0,2.1,20
2025-06-11 09:30:00,2025-06-11 11:00:00,1.75,2.6,2.8571428571428568,9
2025-06-11 18:15:00,2025-06-11 18:45:00,0.75,5.1,5.433333333333333,18
2025-06-11 20:15:00,2025-06-11 21:15:00,1.25,4.5,4.9399999999999995,20
2025-06-11 23:45:00,2025-06-12 01:00:00,1.5,5.0,5.283333333333334,23
2025-06-12 02:30:00,2025-06-12 08:45:00,6.5,2.6,4.019230769230768,2
2025-06-12 13:30:00,2025-06-12 14:45:00,1.5,3.9,4.2,13
2025-06-13 06:45:00,2025-06-13 07:30:00,1.0,2.4,3.025,6
2025-06-13 12:30:00,2025-06-13 17:15:00,5.0,2.2,3.0949999999999998,12
2025-06-14 01:45:00,2025-06-14 03:15:00,1.75,1.9,3.085714285714286,1
2025-06-14 08:45:00,2025-06-14 09:30:00,1.0,2.3,2.475,8
2025-06-14 14:00:00,2025-06-14 15:15:00,1.5,2.1,2.2499999999999996,14
2025-06-14 17:45:00,2025-06-15 01:00:00,7.5,1.3,3.2000000000000006,17
2025-06-15 14:30:00,2025-06-15 17:45:00,3.5,1.0,1.2714285714285716,14
2025-06-15 19:45:00,2025-06-16 02:15:00,6.75,0.5,1.4444444444444444,19
2025-06-17 18:30:00,2025-06-17 21:15:00,3.0,0.0,0.6818181818181818,18
2025-06-18 08:45:00,2025-06-18 12:15:00,3.75,0.3,2.3733333333333335,8
2025-06-18 19:15:00,2025-06-18 20:15:00,1.25,3.8,3.9,19
2025-06-18 22:45:00,2025-06-18 23:15:00,0.75,0.0,1.5999999999999999,22
2025-06-19 17:45:00,2025-06-19 19:15:00,1.75,0.0,0.3166666666666667,17
2025-06-21 17:15:00,2025-06-21 18:00:00,1.0,0.0,0.05,17
2025-06-22 04:30:00,2025-06-22 07:45:00,3.5,0.0,0.35,4
2025-06-22 16:30:00,2025-06-22 18:45:00,2.5,0.1,0.37,16
2025-06-23 09:30:00,2025-06-23 10:00:00,0.75,0.6,0.9666666666666667,9
2025-06-23 12:00:00,2025-06-23 13:00:00,1.25,0.2,0.33999999999999997,12
2025-06-23 23:30:00,2025-06-24 00:15:00,1.0,0.1,0.37500000000000006,23
2025-06-24 10:00:00,2025-06-24 15:15:00,5.5,0.0,0.740909090909091,10
2025-06-24 17:00:00,2025-06-24 18:15:00,1.5,0.0,0.10000000000000002,17
2025-06-25 06:15:00,2025-06-25 07:45:00,1.75,1.0,1.2571428571428573,6
2025-06-25 09:15:00,2025-06-25 10:15:00,1.25,1.7,1.7799999999999998,9
2025-06-25 12:15:00,2025-06-25 15:30:00,3.5,1.0,1.492857142857143,12
2025-06-25 19:15:00,2025-06-25 20:00:00,1.0,0.2,0.3,19
2025-06-26 06:00:00,2025-06-26 06:15:00,0.5,0.4,0.5,6
2025-06-26 12:30:00,2025-06-26 13:00:00,0.75,2.9,3.733333333333334,12
2025-06-26 14:30:00,2025-06-26 18:00:00,3.75,2.6,3.1266666666666665,14
2025-06-26 19:45:00,2025-06-26 23:15:00,3.75,1.8,2.0666666666666664,19
2025-06-27 01:15:00,2025-06-27 05:45:00,4.75,1.6,2.036842105263158,1
2025-06-27 12:00:00,2025-06-27 12:30:00,0.75,3.4,3.566666666666667,12
2025-06-27 14:30:00,2025-06-27 18:00:00,3.75,2.4,3.0533333333333332,14
2025-06-28 02:45:00,2025-06-28 07:00:00,4.5,1.9,2.394444444444444,2
2025-06-28 12:30:00,2025-06-28 14:45:00,2.5,2.2,2.5700000000000003,12
2025-06-28 16:30:00,2025-06-28 20:45:00,4.5,1.5,1.9499999999999997,16
2025-06-29 02:45:00,2025-06-29 09:45:00,7.25,0.5,1.0793103448275863,2
2025-06-29 17:30:00,2025-06-29 19:30:00,2.25,1.0,1.3444444444444446,17
2025-06-29 21:15:00,2025-06-30 01:00:00,4.0,0.5,0.73125,21
2025-06-30 06:00:00,2025-06-30 08:45:00,3.0,0.3,0.5499999999999999,6
2025-06-30 10:45:00,2025-06-30 11:30:00,1.0,0.2,0.55,10
2025-06-30 15:15:00,2025-06-30 16:45:00,1.75,4.7,4.828571428571429,15
2025-07-01 10:00:00,2025-07-01 14:15:00,4.5,1.0,2.572222222222222,10
2025-07-01 16:00:00,2025-07-01 16:15:00,0.5,3.2,3.4000000000000004,16
2025-07-02 09:45:00,2025-07-02 14:30:00,5.0,1.3,3.1049999999999995,9
2025-07-02 17:30:00,2025-07-02 23:45:00,6.5,1.2,3.4076923076923076,17
2025-07-03 02:00:00,2025-07-03 02:15:00,0.5,1.0,1.45,2
2025-07-04 12:15:00,2025-07-04 13:00:00,1.0,1.6,1.7000000000000002,12
2025-07-04 14:30:00,2025-07-04 15:45:00,1.5,1.7,1.9166666666666667,14
2025-07-04 17:30:00,2025-07-04 22:00:00,4.75,1.6,1.8578947368421055,17
2025-07-04 23:45:00,2025-07-05 03:00:00,3.5,1.3,1.6071428571428574,23
2025-07-05 06:45:00,2025-07-05 09:30:00,3.0,0.7,1.0083333333333333,6
2025-07-05 11:15:00,2025-07-05 11:45:00,0.75,0.8,0.9333333333333332,11
2025-07-05 14:15:00,2025-07-05 16:30:00,2.5,0.5,0.9299999999999999,14
2025-07-05 18:00:00,2025-07-05 19:15:00,1.5,0.5,0.7166666666666667,18
2025-07-05 23:30:00,2025-07-06 00:30:00,1.25,0.6,0.74,23
2025-07-06 02:00:00,2025-07-06 03:45:00,2.0,0.6,0.8875,2
2025-07-06 06:00:00,2025-07-06 06:45:00,1.0,0.4,0.725,6
2025-07-06 08:15:00,2025-07-06 09:00:00,1.0,0.6,0.7749999999999999,8
2025-07-06 15:30:00,2025-07-06 16:15:00,1.0,1.0,1.15,15
2025-07-06 17:45:00,2025-07-06 18:15:00,0.75,1.0,1.0999999999999999,17
2025-07-06 21:15:00,2025-07-06 22:30:00,1.5,0.7,1.2333333333333332,21
2025-07-07 02:30:00,2025-07-07 05:45:00,3.5,0.0,0.2,2
2025-07-07 12:45:00,2025-07-07 13:45:00,1.25,0.3,0.36,12
2025-07-07 18:15:00,2025-07-07 21:00:00,3.0,0.6,0.8583333333333334,18
2025-07-07 22:30:00,2025-07-08 01:45:00,3.5,0.0,0.37857142857142856,22
2025-07-08 20:30:00,2025-07-08 20:45:00,0.5,0.0,0.15,20
2025-07-10 00:00:00,2025-07-10 01:30:00,1.75,0.1,0.32857142857142857,0
2025-07-11 14:00:00,2025-07-12 02:00:00,12.25,0.0,0.44693877551020406,14
2025-07-12 12:15:00,2025-07-12 14:45:00,2.75,0.1,0.4272727272727272,12
2025-07-12 17:30:00,2025-07-12 18:15:00,1.0,0.0,0.2,17
2025-07-13 13:00:00,2025-07-13 13:45:00,1.0,0.4,0.5,13
2025-07-13 16:15:00,2025-07-13 21:45:00,5.75,0.0,0.6434782608695652,16
2025-07-14 15:00:00,2025-07-14 21:15:00,6.5,0.1,0.6807692307692309,15
2025-07-15 18:15:00,2025-07-15 21:30:00,3.5,0.1,0.45,18
2025-07-16 09:45:00,2025-07-16 11:30:00,2.0,0.1,0.23750000000000002,9
2025-07-16 16:15:00,2025-07-17 01:45:00,9.75,0.1,0.6205128205128205,16
2025-07-17 04:30:00,2025-07-17 05:15:00,1.0,0.1,0.325,4
2025-07-18 01:00:00,2025-07-18 04:15:00,3.5,0.0,0.3571428571428571,1
2025-07-18 15:00:00,2025-07-18 20:30:00,5.75,0.0,2.365217391304348,15
2025-07-19 19:00:00,2025-07-19 21:45:00,3.0,0.1,2.441666666666667,19
2025-07-20 10:15:00,2025-07-20 11:45:00,1.75,0.3,0.8428571428571427,10
2025-07-20 14:15:00,2025-07-20 22:00:00,8.0,0.1,2.4875,14
2025-07-21 13:15:00,2025-07-21 15:15:00,2.25,0.8,1.4888888888888892,13
2025-07-21 18:30:00,2025-07-21 20:30:00,2.25,0.2,0.7555555555555555,18
2025-07-22 13:30:00,2025-07-22 15:15:00,2.0,1.4,1.5999999999999999,13
2025-07-23 13:00:00,2025-07-23 15:30:00,2.75,0.3,0.5818181818181818,13
2025-07-23 17:15:00,2025-07-23 18:15:00,1.25,0.0,0.27999999999999997,17
2025-07-24 10:45:00,2025-07-24 14:00:00,3.5,0.0,0.11428571428571431,10
2025-07-25 08:45:00,2025-07-25 09:30:00,1.0,0.2,0.49999999999999994,8
2025-07-26 12:15:00,2025-07-26 14:45:00,2.75,0.4,0.8272727272727273,12
2025-07-28 16:15:00,2025-07-28 18:00:00,2.0,1.0,1.375,16
2025-07-28 20:00:00,2025-07-28 21:30:00,1.75,2.0,2.1999999999999997,20
2025-07-28 23:00:00,2025-07-28 23:30:00,0.75,1.9,2.0666666666666664,23
2025-07-29 04:00:00,2025-07-29 11:15:00,7.5,0.9,1.596666666666667,4
2025-07-29 13:00:00,2025-07-29 18:15:00,5.5,1.3,2.313636363636364,13
2025-07-29 19:45:00,2025-07-30 00:15:00,4.75,1.7,2.2210526315789476,19
2025-07-30 01:45:00,2025-07-30 05:15:00,3.75,0.9,1.2666666666666664,1
2025-07-30 07:00:00,2025-07-30 09:30:00,2.75,0.4,0.7090909090909091,7
2025-07-30 11:30:00,2025-07-30 12:45:00,1.5,0.5,0.7999999999999999,11
2025-07-30 14:30:00,2025-07-30 17:15:00,3.0,0.5,0.9666666666666668,14
2025-07-30 18:45:00,2025-07-30 20:45:00,2.25,0.5,0.7555555555555556,18
2025-07-30 23:15:00,2025-07-30 23:30:00,0.5,0.5,0.65,23
2025-07-31 02:00:00,2025-07-31 04:15:00,2.5,0.1,0.33999999999999997,2
2025-07-31 11:30:00,2025-07-31 12:45:00,1.5,0.5,0.8666666666666668,11
2025-07-31 14:15:00,2025-08-01 01:00:00,11.0,0.2,0.8568181818181819,14
2025-08-01 14:15:00,2025-08-01 22:45:00,8.75,0.5,0.9657142857142859,14
2025-08-02 00:15:00,2025-08-02 01:00:00,1.0,0.1,0.7500000000000001,0
2025-08-02 07:30:00,2025-08-02 12:15:00,5.0,0.1,0.35,7
2025-08-03 17:30:00,2025-08-03 18:45:00,1.5,0.0,0.049999999999999996,17
2025-08-09 11:45:00,2025-08-09 12:00:00,0.5,0.0,0.25,11
2025-08-09 14:15:00,2025-08-09 15:30:00,1.5,0.0,0.06666666666666667,14
2025-08-09 17:00:00,2025-08-09 19:30:00,2.75,0.0,0.34545454545454546,17
2025-08-09 21:00:00,2025-08-09 22:30:00,1.75,0.1,0.20000000000000004,21
2025-08-10 02:45:00,2025-08-10 04:00:00,1.5,0.2,0.3166666666666667,2
2025-08-10 11:15:00,2025-08-10 15:45:00,4.75,0.1,0.27368421052631575,11
2025-08-20 08:45:00,2025-08-20 12:30:00,4.0,0.2,0.625,8
2025-08-21 05:30:00,2025-08-21 06:15:00,1.0,0.2,0.375,5
2025-08-22 12:00:00,2025-08-22 13:45:00,2.0,0.1,0.23750000000000002,12
2025-08-22 16:45:00,2025-08-22 21:00:00,4.5,0.1,0.26666666666666666,16
2025-08-26 14:30:00,2025-08-26 15:45:00,1.5,0.4,0.5833333333333334,14
2025-08-27 02:45:00,2025-08-27 03:30:00,1.0,0.5,0.6499999999999999,2
2025-08-27 13:30:00,2025-08-27 15:00:00,1.75,0.9,1.3857142857142857,13
2025-08-27 16:30:00,2025-08-27 21:00:00,4.75,0.7,1.436842105263158,16
2025-08-27 23:30:00,2025-08-28 01:30:00,2.25,0.2,0.922222222222222,23
2025-08-28 18:15:00,2025-08-29 03:00:00,9.0,1.0,1.9194444444444443,18
2025-08-29 04:30:00,2025-08-29 07:00:00,2.75,0.2,0.9727272727272727,4
2025-08-29 09:45:00,2025-08-29 10:15:00,0.75,0.0,0.10000000000000002,9
2025-08-29 18:00:00,2025-08-29 18:30:00,0.75,1.3,1.4333333333333333,18
2025-08-29 20:15:00,2025-08-29 22:30:00,2.5,0.9,1.1,20
2025-08-30 00:00:00,2025-08-30 00:30:00,0.75,0.8,0.9666666666666667,0
2025-08-30 17:45:00,2025-08-30 20:15:00,2.75,1.4,1.5727272727272728,17
2025-08-30 23:15:00,2025-08-31 00:30:00,1.5,1.2,1.3333333333333333,23
2025-08-31 13:15:00,2025-08-31 13:45:00,0.75,1.6,1.7333333333333334,13
2025-08-31 22:45:00,2025-08-31 23:30:00,1.0,2.0,2.1500000000000004,22
2025-09-01 10:30:00,2025-09-01 13:15:00,3.0,1.3,1.4416666666666667,10
2025-09-01 16:00:00,2025-09-01 17:00:00,1.25,3.0,3.34,16
2025-09-01 18:30:00,2025-09-01 23:00:00,4.75,2.6,2.9263157894736844,18
2025-09-02 00:30:00,2025-09-02 01:30:00,1.25,3.2,3.5200000000000005,0
2025-09-02 03:30:00,2025-09-02 09:00:00,5.75,1.7,2.4608695652173913,3
2025-09-02 18:45:00,2025-09-03 05:00:00,10.5,1.8,3.211904761904762,18
2025-09-03 14:15:00,2025-09-04 05:30:00,15.5,2.2,3.32741935483871,14
2025-09-04 08:45:00,2025-09-04 09:15:00,0.75,2.8,3.033333333333333,8
2025-09-04 14:30:00,2025-09-04 15:15:00,1.0,3.0,3.2,14
2025-09-04 17:00:00,2025-09-04 22:30:00,5.75,2.9,3.8565217391304354,17
2025-09-05 00:15:00,2025-09-05 02:30:00,2.5,3.1,3.3899999999999997,0
2025-09-05 04:15:00,2025-09-05 05:30:00,1.5,2.7,2.966666666666667,4
2025-09-05 11:00:00,2025-09-05 11:30:00,0.75,2.9,3.033333333333333,11
2025-09-05 13:00:00,2025-09-06 00:15:00,11.5,2.2,3.2913043478260873,13
2025-09-06 02:00:00,2025-09-06 03:15:00,1.5,2.3,2.5166666666666666,2
2025-09-06 05:00:00,2025-09-06 06:30:00,1.75,2.2,2.357142857142857,5
2025-09-06 08:00:00,2025-09-06 09:15:00,1.5,2.8,2.9,8
2025-09-06 15:15:00,2025-09-06 19:45:00,4.75,2.4,2.6684210526315786,15
2025-09-06 21:30:00,2025-09-07 05:00:00,7.75,1.6,2.2903225806451615,21
2025-09-07 11:45:00,2025-09-07 13:00:00,1.5,1.9,2.183333333333333,11
2025-09-07 14:30:00,2025-09-07 15:45:00,1.5,2.2,2.4333333333333336,14
2025-09-07 17:15:00,2025-09-07 18:45:00,1.75,1.8,2.1857142857142855,17
2025-09-07 22:30:00,2025-09-07 23:30:00,1.25,1.8,2.02,22
2025-09-08 01:15:00,2025-09-08 07:00:00,6.0,1.6,2.004166666666667,1
2025-09-08 11:00:00,2025-09-08 11:45:00,1.0,2.8,2.9749999999999996,11
2025-09-08 14:00:00,2025-09-08 22:30:00,8.75,2.2,3.277142857142857,14
2025-09-09 00:15:00,2025-09-09 03:15:00,3.25,1.9,2.5384615384615383,0
2025-09-09 04:45:00,2025-09-09 05:45:00,1.25,2.0,2.1799999999999997,4
2025-09-09 08:30:00,2025-09-09 09:00:00,0.75,1.8,1.9333333333333336,8
2025-09-09 11:15:00,2025-09-09 13:45:00,2.75,2.0,2.645454545454545,11
2025-09-09 16:00:00,2025-09-10 06:45:00,15.0,1.1,2.303333333333333,16
2025-09-10 08:45:00,2025-09-10 13:45:00,5.25,1.3,2.5619047619047612,8
2025-09-10 15:45:00,2025-09-10 21:15:00,5.75,1.6,2.795652173913044,15
2025-09-10 23:30:00,2025-09-11 14:45:00,15.5,2.0,2.6838709677419352,23
2025-09-11 17:15:00,2025-09-11 19:45:00,2.75,3.1,3.290909090909091,17
2025-09-11 22:45:00,2025-09-12 00:00:00,1.5,2.7,3.0,22
2025-09-12 02:00:00,2025-09-12 02:15:00,0.5,2.5,2.6,2
2025-09-12 03:45:00,2025-09-12 05:45:00,2.25,2.1,2.3666666666666667,3
2025-09-12 10:15:00,2025-09-12 14:15:00,4.25,2.2,2.711764705882353,10
2025-09-12 16:45:00,2025-09-13 02:30:00,10.0,2.2,3.1325,16
2025-09-13 04:00:00,2025-09-13 11:45:00,8.0,2.2,2.6593750000000003,4
2025-09-13 13:15:00,2025-09-13 20:00:00,7.0,3.7,4.646428571428572,13
2025-09-13 22:15:00,2025-09-14 00:30:00,2.5,3.5,4.33,22
2025-09-14 02:00:00,2025-09-14 07:15:00,5.5,2.8,3.622727272727273,2
2025-09-14 12:30:00,2025-09-14 15:30:00,3.25,3.3,3.7769230769230764,12
2025-09-14 17:30:00,2025-09-15 06:00:00,12.75,3.1,3.576470588235293,17
2025-09-15 07:30:00,2025-09-15 08:45:00,1.5,3.1,3.1999999999999997,7
2025-09-15 10:15:00,2025-09-15 13:30:00,3.5,3.1,3.642857142857143,10
2025-09-15 15:15:00,2025-09-16 06:30:00,15.5,2.5,3.6274193548387093,15
2025-09-16 08:00:00,2025-09-16 10:00:00,2.25,2.3,2.8222222222222224,8
2025-09-16 13:30:00,2025-09-16 19:45:00,6.5,3.3,4.65,13
2025-09-16 23:15:00,2025-09-17 06:45:00,7.75,3.2,3.7419354838709675,23
2025-09-17 08:15:00,2025-09-17 09:15:00,1.25,3.4,3.5,8
2025-09-17 10:45:00,2025-09-17 14:45:00,4.25,3.3,3.9705882352941178,10
2025-09-17 16:15:00,2025-09-18 03:15:00,11.25,2.9,3.98,16
2025-09-18 04:45:00,2025-09-18 05:15:00,0.75,3.1,3.233333333333333,4
2025-09-18 06:45:00,2025-09-18 07:30:00,1.0,3.1,3.3,6
2025-09-18 10:45:00,2025-09-18 12:15:00,1.75,3.5,3.8857142857142857,10
2025-09-18 14:45:00,2025-09-19 17:00:00,26.5,1.7,3.1358490566037727,14
2025-09-19 20:00:00,2025-09-20 07:30:00,11.75,2.2,2.8659574468085105,20
2025-09-20 12:30:00,2025-09-21 08:45:00,20.5,1.3,2.5378048780487807,12
2025-09-21 13:00:00,2025-09-22 05:45:00,17.0,2.4,3.4485294117647065,13
2025-09-22 07:15:00,2025-09-22 08:30:00,1.5,3.0,3.4499999999999997,7
2025-09-22 10:45:00,2025-09-22 20:45:00,10.25,3.5,4.409756097560976,10
2025-09-22 22:30:00,2025-09-23 08:15:00,10.0,2.5,3.4875,22
2025-09-23 10:00:00,2025-09-23 11:15:00,1.5,3.1,3.3666666666666667,10
2025-09-23 13:15:00,2025-09-23 16:15:00,3.25,4.1,4.6,13
2025-09-23 17:45:00,2025-09-23 21:00:00,3.5,4.1,4.464285714285714,17
2025-09-23 22:45:00,2025-09-24 08:00:00,9.5,2.9,3.960526315789474,22
2025-09-24 09:30:00,2025-09-24 16:30:00,7.25,2.6,3.4724137931034478,9
2025-09-24 18:30:00,2025-09-25 03:45:00,9.5,3.2,4.097368421052631,18
2025-09-25 05:15:00,2025-09-25 07:00:00,2.0,2.8,3.2874999999999996,5
2025-09-25 08:45:00,2025-09-25 10:00:00,1.5,2.6,2.9000000000000004,8
2025-09-25 14:15:00,2025-09-25 15:00:00,1.0,3.1,3.325,14
2025-09-25 16:30:00,2025-09-25 20:45:00,4.5,2.8,3.1555555555555554,16
2025-09-25 22:30:00,2025-09-25 23:30:00,1.25,2.6,2.8,22
2025-09-26 01:00:00,2025-09-26 01:45:00,1.0,2.5,2.7249999999999996,1
2025-09-26 03:30:00,2025-09-26 03:45:00,0.5,2.2,2.3,3
2025-09-26 05:15:00,2025-09-26 08:15:00,3.25,1.7,1.953846153846154,5
2025-09-26 10:45:00,2025-09-26 20:15:00,9.75,2.0,3.053846153846153,10
2025-09-26 23:30:00,2025-09-27 05:30:00,6.25,3.0,3.8759999999999994,23
2025-09-27 12:30:00,2025-09-27 15:45:00,3.5,4.2,4.692857142857143,12
2025-09-27 17:30:00,2025-09-27 23:00:00,5.75,3.7,4.847826086956523,17
2025-09-28 00:30:00,2025-09-28 04:30:00,4.25,4.1,4.723529411764705,0
2025-09-28 08:00:00,2025-09-29 03:00:00,19.25,2.7,4.60921052631579,8
2025-09-29 04:45:00,2025-09-29 06:45:00,2.25,3.0,4.300000000000001,4
2025-09-29 08:15:00,2025-09-29 10:15:00,2.25,3.7,4.311111111111111,8
2025-09-29 11:45:00,2025-09-30 00:00:00,12.5,4.5,5.432653061224489,11
2025-09-30 03:15:00,2025-09-30 05:45:00,2.75,4.7,5.227272727272727,3
2025-09-30 07:15:00,2025-09-30 13:00:00,6.0,4.2,4.904166666666666,7
2025-09-30 14:30:00,2025-09-30 16:15:00,2.0,4.9,5.237500000000001,14
2025-09-30 17:45:00,2025-09-30 23:00:00,5.5,3.0,3.809090909090908,17
2025-10-01 00:30:00,2025-10-01 10:30:00,10.25,2.4,2.975609756097561,0
2025-10-01 12:00:00,2025-10-01 13:15:00,1.5,3.6,4.316666666666667,12
2025-10-01 14:45:00,2025-10-02 00:45:00,10.25,3.7,4.7853658536585355,14
2025-10-02 02:15:00,2025-10-02 03:45:00,1.75,3.9,4.3,2
2025-10-02 05:15:00,2025-10-02 05:30:00,0.5,3.5,3.6,5
2025-10-02 07:00:00,2025-10-02 11:15:00,4.5,3.2,4.0055555555555555,7
2025-10-02 12:45:00,2025-10-02 22:15:00,9.75,3.7,4.74102564102564,12
2025-10-03 00:15:00,2025-10-03 01:45:00,1.75,3.4,3.8428571428571425,0
2025-10-03 03:30:00,2025-10-03 04:00:00,0.75,3.5,3.6333333333333333,3
2025-10-03 05:45:00,2025-10-03 23:30:00,18.0,2.6,3.581944444444445,5
2025-10-04 02:45:00,2025-10-04 06:30:00,4.0,2.6,3.025,2
2025-10-04 08:00:00,2025-10-04 09:00:00,1.25,3.1,3.66,8
2025-10-04 10:45:00,2025-10-04 11:30:00,1.0,3.5,3.925,10
2025-10-04 13:15:00,2025-10-04 15:30:00,2.5,3.5,3.8600000000000003,13
2025-10-04 17:00:00,2025-10-04 22:45:00,6.0,3.7,4.133333333333333,17
2025-10-05 01:00:00,2025-10-05 03:30:00,2.75,4.0,4.2727272727272725,1
2025-10-05 05:00:00,2025-10-05 05:15:00,0.5,3.6,3.75,5
2025-10-05 06:45:00,2025-10-05 07:45:00,1.25,3.9,4.199999999999999,6
2025-10-05 16:45:00,2025-10-05 20:30:00,4.0,3.8,4.199999999999999,16
2025-10-06 02:00:00,2025-10-06 04:15:00,2.5,2.5,3.45,2
2025-10-06 15:45:00,2025-10-06 17:30:00,2.0,3.1,3.5,15
2025-10-06 19:15:00,2025-10-06 21:30:00,2.5,2.9,3.3299999999999996,19
2025-10-06 23:30:00,2025-10-07 01:00:00,1.75,2.6,3.1000000000000005,23
2025-10-07 02:30:00,2025-10-07 04:00:00,1.75,2.1,2.5285714285714285,2
2025-10-07 05:30:00,2025-10-07 12:00:00,6.75,1.9,2.2925925925925927,5
2025-10-07 13:45:00,2025-10-07 17:30:00,4.0,2.4,3.3,13
2025-10-07 19:15:00,2025-10-07 21:15:00,2.25,2.4,2.877777777777778,19
2025-10-07 23:00:00,2025-10-08 14:00:00,15.25,1.5,2.3934426229508197,23
2025-10-08 15:45:00,2025-10-09 02:00:00,10.5,1.9,2.6142857142857143,15
2025-10-09 03:30:00,2025-10-09 09:15:00,6.0,1.4,1.8791666666666664,3
2025-10-09 11:00:00,2025-10-09 19:45:00,9.0,1.8,2.8305555555555553,11
2025-10-09 21:15:00,2025-10-09 21:45:00,0.75,3.6,3.8000000000000003,21
2025-10-09 23:45:00,2025-10-10 02:45:00,3.25,3.3,3.9076923076923076,23
2025-10-10 05:45:00,2025-10-10 07:30:00,2.0,2.7,3.0125,5
2025-10-10 12:00:00,2025-10-10 20:30:00,8.75,3.8,4.32,12
2025-10-10 22:30:00,2025-10-10 23:30:00,1.25,4.6,4.82,22
2025-10-11 01:00:00,2025-10-11 01:15:00,0.5,4.8,4.9,1
2025-10-11 13:15:00,2025-10-11 20:15:00,7.25,4.3,4.86551724137931,13
2025-10-11 21:45:00,2025-10-12 00:00:00,2.5,4.2,4.84,21
2025-10-12 03:00:00,2025-10-12 05:30:00,2.75,4.3,4.745454545454545,3
2025-10-12 09:00:00,2025-10-12 11:30:00,2.75,4.6,4.718181818181819,9
2025-10-12 13:30:00,2025-10-12 21:45:00,8.5,4.2,5.179411764705882,13
2025-10-12 23:15:00,2025-10-13 01:15:00,2.25,4.1,4.655555555555556,23
2025-10-13 02:45:00,2025-10-13 04:00:00,1.5,5.0,5.2,2
2025-10-13 05:45:00,2025-10-13 07:45:00,2.25,4.4,4.644444444444445,5
2025-10-13 13:45:00,2025-10-13 15:00:00,1.5,5.0,5.183333333333334,13
2025-10-13 21:15:00,2025-10-14 00:30:00,3.5,4.4,4.764285714285714,21
2025-10-14 12:30:00,2025-10-14 13:15:00,1.0,4.8,4.925,12
2025-10-14 15:15:00,2025-10-14 22:45:00,7.75,4.4,4.945161290322581,15
2025-10-15 00:15:00,2025-10-15 02:30:00,2.5,4.2,4.430000000000001,0
2025-10-15 13:00:00,2025-10-15 16:45:00,4.0,4.6,5.125,13
2025-10-15 18:45:00,2025-10-16 03:15:00,8.75,4.5,5.174285714285716,18
2025-10-16 05:00:00,2025-10-16 08:30:00,3.75,4.1,4.446666666666667,5
2025-10-16 15:30:00,2025-10-16 19:15:00,4.0,4.9,5.143750000000001,15
2025-10-16 21:30:00,2025-10-17 05:30:00,8.25,3.4,4.2696969696969695,21
2025-10-17 07:00:00,2025-10-17 07:45:00,1.0,3.3,3.3999999999999995,7
2025-10-17 11:45:00,2025-10-17 16:00:00,4.5,4.2,4.772222222222222,11
2025-10-17 18:30:00,2025-10-17 21:00:00,2.75,4.1,4.718181818181818,18
2025-10-17 22:30:00,2025-10-17 22:45:00,0.5,4.5,4.75,22
2025-10-18 01:45:00,2025-10-18 04:45:00,3.25,4.1,4.330769230769231,1
2025-10-18 06:15:00,2025-10-18 07:45:00,1.75,3.8,4.142857142857143,6
2025-10-18 10:45:00,2025-10-18 12:00:00,1.5,4.5,4.633333333333333,10
2025-10-18 22:00:00,2025-10-18 22:15:00,0.5,5.1,5.199999999999999,22
2025-10-19 05:15:00,2025-10-19 06:00:00,1.0,3.6,3.85,5
2025-10-19 15:30:00,2025-10-19 17:30:00,2.25,3.8,4.0,15
2025-10-19 20:15:00,2025-10-19 21:45:00,1.75,3.4,3.6714285714285713,20
2025-10-19 23:30:00,2025-10-20 02:15:00,3.0,2.8,3.2999999999999994,23
2025-10-20 04:00:00,2025-10-20 05:00:00,1.25,2.8,2.96,4
2025-10-20 06:45:00,2025-10-20 07:30:00,1.0,2.6,2.8249999999999997,6
2025-10-20 15:30:00,2025-10-20 15:45:00,0.5,4.4,4.5,15
2025-10-20 17:30:00,2025-10-20 19:45:00,2.5,3.3,4.74,17
2025-10-20 21:15:00,2025-10-21 00:15:00,3.25,3.0,4.376923076923077,21
2025-10-21 03:15:00,2025-10-21 06:00:00,3.0,3.8,4.408333333333333,3
2025-10-21 09:30:00,2025-10-21 12:15:00,3.0,3.3,4.266666666666667,9
2025-10-21 14:00:00,2025-10-21 16:15:00,2.5,4.5,5.11,14
2025-10-21 23:15:00,2025-10-22 05:15:00,6.25,3.8,4.592,23
2025-10-22 06:45:00,2025-10-22 07:00:00,0.5,3.2,3.45,6
2025-10-22 08:30:00,2025-10-22 10:00:00,1.75,3.7,4.228571428571429,8
2025-10-22 11:30:00,2025-10-22 13:30:00,2.25,4.9,5.155555555555555,11
2025-10-22 17:15:00,2025-10-22 21:30:00,4.5,4.7,5.044444444444444,17
2025-10-23 12:45:00,2025-10-23 15:30:00,3.0,5.0,5.625,12
2025-10-23 17:30:00,2025-10-23 20:15:00,3.0,4.8,5.658333333333332,17
2025-10-23 23:00:00,2025-10-23 23:30:00,0.75,6.0,6.1000000000000005,23
2025-10-24 06:15:00,2025-10-24 07:15:00,1.25,4.7,4.86,6
2025-10-24 14:45:00,2025-10-24 16:15:00,1.75,6.6,6.985714285714286,14
2025-10-24 17:45:00,2025-10-24 18:00:00,0.5,6.4,6.5,17
2025-10-24 22:30:00,2025-10-24 23:45:00,1.5,6.1,6.416666666666667,22
2025-10-25 01:15:00,2025-10-25 06:00:00,5.0,5.4,5.83,1
2025-10-25 07:30:00,2025-10-25 10:30:00,3.25,5.2,5.6923076923076925,7
2025-10-25 13:15:00,2025-10-25 13:30:00,0.5,6.5,6.6,13
2025-10-25 15:00:00,2025-10-25 21:00:00,6.25,5.1,6.127999999999999,15
2025-10-26 06:30:00,2025-10-26 09:45:00,3.5,4.5,4.85,6
2025-10-26 14:00:00,2025-10-26 14:45:00,1.0,4.3,4.475,14
2025-10-26 16:15:00,2025-10-26 17:00:00,1.0,4.3,4.525,16
2025-10-26 20:30:00,2025-10-26 22:15:00,2.0,4.8,5.0,20
2025-10-27 00:30:00,2025-10-27 01:00:00,0.75,4.6,4.766666666666667,0
2025-10-27 02:45:00,2025-10-27 06:15:00,3.75,3.7,4.193333333333333,2
2025-10-27 12:00:00,2025-10-27 12:45:00,1.0,4.5,4.65,12
2025-10-27 16:00:00,2025-10-27 17:45:00,2.0,4.6,4.9375,16
2025-10-27 19:15:00,2025-10-27 21:00:00,2.0,4.1,4.3375,19
2025-10-27 22:30:00,2025-10-28 01:45:00,3.5,3.6,4.028571428571428,22
2025-10-28 07:00:00,2025-10-28 07:30:00,0.75,3.7,3.8333333333333335,7
2025-10-28 09:30:00,2025-10-28 11:00:00,1.75,3.6,3.8999999999999995,9
2025-10-28 13:00:00,2025-10-28 15:15:00,2.5,3.9,4.11,13
2025-10-28 17:15:00,2025-10-29 00:45:00,7.75,3.4,3.9064516129032256,17
2025-10-29 02:15:00,2025-10-29 03:00:00,1.0,4.0,4.15,2
2025-10-29 05:30:00,2025-10-29 06:00:00,0.75,4.4,4.566666666666667,5
2025-10-29 08:45:00,2025-10-29 09:45:00,1.25,4.5,4.699999999999999,8
2025-10-29 20:30:00,2025-10-29 21:15:00,1.0,5.3,5.45,20
2025-10-30 12:30:00,2025-10-30 13:30:00,1.25,5.5,5.68,12
2025-10-30 17:00:00,2025-10-30 20:15:00,3.5,5.7,5.885714285714285,17
2025-10-30 22:45:00,2025-10-31 00:30:00,2.0,5.5,5.6875,22
2025-10-31 13:15:00,2025-10-31 14:30:00,1.5,6.2,6.416666666666667,13
2025-10-31 19:45:00,2025-10-31 20:15:00,0.75,6.2,6.3,19
2025-10-31 23:00:00,2025-11-01 04:45:00,6.0,5.5,5.945833333333333,23
2025-11-01 07:15:00,2025-11-01 08:45:00,1.75,5.1,5.357142857142857,7
2025-11-01 16:30:00,2025-11-01 17:45:00,1.5,5.7,6.066666666666666,16
2025-11-01 23:15:00,2025-11-02 03:15:00,4.25,5.5,5.68235294117647,23
2025-11-02 09:30:00,2025-11-02 12:15:00,3.0,5.0,5.425,9
2025-11-02 15:15:00,2025-11-02 22:45:00,7.75,5.4,5.9,15
2025-11-03 00:30:00,2025-11-03 02:45:00,2.5,5.0,5.2,0
2025-11-03 04:30:00,2025-11-03 06:45:00,2.5,4.9,5.17,4
2025-11-03 12:15:00,2025-11-03 14:00:00,2.0,5.8,5.9375,12
2025-11-03 18:15:00,2025-11-03 22:15:00,4.25,5.5,5.852941176470588,18
2025-11-04 02:00:00,2025-11-04 02:45:00,1.0,5.1,5.225,2
2025-11-04 06:45:00,2025-11-04 08:30:00,2.0,4.8,4.975,6
2025-11-04 10:00:00,2025-11-04 12:45:00,3.0,5.2,5.672727272727272,10
2025-11-05 07:15:00,2025-11-05 08:15:00,1.25,5.3,5.5,7
2025-11-06 04:15:00,2025-11-06 07:30:00,3.5,5.6,5.764285714285714,4
2025-11-06 12:15:00,2025-11-06 13:45:00,1.75,6.3,6.485714285714286,12
2025-11-06 15:15:00,2025-11-06 16:15:00,1.25,6.7,6.74,15
2025-11-06 18:00:00,2025-11-06 19:45:00,2.0,6.8,6.95,18
2025-11-07 07:15:00,2025-11-07 07:45:00,0.75,5.8,5.933333333333334,7
2025-11-07 10:45:00,2025-11-07 11:15:00,0.75,5.8,6.0,10
2025-11-07 13:30:00,2025-11-07 17:45:00,4.5,6.4,6.7444444444444445,13
2025-11-08 04:00:00,2025-11-08 04:30:00,0.75,6.0,6.1000000000000005,4
2025-11-08 13:15:00,2025-11-08 13:45:00,0.75,6.2,6.433333333333334,13
2025-11-08 17:00:00,2025-11-08 20:15:00,3.5,6.0,6.278571428571428,17
2025-11-08 22:30:00,2025-11-08 23:00:00,0.75,6.7,6.8,22
2025-11-09 13:45:00,2025-11-09 20:30:00,7.0,5.8,6.464285714285714,13
2025-11-10 01:15:00,2025-11-10 03:30:00,2.5,6.0,6.1899999999999995,1
2025-11-10 08:30:00,2025-11-10 10:30:00,2.25,5.8,6.0555555555555545,8
2025-11-10 16:00:00,2025-11-10 16:15:00,0.5,6.8,6.9,16
2025-11-10 18:00:00,2025-11-10 18:30:00,0.75,6.8,6.933333333333333,18
2025-11-10 20:30:00,2025-11-10 21:45:00,1.5,6.8,6.916666666666667,20
2025-11-11 05:15:00,2025-11-11 06:45:00,1.75,6.2,6.328571428571429,5
2025-11-11 08:45:00,2025-11-11 09:15:00,0.75,6.1,6.166666666666667,8
2025-11-11 17:15:00,2025-11-11 18:30:00,1.5,6.6,6.800000000000001,17
2025-11-12 06:00:00,2025-11-12 08:15:00,2.5,6.7,6.860000000000001,6
2025-11-12 10:30:00,2025-11-12 11:45:00,1.5,6.5,6.783333333333334,10
2025-11-12 23:45:00,2025-11-13 01:00:00,1.5,7.0,7.083333333333333,23
2025-11-13 06:00:00,2025-11-13 07:15:00,1.5,6.7,7.066666666666667,6
2025-11-13 08:45:00,2025-11-13 11:00:00,2.5,6.9,7.1899999999999995,8
2025-11-13 14:45:00,2025-11-13 18:15:00,3.75,7.1,7.426666666666667,14
2025-11-13 22:00:00,2025-11-14 03:45:00,6.0,6.6,6.875,22
2025-11-14 05:45:00,2025-11-14 08:00:00,2.5,6.0,6.3,5
2025-11-14 15:00:00,2025-11-14 18:15:00,3.5,6.6,6.949999999999998,15
2025-11-14 23:30:00,2025-11-15 00:00:00,0.75,6.2,6.333333333333333,23
2025-11-15 01:30:00,2025-11-15 03:15:00,2.0,6.1,6.275,1
2025-11-15 05:15:00,2025-11-15 06:15:00,1.25,6.0,6.24,5
2025-11-15 21:15:00,2025-11-15 23:45:00,2.75,6.0,6.3999999999999995,21
2025-11-16 01:15:00,2025-11-16 01:45:00,0.75,5.9,5.966666666666666,1
2025-11-16 03:30:00,2025-11-16 06:00:00,2.75,5.2,5.545454545454546,3
2025-11-16 07:30:00,2025-11-16 08:15:00,1.0,5.2,5.35,7
2025-11-16 14:15:00,2025-11-16 15:15:00,1.25,6.9,6.9799999999999995,14
2025-11-16 17:00:00,2025-11-16 19:15:00,2.5,6.6,6.81,17
2025-11-16 21:15:00,2025-11-16 21:45:00,0.75,6.3,6.433333333333334,21
2025-11-16 23:30:00,2025-11-17 00:30:00,1.25,5.9,6.159999999999999,23
2025-11-17 02:00:00,2025-11-17 02:45:00,1.0,5.9,5.949999999999999,2
2025-11-17 06:15:00,2025-11-17 08:30:00,2.5,5.4,5.61,6
2025-11-17 15:45:00,2025-11-17 17:00:00,1.5,7.0,7.233333333333334,15
2025-11-18 02:00:00,2025-11-18 06:30:00,4.75,5.9,6.21578947368421,2
2025-11-18 08:00:00,2025-11-18 08:30:00,0.75,5.7,5.8,8
2025-11-18 12:45:00,2025-11-18 14:30:00,2.0,6.9,7.2125,12
2025-11-18 18:45:00,2025-11-19 00:30:00,6.0,6.6,7.029166666666666,18
2025-11-19 02:15:00,2025-11-19 09:30:00,7.5,5.4,6.2,2
2025-11-19 13:00:00,2025-11-19 16:30:00,3.75,6.9,7.6133333333333315,13
2025-11-19 18:15:00,2025-11-19 20:15:00,2.25,6.6,7.011111111111111,18
2025-11-20 05:30:00,2025-11-20 09:45:00,4.5,5.6,5.861111111111111,5
2025-11-20 11:45:00,2025-11-20 13:00:00,1.5,6.3,6.933333333333334,11
2025-11-20 17:00:00,2025-11-20 19:00:00,2.25,6.8,7.288888888888888,17
2025-11-20 21:45:00,2025-11-20 23:00:00,1.5,6.3,6.3999999999999995,21
2025-11-21 03:15:00,2025-11-21 09:00:00,6.0,5.5,5.866666666666667,3
2025-11-21 11:15:00,2025-11-21 15:45:00,4.75,6.3,6.894736842105263,11
2025-11-21 22:30:00,2025-11-21 23:15:00,1.0,6.3,6.375,22
2025-11-22 01:15:00,2025-11-22 02:15:00,1.25,5.5,5.78,1
2025-11-22 04:00:00,2025-11-22 10:00:00,6.25,5.1,5.62,4
2025-11-22 13:45:00,2025-11-22 15:15:00,1.75,6.0,6.314285714285715,13
2025-11-22 16:45:00,2025-11-22 17:30:00,1.0,5.9,6.1,16
2025-11-22 19:00:00,2025-11-22 20:15:00,1.5,5.2,5.366666666666667,19
2025-11-23 00:45:00,2025-11-23 08:15:00,7.75,4.6,4.951612903225807,0
2025-11-23 12:30:00,2025-11-23 13:15:00,1.0,5.9,5.949999999999999,12
2025-11-23 14:45:00,2025-11-23 16:45:00,2.25,5.9,6.199999999999999,14
2025-11-23 18:45:00,2025-11-23 21:00:00,2.5,5.7,5.970000000000001,18
2025-11-23 23:00:00,2025-11-24 04:15:00,5.5,5.4,5.759090909090909,23
2025-11-24 08:15:00,2025-11-24 11:15:00,3.25,5.0,5.43076923076923,8
2025-11-24 14:15:00,2025-11-24 16:45:00,2.75,6.3,6.654545454545453,14
2025-11-25 00:45:00,2025-11-25 03:00:00,2.5,5.8,6.07,0
2025-11-25 04:45:00,2025-11-25 06:30:00,2.0,5.1,5.5,4
2025-11-25 12:30:00,2025-11-25 17:00:00,4.75,5.8,6.247368421052631,12
2025-11-25 18:30:00,2025-11-25 21:15:00,3.0,5.9,6.175,18
2025-11-25 22:45:00,2025-11-26 01:45:00,3.25,5.5,5.846153846153846,22
2025-11-26 12:30:00,2025-11-26 16:15:00,4.0,5.7,6.38125,12
2025-11-27 00:45:00,2025-11-27 01:00:00,0.5,5.9,6.0,0
2025-11-27 02:45:00,2025-11-27 04:45:00,2.25,5.7,5.944444444444445,2
2025-11-27 06:15:00,2025-11-27 07:15:00,1.25,5.5,5.720000000000001,6
2025-11-27 11:30:00,2025-11-27 12:15:00,1.0,6.4,6.574999999999999,11
2025-11-27 19:30:00,2025-11-27 22:45:00,3.5,6.4,6.721428571428571,19
2025-11-28 05:30:00,2025-11-28 06:45:00,1.5,5.7,6.0,5
2025-11-28 18:15:00,2025-11-28 19:45:00,1.75,6.8,7.0,18
2025-11-29 08:45:00,2025-11-29 09:15:00,0.75,6.0,6.133333333333333,8
2025-11-29 16:15:00,2025-11-29 18:30:00,2.5,6.5,6.869999999999999,16
2025-11-29 23:15:00,2025-11-30 01:30:00,2.5,6.2,6.49,23
2025-11-30 09:45:00,2025-11-30 11:45:00,2.25,6.7,7.011111111111111,9
2025-11-30 20:15:00,2025-11-30 22:00:00,2.0,7.3,7.475,20
2025-11-30 23:45:00,2025-12-01 00:45:00,1.25,7.0,7.2,23
2025-12-01 02:45:00,2025-12-01 03:30:00,1.0,6.6,6.975,2
2025-12-01 05:15:00,2025-12-01 06:45:00,1.75,6.6,6.942857142857143,5
2025-12-01 08:45:00,2025-12-01 10:45:00,2.25,5.9,6.422222222222222,8
2025-12-01 13:15:00,2025-12-01 14:00:00,1.0,6.1,6.25,13
2025-12-01 16:00:00,2025-12-01 20:15:00,4.5,5.9,6.205555555555556,16
2025-12-01 22:00:00,2025-12-02 04:00:00,6.25,5.4,5.88,22
2025-12-02 15:15:00,2025-12-02 18:00:00,3.0,5.9,6.2,15
2025-12-02 19:30:00,2025-12-02 20:45:00,1.5,5.6,5.783333333333332,19
2025-12-02 23:45:00,2025-12-03 08:15:00,8.75,4.0,4.66,23
2025-12-03 09:45:00,2025-12-03 10:30:00,1.0,4.3,4.449999999999999,9
2025-12-03 14:45:00,2025-12-03 19:30:00,5.0,4.9,5.32,14
2025-12-03 21:00:00,2025-12-03 21:45:00,1.0,4.7,5.1,21
2025-12-03 23:15:00,2025-12-04 09:45:00,10.75,3.3,3.9720930232558143,23
2025-12-04 12:15:00,2025-12-04 13:00:00,1.0,3.3,3.4000000000000004,12
2025-12-04 17:00:00,2025-12-04 21:45:00,5.0,3.2,4.0,17
2025-12-04 23:45:00,2025-12-05 00:00:00,0.5,3.6,3.7,23
2025-12-05 02:00:00,2025-12-05 03:45:00,2.0,3.2,3.375,2
2025-12-05 05:15:00,2025-12-05 06:15:00,1.25,7.2,7.360000000000001,5
2025-12-05 08:30:00,2025-12-05 10:15:00,2.0,3.3,4.9375,8
2025-12-05 14:00:00,2025-12-05 15:30:00,1.75,4.0,4.314285714285714,14
2025-12-05 23:00:00,2025-12-06 00:15:00,1.5,5.0,5.25,23
2025-12-06 07:30:00,2025-12-06 09:45:00,2.5,4.8,5.4,7
2025-12-06 11:45:00,2025-12-06 12:00:00,0.5,5.0,5.1,11
2025-12-06 23:30:00,2025-12-06 23:45:00,0.5,5.9,6.050000000000001,23
2025-12-07 01:30:00,2025-12-07 02:00:00,0.75,5.5,5.966666666666666,1
2025-12-07 04:30:00,2025-12-07 05:00:00,0.75,5.9,6.0,4
2025-12-07 10:00:00,2025-12-07 11:00:00,1.25,5.9,6.039999999999999,10
2025-12-07 13:30:00,2025-12-07 16:30:00,3.25,6.3,6.438461538461538,13
2025-12-07 18:45:00,2025-12-07 19:30:00,1.0,6.4,6.525,18
2025-12-08 19:00:00,2025-12-08 20:00:00,1.25,6.9,7.06,19
2025-12-08 22:45:00,2025-12-09 00:00:00,1.5,7.1,7.216666666666668,22
2025-12-09 01:30:00,2025-12-09 02:30:00,1.25,6.8,6.839999999999999,1
2025-12-09 05:00:00,2025-12-09 06:30:00,1.75,6.5,6.614285714285715,5
2025-12-09 12:30:00,2025-12-09 15:15:00,3.0,6.7,7.0181818181818185,12
2025-12-10 07:30:00,2025-12-10 08:45:00,1.5,6.9,6.983333333333333,7
2025-12-11 00:30:00,2025-12-11 02:15:00,2.0,6.3,6.4875,0
2025-12-11 19:00:00,2025-12-11 21:00:00,2.25,6.1,6.277777777777778,19
2025-12-12 00:00:00,2025-12-12 00:45:00,1.0,5.9,6.049999999999999,0
2025-12-12 19:00:00,2025-12-12 20:00:00,1.25,5.1,5.279999999999999,19
2025-12-12 23:45:00,2025-12-13 01:00:00,1.5,4.8,4.933333333333334,23
2025-12-13 20:30:00,2025-12-13 22:15:00,2.0,4.8,5.1625,20
2025-12-14 01:30:00,2025-12-14 06:15:00,5.0,4.9,5.449999999999999,1
2025-12-14 17:30:00,2025-12-15 03:45:00,10.5,4.8,5.764285714285714,17
2025-12-15 05:30:00,2025-12-15 06:30:00,1.25,4.7,4.9,5
2025-12-15 23:00:00,2025-12-16 02:00:00,3.25,5.8,6.9,23
2025-12-16 03:30:00,2025-12-16 05:15:00,2.0,5.4,5.6375,3
2025-12-16 06:45:00,2025-12-16 07:00:00,0.5,5.5,5.65,6
2025-12-16 15:30:00,2025-12-16 16:15:00,1.0,6.6,6.725,15
2025-12-16 22:45:00,2025-12-16 23:30:00,1.0,6.3,6.574999999999999,22
2025-12-17 06:30:00,2025-12-17 06:45:00,0.5,5.5,5.6,6
2025-12-17 14:00:00,2025-12-17 16:45:00,3.0,6.4,6.766666666666667,14
2025-12-18 00:45:00,2025-12-18 08:45:00,8.25,5.3,5.8515151515151524,0
2025-12-18 22:15:00,2025-12-19 06:30:00,8.5,4.9,6.0,22
2025-12-19 17:30:00,2025-12-19 17:45:00,0.5,6.5,6.6,17
2025-12-19 20:00:00,2025-12-20 00:30:00,4.75,5.6,6.178947368421052,20
2025-12-21 02:00:00,2025-12-21 05:00:00,3.25,5.0,5.638461538461538,2
2025-12-21 07:00:00,2025-12-21 08:00:00,1.25,4.7,4.78,7
2025-12-21 17:30:00,2025-12-21 18:00:00,0.75,4.8,4.866666666666667,17
2025-12-21 23:45:00,2025-12-22 04:30:00,5.0,4.1,4.585,23
2025-12-22 07:00:00,2025-12-22 08:15:00,1.5,3.7,3.933333333333333,7
2025-12-22 13:15:00,2025-12-22 16:45:00,3.75,3.8,4.206666666666667,13
2025-12-22 20:45:00,2025-12-22 23:45:00,3.25,4.3,4.792307692307693,20
2025-12-23 01:15:00,2025-12-23 05:30:00,4.5,4.5,4.955555555555556,1
2025-12-23 13:00:00,2025-12-23 14:15:00,1.5,3.3,3.766666666666666,13
2025-12-23 16:00:00,2025-12-23 17:00:00,1.25,3.4,3.7,16
2025-12-23 23:45:00,2025-12-24 00:15:00,0.75,4.8,5.1000000000000005,23
2025-12-24 02:00:00,2025-12-24 06:00:00,4.25,3.5,3.8529411764705883,2
2025-12-24 09:30:00,2025-12-24 13:00:00,3.75,3.1,3.76,9
2025-12-24 14:30:00,2025-12-24 20:45:00,6.5,3.6,4.38076923076923,14
2025-12-24 22:15:00,2025-12-24 23:30:00,1.5,3.8,4.000000000000001,22
2025-12-25 03:00:00,2025-12-25 06:30:00,3.75,3.4,3.68,3
2025-12-25 08:45:00,2025-12-25 11:00:00,2.5,3.3,3.45,8
2025-12-25 16:45:00,2025-12-25 21:15:00,4.75,3.0,3.357894736842105,16
2025-12-25 22:45:00,2025-12-26 05:45:00,7.25,2.4,2.913793103448276,22
2025-12-26 07:30:00,2025-12-26 09:15:00,2.0,2.4,2.5875000000000004,7
2025-12-26 14:30:00,2025-12-26 16:30:00,2.25,2.7,2.8888888888888884,14
2025-12-26 19:15:00,2025-12-26 23:15:00,4.25,2.1,2.476470588235294,19
2025-12-27 03:00:00,2025-12-27 05:45:00,3.0,1.6,1.8083333333333336,3
2025-12-27 14:15:00,2025-12-27 19:00:00,5.0,1.7,2.1399999999999997,14
2025-12-27 20:30:00,2025-12-27 22:15:00,2.0,1.3,1.6875,20
2025-12-27 23:45:00,2025-12-28 01:00:00,1.5,1.1,1.1833333333333333,23
2025-12-28 05:15:00,2025-12-28 06:45:00,1.75,1.1,1.1857142857142857,5
2025-12-28 09:30:00,2025-12-28 10:30:00,1.25,1.6,1.7599999999999998,9
2025-12-28 13:30:00,2025-12-28 16:00:00,2.75,1.3,1.5727272727272725,13
2025-12-28 19:00:00,2025-12-28 21:15:00,2.5,0.8,1.1800000000000002,19
2025-12-28 23:30:00,2025-12-29 00:30:00,1.25,0.8,0.9400000000000001,23
2025-12-29 06:15:00,2025-12-29 11:00:00,5.0,0.9,2.335,6
2025-12-29 13:30:00,2025-12-30 06:00:00,16.75,1.4,3.1283582089552238,13
2025-12-30 21:30:00,2025-12-31 00:30:00,3.25,4.8,6.453846153846154,21
2025-12-31 05:30:00,2025-12-31 06:00:00,0.75,3.7,3.8333333333333335,5
2025-12-31 17:00:00,2025-12-31 18:15:00,1.5,7.4,7.683333333333334,17
2025-12-31 22:00:00,2025-12-31 23:15:00,1.5,7.3,7.55,22
2026-01-05 15:15:00,2026-01-05 17:15:00,2.25,6.2,6.666666666666667,15
2026-01-05 21:00:00,2026-01-05 22:45:00,2.0,6.9,7.0875,21
2026-01-06 02:30:00,2026-01-06 07:30:00,5.25,5.3,6.123809523809523,2
2026-01-06 09:00:00,2026-01-06 09:30:00,0.75,5.2,5.333333333333333,9
2026-01-06 16:15:00,2026-01-06 19:00:00,3.0,5.1,5.8500000000000005,16
2026-01-06 20:30:00,2026-01-06 21:30:00,1.25,5.0,5.5,20
2026-01-07 00:30:00,2026-01-07 01:45:00,1.5,5.3,5.45,0
2026-01-07 03:30:00,2026-01-07 08:00:00,4.75,4.2,4.847368421052633,3
2026-01-07 14:15:00,2026-01-07 16:15:00,2.25,4.9,5.311111111111111,14
2026-01-07 17:45:00,2026-01-07 20:00:00,2.5,4.4,4.6499999999999995,17
2026-01-07 21:45:00,2026-01-08 00:30:00,3.0,3.8,4.25,21
2026-01-08 04:30:00,2026-01-08 07:45:00,3.5,3.5,3.8357142857142854,4
2026-01-08 12:30:00,2026-01-09 03:45:00,15.5,3.8,5.058064516129032,12
2026-01-09 06:30:00,2026-01-09 21:30:00,15.25,2.7,4.004918032786885,6
2026-01-09 23:30:00,2026-01-10 20:15:00,21.0,1.5,3.05952380952381,23
2026-01-10 21:45:00,2026-01-11 03:15:00,5.75,1.5,2.465217391304348,21
2026-01-11 07:45:00,2026-01-11 08:00:00,0.5,3.3,3.4,7
2026-01-11 11:30:00,2026-01-11 14:00:00,2.75,3.7,4.272727272727273,11
2026-01-11 15:30:00,2026-01-12 04:45:00,13.5,2.8,3.888888888888889,15
2026-01-12 06:30:00,2026-01-12 07:45:00,1.5,3.9,4.35,6
2026-01-12 18:00:00,2026-01-12 18:45:00,1.0,6.3,6.425,18
2026-01-12 22:00:00,2026-01-13 07:15:00,9.5,5.2,5.768421052631579,22
2026-01-13 16:15:00,2026-01-13 19:45:00,3.75,7.3,7.726666666666666,16
2026-01-13 22:45:00,2026-01-14 05:45:00,7.25,6.1,6.596551724137932,22
2026-01-14 08:00:00,2026-01-14 09:00:00,1.25,6.2,6.32,8
2026-01-14 13:30:00,2026-01-14 13:45:00,0.5,6.9,7.1,13
2026-01-14 16:15:00,2026-01-14 16:45:00,0.75,7.5,7.633333333333333,16
2026-01-14 18:45:00,2026-01-14 22:45:00,4.25,6.5,7.023529411764706,18
2026-01-15 00:15:00,2026-01-15 03:45:00,3.75,5.3,5.886666666666667,0
2026-01-15 06:30:00,2026-01-15 06:45:00,0.5,4.9,5.0,6
2026-01-15 16:00:00,2026-01-15 16:30:00,0.75,8.2,8.266666666666667,16
2026-01-16 05:00:00,2026-01-16 06:00:00,1.25,6.0,6.22,5
2026-01-16 20:45:00,2026-01-16 21:45:00,1.25,7.8,8.02,20
2026-01-17 00:00:00,2026-01-17 03:00:00,3.25,7.3,7.6,0
2026-01-17 05:15:00,2026-01-17 05:30:00,0.5,6.7,6.85,5
2026-01-17 07:15:00,2026-01-17 07:30:00,0.5,6.3,6.55,7
2026-01-17 14:00:00,2026-01-17 14:45:00,1.0,7.8,8.024999999999999,14
2026-01-17 18:00:00,2026-01-17 20:15:00,2.5,7.6,7.800000000000002,18
2026-01-18 00:00:00,2026-01-18 00:45:00,1.0,7.1,7.15,0
2026-01-18 04:00:00,2026-01-18 04:45:00,1.0,6.6,6.699999999999999,4
2026-01-18 06:15:00,2026-01-18 06:45:00,0.75,5.9,6.1000000000000005,6
2026-01-19 01:45:00,2026-01-19 07:30:00,6.0,6.0,6.995833333333333,1
2026-01-19 21:00:00,2026-01-19 22:30:00,1.75,8.6,8.757142857142858,21
2026-01-20 01:45:00,2026-01-20 02:45:00,1.25,7.6,7.8,1
2026-01-20 04:15:00,2026-01-20 06:00:00,2.0,7.2,7.45,4
2026-01-20 16:15:00,2026-01-20 17:00:00,1.0,8.7,8.850000000000001,16
2026-01-20 23:15:00,2026-01-21 00:15:00,1.25,8.6,8.8,23
2026-01-21 02:45:00,2026-01-21 06:30:00,4.0,7.6,8.1,2
2026-01-21 16:00:00,2026-01-21 19:30:00,3.75,8.3,8.693333333333333,16
2026-01-22 10:15:00,2026-01-22 11:00:00,1.0,7.5,7.6499999999999995,10
2026-01-22 16:45:00,2026-01-22 17:15:00,0.75,7.9,8.033333333333333,16
2026-01-22 18:45:00,2026-01-22 19:00:00,0.5,7.6,7.699999999999999,18
2026-01-22 22:45:00,2026-01-23 06:00:00,7.5,6.8,7.666666666666666,22
2026-01-23 07:30:00,2026-01-23 08:45:00,1.5,6.9,7.183333333333334,7
2026-01-23 15:00:00,2026-01-23 20:30:00,5.75,7.7,8.221739130434782,15
2026-01-23 23:00:00,2026-01-24 01:30:00,2.75,7.3,7.472727272727272,23
2026-01-24 04:15:00,2026-01-24 04:45:00,0.75,7.0,7.066666666666666,4
2026-01-24 06:45:00,2026-01-24 09:00:00,2.5,6.4,6.720000000000001,6
2026-01-24 11:15:00,2026-01-24 13:15:00,2.25,6.8,6.922222222222222,11
2026-01-24 16:15:00,2026-01-24 17:00:00,1.0,6.8,7.124999999999999,16
2026-01-24 21:45:00,2026-01-25 03:00:00,5.5,6.4,6.759090909090907,21
2026-01-25 06:15:00,2026-01-25 07:30:00,1.5,6.2,6.3500000000000005,6
2026-01-25 11:00:00,2026-01-25 12:15:00,1.5,6.4,6.616666666666666,11
2026-01-25 13:45:00,2026-01-25 15:45:00,2.25,6.0,6.333333333333333,13
2026-01-25 19:00:00,2026-01-25 20:45:00,2.0,5.6,6.1125,19
2026-01-25 22:30:00,2026-01-26 00:45:00,2.5,5.2,5.53,22
2026-01-26 09:30:00,2026-01-26 11:15:00,2.0,5.3,5.725,9
2026-01-26 13:00:00,2026-01-26 22:30:00,9.75,5.3,6.151282051282052,13
2026-01-27 00:30:00,2026-01-27 00:45:00,0.5,5.1,5.199999999999999,0
2026-01-27 04:30:00,2026-01-27 07:00:00,2.75,4.1,4.745454545454546,4
2026-01-27 11:30:00,2026-01-27 12:15:00,1.0,5.3,5.725,11
2026-01-27 18:30:00,2026-01-27 22:15:00,4.0,6.1,7.331250000000001,18
2026-01-28 02:30:00,2026-01-28 03:45:00,1.5,5.0,5.183333333333333,2
2026-01-28 19:30:00,2026-01-29 02:15:00,7.0,7.3,9.185714285714285,19
2026-01-29 17:00:00,2026-01-29 18:30:00,1.75,10.3,10.542857142857143,17
2026-01-29 22:45:00,2026-01-29 23:30:00,1.0,10.1,10.375,22
2026-01-30 01:15:00,2026-01-30 04:30:00,3.5,8.4,9.15,1
2026-01-31 03:15:00,2026-01-31 04:30:00,1.5,9.5,9.666666666666666,3
2026-01-31 06:00:00,2026-01-31 06:30:00,0.75,9.2,9.333333333333334,6
2026-02-01 03:30:00,2026-02-01 04:30:00,1.25,9.2,9.320000000000002,3
2026-02-01 12:15:00,2026-02-01 14:00:00,2.0,9.7,10.2625,12
2026-02-02 02:00:00,2026-02-02 03:45:00,2.0,9.7,10.037500000000001,2
2026-02-03 13:15:00,2026-02-03 13:45:00,0.75,11.2,11.300000000000002,13
2026-02-04 02:15:00,2026-02-04 03:00:00,1.0,10.3,10.475000000000001,2
2026-02-04 05:30:00,2026-02-04 06:15:00,1.0,10.3,10.4,5
2026-02-04 20:15:00,2026-02-05 06:30:00,10.5,8.3,8.990476190476192,20
2026-02-05 19:30:00,2026-02-05 22:15:00,3.0,8.4,8.733333333333334,19
2026-02-06 03:45:00,2026-02-06 05:30:00,2.0,7.6,7.8,3
2026-02-07 01:45:00,2026-02-07 03:45:00,2.25,7.1,7.300000000000001,1
2026-02-07 06:00:00,2026-02-07 08:15:00,2.5,7.0,7.24,6
2026-02-07 20:45:00,2026-02-07 21:45:00,1.25,8.4,8.540000000000001,20
2026-02-07 23:15:00,2026-02-08 01:00:00,2.0,7.8,8.025,23
2026-02-08 18:00:00,2026-02-08 20:30:00,2.75,8.3,8.609090909090908,18
2026-02-09 18:45:00,2026-02-10 03:30:00,9.0,7.4,8.100000000000001,18
2026-02-10 05:15:00,2026-02-10 10:15:00,5.25,7.1,7.542857142857143,5
2026-02-10 17:00:00,2026-02-10 19:00:00,2.25,8.1,8.533333333333331,17
2026-02-11 00:45:00,2026-02-11 01:30:00,1.0,7.2,7.4,0
2026-02-11 03:15:00,2026-02-11 04:15:00,1.25,7.0,7.24,3
2026-02-11 06:00:00,2026-02-11 08:00:00,2.25,6.9,7.322222222222223,6
2026-02-11 14:00:00,2026-02-11 21:30:00,7.75,8.1,8.94516129032258,14
2026-02-11 23:00:00,2026-02-12 00:15:00,1.5,7.7,8.2,23
2026-02-12 01:45:00,2026-02-12 06:00:00,4.5,6.8,7.616666666666668,1
2026-02-12 07:45:00,2026-02-12 09:30:00,2.0,6.5,7.0375,7
2026-02-12 15:00:00,2026-02-12 17:00:00,2.25,8.2,8.733333333333334,15
2026-02-12 19:15:00,2026-02-13 02:30:00,7.5,7.3,8.066666666666666,19
2026-02-13 04:15:00,2026-02-13 08:00:00,4.0,6.7,7.2,4
2026-02-13 10:15:00,2026-02-13 10:45:00,0.75,7.2,7.266666666666667,10
2026-02-13 14:45:00,2026-02-13 18:00:00,3.5,7.8,8.421428571428573,14
2026-02-13 19:30:00,2026-02-14 05:30:00,10.25,6.4,7.26341463414634,19
2026-02-14 09:30:00,2026-02-14 10:30:00,1.25,7.0,7.279999999999999,9
2026-02-14 18:00:00,2026-02-14 18:15:00,0.5,7.7,7.85,18
2026-02-14 21:15:00,2026-02-15 03:00:00,6.0,6.3,7.191666666666666,21
2026-02-15 04:30:00,2026-02-15 07:00:00,2.75,6.3,6.5636363636363635,4
2026-02-15 16:00:00,2026-02-16 00:15:00,8.5,6.2,7.055882352941176,16
2026-02-16 01:45:00,2026-02-16 07:15:00,5.75,5.3,5.739130434782608,1
2026-02-16 12:00:00,2026-02-16 12:45:00,1.0,5.0,5.15,12
2026-02-16 14:30:00,2026-02-16 15:00:00,0.75,5.5,5.7,14
2026-02-16 23:30:00,2026-02-17 04:00:00,4.75,4.6,5.094736842105262,23
2026-02-17 09:15:00,2026-02-17 10:15:00,1.25,5.1,5.36,9
2026-02-17 15:30:00,2026-02-17 17:00:00,1.75,6.5,6.971428571428572,15
2026-02-17 18:30:00,2026-02-17 19:30:00,1.25,7.1,7.2,18
2026-02-17 22:45:00,2026-02-18 00:00:00,1.5,6.5,6.75,22
2026-02-18 04:00:00,2026-02-18 04:30:00,0.75,5.8,5.8999999999999995,4
2026-02-18 15:00:00,2026-02-18 15:45:00,1.0,6.5,6.6,15
2026-02-18 19:00:00,2026-02-18 20:30:00,1.75,5.7,6.085714285714287,19
2026-02-19 04:00:00,2026-02-19 06:30:00,2.75,4.8,5.454545454545454,4
2026-02-19 08:15:00,2026-02-19 09:00:00,1.0,4.6,4.7250000000000005,8
2026-02-19 11:00:00,2026-02-19 12:15:00,1.5,4.3,4.516666666666667,11
2026-02-19 13:45:00,2026-02-19 21:30:00,8.0,3.7,4.465624999999999,13
2026-02-19 23:15:00,2026-02-20 01:15:00,2.25,4.3,4.544444444444445,23
2026-02-20 04:00:00,2026-02-20 05:30:00,1.75,4.5,4.8428571428571425,4
2026-02-20 07:15:00,2026-02-20 09:15:00,2.25,3.9,4.544444444444444,7
2026-02-20 10:45:00,2026-02-20 14:15:00,3.75,4.5,4.826666666666666,10
2026-02-20 16:00:00,2026-02-20 19:45:00,4.0,2.9,3.75,16
2026-02-20 23:00:00,2026-02-20 23:45:00,1.0,2.6,2.725,23
2026-02-21 01:30:00,2026-02-21 02:45:00,1.5,2.6,2.983333333333333,1
2026-02-21 04:15:00,2026-02-21 11:00:00,7.0,2.6,3.657142857142857,4
2026-02-21 14:45:00,2026-02-21 22:45:00,8.25,2.6,3.539393939393939,14
2026-02-22 00:30:00,2026-02-22 01:00:00,0.75,2.5,2.6666666666666665,0
2026-02-22 04:30:00,2026-02-22 05:15:00,1.0,2.9,3.025,4
2026-02-22 06:45:00,2026-02-22 08:15:00,1.75,3.5,3.7857142857142856,6
2026-02-22 10:45:00,2026-02-22 11:45:00,1.25,5.4,5.720000000000001,10
2026-02-22 18:00:00,2026-02-23 00:00:00,6.25,4.5,5.648,18
2026-02-23 03:15:00,2026-02-23 03:30:00,0.5,4.4,4.5,3
2026-02-23 05:30:00,2026-02-23 06:00:00,0.75,4.4,4.466666666666667,5
2026-02-23 17:00:00,2026-02-23 18:00:00,1.25,7.9,8.16,17
2026-02-23 19:45:00,2026-02-23 23:30:00,4.0,5.4,6.6125,19
2026-02-24 04:00:00,2026-02-24 05:00:00,1.25,5.4,5.819999999999999,4
2026-02-24 15:45:00,2026-02-24 18:45:00,3.25,8.1,8.4,15
2026-02-24 20:30:00,2026-02-25 01:30:00,5.25,6.9,7.566666666666667,20
2026-02-25 03:45:00,2026-02-25 05:15:00,1.75,6.6,6.857142857142857,3
2026-02-25 06:45:00,2026-02-25 09:45:00,3.25,6.9,7.276923076923077,6
2026-02-25 13:15:00,2026-02-25 14:45:00,1.75,8.3,8.542857142857143,13
2026-02-25 18:45:00,2026-02-25 22:45:00,4.25,7.7,8.076470588235294,18
2026-02-26 01:15:00,2026-02-26 03:30:00,2.5,6.9,7.31,1
2026-02-26 05:00:00,2026-02-26 07:30:00,2.75,6.2,6.454545454545454,5
2026-02-26 09:00:00,2026-02-26 10:30:00,1.75,6.6,6.928571428571429,9
2026-02-26 12:30:00,2026-02-26 14:45:00,2.5,7.2,7.779999999999999,12
2026-02-26 16:30:00,2026-02-26 17:15:00,1.0,8.3,8.525,16
2026-02-26 18:45:00,2026-02-26 20:45:00,2.25,6.2,7.222222222222222,18
2026-02-26 22:15:00,2026-02-27 06:15:00,8.25,5.8,6.784848484848485,22
2026-02-27 12:15:00,2026-02-27 12:30:00,0.5,6.8,6.949999999999999,12
2026-02-27 15:15:00,2026-02-27 15:45:00,0.75,7.1,7.233333333333333,15
2026-02-27 18:00:00,2026-02-27 19:45:00,2.0,7.1,7.1875,18
2026-02-27 21:30:00,2026-02-28 07:00:00,9.75,5.4,6.412820512820513,21
2026-02-28 08:30:00,2026-02-28 10:00:00,1.75,5.7,5.957142857142857,8
2026-02-28 11:30:00,2026-02-28 11:45:00,0.5,5.8,5.949999999999999,11
2026-02-28 13:15:00,2026-02-28 13:30:00,0.5,6.5,6.7,13
2026-02-28 15:30:00,2026-03-01 08:45:00,17.5,5.6,6.892857142857143,15
2026-03-01 17:15:00,2026-03-02 01:00:00,8.0,6.2,7.0125,17
2026-03-02 02:30:00,2026-03-02 09:30:00,7.25,4.4,5.655172413793103,2
2026-03-02 11:00:00,2026-03-02 18:00:00,7.25,5.3,6.789655172413793,11
2026-03-02 20:30:00,2026-03-03 09:30:00,13.25,4.3,5.341509433962265,20
2026-03-03 11:15:00,2026-03-03 11:45:00,0.75,5.7,5.833333333333333,11
2026-03-03 20:00:00,2026-03-04 07:30:00,11.75,4.2,5.429787234042553,20
2026-03-04 10:30:00,2026-03-04 11:45:00,1.5,5.0,5.2,10
2026-03-04 13:45:00,2026-03-04 15:00:00,1.5,5.7,6.166666666666667,13
2026-03-04 16:45:00,2026-03-04 18:15:00,1.75,6.2,6.714285714285714,16
2026-03-04 20:00:00,2026-03-05 10:30:00,14.75,4.3,5.194915254237288,20
2026-03-05 12:00:00,2026-03-06 01:45:00,14.0,4.6,5.826785714285714,12
2026-03-06 03:15:00,2026-03-06 05:00:00,2.0,4.4,4.7125,3
2026-03-06 06:30:00,2026-03-06 08:00:00,1.75,4.5,4.628571428571429,6
2026-03-06 10:00:00,2026-03-06 14:45:00,5.0,4.4,5.875,10
2026-03-06 17:00:00,2026-03-06 19:30:00,2.75,6.5,6.909090909090909,17
2026-03-06 21:00:00,2026-03-07 12:15:00,15.5,4.1,5.17741935483871,21
2026-03-07 13:45:00,2026-03-07 16:15:00,2.75,5.6,5.9818181818181815,13
2026-03-07 18:15:00,2026-03-08 10:00:00,16.0,4.4,5.6578125,18
2026-03-08 11:30:00,2026-03-08 15:15:00,4.0,4.6,5.15625,11
2026-03-08 16:45:00,2026-03-08 18:45:00,2.25,4.3,4.822222222222221,16
2026-03-08 20:45:00,2026-03-09 00:15:00,3.75,3.7,4.066666666666666,20
2026-03-09 02:00:00,2026-03-09 09:30:00,7.75,2.9,3.5612903225806445,2
2026-03-09 13:15:00,2026-03-09 14:00:00,1.0,4.6,4.699999999999999,13
2026-03-09 15:45:00,2026-03-10 09:30:00,18.0,3.3,4.3388888888888895,15
2026-03-10 11:45:00,2026-03-10 17:45:00,6.25,4.2,5.152,11
2026-03-10 19:30:00,2026-03-10 21:15:00,2.0,4.2,4.5875,19
2026-03-10 23:30:00,2026-03-11 07:00:00,7.75,2.6,4.732258064516127,23
2026-03-11 10:00:00,2026-03-11 11:30:00,1.75,4.7,5.0857142857142845,10
2026-03-11 13:15:00,2026-03-12 01:15:00,12.25,3.6,5.238775510204083,13
2026-03-12 02:45:00,2026-03-12 05:15:00,2.75,2.6,3.1636363636363636,2
2026-03-12 08:30:00,2026-03-12 09:15:00,1.0,4.3,4.775,8
2026-03-12 12:45:00,2026-03-12 20:00:00,7.5,5.2,6.4766666666666675,12
2026-03-12 22:00:00,2026-03-13 04:30:00,6.75,4.4,5.014814814814815,22
2026-03-13 06:00:00,2026-03-13 08:30:00,2.75,4.4,4.718181818181818,6
2026-03-13 10:00:00,2026-03-13 12:00:00,2.25,4.9,5.1,10
2026-03-13 13:30:00,2026-03-14 04:45:00,15.5,3.9,4.969354838709678,13
2026-03-14 08:00:00,2026-03-14 08:45:00,1.0,3.7,3.825,8
2026-03-14 12:30:00,2026-03-14 18:15:00,6.0,4.4,5.5,12
2026-03-14 19:45:00,2026-03-14 20:45:00,1.25,4.1,4.6,19
2026-03-14 23:00:00,2026-03-15 07:15:00,8.5,2.5,3.4,23
2026-03-15 10:30:00,2026-03-15 13:15:00,3.0,4.9,5.491666666666666,10
2026-03-15 16:00:00,2026-03-15 17:00:00,1.25,6.3,6.640000000000001,16
2026-03-15 18:45:00,2026-03-15 19:00:00,0.5,5.8,6.0,18
2026-03-15 22:00:00,2026-03-16 01:45:00,4.0,5.2,5.5625,22
2026-03-16 03:15:00,2026-03-16 06:45:00,3.75,3.7,4.986666666666666,3
2026-03-16 08:15:00,2026-03-16 09:15:00,1.25,4.2,4.6,8
2026-03-16 11:00:00,2026-03-16 12:45:00,2.0,5.6,6.225,11
2026-03-16 17:30:00,2026-03-17 00:15:00,7.0,7.0,7.517857142857143,17
2026-03-17 01:45:00,2026-03-17 08:00:00,6.5,5.6,6.323076923076924,1
2026-03-17 10:00:00,2026-03-17 11:30:00,1.75,6.3,6.385714285714286,10
2026-03-17 14:30:00,2026-03-17 16:45:00,2.5,7.0,7.45,14
2026-03-17 18:15:00,2026-03-17 21:15:00,3.25,6.6,7.130769230769231,18
2026-03-17 22:45:00,2026-03-18 01:00:00,2.5,6.5,6.8100000000000005,22
2026-03-18 02:30:00,2026-03-18 04:45:00,2.5,6.5,6.69,2
2026-03-18 13:00:00,2026-03-19 01:15:00,12.5,6.8,7.195999999999999,13
2026-03-19 02:45:00,2026-03-19 09:00:00,6.5,6.2,6.553846153846154,2
2026-03-19 13:30:00,2026-03-19 18:00:00,4.75,6.4,6.726315789473684,13
2026-03-19 22:00:00,2026-03-20 01:00:00,3.25,6.3,6.7153846153846155,22
2026-03-20 02:45:00,2026-03-20 08:45:00,6.25,5.1,5.864,2
2026-03-20 15:45:00,2026-03-20 17:15:00,1.75,5.8,6.057142857142857,15
2026-03-20 22:45:00,2026-03-20 23:00:00,0.5,5.7,5.800000000000001,22
2026-03-21 00:45:00,2026-03-21 02:45:00,2.25,5.7,5.822222222222222,0
2026-03-21 04:15:00,2026-03-21 05:00:00,1.0,5.4,5.574999999999999,4
2026-03-21 08:00:00,2026-03-21 08:15:00,0.5,4.8,4.9,8
2026-03-21 14:45:00,2026-03-21 16:15:00,1.75,6.4,6.585714285714286,14
2026-03-21 18:45:00,2026-03-21 22:00:00,3.5,5.0,5.442857142857143,18
2026-03-21 23:45:00,2026-03-22 00:15:00,0.75,4.9,5.033333333333334,23
2026-03-22 03:30:00,2026-03-22 04:30:00,1.25,4.9,5.0200000000000005,3
2026-03-22 08:15:00,2026-03-22 11:00:00,3.0,4.3,4.766666666666666,8
2026-03-22 17:30:00,2026-03-22 23:30:00,6.25,4.4,5.36,17
2026-03-23 01:15:00,2026-03-23 02:00:00,1.0,4.0,4.375,1
2026-03-23 03:30:00,2026-03-23 04:15:00,1.0,3.6,3.9499999999999997,3
2026-03-23 06:00:00,2026-03-23 06:30:00,0.75,3.9,4.1000000000000005,6
2026-03-23 08:00:00,2026-03-23 09:15:00,1.5,3.7,4.183333333333333,8
2026-03-23 12:30:00,2026-03-23 14:30:00,2.25,5.2,5.511111111111111,12
2026-03-23 18:00:00,2026-03-24 08:30:00,14.75,3.3,4.483050847457627,18
2026-03-24 10:30:00,2026-03-24 11:15:00,1.0,3.9,4.0249999999999995,10
2026-03-24 17:30:00,2026-03-25 03:15:00,10.0,3.5,4.255,17
2026-03-25 05:00:00,2026-03-25 09:15:00,4.5,3.2,3.494444444444444,5
2026-03-25 14:30:00,2026-03-26 13:30:00,23.25,2.2,3.733333333333334,14
2026-03-26 15:45:00,2026-03-27 05:15:00,13.75,1.6,2.92,15
2026-03-27 09:30:00,2026-03-27 10:30:00,1.25,2.6,2.76,9
2026-03-27 14:00:00,2026-03-27 17:00:00,3.25,3.2,3.8615384615384616,14
2026-03-27 18:30:00,2026-03-28 01:00:00,6.75,2.1,2.9296296296296296,18
2026-03-28 03:15:00,2026-03-28 07:45:00,4.75,2.0,2.4789473684210526,3
2026-03-28 09:15:00,2026-03-28 10:15:00,1.25,3.5,3.9,9
2026-03-28 12:00:00,2026-03-28 12:45:00,1.0,4.2,4.8500000000000005,12
2026-03-28 15:15:00,2026-03-28 18:00:00,3.0,5.6,6.008333333333333,15
2026-03-28 20:00:00,2026-03-28 21:15:00,1.5,5.6,5.75,20
2026-03-28 22:45:00,2026-03-29 01:15:00,2.75,5.0,5.254545454545455,22
2026-03-29 14:15:00,2026-03-29 16:45:00,2.75,5.4,6.109090909090909,14
2026-03-29 18:15:00,2026-03-29 21:00:00,3.0,4.5,5.091666666666666,18
2026-03-29 22:45:00,2026-03-30 04:45:00,6.25,4.0,4.675999999999999,22
2026-03-30 07:45:00,2026-03-30 08:45:00,1.25,4.1,4.38,7
2026-03-30 15:15:00,2026-03-30 18:45:00,3.75,5.9,6.573333333333333,15
2026-03-30 21:00:00,2026-03-31 07:45:00,11.0,3.6,4.927272727272728,21
2026-03-31 09:15:00,2026-03-31 11:45:00,2.75,4.3,4.8999999999999995,9
2026-03-31 15:00:00,2026-03-31 16:00:00,1.25,6.9,7.159999999999999,15
2026-03-31 18:30:00,2026-04-01 12:45:00,18.5,4.3,5.854054054054054,18
2026-04-01 17:45:00,2026-04-01 20:00:00,2.5,6.1,6.51,17
2026-04-01 23:15:00,2026-04-02 01:00:00,2.0,4.8,5.362500000000001,23
2026-04-02 02:30:00,2026-04-02 07:15:00,5.0,4.4,4.779999999999999,2
2026-04-02 13:30:00,2026-04-02 14:00:00,0.75,6.3,6.3999999999999995,13
2026-04-02 16:00:00,2026-04-02 21:00:00,5.25,6.0,6.523809523809524,16
2026-04-02 22:30:00,2026-04-03 05:00:00,6.75,4.9,5.551851851851852,22
2026-04-03 07:00:00,2026-04-03 07:45:00,1.0,5.0,5.25,7
2026-04-03 11:45:00,2026-04-03 12:30:00,1.0,5.7,6.025,11
2026-04-03 15:00:00,2026-04-03 15:30:00,0.75,6.5,6.633333333333333,15
2026-04-03 18:00:00,2026-04-04 00:15:00,6.5,5.4,5.973076923076922,18
2026-04-04 01:45:00,2026-04-04 10:45:00,9.25,4.2,4.978378378378379,1
2026-04-04 14:00:00,2026-04-04 14:15:00,0.5,5.8,5.949999999999999,14
2026-04-04 18:15:00,2026-04-04 20:30:00,2.5,5.7,5.96,18
2026-04-04 22:15:00,2026-04-05 09:15:00,11.25,3.9,4.862222222222223,22
2026-04-05 11:45:00,2026-04-05 12:30:00,1.0,3.9,4.1499999999999995,11
2026-04-05 14:45:00,2026-04-05 18:00:00,3.5,3.4,4.107142857142857,14
2026-04-05 19:30:00,2026-04-05 21:15:00,2.0,2.6,3.0125,19
2026-04-05 23:00:00,2026-04-05 23:15:00,0.5,2.5,2.7,23
2026-04-06 02:45:00,2026-04-06 06:00:00,3.5,2.5,2.728571428571428,2
2026-04-06 07:30:00,2026-04-06 09:15:00,2.0,2.5,2.725,7
2026-04-06 11:00:00,2026-04-06 12:30:00,1.75,2.3,2.8,11
2026-04-06 17:00:00,2026-04-07 05:15:00,12.5,1.7,2.532,17
2026-04-07 06:45:00,2026-04-07 08:00:00,1.5,1.7,2.1999999999999997,6
2026-04-07 09:30:00,2026-04-08 07:00:00,21.75,0.9,2.3,9
2026-04-08 08:45:00,2026-04-08 10:00:00,1.5,0.4,0.7833333333333333,8
2026-04-08 13:45:00,2026-04-08 21:30:00,8.0,1.7,3.0874999999999995,13
2026-04-08 23:00:00,2026-04-09 03:45:00,5.0,2.3,2.79,23
2026-04-09 05:30:00,2026-04-09 06:45:00,1.5,2.2,2.716666666666667,5
2026-04-09 08:30:00,2026-04-09 12:45:00,4.5,3.6,4.25,8
2026-04-09 14:30:00,2026-04-10 03:45:00,13.5,1.6,4.087037037037037,14
2026-04-10 05:30:00,2026-04-10 07:45:00,2.5,4.5,5.15,5
2026-04-10 09:15:00,2026-04-10 09:30:00,0.5,5.1,5.3,9
2026-04-10 12:45:00,2026-04-10 14:15:00,1.75,5.1,5.857142857142857,12
2026-04-10 16:15:00,2026-04-11 01:00:00,9.0,1.8,3.7138888888888886,16
2026-04-11 02:45:00,2026-04-11 04:15:00,1.75,2.7,3.642857142857143,2
2026-04-11 06:45:00,2026-04-11 10:15:00,3.75,3.5,4.353333333333334,6
2026-04-11 11:45:00,2026-04-11 12:45:00,1.25,4.4,5.08,11
2026-04-11 15:00:00,2026-04-11 20:30:00,5.75,3.6,5.091304347826087,15
2026-04-11 22:00:00,2026-04-12 05:00:00,7.25,3.3,4.031034482758621,22
2026-04-12 06:30:00,2026-04-12 18:00:00,11.75,3.5,5.153191489361702,6
2026-04-12 19:30:00,2026-04-12 20:00:00,0.75,5.7,6.033333333333332,19
2026-04-12 21:30:00,2026-04-12 22:15:00,1.0,5.7,6.075,21
2026-04-13 00:00:00,2026-04-13 07:15:00,7.5,4.3,5.366666666666665,0
2026-04-13 09:30:00,2026-04-13 14:30:00,5.25,3.9,4.733333333333334,9
2026-04-13 16:00:00,2026-04-14 01:15:00,9.5,4.9,5.9,16
2026-04-14 03:00:00,2026-04-14 06:30:00,3.75,3.9,4.540000000000001,3
2026-04-14 08:00:00,2026-04-14 08:30:00,0.75,3.4,3.8000000000000003,8
2026-04-14 10:30:00,2026-04-14 15:30:00,5.25,3.7,5.042857142857143,10
2026-04-14 17:15:00,2026-04-14 20:15:00,3.25,4.6,5.323076923076924,17
2026-04-14 21:45:00,2026-04-15 08:15:00,10.75,3.1,4.358139534883721,21
2026-04-15 12:00:00,2026-04-15 20:30:00,8.75,4.5,5.78,12
2026-04-15 22:00:00,2026-04-16 03:00:00,5.25,3.1,4.038095238095239,22
2026-04-16 04:30:00,2026-04-16 06:15:00,2.0,3.2,3.45,4
2026-04-16 09:45:00,2026-04-16 10:45:00,1.25,3.6,3.96,9
2026-05-13 12:30:00,2026-05-13 23:30:00,11.25,2.0,2.5844444444444443,12
2026-05-14 01:30:00,2026-05-14 02:15:00,1.0,2.0,2.125,1
2026-05-14 06:15:00,2026-05-14 09:30:00,3.5,2.1,2.364285714285714,6
2026-05-14 12:30:00,2026-05-14 15:30:00,3.25,2.1,2.684615384615385,12
2026-05-14 18:15:00,2026-05-14 19:30:00,1.5,2.5,2.6999999999999997,18
2026-05-14 21:00:00,2026-05-15 00:15:00,3.5,2.6,2.9571428571428577,21
2026-05-15 02:45:00,2026-05-15 04:30:00,2.0,3.1,3.275,2
2026-05-15 06:00:00,2026-05-15 08:30:00,2.75,3.3,3.7454545454545456,6
2026-05-15 12:30:00,2026-05-15 20:00:00,7.75,1.9,2.625806451612903,12
2026-05-16 00:00:00,2026-05-16 03:00:00,3.25,2.8,3.2769230769230764,0
2026-05-16 04:30:00,2026-05-16 08:00:00,3.75,2.8,3.173333333333333,4
2026-05-16 09:30:00,2026-05-16 13:00:00,3.75,2.5,3.8533333333333335,9
2026-05-16 17:15:00,2026-05-16 19:45:00,2.75,3.6,3.8545454545454545,17
2026-05-16 22:00:00,2026-05-17 02:45:00,5.0,2.8,3.5149999999999992,22
2026-05-17 04:15:00,2026-05-17 13:30:00,9.5,2.5,3.0736842105263156,4
2026-05-17 18:00:00,2026-05-17 20:15:00,2.5,2.9,3.09,18
2026-05-18 00:45:00,2026-05-18 07:15:00,6.75,1.3,2.022222222222222,0
2026-05-18 09:45:00,2026-05-18 10:00:00,0.5,2.0,2.35,9
2026-05-18 11:30:00,2026-05-18 21:15:00,10.0,1.8,2.9274999999999998,11
2026-05-18 23:45:00,2026-05-19 01:00:00,1.5,2.7,3.1833333333333336,23
2026-05-19 02:30:00,2026-05-19 04:15:00,2.0,1.0,1.8375000000000001,2
2026-05-19 10:30:00,2026-05-19 14:15:00,4.0,2.3,2.85625,10
2026-05-19 15:45:00,2026-05-19 18:15:00,2.75,1.0,1.4909090909090907,15
2026-05-20 06:30:00,2026-05-20 07:45:00,1.5,2.0,2.283333333333333,6
2026-05-20 11:30:00,2026-05-20 11:45:00,0.5,2.8,2.9,11
2026-05-20 16:15:00,2026-05-20 19:15:00,3.25,1.5,1.9,16
2026-05-20 23:45:00,2026-05-21 02:45:00,3.25,1.0,1.2153846153846155,23
2026-05-21 06:00:00,2026-05-21 07:15:00,1.5,1.4,1.5833333333333333,6
2026-05-21 11:30:00,2026-05-21 22:30:00,11.25,0.4,1.397777777777778,11
2026-05-22 00:00:00,2026-05-22 11:00:00,11.25,0.3,1.328888888888889,0
2026-05-22 13:00:00,2026-05-22 16:30:00,3.75,1.9,2.9066666666666663,13
2026-05-22 18:15:00,2026-05-23 00:15:00,6.25,1.5,2.028,18
2026-05-23 03:15:00,2026-05-23 05:30:00,2.5,1.8,2.14,3
2026-05-23 09:45:00,2026-05-23 10:30:00,1.0,2.2,2.4750000000000005,9
2026-05-23 12:15:00,2026-05-23 13:00:00,1.0,1.8,2.1750000000000003,12
2026-05-23 15:30:00,2026-05-23 18:00:00,2.75,1.4,1.5636363636363635,15
2026-05-23 19:45:00,2026-05-23 20:30:00,1.0,1.1,1.2999999999999998,19
2026-05-23 22:00:00,2026-05-23 23:00:00,1.25,0.8,0.9199999999999999,22
2026-05-24 07:15:00,2026-05-24 09:15:00,2.25,0.9,1.5222222222222221,7
2026-05-24 10:45:00,2026-05-24 13:15:00,2.75,1.1,1.4909090909090912,10
2026-05-24 14:45:00,2026-05-25 05:15:00,14.75,0.7,1.4762711864406781,14
2026-05-25 07:00:00,2026-05-25 09:15:00,2.5,0.6,1.0100000000000002,7
2026-05-25 11:45:00,2026-05-25 13:15:00,1.75,0.6,0.8285714285714285,11
2026-05-25 22:15:00,2026-05-26 02:15:00,4.25,0.3,0.5941176470588235,22
2026-05-26 03:45:00,2026-05-26 07:30:00,4.0,0.2,0.5875,3
2026-05-26 20:30:00,2026-05-26 21:00:00,0.75,0.2,1.5333333333333332,20
2026-05-27 06:30:00,2026-05-27 08:45:00,2.5,0.6,0.8200000000000001,6
2026-05-27 13:15:00,2026-05-27 13:45:00,0.75,0.3,0.6333333333333334,13
2026-05-27 16:30:00,2026-05-27 18:15:00,2.0,3.7,3.8375,16
2026-05-27 21:30:00,2026-05-27 22:30:00,1.25,0.2,1.94,21
2026-05-29 06:15:00,2026-05-29 06:45:00,0.75,2.2,2.8000000000000003,6
2026-05-30 07:00:00,2026-05-30 07:15:00,0.5,2.1,2.2,7
2026-05-31 03:00:00,2026-05-31 03:15:00,0.5,2.1,2.8,3
2026-06-04 13:15:00,2026-06-04 14:15:00,1.25,1.7,1.9,13
2026-06-04 20:00:00,2026-06-04 21:15:00,1.5,0.8,1.1333333333333333,20
2026-06-05 06:15:00,2026-06-05 07:30:00,1.5,1.9,2.3499999999999996,6
2026-06-05 12:15:00,2026-06-05 13:30:00,1.5,2.1,2.6,12
2026-06-05 16:45:00,2026-06-05 18:45:00,2.25,1.1,1.488888888888889,16
2026-06-05 22:45:00,2026-06-06 00:30:00,2.0,0.7,1.225,22
2026-06-06 06:15:00,2026-06-06 07:45:00,1.75,0.7,0.857142857142857,6
2026-06-06 11:15:00,2026-06-06 12:00:00,1.0,1.6,2.15,11
2026-06-06 13:30:00,2026-06-06 15:45:00,2.5,1.5,1.8199999999999998,13
2026-06-07 17:15:00,2026-06-07 17:45:00,0.75,0.5,0.6666666666666666,17
2026-06-08 05:30:00,2026-06-08 06:45:00,1.5,0.8,0.9666666666666668,5
2026-06-14 09:00:00,2026-06-14 11:00:00,2.25,0.2,0.4222222222222222,9
2026-06-15 19:45:00,2026-06-15 20:15:00,0.75,2.0,2.8333333333333335,19
2026-06-15 22:00:00,2026-06-16 00:15:00,2.5,0.2,2.87,22
2026-06-16 09:15:00,2026-06-16 10:00:00,1.0,0.3,0.6,9
2026-06-16 12:15:00,2026-06-16 14:30:00,2.5,0.2,0.44000000000000006,12
2026-06-17 06:00:00,2026-06-17 06:45:00,1.0,2.2,2.375,6
2026-06-17 16:00:00,2026-06-17 18:45:00,3.0,3.2,3.6833333333333336,16
2026-06-18 08:00:00,2026-06-18 10:45:00,3.0,1.8,2.9916666666666667,8
2026-06-18 13:30:00,2026-06-18 14:15:00,1.0,4.1,4.625,13
2026-06-18 22:15:00,2026-06-19 05:00:00,7.0,3.7,3.939285714285714,22
2026-06-20 01:00:00,2026-06-20 01:15:00,0.5,4.2,4.300000000000001,1
2026-06-23 04:00:00,2026-06-23 04:15:00,0.5,0.9,1.1,4
2026-06-23 11:00:00,2026-06-23 12:15:00,1.5,1.0,1.3166666666666667,11
2026-06-23 15:00:00,2026-06-23 16:30:00,1.75,0.9,1.1428571428571428,15
2026-06-23 20:45:00,2026-06-23 21:45:00,1.25,1.0,2.24,20
2026-06-24 09:30:00,2026-06-24 11:15:00,2.0,1.1,1.525,9
2026-06-24 14:00:00,2026-06-24 17:15:00,3.5,1.0,3.1642857142857146,14
2026-06-24 22:15:00,2026-06-24 22:45:00,0.75,3.8,3.9333333333333336,22
2026-06-25 00:15:00,2026-06-25 02:00:00,2.0,1.1,3.6125,0
2026-06-25 07:15:00,2026-06-25 10:45:00,3.75,0.9,1.66,7
2026-06-25 22:45:00,2026-06-26 01:00:00,2.5,0.5,1.69,22
2026-06-26 22:15:00,2026-06-27 02:45:00,4.75,0.2,2.8000000000000003,22
2026-06-27 18:00:00,2026-06-27 18:45:00,1.0,3.6,3.6999999999999997,18
2026-06-27 22:15:00,2026-06-27 23:30:00,1.5,3.0,3.266666666666667,22
2026-06-28 01:00:00,2026-06-28 02:30:00,1.75,0.2,1.0714285714285716,1
2026-06-28 17:45:00,2026-06-28 22:00:00,4.5,0.2,2.272222222222222,17
2026-06-30 19:45:00,2026-06-30 23:00:00,3.5,0.3,1.1714285714285715,19
2026-07-01 00:45:00,2026-07-01 06:15:00,5.75,0.5,0.8,0
2026-07-01 08:30:00,2026-07-01 09:15:00,1.0,1.0,1.1,8
2026-07-02 11:00:00,2026-07-02 12:45:00,2.0,0.4,1.2125000000000001,11
2026-07-09 19:45:00,2026-07-10 00:00:00,4.5,0.2,0.7222222222222222,19
2026-07-12 14:45:00,2026-07-12 17:30:00,3.0,2.8,4.066666666666666,14
2026-07-12 21:15:00,2026-07-12 22:15:00,1.25,4.5,4.64,21
2026-07-13 05:30:00,2026-07-13 06:00:00,0.75,2.6,3.1,5
2026-07-13 10:45:00,2026-07-13 12:00:00,1.5,2.5,2.6166666666666667,10
2026-07-14 02:30:00,2026-07-14 04:15:00,2.0,1.1,1.4,2
2026-07-14 16:15:00,2026-07-14 17:30:00,1.5,0.7,0.7666666666666666,16
2026-07-14 19:30:00,2026-07-14 23:15:00,4.0,0.2,2.6999999999999997,19
2026-07-15 13:15:00,2026-07-16 02:15:00,13.25,0.5,1.3490566037735847,13
2026-07-16 12:30:00,2026-07-16 12:45:00,0.5,0.9,1.0,12
2026-07-16 16:45:00,2026-07-16 18:00:00,1.5,1.2,1.3666666666666665,16
2026-07-16 19:45:00,2026-07-16 22:30:00,3.0,0.5,1.0,19
2026-07-18 13:30:00,2026-07-18 15:45:00,2.5,0.5,0.7499999999999999,13
2026-07-18 19:00:00,2026-07-18 20:15:00,1.5,0.8,0.8833333333333334,19
2026-07-20 16:15:00,2026-07-20 18:30:00,2.5,0.4,0.69,16
2026-07-20 20:30:00,2026-07-20 21:15:00,1.0,0.4,0.625,20
2026-07-21 21:00:00,2026-07-21 23:00:00,2.25,0.8,0.9555555555555555,21
2026-07-22 04:30:00,2026-07-22 06:45:00,2.5,3.8,4.319999999999999,4
2026-07-22 11:15:00,2026-07-22 14:00:00,3.0,2.1,3.5083333333333333,11
2026-07-22 18:15:00,2026-07-22 21:15:00,3.25,1.4,1.907692307692308,18
2026-07-23 05:00:00,2026-07-23 07:45:00,3.0,1.4,2.183333333333333,5
2026-07-24 02:45:00,2026-07-24 08:30:00,6.0,1.0,1.6166666666666665,2
2026-07-24 10:15:00,2026-07-24 11:15:00,1.25,1.3,1.5799999999999998,10
2026-07-24 13:00:00,2026-07-24 13:45:00,1.0,0.7,0.8500000000000001,13
2026-07-25 06:15:00,2026-07-25 08:15:00,2.25,0.8,0.9333333333333333,6
2026-07-26 12:15:00,2026-07-26 13:00:00,1.0,0.3,0.35000000000000003,12
2026-07-27 15:30:00,2026-07-27 17:00:00,1.75,0.3,0.49999999999999994,15
2026-07-27 18:30:00,2026-07-27 19:15:00,1.0,0.5,0.75,18
2026-07-28 22:45:00,2026-07-29 00:30:00,2.0,0.7,0.8375,22
2026-07-29 19:15:00,2026-07-30 01:30:00,6.5,0.6,0.8923076923076922,19
2026-07-30 13:00:00,2026-07-30 22:30:00,9.75,0.2,0.9564102564102563,13
2026-07-31 15:30:00,2026-07-31 18:00:00,2.75,0.6,1.0272727272727273,15
2026-07-31 19:30:00,2026-07-31 22:15:00,3.0,0.4,0.8250000000000001,19
2026-07-31 23:45:00,2026-08-01 02:30:00,3.0,0.2,0.4416666666666667,23
2026-08-01 12:15:00,2026-08-01 18:00:00,6.0,0.6,1.4875,12
2026-08-01 19:45:00,2026-08-02 02:30:00,7.0,0.9,1.7464285714285714,19
2026-08-02 04:30:00,2026-08-02 11:45:00,7.5,0.3,1.2633333333333334,4
2026-08-02 13:30:00,2026-08-02 13:45:00,0.5,1.8,2.05,13
2026-08-02 16:00:00,2026-08-02 19:30:00,3.75,2.1,2.4200000000000004,16
2026-08-03 00:00:00,2026-08-03 00:30:00,0.75,2.0,2.1999999999999997,0
2026-08-03 09:30:00,2026-08-03 12:15:00,3.0,1.7,1.9666666666666668,9
2026-08-03 14:00:00,2026-08-03 14:45:00,1.0,2.0,2.05,14
2026-08-03 17:30:00,2026-08-03 20:30:00,3.25,1.7,1.9923076923076921,17
2026-08-04 05:45:00,2026-08-04 06:45:00,1.25,1.3,1.42,5
2026-08-04 08:30:00,2026-08-04 10:45:00,2.5,1.3,1.4100000000000001,8
2026-08-04 13:00:00,2026-08-05 05:30:00,16.75,0.2,1.8940298507462687,13
2026-08-05 08:15:00,2026-08-05 11:15:00,3.25,0.7,1.7846153846153845,8
2026-08-05 13:45:00,2026-08-05 16:30:00,3.0,5.7,7.083333333333333,13
2026-08-05 18:45:00,2026-08-06 06:15:00,11.75,2.5,5.768085106382978,18
2026-08-06 08:15:00,2026-08-06 10:30:00,2.5,4.1,4.83,8
2026-08-06 13:00:00,2026-08-06 15:00:00,2.25,5.8,6.133333333333334,13
2026-08-06 16:30:00,2026-08-06 22:30:00,6.25,5.4,6.260000000000002,16
2026-08-07 01:45:00,2026-08-07 04:00:00,2.5,5.0,5.4,1
2026-08-07 05:45:00,2026-08-07 06:30:00,1.0,4.7,4.825,5
2026-08-07 11:15:00,2026-08-07 14:00:00,3.0,4.4,4.7250000000000005,11
2026-08-07 15:45:00,2026-08-07 17:30:00,2.0,5.2,5.975,15
2026-08-07 19:15:00,2026-08-07 20:30:00,1.5,5.7,5.8999999999999995,19
2026-08-07 22:15:00,2026-08-08 01:30:00,3.5,5.4,5.742857142857143,22
2026-08-08 03:00:00,2026-08-08 10:45:00,8.0,3.9,4.66875,3
2026-08-08 15:45:00,2026-08-08 19:15:00,3.75,6.2,6.553333333333334,15
2026-08-08 20:45:00,2026-08-09 06:00:00,9.5,2.2,4.315789473684211,20
2026-08-09 07:45:00,2026-08-09 10:00:00,2.5,1.9,2.2800000000000002,7
2026-08-09 12:00:00,2026-08-09 13:45:00,2.0,2.2,2.575,12
2026-08-09 15:30:00,2026-08-10 05:15:00,14.0,2.1,3.739285714285714,15
2026-08-10 07:00:00,2026-08-10 08:45:00,2.0,2.2,2.4625000000000004,7
2026-08-10 10:30:00,2026-08-10 11:15:00,1.0,1.9,2.05,10
2026-08-10 14:45:00,2026-08-11 07:45:00,17.25,2.1,3.444927536231884,14
2026-08-11 13:30:00,2026-08-12 09:30:00,20.25,2.4,3.727160493827161,13
2026-08-12 11:00:00,2026-08-12 14:15:00,3.5,2.5,3.2785714285714285,11
2026-08-12 15:45:00,2026-08-12 23:30:00,8.0,3.1,3.9156249999999995,15
2026-08-13 01:15:00,2026-08-13 05:30:00,4.5,1.5,2.488888888888889,1
2026-08-13 07:00:00,2026-08-13 08:15:00,1.5,1.1,1.4666666666666668,7
2026-08-13 10:30:00,2026-08-13 11:45:00,1.5,1.5,1.6833333333333333,10
2026-08-13 17:00:00,2026-08-14 05:00:00,12.25,0.8,1.7612244897959184,17
2026-08-14 06:45:00,2026-08-14 09:00:00,2.5,0.7,0.93,6
2026-08-14 12:30:00,2026-08-15 13:30:00,25.25,0.3,2.0831683168316832,12
2026-08-15 15:00:00,2026-08-18 05:30:00,62.75,1.1,3.8135458167330674,15
2026-08-18 07:30:00,2026-08-18 08:15:00,1.0,4.0,4.125,7
2026-08-18 10:00:00,2026-08-20 06:30:00,44.75,3.1,5.036871508379888,10
2026-08-20 08:00:00,2026-08-21 08:45:00,25.0,3.1,4.999,8
2026-08-21 10:30:00,2026-08-22 04:30:00,18.25,2.8,5.068493150684932,10
2026-08-22 06:00:00,2026-08-23 04:30:00,22.75,0.7,3.698901098901099,6
2026-08-23 06:30:00,2026-08-23 08:15:00,2.0,0.7,0.925,6
2026-08-23 09:45:00,2026-08-23 14:15:00,4.75,1.0,1.4000000000000001,9
2026-08-23 15:45:00,2026-08-24 03:30:00,12.0,1.1,2.81875,15
2026-08-24 05:30:00,2026-08-24 11:00:00,5.75,1.8,2.3695652173913047,5
2026-08-24 12:30:00,2026-08-24 22:45:00,10.5,1.9,3.128571428571428,12
2026-08-25 01:45:00,2026-08-25 09:30:00,8.0,2.0,2.553125,1
2026-08-25 11:00:00,2026-08-25 22:30:00,11.75,2.5,3.95531914893617,11
2026-08-26 01:45:00,2026-08-26 05:15:00,3.75,3.5,4.04,1
2026-08-26 09:45:00,2026-08-27 00:30:00,15.0,2.4,3.7600000000000002,9
2026-08-27 02:30:00,2026-08-27 06:15:00,4.0,3.0,3.3,2
2026-08-27 09:00:00,2026-08-27 09:15:00,0.5,2.9,3.0,9
2026-08-27 10:45:00,2026-08-27 11:30:00,1.0,2.9,3.05,10
2026-08-27 13:00:00,2026-08-27 14:15:00,1.5,2.7,2.983333333333333,13
2026-08-27 15:45:00,2026-08-28 02:00:00,10.5,2.3,2.954761904761905,15
2026-08-28 05:00:00,2026-08-28 06:30:00,1.75,1.9,2.2571428571428576,5
2026-08-28 12:30:00,2026-08-28 13:45:00,1.5,2.5,2.6333333333333333,12
2026-08-28 15:15:00,2026-08-28 17:45:00,2.75,2.6,3.0545454545454547,15
2026-08-28 19:15:00,2026-08-29 05:15:00,10.25,2.3,2.9170731707317077,19
2026-08-29 11:45:00,2026-08-29 12:00:00,0.5,2.6,2.7,11
2026-08-29 13:45:00,2026-08-30 02:30:00,13.0,2.0,2.998076923076923,13
2026-08-30 04:15:00,2026-08-30 22:45:00,18.75,1.8,3.678666666666667,4
2026-08-31 00:15:00,2026-08-31 06:30:00,6.5,2.5,3.349999999999999,0
2026-08-31 09:45:00,2026-08-31 14:00:00,4.5,1.4,2.572222222222222,9
2026-08-31 15:45:00,2026-08-31 16:15:00,0.75,2.0,2.1999999999999997,15
2026-08-31 18:15:00,2026-08-31 21:00:00,3.0,1.7,2.225,18
2026-08-31 23:45:00,2026-09-01 01:30:00,2.0,1.7,2.1125,23
2026-09-01 05:15:00,2026-09-01 14:00:00,9.0,1.1,1.6194444444444445,5
2026-09-01 17:15:00,2026-09-01 21:45:00,4.75,1.3,2.805263157894737,17
