mulai,selesai,durasi_jam,nilai_min,nilai_rata,jam_mulai
2020-01-01 02:30:00,2020-01-01 07:00:00,4.75,7.9,8.384210526315789,2
2020-01-01 14:45:00,2020-01-01 16:00:00,1.5,10.4,10.75,14
2020-01-01 20:15:00,2020-01-01 20:45:00,0.75,9.3,9.466666666666667,20
2020-01-02 11:15:00,2020-01-02 15:30:00,4.5,7.5,8.005555555555553,11
2020-01-02 18:00:00,2020-01-02 19:00:00,1.25,7.5,7.74,18
2020-01-02 20:30:00,2020-01-02 22:30:00,2.25,7.3,7.655555555555556,20
2020-01-03 02:15:00,2020-01-03 04:30:00,2.5,7.6,7.970000000000001,2
2020-01-05 04:45:00,2020-01-05 06:15:00,1.75,4.1,5.614285714285715,4
2020-01-05 16:45:00,2020-01-05 18:00:00,1.5,9.7,10.416666666666666,16
2020-01-05 20:15:00,2020-01-05 21:15:00,1.25,9.1,9.64,20
2020-01-06 14:30:00,2020-01-06 16:00:00,1.75,10.6,11.057142857142855,14
2020-01-07 01:30:00,2020-01-07 04:15:00,3.0,8.8,9.1,1
2020-01-08 05:30:00,2020-01-08 09:45:00,4.5,6.0,6.972222222222223,5
2020-01-08 17:45:00,2020-01-08 20:45:00,3.25,9.1,9.423076923076922,17
2020-01-09 07:45:00,2020-01-09 09:30:00,2.0,8.2,8.4375,7
2020-01-10 17:30:00,2020-01-10 21:15:00,4.0,8.2,8.774999999999999,17
2020-01-10 23:15:00,2020-01-10 23:45:00,0.75,8.0,8.166666666666666,23
2020-01-11 01:15:00,2020-01-11 03:45:00,2.75,7.5,8.090909090909092,1
2020-01-12 05:45:00,2020-01-12 06:30:00,1.0,6.7,6.925,5
2020-01-12 17:45:00,2020-01-12 19:15:00,1.75,7.7,8.185714285714287,17
2020-01-12 23:45:00,2020-01-13 02:15:00,2.75,8.2,8.436363636363637,23
2020-01-13 19:00:00,2020-01-13 22:15:00,3.5,8.2,8.485714285714286,19
2020-01-14 05:15:00,2020-01-14 06:30:00,1.5,7.9,8.15,5
2020-01-15 19:15:00,2020-01-16 01:30:00,6.5,8.5,8.926923076923076,19
2020-01-18 16:15:00,2020-01-18 17:00:00,1.0,7.9,8.049999999999999,16
2020-01-19 18:30:00,2020-01-19 20:45:00,2.5,6.0,6.75,18
2020-01-19 23:45:00,2020-01-20 01:00:00,1.5,8.2,8.6,23
2020-01-20 15:00:00,2020-01-20 16:00:00,1.25,10.8,10.959999999999999,15
2020-01-20 20:30:00,2020-01-20 20:45:00,0.5,9.6,9.7,20
2020-01-20 22:45:00,2020-01-21 03:00:00,4.5,6.6,8.083333333333332,22
2020-01-21 05:30:00,2020-01-21 06:30:00,1.25,8.5,8.879999999999999,5
2020-01-21 21:15:00,2020-01-21 23:30:00,2.5,9.5,10.510000000000002,21
2020-01-22 01:15:00,2020-01-22 06:00:00,5.0,8.2,9.455,1
2020-01-22 13:30:00,2020-01-22 13:45:00,0.5,10.7,10.8,13
2020-01-22 16:00:00,2020-01-22 20:00:00,4.25,10.7,12.358823529411763,16
2020-01-22 21:45:00,2020-01-22 22:15:00,0.75,11.3,11.4,21
2020-01-23 00:00:00,2020-01-23 02:15:00,2.5,10.3,10.77,0
2020-01-23 15:30:00,2020-01-23 17:45:00,2.5,11.0,11.52,15
2020-01-23 19:30:00,2020-01-23 23:15:00,4.0,10.7,11.58125,19
2020-01-24 07:15:00,2020-01-24 07:30:00,0.5,9.3,9.45,7
2020-01-24 23:45:00,2020-01-25 03:30:00,4.0,9.3,9.912500000000001,23
2020-01-25 15:15:00,2020-01-25 16:30:00,1.5,11.0,11.299999999999999,15
2020-01-26 03:30:00,2020-01-26 03:45:00,0.5,9.8,9.95,3
2020-01-26 17:15:00,2020-01-26 17:30:00,0.5,10.5,10.6,17
2020-01-27 12:00:00,2020-01-27 12:30:00,0.75,9.6,9.700000000000001,12
2020-01-30 13:00:00,2020-01-30 16:45:00,4.0,10.8,11.5375,13
2020-01-31 03:00:00,2020-01-31 04:15:00,1.5,9.0,9.266666666666667,3
2020-01-31 06:00:00,2020-01-31 12:30:00,6.75,7.8,8.64074074074074,6
2020-02-01 23:30:00,2020-02-02 00:15:00,1.0,8.8,9.075,23
2020-02-02 04:30:00,2020-02-02 05:15:00,1.0,8.0,8.2,4
2020-02-02 13:00:00,2020-02-02 14:30:00,1.75,10.3,10.842857142857142,13
2020-02-03 03:45:00,2020-02-03 04:45:00,1.25,8.6,8.74,3
2020-02-03 13:30:00,2020-02-03 15:45:00,2.5,11.4,12.14,13
2020-02-03 17:15:00,2020-02-03 18:00:00,1.0,11.7,11.875,17
2020-02-04 04:15:00,2020-02-04 04:45:00,0.75,9.1,9.166666666666666,4
2020-02-04 16:00:00,2020-02-04 22:15:00,6.5,9.5,9.880769230769232,16
2020-02-05 00:15:00,2020-02-05 01:15:00,1.25,8.8,9.319999999999999,0
2020-02-09 10:15:00,2020-02-09 12:15:00,2.25,9.9,10.444444444444445,10
2020-02-10 07:00:00,2020-02-10 07:15:00,0.5,7.7,7.800000000000001,7
2020-02-11 06:45:00,2020-02-11 07:15:00,0.75,7.6,7.8,6
2020-02-11 20:45:00,2020-02-11 22:00:00,1.5,8.1,8.3,20
2020-02-13 08:15:00,2020-02-13 09:30:00,1.5,7.4,7.533333333333334,8
2020-02-14 11:45:00,2020-02-14 16:00:00,4.5,9.2,10.377777777777776,11
2020-02-14 19:15:00,2020-02-14 19:30:00,0.5,9.9,10.05,19
2020-02-15 13:00:00,2020-02-15 13:15:00,0.5,9.9,10.05,13
2020-02-15 15:15:00,2020-02-15 16:30:00,1.5,9.7,10.0,15
2020-02-17 16:00:00,2020-02-17 18:45:00,3.0,11.1,11.308333333333335,16
2020-02-17 21:15:00,2020-02-18 01:15:00,4.25,8.8,9.8,21
2020-02-18 05:00:00,2020-02-18 08:15:00,3.5,7.7,7.885714285714287,5
2020-02-18 14:30:00,2020-02-18 16:45:00,2.5,9.3,9.760000000000002,14
2020-02-19 00:30:00,2020-02-19 01:00:00,0.75,9.4,9.6,0
2020-02-19 03:15:00,2020-02-19 05:45:00,2.75,8.2,8.61818181818182,3
2020-02-19 19:00:00,2020-02-19 19:45:00,1.0,10.6,10.775,19
2020-02-22 11:30:00,2020-02-22 12:45:00,1.5,11.2,11.883333333333335,11
2020-02-22 15:15:00,2020-02-23 01:30:00,10.5,11.1,13.11190476190476,15
2020-02-23 12:30:00,2020-02-23 15:45:00,3.5,13.5,15.192857142857145,12
2020-02-23 17:15:00,2020-02-24 03:45:00,10.75,10.5,13.293023255813951,17
2020-02-24 17:15:00,2020-02-24 17:45:00,0.75,10.4,10.633333333333333,17
2020-02-25 00:30:00,2020-02-25 01:15:00,1.0,9.6,9.8,0
2020-02-27 02:30:00,2020-02-27 04:15:00,2.0,8.2,8.8,2
2020-02-27 06:00:00,2020-02-27 08:15:00,2.5,2.4,4.15,6
2020-02-27 12:00:00,2020-02-27 12:45:00,1.0,10.5,10.625,12
2020-02-27 14:15:00,2020-02-27 15:00:00,1.0,10.8,11.399999999999999,14
2020-02-27 18:00:00,2020-02-27 19:30:00,1.75,10.6,11.085714285714285,18
2020-02-28 05:30:00,2020-02-28 06:15:00,1.0,9.8,9.975000000000001,5
2020-02-28 19:30:00,2020-02-28 19:45:00,0.5,10.1,10.2,19
2020-02-29 15:45:00,2020-02-29 20:00:00,4.5,10.8,12.016666666666667,15
2020-03-01 00:30:00,2020-03-01 01:30:00,1.25,9.2,9.379999999999999,0
2020-03-01 17:30:00,2020-03-01 19:30:00,2.25,11.2,11.622222222222224,17
2020-03-01 21:00:00,2020-03-01 22:15:00,1.5,9.9,10.266666666666667,21
2020-03-02 00:15:00,2020-03-02 02:45:00,2.75,8.5,8.981818181818182,0
2020-03-02 04:45:00,2020-03-02 08:00:00,3.5,7.7,8.192857142857143,4
2020-03-02 14:15:00,2020-03-02 18:00:00,4.0,8.8,9.14375,14
2020-03-02 19:45:00,2020-03-02 20:00:00,0.5,9.6,9.7,19
2020-03-03 05:15:00,2020-03-03 06:15:00,1.25,8.8,8.98,5
2020-03-03 16:15:00,2020-03-03 18:30:00,2.5,11.0,11.370000000000001,16
2020-03-03 20:00:00,2020-03-03 21:00:00,1.25,11.7,11.940000000000001,20
2020-03-04 00:15:00,2020-03-04 03:45:00,3.75,9.8,10.400000000000002,0
2020-03-04 14:00:00,2020-03-04 15:00:00,1.25,9.7,9.76,14
2020-03-04 22:15:00,2020-03-04 23:15:00,1.25,8.5,8.86,22
2020-03-05 02:15:00,2020-03-05 03:00:00,1.0,8.1,8.3,2
2020-03-05 23:30:00,2020-03-06 01:15:00,2.0,6.2,6.737500000000001,23
2020-03-06 05:00:00,2020-03-06 08:00:00,3.25,4.8,6.2846153846153845,5
2020-03-06 15:30:00,2020-03-06 16:45:00,1.5,12.8,13.116666666666667,15
2020-03-06 18:30:00,2020-03-07 00:00:00,5.75,6.8,8.708695652173912,18
2020-03-07 03:30:00,2020-03-07 04:45:00,1.5,8.5,9.033333333333333,3
2020-03-07 06:45:00,2020-03-07 09:15:00,2.75,8.2,9.045454545454545,6
2020-03-07 12:30:00,2020-03-07 14:00:00,1.75,9.3,10.357142857142858,12
2020-03-07 16:30:00,2020-03-07 18:00:00,1.75,8.0,9.142857142857142,16
2020-03-07 20:15:00,2020-03-07 22:15:00,2.25,9.1,9.377777777777776,20
2020-03-08 00:45:00,2020-03-08 03:45:00,3.25,8.3,9.692307692307692,0
2020-03-08 05:30:00,2020-03-08 06:45:00,1.5,8.2,8.416666666666666,5
2020-03-09 00:15:00,2020-03-09 00:30:00,0.5,9.3,9.5,0
2020-03-09 02:15:00,2020-03-09 03:45:00,1.75,8.4,8.7,2
2020-03-09 05:45:00,2020-03-09 07:15:00,1.75,7.7,8.085714285714285,5
2020-03-09 13:15:00,2020-03-09 13:30:00,0.5,10.1,10.3,13
2020-03-09 21:00:00,2020-03-09 21:15:00,0.5,10.8,10.95,21
2020-03-09 23:30:00,2020-03-10 01:00:00,1.75,9.2,10.142857142857142,23
2020-03-10 02:30:00,2020-03-10 03:00:00,0.75,8.7,8.966666666666667,2
2020-03-10 04:30:00,2020-03-10 04:45:00,0.5,8.4,8.5,4
2020-03-10 18:30:00,2020-03-10 23:30:00,5.25,8.2,8.661904761904761,18
2020-03-11 03:00:00,2020-03-11 04:15:00,1.5,8.1,8.4,3
2020-03-11 06:15:00,2020-03-11 07:30:00,1.5,7.6,8.066666666666668,6
2020-03-12 17:30:00,2020-03-12 19:45:00,2.5,8.7,8.950000000000001,17
2020-03-13 16:15:00,2020-03-13 17:15:00,1.25,8.7,9.220000000000002,16
2020-03-13 19:45:00,2020-03-13 21:00:00,1.5,7.7,8.933333333333335,19
2020-03-13 22:30:00,2020-03-13 23:15:00,1.0,8.4,8.625,22
2020-03-14 10:30:00,2020-03-14 10:45:00,0.5,7.6,7.75,10
2020-03-14 18:45:00,2020-03-14 20:45:00,2.25,7.2,7.644444444444444,18
2020-03-14 23:45:00,2020-03-15 00:30:00,1.0,7.0,7.699999999999999,23
2020-03-15 02:00:00,2020-03-15 02:45:00,1.0,8.1,8.225,2
2020-03-15 04:30:00,2020-03-15 05:00:00,0.75,7.9,8.066666666666665,4
2020-03-15 08:00:00,2020-03-15 10:30:00,2.75,7.8,8.145454545454545,8
2020-03-15 13:00:00,2020-03-15 14:30:00,1.75,7.9,8.442857142857143,13
2020-03-15 20:30:00,2020-03-15 21:15:00,1.0,8.0,8.3,20
2020-03-16 00:30:00,2020-03-16 03:30:00,3.25,6.9,7.161538461538462,0
2020-03-16 05:15:00,2020-03-16 07:00:00,2.0,7.0,7.3125,5
2020-03-16 17:30:00,2020-03-16 18:30:00,1.25,7.0,7.4,17
2020-03-16 21:15:00,2020-03-16 23:30:00,2.5,6.9,7.65,21
2020-03-17 01:30:00,2020-03-17 02:30:00,1.25,6.1,6.319999999999999,1
2020-03-17 08:00:00,2020-03-17 08:30:00,0.75,6.6,6.866666666666667,8
2020-03-17 13:30:00,2020-03-17 21:15:00,8.0,7.1,8.018749999999999,13
2020-03-18 00:00:00,2020-03-18 01:45:00,2.0,6.3,6.975,0
2020-03-18 13:15:00,2020-03-18 15:45:00,2.75,8.0,8.272727272727272,13
2020-03-20 05:00:00,2020-03-20 05:30:00,0.75,6.1,6.333333333333333,5
2020-03-21 04:15:00,2020-03-21 06:00:00,2.0,6.4,6.5125,4
2020-03-22 17:00:00,2020-03-22 18:45:00,2.0,7.3,7.825,17
2020-03-22 21:30:00,2020-03-23 03:00:00,5.75,6.7,7.208695652173913,21
2020-03-26 00:00:00,2020-03-26 03:45:00,4.0,5.4,6.8374999999999995,0
2020-03-26 05:45:00,2020-03-26 06:00:00,0.5,6.6,6.699999999999999,5
2020-03-26 09:30:00,2020-03-26 10:00:00,0.75,5.5,5.666666666666667,9
2020-03-27 12:15:00,2020-03-27 12:30:00,0.5,6.7,6.800000000000001,12
2020-03-27 18:15:00,2020-03-27 20:15:00,2.25,7.1,7.355555555555554,18
2020-03-28 17:45:00,2020-03-28 18:45:00,1.25,7.0,7.18,17
2020-03-29 12:30:00,2020-03-29 12:45:00,0.5,6.1,6.199999999999999,12
2020-03-29 20:00:00,2020-03-29 22:45:00,3.0,6.3,6.883333333333333,20
2020-03-30 11:15:00,2020-03-30 13:45:00,2.75,6.2,6.436363636363637,11
2020-03-30 17:15:00,2020-03-30 18:30:00,1.5,6.7,7.133333333333334,17
2020-04-01 00:00:00,2020-04-01 01:15:00,1.5,6.6,6.883333333333334,0
2020-04-01 19:00:00,2020-04-01 19:15:00,0.5,7.6,7.8,19
2020-04-02 00:00:00,2020-04-02 01:00:00,1.25,6.2,6.319999999999999,0
2020-04-02 03:45:00,2020-04-02 08:45:00,5.25,3.8,6.476190476190476,3
2020-04-02 12:45:00,2020-04-02 14:00:00,1.5,6.0,6.433333333333334,12
2020-04-02 16:15:00,2020-04-02 17:15:00,1.25,7.1,7.6,16
2020-04-02 21:00:00,2020-04-02 23:00:00,2.25,7.5,7.8999999999999995,21
2020-04-03 00:30:00,2020-04-03 01:30:00,1.25,6.9,7.220000000000001,0
2020-04-03 03:00:00,2020-04-03 06:15:00,3.5,5.2,6.3500000000000005,3
2020-04-03 09:30:00,2020-04-03 10:30:00,1.25,6.8,6.959999999999999,9
2020-04-03 18:30:00,2020-04-03 21:00:00,2.75,7.8,8.0,18
2020-04-03 23:00:00,2020-04-04 03:15:00,4.5,6.0,6.933333333333334,23
2020-04-04 07:30:00,2020-04-04 08:30:00,1.25,6.1,6.24,7
2020-04-04 19:15:00,2020-04-04 21:30:00,2.5,6.6,7.3,19
2020-04-05 00:15:00,2020-04-05 03:45:00,3.75,6.1,6.8,0
2020-04-05 15:00:00,2020-04-05 19:15:00,4.5,6.3,7.022222222222222,15
2020-04-05 23:45:00,2020-04-06 05:00:00,5.5,3.7,6.327272727272727,23
2020-04-06 08:00:00,2020-04-06 08:15:00,0.5,6.2,6.300000000000001,8
2020-04-06 10:15:00,2020-04-06 11:15:00,1.25,6.4,6.8,10
2020-04-06 19:45:00,2020-04-06 20:00:00,0.5,7.6,7.8,19
2020-04-06 22:30:00,2020-04-07 00:15:00,2.0,7.4,7.7,22
2020-04-07 02:15:00,2020-04-07 03:15:00,1.25,7.0,7.340000000000001,2
2020-04-07 05:00:00,2020-04-07 06:00:00,1.25,6.4,6.540000000000001,5
2020-04-07 18:15:00,2020-04-07 19:15:00,1.25,7.1,7.460000000000001,18
2020-04-08 03:00:00,2020-04-08 05:30:00,2.75,5.6,6.290909090909091,3
2020-04-08 12:30:00,2020-04-08 13:15:00,1.0,6.8,6.95,12
2020-04-09 05:15:00,2020-04-09 06:30:00,1.5,6.1,6.199999999999999,5
2020-04-10 17:30:00,2020-04-10 20:00:00,2.75,7.1,7.4363636363636365,17
2020-04-10 21:45:00,2020-04-10 23:30:00,2.0,6.6,6.9875,21
2020-04-11 05:45:00,2020-04-11 07:30:00,2.0,2.2,2.6125,5
2020-04-11 12:15:00,2020-04-11 14:45:00,2.75,2.3,3.0090909090909093,12
2020-04-11 16:30:00,2020-04-11 17:00:00,0.75,3.8,4.8,16
2020-04-11 18:30:00,2020-04-11 19:30:00,1.25,4.6,6.039999999999999,18
2020-05-12 12:45:00,2020-05-12 13:45:00,1.25,9.2,9.479999999999999,12
2020-05-15 11:15:00,2020-05-15 11:45:00,0.75,6.5,6.8999999999999995,11
2020-05-17 04:45:00,2020-05-17 06:00:00,1.5,6.8,6.8999999999999995,4
2020-05-18 22:45:00,2020-05-18 23:45:00,1.25,6.8,6.9799999999999995,22
2020-05-20 05:00:00,2020-05-20 06:15:00,1.5,6.0,6.2,5
2020-05-20 15:45:00,2020-05-20 17:45:00,2.25,7.6,8.088888888888889,15
2020-05-21 03:45:00,2020-05-21 05:00:00,1.5,5.8,6.199999999999999,3
2020-05-21 12:15:00,2020-05-21 12:45:00,0.75,7.9,7.966666666666666,12
2020-05-21 17:00:00,2020-05-21 18:00:00,1.25,7.5,7.56,17
2020-05-22 13:30:00,2020-05-22 13:45:00,0.5,7.7,7.85,13
2020-05-22 19:00:00,2020-05-22 21:15:00,2.5,6.9,7.12,19
2020-05-23 17:45:00,2020-05-23 22:45:00,5.25,6.8,7.352380952380951,17
2020-05-24 09:15:00,2020-05-24 10:15:00,1.25,5.4,6.119999999999999,9
2020-05-24 15:45:00,2020-05-24 19:00:00,3.5,7.0,7.514285714285715,15
2020-05-26 18:15:00,2020-05-26 19:45:00,1.75,5.6,6.471428571428571,18
2020-05-26 21:45:00,2020-05-26 22:00:00,0.5,6.2,6.35,21
2020-05-27 00:15:00,2020-05-27 03:30:00,3.5,5.1,5.564285714285715,0
2020-05-27 18:00:00,2020-05-27 21:00:00,3.25,5.9,6.7846153846153845,18
2020-05-28 15:30:00,2020-05-28 17:00:00,1.75,8.0,8.271428571428572,15
2020-06-02 06:15:00,2020-06-02 07:00:00,1.0,6.4,6.5,6
2020-06-03 19:45:00,2020-06-03 20:30:00,1.0,6.9,7.1,19
2020-06-04 03:00:00,2020-06-04 03:15:00,0.5,6.4,6.550000000000001,3
2020-06-04 05:00:00,2020-06-04 06:00:00,1.25,5.8,5.880000000000001,5
2020-06-04 19:15:00,2020-06-04 19:30:00,0.5,6.8,6.9,19
2020-06-05 17:45:00,2020-06-05 18:15:00,0.75,6.8,6.966666666666666,17
2020-06-05 23:00:00,2020-06-06 00:00:00,1.25,6.7,6.9399999999999995,23
2020-06-06 15:00:00,2020-06-06 17:00:00,2.25,6.2,6.544444444444445,15
2020-06-06 19:15:00,2020-06-06 19:30:00,0.5,5.9,6.0,19
2020-06-08 18:15:00,2020-06-08 20:00:00,2.0,6.0,6.45,18
2020-06-09 03:45:00,2020-06-09 04:15:00,0.75,5.6,5.766666666666666,3
2020-06-09 11:30:00,2020-06-09 12:30:00,1.25,5.3,5.659999999999999,11
2020-06-09 20:45:00,2020-06-09 21:00:00,0.5,6.2,6.35,20
2020-06-10 07:45:00,2020-06-10 08:15:00,0.75,5.5,5.733333333333333,7
2020-06-10 14:15:00,2020-06-10 15:45:00,1.75,7.1,7.328571428571428,14
2020-06-10 19:15:00,2020-06-10 20:30:00,1.5,6.7,6.8500000000000005,19
2020-06-11 16:30:00,2020-06-11 17:30:00,1.25,7.8,8.26,16
2020-06-12 14:15:00,2020-06-12 20:00:00,6.0,6.9,7.758333333333334,14
2020-06-12 22:30:00,2020-06-13 00:15:00,2.0,6.7,6.825,22
2020-06-13 04:45:00,2020-06-13 08:15:00,3.75,4.6,5.8999999999999995,4
2020-06-13 16:30:00,2020-06-14 02:30:00,10.25,6.0,7.14390243902439,16
2020-06-14 14:15:00,2020-06-14 14:45:00,0.75,8.1,8.200000000000001,14
2020-06-17 13:00:00,2020-06-17 13:15:00,0.5,7.8,7.9,13
2020-06-17 18:45:00,2020-06-17 20:00:00,1.5,7.4,7.75,18
2020-06-18 12:30:00,2020-06-18 12:45:00,0.5,7.2,7.300000000000001,12
2020-06-19 11:30:00,2020-06-19 12:45:00,1.5,6.9,7.283333333333334,11
2020-06-20 12:45:00,2020-06-20 13:00:00,0.5,6.6,6.699999999999999,12
2020-06-22 08:00:00,2020-06-22 08:15:00,0.5,5.4,5.5,8
2020-06-22 17:30:00,2020-06-22 18:00:00,0.75,6.1,6.233333333333333,17
2020-06-23 21:45:00,2020-06-23 22:00:00,0.5,6.2,6.300000000000001,21
2020-06-24 07:30:00,2020-06-24 08:15:00,1.0,5.9,6.025,7
2020-06-24 09:45:00,2020-06-24 10:30:00,1.0,5.8,6.0,9
2020-06-24 16:15:00,2020-06-24 18:30:00,2.5,6.1,6.58,16
2020-06-25 16:45:00,2020-06-25 17:30:00,1.0,7.5,8.05,16
2020-06-25 21:30:00,2020-06-25 22:45:00,1.5,6.7,6.983333333333334,21
2020-06-26 15:30:00,2020-06-26 15:45:00,0.5,8.0,8.25,15
2020-06-26 17:15:00,2020-06-26 19:30:00,2.5,6.7,7.17,17
2020-06-27 00:00:00,2020-06-27 02:00:00,2.25,6.6,6.922222222222222,0
2020-06-27 13:00:00,2020-06-27 15:30:00,2.75,8.6,9.018181818181818,13
2020-06-29 14:45:00,2020-06-29 15:15:00,0.75,7.7,7.933333333333334,14
2020-06-30 12:15:00,2020-06-30 13:00:00,1.0,7.3,7.65,12
2020-07-01 11:45:00,2020-07-01 12:00:00,0.5,6.5,6.7,11
2020-07-02 00:00:00,2020-07-02 00:45:00,1.0,4.7,5.425,0
2020-07-02 12:15:00,2020-07-02 12:30:00,0.5,5.7,5.800000000000001,12
2020-07-02 18:00:00,2020-07-02 19:15:00,1.5,6.6,6.833333333333333,18
2020-07-02 20:45:00,2020-07-02 22:15:00,1.75,6.0,6.371428571428572,20
2020-07-03 12:30:00,2020-07-03 13:15:00,1.0,6.5,7.050000000000001,12
2020-07-03 14:45:00,2020-07-03 15:15:00,0.75,6.3,6.466666666666668,14
2020-07-03 17:30:00,2020-07-03 17:45:00,0.5,6.4,6.5,17
2020-07-03 22:00:00,2020-07-04 00:15:00,2.5,5.8,6.13,22
2020-07-04 07:45:00,2020-07-04 09:15:00,1.75,4.9,5.385714285714285,7
2020-07-04 13:30:00,2020-07-04 15:30:00,2.25,6.1,6.611111111111111,13
2020-07-04 17:15:00,2020-07-04 18:00:00,1.0,6.0,6.075,17
2020-07-04 20:00:00,2020-07-04 22:00:00,2.25,5.7,6.411111111111111,20
2020-07-05 04:30:00,2020-07-05 05:30:00,1.25,4.5,4.779999999999999,4
2020-07-05 10:00:00,2020-07-05 11:00:00,1.25,6.1,6.5,10
2020-07-05 17:30:00,2020-07-05 17:45:00,0.5,6.6,6.699999999999999,17
2020-07-05 20:30:00,2020-07-06 00:15:00,4.0,5.7,6.55625,20
2020-07-06 02:45:00,2020-07-06 04:30:00,2.0,5.7,6.025,2
2020-07-06 14:00:00,2020-07-06 16:15:00,2.5,6.3,6.779999999999999,14
2020-07-06 21:00:00,2020-07-06 21:45:00,1.0,5.7,5.925,21
2020-07-07 15:00:00,2020-07-07 19:15:00,4.5,6.8,7.144444444444444,15
2020-07-07 20:45:00,2020-07-07 22:45:00,2.25,6.0,6.566666666666666,20
2020-07-08 09:15:00,2020-07-08 11:15:00,2.25,7.1,7.533333333333335,9
2020-07-08 16:15:00,2020-07-08 17:30:00,1.5,7.1,7.783333333333334,16
2020-07-08 19:45:00,2020-07-08 22:15:00,2.75,6.2,6.609090909090909,19
2020-07-09 14:00:00,2020-07-09 14:30:00,0.75,9.3,9.433333333333334,14
2020-07-09 17:45:00,2020-07-09 18:30:00,1.0,7.9,8.5,17
2020-07-10 01:00:00,2020-07-10 02:00:00,1.25,6.5,6.74,1
2020-07-10 11:30:00,2020-07-10 12:00:00,0.75,7.7,8.133333333333333,11
2020-07-10 16:00:00,2020-07-10 16:30:00,0.75,7.8,8.133333333333333,16
2020-07-10 18:30:00,2020-07-10 20:30:00,2.25,7.6,8.02222222222222,18
2020-07-10 22:00:00,2020-07-11 02:15:00,4.5,4.8,6.377777777777777,22
2020-07-11 03:45:00,2020-07-11 04:15:00,0.75,5.5,5.633333333333333,3
2020-07-11 18:45:00,2020-07-11 22:15:00,3.75,8.3,10.113333333333333,18
2020-07-12 01:15:00,2020-07-12 05:30:00,4.5,8.6,9.705555555555556,1
2020-07-12 11:30:00,2020-07-12 12:15:00,1.0,10.1,10.5,11
2020-07-12 16:00:00,2020-07-12 21:00:00,5.25,6.5,8.99047619047619,16
2020-07-12 22:30:00,2020-07-12 23:45:00,1.5,5.8,5.983333333333333,22
2020-07-13 03:30:00,2020-07-13 04:30:00,1.25,4.6,5.340000000000001,3
2020-07-13 18:30:00,2020-07-13 19:45:00,1.5,6.6,6.816666666666666,18
2020-07-13 21:30:00,2020-07-13 22:00:00,0.75,6.1,6.2,21
2020-07-14 01:30:00,2020-07-14 02:45:00,1.5,5.6,5.75,1
2020-07-14 13:45:00,2020-07-14 15:00:00,1.5,7.8,8.133333333333335,13
2020-07-14 18:00:00,2020-07-14 21:00:00,3.25,6.1,6.923076923076923,18
2020-07-15 01:00:00,2020-07-15 02:15:00,1.5,5.5,5.716666666666666,1
2020-07-15 04:00:00,2020-07-15 04:45:00,1.0,5.3,5.4,4
2020-07-15 16:45:00,2020-07-15 18:45:00,2.25,5.6,6.022222222222222,16
2020-07-16 14:15:00,2020-07-16 15:00:00,1.0,7.3,7.55,14
2020-07-16 17:30:00,2020-07-16 21:15:00,4.0,6.9,7.418749999999999,17
2020-07-16 23:45:00,2020-07-17 00:00:00,0.5,5.9,6.2,23
2020-07-17 01:30:00,2020-07-17 03:30:00,2.25,5.7,5.966666666666666,1
2020-07-17 11:30:00,2020-07-17 12:15:00,1.0,7.5,7.775,11
2020-07-17 18:00:00,2020-07-18 02:30:00,8.75,5.8,7.571428571428573,18
2020-07-18 18:45:00,2020-07-18 21:00:00,2.5,6.7,7.1,18
2020-07-19 02:00:00,2020-07-19 03:00:00,1.25,5.0,5.319999999999999,2
2020-07-19 08:30:00,2020-07-19 10:00:00,1.75,5.0,5.357142857142857,8
2020-07-19 19:15:00,2020-07-19 20:30:00,1.5,5.9,6.1499999999999995,19
2020-07-20 18:00:00,2020-07-20 19:00:00,1.25,6.6,7.040000000000001,18
2020-07-31 00:45:00,2020-07-31 01:15:00,0.75,6.4,6.633333333333333,0
2020-08-01 04:15:00,2020-08-01 05:15:00,1.25,6.2,6.380000000000001,4
2020-08-01 11:30:00,2020-08-01 11:45:00,0.5,7.0,7.1,11
2020-08-01 13:30:00,2020-08-01 13:45:00,0.5,6.5,6.65,13
2020-08-02 05:15:00,2020-08-02 06:15:00,1.25,5.6,5.82,5
2020-08-02 13:15:00,2020-08-02 13:45:00,0.75,6.5,6.8,13
2020-08-02 15:30:00,2020-08-02 15:45:00,0.5,6.4,6.550000000000001,15
2020-08-02 23:15:00,2020-08-02 23:45:00,0.75,5.7,5.866666666666667,23
2020-08-03 03:00:00,2020-08-03 06:30:00,3.75,5.3,5.686666666666667,3
2020-08-03 13:30:00,2020-08-03 16:00:00,2.75,6.5,6.8999999999999995,13
2020-08-03 21:15:00,2020-08-04 00:00:00,3.0,5.1,5.958333333333333,21
2020-08-04 06:30:00,2020-08-04 07:15:00,1.0,5.3,5.65,6
2020-08-04 15:15:00,2020-08-04 15:45:00,0.75,6.7,6.866666666666667,15
2020-08-04 21:30:00,2020-08-04 23:45:00,2.5,5.3,5.799999999999999,21
2020-08-05 07:30:00,2020-08-05 08:30:00,1.25,2.6,3.8199999999999994,7
2020-08-05 10:30:00,2020-08-05 12:45:00,2.5,3.5,4.37,10
2020-08-05 16:00:00,2020-08-05 16:30:00,0.75,6.7,6.766666666666667,16
2020-08-05 19:30:00,2020-08-05 20:15:00,1.0,4.8,5.775,19
2020-08-06 05:30:00,2020-08-06 06:45:00,1.5,5.0,5.183333333333334,5
2020-08-06 10:00:00,2020-08-06 11:15:00,1.5,4.9,5.883333333333333,10
2020-08-06 13:15:00,2020-08-06 13:45:00,0.75,6.3,6.633333333333334,13
2020-08-06 16:15:00,2020-08-06 16:30:00,0.5,7.1,7.199999999999999,16
2020-08-06 19:00:00,2020-08-06 21:15:00,2.5,6.6,7.1,19
2020-08-06 22:45:00,2020-08-06 23:30:00,1.0,5.5,5.775,22
2020-08-07 01:00:00,2020-08-07 04:45:00,4.0,4.8,5.11875,1
2020-08-07 06:30:00,2020-08-07 07:30:00,1.25,5.0,5.14,6
2020-08-07 12:15:00,2020-08-07 13:15:00,1.25,6.9,7.24,12
2020-08-07 18:30:00,2020-08-07 19:15:00,1.0,7.2,7.55,18
2020-08-07 22:30:00,2020-08-07 23:00:00,0.75,6.2,6.3999999999999995,22
2020-08-08 11:45:00,2020-08-08 12:45:00,1.25,7.4,7.58,11
2020-08-08 17:00:00,2020-08-08 19:15:00,2.5,7.0,7.609999999999999,17
2020-08-09 06:15:00,2020-08-09 07:00:00,1.0,5.3,5.4,6
2020-08-10 03:00:00,2020-08-10 04:00:00,1.25,5.7,5.9399999999999995,3
2020-08-10 21:15:00,2020-08-10 22:45:00,1.75,7.4,7.885714285714285,21
2020-08-11 01:30:00,2020-08-11 02:15:00,1.0,6.2,6.425,1
2020-08-11 11:15:00,2020-08-11 11:45:00,0.75,6.1,6.233333333333333,11
2020-08-11 19:45:00,2020-08-11 21:45:00,2.25,7.1,7.98888888888889,19
2020-08-11 23:30:00,2020-08-12 02:30:00,3.25,5.3,6.315384615384615,23
2020-08-12 05:15:00,2020-08-12 08:45:00,3.75,5.0,5.953333333333332,5
2020-08-12 17:00:00,2020-08-13 01:00:00,8.25,5.9,7.984848484848484,17
2020-08-13 08:00:00,2020-08-13 09:30:00,1.75,6.7,6.842857142857143,8
2020-08-13 18:30:00,2020-08-13 22:15:00,4.0,7.6,8.85625,18
2020-08-13 23:45:00,2020-08-14 06:00:00,6.5,4.8,6.415384615384616,23
2020-08-14 11:30:00,2020-08-14 12:45:00,1.5,6.0,6.483333333333333,11
2020-08-14 15:00:00,2020-08-14 15:15:00,0.5,6.8,6.949999999999999,15
2020-08-14 16:45:00,2020-08-14 18:30:00,2.0,5.9,6.2125,16
2020-08-15 05:15:00,2020-08-15 06:45:00,1.75,5.6,5.857142857142857,5
2020-08-15 09:15:00,2020-08-15 11:15:00,2.25,4.6,5.133333333333334,9
2020-08-15 15:30:00,2020-08-15 19:15:00,4.0,5.4,5.86875,15
2020-08-16 00:30:00,2020-08-16 00:45:00,0.5,4.6,5.0,0
2020-08-16 02:30:00,2020-08-16 06:45:00,4.5,1.7,2.738888888888889,2
2020-08-16 17:45:00,2020-08-17 01:45:00,8.25,5.6,7.190909090909091,17
2020-08-17 03:45:00,2020-08-17 04:15:00,0.75,6.0,6.166666666666667,3
2020-08-17 13:15:00,2020-08-17 15:45:00,2.75,7.0,7.6909090909090905,13
2020-08-17 20:00:00,2020-08-17 21:15:00,1.5,6.6,6.866666666666667,20
2020-08-17 22:45:00,2020-08-18 00:30:00,2.0,5.7,6.1625,22
2020-08-18 05:45:00,2020-08-18 08:15:00,2.75,3.7,4.381818181818182,5
2020-08-18 14:00:00,2020-08-18 14:15:00,0.5,7.1,7.199999999999999,14
2020-08-18 16:15:00,2020-08-18 17:00:00,1.0,6.9,7.225,16
2020-08-18 19:15:00,2020-08-18 20:00:00,1.0,6.0,6.2,19
2020-08-19 05:15:00,2020-08-19 05:45:00,0.75,4.9,5.033333333333333,5
2020-08-19 08:45:00,2020-08-19 09:00:00,0.5,2.3,2.65,8
2020-08-19 17:15:00,2020-08-19 20:30:00,3.5,3.8,5.921428571428572,17
2020-08-20 18:00:00,2020-08-20 19:45:00,2.0,4.4,5.8125,18
2020-08-20 21:15:00,2020-08-20 22:00:00,1.0,4.9,5.125,21
2020-08-21 18:00:00,2020-08-21 19:45:00,2.0,6.9,7.2625,18
2020-08-21 22:30:00,2020-08-21 23:45:00,1.5,6.3,6.516666666666666,22
2020-08-22 04:00:00,2020-08-22 04:45:00,1.0,5.4,5.65,4
2020-08-22 14:45:00,2020-08-22 15:00:00,0.5,7.3,7.4,14
2020-08-23 06:00:00,2020-08-23 07:30:00,1.75,4.8,4.942857142857143,6
2020-08-24 01:15:00,2020-08-24 01:45:00,0.75,5.6,5.666666666666667,1
2020-08-24 16:00:00,2020-08-24 16:15:00,0.5,6.3,6.4,16
2020-08-27 17:00:00,2020-08-27 17:30:00,0.75,6.4,6.533333333333334,17
2020-08-27 21:00:00,2020-08-27 22:30:00,1.75,5.7,5.957142857142856,21
2020-08-29 08:30:00,2020-08-29 11:00:00,2.75,5.3,5.636363636363636,8
2020-08-29 14:00:00,2020-08-29 17:15:00,3.5,4.9,5.385714285714286,14
2020-08-29 18:45:00,2020-08-29 19:45:00,1.25,5.1,5.4799999999999995,18
2020-08-29 23:45:00,2020-08-30 04:00:00,4.5,5.1,5.51111111111111,23
2020-08-30 06:00:00,2020-08-30 06:45:00,1.0,5.3,5.375,6
2020-08-30 12:45:00,2020-08-30 14:00:00,1.5,5.8,6.0,12
2020-08-30 19:45:00,2020-08-30 21:45:00,2.25,5.7,5.955555555555557,19
2020-08-31 14:30:00,2020-08-31 15:15:00,1.0,6.2,6.55,14
2020-08-31 18:30:00,2020-08-31 18:45:00,0.5,6.2,6.300000000000001,18
2020-09-02 06:45:00,2020-09-02 07:45:00,1.25,5.6,5.82,6
2020-09-02 12:45:00,2020-09-02 13:15:00,0.75,7.7,7.866666666666667,12
2020-09-02 16:30:00,2020-09-02 19:45:00,3.5,6.6,7.414285714285712,16
2020-09-02 23:00:00,2020-09-02 23:30:00,0.75,6.0,6.133333333333333,23
2020-09-03 01:00:00,2020-09-03 02:45:00,2.0,4.8,5.4625,1
2020-09-03 06:00:00,2020-09-03 07:30:00,1.75,5.3,5.5857142857142845,6
2020-09-03 14:00:00,2020-09-03 20:30:00,6.75,7.4,8.966666666666667,14
2020-09-03 22:00:00,2020-09-03 22:45:00,1.0,7.3,7.4750000000000005,22
2020-09-04 02:15:00,2020-09-04 03:30:00,1.5,6.2,6.416666666666667,2
2020-09-04 05:45:00,2020-09-04 06:15:00,0.75,6.0,6.2,5
2020-09-04 07:45:00,2020-09-04 08:00:00,0.5,4.6,4.75,7
2021-10-13 10:00:00,2021-10-13 11:00:00,1.25,6.2,6.860000000000001,10
2021-10-13 13:00:00,2021-10-13 13:15:00,0.5,7.5,7.8,13
2021-10-13 18:00:00,2021-10-13 21:30:00,3.75,7.3,8.166666666666666,18
2021-10-14 12:30:00,2021-10-14 13:30:00,1.25,7.4,8.3,12
2021-10-14 15:00:00,2021-10-14 17:15:00,2.5,7.8,8.620000000000001,15
2021-10-15 12:15:00,2021-10-15 13:00:00,1.0,6.6,6.975,12
2021-10-15 15:00:00,2021-10-15 15:45:00,1.0,7.8,8.0,15
2021-10-17 04:00:00,2021-10-17 06:15:00,2.5,6.8,7.06,4
2021-10-17 17:45:00,2021-10-17 18:00:00,0.5,8.4,8.5,17
2021-10-18 00:45:00,2021-10-18 01:00:00,0.5,7.4,7.65,0
2021-10-18 10:30:00,2021-10-18 10:45:00,0.5,7.5,7.75,10
2021-10-18 15:15:00,2021-10-18 17:30:00,2.5,8.6,9.279999999999998,15
2021-10-18 21:30:00,2021-10-19 03:00:00,5.75,7.3,8.304347826086957,21
2021-10-19 05:15:00,2021-10-19 07:30:00,2.5,6.7,6.9799999999999995,5
2021-10-19 14:30:00,2021-10-19 15:00:00,0.75,10.3,10.800000000000002,14
2021-10-19 18:00:00,2021-10-19 18:45:00,1.0,10.0,10.274999999999999,18
2021-10-19 22:30:00,2021-10-20 04:15:00,6.0,8.0,8.9625,22
2021-10-20 06:30:00,2021-10-20 07:30:00,1.25,7.1,7.38,6
2021-10-20 14:00:00,2021-10-20 14:15:00,0.5,8.2,8.3,14
2021-10-20 16:00:00,2021-10-20 17:15:00,1.5,8.4,8.716666666666667,16
2021-10-20 19:00:00,2021-10-20 19:30:00,0.75,8.4,8.533333333333333,19
2021-10-21 03:45:00,2021-10-21 06:00:00,2.5,6.3,6.7700000000000005,3
2021-10-21 11:30:00,2021-10-21 12:15:00,1.0,7.7,8.05,11
2021-10-21 20:45:00,2021-10-21 22:45:00,2.25,7.2,7.5,20
2021-10-22 04:00:00,2021-10-22 05:45:00,2.0,4.9,6.0375,4
2021-10-22 11:45:00,2021-10-22 12:15:00,0.75,7.7,8.0,11
2021-10-22 13:45:00,2021-10-22 14:30:00,1.0,9.2,9.475,13
2021-10-22 22:30:00,2021-10-22 23:45:00,1.5,8.2,8.716666666666667,22
2021-10-23 02:45:00,2021-10-23 06:30:00,4.0,5.5,6.59375,2
2021-10-23 09:45:00,2021-10-23 10:30:00,1.0,6.6,7.074999999999999,9
2021-10-23 15:15:00,2021-10-23 16:00:00,1.0,10.8,10.95,15
2021-10-23 18:15:00,2021-10-24 00:00:00,6.0,8.0,9.15,18
2021-10-24 02:00:00,2021-10-24 02:15:00,0.5,8.4,8.5,2
2021-10-24 05:00:00,2021-10-24 08:00:00,3.25,5.5,6.738461538461539,5
2021-10-25 11:45:00,2021-10-25 12:45:00,1.25,8.0,8.819999999999999,11
2021-10-25 14:15:00,2021-10-25 14:45:00,0.75,7.6,7.833333333333333,14
2021-10-26 11:30:00,2021-10-26 17:30:00,6.25,8.3,9.392,11
2021-10-26 20:15:00,2021-10-26 21:45:00,1.75,8.3,9.714285714285714,20
2021-10-27 01:45:00,2021-10-27 02:30:00,1.0,7.6,7.800000000000001,1
2021-10-27 05:30:00,2021-10-27 07:00:00,1.75,6.6,7.014285714285714,5
2021-12-03 02:30:00,2021-12-03 03:00:00,0.75,7.9,8.033333333333333,2
2021-12-03 04:45:00,2021-12-03 05:45:00,1.25,7.0,7.640000000000001,4
2021-12-04 00:15:00,2021-12-04 05:00:00,5.0,6.6,7.839999999999999,0
2021-12-04 17:15:00,2021-12-04 18:00:00,1.0,9.4,9.575,17
2021-12-05 03:00:00,2021-12-05 04:30:00,1.75,7.2,7.471428571428572,3
2021-12-06 02:30:00,2021-12-06 07:30:00,5.25,5.7,6.904761904761905,2
2021-12-07 03:30:00,2021-12-07 07:15:00,4.0,6.1,7.0,3
2021-12-08 08:00:00,2021-12-08 08:30:00,0.75,6.6,6.8,8
2021-12-13 20:30:00,2021-12-13 22:00:00,1.75,8.4,8.614285714285716,20
2021-12-16 20:15:00,2021-12-16 23:30:00,3.5,8.2,8.392857142857142,20
2021-12-17 16:45:00,2021-12-17 21:00:00,4.5,7.2,7.583333333333333,16
2021-12-18 04:00:00,2021-12-18 06:00:00,2.25,6.0,6.48888888888889,4
2021-12-19 02:45:00,2021-12-19 05:15:00,2.75,6.0,6.409090909090909,2
2021-12-20 12:30:00,2021-12-20 13:00:00,0.75,8.5,8.633333333333333,12
2021-12-20 16:45:00,2021-12-20 17:15:00,0.75,9.0,9.133333333333333,16
2021-12-23 02:15:00,2021-12-23 03:00:00,1.0,10.1,10.5,2
2021-12-23 10:45:00,2021-12-23 11:45:00,1.25,10.0,10.28,10
2021-12-23 16:00:00,2021-12-23 20:45:00,5.0,10.4,11.705,16
2021-12-24 05:30:00,2021-12-24 06:00:00,0.75,9.3,9.433333333333334,5
2021-12-24 11:00:00,2021-12-24 11:30:00,0.75,10.1,10.4,11
2021-12-25 12:00:00,2021-12-25 13:45:00,2.0,8.7,9.1875,12
2021-12-25 16:00:00,2021-12-25 17:00:00,1.25,9.5,9.6,16
2021-12-26 03:15:00,2021-12-26 04:30:00,1.5,8.3,8.483333333333334,3
2021-12-26 21:00:00,2021-12-26 21:30:00,0.75,9.4,9.666666666666666,21
2021-12-27 14:00:00,2021-12-27 16:15:00,2.5,10.2,10.370000000000001,14
2021-12-30 02:00:00,2021-12-30 03:30:00,1.75,6.8,7.114285714285715,2
2021-12-30 05:45:00,2021-12-30 07:45:00,2.25,5.7,6.033333333333334,5
2021-12-31 01:45:00,2021-12-31 02:30:00,1.0,6.6,6.825000000000001,1
2021-12-31 05:45:00,2021-12-31 07:15:00,1.75,5.6,6.128571428571428,5
2022-01-01 05:45:00,2022-01-01 06:30:00,1.0,6.0,6.25,5
2022-01-02 01:30:00,2022-01-02 04:00:00,2.75,5.8,6.527272727272727,1
2022-01-04 12:45:00,2022-01-04 14:15:00,1.75,10.2,10.685714285714283,12
2022-01-04 17:00:00,2022-01-04 19:15:00,2.5,10.0,10.8,17
2022-01-05 05:15:00,2022-01-05 08:45:00,3.75,8.8,9.246666666666666,5
2022-01-05 13:30:00,2022-01-05 15:45:00,2.5,10.3,11.169999999999998,13
2022-01-05 17:30:00,2022-01-05 18:15:00,1.0,10.5,11.399999999999999,17
2022-01-05 20:45:00,2022-01-05 23:15:00,2.75,9.7,11.209090909090909,20
2022-01-06 10:45:00,2022-01-06 16:00:00,5.5,9.8,10.499999999999998,10
2022-01-07 02:00:00,2022-01-07 02:15:00,0.5,9.3,9.4,2
2022-01-09 20:45:00,2022-01-09 22:15:00,1.75,9.6,9.77142857142857,20
2022-01-10 00:30:00,2022-01-10 01:00:00,0.75,9.2,9.333333333333334,0
2022-01-11 11:30:00,2022-01-11 13:00:00,1.75,8.6,9.042857142857143,11
2022-01-11 14:30:00,2022-01-11 15:00:00,0.75,9.0,9.233333333333334,14
2022-01-11 21:45:00,2022-01-11 23:30:00,2.0,8.4,8.8125,21
2022-01-12 01:00:00,2022-01-12 02:00:00,1.25,8.8,9.0,1
2022-01-12 19:15:00,2022-01-12 20:00:00,1.0,9.8,10.0,19
2022-01-12 23:15:00,2022-01-13 00:15:00,1.25,9.6,9.7,23
2022-01-13 02:15:00,2022-01-13 04:00:00,2.0,8.8,9.175,2
2022-01-13 05:30:00,2022-01-13 06:30:00,1.25,8.6,8.88,5
2022-01-14 15:45:00,2022-01-14 17:45:00,2.25,9.8,10.444444444444445,15
2022-01-14 19:15:00,2022-01-14 22:15:00,3.25,9.2,9.6,19
2022-01-18 16:30:00,2022-01-18 23:30:00,7.25,11.0,12.310344827586206,16
2022-01-19 03:00:00,2022-01-19 04:15:00,1.5,10.1,10.333333333333332,3
2022-01-20 08:45:00,2022-01-20 10:00:00,1.5,8.8,9.049999999999999,8
2022-01-22 16:00:00,2022-01-22 16:30:00,0.75,10.4,10.566666666666665,16
2022-01-23 11:15:00,2022-01-23 16:00:00,5.0,10.7,11.290000000000001,11
2022-01-24 15:00:00,2022-01-24 15:30:00,0.75,10.6,10.700000000000001,15
2022-01-31 18:45:00,2022-01-31 19:00:00,0.5,11.3,11.4,18
2022-02-01 04:00:00,2022-02-01 05:00:00,1.25,9.3,9.679999999999998,4
2022-02-01 09:00:00,2022-02-01 09:15:00,0.5,8.8,9.100000000000001,9
2022-02-02 07:45:00,2022-02-02 08:00:00,0.5,7.8,7.9,7
2022-02-03 01:30:00,2022-02-03 03:45:00,2.5,8.1,8.28,1
2022-02-03 05:15:00,2022-02-03 06:30:00,1.5,7.5,7.800000000000001,5
2022-02-03 09:15:00,2022-02-03 09:45:00,0.75,8.0,8.133333333333333,9
2022-02-03 11:15:00,2022-02-03 13:00:00,2.0,8.2,8.5875,11
2022-02-03 18:15:00,2022-02-03 20:15:00,2.25,8.5,8.933333333333334,18
2022-02-04 03:30:00,2022-02-04 04:15:00,1.0,8.3,8.5,3
2022-02-06 16:30:00,2022-02-06 21:45:00,5.5,10.4,10.922727272727272,16
2022-02-08 13:45:00,2022-02-08 17:15:00,3.75,10.3,10.973333333333334,13
2022-02-10 01:45:00,2022-02-10 02:30:00,1.0,9.4,9.549999999999999,1
2022-02-11 21:15:00,2022-02-11 23:00:00,2.0,10.0,10.1625,21
2022-02-12 23:00:00,2022-02-13 01:00:00,2.25,9.1,9.633333333333333,23
2022-02-14 07:15:00,2022-02-14 08:30:00,1.5,8.1,8.583333333333334,7
2022-02-17 02:30:00,2022-02-17 03:15:00,1.0,8.3,8.525,2
2022-02-17 06:00:00,2022-02-17 06:45:00,1.0,7.9,8.15,6
2022-02-17 11:30:00,2022-02-17 13:00:00,1.75,8.2,8.528571428571428,11
2022-02-17 16:30:00,2022-02-17 17:15:00,1.0,8.5,8.7,16
2022-02-17 19:00:00,2022-02-17 21:15:00,2.5,8.6,8.93,19
2022-02-18 04:00:00,2022-02-18 05:30:00,1.75,7.4,7.757142857142857,4
2022-02-19 04:15:00,2022-02-19 05:00:00,1.0,7.2,7.5,4
2022-02-19 12:15:00,2022-02-19 13:15:00,1.25,8.9,9.12,12
2022-02-19 15:00:00,2022-02-19 15:45:00,1.0,9.4,10.1,15
2022-02-19 23:45:00,2022-02-20 02:15:00,2.75,8.6,8.918181818181818,23
2022-02-20 04:15:00,2022-02-20 05:30:00,1.5,8.9,9.200000000000001,4
2022-02-20 16:15:00,2022-02-20 18:30:00,2.5,9.7,10.41,16
2022-02-21 02:15:00,2022-02-21 02:45:00,0.75,8.5,8.700000000000001,2
2022-02-21 04:45:00,2022-02-21 05:45:00,1.25,8.2,8.4,4
2022-02-21 17:45:00,2022-02-21 23:30:00,6.0,8.8,9.558333333333332,17
2022-02-22 02:30:00,2022-02-22 04:30:00,2.25,7.7,8.266666666666667,2
2022-02-22 16:00:00,2022-02-22 16:30:00,0.75,10.1,10.233333333333333,16
2022-02-22 21:45:00,2022-02-22 22:45:00,1.25,8.5,9.059999999999999,21
2022-02-23 06:30:00,2022-02-23 09:30:00,3.25,7.5,7.784615384615386,6
2022-02-23 18:15:00,2022-02-23 18:30:00,0.5,10.2,10.3,18
2022-02-23 20:00:00,2022-02-24 00:45:00,5.0,7.6,9.135000000000002,20
2022-02-24 18:00:00,2022-02-24 19:00:00,1.25,10.5,10.719999999999999,18
2022-02-24 21:15:00,2022-02-24 22:30:00,1.5,8.9,9.266666666666667,21
2022-02-25 02:15:00,2022-02-25 03:30:00,1.5,7.3,7.6499999999999995,2
2022-02-25 05:15:00,2022-02-25 06:00:00,1.0,6.9,7.025,5
2022-02-26 16:00:00,2022-02-26 16:30:00,0.75,8.7,9.366666666666665,16
2022-02-26 23:45:00,2022-02-27 01:15:00,1.75,8.2,8.485714285714284,23
2022-02-27 05:15:00,2022-02-27 07:30:00,2.5,7.3,8.01,5
2022-02-28 18:15:00,2022-02-28 20:30:00,2.5,10.1,11.43,18
2022-02-28 22:30:00,2022-03-01 02:30:00,4.25,9.4,10.205882352941178,22
2022-03-01 15:00:00,2022-03-01 17:15:00,2.5,9.4,10.350000000000001,15
2022-03-02 04:30:00,2022-03-02 05:30:00,1.25,8.1,8.360000000000001,4
2022-03-02 13:45:00,2022-03-02 17:30:00,4.0,9.2,9.99375,13
2022-03-03 02:45:00,2022-03-03 03:15:00,0.75,8.2,8.3,2
2022-03-03 13:15:00,2022-03-03 14:00:00,1.0,9.1,9.525,13
2022-03-04 15:45:00,2022-03-04 16:00:00,0.5,9.8,9.9,15
2022-03-04 17:45:00,2022-03-04 18:45:00,1.25,10.1,10.28,17
2022-03-04 20:45:00,2022-03-04 21:30:00,1.0,9.9,10.024999999999999,20
2022-03-05 18:15:00,2022-03-05 18:45:00,0.75,9.2,9.3,18
2022-03-05 23:45:00,2022-03-06 01:00:00,1.5,7.3,7.55,23
2022-03-06 15:45:00,2022-03-06 16:15:00,0.75,9.3,9.466666666666667,15
2022-03-06 19:00:00,2022-03-06 19:30:00,0.75,8.4,8.6,19
2022-03-06 21:15:00,2022-03-06 21:45:00,0.75,7.6,7.866666666666667,21
2022-03-07 01:45:00,2022-03-07 02:45:00,1.25,6.5,6.720000000000001,1
2022-03-07 05:45:00,2022-03-07 06:30:00,1.0,6.3,6.5,5
2022-03-09 09:15:00,2022-03-09 10:30:00,1.5,7.3,7.483333333333333,9
2022-03-10 08:00:00,2022-03-10 09:30:00,1.75,5.6,6.271428571428572,8
2022-03-10 18:15:00,2022-03-10 20:15:00,2.25,9.4,10.022222222222222,18
2022-03-11 04:15:00,2022-03-11 06:00:00,2.0,7.6,7.875,4
2022-03-11 14:30:00,2022-03-11 15:00:00,0.75,10.0,10.4,14
2022-03-11 16:30:00,2022-03-11 20:45:00,4.5,9.2,9.966666666666665,16
2022-03-11 22:30:00,2022-03-11 23:15:00,1.0,8.7,8.925,22
2022-03-12 02:00:00,2022-03-12 03:45:00,2.0,7.8,8.0,2
2022-03-12 14:30:00,2022-03-12 15:00:00,0.75,9.6,9.766666666666667,14
2022-03-13 07:00:00,2022-03-13 07:15:00,0.5,8.7,8.899999999999999,7
2022-03-13 21:45:00,2022-03-13 22:15:00,0.75,10.6,10.799999999999999,21
2022-03-14 14:00:00,2022-03-14 16:15:00,2.5,9.9,10.74,14
2022-03-15 03:15:00,2022-03-15 04:15:00,1.25,8.4,8.54,3
2022-03-15 09:45:00,2022-03-15 10:30:00,1.0,8.6,8.65,9
2022-03-16 22:00:00,2022-03-16 23:15:00,1.5,8.8,9.033333333333333,22
2022-03-17 14:15:00,2022-03-17 14:45:00,0.75,11.3,11.433333333333332,14
2022-03-17 17:00:00,2022-03-17 20:15:00,3.5,10.1,11.221428571428572,17
2022-03-20 12:00:00,2022-03-20 12:30:00,0.75,9.5,9.766666666666667,12
2022-03-20 15:45:00,2022-03-20 16:15:00,0.75,10.4,10.566666666666665,15
2022-03-20 18:30:00,2022-03-20 19:30:00,1.25,9.5,9.8,18
2022-03-21 11:00:00,2022-03-21 12:45:00,2.0,9.0,9.425,11
2022-03-23 04:15:00,2022-03-23 05:15:00,1.25,7.1,7.2,4
2022-03-24 11:15:00,2022-03-24 11:30:00,0.5,7.9,8.0,11
2022-03-26 03:30:00,2022-03-26 04:30:00,1.25,7.6,7.779999999999999,3
2022-03-26 11:00:00,2022-03-26 11:30:00,0.75,9.1,9.299999999999999,11
2022-03-27 00:30:00,2022-03-27 00:45:00,0.5,8.0,8.15,0
2022-03-27 11:30:00,2022-03-27 13:45:00,2.5,8.9,9.260000000000002,11
2022-03-31 01:45:00,2022-03-31 03:15:00,1.75,6.0,6.571428571428572,1
2022-03-31 08:00:00,2022-03-31 09:45:00,2.0,6.2,6.487500000000001,8
2022-03-31 12:30:00,2022-03-31 12:45:00,0.5,6.7,6.85,12
2022-04-02 00:45:00,2022-04-02 02:30:00,2.0,7.4,7.65,0
2022-04-02 18:45:00,2022-04-02 19:30:00,1.0,8.1,8.275,18
2022-04-03 01:30:00,2022-04-03 02:30:00,1.25,7.5,7.68,1
2022-04-03 14:45:00,2022-04-03 19:15:00,4.75,9.3,10.836842105263159,14
2022-04-04 05:15:00,2022-04-04 08:00:00,3.0,6.6,8.066666666666665,5
2022-04-04 16:30:00,2022-04-04 16:45:00,0.5,10.1,10.2,16
2022-04-04 18:45:00,2022-04-04 19:45:00,1.25,9.2,9.479999999999999,18
2022-04-05 19:30:00,2022-04-05 19:45:00,0.5,7.6,7.699999999999999,19
2022-04-08 23:30:00,2022-04-09 00:30:00,1.25,7.7,7.800000000000002,23
2022-04-10 21:15:00,2022-04-10 23:00:00,2.0,8.7,9.1125,21
2022-04-11 14:15:00,2022-04-11 15:30:00,1.5,8.6,8.85,14
2022-04-11 17:15:00,2022-04-11 17:30:00,0.5,8.3,8.5,17
2022-04-12 07:00:00,2022-04-12 07:45:00,1.0,6.7,6.7749999999999995,7
2022-04-13 10:30:00,2022-04-13 11:45:00,1.5,7.3,7.783333333333334,10
2022-04-13 14:00:00,2022-04-13 15:00:00,1.25,8.1,8.379999999999999,14
2022-04-14 01:30:00,2022-04-14 02:15:00,1.0,7.1,7.375,1
2022-04-14 06:15:00,2022-04-14 08:30:00,2.5,6.4,6.960000000000001,6
2022-04-14 11:00:00,2022-04-14 12:15:00,1.5,6.1,6.3500000000000005,11
2022-04-14 15:30:00,2022-04-14 17:00:00,1.75,6.7,6.8999999999999995,15
2022-04-14 19:00:00,2022-04-14 21:45:00,3.0,5.9,6.433333333333334,19
2022-04-15 00:15:00,2022-04-15 00:30:00,0.5,6.7,6.9,0
2022-04-15 08:15:00,2022-04-15 08:45:00,0.75,7.0,7.2,8
2022-04-15 14:45:00,2022-04-15 15:00:00,0.5,7.9,8.0,14
2022-04-15 20:00:00,2022-04-16 00:00:00,4.25,6.7,7.370588235294117,20
2022-04-16 02:00:00,2022-04-16 02:45:00,1.0,6.8,6.9750000000000005,2
2022-04-17 03:45:00,2022-04-17 07:15:00,3.75,6.5,6.8533333333333335,3
2022-04-17 09:45:00,2022-04-17 10:45:00,1.25,6.5,6.68,9
2022-04-19 04:30:00,2022-04-19 06:15:00,2.0,3.0,4.7125,4
2022-04-19 20:15:00,2022-04-19 20:30:00,0.5,8.6,8.7,20
2022-04-20 01:00:00,2022-04-20 02:00:00,1.25,4.9,6.339999999999999,1
2022-04-20 03:45:00,2022-04-20 07:30:00,4.0,5.7,6.50625,3
2022-04-21 01:00:00,2022-04-21 02:00:00,1.25,7.2,7.32,1
2022-04-21 18:00:00,2022-04-21 20:15:00,2.5,7.7,8.05,18
2022-04-24 03:15:00,2022-04-24 03:30:00,0.5,6.4,6.6,3
2022-04-24 22:45:00,2022-04-24 23:00:00,0.5,6.9,7.0,22
2022-04-25 16:00:00,2022-04-25 17:45:00,2.0,8.0,8.3,16
2022-04-25 22:30:00,2022-04-25 23:15:00,1.0,7.4,7.549999999999999,22
2022-04-26 01:45:00,2022-04-26 03:45:00,2.25,6.1,6.444444444444445,1
2022-04-27 04:45:00,2022-04-27 09:30:00,5.0,4.1,5.610000000000001,4
2022-04-27 20:45:00,2022-04-28 05:00:00,8.5,4.9,6.649999999999999,20
2022-04-28 09:30:00,2022-04-28 10:00:00,0.75,6.1,6.766666666666666,9
2022-04-28 16:30:00,2022-04-28 18:30:00,2.25,7.0,7.311111111111111,16
2022-04-28 20:30:00,2022-04-29 08:30:00,12.25,4.9,6.436734693877551,20
2022-04-30 08:45:00,2022-04-30 09:00:00,0.5,6.4,6.65,8
2022-05-03 08:15:00,2022-05-03 09:30:00,1.5,6.7,6.900000000000001,8
2022-05-04 18:30:00,2022-05-04 19:15:00,1.0,7.3,7.575,18
2022-05-05 18:15:00,2022-05-05 19:15:00,1.25,7.1,7.32,18
2022-05-06 12:45:00,2022-05-06 13:00:00,0.5,7.0,7.1,12
2022-05-06 20:00:00,2022-05-06 20:15:00,0.5,7.1,7.199999999999999,20
2022-05-07 14:15:00,2022-05-07 19:15:00,5.25,7.9,9.138095238095238,14
2022-05-07 21:45:00,2022-05-07 22:15:00,0.75,7.1,7.266666666666666,21
2022-05-08 01:45:00,2022-05-08 02:15:00,0.75,6.2,6.366666666666667,1
2022-05-08 04:45:00,2022-05-08 07:30:00,3.0,3.9,5.433333333333334,4
2022-05-08 20:15:00,2022-05-08 21:00:00,1.0,9.3,9.475000000000001,20
2022-05-08 23:30:00,2022-05-09 01:30:00,2.25,7.7,8.155555555555557,23
2022-05-09 22:45:00,2022-05-09 23:30:00,1.0,6.2,6.3,22
2022-05-10 21:30:00,2022-05-10 23:15:00,2.0,7.1,7.225,21
2022-05-12 11:45:00,2022-05-12 12:00:00,0.5,7.6,7.699999999999999,11
2022-05-12 22:45:00,2022-05-13 00:00:00,1.5,6.6,6.866666666666667,22
2022-05-13 02:00:00,2022-05-13 03:00:00,1.25,5.4,6.08,2
2022-05-13 11:15:00,2022-05-13 11:30:00,0.5,7.5,7.7,11
2022-05-13 16:15:00,2022-05-13 18:00:00,2.0,8.2,8.350000000000001,16
2022-05-13 19:45:00,2022-05-13 20:30:00,1.0,7.7,7.7749999999999995,19
2022-05-13 23:00:00,2022-05-14 00:30:00,1.75,4.7,6.885714285714285,23
2022-05-14 09:30:00,2022-05-14 10:15:00,1.0,6.1,6.275,9
2022-05-14 15:30:00,2022-05-14 15:45:00,0.5,7.3,7.4,15
2022-05-14 23:30:00,2022-05-15 00:30:00,1.25,6.8,6.9399999999999995,23
2022-05-15 08:15:00,2022-05-15 11:45:00,3.75,5.8,6.213333333333333,8
2022-05-15 14:30:00,2022-05-15 19:30:00,5.25,7.2,7.757142857142856,14
2022-05-16 01:30:00,2022-05-16 02:45:00,1.5,6.2,6.3500000000000005,1
2022-05-16 09:15:00,2022-05-16 10:15:00,1.25,6.1,6.24,9
2022-05-16 14:45:00,2022-05-16 16:45:00,2.25,6.6,7.066666666666666,14
2022-05-17 07:45:00,2022-05-17 08:30:00,1.0,2.9,3.25,7
2022-05-17 18:30:00,2022-05-17 19:15:00,1.0,6.0,6.25,18
2022-05-18 09:45:00,2022-05-18 10:45:00,1.25,6.3,6.42,9
2022-05-18 18:00:00,2022-05-18 20:30:00,2.75,6.4,7.072727272727272,18
2022-05-19 16:15:00,2022-05-19 19:30:00,3.5,6.8,7.899999999999999,16
2022-05-19 21:45:00,2022-05-19 22:15:00,0.75,6.7,6.8999999999999995,21
2022-05-20 15:30:00,2022-05-20 21:45:00,6.5,6.7,7.726923076923076,15
2022-05-22 06:45:00,2022-05-22 08:45:00,2.25,5.5,5.755555555555556,6
2022-05-23 01:00:00,2022-05-23 01:45:00,1.0,5.4,5.65,1
2022-05-23 14:00:00,2022-05-23 15:00:00,1.25,7.0,7.1,14
2022-05-23 17:15:00,2022-05-23 20:00:00,3.0,6.7,7.191666666666667,17
2022-05-28 05:15:00,2022-05-28 06:15:00,1.25,6.2,6.480000000000001,5
2022-05-28 12:30:00,2022-05-28 12:45:00,0.5,7.8,8.05,12
2022-05-28 20:30:00,2022-05-28 20:45:00,0.5,8.8,8.95,20
2022-05-28 22:15:00,2022-05-28 22:45:00,0.75,8.1,8.233333333333334,22
2022-05-29 18:15:00,2022-05-29 19:15:00,1.25,7.5,7.840000000000001,18
2022-06-01 18:15:00,2022-06-01 18:30:00,0.5,7.5,7.6,18
2022-06-03 15:30:00,2022-06-03 16:15:00,1.0,7.3,7.424999999999999,15
2022-06-03 19:00:00,2022-06-03 20:00:00,1.25,6.6,6.94,19
2022-06-04 16:45:00,2022-06-04 18:45:00,2.25,6.7,7.077777777777778,16
2022-06-05 06:30:00,2022-06-05 07:00:00,0.75,5.6,5.833333333333333,6
2022-06-05 09:00:00,2022-06-05 09:15:00,0.5,5.8,5.9,9
2022-06-07 02:15:00,2022-06-07 02:30:00,0.5,6.1,6.199999999999999,2
2022-06-09 19:00:00,2022-06-09 20:30:00,1.75,6.9,7.042857142857143,19
2022-06-10 05:30:00,2022-06-10 06:30:00,1.25,4.5,5.199999999999999,5
2022-06-11 11:30:00,2022-06-11 11:45:00,0.5,6.9,7.050000000000001,11
2022-06-11 14:15:00,2022-06-11 14:30:00,0.5,7.3,7.4,14
2022-06-12 12:15:00,2022-06-12 13:30:00,1.5,6.5,6.666666666666667,12
2022-06-13 11:00:00,2022-06-13 13:15:00,2.5,6.9,7.540000000000001,11
2022-06-14 12:15:00,2022-06-14 15:15:00,3.25,6.9,7.6923076923076925,12
2022-06-14 19:15:00,2022-06-15 00:45:00,5.75,5.7,6.5260869565217385,19
2022-06-15 11:15:00,2022-06-15 17:15:00,6.25,6.3,7.1,11
2022-06-15 19:45:00,2022-06-15 20:30:00,1.0,6.8,7.05,19
2022-06-15 23:15:00,2022-06-15 23:30:00,0.5,5.7,6.15,23
2022-06-16 03:00:00,2022-06-16 03:15:00,0.5,6.0,6.1,3
2022-06-16 16:00:00,2022-06-16 17:00:00,1.25,6.7,6.840000000000001,16
2022-06-16 20:30:00,2022-06-16 23:00:00,2.75,5.5,6.136363636363637,20
2022-06-17 06:15:00,2022-06-17 07:30:00,1.5,4.9,5.233333333333334,6
2022-06-17 14:15:00,2022-06-17 15:45:00,1.75,6.9,7.2,14
2022-06-18 10:15:00,2022-06-18 12:15:00,2.25,5.5,5.7555555555555555,10
2022-06-18 14:30:00,2022-06-18 17:00:00,2.75,5.9,6.209090909090909,14
2022-06-18 18:30:00,2022-06-18 23:00:00,4.75,5.3,5.942105263157895,18
2022-06-19 02:45:00,2022-06-19 05:15:00,2.75,3.1,3.8363636363636364,2
2022-06-19 19:30:00,2022-06-19 22:00:00,2.75,6.2,7.0636363636363635,19
2022-06-20 04:15:00,2022-06-20 04:45:00,0.75,6.2,6.3,4
2022-06-20 07:30:00,2022-06-20 08:00:00,0.75,4.2,5.0,7
2022-06-20 18:00:00,2022-06-20 20:15:00,2.5,6.2,6.6,18
2022-06-21 16:30:00,2022-06-21 19:45:00,3.5,7.2,7.52857142857143,16
2022-06-22 18:15:00,2022-06-22 18:30:00,0.5,8.1,8.2,18
2022-06-23 19:15:00,2022-06-23 20:15:00,1.25,8.2,8.5,19
2022-06-24 00:00:00,2022-06-24 00:45:00,1.0,7.1,7.324999999999999,0
2022-06-24 23:15:00,2022-06-25 00:30:00,1.5,7.4,7.75,23
2022-06-25 11:00:00,2022-06-25 12:15:00,1.5,6.1,6.7,11
2022-06-25 15:30:00,2022-06-25 16:00:00,0.75,5.6,5.766666666666666,15
2022-06-26 11:30:00,2022-06-26 13:30:00,2.25,5.0,5.366666666666666,11
2022-06-26 15:15:00,2022-06-26 18:30:00,3.5,4.8,5.364285714285714,15
2022-06-26 20:00:00,2022-06-26 20:30:00,0.75,4.3,4.5,20
2022-06-27 01:45:00,2022-06-27 03:30:00,2.0,4.7,4.9375,1
2022-06-27 13:30:00,2022-06-27 18:00:00,4.75,6.2,7.352631578947368,13
2022-06-27 19:45:00,2022-06-27 22:00:00,2.5,6.4,6.8,19
2022-06-28 08:15:00,2022-06-28 09:00:00,1.0,5.9,6.025,8
2022-06-28 18:00:00,2022-06-28 18:15:00,0.5,7.3,7.449999999999999,18
2022-06-28 20:00:00,2022-06-28 22:15:00,2.5,6.5,6.83,20
2022-06-28 23:45:00,2022-06-29 01:15:00,1.75,5.7,5.9,23
2022-06-30 17:00:00,2022-06-30 17:45:00,1.0,7.3,7.45,17
2022-06-30 21:30:00,2022-07-01 00:00:00,2.75,5.7,6.0636363636363635,21
2022-07-01 03:00:00,2022-07-01 04:15:00,1.5,5.4,5.616666666666667,3
2022-07-01 14:00:00,2022-07-01 15:45:00,2.0,6.4,6.862500000000001,14
2022-07-01 18:45:00,2022-07-01 20:15:00,1.75,6.8,7.042857142857143,18
2022-07-01 21:45:00,2022-07-01 23:45:00,2.25,4.9,5.877777777777777,21
2022-07-02 01:45:00,2022-07-02 04:30:00,3.0,3.7,4.3999999999999995,1
2022-07-02 14:30:00,2022-07-02 15:45:00,1.5,6.5,7.166666666666667,14
2022-07-02 18:30:00,2022-07-02 19:30:00,1.25,6.5,6.7,18
2022-07-02 21:30:00,2022-07-02 22:15:00,1.0,5.8,6.025,21
2022-07-03 01:15:00,2022-07-03 02:30:00,1.5,5.8,6.1499999999999995,1
2022-07-03 14:00:00,2022-07-03 14:45:00,1.0,6.2,6.475,14
2022-07-04 00:30:00,2022-07-04 05:15:00,5.0,5.5,5.85,0
2022-07-04 11:15:00,2022-07-04 11:30:00,0.5,6.1,6.199999999999999,11
2022-07-04 17:30:00,2022-07-04 17:45:00,0.5,6.7,6.800000000000001,17
2022-07-04 19:45:00,2022-07-05 00:15:00,4.75,4.3,5.036842105263157,19
2022-07-05 01:45:00,2022-07-05 07:15:00,5.75,3.6,4.504347826086957,1
2022-07-05 20:30:00,2022-07-05 21:15:00,1.0,6.4,6.5,20
2022-07-06 03:00:00,2022-07-06 04:15:00,1.5,5.7,5.8500000000000005,3
2022-07-06 14:00:00,2022-07-06 16:45:00,3.0,7.7,8.175,14
2022-07-06 19:45:00,2022-07-06 20:45:00,1.25,7.3,7.5200000000000005,19
2022-07-07 03:45:00,2022-07-07 05:45:00,2.25,5.6,6.000000000000001,3
2022-07-07 12:00:00,2022-07-07 15:45:00,4.0,7.6,8.662500000000001,12
2022-07-07 17:15:00,2022-07-07 17:45:00,0.75,7.6,7.866666666666667,17
2022-07-08 07:15:00,2022-07-08 07:45:00,0.75,6.2,6.266666666666667,7
2022-07-08 13:15:00,2022-07-08 14:00:00,1.0,6.4,6.574999999999999,13
2022-07-08 16:00:00,2022-07-08 19:15:00,3.5,6.5,8.235714285714284,16
2022-07-09 10:00:00,2022-07-09 10:15:00,0.5,5.9,6.0,10
2022-07-10 02:30:00,2022-07-10 03:45:00,1.5,5.7,5.916666666666667,2
2022-07-10 05:30:00,2022-07-10 07:30:00,2.25,5.3,5.655555555555555,5
2022-07-10 14:45:00,2022-07-10 18:15:00,3.75,6.4,6.800000000000001,14
2022-07-10 22:00:00,2022-07-10 23:00:00,1.25,6.4,6.539999999999999,22
2022-07-11 00:30:00,2022-07-11 02:00:00,1.75,5.2,5.728571428571429,0
2022-07-11 11:45:00,2022-07-11 16:15:00,4.75,6.0,6.61578947368421,11
2022-07-12 08:30:00,2022-07-12 08:45:00,0.5,5.2,5.300000000000001,8
2022-07-12 12:30:00,2022-07-12 15:30:00,3.25,5.5,6.023076923076924,12
2022-07-12 17:00:00,2022-07-13 00:00:00,7.25,5.1,6.224137931034483,17
2022-07-13 12:00:00,2022-07-13 12:15:00,0.5,6.1,6.199999999999999,12
2022-07-13 14:15:00,2022-07-13 14:30:00,0.5,5.7,5.800000000000001,14
2022-07-13 22:15:00,2022-07-13 23:00:00,1.0,5.3,5.575,22
2022-07-14 01:00:00,2022-07-14 02:00:00,1.25,5.6,5.88,1
2022-07-14 13:30:00,2022-07-14 14:45:00,1.5,6.8,7.916666666666665,13
2022-07-14 18:00:00,2022-07-14 22:30:00,4.75,6.5,7.105263157894737,18
2022-07-15 18:15:00,2022-07-15 18:30:00,0.5,6.9,7.0,18
2022-07-16 00:00:00,2022-07-16 00:15:00,0.5,5.2,5.45,0
2022-07-16 10:00:00,2022-07-16 11:15:00,1.5,6.4,6.666666666666667,10
2022-07-16 14:45:00,2022-07-16 20:15:00,5.75,6.0,7.286956521739131,14
2022-07-17 00:15:00,2022-07-17 04:15:00,4.25,4.5,5.405882352941177,0
2022-07-17 21:00:00,2022-07-17 23:00:00,2.25,6.5,7.111111111111111,21
2022-07-18 13:30:00,2022-07-18 15:45:00,2.5,7.6,8.12,13
2022-07-18 22:30:00,2022-07-18 22:45:00,0.5,6.2,6.35,22
2022-07-19 19:15:00,2022-07-19 21:30:00,2.5,6.6,7.369999999999999,19
2022-07-21 04:15:00,2022-07-21 05:00:00,1.0,5.8,5.9,4
2022-07-21 17:45:00,2022-07-21 18:15:00,0.75,8.8,8.966666666666667,17
2022-07-21 19:45:00,2022-07-21 21:00:00,1.5,7.9,8.333333333333334,19
2022-07-22 05:15:00,2022-07-22 06:15:00,1.25,5.2,5.9,5
2022-07-22 11:15:00,2022-07-22 12:00:00,1.0,6.0,6.675,11
2022-07-22 15:45:00,2022-07-22 17:00:00,1.5,7.2,7.283333333333334,15
2022-07-22 18:45:00,2022-07-22 19:15:00,0.75,7.5,7.733333333333333,18
2022-07-23 06:15:00,2022-07-23 06:45:00,0.75,5.6,5.866666666666667,6
2022-07-23 14:30:00,2022-07-23 14:45:00,0.5,8.3,8.45,14
2022-07-23 17:45:00,2022-07-23 22:30:00,5.0,6.7,8.054999999999998,17
2022-07-24 08:15:00,2022-07-24 10:15:00,2.25,5.8,6.199999999999999,8
2022-07-24 20:15:00,2022-07-24 21:15:00,1.25,6.2,6.42,20
2022-07-25 01:30:00,2022-07-25 02:15:00,1.0,5.4,5.6,1
2022-07-25 15:30:00,2022-07-25 17:30:00,2.25,5.7,6.044444444444444,15
2022-07-26 13:00:00,2022-07-26 13:15:00,0.5,6.8,7.0,13
2022-07-26 16:30:00,2022-07-26 17:00:00,0.75,6.5,6.866666666666667,16
2022-07-26 19:15:00,2022-07-26 20:00:00,1.0,7.2,7.425,19
2022-07-27 08:00:00,2022-07-27 09:30:00,1.75,5.4,6.042857142857144,8
2022-07-27 20:00:00,2022-07-27 21:00:00,1.25,6.6,6.94,20
2022-07-28 15:15:00,2022-07-28 22:00:00,7.0,6.2,6.992857142857142,15
2022-07-29 08:30:00,2022-07-29 11:30:00,3.25,4.9,5.415384615384616,8
2022-07-29 13:45:00,2022-07-29 14:00:00,0.5,5.6,5.699999999999999,13
2022-07-30 13:30:00,2022-07-30 16:30:00,3.25,4.9,6.230769230769231,13
2022-07-30 19:45:00,2022-07-31 01:15:00,5.75,5.5,6.443478260869566,19
2022-07-31 05:00:00,2022-07-31 07:45:00,3.0,4.5,5.2,5
2022-07-31 10:30:00,2022-07-31 12:30:00,2.25,5.8,6.277777777777778,10
2022-07-31 18:00:00,2022-07-31 18:30:00,0.75,7.3,7.5,18
2022-07-31 20:30:00,2022-07-31 21:30:00,1.25,6.8,7.08,20
2022-08-01 16:15:00,2022-08-01 17:45:00,1.75,5.3,5.528571428571428,16
2022-08-02 10:15:00,2022-08-02 11:00:00,1.0,5.8,5.9750000000000005,10
2022-08-02 14:30:00,2022-08-02 14:45:00,0.5,5.9,6.050000000000001,14
2022-08-02 19:00:00,2022-08-02 19:15:00,0.5,6.3,6.4,19
2022-08-02 20:45:00,2022-08-02 21:00:00,0.5,6.1,6.199999999999999,20
2022-08-03 01:30:00,2022-08-03 02:00:00,0.75,5.5,5.633333333333333,1
2022-08-03 20:00:00,2022-08-03 21:00:00,1.25,6.9,7.1800000000000015,20
2022-08-04 03:00:00,2022-08-04 05:00:00,2.25,5.8,5.977777777777778,3
2022-08-04 11:15:00,2022-08-04 12:00:00,1.0,6.2,6.625,11
2022-08-04 21:00:00,2022-08-04 21:30:00,0.75,7.4,7.566666666666667,21
2022-08-05 02:15:00,2022-08-05 02:30:00,0.5,6.1,6.199999999999999,2
2022-08-05 19:45:00,2022-08-05 20:30:00,1.0,6.6,6.824999999999999,19
2022-08-06 10:15:00,2022-08-06 11:00:00,1.0,5.1,5.15,10
2022-08-06 16:00:00,2022-08-06 17:00:00,1.25,6.9,7.08,16
2022-08-06 19:00:00,2022-08-06 20:00:00,1.25,6.9,7.2,19
2022-08-07 12:00:00,2022-08-07 13:30:00,1.75,6.4,6.842857142857143,12
2022-08-07 18:15:00,2022-08-07 18:45:00,0.75,7.8,7.866666666666667,18
2022-08-08 09:45:00,2022-08-08 16:15:00,6.75,4.6,5.503703703703703,9
2022-08-09 02:45:00,2022-08-09 03:00:00,0.5,5.1,5.199999999999999,2
2022-08-09 09:00:00,2022-08-09 10:15:00,1.5,4.6,5.3500000000000005,9
2022-08-09 13:15:00,2022-08-09 13:30:00,0.5,5.2,5.6,13
2022-08-09 15:45:00,2022-08-09 18:30:00,3.0,5.9,6.508333333333334,15
2022-08-10 09:30:00,2022-08-10 10:30:00,1.25,5.8,5.92,9
2022-08-10 12:00:00,2022-08-10 12:30:00,0.75,5.5,5.6000000000000005,12
2022-08-10 15:00:00,2022-08-10 15:30:00,0.75,5.7,5.8,15
2022-08-10 20:30:00,2022-08-11 00:00:00,3.75,6.2,6.6866666666666665,20
2022-08-11 14:45:00,2022-08-11 17:45:00,3.25,6.6,6.953846153846154,14
2022-08-12 10:45:00,2022-08-12 12:30:00,2.0,5.1,5.762499999999999,10
2022-08-12 15:15:00,2022-08-12 17:00:00,2.0,6.3,6.5875,15
2022-08-12 19:30:00,2022-08-12 21:00:00,1.75,6.3,6.614285714285715,19
2022-08-13 07:15:00,2022-08-13 08:15:00,1.25,5.5,5.66,7
2022-08-13 16:30:00,2022-08-13 21:15:00,5.0,5.6,6.459999999999999,16
2022-08-14 02:30:00,2022-08-14 02:45:00,0.5,4.9,5.300000000000001,2
2022-08-14 07:15:00,2022-08-14 07:30:00,0.5,4.8,4.949999999999999,7
2022-08-14 18:45:00,2022-08-14 19:00:00,0.5,7.2,7.4,18
2022-08-14 20:45:00,2022-08-14 21:45:00,1.25,6.6,6.779999999999999,20
2022-08-14 23:45:00,2022-08-15 00:00:00,0.5,6.4,6.5,23
2022-08-15 05:15:00,2022-08-15 06:15:00,1.25,4.2,4.88,5
2022-08-17 18:00:00,2022-08-17 19:15:00,1.5,6.3,6.449999999999999,18
2022-08-18 13:45:00,2022-08-18 20:30:00,7.0,6.0,6.7321428571428585,13
2022-08-18 22:15:00,2022-08-19 00:45:00,2.75,5.8,6.290909090909091,22
2022-08-19 10:15:00,2022-08-19 11:30:00,1.5,6.0,6.116666666666666,10
2022-08-19 19:30:00,2022-08-19 21:30:00,2.25,6.7,7.277777777777778,19
2022-08-20 07:00:00,2022-08-20 07:30:00,0.75,6.1,6.233333333333334,7
2022-08-20 11:15:00,2022-08-20 12:45:00,1.75,5.6,5.985714285714286,11
2022-08-20 21:30:00,2022-08-20 23:45:00,2.5,6.1,6.65,21
2022-08-21 06:30:00,2022-08-21 11:30:00,5.25,4.8,5.390476190476191,6
2022-08-22 07:45:00,2022-08-22 09:30:00,2.0,4.4,4.574999999999999,7
2022-08-22 12:45:00,2022-08-23 00:45:00,12.25,5.4,6.43061224489796,12
2022-08-23 10:30:00,2022-08-23 11:15:00,1.0,6.6,6.725,10
2022-08-23 12:45:00,2022-08-23 17:45:00,5.25,5.9,6.300000000000001,12
2022-08-23 19:30:00,2022-08-23 21:00:00,1.75,5.6,5.771428571428571,19
2022-08-24 10:45:00,2022-08-24 11:45:00,1.25,5.5,5.9799999999999995,10
2022-08-24 15:30:00,2022-08-24 16:45:00,1.5,5.7,6.016666666666667,15
2022-08-24 19:00:00,2022-08-24 19:30:00,0.75,5.2,5.3999999999999995,19
2022-08-25 13:15:00,2022-08-25 16:30:00,3.5,5.9,6.178571428571429,13
2022-08-25 18:30:00,2022-08-25 22:00:00,3.75,5.5,5.906666666666666,18
2022-08-26 11:00:00,2022-08-26 12:15:00,1.5,6.1,6.216666666666666,11
2022-08-26 16:30:00,2022-08-26 18:30:00,2.25,6.2,6.477777777777778,16
2022-08-26 20:00:00,2022-08-26 20:15:00,0.5,6.8,6.949999999999999,20
2022-08-26 23:15:00,2022-08-27 00:15:00,1.25,6.0,6.119999999999999,23
2022-08-27 01:45:00,2022-08-27 04:15:00,2.75,5.6,5.836363636363637,1
2022-08-27 06:15:00,2022-08-27 10:45:00,4.75,5.5,6.4526315789473685,6
2022-08-27 16:00:00,2022-08-27 16:45:00,1.0,9.5,9.725000000000001,16
2022-08-27 19:30:00,2022-08-27 19:45:00,0.5,8.5,8.6,19
2022-08-27 22:45:00,2022-08-28 04:15:00,5.75,6.6,7.565217391304348,22
2022-08-28 05:45:00,2022-08-28 07:00:00,1.5,6.3,6.8999999999999995,5
2022-08-28 16:00:00,2022-08-28 16:30:00,0.75,7.6,7.833333333333333,16
2022-08-29 02:30:00,2022-08-29 03:30:00,1.25,4.5,5.86,2
2022-08-30 01:00:00,2022-08-30 02:00:00,1.25,5.4,6.159999999999999,1
2022-08-30 17:00:00,2022-08-30 17:30:00,0.75,7.4,7.566666666666667,17
2022-08-30 19:15:00,2022-08-30 20:00:00,1.0,6.8,7.15,19
2022-08-31 03:15:00,2022-08-31 07:15:00,4.25,4.7,5.452941176470588,3
2022-08-31 14:45:00,2022-08-31 15:00:00,0.5,7.3,7.4,14
2022-08-31 21:00:00,2022-09-01 11:00:00,14.25,3.5,5.2561403508771924,21
2022-09-01 21:15:00,2022-09-01 22:30:00,1.5,7.2,7.416666666666667,21
2022-09-02 06:45:00,2022-09-02 11:45:00,5.25,3.7,4.59047619047619,6
2022-09-03 03:15:00,2022-09-03 04:45:00,1.75,5.8,6.157142857142857,3
2022-09-03 06:30:00,2022-09-03 08:30:00,2.25,4.3,4.988888888888889,6
2022-09-03 12:00:00,2022-09-03 13:15:00,1.5,4.4,4.716666666666666,12
2022-09-03 23:45:00,2022-09-04 01:00:00,1.5,5.0,5.233333333333333,23
2022-09-04 08:45:00,2022-09-04 09:45:00,1.25,3.9,4.279999999999999,8
2022-09-05 13:00:00,2022-09-05 14:00:00,1.25,5.6,5.860000000000001,13
2022-09-05 19:45:00,2022-09-05 20:00:00,0.5,6.8,6.9,19
2022-09-05 22:00:00,2022-09-05 22:30:00,0.75,6.0,6.166666666666667,22
2022-09-06 03:30:00,2022-09-06 04:15:00,1.0,4.2,4.675,3
2022-09-06 09:00:00,2022-09-06 09:30:00,0.75,3.2,3.3333333333333335,9
2022-09-06 11:45:00,2022-09-06 12:00:00,0.5,3.6,3.8499999999999996,11
2022-09-06 14:30:00,2022-09-06 15:15:00,1.0,4.7,5.025,14
2022-09-06 19:30:00,2022-09-06 21:00:00,1.75,5.5,5.8428571428571425,19
2022-09-06 22:45:00,2022-09-06 23:45:00,1.25,5.0,5.3,22
2022-09-07 01:30:00,2022-09-07 02:30:00,1.25,5.2,5.5,1
2022-09-07 13:15:00,2022-09-07 16:00:00,3.0,5.5,6.166666666666667,13
2022-09-08 02:45:00,2022-09-08 03:45:00,1.25,4.7,5.1,2
2022-09-08 19:30:00,2022-09-08 20:15:00,1.0,6.2,6.3,19
2022-09-09 15:15:00,2022-09-09 16:30:00,1.5,5.1,5.783333333333334,15
2022-09-09 20:30:00,2022-09-10 00:15:00,4.0,4.4,4.78125,20
2022-09-10 07:00:00,2022-09-10 07:45:00,1.0,4.6,4.75,7
2022-09-10 15:30:00,2022-09-10 19:00:00,3.75,6.8,7.680000000000001,15
2022-09-11 14:15:00,2022-09-11 14:45:00,0.75,6.6,6.8,14
2022-09-15 13:45:00,2022-09-15 14:15:00,0.75,7.8,8.0,13
2022-09-16 06:30:00,2022-09-16 07:00:00,0.75,6.2,6.366666666666667,6
2022-09-17 23:00:00,2022-09-18 00:15:00,1.5,5.9,6.016666666666667,23
2022-09-19 09:30:00,2022-09-19 09:45:00,0.5,5.9,6.0,9
2022-09-19 11:30:00,2022-09-19 12:15:00,1.0,5.6,5.800000000000001,11
2022-09-19 17:15:00,2022-09-19 17:30:00,0.5,6.7,6.800000000000001,17
2022-09-20 11:45:00,2022-09-20 12:30:00,1.0,6.6,6.825000000000001,11
2022-09-20 18:15:00,2022-09-20 19:15:00,1.25,7.1,7.3199999999999985,18
2022-09-21 11:45:00,2022-09-21 15:45:00,4.25,6.9,7.582352941176471,11
2022-09-22 11:45:00,2022-09-22 12:15:00,0.75,7.2,7.333333333333333,11
2022-09-22 13:45:00,2022-09-22 15:00:00,1.5,6.7,7.166666666666667,13
2022-09-23 06:45:00,2022-09-23 07:15:00,0.75,4.2,4.5,6
2022-09-23 14:45:00,2022-09-23 15:00:00,0.5,5.8,5.949999999999999,14
2022-09-23 17:30:00,2022-09-23 18:15:00,1.0,5.8,6.175,17
2022-09-23 19:45:00,2022-09-23 20:45:00,1.25,5.7,5.8999999999999995,19
2022-09-24 02:15:00,2022-09-24 04:00:00,2.0,5.2,5.55,2
2022-09-24 10:15:00,2022-09-24 11:00:00,1.0,6.5,6.6499999999999995,10
2022-09-24 13:30:00,2022-09-24 15:45:00,2.5,6.7,7.550000000000002,13
2022-09-24 19:30:00,2022-09-24 20:15:00,1.0,7.5,7.8,19
2022-09-26 12:45:00,2022-09-26 17:15:00,4.75,6.8,8.689473684210528,12
2022-09-30 11:15:00,2022-09-30 12:15:00,1.25,8.4,8.64,11
2022-09-30 21:00:00,2022-09-30 21:30:00,0.75,8.7,8.9,21
2022-10-01 16:15:00,2022-10-01 18:00:00,2.0,8.3,8.575,16
2022-10-02 04:30:00,2022-10-02 05:30:00,1.25,7.5,7.8,4
2022-10-02 13:30:00,2022-10-02 13:45:00,0.5,8.0,8.1,13
2022-10-02 17:30:00,2022-10-02 18:00:00,0.75,7.3,7.433333333333334,17
2022-10-03 09:45:00,2022-10-03 10:00:00,0.5,7.1,7.199999999999999,9
2022-10-03 13:45:00,2022-10-03 14:45:00,1.25,8.5,8.64,13
2022-10-03 17:15:00,2022-10-03 18:15:00,1.25,7.9,8.16,17
2022-10-04 16:00:00,2022-10-04 16:45:00,1.0,7.5,7.775,16
2022-10-06 11:30:00,2022-10-06 11:45:00,0.5,6.8,6.9,11
2022-10-06 14:15:00,2022-10-06 14:30:00,0.5,7.4,7.5,14
2022-10-06 21:00:00,2022-10-06 21:15:00,0.5,6.9,7.050000000000001,21
2022-10-07 04:45:00,2022-10-07 06:15:00,1.75,6.1,6.5,4
2022-10-07 13:00:00,2022-10-07 15:00:00,2.25,6.8,7.7555555555555555,13
2022-10-08 00:30:00,2022-10-08 01:15:00,1.0,6.9,7.125,0
2022-10-08 11:15:00,2022-10-08 11:45:00,0.75,7.2,7.3,11
2022-10-08 18:00:00,2022-10-08 18:15:00,0.5,7.1,7.199999999999999,18
2022-10-09 14:30:00,2022-10-09 15:00:00,0.75,8.4,8.5,14
2022-10-10 15:45:00,2022-10-10 16:15:00,0.75,8.1,8.366666666666667,15
2022-10-11 20:45:00,2022-10-11 23:45:00,3.25,7.3,7.615384615384614,20
2022-10-13 19:45:00,2022-10-13 20:45:00,1.25,7.1,7.459999999999999,19
2022-10-14 04:30:00,2022-10-14 05:45:00,1.5,6.0,6.400000000000001,4
2022-10-14 19:15:00,2022-10-14 20:15:00,1.25,7.5,7.7,19
2022-10-15 12:30:00,2022-10-15 12:45:00,0.5,6.2,6.300000000000001,12
2022-10-15 15:00:00,2022-10-15 17:00:00,2.25,5.8,6.566666666666666,15
2022-10-16 06:00:00,2022-10-16 06:30:00,0.75,5.3,5.466666666666666,6
2022-10-16 20:45:00,2022-10-16 21:00:00,0.5,8.5,8.75,20
2022-10-17 06:30:00,2022-10-17 08:15:00,2.0,5.9,6.8,6
2022-10-19 14:30:00,2022-10-19 15:30:00,1.25,9.1,9.360000000000001,14
2022-10-20 12:00:00,2022-10-20 12:15:00,0.5,9.3,9.5,12
2022-10-20 17:30:00,2022-10-20 19:15:00,2.0,9.1,9.9625,17
2022-10-21 10:30:00,2022-10-21 11:00:00,0.75,9.1,9.266666666666667,10
2022-10-22 05:00:00,2022-10-22 05:15:00,0.5,9.1,9.2,5
2022-10-22 10:15:00,2022-10-22 10:45:00,0.75,8.9,9.700000000000001,10
2022-10-22 12:30:00,2022-10-22 14:00:00,1.75,10.1,10.3,12
2022-10-22 15:30:00,2022-10-22 17:30:00,2.25,8.6,9.333333333333334,15
2022-10-26 02:15:00,2022-10-26 03:45:00,1.75,5.8,6.042857142857143,2
2022-10-27 19:15:00,2022-10-27 20:30:00,1.5,8.8,9.299999999999999,19
2022-10-28 02:00:00,2022-10-28 04:15:00,2.5,7.3,7.95,2
2022-10-28 05:45:00,2022-10-28 06:15:00,0.75,6.4,6.566666666666667,5
2022-10-28 11:15:00,2022-10-28 11:45:00,0.75,8.0,8.333333333333334,11
2022-10-28 16:30:00,2022-10-28 17:15:00,1.0,8.6,9.174999999999999,16
2022-10-29 07:00:00,2022-10-29 07:15:00,0.5,6.5,6.7,7
2022-10-29 09:00:00,2022-10-29 09:30:00,0.75,6.5,6.8999999999999995,9
2022-10-30 05:15:00,2022-10-30 07:00:00,2.0,5.2,5.725,5
2022-10-30 18:45:00,2022-10-30 19:00:00,0.5,6.8,6.9,18
2022-10-31 12:45:00,2022-10-31 13:45:00,1.25,7.7,8.080000000000002,12
2022-10-31 15:15:00,2022-10-31 15:30:00,0.5,7.4,7.5,15
2022-11-01 07:15:00,2022-11-01 08:30:00,1.5,6.2,6.316666666666666,7
2022-11-01 16:15:00,2022-11-01 18:30:00,2.5,8.5,8.709999999999997,16
2022-11-02 10:45:00,2022-11-02 11:00:00,0.5,7.6,7.699999999999999,10
2022-11-03 19:45:00,2022-11-03 20:00:00,0.5,8.3,8.4,19
2022-11-05 10:45:00,2022-11-05 11:00:00,0.5,6.4,6.5,10
2022-11-06 02:00:00,2022-11-06 03:00:00,1.25,6.3,6.56,2
2022-11-07 03:30:00,2022-11-07 05:30:00,2.25,6.1,6.199999999999999,3
2022-11-08 01:45:00,2022-11-08 02:00:00,0.5,6.9,7.0,1
2022-11-08 03:45:00,2022-11-08 05:00:00,1.5,5.6,5.966666666666668,3
2022-11-09 00:30:00,2022-11-09 00:45:00,0.5,7.0,7.1,0
2022-11-12 06:15:00,2022-11-12 07:15:00,1.25,6.0,6.1,6
2022-11-14 02:30:00,2022-11-14 02:45:00,0.5,8.5,8.6,2
2022-11-14 16:15:00,2022-11-14 16:45:00,0.75,9.3,9.666666666666666,16
2022-11-15 10:15:00,2022-11-15 10:30:00,0.5,7.9,8.0,10
2022-11-23 02:00:00,2022-11-23 03:15:00,1.5,8.8,9.016666666666666,2
2022-11-23 12:15:00,2022-11-23 12:30:00,0.5,9.4,9.55,12
2022-11-23 21:00:00,2022-11-23 21:30:00,0.75,9.8,9.966666666666667,21
2022-11-24 00:00:00,2022-11-24 00:30:00,0.75,9.0,9.166666666666666,0
2022-11-24 19:00:00,2022-11-24 20:00:00,1.25,9.1,9.28,19
2022-11-25 02:15:00,2022-11-25 05:15:00,3.25,6.8,7.792307692307692,2
2022-11-25 06:45:00,2022-11-25 07:45:00,1.25,6.3,6.36,6
2022-11-25 18:15:00,2022-11-25 18:30:00,0.5,8.0,8.1,18
2022-11-26 02:45:00,2022-11-26 03:15:00,0.75,7.7,7.866666666666667,2
2022-11-26 05:30:00,2022-11-26 07:30:00,2.25,6.2,6.6,5
2022-11-26 11:15:00,2022-11-26 12:15:00,1.25,6.9,7.279999999999999,11
2022-11-27 04:30:00,2022-11-27 05:30:00,1.25,7.0,7.42,4
2022-11-28 08:00:00,2022-11-28 09:15:00,1.5,6.8,6.949999999999999,8
2022-11-28 15:00:00,2022-11-28 16:15:00,1.5,8.8,9.35,15
2022-12-01 15:00:00,2022-12-01 16:15:00,1.5,9.6,9.7,15
2022-12-03 07:00:00,2022-12-03 08:15:00,1.5,7.7,7.866666666666667,7
2022-12-03 23:45:00,2022-12-04 02:30:00,3.0,7.5,7.733333333333333,23
2022-12-04 07:30:00,2022-12-04 09:00:00,1.75,7.4,7.585714285714286,7
2022-12-04 13:45:00,2022-12-04 14:00:00,0.5,7.7,7.800000000000001,13
2022-12-05 01:00:00,2022-12-05 03:15:00,2.5,7.5,7.9,1
2022-12-05 12:15:00,2022-12-05 13:15:00,1.25,8.5,8.680000000000001,12
2022-12-05 17:15:00,2022-12-05 19:30:00,2.5,8.0,8.500000000000002,17
2022-12-06 03:00:00,2022-12-06 03:30:00,0.75,7.0,7.166666666666667,3
2022-12-06 19:45:00,2022-12-06 20:00:00,0.5,7.8,7.9,19
2022-12-06 23:45:00,2022-12-07 01:45:00,2.25,7.5,8.055555555555555,23
2022-12-07 03:15:00,2022-12-07 03:45:00,0.75,6.8,6.933333333333334,3
2022-12-07 07:00:00,2022-12-07 07:30:00,0.75,6.3,6.466666666666666,7
2022-12-07 22:15:00,2022-12-07 23:45:00,1.75,7.8,8.085714285714285,22
2022-12-08 02:30:00,2022-12-08 04:45:00,2.5,6.5,6.890000000000001,2
2022-12-08 06:45:00,2022-12-08 08:15:00,1.75,6.1,6.314285714285715,6
2022-12-08 10:15:00,2022-12-08 10:30:00,0.5,6.6,6.699999999999999,10
2022-12-08 19:45:00,2022-12-08 20:15:00,0.75,8.1,8.266666666666667,19
2022-12-08 22:45:00,2022-12-08 23:30:00,1.0,7.4,7.574999999999999,22
2022-12-09 01:30:00,2022-12-09 05:15:00,4.0,6.2,6.79375,1
2022-12-09 13:45:00,2022-12-09 14:30:00,1.0,7.3,7.625,13
2022-12-09 16:15:00,2022-12-09 16:30:00,0.5,7.9,8.100000000000001,16
2022-12-09 21:00:00,2022-12-09 22:00:00,1.25,8.8,9.059999999999999,21
2022-12-10 03:00:00,2022-12-10 05:30:00,2.75,6.9,7.172727272727273,3
2022-12-10 12:45:00,2022-12-10 13:15:00,0.75,7.9,8.1,12
2022-12-10 23:15:00,2022-12-11 07:30:00,8.5,5.8,6.7,23
2022-12-11 12:15:00,2022-12-11 13:15:00,1.25,7.0,7.24,12
2022-12-11 18:15:00,2022-12-11 19:15:00,1.25,7.2,7.359999999999999,18
2022-12-11 20:45:00,2022-12-11 22:15:00,1.75,7.2,7.514285714285715,20
2022-12-11 23:45:00,2022-12-12 00:00:00,0.5,6.7,6.800000000000001,23
2022-12-12 02:15:00,2022-12-12 04:00:00,2.0,6.0,6.75,2
2022-12-12 05:45:00,2022-12-12 06:15:00,0.75,5.9,6.133333333333333,5
2022-12-12 07:45:00,2022-12-12 09:00:00,1.5,5.8,6.05,7
2022-12-12 13:15:00,2022-12-12 17:00:00,4.0,7.9,9.7,13
2022-12-12 19:00:00,2022-12-12 19:45:00,1.0,7.5,7.675,19
2022-12-12 22:45:00,2022-12-13 01:45:00,3.25,6.5,7.36923076923077,22
2022-12-15 08:30:00,2022-12-15 08:45:00,0.5,6.7,6.800000000000001,8
2022-12-16 13:15:00,2022-12-16 15:15:00,2.25,9.2,9.444444444444445,13
2022-12-16 17:00:00,2022-12-16 18:30:00,1.75,9.2,9.314285714285713,17
2022-12-18 20:00:00,2022-12-18 23:45:00,4.0,10.1,11.35,20
2022-12-19 01:30:00,2022-12-19 03:30:00,2.25,9.6,10.444444444444445,1
2022-12-19 09:30:00,2022-12-19 10:15:00,1.0,9.0,9.25,9
2022-12-19 12:45:00,2022-12-19 16:30:00,4.0,8.9,10.024999999999999,12
2022-12-20 02:45:00,2022-12-20 03:15:00,0.75,9.0,9.1,2
2022-12-21 15:15:00,2022-12-21 15:30:00,0.5,10.3,10.7,15
2022-12-22 14:15:00,2022-12-22 14:30:00,0.5,9.4,9.55,14
2022-12-22 17:30:00,2022-12-22 18:30:00,1.25,10.3,10.720000000000002,17
2022-12-23 01:30:00,2022-12-23 05:15:00,4.0,8.9,9.225000000000001,1
2022-12-24 10:15:00,2022-12-24 11:00:00,1.0,10.7,11.149999999999999,10
2022-12-25 12:15:00,2022-12-25 12:30:00,0.5,10.8,10.9,12
2022-12-27 11:00:00,2022-12-27 16:00:00,5.25,10.9,11.857142857142858,11
2022-12-27 18:30:00,2022-12-27 19:15:00,1.0,11.6,11.85,18
2022-12-28 01:15:00,2022-12-28 02:00:00,1.0,11.6,11.875000000000002,1
2022-12-28 05:15:00,2022-12-28 06:30:00,1.5,10.7,10.933333333333332,5
2022-12-30 02:30:00,2022-12-30 03:15:00,1.0,10.4,10.475,2
2022-12-30 10:30:00,2022-12-30 11:30:00,1.25,9.8,9.98,10
2022-12-31 04:30:00,2022-12-31 04:45:00,0.5,8.9,9.0,4
2022-12-31 23:45:00,2023-01-01 01:15:00,1.75,9.4,10.114285714285716,23
2023-01-01 04:00:00,2023-01-01 04:30:00,0.75,9.2,9.5,4
2023-01-01 07:15:00,2023-01-01 09:00:00,2.0,9.0,9.3375,7
2023-01-01 11:30:00,2023-01-01 11:45:00,0.5,11.0,11.3,11
2023-01-01 13:15:00,2023-01-01 15:45:00,2.75,12.2,12.490909090909092,13
2023-01-01 17:15:00,2023-01-01 19:00:00,2.0,11.3,12.100000000000001,17
2023-01-01 22:45:00,2023-01-02 03:15:00,4.75,9.7,10.76842105263158,22
2023-01-02 06:00:00,2023-01-02 07:30:00,1.75,9.0,9.6,6
2023-01-02 10:30:00,2023-01-02 12:45:00,2.5,11.0,11.360000000000001,10
2023-01-02 16:15:00,2023-01-02 17:45:00,1.75,11.5,12.685714285714285,16
2023-01-02 20:45:00,2023-01-02 21:45:00,1.25,13.2,13.34,20
2023-01-02 23:15:00,2023-01-03 02:00:00,3.0,10.1,11.516666666666666,23
2023-01-03 03:30:00,2023-01-03 05:30:00,2.25,9.3,9.766666666666666,3
2023-01-03 10:15:00,2023-01-03 10:30:00,0.5,11.1,11.2,10
2023-01-04 00:30:00,2023-01-04 00:45:00,0.5,10.3,10.4,0
2023-01-04 02:45:00,2023-01-04 04:00:00,1.5,8.3,8.583333333333334,2
2023-01-04 05:45:00,2023-01-04 06:45:00,1.25,7.9,8.2,5
2023-01-04 08:15:00,2023-01-04 09:00:00,1.0,7.7,8.075,8
2023-01-05 00:45:00,2023-01-05 04:30:00,4.0,7.6,8.475000000000001,0
2023-01-05 09:15:00,2023-01-05 09:30:00,0.5,7.8,7.9,9
2023-01-05 23:30:00,2023-01-06 00:15:00,1.0,9.3,9.425,23
2023-01-06 02:00:00,2023-01-06 04:30:00,2.75,8.5,9.118181818181817,2
2023-01-06 16:00:00,2023-01-06 17:15:00,1.5,11.3,11.583333333333334,16
2023-01-06 19:45:00,2023-01-06 21:15:00,1.75,10.1,10.542857142857143,19
2023-01-07 05:00:00,2023-01-07 06:30:00,1.75,8.0,8.257142857142858,5
2023-01-07 11:30:00,2023-01-07 12:45:00,1.5,9.7,10.05,11
2023-01-08 05:45:00,2023-01-08 06:00:00,0.5,8.2,8.3,5
2023-01-08 07:30:00,2023-01-08 08:30:00,1.25,8.1,8.280000000000001,7
2023-01-08 12:15:00,2023-01-08 13:15:00,1.25,9.2,9.379999999999999,12
2023-01-09 05:30:00,2023-01-09 05:45:00,0.5,8.1,8.2,5
2023-01-10 07:15:00,2023-01-10 08:15:00,1.25,7.8,8.08,7
2023-01-10 18:15:00,2023-01-10 23:30:00,5.5,9.5,10.227272727272727,18
2023-01-11 01:00:00,2023-01-11 01:30:00,0.75,9.2,9.3,1
2023-01-11 16:30:00,2023-01-11 17:15:00,1.0,8.7,8.875,16
2023-01-15 15:15:00,2023-01-15 18:45:00,3.75,11.4,12.440000000000001,15
2023-01-15 20:15:00,2023-01-16 03:30:00,7.5,10.2,11.483333333333333,20
2023-01-16 07:15:00,2023-01-16 09:45:00,2.75,8.9,9.109090909090908,7
2023-01-16 18:30:00,2023-01-16 18:45:00,0.5,10.4,10.5,18
2023-01-18 01:15:00,2023-01-18 02:00:00,1.0,8.4,8.725,1
2023-01-18 04:45:00,2023-01-18 05:15:00,0.75,8.0,8.133333333333333,4
2023-01-18 20:45:00,2023-01-18 22:15:00,1.75,10.2,10.657142857142858,20
2023-01-19 00:15:00,2023-01-19 03:00:00,3.0,8.0,9.058333333333332,0
2023-01-19 10:15:00,2023-01-19 10:30:00,0.5,8.5,8.75,10
2023-01-20 00:15:00,2023-01-20 03:15:00,3.25,7.5,8.315384615384616,0
2023-01-20 07:15:00,2023-01-20 07:30:00,0.5,7.3,7.4,7
2023-01-20 15:45:00,2023-01-20 16:15:00,0.75,9.0,9.233333333333333,15
2023-01-20 18:30:00,2023-01-20 20:45:00,2.5,8.5,8.830000000000002,18
2023-01-20 23:15:00,2023-01-21 01:30:00,2.5,7.8,7.960000000000001,23
2023-01-21 11:00:00,2023-01-21 15:15:00,4.5,6.9,7.666666666666667,11
2023-01-21 17:00:00,2023-01-21 17:15:00,0.5,7.0,7.15,17
2023-01-21 19:30:00,2023-01-21 22:15:00,3.0,6.6,7.541666666666667,19
2023-01-22 04:15:00,2023-01-22 07:30:00,3.5,7.4,7.8357142857142845,4
2023-01-23 13:30:00,2023-01-23 13:45:00,0.5,9.0,9.1,13
2023-01-23 16:30:00,2023-01-23 16:45:00,0.5,10.5,10.6,16
2023-01-23 19:00:00,2023-01-23 21:00:00,2.25,11.2,11.611111111111112,19
2023-01-24 06:15:00,2023-01-24 06:30:00,0.5,9.0,9.1,6
2023-01-24 13:00:00,2023-01-24 14:00:00,1.25,9.2,9.52,13
2023-01-27 10:45:00,2023-01-27 11:15:00,0.75,10.4,10.699999999999998,10
2023-01-27 14:00:00,2023-01-27 16:45:00,3.0,10.9,11.866666666666667,14
2023-01-27 18:30:00,2023-01-27 20:15:00,2.0,10.9,11.1125,18
2023-01-27 22:00:00,2023-01-27 23:15:00,1.5,10.8,11.183333333333335,22
2023-01-28 02:00:00,2023-01-28 02:30:00,0.75,10.6,10.933333333333332,2
2023-01-28 09:30:00,2023-01-28 10:30:00,1.25,9.7,9.940000000000001,9
2023-01-29 10:00:00,2023-01-29 10:30:00,0.75,8.5,8.8,10
2023-01-30 17:00:00,2023-01-30 17:15:00,0.5,10.5,10.75,17
2023-01-30 21:00:00,2023-01-30 21:15:00,0.5,10.0,10.1,21
2023-01-31 00:30:00,2023-01-31 01:00:00,0.75,8.7,8.866666666666665,0
2023-01-31 02:30:00,2023-01-31 03:15:00,1.0,8.0,8.149999999999999,2
2023-01-31 07:30:00,2023-01-31 10:30:00,3.25,7.5,8.038461538461538,7
2023-01-31 23:00:00,2023-01-31 23:45:00,1.0,10.2,10.325,23
2023-02-01 01:30:00,2023-02-01 02:45:00,1.5,8.8,9.283333333333333,1
2023-02-01 20:45:00,2023-02-01 21:45:00,1.25,9.8,10.279999999999998,20
2023-02-02 04:15:00,2023-02-02 05:00:00,1.0,7.7,7.999999999999999,4
2023-02-04 04:45:00,2023-02-04 07:00:00,2.5,7.5,8.209999999999999,4
2023-02-04 12:15:00,2023-02-04 12:45:00,0.75,9.0,9.133333333333333,12
2023-02-04 15:30:00,2023-02-04 18:00:00,2.75,10.3,10.663636363636364,15
2023-02-04 19:30:00,2023-02-04 20:45:00,1.5,9.8,10.116666666666667,19
2023-02-05 02:45:00,2023-02-05 04:00:00,1.5,9.1,9.216666666666667,2
2023-02-05 12:00:00,2023-02-05 12:45:00,1.0,9.5,10.45,12
2023-02-05 15:30:00,2023-02-06 00:15:00,9.0,9.9,10.980555555555554,15
2023-02-06 02:30:00,2023-02-06 07:45:00,5.5,7.7,8.536363636363637,2
2023-02-06 12:15:00,2023-02-06 20:15:00,8.25,9.4,10.754545454545454,12
2023-02-07 00:15:00,2023-02-07 02:00:00,2.0,9.1,9.3125,0
2023-02-07 03:45:00,2023-02-07 04:00:00,0.5,8.7,8.8,3
2023-02-08 01:00:00,2023-02-08 03:30:00,2.75,7.7,8.245454545454548,1
2023-02-08 07:30:00,2023-02-08 08:15:00,1.0,7.4,7.574999999999999,7
2023-02-08 17:45:00,2023-02-08 18:00:00,0.5,8.8,8.9,17
2023-02-08 21:45:00,2023-02-08 23:00:00,1.5,8.8,8.983333333333334,21
2023-02-09 00:30:00,2023-02-09 01:30:00,1.25,8.3,8.440000000000001,0
2023-02-09 06:30:00,2023-02-09 07:30:00,1.25,7.3,7.6,6
2023-02-09 13:15:00,2023-02-09 19:15:00,6.25,6.5,7.352,13
2023-02-10 01:30:00,2023-02-10 01:45:00,0.5,6.5,6.65,1
2023-02-10 20:45:00,2023-02-10 22:15:00,1.75,7.7,7.957142857142857,20
2023-02-12 18:30:00,2023-02-12 19:15:00,1.0,9.7,9.825,18
2023-02-13 00:30:00,2023-02-13 03:00:00,2.75,8.1,9.163636363636362,0
2023-02-13 05:00:00,2023-02-13 07:00:00,2.25,6.5,7.58888888888889,5
2023-02-13 12:45:00,2023-02-13 13:00:00,0.5,10.3,10.55,12
2023-02-14 12:45:00,2023-02-14 14:30:00,2.0,11.8,12.537500000000001,12
2023-02-14 18:30:00,2023-02-15 00:15:00,6.0,10.0,11.0375,18
2023-02-23 21:45:00,2023-02-24 02:30:00,5.0,7.5,8.109999999999998,21
2023-02-24 06:15:00,2023-02-24 06:45:00,0.75,6.8,7.033333333333334,6
2023-02-24 09:00:00,2023-02-24 09:30:00,0.75,6.2,6.366666666666667,9
2023-02-24 15:00:00,2023-02-25 00:45:00,10.0,7.2,9.0575,15
2023-02-25 02:45:00,2023-02-25 05:45:00,3.25,6.4,6.8076923076923075,2
2023-02-25 07:15:00,2023-02-25 07:30:00,0.5,6.6,6.75,7
2023-02-25 20:00:00,2023-02-25 21:15:00,1.5,8.2,9.35,20
2023-02-25 23:15:00,2023-02-26 00:00:00,1.0,7.9,8.075,23
2023-02-26 01:45:00,2023-02-26 02:45:00,1.25,7.4,7.5,1
2023-03-01 08:00:00,2023-03-01 08:30:00,0.75,7.3,7.366666666666667,8
2023-03-01 10:15:00,2023-03-01 11:00:00,1.0,7.3,7.949999999999999,10
2023-03-02 03:30:00,2023-03-02 05:15:00,2.0,7.0,7.487500000000001,3
2023-03-02 13:30:00,2023-03-02 14:30:00,1.25,9.0,9.16,13
2023-03-04 02:45:00,2023-03-04 03:15:00,0.75,6.3,6.566666666666666,2
2023-03-06 03:45:00,2023-03-06 04:15:00,0.75,7.2,7.333333333333333,3
2023-03-08 04:30:00,2023-03-08 06:00:00,1.75,6.1,6.371428571428572,4
2023-03-08 21:00:00,2023-03-09 05:45:00,9.0,5.5,6.569444444444445,21
2023-03-10 19:00:00,2023-03-10 20:00:00,1.25,7.3,7.539999999999999,19
2023-03-12 18:15:00,2023-03-12 18:30:00,0.5,7.0,7.1,18
2023-03-12 20:00:00,2023-03-12 21:00:00,1.25,6.4,6.62,20
2023-03-14 04:45:00,2023-03-14 08:45:00,4.25,1.8,5.058823529411764,4
2023-03-14 19:45:00,2023-03-15 02:00:00,6.5,5.1,6.065384615384616,19
2023-03-15 04:45:00,2023-03-15 07:00:00,2.5,2.9,4.33,4
2023-03-15 09:15:00,2023-03-15 11:00:00,2.0,5.6,5.987499999999999,9
2023-03-15 16:15:00,2023-03-15 20:00:00,4.0,8.9,10.1125,16
2023-03-15 22:00:00,2023-03-16 01:15:00,3.5,7.7,8.250000000000002,22
2023-03-16 03:45:00,2023-03-16 05:30:00,2.0,7.0,7.4375,3
2023-03-16 09:15:00,2023-03-16 10:30:00,1.5,7.8,8.0,9
2023-03-17 01:45:00,2023-03-17 02:15:00,0.75,7.4,7.599999999999999,1
2023-03-17 07:00:00,2023-03-17 07:30:00,0.75,7.0,7.133333333333333,7
2023-03-17 22:45:00,2023-03-17 23:00:00,0.5,7.3,7.449999999999999,22
2023-03-19 20:45:00,2023-03-19 21:00:00,0.5,10.2,10.3,20
2023-03-20 00:30:00,2023-03-20 01:00:00,0.75,9.3,9.366666666666667,0
2023-03-20 02:45:00,2023-03-20 03:45:00,1.25,9.1,9.32,2
2023-03-20 05:15:00,2023-03-20 07:15:00,2.25,8.1,8.588888888888887,5
2023-03-20 17:00:00,2023-03-20 18:15:00,1.5,10.5,10.733333333333334,17
2023-03-21 16:30:00,2023-03-21 17:30:00,1.25,9.2,9.6,16
2023-03-22 16:30:00,2023-03-22 17:45:00,1.5,10.3,10.6,16
2023-03-22 21:45:00,2023-03-22 23:45:00,2.25,9.8,9.944444444444445,21
2023-03-23 03:45:00,2023-03-23 06:15:00,2.75,8.5,8.872727272727273,3
2023-03-23 10:30:00,2023-03-23 15:00:00,4.75,8.8,9.494736842105263,10
2023-03-23 17:30:00,2023-03-23 20:30:00,3.25,9.6,10.261538461538462,17
2023-03-23 23:00:00,2023-03-24 00:30:00,1.75,8.3,8.642857142857142,23
2023-03-24 09:45:00,2023-03-24 10:30:00,1.0,8.1,8.35,9
2023-03-24 15:45:00,2023-03-24 16:45:00,1.25,9.7,9.84,15
2023-04-10 19:00:00,2023-04-10 19:45:00,1.0,8.3,8.55,19
2023-04-11 18:00:00,2023-04-11 19:15:00,1.5,8.4,8.733333333333333,18
2023-04-11 21:00:00,2023-04-11 23:00:00,2.25,7.3,7.633333333333334,21
2023-04-13 19:45:00,2023-04-13 20:00:00,0.5,7.9,8.0,19
2023-04-14 23:45:00,2023-04-15 00:45:00,1.25,8.3,8.779999999999998,23
2023-04-18 02:45:00,2023-04-18 04:30:00,2.0,7.9,8.2625,2
2023-04-18 21:00:00,2023-04-18 22:45:00,2.0,8.6,8.8125,21
2023-04-19 03:15:00,2023-04-19 04:00:00,1.0,8.0,8.075,3
2023-04-21 16:30:00,2023-04-21 17:15:00,1.0,7.4,7.525,16
2023-04-21 21:00:00,2023-04-21 22:45:00,2.0,6.6,6.9375,21
2023-04-23 09:15:00,2023-04-23 10:15:00,1.25,5.3,5.78,9
2023-04-23 21:30:00,2023-04-23 22:30:00,1.25,7.1,7.340000000000001,21
2023-04-24 19:00:00,2023-04-24 19:45:00,1.0,7.4,7.6,19
2023-04-25 03:30:00,2023-04-25 03:45:00,0.5,7.0,7.2,3
2023-04-25 05:30:00,2023-04-25 08:15:00,3.0,2.9,5.7250000000000005,5
2023-04-25 18:45:00,2023-04-25 19:00:00,0.5,6.9,7.050000000000001,18
2023-04-25 20:30:00,2023-04-26 00:30:00,4.25,6.8,7.352941176470588,20
2023-04-26 04:30:00,2023-04-26 08:00:00,3.75,4.2,5.8199999999999985,4
2023-04-26 21:00:00,2023-04-26 23:00:00,2.25,7.4,7.577777777777777,21
2023-04-27 00:45:00,2023-04-27 02:45:00,2.25,6.9,7.188888888888889,0
2023-04-27 10:30:00,2023-04-27 12:30:00,2.25,6.2,6.544444444444445,10
2023-04-27 18:30:00,2023-04-27 21:00:00,2.75,7.1,7.418181818181818,18
2023-04-29 01:30:00,2023-04-29 06:30:00,5.25,5.6,6.266666666666667,1
2023-05-01 12:30:00,2023-05-01 13:00:00,0.75,9.7,9.866666666666665,12
2023-05-03 00:45:00,2023-05-03 02:15:00,1.75,7.7,7.871428571428572,0
2023-05-04 03:30:00,2023-05-04 07:00:00,3.75,6.2,7.406666666666666,3
2023-05-06 20:45:00,2023-05-06 23:00:00,2.5,5.9,6.27,20
2023-05-07 13:15:00,2023-05-07 13:30:00,0.5,8.2,8.3,13
2023-05-08 16:45:00,2023-05-08 17:15:00,0.75,7.0,7.3,16
2023-05-08 18:45:00,2023-05-08 20:00:00,1.5,6.8,7.116666666666666,18
2023-05-09 00:00:00,2023-05-09 01:00:00,1.25,6.2,6.36,0
2023-05-09 03:15:00,2023-05-09 05:00:00,2.0,5.8,5.987500000000001,3
2023-05-09 21:45:00,2023-05-09 22:00:00,0.5,6.1,6.25,21
2023-05-10 18:15:00,2023-05-10 20:30:00,2.5,7.0,7.87,18
2023-05-10 22:30:00,2023-05-11 00:00:00,1.75,6.6,6.828571428571429,22
2023-05-11 21:00:00,2023-05-11 22:30:00,1.75,6.0,6.4,21
2023-05-12 01:00:00,2023-05-12 02:15:00,1.5,6.1,6.566666666666666,1
2023-05-12 13:30:00,2023-05-12 16:15:00,3.0,6.9,7.541666666666668,13
2023-05-12 18:00:00,2023-05-12 18:15:00,0.5,6.5,6.85,18
2023-05-13 01:15:00,2023-05-13 03:00:00,2.0,6.6,6.9875,1
2023-05-13 06:30:00,2023-05-13 07:00:00,0.75,6.0,6.2,6
2023-05-13 14:15:00,2023-05-13 17:30:00,3.5,6.9,7.507142857142858,14
2023-05-13 19:00:00,2023-05-13 19:45:00,1.0,7.5,7.775,19
2023-05-14 20:15:00,2023-05-14 21:15:00,1.25,7.3,7.42,20
2023-05-15 00:45:00,2023-05-15 01:45:00,1.25,6.7,6.860000000000001,0
2023-05-15 06:15:00,2023-05-15 08:30:00,2.5,5.5,6.3,6
2023-05-15 17:15:00,2023-05-15 18:30:00,1.5,7.3,7.483333333333333,17
2023-05-16 00:45:00,2023-05-16 03:45:00,3.25,5.1,5.815384615384615,0
2023-05-17 05:15:00,2023-05-17 08:00:00,3.0,4.6,5.141666666666666,5
2023-05-17 13:15:00,2023-05-17 13:30:00,0.5,6.7,6.800000000000001,13
2023-05-17 16:15:00,2023-05-17 17:45:00,1.75,6.1,6.385714285714286,16
2023-05-17 19:30:00,2023-05-17 20:15:00,1.0,5.7,5.75,19
2023-05-18 00:30:00,2023-05-18 01:45:00,1.5,4.1,5.5,0
2023-05-18 03:45:00,2023-05-18 05:00:00,1.5,3.8,4.1,3
2023-05-18 17:00:00,2023-05-18 21:00:00,4.25,5.0,6.241176470588235,17
2023-05-19 03:45:00,2023-05-19 06:15:00,2.75,4.3,4.890909090909091,3
2023-05-19 08:15:00,2023-05-19 09:15:00,1.25,4.8,4.92,8
2023-05-19 18:30:00,2023-05-19 21:45:00,3.5,6.4,6.6000000000000005,18
2023-05-20 01:45:00,2023-05-20 02:15:00,0.75,5.6,5.733333333333333,1
2023-05-20 03:45:00,2023-05-20 07:00:00,3.5,4.9,5.228571428571429,3
2023-05-20 08:30:00,2023-05-20 09:00:00,0.75,4.8,5.1,8
2023-05-20 13:45:00,2023-05-20 14:30:00,1.0,6.9,7.074999999999999,13
2023-05-20 20:30:00,2023-05-20 23:00:00,2.75,5.8,6.163636363636363,20
2023-05-21 07:45:00,2023-05-21 08:45:00,1.25,5.1,5.28,7
2023-05-21 12:30:00,2023-05-21 17:00:00,4.75,6.1,6.6421052631578945,12
2023-05-21 18:45:00,2023-05-21 22:45:00,4.25,5.3,5.699999999999999,18
2023-05-22 09:30:00,2023-05-22 10:15:00,1.0,4.7,5.6499999999999995,9
2023-05-22 20:30:00,2023-05-22 23:00:00,2.75,5.9,6.218181818181819,20
2023-05-23 00:30:00,2023-05-23 01:45:00,1.5,5.9,6.166666666666667,0
2023-05-23 07:00:00,2023-05-23 08:15:00,1.5,2.7,3.383333333333333,7
2023-05-23 15:30:00,2023-05-23 16:15:00,1.0,6.0,6.225,15
2023-05-23 18:00:00,2023-05-23 19:15:00,1.5,6.6,6.783333333333332,18
2023-05-24 06:45:00,2023-05-24 08:00:00,1.5,5.1,5.8,6
2023-05-24 13:15:00,2023-05-24 15:00:00,2.0,5.9,6.2625,13
2023-05-24 20:30:00,2023-05-24 22:30:00,2.25,5.8,6.322222222222221,20
2023-05-25 18:00:00,2023-05-25 19:15:00,1.5,7.5,7.783333333333334,18
2023-05-25 22:30:00,2023-05-25 23:45:00,1.5,6.4,6.633333333333333,22
2023-05-26 18:30:00,2023-05-26 18:45:00,0.5,7.8,7.9,18
2023-05-26 23:30:00,2023-05-26 23:45:00,0.5,7.0,7.1,23
2023-05-27 03:30:00,2023-05-27 03:45:00,0.5,5.8,6.05,3
2023-05-27 12:00:00,2023-05-27 12:30:00,0.75,6.5,6.566666666666666,12
2023-05-28 16:15:00,2023-05-28 16:45:00,0.75,8.2,8.266666666666667,16
2023-05-31 08:45:00,2023-05-31 09:00:00,0.5,5.7,5.9,8
2023-05-31 13:15:00,2023-05-31 14:00:00,1.0,6.5,6.75,13
2023-06-01 14:15:00,2023-06-01 14:30:00,0.5,7.4,7.550000000000001,14
2023-06-02 12:45:00,2023-06-02 16:00:00,3.5,6.7,7.642857142857143,12
2023-06-02 20:00:00,2023-06-02 20:30:00,0.75,6.7,6.8999999999999995,20
2023-06-03 13:00:00,2023-06-03 14:45:00,2.0,6.4,7.2125,13
2023-06-03 22:30:00,2023-06-03 23:30:00,1.25,6.1,6.44,22
2023-06-04 01:45:00,2023-06-04 03:00:00,1.5,6.2,6.550000000000001,1
2023-06-04 13:15:00,2023-06-04 18:30:00,5.5,5.9,6.954545454545454,13
2023-06-04 23:30:00,2023-06-05 01:45:00,2.5,5.2,5.6,23
2023-06-05 03:15:00,2023-06-05 04:15:00,1.25,5.3,5.619999999999999,3
2023-06-05 15:30:00,2023-06-05 18:00:00,2.75,6.1,7.127272727272726,15
2023-06-05 20:30:00,2023-06-05 21:15:00,1.0,5.9,6.0,20
2023-06-05 23:15:00,2023-06-06 00:45:00,1.75,5.7,5.842857142857143,23
2023-06-06 02:30:00,2023-06-06 02:45:00,0.5,5.4,5.5,2
2023-06-06 16:30:00,2023-06-06 17:30:00,1.25,5.9,6.539999999999999,16
2023-06-06 21:00:00,2023-06-07 01:15:00,4.5,5.3,5.877777777777777,21
2023-06-07 15:45:00,2023-06-07 16:15:00,0.75,7.2,7.466666666666666,15
2023-06-07 18:00:00,2023-06-07 19:00:00,1.25,6.1,6.3,18
2023-06-08 16:30:00,2023-06-08 20:00:00,3.75,5.7,6.853333333333333,16
2023-06-09 11:15:00,2023-06-09 11:45:00,0.75,8.2,8.5,11
2023-06-09 14:00:00,2023-06-09 16:15:00,2.5,8.4,8.969999999999999,14
2023-06-09 18:45:00,2023-06-09 19:15:00,0.75,6.1,6.7,18
2023-06-09 20:45:00,2023-06-10 02:30:00,6.0,4.2,5.1375,20
2023-06-10 13:00:00,2023-06-10 15:30:00,2.75,8.9,10.336363636363636,13
2023-06-10 17:15:00,2023-06-10 19:30:00,2.5,7.2,7.93,17
2023-06-10 21:30:00,2023-06-10 22:30:00,1.25,6.0,6.7,21
2023-06-11 01:45:00,2023-06-11 04:15:00,2.75,5.9,6.136363636363637,1
2023-06-12 09:45:00,2023-06-12 11:30:00,2.0,7.0,7.612500000000001,9
2023-06-12 16:30:00,2023-06-12 20:30:00,4.25,7.3,9.029411764705882,16
2023-06-12 22:00:00,2023-06-12 23:15:00,1.5,7.0,7.316666666666666,22
2023-06-13 01:30:00,2023-06-13 03:30:00,2.25,5.9,6.0777777777777775,1
2023-06-13 12:15:00,2023-06-13 12:30:00,0.5,5.6,5.699999999999999,12
2023-06-13 18:00:00,2023-06-13 18:15:00,0.5,5.9,6.0,18
2023-06-16 03:15:00,2023-06-16 04:30:00,1.5,5.6,5.716666666666666,3
2023-06-17 15:45:00,2023-06-17 16:15:00,0.75,6.9,7.033333333333334,15
2023-06-18 14:45:00,2023-06-18 15:45:00,1.25,6.0,6.640000000000001,14
2023-06-18 17:45:00,2023-06-18 19:45:00,2.25,6.5,7.177777777777777,17
2023-06-19 18:00:00,2023-06-19 20:15:00,2.5,5.7,6.03,18
2023-06-20 06:45:00,2023-06-20 08:15:00,1.75,6.0,6.185714285714286,6
2023-06-20 13:00:00,2023-06-20 13:45:00,1.0,7.6,7.675000000000001,13
2023-06-20 19:15:00,2023-06-20 22:45:00,3.75,6.0,6.526666666666668,19
2023-06-21 06:45:00,2023-06-21 08:00:00,1.5,4.2,5.483333333333333,6
2023-06-21 16:45:00,2023-06-21 20:15:00,3.75,7.2,8.4,16
2023-06-22 05:30:00,2023-06-22 05:45:00,0.5,5.7,5.95,5
2023-06-22 15:30:00,2023-06-22 21:15:00,6.0,6.7,8.154166666666667,15
2023-06-23 00:30:00,2023-06-23 02:00:00,1.75,6.1,6.485714285714286,0
2023-06-23 15:15:00,2023-06-23 16:30:00,1.5,7.9,8.05,15
2023-06-23 19:15:00,2023-06-23 19:45:00,0.75,7.3,7.466666666666666,19
2023-06-24 01:30:00,2023-06-24 02:15:00,1.0,5.8,5.9750000000000005,1
2023-06-24 07:00:00,2023-06-24 07:30:00,0.75,5.2,5.566666666666666,7
2023-06-24 16:15:00,2023-06-24 17:00:00,1.0,7.9,8.15,16
2023-06-24 19:30:00,2023-06-24 20:00:00,0.75,7.5,7.633333333333333,19
2023-06-24 22:30:00,2023-06-24 23:30:00,1.25,6.7,7.0,22
2023-06-25 01:00:00,2023-06-25 03:30:00,2.75,5.7,6.127272727272726,1
2023-06-25 20:15:00,2023-06-25 21:30:00,1.5,6.6,6.75,20
2023-06-26 02:15:00,2023-06-26 03:30:00,1.5,5.6,5.966666666666666,2
2023-06-26 15:30:00,2023-06-26 16:00:00,0.75,8.1,8.299999999999999,15
2023-06-27 22:00:00,2023-06-27 22:30:00,0.75,5.2,6.266666666666667,22
2023-06-28 01:15:00,2023-06-28 01:30:00,0.5,5.8,5.9,1
2023-06-28 03:15:00,2023-06-28 06:45:00,3.75,3.1,4.113333333333334,3
2023-06-29 01:30:00,2023-06-29 03:15:00,2.0,4.6,5.3375,1
2023-06-29 19:00:00,2023-06-29 19:45:00,1.0,7.9,8.1,19
2023-06-29 23:15:00,2023-06-30 03:15:00,4.25,6.0,6.541176470588235,23
2023-07-01 03:00:00,2023-07-01 03:30:00,0.75,4.8,5.166666666666667,3
2023-07-01 20:45:00,2023-07-01 21:15:00,0.75,5.9,6.066666666666667,20
2023-07-02 12:15:00,2023-07-02 12:30:00,0.5,6.1,6.4,12
2023-07-02 21:30:00,2023-07-02 22:45:00,1.5,6.1,6.616666666666667,21
2023-07-03 15:00:00,2023-07-03 16:15:00,1.5,7.0,7.266666666666667,15
2023-07-03 21:30:00,2023-07-03 22:45:00,1.5,6.0,6.3500000000000005,21
2023-07-18 15:00:00,2023-07-18 19:15:00,4.5,6.6,6.95,15
2023-07-18 22:30:00,2023-07-18 23:15:00,1.0,5.7,5.924999999999999,22
2023-07-19 05:45:00,2023-07-19 06:15:00,0.75,5.0,5.233333333333333,5
2023-07-19 10:45:00,2023-07-19 11:15:00,0.75,7.6,8.0,10
2023-07-19 14:00:00,2023-07-19 15:30:00,1.75,7.2,7.557142857142857,14
2023-07-19 19:15:00,2023-07-19 19:30:00,0.5,7.1,7.199999999999999,19
2023-07-19 23:30:00,2023-07-19 23:45:00,0.5,6.1,6.199999999999999,23
2023-07-20 12:15:00,2023-07-20 15:00:00,3.0,7.6,8.249999999999998,12
2023-07-20 17:15:00,2023-07-20 18:30:00,1.5,7.0,7.266666666666667,17
2023-07-21 15:45:00,2023-07-21 16:15:00,0.75,7.2,7.366666666666667,15
2023-07-22 15:00:00,2023-07-22 16:30:00,1.75,6.5,7.171428571428571,15
2023-07-23 06:30:00,2023-07-23 07:00:00,0.75,4.8,5.0,6
2023-07-23 14:45:00,2023-07-23 19:00:00,4.5,7.0,7.877777777777778,14
2023-07-24 09:45:00,2023-07-24 11:45:00,2.25,6.8,7.322222222222223,9
2023-07-24 14:00:00,2023-07-24 14:15:00,0.5,8.7,8.899999999999999,14
2023-07-24 16:00:00,2023-07-24 17:30:00,1.75,8.1,8.471428571428572,16
2023-07-24 21:30:00,2023-07-25 01:45:00,4.5,6.3,6.788888888888889,21
2023-07-25 17:45:00,2023-07-25 18:45:00,1.25,7.3,7.56,17
2023-07-25 23:30:00,2023-07-26 00:30:00,1.25,6.2,6.5,23
2023-07-27 00:45:00,2023-07-27 01:45:00,1.25,6.5,6.68,0
2023-07-27 18:15:00,2023-07-27 20:30:00,2.5,6.3,6.8100000000000005,18
2023-07-27 22:00:00,2023-07-27 22:45:00,1.0,6.1,6.35,22
2023-07-28 01:00:00,2023-07-28 03:30:00,2.75,5.7,6.081818181818181,1
2023-07-28 17:00:00,2023-07-28 18:30:00,1.75,6.9,7.314285714285714,17
2023-07-29 18:00:00,2023-07-29 21:15:00,3.5,6.3,7.292857142857143,18
2023-07-30 01:15:00,2023-07-30 03:00:00,2.0,5.2,5.4125,1
2023-07-30 07:15:00,2023-07-30 09:30:00,2.5,3.9,4.93,7
2023-07-30 17:15:00,2023-07-30 23:15:00,6.25,5.1,6.263999999999999,17
2023-07-31 14:00:00,2023-07-31 15:15:00,1.5,6.2,6.533333333333334,14
2023-07-31 17:15:00,2023-08-01 02:45:00,9.75,4.3,5.876923076923077,17
2023-08-01 18:30:00,2023-08-01 23:15:00,5.0,6.0,7.35,18
2023-08-02 01:00:00,2023-08-02 02:00:00,1.25,4.9,5.359999999999999,1
2023-08-02 03:45:00,2023-08-02 05:15:00,1.75,4.9,5.1000000000000005,3
2023-08-02 13:45:00,2023-08-02 14:15:00,0.75,7.2,7.566666666666666,13
2023-08-02 18:45:00,2023-08-03 05:00:00,10.5,4.5,6.269047619047619,18
2023-08-03 18:45:00,2023-08-03 19:30:00,1.0,7.7,8.05,18
2023-08-03 22:15:00,2023-08-04 00:30:00,2.5,5.9,6.580000000000001,22
2023-08-04 20:15:00,2023-08-04 21:15:00,1.25,6.3,6.58,20
2023-08-05 18:15:00,2023-08-05 22:00:00,4.0,5.5,6.28125,18
2023-08-06 19:15:00,2023-08-06 21:00:00,2.0,5.6,5.85,19
2023-08-07 02:45:00,2023-08-07 03:45:00,1.25,4.9,5.18,2
2023-08-08 05:00:00,2023-08-08 05:30:00,0.75,4.8,4.933333333333334,5
2023-08-09 04:30:00,2023-08-09 04:45:00,0.5,5.4,5.5,4
2023-08-10 09:45:00,2023-08-10 10:00:00,0.5,5.4,5.6,9
2023-08-15 16:45:00,2023-08-15 22:30:00,6.0,5.2,5.8500000000000005,16
2023-08-16 01:45:00,2023-08-16 02:00:00,0.5,4.3,4.449999999999999,1
2023-08-16 18:45:00,2023-08-16 19:45:00,1.25,7.1,7.659999999999999,18
2023-08-16 21:15:00,2023-08-16 22:30:00,1.5,5.9,6.316666666666666,21
2023-08-17 01:00:00,2023-08-17 02:00:00,1.25,5.4,5.5,1
2023-08-17 08:45:00,2023-08-17 09:15:00,0.75,4.2,4.866666666666667,8
2023-08-19 10:30:00,2023-08-19 11:00:00,0.75,6.6,6.7,10
2023-08-20 00:15:00,2023-08-20 08:30:00,8.5,4.0,4.4941176470588236,0
2023-08-20 18:00:00,2023-08-20 20:30:00,2.75,5.9,6.654545454545455,18
2023-08-21 04:45:00,2023-08-21 05:45:00,1.25,4.5,4.619999999999999,4
2023-08-22 08:00:00,2023-08-22 08:15:00,0.5,3.8,4.0,8
2023-08-22 18:30:00,2023-08-22 19:00:00,0.75,6.7,6.866666666666667,18
2023-08-22 22:45:00,2023-08-23 00:45:00,2.25,5.7,5.888888888888889,22
2023-08-23 22:30:00,2023-08-24 02:15:00,4.0,5.4,5.875,22
2023-08-24 06:45:00,2023-08-24 07:15:00,0.75,5.3,5.3999999999999995,6
2023-08-24 19:15:00,2023-08-24 20:15:00,1.25,6.0,6.18,19
2023-08-26 11:00:00,2023-08-26 12:30:00,1.75,5.3,5.857142857142856,11
2023-08-27 11:15:00,2023-08-27 12:00:00,1.0,5.4,5.824999999999999,11
2023-08-27 17:30:00,2023-08-27 19:15:00,2.0,6.8,7.0375,17
2023-08-27 20:45:00,2023-08-27 22:00:00,1.5,6.2,6.416666666666667,20
2023-08-28 10:30:00,2023-08-28 11:00:00,0.75,5.0,5.133333333333333,10
2023-08-28 14:00:00,2023-08-28 20:30:00,6.75,6.0,6.603703703703703,14
2023-08-29 16:15:00,2023-08-29 16:45:00,0.75,7.6,7.733333333333333,16
2023-08-29 18:45:00,2023-08-29 20:00:00,1.5,6.0,6.383333333333333,18
2023-08-29 21:30:00,2023-08-29 21:45:00,0.5,5.5,5.6,21
2023-08-30 10:15:00,2023-08-30 11:00:00,1.0,4.9,5.175000000000001,10
2023-08-30 18:45:00,2023-08-30 19:45:00,1.25,5.9,6.18,18
2023-08-30 22:00:00,2023-08-30 23:15:00,1.5,4.8,5.066666666666667,22
2023-08-31 02:30:00,2023-08-31 04:00:00,1.75,4.7,5.042857142857144,2
2023-08-31 15:45:00,2023-08-31 16:30:00,1.0,7.2,7.3999999999999995,15
2023-09-01 19:00:00,2023-09-01 20:45:00,2.0,5.9,6.199999999999999,19
2023-09-02 00:15:00,2023-09-02 01:00:00,1.0,4.7,5.075,0
2023-09-02 02:30:00,2023-09-02 04:00:00,1.75,4.7,4.828571428571428,2
2023-09-02 19:30:00,2023-09-02 19:45:00,0.5,6.0,6.1,19
2023-09-03 04:45:00,2023-09-03 05:15:00,0.75,4.8,4.966666666666666,4
2023-09-03 16:15:00,2023-09-03 16:45:00,0.75,7.1,7.266666666666666,16
2023-09-07 17:00:00,2023-09-07 17:30:00,0.75,6.2,6.333333333333333,17
2023-09-09 00:30:00,2023-09-09 01:00:00,0.75,4.8,5.5,0
2023-09-09 03:15:00,2023-09-09 04:00:00,1.0,4.0,4.475,3
2023-09-09 13:30:00,2023-09-09 14:45:00,1.5,7.0,7.6499999999999995,13
2023-09-09 17:00:00,2023-09-09 18:15:00,1.5,6.9,7.3500000000000005,17
2023-09-10 01:45:00,2023-09-10 03:15:00,1.75,5.9,6.0857142857142845,1
2023-09-10 10:45:00,2023-09-10 13:00:00,2.5,6.2,7.18,10
2023-09-10 22:30:00,2023-09-11 02:15:00,4.0,5.2,5.91875,22
2023-09-11 03:45:00,2023-09-11 04:45:00,1.25,4.9,5.039999999999999,3
2023-09-11 10:00:00,2023-09-11 15:15:00,5.5,6.0,7.127272727272726,10
2023-09-11 18:45:00,2023-09-11 20:00:00,1.5,7.2,7.516666666666667,18
2023-09-12 12:30:00,2023-09-12 13:15:00,1.0,5.8,6.325,12
2023-09-12 17:15:00,2023-09-12 19:30:00,2.5,6.1,6.5699999999999985,17
2023-09-13 11:00:00,2023-09-13 11:45:00,1.0,7.0,7.225,11
2023-09-13 13:30:00,2023-09-13 14:15:00,1.0,6.7,6.875,13
2023-09-14 11:45:00,2023-09-14 12:45:00,1.25,6.8,7.360000000000001,11
2023-09-14 20:45:00,2023-09-14 22:30:00,2.0,6.7,7.1875,20
2023-09-16 03:30:00,2023-09-16 04:45:00,1.5,5.1,5.383333333333334,3
2023-09-16 15:00:00,2023-09-16 16:15:00,1.5,6.8,7.25,15
2023-09-17 03:15:00,2023-09-17 05:15:00,2.25,4.2,4.800000000000001,3
2023-09-17 16:15:00,2023-09-17 17:15:00,1.25,7.6,7.959999999999999,16
2023-09-18 11:00:00,2023-09-18 11:30:00,0.75,7.0,7.366666666666667,11
2023-09-19 03:00:00,2023-09-19 04:15:00,1.5,5.2,5.750000000000001,3
2023-09-19 15:00:00,2023-09-19 18:00:00,3.25,6.3,7.161538461538461,15
2023-09-20 00:15:00,2023-09-20 01:15:00,1.25,5.9,6.06,0
2023-09-20 05:00:00,2023-09-20 05:30:00,0.75,5.2,5.333333333333333,5
2023-09-20 07:15:00,2023-09-20 08:15:00,1.25,4.2,4.58,7
2023-09-20 14:45:00,2023-09-20 15:45:00,1.25,6.2,6.58,14
2023-09-21 08:15:00,2023-09-21 08:30:00,0.5,4.7,4.800000000000001,8
2023-09-21 15:00:00,2023-09-21 16:15:00,1.5,6.7,7.1000000000000005,15
2023-09-22 08:45:00,2023-09-22 09:30:00,1.0,5.3,5.575,8
2023-09-22 20:00:00,2023-09-23 02:30:00,6.75,3.8,5.474074074074076,20
2023-09-23 08:30:00,2023-09-23 10:00:00,1.75,5.0,5.4,8
2023-09-24 11:15:00,2023-09-24 11:30:00,0.5,5.0,5.25,11
2023-09-25 10:30:00,2023-09-25 11:45:00,1.5,5.3,5.566666666666666,10
2023-09-26 06:15:00,2023-09-26 06:45:00,0.75,5.4,5.566666666666667,6
2023-09-26 15:00:00,2023-09-26 15:45:00,1.0,6.1,6.225,15
2023-09-26 17:45:00,2023-09-26 18:30:00,1.0,5.9,6.125,17
2023-09-26 20:45:00,2023-09-26 22:45:00,2.25,5.9,6.199999999999999,20
2023-09-27 01:45:00,2023-09-27 03:00:00,1.5,5.1,5.383333333333333,1
2023-09-27 04:45:00,2023-09-27 05:30:00,1.0,4.8,4.975,4
2023-09-27 14:45:00,2023-09-27 15:45:00,1.25,6.5,6.88,14
2023-09-27 18:15:00,2023-09-27 18:45:00,0.75,6.7,6.866666666666667,18
2023-09-27 21:30:00,2023-09-27 22:45:00,1.5,5.8,6.033333333333332,21
2023-09-28 20:15:00,2023-09-28 20:45:00,0.75,6.5,6.666666666666667,20
2023-09-29 17:30:00,2023-09-29 18:45:00,1.5,7.3,7.55,17
2023-09-29 21:45:00,2023-09-30 05:00:00,7.5,5.8,6.326666666666668,21
2023-09-30 10:30:00,2023-09-30 10:45:00,0.5,6.3,6.5,10
2023-09-30 19:00:00,2023-09-30 20:30:00,1.75,7.2,7.485714285714286,19
2023-10-01 06:15:00,2023-10-01 06:30:00,0.5,5.5,5.65,6
2023-10-01 15:30:00,2023-10-01 16:15:00,1.0,6.6,6.699999999999999,15
2023-10-01 17:45:00,2023-10-01 18:30:00,1.0,6.2,6.45,17
2023-10-01 23:00:00,2023-10-01 23:45:00,1.0,6.0,6.275,23
2023-10-02 04:15:00,2023-10-02 06:15:00,2.25,5.0,5.611111111111111,4
2023-10-02 10:30:00,2023-10-02 10:45:00,0.5,6.6,6.699999999999999,10
2023-10-02 14:00:00,2023-10-02 15:30:00,1.75,7.5,7.742857142857143,14
2023-10-02 22:15:00,2023-10-03 00:15:00,2.25,6.2,6.444444444444445,22
2023-10-03 06:45:00,2023-10-03 07:15:00,0.75,5.2,5.5,6
2023-10-04 04:45:00,2023-10-04 05:45:00,1.25,5.5,5.720000000000001,4
2023-10-04 07:30:00,2023-10-04 07:45:00,0.5,4.9,5.1,7
2023-10-04 10:15:00,2023-10-04 10:45:00,0.75,5.0,5.5,10
2023-10-05 10:45:00,2023-10-05 11:00:00,0.5,5.5,5.9,10
2023-10-06 08:30:00,2023-10-06 09:00:00,0.75,4.9,5.1,8
2023-10-07 09:00:00,2023-10-07 09:45:00,1.0,5.3,5.55,9
2023-10-07 21:45:00,2023-10-07 22:45:00,1.25,6.8,7.0,21
2023-10-08 00:30:00,2023-10-08 02:00:00,1.75,6.9,7.114285714285715,0
2023-10-08 12:00:00,2023-10-08 12:45:00,1.0,7.4,7.65,12
2023-10-09 09:15:00,2023-10-09 11:45:00,2.75,5.6,6.6090909090909085,9
2023-10-09 14:30:00,2023-10-09 17:30:00,3.25,4.9,5.9,14
2023-10-10 00:00:00,2023-10-10 00:15:00,0.5,7.4,7.5,0
2023-10-10 01:45:00,2023-10-10 02:15:00,0.75,6.8,7.033333333333334,1
2023-10-10 10:00:00,2023-10-10 15:15:00,5.5,5.5,7.29090909090909,10
2023-10-10 20:45:00,2023-10-11 02:00:00,5.5,5.8,7.331818181818182,20
2023-10-11 10:45:00,2023-10-11 14:30:00,4.0,5.6,6.04375,10
2023-10-12 11:30:00,2023-10-12 13:00:00,1.75,6.8,7.014285714285714,11
2023-10-13 05:30:00,2023-10-13 07:00:00,1.75,6.1,6.3,5
2023-10-13 09:15:00,2023-10-13 09:45:00,0.75,6.0,6.266666666666667,9
2023-10-13 15:15:00,2023-10-13 15:45:00,0.75,8.1,8.266666666666667,15
2023-10-15 17:30:00,2023-10-15 18:30:00,1.25,7.2,7.6,17
2023-10-16 02:00:00,2023-10-16 02:15:00,0.5,6.9,7.0,2
2023-10-18 07:15:00,2023-10-18 09:30:00,2.5,7.1,7.459999999999999,7
2023-10-18 11:45:00,2023-10-18 13:45:00,2.25,8.0,8.733333333333333,11
2023-10-18 15:45:00,2023-10-18 17:00:00,1.5,9.2,9.4,15
2023-10-18 19:15:00,2023-10-18 19:30:00,0.5,8.6,8.8,19
2023-10-19 05:15:00,2023-10-19 05:45:00,0.75,6.9,7.1000000000000005,5
2023-10-20 05:15:00,2023-10-20 10:00:00,5.0,6.6,6.909999999999999,5
2023-10-20 16:15:00,2023-10-20 17:00:00,1.0,7.6,7.675000000000001,16
2023-10-22 11:30:00,2023-10-22 12:00:00,0.75,6.5,6.733333333333333,11
2023-10-23 13:45:00,2023-10-23 14:45:00,1.25,6.7,7.0,13
2023-10-28 03:15:00,2023-10-28 05:00:00,2.0,5.1,5.862500000000001,3
2023-10-28 10:15:00,2023-10-28 10:30:00,0.5,5.6,5.699999999999999,10
2023-10-28 18:15:00,2023-10-28 19:15:00,1.25,7.5,7.76,18
2023-10-29 16:00:00,2023-10-29 18:30:00,2.75,7.8,8.281818181818183,16
2023-10-30 03:00:00,2023-10-30 05:00:00,2.25,4.7,5.722222222222222,3
2023-10-30 11:30:00,2023-10-30 13:15:00,2.0,6.8,7.2375,11
2023-11-02 13:45:00,2023-11-02 16:15:00,2.75,9.4,9.809090909090909,13
2023-11-02 18:30:00,2023-11-02 20:00:00,1.75,9.4,9.714285714285714,18
2023-11-03 13:45:00,2023-11-03 14:15:00,0.75,9.3,9.366666666666667,13
2023-11-07 14:00:00,2023-11-07 14:30:00,0.75,8.4,8.533333333333333,14
2023-11-09 03:15:00,2023-11-09 04:45:00,1.75,7.1,7.257142857142857,3
2023-11-10 11:30:00,2023-11-10 12:30:00,1.25,5.8,6.16,11
2023-11-10 17:30:00,2023-11-10 21:15:00,4.0,5.3,5.8374999999999995,17
2023-11-15 03:15:00,2023-11-15 03:45:00,0.75,7.1,7.233333333333333,3
2023-11-15 05:30:00,2023-11-15 05:45:00,0.5,6.7,6.85,5
2023-11-16 05:15:00,2023-11-16 07:15:00,2.25,6.2,6.677777777777778,5
2023-11-17 05:15:00,2023-11-17 08:15:00,3.25,5.7,6.169230769230769,5
2023-11-17 12:30:00,2023-11-17 12:45:00,0.5,7.2,7.45,12
2023-11-18 04:15:00,2023-11-18 05:45:00,1.75,6.9,7.214285714285714,4
2023-11-18 07:15:00,2023-11-18 08:30:00,1.5,6.1,6.566666666666666,7
2023-11-19 06:15:00,2023-11-19 06:30:00,0.5,7.3,7.4,6
2023-11-21 10:00:00,2023-11-21 11:00:00,1.25,6.4,6.720000000000001,10
2023-11-24 12:45:00,2023-11-24 15:30:00,3.0,8.5,8.741666666666665,12
2023-11-25 19:45:00,2023-11-25 20:15:00,0.75,8.8,8.866666666666667,19
2023-11-26 04:15:00,2023-11-26 04:45:00,0.75,7.4,7.7,4
2023-12-01 03:00:00,2023-12-01 04:00:00,1.25,7.9,8.08,3
2023-12-01 07:15:00,2023-12-01 08:00:00,1.0,7.5,7.775,7
2023-12-03 02:15:00,2023-12-03 02:45:00,0.75,7.2,7.3999999999999995,2
2023-12-03 05:30:00,2023-12-03 07:00:00,1.75,6.7,6.957142857142857,5
2023-12-03 16:15:00,2023-12-03 17:00:00,1.0,7.9,8.025,16
2023-12-04 20:00:00,2023-12-04 20:45:00,1.0,7.8,8.1,20
2023-12-08 22:15:00,2023-12-08 23:15:00,1.25,8.2,8.34,22
2023-12-14 21:00:00,2023-12-14 22:00:00,1.25,8.7,8.940000000000001,21
2023-12-15 11:45:00,2023-12-15 12:00:00,0.5,8.9,9.0,11
2023-12-23 22:30:00,2023-12-23 23:15:00,1.0,9.2,9.325,22
2023-12-24 04:15:00,2023-12-24 04:30:00,0.5,8.2,8.3,4
2023-12-25 03:45:00,2023-12-25 06:00:00,2.5,7.1,7.649999999999999,3
2023-12-26 18:15:00,2023-12-26 19:15:00,1.25,7.8,7.959999999999999,18
2023-12-27 07:00:00,2023-12-27 07:45:00,1.0,7.0,7.1,7
2023-12-27 13:30:00,2023-12-27 15:30:00,2.25,8.7,9.066666666666668,13
2023-12-31 18:30:00,2023-12-31 19:45:00,1.5,10.5,10.616666666666665,18
2024-01-02 16:30:00,2024-01-02 17:00:00,0.75,9.6,9.866666666666667,16
2024-01-02 23:15:00,2024-01-03 00:30:00,1.5,8.9,9.166666666666666,23
2024-01-06 01:45:00,2024-01-06 02:30:00,1.0,8.3,8.4,1
2024-01-07 18:45:00,2024-01-07 21:15:00,2.75,9.1,9.518181818181818,18
2024-01-14 11:45:00,2024-01-14 13:30:00,2.0,9.5,9.675,11
2024-01-14 19:15:00,2024-01-14 21:00:00,2.0,9.1,9.9875,19
2024-01-15 09:45:00,2024-01-15 10:15:00,0.75,9.4,9.5,9
2024-01-15 15:15:00,2024-01-15 15:30:00,0.5,9.2,9.3,15
2024-02-06 16:00:00,2024-02-06 17:15:00,1.5,8.7,9.35,16
2024-02-07 02:30:00,2024-02-07 05:45:00,3.5,7.2,8.921428571428573,2
2024-02-07 07:30:00,2024-02-07 07:45:00,0.5,8.4,8.5,7
2024-02-07 23:00:00,2024-02-07 23:45:00,1.0,9.3,9.625,23
2024-02-08 01:15:00,2024-02-08 04:45:00,3.75,8.4,8.986666666666666,1
2024-02-09 05:15:00,2024-02-09 06:30:00,1.5,8.0,8.233333333333334,5
2024-02-09 16:45:00,2024-02-09 17:30:00,1.0,9.6,9.775,16
2024-02-10 03:15:00,2024-02-10 05:00:00,2.0,8.2,8.5125,3
2024-02-10 09:15:00,2024-02-10 10:00:00,1.0,7.9,8.125,9
2024-02-11 05:00:00,2024-02-11 06:45:00,2.0,7.6,8.0,5
2024-02-11 08:15:00,2024-02-11 09:15:00,1.25,7.3,7.62,8
2024-02-12 02:30:00,2024-02-12 03:00:00,0.75,8.3,8.466666666666667,2
2024-02-18 16:15:00,2024-02-18 22:45:00,6.75,7.2,8.522222222222224,16
2024-02-19 10:45:00,2024-02-19 12:45:00,2.25,7.5,7.933333333333334,10
2024-02-20 06:00:00,2024-02-20 06:45:00,1.0,9.1,9.35,6
2024-02-22 02:15:00,2024-02-22 05:00:00,3.0,8.1,8.566666666666666,2
2024-02-23 04:15:00,2024-02-23 04:30:00,0.5,8.1,8.2,4
2024-02-25 05:00:00,2024-02-25 07:15:00,2.5,7.3,7.4799999999999995,5
2024-02-27 20:00:00,2024-02-27 20:15:00,0.5,8.2,8.3,20
2024-02-28 07:15:00,2024-02-28 09:15:00,2.25,7.6,7.7555555555555555,7
2024-03-01 21:15:00,2024-03-01 23:15:00,2.25,7.9,8.177777777777779,21
2024-03-02 23:45:00,2024-03-03 00:45:00,1.25,8.1,8.3,23
2024-03-03 05:00:00,2024-03-03 06:15:00,1.5,7.4,7.583333333333333,5
2024-03-03 21:45:00,2024-03-03 23:00:00,1.5,7.9,8.499999999999998,21
2024-03-04 02:30:00,2024-03-04 03:15:00,1.0,7.3,7.5,2
2024-03-06 01:45:00,2024-03-06 02:30:00,1.0,6.9,7.049999999999999,1
2024-03-07 02:30:00,2024-03-07 04:00:00,1.75,6.6,6.785714285714286,2
2024-03-07 23:15:00,2024-03-08 01:00:00,2.0,7.5,7.8,23
2024-03-08 02:45:00,2024-03-08 03:45:00,1.25,6.8,7.08,2
2024-03-08 05:15:00,2024-03-08 05:45:00,0.75,6.3,6.666666666666667,5
2024-03-09 02:15:00,2024-03-09 03:30:00,1.5,6.6,6.8500000000000005,2
2024-03-10 05:45:00,2024-03-10 07:45:00,2.25,6.9,7.2666666666666675,5
2024-03-11 04:00:00,2024-03-11 04:15:00,0.5,7.7,7.800000000000001,4
2024-03-11 05:45:00,2024-03-11 06:30:00,1.0,6.6,6.975,5
2024-03-13 08:30:00,2024-03-13 09:30:00,1.25,7.8,8.12,8
2024-03-15 08:15:00,2024-03-15 08:45:00,0.75,7.1,7.233333333333334,8
2024-03-15 21:00:00,2024-03-15 21:15:00,0.5,6.6,6.8,21
2024-03-16 22:30:00,2024-03-16 23:15:00,1.0,7.3,7.7,22
2024-03-17 00:45:00,2024-03-17 01:15:00,0.75,7.8,7.933333333333334,0
2024-03-17 02:45:00,2024-03-17 04:15:00,1.75,7.0,7.314285714285714,2
2024-03-18 02:00:00,2024-03-18 03:15:00,1.5,6.4,6.616666666666667,2
2024-03-19 16:30:00,2024-03-19 17:45:00,1.5,9.3,9.383333333333333,16
2024-03-19 20:00:00,2024-03-19 20:45:00,1.0,9.2,9.350000000000001,20
2024-03-20 00:30:00,2024-03-20 02:00:00,1.75,8.3,8.528571428571428,0
2024-03-20 09:00:00,2024-03-20 13:00:00,4.25,8.6,9.435294117647057,9
2024-03-22 16:45:00,2024-03-22 18:00:00,1.5,7.8,8.166666666666666,16
2024-03-22 19:30:00,2024-03-22 20:00:00,0.75,8.0,8.1,19
2024-04-03 00:45:00,2024-04-03 01:45:00,1.25,6.9,6.94,0
2024-04-04 04:45:00,2024-04-04 05:00:00,0.5,6.9,7.050000000000001,4
2024-04-10 04:30:00,2024-04-10 05:45:00,1.5,7.0,7.2,4
2024-04-10 14:15:00,2024-04-10 16:30:00,2.5,6.9,7.44,14
2024-04-11 18:15:00,2024-04-11 18:30:00,0.5,8.1,8.2,18
2024-05-15 18:30:00,2024-05-15 23:45:00,5.5,9.1,10.231818181818182,18
2024-05-16 02:30:00,2024-05-16 07:15:00,5.0,6.7,7.769999999999999,2
2024-05-16 13:30:00,2024-05-16 16:45:00,3.5,9.7,10.549999999999999,13
2024-05-16 19:15:00,2024-05-16 21:45:00,2.75,7.4,8.145454545454545,19
2024-05-18 03:45:00,2024-05-18 04:45:00,1.25,6.6,6.68,3
2024-05-18 14:15:00,2024-05-18 19:00:00,5.0,6.9,7.17,14
2024-05-18 20:45:00,2024-05-18 21:45:00,1.25,7.0,7.1800000000000015,20
2024-05-20 06:00:00,2024-05-20 07:00:00,1.25,8.4,8.52,6
2024-05-20 08:45:00,2024-05-20 09:15:00,0.75,8.0,8.133333333333333,8
2024-05-23 08:15:00,2024-05-23 09:30:00,1.5,6.5,6.699999999999999,8
2024-05-24 08:45:00,2024-05-24 09:45:00,1.25,6.2,6.319999999999999,8
2024-05-24 14:15:00,2024-05-24 16:45:00,2.75,6.6,7.045454545454546,14
2024-05-25 11:15:00,2024-05-25 11:45:00,0.75,7.2,7.333333333333333,11
2024-05-25 14:45:00,2024-05-25 15:30:00,1.0,7.2,7.375,14
2024-05-25 22:30:00,2024-05-25 22:45:00,0.5,6.3,6.4,22
2024-05-26 06:45:00,2024-05-26 09:30:00,3.0,5.9,6.5,6
2024-05-26 15:45:00,2024-05-26 18:15:00,2.75,6.7,7.336363636363635,15
2024-05-27 16:15:00,2024-05-27 17:15:00,1.25,8.4,8.66,16
2024-05-27 18:45:00,2024-05-27 20:30:00,2.0,7.1,7.6,18
2024-06-07 15:00:00,2024-06-07 17:15:00,2.5,6.9,7.45,15
2024-06-08 05:00:00,2024-06-08 06:15:00,1.5,3.1,3.85,5
2024-06-08 20:30:00,2024-06-08 23:30:00,3.25,6.4,6.676923076923076,20
2024-06-09 06:15:00,2024-06-09 07:15:00,1.25,5.5,5.84,6
2024-06-10 06:30:00,2024-06-10 07:15:00,1.0,6.0,6.075,6
2024-06-10 21:30:00,2024-06-10 22:15:00,1.0,6.4,6.574999999999999,21
2024-06-11 07:30:00,2024-06-11 08:00:00,0.75,4.4,4.933333333333333,7
2024-06-11 17:00:00,2024-06-11 19:00:00,2.25,7.3,7.7333333333333325,17
2024-06-12 08:15:00,2024-06-12 08:45:00,0.75,5.2,5.833333333333333,8
2024-06-12 21:30:00,2024-06-12 23:15:00,2.0,6.9,7.1625,21
2024-06-13 04:30:00,2024-06-13 05:15:00,1.0,6.2,6.5,4
2024-06-13 16:30:00,2024-06-13 17:30:00,1.25,8.4,8.5,16
2024-06-14 11:30:00,2024-06-14 12:15:00,1.0,7.8,8.100000000000001,11
2024-06-15 20:15:00,2024-06-15 21:15:00,1.25,7.0,7.26,20
2024-06-30 20:30:00,2024-06-30 21:30:00,1.25,6.4,6.5,20
2024-06-30 23:15:00,2024-06-30 23:45:00,0.75,6.0,6.066666666666666,23
2024-07-01 14:45:00,2024-07-01 17:00:00,2.5,7.5,8.260000000000002,14
2024-07-02 10:15:00,2024-07-02 11:00:00,1.0,7.4,7.625,10
2024-07-03 02:30:00,2024-07-03 02:45:00,0.5,6.4,6.5,2
2024-07-03 11:00:00,2024-07-03 13:15:00,2.5,5.2,5.550000000000001,11
2024-07-04 17:15:00,2024-07-04 19:00:00,2.0,7.1,7.45,17
2024-07-05 16:15:00,2024-07-05 20:00:00,4.0,6.7,7.0,16
2024-07-06 05:15:00,2024-07-06 06:00:00,1.0,4.8,5.025,5
2024-07-06 18:45:00,2024-07-06 20:00:00,1.5,6.7,6.95,18
2024-07-06 23:15:00,2024-07-07 00:00:00,1.0,5.8,5.925,23
2024-07-07 05:45:00,2024-07-07 06:15:00,0.75,4.4,4.633333333333334,5
2024-07-07 14:30:00,2024-07-07 15:15:00,1.0,7.2,7.3500000000000005,14
2024-07-07 20:00:00,2024-07-08 01:45:00,6.0,5.6,6.754166666666667,20
2024-07-08 03:15:00,2024-07-08 04:30:00,1.5,5.2,5.516666666666667,3
2024-07-08 16:15:00,2024-07-08 16:45:00,0.75,7.5,7.633333333333333,16
2024-07-08 18:45:00,2024-07-08 22:00:00,3.5,5.7,6.52857142857143,18
2024-07-09 17:00:00,2024-07-09 17:30:00,0.75,6.9,7.0,17
2024-07-10 12:15:00,2024-07-10 13:15:00,1.25,5.8,6.1,12
2024-07-10 15:30:00,2024-07-10 16:15:00,1.0,7.3,7.6,15
2024-07-10 18:15:00,2024-07-10 21:30:00,3.5,6.5,7.164285714285714,18
2024-07-11 15:15:00,2024-07-11 15:30:00,0.5,9.3,9.4,15
2024-07-11 19:00:00,2024-07-11 20:30:00,1.75,8.0,8.428571428571429,19
2024-07-11 22:00:00,2024-07-11 22:30:00,0.75,7.8,8.1,22
2024-07-12 10:15:00,2024-07-12 10:45:00,0.75,8.0,8.166666666666666,10
2024-07-12 12:45:00,2024-07-12 13:30:00,1.0,8.0,8.275,12
2024-07-12 18:30:00,2024-07-12 19:00:00,0.75,8.1,8.299999999999999,18
2024-07-12 23:45:00,2024-07-13 01:00:00,1.5,7.1,7.516666666666667,23
2024-07-14 07:15:00,2024-07-14 08:00:00,1.0,6.3,6.375,7
2024-07-14 17:00:00,2024-07-14 18:30:00,1.75,7.6,8.37142857142857,17
2024-07-15 16:45:00,2024-07-15 18:45:00,2.25,7.3,8.100000000000001,16
2024-07-16 02:30:00,2024-07-16 02:45:00,0.5,6.6,6.699999999999999,2
2024-07-16 16:00:00,2024-07-16 16:30:00,0.75,8.5,8.666666666666666,16
2024-07-16 18:00:00,2024-07-16 18:45:00,1.0,7.5,7.675,18
2024-07-17 15:30:00,2024-07-17 16:00:00,0.75,8.1,8.233333333333334,15
2024-07-17 18:30:00,2024-07-17 21:30:00,3.25,7.1,7.553846153846153,18
2024-07-17 23:15:00,2024-07-18 00:30:00,1.5,6.5,6.666666666666667,23
2024-07-18 04:15:00,2024-07-18 04:30:00,0.5,5.6,5.699999999999999,4
2024-07-18 21:45:00,2024-07-18 23:30:00,2.0,5.9,6.137499999999999,21
2024-07-19 06:30:00,2024-07-19 07:30:00,1.25,5.2,5.299999999999999,6
2024-07-19 15:15:00,2024-07-19 15:45:00,0.75,6.2,6.633333333333333,15
2024-07-19 17:15:00,2024-07-19 17:45:00,0.75,7.3,7.466666666666666,17
2024-07-20 17:30:00,2024-07-20 18:15:00,1.0,7.4,7.6,17
2024-07-21 13:45:00,2024-07-21 17:30:00,4.0,6.2,6.8,13
2024-07-22 18:00:00,2024-07-22 18:15:00,0.5,8.0,8.1,18
2024-07-23 00:00:00,2024-07-23 00:45:00,1.0,6.4,6.65,0
2024-07-23 06:15:00,2024-07-23 06:45:00,0.75,4.6,5.366666666666667,6
2024-07-23 12:45:00,2024-07-23 14:00:00,1.5,7.9,8.466666666666667,12
2024-07-23 16:30:00,2024-07-23 18:00:00,1.75,7.1,7.942857142857143,16
2024-07-23 20:30:00,2024-07-23 22:30:00,2.25,6.3,6.622222222222222,20
2024-07-24 01:00:00,2024-07-24 02:15:00,1.5,5.9,6.033333333333334,1
2024-07-24 17:15:00,2024-07-24 19:00:00,2.0,7.4,7.8875,17
2024-07-24 22:30:00,2024-07-25 00:00:00,1.75,6.4,6.528571428571429,22
2024-07-25 13:45:00,2024-07-25 19:15:00,5.75,8.2,9.008695652173913,13
2024-07-25 20:45:00,2024-07-25 23:00:00,2.5,7.4,7.919999999999999,20
2024-07-26 02:00:00,2024-07-26 04:15:00,2.5,5.8,6.99,2
2024-07-26 21:45:00,2024-07-26 23:00:00,1.5,5.7,6.283333333333332,21
2024-07-31 12:45:00,2024-07-31 13:00:00,0.5,6.7,6.800000000000001,12
2024-07-31 16:00:00,2024-07-31 19:00:00,3.25,7.1,7.569230769230769,16
2024-07-31 23:30:00,2024-07-31 23:45:00,0.5,6.8,6.9,23
2024-08-01 12:15:00,2024-08-01 13:00:00,1.0,6.9,7.174999999999999,12
2024-08-01 18:45:00,2024-08-01 20:00:00,1.5,6.3,6.699999999999999,18
2024-08-02 01:15:00,2024-08-02 02:30:00,1.5,5.6,6.0,1
2024-08-02 12:00:00,2024-08-02 13:45:00,2.0,7.4,7.525,12
2024-08-02 16:30:00,2024-08-02 17:15:00,1.0,6.8,6.95,16
2024-08-02 19:45:00,2024-08-02 20:30:00,1.0,5.9,6.125,19
2024-08-03 01:15:00,2024-08-03 02:45:00,1.75,4.9,5.471428571428571,1
2024-08-03 12:30:00,2024-08-03 16:15:00,4.0,6.8,7.625,12
2024-08-03 18:00:00,2024-08-04 00:00:00,6.25,6.0,7.528,18
2024-08-04 10:30:00,2024-08-04 11:45:00,1.5,6.0,6.683333333333333,10
2024-08-04 16:00:00,2024-08-04 18:45:00,3.0,6.8,7.383333333333333,16
2024-08-05 01:30:00,2024-08-05 02:15:00,1.0,5.4,5.574999999999999,1
2024-08-05 10:15:00,2024-08-05 12:15:00,2.25,5.9,6.855555555555556,10
2024-08-05 16:00:00,2024-08-05 21:00:00,5.25,6.5,6.99047619047619,16
2024-08-06 17:00:00,2024-08-06 17:30:00,0.75,7.5,7.633333333333333,17
2024-08-07 16:30:00,2024-08-07 17:15:00,1.0,8.4,8.825,16
2024-08-08 14:15:00,2024-08-08 15:30:00,1.5,8.0,8.183333333333335,14
2024-08-08 20:15:00,2024-08-08 22:15:00,2.25,6.4,6.733333333333333,20
2024-08-09 10:45:00,2024-08-09 13:00:00,2.5,7.5,8.2,10
2024-08-09 17:30:00,2024-08-09 18:30:00,1.25,6.8,7.18,17
2024-08-09 22:45:00,2024-08-09 23:45:00,1.25,5.8,5.9399999999999995,22
2024-08-10 12:45:00,2024-08-10 13:00:00,0.5,7.5,7.6,12
2024-08-11 15:45:00,2024-08-11 19:30:00,4.0,6.5,7.13125,15
2024-08-12 17:45:00,2024-08-12 20:30:00,3.0,6.9,7.575,17
2024-08-13 16:30:00,2024-08-13 20:30:00,4.25,5.3,6.329411764705882,16
2024-08-14 01:15:00,2024-08-14 02:15:00,1.25,3.8,4.16,1
2024-08-14 16:15:00,2024-08-15 00:00:00,8.0,5.3,6.8375,16
2024-08-15 05:30:00,2024-08-15 05:45:00,0.5,3.9,4.05,5
2024-08-15 18:30:00,2024-08-15 19:15:00,1.0,7.8,8.125,18
2024-08-15 20:45:00,2024-08-15 23:15:00,2.75,6.0,6.572727272727272,20
2024-08-16 03:30:00,2024-08-16 04:15:00,1.0,4.7,4.95,3
2024-08-16 17:00:00,2024-08-16 20:15:00,3.5,6.8,7.721428571428571,17
2024-08-17 12:30:00,2024-08-17 12:45:00,0.5,6.0,6.25,12
2024-08-17 14:30:00,2024-08-17 18:00:00,3.75,6.8,7.319999999999999,14
2024-08-17 21:45:00,2024-08-17 22:45:00,1.25,5.3,5.5,21
2024-08-18 13:30:00,2024-08-18 13:45:00,0.5,6.6,6.699999999999999,13
2024-08-19 17:45:00,2024-08-19 19:30:00,2.0,7.3,7.6499999999999995,17
2024-08-19 22:30:00,2024-08-20 00:15:00,2.0,6.1,6.45,22
2024-08-20 10:15:00,2024-08-20 11:00:00,1.0,6.6,6.85,10
2024-08-20 17:15:00,2024-08-20 18:30:00,1.5,7.4,7.716666666666666,17
2024-08-20 20:30:00,2024-08-20 22:15:00,2.0,6.5,6.725,20
2024-08-21 19:15:00,2024-08-21 21:30:00,2.5,7.9,8.5,19
2024-08-22 18:30:00,2024-08-22 20:30:00,2.25,7.3,7.800000000000001,18
2024-08-22 22:30:00,2024-08-22 23:15:00,1.0,5.3,6.75,22
2024-08-23 01:15:00,2024-08-23 01:45:00,0.75,5.0,5.233333333333333,1
2024-08-23 10:15:00,2024-08-23 11:00:00,1.0,5.9,6.6,10
2024-08-23 12:30:00,2024-08-23 22:00:00,9.75,6.1,7.602564102564101,12
2024-08-24 01:00:00,2024-08-24 01:30:00,0.75,6.2,6.266666666666667,1
2024-08-24 05:00:00,2024-08-24 06:15:00,1.5,5.4,5.75,5
2024-08-24 14:00:00,2024-08-24 14:30:00,0.75,7.3,7.6000000000000005,14
2024-08-25 08:45:00,2024-08-25 09:30:00,1.0,5.2,5.325,8
2024-08-25 15:00:00,2024-08-25 15:15:00,0.5,6.9,7.0,15
2024-08-26 17:15:00,2024-08-26 19:00:00,2.0,6.7,7.4125000000000005,17
2024-08-27 04:15:00,2024-08-27 04:45:00,0.75,5.4,5.599999999999999,4
2024-08-27 17:30:00,2024-08-27 18:45:00,1.5,7.4,7.816666666666666,17
2024-08-28 07:30:00,2024-08-28 11:15:00,4.0,5.0,5.50625,7
2024-08-28 14:00:00,2024-08-28 14:15:00,0.5,6.2,6.300000000000001,14
2024-08-28 18:15:00,2024-08-28 19:15:00,1.25,6.6,6.94,18
2024-08-29 09:00:00,2024-08-29 12:00:00,3.25,4.9,5.446153846153846,9
2024-08-30 14:00:00,2024-08-30 14:45:00,1.0,4.7,5.0,14
2024-08-30 17:15:00,2024-08-30 19:30:00,2.5,5.3,5.720000000000001,17
2024-08-31 07:30:00,2024-08-31 08:30:00,1.25,4.7,5.02,7
2024-08-31 12:45:00,2024-08-31 15:30:00,3.0,4.8,5.608333333333333,12
2024-08-31 17:00:00,2024-08-31 19:30:00,2.75,6.1,6.336363636363637,17
2024-08-31 22:30:00,2024-08-31 22:45:00,0.5,5.4,5.550000000000001,22
2024-09-01 10:30:00,2024-09-01 12:00:00,1.75,6.0,6.271428571428571,10
2024-09-01 15:15:00,2024-09-01 16:00:00,1.0,7.3,7.45,15
2024-09-02 08:00:00,2024-09-02 08:45:00,1.0,6.1,6.25,8
2024-09-03 05:00:00,2024-09-03 07:00:00,2.25,4.8,5.044444444444443,5
2024-09-03 11:30:00,2024-09-03 12:30:00,1.25,5.8,5.9799999999999995,11
2024-09-03 19:15:00,2024-09-03 19:30:00,0.5,6.8,6.9,19
2024-09-03 21:30:00,2024-09-03 21:45:00,0.5,6.4,6.5,21
2024-09-04 01:15:00,2024-09-04 04:15:00,3.25,5.1,5.423076923076923,1
2024-09-04 23:30:00,2024-09-05 00:15:00,1.0,5.5,5.6,23
2024-09-05 17:00:00,2024-09-05 18:15:00,1.5,6.9,7.166666666666668,17
2024-09-13 19:30:00,2024-09-13 20:45:00,1.5,7.1,7.3999999999999995,19
2024-09-14 05:00:00,2024-09-14 11:45:00,7.0,4.6,5.817857142857142,5
2024-09-14 18:15:00,2024-09-14 18:30:00,0.5,6.9,7.0,18
2024-09-14 23:15:00,2024-09-15 00:15:00,1.25,6.8,7.0,23
2024-09-15 13:45:00,2024-09-15 14:15:00,0.75,6.2,6.566666666666666,13
2024-09-15 23:45:00,2024-09-16 01:30:00,2.0,5.6,6.0,23
2024-09-16 05:00:00,2024-09-16 07:30:00,2.75,5.6,6.1,5
2024-09-16 14:15:00,2024-09-16 17:00:00,3.0,6.3,6.633333333333333,14
2024-09-16 21:45:00,2024-09-17 04:30:00,7.0,5.4,6.339285714285714,21
2024-09-17 14:45:00,2024-09-17 18:15:00,3.75,6.6,7.306666666666668,14
2024-09-17 23:45:00,2024-09-18 01:15:00,1.75,5.9,6.057142857142857,23
2024-09-18 03:30:00,2024-09-18 04:45:00,1.5,5.0,5.416666666666667,3
2024-09-18 14:15:00,2024-09-18 15:45:00,1.75,7.6,8.014285714285714,14
2024-09-18 19:00:00,2024-09-18 19:15:00,0.5,7.0,7.2,19
2024-09-19 03:15:00,2024-09-19 04:30:00,1.5,5.3,5.6499999999999995,3
2024-09-19 06:30:00,2024-09-19 07:30:00,1.25,4.4,4.62,6
2024-09-19 16:15:00,2024-09-19 18:00:00,2.0,6.4,6.875,16
2024-09-19 20:45:00,2024-09-19 21:00:00,0.5,6.8,6.9,20
2024-09-20 03:00:00,2024-09-20 06:45:00,4.0,3.0,4.44375,3
2024-09-20 13:45:00,2024-09-20 16:00:00,2.5,8.2,8.59,13
2024-09-20 17:45:00,2024-09-20 18:45:00,1.25,7.3,7.720000000000001,17
2024-09-20 20:30:00,2024-09-20 20:45:00,0.5,7.6,7.75,20
2024-09-21 05:15:00,2024-09-21 06:45:00,1.75,2.9,4.357142857142857,5
2024-09-21 16:15:00,2024-09-21 16:45:00,0.75,9.3,9.433333333333334,16
2024-09-22 03:45:00,2024-09-22 07:15:00,3.75,3.1,4.933333333333333,3
2024-09-22 13:15:00,2024-09-22 14:00:00,1.0,8.0,8.5,13
2024-09-22 18:45:00,2024-09-22 20:45:00,2.25,7.7,8.344444444444445,18
2024-09-23 04:30:00,2024-09-23 08:30:00,4.25,3.2,5.005882352941177,4
2024-09-23 19:00:00,2024-09-23 21:15:00,2.5,7.5,8.08,19
2024-09-24 00:30:00,2024-09-24 01:15:00,1.0,6.5,6.65,0
2024-09-24 06:30:00,2024-09-24 09:30:00,3.25,3.6,4.676923076923076,6
2024-09-24 18:30:00,2024-09-24 19:00:00,0.75,7.9,8.166666666666666,18
2024-09-25 00:30:00,2024-09-25 02:45:00,2.5,6.4,6.600000000000001,0
2024-09-25 09:15:00,2024-09-25 10:00:00,1.0,4.8,5.25,9
2024-09-25 11:30:00,2024-09-25 11:45:00,0.5,4.6,4.949999999999999,11
2024-09-25 16:15:00,2024-09-25 21:00:00,5.0,6.6,7.779999999999999,16
2024-09-26 09:30:00,2024-09-26 11:45:00,2.5,5.5,6.01,9
2024-09-29 04:15:00,2024-09-29 06:15:00,2.25,6.3,6.644444444444444,4
2024-09-29 11:30:00,2024-09-29 12:00:00,0.75,7.1,7.533333333333334,11
2024-09-29 13:30:00,2024-09-29 13:45:00,0.5,7.7,7.9,13
2024-09-30 04:15:00,2024-09-30 05:30:00,1.5,6.7,6.883333333333334,4
2024-09-30 11:15:00,2024-09-30 11:45:00,0.75,7.9,8.233333333333333,11
2024-09-30 13:15:00,2024-09-30 15:15:00,2.25,8.0,8.355555555555556,13
2024-09-30 23:45:00,2024-10-01 00:15:00,0.75,7.1,7.2,23
2024-10-02 11:30:00,2024-10-02 13:30:00,2.25,7.8,8.81111111111111,11
2024-10-03 12:00:00,2024-10-03 12:15:00,0.5,6.9,7.0,12
2024-10-04 08:30:00,2024-10-04 08:45:00,0.5,5.0,5.2,8
2024-10-05 04:30:00,2024-10-05 05:45:00,1.5,5.4,5.583333333333333,4
2024-10-05 17:30:00,2024-10-05 19:15:00,2.0,7.0,7.2749999999999995,17
2024-10-05 23:00:00,2024-10-05 23:45:00,1.0,6.5,6.55,23
2024-10-06 05:00:00,2024-10-06 07:00:00,2.25,5.1,5.655555555555556,5
2024-10-06 19:30:00,2024-10-06 20:30:00,1.25,6.6,6.76,19
2024-10-07 05:45:00,2024-10-07 06:45:00,1.25,5.6,5.959999999999999,5
2024-10-07 15:30:00,2024-10-07 16:45:00,1.5,7.9,8.116666666666667,15
2024-10-07 21:45:00,2024-10-07 22:15:00,0.75,7.1,7.166666666666667,21
2024-10-10 09:15:00,2024-10-10 09:30:00,0.5,6.0,6.2,9
2024-10-12 18:00:00,2024-10-12 18:15:00,0.5,7.4,7.5,18
2024-10-13 12:00:00,2024-10-13 12:15:00,0.5,6.6,6.699999999999999,12
2024-10-15 17:30:00,2024-10-15 19:45:00,2.5,7.3,7.76,17
2024-10-17 13:00:00,2024-10-17 15:00:00,2.25,8.8,9.11111111111111,13
2024-10-17 17:00:00,2024-10-17 17:30:00,0.75,8.7,8.833333333333334,17
2024-10-18 02:15:00,2024-10-18 02:45:00,0.75,7.8,8.066666666666666,2
2024-10-18 16:00:00,2024-10-18 18:15:00,2.5,8.1,8.559999999999999,16
2024-10-19 03:00:00,2024-10-19 04:30:00,1.75,7.0,7.6571428571428575,3
2024-10-20 03:45:00,2024-10-20 07:30:00,4.0,6.2,6.99375,3
2024-10-20 21:00:00,2024-10-20 21:30:00,0.75,8.2,8.4,21
2024-10-21 06:45:00,2024-10-21 07:30:00,1.0,6.6,6.925000000000001,6
2024-10-22 05:45:00,2024-10-22 09:30:00,4.0,6.3,7.00625,5
2024-10-23 07:30:00,2024-10-23 08:00:00,0.75,7.2,7.466666666666666,7
2024-10-26 11:45:00,2024-10-26 12:00:00,0.5,7.8,7.949999999999999,11
2024-10-27 12:15:00,2024-10-27 13:15:00,1.25,7.5,7.9,12
2024-12-24 16:45:00,2024-12-24 17:45:00,1.25,10.0,10.14,16
2024-12-28 08:30:00,2024-12-28 09:15:00,1.0,7.8,7.924999999999999,8
2024-12-29 18:00:00,2024-12-29 18:15:00,0.5,8.8,9.0,18
2024-12-30 02:00:00,2024-12-30 02:45:00,1.0,7.5,7.75,2
2024-12-30 10:30:00,2024-12-30 11:15:00,1.0,8.2,8.524999999999999,10
2025-01-02 01:00:00,2025-01-02 01:15:00,0.5,8.2,8.35,1
2025-01-02 13:45:00,2025-01-02 15:00:00,1.5,9.3,10.183333333333334,13
2025-01-02 17:30:00,2025-01-02 18:00:00,0.75,10.1,10.200000000000001,17
2025-01-02 22:00:00,2025-01-03 04:00:00,6.25,8.8,9.336000000000002,22
2025-01-03 05:45:00,2025-01-03 06:15:00,0.75,8.3,8.466666666666667,5
2025-01-09 18:45:00,2025-01-09 20:30:00,2.0,10.1,10.3375,18
2025-01-15 00:00:00,2025-01-15 02:30:00,2.75,9.5,9.645454545454545,0
2025-01-17 05:30:00,2025-01-17 06:15:00,1.0,9.6,9.65,5
2025-01-17 14:00:00,2025-01-17 16:00:00,2.25,10.1,10.322222222222221,14
2025-01-18 03:30:00,2025-01-18 04:00:00,0.75,9.5,9.633333333333333,3
2025-01-18 06:00:00,2025-01-18 06:45:00,1.0,9.1,9.25,6
2025-01-24 06:30:00,2025-01-24 06:45:00,0.5,10.6,10.75,6
2025-01-27 01:30:00,2025-01-27 01:45:00,0.5,9.7,9.8,1
2025-01-28 22:45:00,2025-01-28 23:15:00,0.75,10.2,10.499999999999998,22
2025-01-29 02:30:00,2025-01-29 05:45:00,3.5,9.7,10.328571428571427,2
2025-01-29 16:00:00,2025-01-29 18:15:00,2.5,10.5,10.739999999999998,16
2025-01-30 01:00:00,2025-01-30 04:00:00,3.25,9.6,10.415384615384616,1
2025-01-30 05:30:00,2025-01-30 05:45:00,0.5,9.1,9.25,5
2025-01-30 22:30:00,2025-01-30 23:00:00,0.75,10.6,10.766666666666667,22
2025-01-31 02:00:00,2025-01-31 03:00:00,1.25,9.8,10.14,2
2025-01-31 04:30:00,2025-01-31 05:00:00,0.75,9.2,9.366666666666665,4
2025-01-31 07:15:00,2025-01-31 10:15:00,3.25,8.4,8.830769230769231,7
2025-02-02 13:30:00,2025-02-02 14:30:00,1.25,10.2,10.36,13
2025-02-02 16:00:00,2025-02-02 17:30:00,1.75,10.2,10.671428571428573,16
2025-02-03 03:45:00,2025-02-03 04:30:00,1.0,9.2,9.325,3
2025-02-03 16:45:00,2025-02-03 17:45:00,1.25,10.1,10.2,16
2025-02-03 20:00:00,2025-02-03 20:45:00,1.0,9.6,9.725,20
2025-02-04 06:00:00,2025-02-04 08:15:00,2.5,8.6,8.85,6
2025-02-04 10:00:00,2025-02-04 11:00:00,1.25,9.1,9.419999999999998,10
2025-02-04 20:15:00,2025-02-04 21:00:00,1.0,9.8,9.925,20
2025-02-05 04:15:00,2025-02-05 05:30:00,1.5,8.7,9.116666666666667,4
2025-02-05 08:30:00,2025-02-05 09:30:00,1.25,8.8,9.0,8
2025-02-07 00:00:00,2025-02-07 01:45:00,2.0,7.9,8.4625,0
2025-02-07 09:15:00,2025-02-07 10:45:00,1.75,7.7,8.0,9
2025-02-07 18:15:00,2025-02-07 19:15:00,1.25,9.4,9.599999999999998,18
2025-02-10 02:15:00,2025-02-10 03:15:00,1.25,7.1,7.38,2
2025-02-10 19:45:00,2025-02-10 22:15:00,2.75,7.4,7.572727272727272,19
2025-02-10 23:45:00,2025-02-11 00:15:00,0.75,7.4,7.566666666666667,23
2025-02-14 14:00:00,2025-02-14 16:30:00,2.75,9.0,9.172727272727274,14
2025-02-14 18:15:00,2025-02-14 18:45:00,0.75,8.4,8.566666666666665,18
2025-02-17 16:30:00,2025-02-17 18:00:00,1.75,9.4,9.64285714285714,16
2025-02-18 02:30:00,2025-02-18 03:15:00,1.0,8.3,8.625,2
2025-02-18 15:00:00,2025-02-18 16:30:00,1.75,9.7,10.071428571428571,15
2025-02-18 20:00:00,2025-02-18 20:15:00,0.5,9.4,9.55,20
2025-02-21 04:15:00,2025-02-21 04:30:00,0.5,9.7,9.899999999999999,4
2025-02-21 14:30:00,2025-02-21 15:45:00,1.5,10.6,10.65,14
2025-02-22 13:45:00,2025-02-22 14:15:00,0.75,10.6,10.733333333333334,13
2025-02-22 16:00:00,2025-02-22 19:15:00,3.5,10.4,10.828571428571426,16
2025-02-22 22:45:00,2025-02-23 00:00:00,1.5,10.2,10.399999999999999,22
2025-03-27 15:45:00,2025-03-27 20:00:00,4.5,8.2,9.25,15
2025-03-29 15:15:00,2025-03-29 16:30:00,1.5,8.0,8.133333333333335,15
2025-03-29 18:15:00,2025-03-29 19:00:00,1.0,7.8,7.9750000000000005,18
2025-03-30 04:15:00,2025-03-30 06:00:00,2.0,6.8,7.300000000000001,4
2025-03-30 08:15:00,2025-03-30 13:00:00,5.0,6.5,7.15,8
2025-03-31 04:00:00,2025-03-31 04:30:00,0.75,7.2,7.3999999999999995,4
2025-03-31 18:45:00,2025-03-31 19:45:00,1.25,7.5,7.779999999999999,18
2025-03-31 21:15:00,2025-03-31 22:45:00,1.75,7.2,7.342857142857143,21
2025-04-01 02:45:00,2025-04-01 06:00:00,3.5,5.4,6.571428571428572,2
2025-04-01 10:30:00,2025-04-01 11:45:00,1.5,5.7,6.016666666666667,10
2025-04-01 17:15:00,2025-04-01 18:00:00,1.0,8.6,8.75,17
2025-04-01 20:45:00,2025-04-01 21:45:00,1.25,7.5,7.659999999999999,20
2025-04-07 01:15:00,2025-04-07 01:45:00,0.75,6.3,6.5,1
2025-04-08 00:15:00,2025-04-08 02:45:00,2.75,6.5,6.8999999999999995,0
2025-04-09 01:45:00,2025-04-09 05:00:00,3.5,7.2,7.714285714285714,1
2025-04-09 13:45:00,2025-04-09 16:00:00,2.5,10.6,11.41,13
2025-04-11 14:00:00,2025-04-11 14:30:00,0.75,8.2,8.3,14
2025-04-13 13:15:00,2025-04-13 14:00:00,1.0,9.0,9.05,13
2025-04-15 14:30:00,2025-04-15 15:00:00,0.75,8.6,8.733333333333333,14
2025-04-15 17:15:00,2025-04-15 19:30:00,2.5,7.8,8.32,17
2025-04-16 03:30:00,2025-04-16 04:15:00,1.0,6.9,7.074999999999999,3
2025-04-16 11:30:00,2025-04-16 12:30:00,1.25,6.1,6.44,11
2025-04-16 14:30:00,2025-04-16 15:15:00,1.0,7.5,8.125,14
2025-04-17 00:00:00,2025-04-17 01:30:00,1.75,6.6,7.642857142857143,0
2025-04-17 04:15:00,2025-04-17 05:30:00,1.5,7.1,7.316666666666666,4
2025-11-17 19:15:00,2025-11-17 21:00:00,2.0,9.0,9.725,19
2025-11-17 22:45:00,2025-11-17 23:15:00,0.75,8.0,8.266666666666666,22
2025-11-18 07:45:00,2025-11-18 08:30:00,1.0,6.3,6.6000000000000005,7
2025-11-19 15:00:00,2025-11-19 16:00:00,1.25,7.5,7.859999999999999,15
2025-11-20 01:15:00,2025-11-20 01:45:00,0.75,7.2,7.366666666666667,1
2025-11-20 20:30:00,2025-11-20 21:00:00,0.75,7.7,7.833333333333333,20
2025-11-21 05:15:00,2025-11-21 05:45:00,0.75,6.0,6.266666666666667,5
2025-11-22 03:15:00,2025-11-22 04:30:00,1.5,6.4,6.666666666666667,3
2025-11-22 15:00:00,2025-11-22 15:15:00,0.5,7.3,7.4,15
2025-11-29 15:30:00,2025-11-29 15:45:00,0.5,8.8,8.9,15
2025-12-05 01:30:00,2025-12-05 04:00:00,2.75,8.0,8.309090909090909,1
2025-12-05 11:30:00,2025-12-05 14:15:00,3.0,8.6,8.9,11
2025-12-06 12:45:00,2025-12-06 15:15:00,2.75,8.5,10.327272727272726,12
2025-12-07 13:30:00,2025-12-07 14:15:00,1.0,9.0,9.125,13
2025-12-07 16:45:00,2025-12-07 18:00:00,1.5,9.4,9.616666666666665,16
2025-12-09 12:00:00,2025-12-09 13:15:00,1.5,10.1,10.483333333333333,12
2025-12-09 17:00:00,2025-12-09 17:30:00,0.75,10.3,10.533333333333333,17
2025-12-09 23:15:00,2025-12-10 00:45:00,1.75,9.0,9.4,23
2025-12-10 03:15:00,2025-12-10 06:00:00,3.0,8.5,8.941666666666666,3
2025-12-10 08:15:00,2025-12-10 09:30:00,1.5,8.4,8.616666666666665,8
2025-12-10 15:30:00,2025-12-10 18:45:00,3.5,9.8,10.364285714285714,15
2025-12-12 16:45:00,2025-12-12 19:15:00,2.75,9.6,9.97272727272727,16
2025-12-12 21:15:00,2025-12-12 21:30:00,0.5,9.2,9.3,21
2025-12-13 00:30:00,2025-12-13 10:15:00,10.0,7.4,8.357499999999998,0
2025-12-13 23:45:00,2025-12-14 00:45:00,1.25,9.1,9.46,23
2025-12-17 13:30:00,2025-12-17 14:45:00,1.5,9.3,9.75,13
2025-12-18 06:00:00,2025-12-18 07:30:00,1.75,7.6,7.971428571428571,6
2025-12-19 01:45:00,2025-12-19 03:00:00,1.5,7.7,8.133333333333333,1
2025-12-19 05:00:00,2025-12-19 05:15:00,0.5,7.3,7.4,5
2025-12-21 00:45:00,2025-12-21 01:45:00,1.25,8.7,9.02,0
2025-12-21 08:30:00,2025-12-21 08:45:00,0.5,8.0,8.1,8
2025-12-21 13:15:00,2025-12-21 14:00:00,1.0,9.9,10.05,13
2025-12-21 16:00:00,2025-12-21 23:15:00,7.5,9.3,10.23,16
2025-12-22 17:15:00,2025-12-22 19:00:00,2.0,9.2,9.375,17
2025-12-23 12:30:00,2025-12-23 12:45:00,0.5,9.1,9.45,12
2025-12-24 05:30:00,2025-12-24 06:45:00,1.5,7.7,7.983333333333333,5
2025-12-24 13:00:00,2025-12-24 14:00:00,1.25,9.1,9.2,13
2025-12-25 04:30:00,2025-12-25 04:45:00,0.5,8.2,8.3,4
2025-12-25 13:15:00,2025-12-25 14:30:00,1.5,9.5,9.75,13
2025-12-26 16:45:00,2025-12-26 17:15:00,0.75,7.8,7.933333333333334,16
2025-12-29 05:30:00,2025-12-29 05:45:00,0.5,6.8,6.9,5
2026-01-02 18:15:00,2026-01-02 19:15:00,1.25,9.6,9.860000000000001,18
2026-01-07 04:15:00,2026-01-07 05:00:00,1.0,7.5,7.75,4
2026-01-08 17:00:00,2026-01-08 17:15:00,0.5,9.4,9.600000000000001,17
2026-01-12 21:45:00,2026-01-12 23:00:00,1.5,9.0,9.333333333333334,21
2026-01-20 20:45:00,2026-01-20 21:45:00,1.25,9.4,9.62,20
2026-01-20 23:30:00,2026-01-21 02:00:00,2.75,8.8,9.009090909090908,23
2026-01-21 11:15:00,2026-01-21 12:30:00,1.5,9.0,9.183333333333332,11
2026-01-22 20:45:00,2026-01-22 21:30:00,1.0,9.3,9.5,20
2026-01-27 16:00:00,2026-01-27 16:30:00,0.75,10.7,10.800000000000002,16
2026-01-28 22:45:00,2026-01-28 23:45:00,1.25,10.2,10.459999999999999,22
2026-01-29 12:15:00,2026-01-29 14:00:00,2.0,10.7,10.9625,12
2026-01-29 15:30:00,2026-01-29 15:45:00,0.5,10.8,10.9,15
2026-01-29 17:15:00,2026-01-29 22:30:00,5.5,10.4,11.054545454545453,17
2026-01-30 11:15:00,2026-01-30 17:15:00,6.25,10.4,11.388,11
2026-02-01 09:15:00,2026-02-01 09:45:00,0.75,11.3,11.433333333333332,9
2026-02-01 11:45:00,2026-02-01 13:00:00,1.5,10.6,10.799999999999999,11
2026-02-01 21:30:00,2026-02-01 23:45:00,2.5,10.1,10.27,21
2026-02-02 04:00:00,2026-02-02 07:30:00,3.75,9.4,9.8,4
2026-02-03 15:45:00,2026-02-03 16:15:00,0.75,10.8,11.1,15
2026-02-03 19:00:00,2026-02-03 21:00:00,2.25,11.1,11.41111111111111,19
2026-02-04 05:00:00,2026-02-04 06:00:00,1.25,9.4,9.7,5
2026-02-06 03:15:00,2026-02-06 04:15:00,1.25,9.8,9.940000000000001,3
2026-02-08 03:30:00,2026-02-08 03:45:00,0.5,8.8,8.95,3
2026-02-08 19:00:00,2026-02-08 21:45:00,3.0,10.2,11.149999999999999,19
2026-02-09 01:15:00,2026-02-09 02:30:00,1.5,9.6,9.9,1
2026-02-09 04:30:00,2026-02-09 06:00:00,1.75,9.3,9.585714285714287,4
2026-02-10 17:30:00,2026-02-10 18:15:00,1.0,9.7,9.8,17
2026-02-10 23:30:00,2026-02-10 23:45:00,0.5,8.5,8.65,23
2026-02-11 01:15:00,2026-02-11 02:00:00,1.0,7.5,7.825,1
2026-02-11 07:00:00,2026-02-11 10:00:00,3.25,8.2,8.976923076923077,7
2026-02-11 14:45:00,2026-02-11 17:30:00,3.0,9.7,10.483333333333334,14
2026-02-11 19:30:00,2026-02-11 21:30:00,2.25,10.0,10.855555555555556,19
2026-02-11 23:15:00,2026-02-12 01:30:00,2.5,8.4,9.3,23
2026-02-12 04:30:00,2026-02-12 06:00:00,1.75,8.1,8.328571428571427,4
2026-02-12 13:30:00,2026-02-12 16:15:00,3.0,9.6,9.883333333333335,13
2026-02-12 18:45:00,2026-02-12 22:45:00,4.25,8.4,9.247058823529413,18
2026-02-13 03:00:00,2026-02-13 03:15:00,0.5,7.6,7.699999999999999,3
2026-02-13 05:15:00,2026-02-13 07:00:00,2.0,6.5,7.125,5
2026-02-13 10:00:00,2026-02-13 11:15:00,1.5,7.9,8.116666666666665,10
2026-02-13 22:15:00,2026-02-13 22:30:00,0.5,8.7,8.8,22
2026-02-14 14:00:00,2026-02-14 14:30:00,0.75,9.2,9.366666666666665,14
2026-02-15 00:45:00,2026-02-15 02:15:00,1.75,7.3,7.614285714285714,0
2026-02-17 03:15:00,2026-02-17 04:00:00,1.0,7.7,7.8999999999999995,3
2026-02-17 05:45:00,2026-02-17 06:45:00,1.25,6.1,6.379999999999999,5
2026-02-17 14:30:00,2026-02-17 17:15:00,3.0,8.9,9.658333333333333,14
2026-02-21 18:00:00,2026-02-21 18:15:00,0.5,8.2,8.3,18
2026-02-21 21:00:00,2026-02-21 22:30:00,1.75,7.5,7.628571428571429,21
2026-02-22 00:00:00,2026-02-22 01:45:00,2.0,7.7,7.887499999999999,0
2026-02-22 03:45:00,2026-02-22 04:45:00,1.25,7.0,7.280000000000001,3
2026-02-24 11:45:00,2026-02-24 13:00:00,1.5,10.2,10.649999999999999,11
2026-02-24 15:45:00,2026-02-24 18:30:00,3.0,9.7,10.241666666666665,15
2026-02-26 02:30:00,2026-02-26 02:45:00,0.5,8.0,8.1,2
2026-02-26 19:30:00,2026-02-27 07:15:00,12.0,7.2,9.3375,19
2026-02-27 16:45:00,2026-02-27 17:30:00,1.0,9.4,9.775,16
2026-02-27 21:45:00,2026-02-27 22:00:00,0.5,8.3,8.4,21
2026-02-28 00:45:00,2026-02-28 03:00:00,2.5,6.9,7.640000000000001,0
2026-02-28 12:30:00,2026-02-28 13:30:00,1.25,8.8,9.16,12
2026-02-28 23:45:00,2026-03-01 00:00:00,0.5,7.7,7.800000000000001,23
2026-03-02 10:45:00,2026-03-02 11:15:00,0.75,7.2,7.333333333333333,10
2026-03-21 16:00:00,2026-03-21 16:15:00,0.5,9.5,9.75,16
2026-03-22 17:45:00,2026-03-22 18:00:00,0.5,8.8,8.9,17
2026-03-22 21:00:00,2026-03-22 21:15:00,0.5,7.7,7.800000000000001,21
2026-03-23 04:15:00,2026-03-23 05:30:00,1.5,7.6,7.75,4
2026-03-23 18:45:00,2026-03-23 20:00:00,1.5,8.3,8.716666666666667,18
2026-03-23 22:45:00,2026-03-23 23:00:00,0.5,7.6,7.75,22
2026-03-24 09:45:00,2026-03-24 10:00:00,0.5,7.3,7.4,9
2026-03-24 18:30:00,2026-03-25 02:15:00,8.0,6.9,8.0,18
2026-03-25 04:45:00,2026-03-25 05:00:00,0.5,6.7,6.9,4
2026-03-27 03:45:00,2026-03-27 04:00:00,0.5,5.8,5.9,3
2026-03-27 06:00:00,2026-03-27 07:15:00,1.5,5.9,6.266666666666667,6
2026-03-28 03:30:00,2026-03-28 05:45:00,2.5,5.9,6.2,3
2026-03-28 21:00:00,2026-03-28 21:45:00,1.0,7.1,7.4,21
2026-03-30 11:45:00,2026-03-30 20:00:00,8.5,6.9,7.5588235294117645,11
2026-03-30 22:15:00,2026-03-30 22:45:00,0.75,7.1,7.2,22
2026-03-31 00:30:00,2026-03-31 01:30:00,1.25,5.8,6.62,0
2026-03-31 16:45:00,2026-03-31 20:45:00,4.25,6.6,7.447058823529411,16
2026-03-31 22:15:00,2026-04-01 00:15:00,2.25,5.3,5.811111111111111,22
2026-04-01 02:00:00,2026-04-01 05:45:00,4.0,4.0,4.91875,2
2026-04-01 17:00:00,2026-04-01 20:45:00,4.0,5.3,6.25625,17
2026-04-02 13:45:00,2026-04-02 14:30:00,1.0,6.3,6.425,13
2026-04-06 05:00:00,2026-04-06 06:30:00,1.75,2.6,3.485714285714286,5
2026-04-06 10:15:00,2026-04-06 12:15:00,2.25,4.2,4.677777777777778,10
2026-04-06 14:30:00,2026-04-06 15:15:00,1.0,5.9,6.25,14
2026-04-06 16:45:00,2026-04-06 21:00:00,4.5,5.6,6.7555555555555555,16
2026-04-06 23:00:00,2026-04-06 23:45:00,1.0,6.3,6.55,23
2026-04-07 02:15:00,2026-04-07 03:45:00,1.75,6.3,6.528571428571429,2
2026-04-07 06:30:00,2026-04-07 09:15:00,3.0,4.1,5.2,6
2026-04-07 16:15:00,2026-04-07 16:30:00,0.5,6.9,7.0,16
2026-04-07 21:15:00,2026-04-07 23:45:00,2.75,7.1,7.4818181818181815,21
2026-04-08 01:45:00,2026-04-08 05:15:00,3.75,5.4,5.946666666666667,1
2026-04-08 20:30:00,2026-04-08 22:15:00,2.0,7.4,7.8375,20
2026-04-10 12:30:00,2026-04-10 13:00:00,0.75,7.8,7.966666666666668,12
2026-04-10 16:00:00,2026-04-10 16:30:00,0.75,7.8,7.866666666666667,16
2026-04-11 19:00:00,2026-04-11 20:15:00,1.5,7.7,8.083333333333334,19
2026-04-11 22:15:00,2026-04-11 23:45:00,1.75,7.1,7.428571428571428,22
2026-04-12 01:30:00,2026-04-12 03:15:00,2.0,6.2,6.45,1
2026-04-17 16:30:00,2026-04-17 19:00:00,2.75,7.9,8.127272727272727,16
2026-04-19 18:30:00,2026-04-19 20:45:00,2.5,8.2,8.690000000000001,18
2026-04-20 12:15:00,2026-04-20 13:45:00,1.75,7.7,8.32857142857143,12
2026-04-20 18:00:00,2026-04-20 19:30:00,1.75,8.9,9.3,18
2026-04-21 00:45:00,2026-04-21 02:00:00,1.5,8.5,9.35,0
2026-04-21 15:45:00,2026-04-21 23:00:00,7.5,8.1,9.580000000000002,15
2026-04-22 01:00:00,2026-04-22 02:15:00,1.5,7.2,7.583333333333333,1
2026-04-23 21:15:00,2026-04-23 22:00:00,1.0,7.4,7.625,21
2026-04-26 13:30:00,2026-04-26 14:00:00,0.75,6.8,6.966666666666666,13
2026-04-26 17:15:00,2026-04-26 20:15:00,3.25,7.3,7.738461538461539,17
2026-04-26 22:30:00,2026-04-26 23:00:00,0.75,6.6,6.833333333333333,22
2026-04-27 00:30:00,2026-04-27 03:00:00,2.75,5.8,6.054545454545454,0
2026-05-10 17:15:00,2026-05-10 19:00:00,2.0,8.6,8.899999999999999,17
2026-05-11 12:30:00,2026-05-11 13:15:00,1.0,8.3,8.5,12
2026-05-15 04:15:00,2026-05-15 04:45:00,0.75,6.4,6.566666666666667,4
2026-05-15 18:00:00,2026-05-15 18:30:00,0.75,7.9,8.1,18
2026-05-16 17:30:00,2026-05-16 19:00:00,1.75,7.0,7.542857142857143,17
2026-05-19 16:30:00,2026-05-19 17:30:00,1.25,7.4,7.62,16
2026-05-19 19:45:00,2026-05-19 20:30:00,1.0,6.6,6.75,19
2026-05-20 18:15:00,2026-05-20 19:30:00,1.5,6.8,7.1499999999999995,18
2026-05-21 00:00:00,2026-05-21 00:15:00,0.5,6.1,6.35,0
2026-05-23 05:45:00,2026-05-23 06:30:00,1.0,6.1,6.325,5
2026-05-25 00:30:00,2026-05-25 00:45:00,0.5,7.0,7.15,0
2026-06-05 07:45:00,2026-06-05 08:00:00,0.5,5.4,5.85,7
2026-06-08 17:30:00,2026-06-08 19:00:00,1.75,8.4,8.557142857142857,17
2026-06-08 20:45:00,2026-06-08 21:30:00,1.0,8.0,8.125,20
2026-06-09 12:45:00,2026-06-09 14:45:00,2.25,8.3,9.144444444444444,12
2026-06-10 18:30:00,2026-06-10 20:00:00,1.75,8.2,8.542857142857143,18
2026-06-11 12:15:00,2026-06-11 12:45:00,0.75,7.0,7.3,12
2026-06-12 11:30:00,2026-06-12 12:45:00,1.5,6.4,6.716666666666666,11
2026-06-12 19:30:00,2026-06-12 20:00:00,0.75,6.9,7.066666666666667,19
2026-06-13 11:15:00,2026-06-13 13:45:00,2.75,6.4,6.763636363636365,11
2026-06-13 17:45:00,2026-06-13 18:15:00,0.75,6.4,6.599999999999999,17
2026-06-13 23:15:00,2026-06-13 23:30:00,0.5,6.1,6.199999999999999,23
2026-06-14 12:30:00,2026-06-14 15:00:00,2.75,6.6,7.1,12
2026-06-14 18:30:00,2026-06-14 19:00:00,0.75,6.5,6.7,18
2026-06-14 23:00:00,2026-06-14 23:45:00,1.0,6.1,6.425000000000001,23
2026-06-15 14:00:00,2026-06-15 14:45:00,1.0,7.1,7.550000000000001,14
2026-06-15 18:15:00,2026-06-16 00:15:00,6.25,6.2,6.731999999999999,18
2026-06-16 03:30:00,2026-06-16 04:15:00,1.0,5.5,5.8500000000000005,3
2026-06-16 16:00:00,2026-06-16 19:00:00,3.25,5.2,5.684615384615385,16
2026-06-16 20:45:00,2026-06-16 22:45:00,2.25,5.2,5.466666666666667,20
2026-06-17 11:45:00,2026-06-17 19:15:00,7.75,6.4,7.75483870967742,11
2026-06-17 21:30:00,2026-06-17 21:45:00,0.5,6.6,6.699999999999999,21
2026-06-18 00:45:00,2026-06-18 01:00:00,0.5,6.7,6.800000000000001,0
2026-06-24 15:30:00,2026-06-24 16:00:00,0.75,9.4,9.666666666666666,15
2026-06-24 22:00:00,2026-06-24 23:45:00,2.0,7.5,7.9375,22
2026-06-25 07:45:00,2026-06-25 10:30:00,3.0,5.8,6.758333333333333,7
2026-06-25 13:00:00,2026-06-25 13:15:00,0.5,7.4,7.550000000000001,13
2026-06-25 17:15:00,2026-06-25 18:15:00,1.25,8.1,8.5,17
2026-06-25 20:15:00,2026-06-25 20:30:00,0.5,7.0,7.15,20
2026-06-25 22:45:00,2026-06-26 01:45:00,3.25,6.1,6.653846153846152,22
2026-06-26 09:00:00,2026-06-26 10:00:00,1.25,7.3,7.58,9
2026-06-26 18:30:00,2026-06-26 21:15:00,3.0,7.6,8.366666666666665,18
2026-06-27 07:15:00,2026-06-27 08:15:00,1.25,6.4,6.6,7
2026-06-28 02:45:00,2026-06-28 03:00:00,0.5,6.8,6.9,2
2026-06-28 11:45:00,2026-06-28 13:15:00,1.75,7.4,7.885714285714285,11
2026-06-28 21:30:00,2026-06-28 22:15:00,1.0,6.8,7.1000000000000005,21
2026-06-29 04:15:00,2026-06-29 04:45:00,0.75,6.3,6.6000000000000005,4
2026-06-29 18:45:00,2026-06-29 19:15:00,0.75,7.8,7.966666666666668,18
2026-06-29 22:15:00,2026-06-29 22:45:00,0.75,6.5,6.733333333333333,22
2026-06-30 04:45:00,2026-06-30 05:00:00,0.5,5.6,5.699999999999999,4
2026-06-30 15:00:00,2026-06-30 15:15:00,0.5,6.9,7.35,15
2026-06-30 19:45:00,2026-06-30 21:00:00,1.5,6.9,7.25,19
2026-06-30 23:00:00,2026-07-01 01:00:00,2.25,5.4,6.277777777777778,23
2026-07-01 09:15:00,2026-07-01 09:30:00,0.5,4.7,4.9,9
2026-07-01 17:45:00,2026-07-01 18:30:00,1.0,8.0,8.175,17
2026-07-01 23:30:00,2026-07-02 01:15:00,2.0,6.1,6.549999999999999,23
2026-07-02 11:30:00,2026-07-02 11:45:00,0.5,5.8,6.4,11
2026-07-02 18:00:00,2026-07-02 23:30:00,5.75,6.3,7.221739130434783,18
2026-07-03 01:30:00,2026-07-03 02:45:00,1.5,5.4,5.583333333333333,1
2026-07-03 17:30:00,2026-07-03 21:00:00,3.75,8.1,8.686666666666667,17
2026-07-04 03:00:00,2026-07-04 04:15:00,1.5,6.2,6.616666666666667,3
2026-07-04 08:30:00,2026-07-04 09:45:00,1.5,5.1,6.016666666666667,8
2026-07-04 17:30:00,2026-07-05 00:00:00,6.75,5.5,7.7407407407407405,17
2026-07-05 02:15:00,2026-07-05 03:15:00,1.25,6.5,6.68,2
2026-07-05 07:30:00,2026-07-05 09:15:00,2.0,5.1,6.125,7
2026-07-05 16:30:00,2026-07-05 21:15:00,5.0,7.1,8.209999999999997,16
2026-07-05 22:45:00,2026-07-06 00:45:00,2.25,6.6,7.022222222222222,22
2026-07-06 03:45:00,2026-07-06 04:45:00,1.25,6.1,6.26,3
2026-07-06 18:00:00,2026-07-06 18:45:00,1.0,8.5,8.825,18
2026-07-06 21:00:00,2026-07-06 22:30:00,1.75,7.6,7.757142857142857,21
2026-07-07 02:45:00,2026-07-07 04:00:00,1.5,6.5,6.783333333333334,2
2026-07-07 17:45:00,2026-07-07 21:15:00,3.75,7.1,7.686666666666666,17
2026-07-08 10:15:00,2026-07-08 12:15:00,2.25,6.5,6.800000000000001,10
2026-07-10 19:30:00,2026-07-10 19:45:00,0.5,7.2,7.35,19
2026-07-11 17:45:00,2026-07-11 20:00:00,2.5,6.9,7.590000000000001,17
2026-07-12 12:30:00,2026-07-12 15:45:00,3.5,6.1,6.442857142857143,12
2026-07-12 18:15:00,2026-07-12 18:45:00,0.75,6.7,6.766666666666667,18
2026-07-12 20:45:00,2026-07-12 21:45:00,1.25,6.0,6.18,20
2026-07-12 23:45:00,2026-07-13 01:00:00,1.5,5.3,5.599999999999999,23
2026-07-13 13:00:00,2026-07-13 14:00:00,1.25,6.7,6.9799999999999995,13
2026-07-13 15:45:00,2026-07-13 18:00:00,2.5,7.2,7.480000000000001,15
2026-07-13 22:00:00,2026-07-13 23:30:00,1.75,6.5,6.714285714285714,22
2026-07-14 04:15:00,2026-07-14 07:15:00,3.25,4.9,5.615384615384615,4
2026-07-14 14:30:00,2026-07-14 14:45:00,0.5,7.2,7.300000000000001,14
2026-07-14 16:30:00,2026-07-14 20:30:00,4.25,7.3,8.058823529411764,16
2026-07-14 22:00:00,2026-07-15 00:00:00,2.25,6.8,7.2333333333333325,22
2026-07-15 04:45:00,2026-07-15 06:45:00,2.25,5.1,5.9222222222222225,4
2026-07-15 14:45:00,2026-07-16 03:15:00,12.75,6.4,7.6,14
2026-07-16 05:45:00,2026-07-16 06:15:00,0.75,4.4,4.633333333333334,5
2026-07-16 08:00:00,2026-07-16 09:00:00,1.25,4.2,4.64,8
2026-07-16 15:30:00,2026-07-16 18:30:00,3.25,7.5,8.115384615384617,15
2026-07-16 20:30:00,2026-07-17 00:30:00,4.25,5.0,5.888235294117647,20
2026-07-17 02:00:00,2026-07-17 05:30:00,3.75,6.2,6.506666666666667,2
2026-07-17 13:15:00,2026-07-17 14:15:00,1.25,6.8,7.4799999999999995,13
2026-07-17 18:15:00,2026-07-17 20:00:00,2.0,6.6,7.3125,18
2026-07-17 22:45:00,2026-07-18 03:00:00,4.5,6.3,6.9111111111111105,22
2026-07-18 04:45:00,2026-07-18 05:15:00,0.75,6.0,6.133333333333333,4
2026-07-18 11:30:00,2026-07-18 12:30:00,1.25,6.1,6.44,11
2026-07-18 14:15:00,2026-07-18 18:00:00,4.0,5.8,7.38125,14
2026-07-18 20:45:00,2026-07-18 22:45:00,2.25,5.4,5.9111111111111105,20
2026-07-19 01:15:00,2026-07-19 04:45:00,3.75,4.3,4.706666666666667,1
2026-07-19 15:00:00,2026-07-19 18:15:00,3.5,6.8,7.3999999999999995,15
2026-07-19 20:30:00,2026-07-20 00:30:00,4.25,5.7,6.135294117647058,20
2026-07-20 04:45:00,2026-07-20 05:30:00,1.0,4.6,4.9,4
2026-07-20 16:00:00,2026-07-20 16:30:00,0.75,9.0,9.166666666666666,16
2026-07-20 19:30:00,2026-07-21 01:15:00,6.0,4.9,7.779166666666666,19
2026-07-21 03:15:00,2026-07-21 04:30:00,1.5,6.0,6.183333333333334,3
2026-07-21 14:15:00,2026-07-21 15:15:00,1.25,8.9,9.139999999999999,14
2026-07-21 17:45:00,2026-07-22 00:15:00,6.75,6.1,7.31111111111111,17
2026-07-22 06:15:00,2026-07-22 07:00:00,1.0,5.6,5.949999999999999,6
2026-07-23 09:00:00,2026-07-23 09:15:00,0.5,6.2,6.300000000000001,9
2026-07-23 17:15:00,2026-07-23 21:30:00,4.5,7.3,8.272222222222224,17
2026-07-23 23:15:00,2026-07-23 23:45:00,0.75,7.3,7.466666666666666,23
2026-07-24 05:00:00,2026-07-24 06:30:00,1.75,6.1,6.6,5
2026-07-24 18:00:00,2026-07-24 18:15:00,0.5,7.4,7.5,18
2026-07-25 04:30:00,2026-07-25 05:30:00,1.25,6.2,6.299999999999999,4
2026-07-25 12:30:00,2026-07-25 12:45:00,0.5,6.7,6.800000000000001,12
2026-07-25 19:15:00,2026-07-25 20:15:00,1.25,6.3,6.58,19
2026-07-27 15:15:00,2026-07-27 15:45:00,0.75,8.2,8.4,15
2026-07-27 17:30:00,2026-07-27 20:00:00,2.75,6.6,7.372727272727272,17
2026-07-28 12:00:00,2026-07-28 12:45:00,1.0,8.3,8.525,12
2026-07-28 14:45:00,2026-07-28 15:45:00,1.25,7.2,7.5600000000000005,14
2026-07-28 17:15:00,2026-07-28 17:45:00,0.75,6.4,6.5,17
2026-07-28 21:00:00,2026-07-28 22:00:00,1.25,6.2,6.42,21
2026-07-29 12:15:00,2026-07-29 12:30:00,0.5,8.2,8.399999999999999,12
2026-07-29 14:15:00,2026-07-29 16:00:00,2.0,7.1,7.4125,14
2026-07-30 15:00:00,2026-07-30 17:30:00,2.75,6.3,6.890909090909091,15
2026-07-30 23:30:00,2026-07-30 23:45:00,0.5,4.8,5.05,23
2026-07-31 17:00:00,2026-07-31 17:15:00,0.5,6.5,6.6,17
2026-07-31 18:45:00,2026-07-31 19:45:00,1.25,5.8,6.0,18
2026-08-01 15:00:00,2026-08-01 15:30:00,0.75,7.5,7.633333333333333,15
2026-08-02 18:30:00,2026-08-02 20:00:00,1.75,7.1,7.542857142857143,18
2026-08-02 22:45:00,2026-08-02 23:15:00,0.75,6.2,6.366666666666667,22
2026-08-03 12:00:00,2026-08-03 12:15:00,0.5,8.5,8.6,12
2026-08-03 18:15:00,2026-08-03 20:00:00,2.0,7.7,7.975,18
2026-08-04 01:45:00,2026-08-04 03:15:00,1.75,6.6,6.771428571428571,1
2026-08-04 13:15:00,2026-08-04 13:45:00,0.75,9.0,9.133333333333333,13
2026-08-05 15:45:00,2026-08-05 16:15:00,0.75,8.1,8.299999999999999,15
2026-08-06 18:15:00,2026-08-06 18:45:00,0.75,8.6,8.766666666666667,18
2026-08-06 23:15:00,2026-08-06 23:30:00,0.5,6.6,6.75,23
2026-08-07 14:15:00,2026-08-07 14:30:00,0.5,8.2,8.3,14
2026-08-07 17:45:00,2026-08-07 18:30:00,1.0,7.7,7.95,17
2026-08-08 16:30:00,2026-08-08 19:00:00,2.75,7.4,7.9818181818181815,16
2026-08-09 13:15:00,2026-08-09 13:30:00,0.5,6.1,6.199999999999999,13
2026-08-09 18:15:00,2026-08-09 19:45:00,1.75,6.6,6.942857142857142,18
2026-08-10 12:15:00,2026-08-10 13:15:00,1.25,6.3,6.640000000000001,12
2026-08-10 18:45:00,2026-08-10 20:15:00,1.75,6.4,7.028571428571429,18
2026-08-10 21:45:00,2026-08-10 23:45:00,2.25,5.6,5.822222222222222,21
2026-08-11 04:15:00,2026-08-11 05:00:00,1.0,5.0,5.175,4
2026-08-11 12:30:00,2026-08-11 15:00:00,2.75,6.0,6.627272727272726,12
2026-08-11 19:00:00,2026-08-11 21:30:00,2.75,4.7,5.309090909090909,19
2026-08-12 11:30:00,2026-08-12 12:00:00,0.75,5.5,5.666666666666667,11
2026-08-12 13:45:00,2026-08-12 14:30:00,1.0,4.4,4.975,13
2026-08-12 17:15:00,2026-08-12 18:30:00,1.5,4.7,4.983333333333333,17
2026-08-13 19:00:00,2026-08-13 19:45:00,1.0,6.1,6.25,19
2026-08-14 02:00:00,2026-08-14 02:45:00,1.0,5.2,5.325,2
2026-08-14 15:45:00,2026-08-14 16:45:00,1.25,7.9,8.6,15
2026-08-14 19:00:00,2026-08-14 20:15:00,1.5,6.8,7.083333333333333,19
2026-08-14 22:15:00,2026-08-15 05:30:00,7.5,4.9,5.989999999999999,22
2026-08-15 11:00:00,2026-08-15 11:45:00,1.0,7.5,7.75,11
2026-08-15 15:45:00,2026-08-15 19:15:00,3.75,7.9,9.16,15
2026-08-15 23:00:00,2026-08-16 04:30:00,5.75,4.5,6.0260869565217385,23
2026-08-16 17:15:00,2026-08-17 04:30:00,11.5,3.1,3.9369565217391305,17
2026-08-17 15:30:00,2026-08-17 18:00:00,2.75,4.2,4.572727272727273,15
2026-08-17 19:45:00,2026-08-17 20:30:00,1.0,3.6,3.85,19
2026-08-17 22:15:00,2026-08-18 01:00:00,3.0,3.0,3.3333333333333335,22
